ISO-10303-21;
HEADER;
FILE_DESCRIPTION(('FreeCAD Model'),'2;1');
FILE_NAME('Open CASCADE Shape Model','2026-09-30T17:57:15',('FreeCAD'),(
    'FreeCAD'),'Open CASCADE STEP processor 7.8','FreeCAD','Unknown');
FILE_SCHEMA(('AUTOMOTIVE_DESIGN { 1 0 10303 214 1 1 1 1 }'));
ENDSEC;
DATA;
#1 = APPLICATION_PROTOCOL_DEFINITION('international standard',
  'automotive_design',2000,#2);
#2 = APPLICATION_CONTEXT(
  'core data for automotive mechanical design processes');
#3 = SHAPE_DEFINITION_REPRESENTATION(#4,#10);
#4 = PRODUCT_DEFINITION_SHAPE('','',#5);
#5 = PRODUCT_DEFINITION('design','',#6,#9);
#6 = PRODUCT_DEFINITION_FORMATION('','',#7);
#7 = PRODUCT('Open CASCADE STEP translator 7.8 2',
  'Open CASCADE STEP translator 7.8 2','',(#8));
#8 = PRODUCT_CONTEXT('',#2,'mechanical');
#9 = PRODUCT_DEFINITION_CONTEXT('part definition',#2,'design');
#10 = ADVANCED_BREP_SHAPE_REPRESENTATION('',(#11,#15),#15251);
#11 = AXIS2_PLACEMENT_3D('',#12,#13,#14);
#12 = CARTESIAN_POINT('',(0.,0.,0.));
#13 = DIRECTION('',(0.,0.,1.));
#14 = DIRECTION('',(1.,0.,-0.));
#15 = MANIFOLD_SOLID_BREP('',#16);
#16 = CLOSED_SHELL('',(#17,#4321,#4361,#8649,#8668,#8687,#8706,#8725,
    #8744,#8763,#8782,#8801,#8820,#8839,#8858,#8877,#8896,#8917,#8936,
    #8955,#8974,#8993,#9012,#9031,#9048,#9067,#9084,#9103,#9124,#9143,
    #9162,#9181,#9200,#9219,#9238,#9257,#9276,#9300,#9317,#9336,#9355,
    #9372,#9389,#9408,#9425,#9442,#9461,#9478,#9497,#9514,#9533,#9550,
    #9567,#9586,#9605,#9624,#9643,#9662,#9679,#9696,#9713,#9732,#9756,
    #9780,#9797,#9816,#9835,#9852,#9869,#9888,#9907,#9924,#9938,#9962,
    #9979,#9996,#10013,#10037,#10054,#10073,#10092,#10109,#10128,#10145,
    #10162,#10181,#10200,#10219,#10238,#10255,#10272,#10291,#10310,
    #10329,#10346,#10363,#10382,#10401,#10420,#10439,#10458,#10477,
    #10494,#10513,#10530,#10547,#10566,#10585,#10604,#10623,#10642,
    #10659,#10678,#10695,#10714,#10733,#10747,#10771,#10788,#10807,
    #10824,#10843,#10860,#10877,#10894,#10913,#10932,#10951,#10970,
    #10992,#11014,#11033,#11052,#11071,#11090,#11109,#11128,#11152,
    #11169,#11188,#11205,#11224,#11243,#11262,#11286,#11305,#11322,
    #11341,#11360,#11379,#11398,#11417,#11436,#11453,#11472,#11491,
    #11510,#11529,#11548,#11567,#11586,#11605,#11622,#11641,#11660,
    #11679,#11698,#11717,#11736,#11755,#11774,#11793,#11810,#11829,
    #11848,#11867,#11886,#11905,#11924,#11941,#11960,#11979,#11998,
    #12015,#12032,#12051,#12070,#12089,#12113,#12132,#12151,#12170,
    #12187,#12206,#12225,#12244,#12263,#12277,#12299,#12316,#12335,
    #12354,#12371,#12390,#12409,#12428,#12445,#12464,#12483,#12502,
    #12521,#12540,#12559,#12578,#12597,#12616,#12635,#12654,#12673,
    #12690,#12707,#12724,#12743,#12760,#12779,#12798,#12815,#12832,
    #12851,#12870,#12889,#12908,#12925,#12944,#12961,#12980,#12999,
    #13018,#13035,#13052,#13071,#13093,#13110,#13127,#13146,#13165,
    #13182,#13199,#13218,#13237,#13256,#13268,#13292,#13309,#13328,
    #13345,#13364,#13388,#13410,#13429,#13448,#13465,#13484,#13503,
    #13522,#13541,#13558,#13582,#13601,#13620,#13639,#13658,#13677,
    #13701,#13720,#13739,#13758,#13775,#13792,#13811,#13835,#13852,
    #13871,#13890,#13909,#13928,#13947,#13966,#13985,#14002,#14021,
    #14040,#14057,#14074,#14093,#14112,#14131,#14150,#14169,#14188,
    #14207,#14226,#14243,#14262,#14281,#14300,#14319,#14338,#14357,
    #14376,#14393,#14410,#14427,#14444,#14463,#14482,#14503,#14520,
    #14537,#14556,#14575,#14592,#14616,#14635,#14654,#14673,#14692,
    #14711,#14730,#14747,#14766,#14785,#14802,#14821,#14840,#14859,
    #14878,#14892,#14923,#14947,#14978,#15002,#15028,#15045,#15057,
    #15069,#15081,#15093,#15105,#15117,#15129,#15141,#15153,#15165,
    #15177,#15189,#15201,#15213,#15225,#15237));
#17 = ADVANCED_FACE('',(#18,#52,#1007,#1543,#2590,#3214),#4316,.F.);
#18 = FACE_BOUND('',#19,.F.);
#19 = EDGE_LOOP('',(#20,#30,#38,#46));
#20 = ORIENTED_EDGE('',*,*,#21,.F.);
#21 = EDGE_CURVE('',#22,#24,#26,.T.);
#22 = VERTEX_POINT('',#23);
#23 = CARTESIAN_POINT('',(0.,32.,1.2));
#24 = VERTEX_POINT('',#25);
#25 = CARTESIAN_POINT('',(0.,2.,1.2));
#26 = LINE('',#27,#28);
#27 = CARTESIAN_POINT('',(0.,32.,1.2));
#28 = VECTOR('',#29,1.);
#29 = DIRECTION('',(0.,-1.,0.));
#30 = ORIENTED_EDGE('',*,*,#31,.T.);
#31 = EDGE_CURVE('',#22,#32,#34,.T.);
#32 = VERTEX_POINT('',#33);
#33 = CARTESIAN_POINT('',(107.5,32.,1.2));
#34 = LINE('',#35,#36);
#35 = CARTESIAN_POINT('',(0.,32.,1.2));
#36 = VECTOR('',#37,1.);
#37 = DIRECTION('',(1.,0.,0.));
#38 = ORIENTED_EDGE('',*,*,#39,.T.);
#39 = EDGE_CURVE('',#32,#40,#42,.T.);
#40 = VERTEX_POINT('',#41);
#41 = CARTESIAN_POINT('',(107.5,2.,1.2));
#42 = LINE('',#43,#44);
#43 = CARTESIAN_POINT('',(107.5,32.,1.2));
#44 = VECTOR('',#45,1.);
#45 = DIRECTION('',(0.,-1.,0.));
#46 = ORIENTED_EDGE('',*,*,#47,.T.);
#47 = EDGE_CURVE('',#40,#24,#48,.T.);
#48 = LINE('',#49,#50);
#49 = CARTESIAN_POINT('',(0.,2.,1.2));
#50 = VECTOR('',#51,1.);
#51 = DIRECTION('',(-1.,0.,-0.));
#52 = FACE_BOUND('',#53,.F.);
#53 = EDGE_LOOP('',(#54,#71,#99,#107,#117,#139,#147,#155,#183,#196,#204,
    #216,#224,#245,#253,#265,#273,#281,#289,#304,#315,#336,#357,#374,
    #382,#390,#402,#410,#422,#430,#440,#448,#456,#467,#475,#483,#495,
    #505,#513,#525,#533,#544,#571,#584,#609,#634,#649,#660,#668,#683,
    #700,#708,#721,#729,#750,#762,#775,#786,#796,#804,#823,#838,#866,
    #876,#887,#899,#912,#923,#934,#955,#966,#979,#992));
#54 = ORIENTED_EDGE('',*,*,#55,.F.);
#55 = EDGE_CURVE('',#56,#58,#60,.T.);
#56 = VERTEX_POINT('',#57);
#57 = CARTESIAN_POINT('',(42.141088270859,23.014607013301,1.2));
#58 = VERTEX_POINT('',#59);
#59 = CARTESIAN_POINT('',(43.924111245466,25.083192261185,1.2));
#60 = B_SPLINE_CURVE_WITH_KNOTS('',5,(#61,#62,#63,#64,#65,#66,#67,#68,
    #69,#70),.UNSPECIFIED.,.F.,.F.,(6,4,6),(0.,0.487280093554,1.),
  .UNSPECIFIED.);
#61 = CARTESIAN_POINT('',(42.141088270859,23.014607013301,1.2));
#62 = CARTESIAN_POINT('',(42.29339043997,23.230674728556,1.2));
#63 = CARTESIAN_POINT('',(42.451798307135,23.443118372963,1.2));
#64 = CARTESIAN_POINT('',(42.615844120254,23.651953646518,1.2));
#65 = CARTESIAN_POINT('',(42.785094260569,23.857232885326,1.2));
#66 = CARTESIAN_POINT('',(43.1423252837,24.271371305387,1.2));
#67 = CARTESIAN_POINT('',(43.330820968337,24.479855849618,1.2));
#68 = CARTESIAN_POINT('',(43.524206470913,24.68457959523,1.2));
#69 = CARTESIAN_POINT('',(43.722084153765,24.885651337323,1.2));
#70 = CARTESIAN_POINT('',(43.924111245466,25.083192261185,1.2));
#71 = ORIENTED_EDGE('',*,*,#72,.F.);
#72 = EDGE_CURVE('',#73,#56,#75,.T.);
#73 = VERTEX_POINT('',#74);
#74 = CARTESIAN_POINT('',(40.524449818622,20.566045949214,1.2));
#75 = B_SPLINE_CURVE_WITH_KNOTS('',8,(#76,#77,#78,#79,#80,#81,#82,#83,
    #84,#85,#86,#87,#88,#89,#90,#91,#92,#93,#94,#95,#96,#97,#98),
  .UNSPECIFIED.,.F.,.F.,(9,7,7,9),(0.,0.656589146004,0.960229529158,1.),
  .UNSPECIFIED.);
#76 = CARTESIAN_POINT('',(40.524449818622,20.566045949214,1.2));
#77 = CARTESIAN_POINT('',(40.655516804291,20.776735665216,1.2));
#78 = CARTESIAN_POINT('',(40.786807048142,20.986552872151,1.2));
#79 = CARTESIAN_POINT('',(40.918384057124,21.195439989399,1.2));
#80 = CARTESIAN_POINT('',(41.050289890662,21.403252551213,1.2));
#81 = CARTESIAN_POINT('',(41.182544563934,21.609769995804,1.2));
#82 = CARTESIAN_POINT('',(41.315158535577,21.814620961977,1.2));
#83 = CARTESIAN_POINT('',(41.448126714352,22.017320528477,1.2));
#84 = CARTESIAN_POINT('',(41.643165720103,22.309276368503,1.2));
#85 = CARTESIAN_POINT('',(41.704894538464,22.400896717923,1.2));
#86 = CARTESIAN_POINT('',(41.766701352776,22.491754606962,1.2));
#87 = CARTESIAN_POINT('',(41.828590145358,22.581739864626,1.2));
#88 = CARTESIAN_POINT('',(41.89054464187,22.670670548865,1.2));
#89 = CARTESIAN_POINT('',(41.952528572042,22.75829477379,1.2));
#90 = CARTESIAN_POINT('',(42.014486502411,22.84426264146,1.2));
#91 = CARTESIAN_POINT('',(42.084447195075,22.938982965367,1.2));
#92 = CARTESIAN_POINT('',(42.092547297363,22.94991401772,1.2));
#93 = CARTESIAN_POINT('',(42.100645088521,22.960805176372,1.2));
#94 = CARTESIAN_POINT('',(42.108740283178,22.97165496332,1.2));
#95 = CARTESIAN_POINT('',(42.116832564008,22.982461791399,1.2));
#96 = CARTESIAN_POINT('',(42.124921581722,22.993223964279,1.2));
#97 = CARTESIAN_POINT('',(42.133006955074,23.003939676466,1.2));
#98 = CARTESIAN_POINT('',(42.141088270859,23.014607013301,1.2));
#99 = ORIENTED_EDGE('',*,*,#100,.F.);
#100 = EDGE_CURVE('',#101,#73,#103,.T.);
#101 = VERTEX_POINT('',#102);
#102 = CARTESIAN_POINT('',(40.120483675937,19.924498186215,1.2));
#103 = LINE('',#104,#105);
#104 = CARTESIAN_POINT('',(37.349395622707,15.523670607426,1.2));
#105 = VECTOR('',#106,1.);
#106 = DIRECTION('',(0.5328403428,0.84621579345,0.));
#107 = ORIENTED_EDGE('',*,*,#108,.F.);
#108 = EDGE_CURVE('',#109,#101,#111,.T.);
#109 = VERTEX_POINT('',#110);
#110 = CARTESIAN_POINT('',(40.084885126965,19.888899637243,1.2));
#111 = B_SPLINE_CURVE_WITH_KNOTS('',4,(#112,#113,#114,#115,#116),
  .UNSPECIFIED.,.F.,.F.,(5,5),(0.,1.),.PIECEWISE_BEZIER_KNOTS.);
#112 = CARTESIAN_POINT('',(40.084885126965,19.888899637243,1.2));
#113 = CARTESIAN_POINT('',(40.09069375424,19.894708264518,1.2));
#114 = CARTESIAN_POINT('',(40.098567055609,19.902581565887,1.2));
#115 = CARTESIAN_POINT('',(40.108500266708,19.912514776986,1.2));
#116 = CARTESIAN_POINT('',(40.120483675937,19.924498186215,1.2));
#117 = ORIENTED_EDGE('',*,*,#118,.T.);
#118 = EDGE_CURVE('',#109,#119,#121,.T.);
#119 = VERTEX_POINT('',#120);
#120 = CARTESIAN_POINT('',(40.073276904474,19.876517533253,1.2));
#121 = B_SPLINE_CURVE_WITH_KNOTS('',6,(#122,#123,#124,#125,#126,#127,
    #128,#129,#130,#131,#132,#133,#134,#135,#136,#137,#138),
  .UNSPECIFIED.,.F.,.F.,(7,5,5,7),(0.,0.928033973697,0.954571950193,1.),
  .UNSPECIFIED.);
#122 = CARTESIAN_POINT('',(40.084885126965,19.888899637243,1.2));
#123 = CARTESIAN_POINT('',(40.081233766541,19.885004852791,1.2));
#124 = CARTESIAN_POINT('',(40.078270732689,19.881844283348,1.2));
#125 = CARTESIAN_POINT('',(40.075996774186,19.879418727613,1.2));
#126 = CARTESIAN_POINT('',(40.074412404433,19.877728733209,1.2));
#127 = CARTESIAN_POINT('',(40.073517901445,19.876774596688,1.2));
#128 = CARTESIAN_POINT('',(40.07330745732,19.876550122955,1.2));
#129 = CARTESIAN_POINT('',(40.073302170937,19.876544484146,1.2));
#130 = CARTESIAN_POINT('',(40.073297448711,19.876539447106,1.2));
#131 = CARTESIAN_POINT('',(40.073293290645,19.876535011835,1.2));
#132 = CARTESIAN_POINT('',(40.073289696737,19.876531178333,1.2));
#133 = CARTESIAN_POINT('',(40.073281480628,19.876522414483,1.2));
#134 = CARTESIAN_POINT('',(40.073282645403,19.876523660433,1.2));
#135 = CARTESIAN_POINT('',(40.073279836245,19.876520650223,1.2));
#136 = CARTESIAN_POINT('',(40.073276156107,19.876516747836,1.2));
#137 = CARTESIAN_POINT('',(40.073277018525,19.876517647304,1.2));
#138 = CARTESIAN_POINT('',(40.073276904474,19.876517533253,1.2));
#139 = ORIENTED_EDGE('',*,*,#140,.F.);
#140 = EDGE_CURVE('',#141,#119,#143,.T.);
#141 = VERTEX_POINT('',#142);
#142 = CARTESIAN_POINT('',(39.954099153567,19.876517533253,1.2));
#143 = LINE('',#144,#145);
#144 = CARTESIAN_POINT('',(20.036638452237,19.876517533253,1.2));
#145 = VECTOR('',#146,1.);
#146 = DIRECTION('',(1.,0.,0.));
#147 = ORIENTED_EDGE('',*,*,#148,.F.);
#148 = EDGE_CURVE('',#149,#141,#151,.T.);
#149 = VERTEX_POINT('',#150);
#150 = CARTESIAN_POINT('',(39.858911729141,19.924498186215,1.2));
#151 = LINE('',#152,#153);
#152 = CARTESIAN_POINT('',(21.588019899213,29.134216019187,1.2));
#153 = VECTOR('',#154,1.);
#154 = DIRECTION('',(0.892970492237,-0.450115207469,0.));
#155 = ORIENTED_EDGE('',*,*,#156,.F.);
#156 = EDGE_CURVE('',#157,#149,#159,.T.);
#157 = VERTEX_POINT('',#158);
#158 = CARTESIAN_POINT('',(39.83569528416,21.588343409915,1.2));
#159 = B_SPLINE_CURVE_WITH_KNOTS('',8,(#160,#161,#162,#163,#164,#165,
    #166,#167,#168,#169,#170,#171,#172,#173,#174,#175,#176,#177,#178,
    #179,#180,#181,#182),.UNSPECIFIED.,.F.,.F.,(9,7,7,9),(0.,
    0.586284047907,0.898572006319,1.),.UNSPECIFIED.);
#160 = CARTESIAN_POINT('',(39.83569528416,21.588343409915,1.2));
#161 = CARTESIAN_POINT('',(39.83569528416,21.452849057864,1.2));
#162 = CARTESIAN_POINT('',(39.835827950298,21.318165932183,1.2));
#163 = CARTESIAN_POINT('',(39.83611079866,21.184318219622,1.2));
#164 = CARTESIAN_POINT('',(39.836567380806,21.051442701704,1.2));
#165 = CARTESIAN_POINT('',(39.837225985195,20.919776938923,1.2));
#166 = CARTESIAN_POINT('',(39.838129498639,20.789730435352,1.2));
#167 = CARTESIAN_POINT('',(39.839330270381,20.661846628819,1.2));
#168 = CARTESIAN_POINT('',(39.8417874622,20.470651240117,1.2));
#169 = CARTESIAN_POINT('',(39.842753937614,20.405220340752,1.2));
#170 = CARTESIAN_POINT('',(39.843849611149,20.340854653464,1.2));
#171 = CARTESIAN_POINT('',(39.845094011429,20.277729717373,1.2));
#172 = CARTESIAN_POINT('',(39.846512966271,20.216188932673,1.2));
#173 = CARTESIAN_POINT('',(39.848137744309,20.156733204674,1.2));
#174 = CARTESIAN_POINT('',(39.850008922861,20.100059038313,1.2));
#175 = CARTESIAN_POINT('',(39.852903727642,20.03009106878,1.2));
#176 = CARTESIAN_POINT('',(39.853646130514,20.013354972247,1.2));
#177 = CARTESIAN_POINT('',(39.854423372741,19.997075256021,1.2));
#178 = CARTESIAN_POINT('',(39.855237679047,19.981299898206,1.2));
#179 = CARTESIAN_POINT('',(39.856091337389,19.966085579315,1.2));
#180 = CARTESIAN_POINT('',(39.85698667403,19.951497300785,1.2));
#181 = CARTESIAN_POINT('',(39.857926028595,19.937608003481,1.2));
#182 = CARTESIAN_POINT('',(39.858911729141,19.924498186215,1.2));
#183 = ORIENTED_EDGE('',*,*,#184,.F.);
#184 = EDGE_CURVE('',#185,#157,#187,.T.);
#185 = VERTEX_POINT('',#186);
#186 = CARTESIAN_POINT('',(39.740507859734,23.656928657799,1.2));
#187 = B_SPLINE_CURVE_WITH_KNOTS('',7,(#188,#189,#190,#191,#192,#193,
    #194,#195),.UNSPECIFIED.,.F.,.F.,(8,8),(0.,1.),
  .PIECEWISE_BEZIER_KNOTS.);
#188 = CARTESIAN_POINT('',(39.740507859734,23.656928657799,1.2));
#189 = CARTESIAN_POINT('',(39.764712244123,23.354669028358,1.2));
#190 = CARTESIAN_POINT('',(39.786128811091,23.054036893664,1.2));
#191 = CARTESIAN_POINT('',(39.804424331434,22.755221050927,1.2));
#192 = CARTESIAN_POINT('',(39.819177504419,22.458575409719,1.2));
#193 = CARTESIAN_POINT('',(39.829834979728,22.164650528309,1.2));
#194 = CARTESIAN_POINT('',(39.83569528416,21.87420327052,1.2));
#195 = CARTESIAN_POINT('',(39.83569528416,21.588343409915,1.2));
#196 = ORIENTED_EDGE('',*,*,#197,.F.);
#197 = EDGE_CURVE('',#198,#185,#200,.T.);
#198 = VERTEX_POINT('',#199);
#199 = CARTESIAN_POINT('',(39.716517533253,24.369673518742,1.2));
#200 = LINE('',#201,#202);
#201 = CARTESIAN_POINT('',(39.577770573467,28.491800936882,1.2));
#202 = VECTOR('',#203,1.);
#203 = DIRECTION('',(3.364001568901E-02,-0.999434014502,0.));
#204 = ORIENTED_EDGE('',*,*,#205,.F.);
#205 = EDGE_CURVE('',#206,#198,#208,.T.);
#206 = VERTEX_POINT('',#207);
#207 = CARTESIAN_POINT('',(39.597339782346,24.631245465538,1.2));
#208 = B_SPLINE_CURVE_WITH_KNOTS('',6,(#209,#210,#211,#212,#213,#214,
    #215),.UNSPECIFIED.,.F.,.F.,(7,7),(0.,1.),.PIECEWISE_BEZIER_KNOTS.);
#209 = CARTESIAN_POINT('',(39.597339782346,24.631245465538,1.2));
#210 = CARTESIAN_POINT('',(39.605738339541,24.631245465538,1.2));
#211 = CARTESIAN_POINT('',(39.619362970033,24.612011136309,1.2));
#212 = CARTESIAN_POINT('',(39.638035807614,24.573621105142,1.2));
#213 = CARTESIAN_POINT('',(39.660992124914,24.518552747644,1.2));
#214 = CARTESIAN_POINT('',(39.687393671159,24.449704944657,1.2));
#215 = CARTESIAN_POINT('',(39.716517533253,24.369673518742,1.2));
#216 = ORIENTED_EDGE('',*,*,#217,.F.);
#217 = EDGE_CURVE('',#218,#206,#220,.T.);
#218 = VERTEX_POINT('',#219);
#219 = CARTESIAN_POINT('',(39.359758162031,24.631245465538,1.2));
#220 = LINE('',#221,#222);
#221 = CARTESIAN_POINT('',(19.715477629988,24.631245465538,1.2));
#222 = VECTOR('',#223,1.);
#223 = DIRECTION('',(1.,0.,0.));
#224 = ORIENTED_EDGE('',*,*,#225,.F.);
#225 = EDGE_CURVE('',#226,#218,#228,.T.);
#226 = VERTEX_POINT('',#227);
#227 = CARTESIAN_POINT('',(35.556130592503,24.821620314389,1.2));
#228 = B_SPLINE_CURVE_WITH_KNOTS('',8,(#229,#230,#231,#232,#233,#234,
    #235,#236,#237,#238,#239,#240,#241,#242,#243,#244),.UNSPECIFIED.,.F.
  ,.F.,(9,7,9),(0.,0.341350418195,1.),.UNSPECIFIED.);
#229 = CARTESIAN_POINT('',(35.556130592503,24.821620314389,1.2));
#230 = CARTESIAN_POINT('',(35.711250286516,24.821620314389,1.2));
#231 = CARTESIAN_POINT('',(35.868406281011,24.819767897775,1.2));
#232 = CARTESIAN_POINT('',(36.026953361105,24.816556753355,1.2));
#233 = CARTESIAN_POINT('',(36.186532607138,24.812230356472,1.2));
#234 = CARTESIAN_POINT('',(36.346876120095,24.806986358215,1.2));
#235 = CARTESIAN_POINT('',(36.507831551242,24.800952768664,1.2));
#236 = CARTESIAN_POINT('',(36.669314064993,24.79423494555,1.2));
#237 = CARTESIAN_POINT('',(37.143900147093,24.772774632081,1.2));
#238 = CARTESIAN_POINT('',(37.458120697188,24.756391212324,1.2));
#239 = CARTESIAN_POINT('',(37.773470673281,24.738340900711,1.2));
#240 = CARTESIAN_POINT('',(38.089662703196,24.718917876293,1.2));
#241 = CARTESIAN_POINT('',(38.406484055779,24.698356535106,1.2));
#242 = CARTESIAN_POINT('',(38.723810478117,24.676811833498,1.2));
#243 = CARTESIAN_POINT('',(39.041572242538,24.654410229135,1.2));
#244 = CARTESIAN_POINT('',(39.359758162031,24.631245465538,1.2));
#245 = ORIENTED_EDGE('',*,*,#246,.F.);
#246 = EDGE_CURVE('',#247,#226,#249,.T.);
#247 = VERTEX_POINT('',#248);
#248 = CARTESIAN_POINT('',(34.747424425635,24.821620314389,1.2));
#249 = LINE('',#250,#251);
#250 = CARTESIAN_POINT('',(17.599685610641,24.821620314389,1.2));
#251 = VECTOR('',#252,1.);
#252 = DIRECTION('',(1.,0.,0.));
#253 = ORIENTED_EDGE('',*,*,#254,.F.);
#254 = EDGE_CURVE('',#255,#247,#257,.T.);
#255 = VERTEX_POINT('',#256);
#256 = CARTESIAN_POINT('',(34.367448609432,24.797629987908,1.2));
#257 = B_SPLINE_CURVE_WITH_KNOTS('',6,(#258,#259,#260,#261,#262,#263,
    #264),.UNSPECIFIED.,.F.,.F.,(7,7),(0.,1.),.PIECEWISE_BEZIER_KNOTS.);
#258 = CARTESIAN_POINT('',(34.367448609432,24.797629987908,1.2));
#259 = CARTESIAN_POINT('',(34.408862788053,24.80596660828,1.2));
#260 = CARTESIAN_POINT('',(34.460005413822,24.812457852235,1.2));
#261 = CARTESIAN_POINT('',(34.520238750525,24.817158856646,1.2));
#262 = CARTESIAN_POINT('',(34.588753936939,24.820173236453,1.2));
#263 = CARTESIAN_POINT('',(34.664733463303,24.821620314389,1.2));
#264 = CARTESIAN_POINT('',(34.747424425635,24.821620314389,1.2));
#265 = ORIENTED_EDGE('',*,*,#266,.F.);
#266 = EDGE_CURVE('',#267,#255,#269,.T.);
#267 = VERTEX_POINT('',#268);
#268 = CARTESIAN_POINT('',(34.201064087062,24.797629987908,1.2));
#269 = LINE('',#270,#271);
#270 = CARTESIAN_POINT('',(17.183724304716,24.797629987908,1.2));
#271 = VECTOR('',#272,1.);
#272 = DIRECTION('',(1.,0.,0.));
#273 = ORIENTED_EDGE('',*,*,#274,.F.);
#274 = EDGE_CURVE('',#275,#267,#277,.T.);
#275 = VERTEX_POINT('',#276);
#276 = CARTESIAN_POINT('',(33.464328899637,24.560048367594,1.2));
#277 = LINE('',#278,#279);
#278 = CARTESIAN_POINT('',(19.763264331753,20.141742881942,1.2));
#279 = VECTOR('',#280,1.);
#280 = DIRECTION('',(0.951736881124,0.30691514969,0.));
#281 = ORIENTED_EDGE('',*,*,#282,.F.);
#282 = EDGE_CURVE('',#283,#275,#285,.T.);
#283 = VERTEX_POINT('',#284);
#284 = CARTESIAN_POINT('',(33.416348246675,24.393663845224,1.2));
#285 = LINE('',#286,#287);
#286 = CARTESIAN_POINT('',(33.170111669113,23.539778939163,1.2));
#287 = VECTOR('',#288,1.);
#288 = DIRECTION('',(0.27708130902,0.960846474829,0.));
#289 = ORIENTED_EDGE('',*,*,#290,.F.);
#290 = EDGE_CURVE('',#291,#283,#293,.T.);
#291 = VERTEX_POINT('',#292);
#292 = CARTESIAN_POINT('',(33.356759371221,24.298476420798,1.2));
#293 = B_SPLINE_CURVE_WITH_KNOTS('',5,(#294,#295,#296,#297,#298,#299,
    #300,#301,#302,#303),.UNSPECIFIED.,.F.,.F.,(6,4,6),(0.,
    0.841610970328,1.),.UNSPECIFIED.);
#294 = CARTESIAN_POINT('',(33.356759371221,24.298476420798,1.2));
#295 = CARTESIAN_POINT('',(33.360885607919,24.330196865414,1.2));
#296 = CARTESIAN_POINT('',(33.367457642141,24.355531724502,1.2));
#297 = CARTESIAN_POINT('',(33.376534104317,24.374229344303,1.2));
#298 = CARTESIAN_POINT('',(33.38813246575,24.386141817224,1.2));
#299 = CARTESIAN_POINT('',(33.404867549434,24.392220153775,1.2));
#300 = CARTESIAN_POINT('',(33.407606269927,24.392942166378,1.2));
#301 = CARTESIAN_POINT('',(33.410432828467,24.393423368775,1.2));
#302 = CARTESIAN_POINT('',(33.413346936697,24.393663845224,1.2));
#303 = CARTESIAN_POINT('',(33.416348246675,24.393663845224,1.2));
#304 = ORIENTED_EDGE('',*,*,#305,.F.);
#305 = EDGE_CURVE('',#306,#291,#308,.T.);
#306 = VERTEX_POINT('',#307);
#307 = CARTESIAN_POINT('',(33.34515114873,24.156082224909,1.2));
#308 = B_SPLINE_CURVE_WITH_KNOTS('',5,(#309,#310,#311,#312,#313,#314),
  .UNSPECIFIED.,.F.,.F.,(6,6),(0.,1.),.PIECEWISE_BEZIER_KNOTS.);
#309 = CARTESIAN_POINT('',(33.34515114873,24.156082224909,1.2));
#310 = CARTESIAN_POINT('',(33.34515114873,24.1750796137,1.2));
#311 = CARTESIAN_POINT('',(33.346326114018,24.19889067158,1.2));
#312 = CARTESIAN_POINT('',(33.348665441488,24.227456439483,1.2));
#313 = CARTESIAN_POINT('',(33.352151093232,24.260688541284,1.2));
#314 = CARTESIAN_POINT('',(33.356759371221,24.298476420798,1.2));
#315 = ORIENTED_EDGE('',*,*,#316,.F.);
#316 = EDGE_CURVE('',#317,#306,#319,.T.);
#317 = VERTEX_POINT('',#318);
#318 = CARTESIAN_POINT('',(33.225973397823,22.705828295042,1.2));
#319 = B_SPLINE_CURVE_WITH_KNOTS('',8,(#320,#321,#322,#323,#324,#325,
    #326,#327,#328,#329,#330,#331,#332,#333,#334,#335),.UNSPECIFIED.,.F.
  ,.F.,(9,7,9),(0.,0.653106537696,1.),.UNSPECIFIED.);
#320 = CARTESIAN_POINT('',(33.225973397823,22.705828295042,1.2));
#321 = CARTESIAN_POINT('',(33.236264901415,22.802767619191,1.2));
#322 = CARTESIAN_POINT('',(33.246464543445,22.907455844429,1.2));
#323 = CARTESIAN_POINT('',(33.256559854047,23.017721428407,1.2));
#324 = CARTESIAN_POINT('',(33.266536324046,23.132177539454,1.2));
#325 = CARTESIAN_POINT('',(33.276388847832,23.249780837596,1.2));
#326 = CARTESIAN_POINT('',(33.286121098591,23.369872400895,1.2));
#327 = CARTESIAN_POINT('',(33.295747634166,23.492074398124,1.2));
#328 = CARTESIAN_POINT('',(33.310364480056,23.68228598983,1.2));
#329 = CARTESIAN_POINT('',(33.315407580027,23.748778573738,1.2));
#330 = CARTESIAN_POINT('',(33.320424480778,23.815730868854,1.2));
#331 = CARTESIAN_POINT('',(33.32541624702,23.883099897278,1.2));
#332 = CARTESIAN_POINT('',(33.330383859103,23.950848751106,1.2));
#333 = CARTESIAN_POINT('',(33.335328253027,24.018945925236,1.2));
#334 = CARTESIAN_POINT('',(33.340250360456,24.087364650187,1.2));
#335 = CARTESIAN_POINT('',(33.34515114873,24.156082224909,1.2));
#336 = ORIENTED_EDGE('',*,*,#337,.F.);
#337 = EDGE_CURVE('',#338,#317,#340,.T.);
#338 = VERTEX_POINT('',#339);
#339 = CARTESIAN_POINT('',(33.107569528416,20.82761789601,1.2));
#340 = B_SPLINE_CURVE_WITH_KNOTS('',8,(#341,#342,#343,#344,#345,#346,
    #347,#348,#349,#350,#351,#352,#353,#354,#355,#356),.UNSPECIFIED.,.F.
  ,.F.,(9,7,9),(0.,0.531597687657,1.),.UNSPECIFIED.);
#341 = CARTESIAN_POINT('',(33.107569528416,20.82761789601,1.2));
#342 = CARTESIAN_POINT('',(33.111959305283,20.936371077757,1.2));
#343 = CARTESIAN_POINT('',(33.117378886212,21.050450286462,1.2));
#344 = CARTESIAN_POINT('',(33.123558648692,21.168275594256,1.2));
#345 = CARTESIAN_POINT('',(33.130346908516,21.288905162056,1.2));
#346 = CARTESIAN_POINT('',(33.137623948591,21.411631839295,1.2));
#347 = CARTESIAN_POINT('',(33.145311076185,21.536028427565,1.2));
#348 = CARTESIAN_POINT('',(33.153351013974,21.661851971349,1.2));
#349 = CARTESIAN_POINT('',(33.169075807993,21.901140717713,1.2));
#350 = CARTESIAN_POINT('',(33.176680741332,22.014167987249,1.2));
#351 = CARTESIAN_POINT('',(33.184493808004,22.127993100483,1.2));
#352 = CARTESIAN_POINT('',(33.192490642921,22.242501635378,1.2));
#353 = CARTESIAN_POINT('',(33.200651733828,22.357603129553,1.2));
#354 = CARTESIAN_POINT('',(33.208961022021,22.473225889643,1.2));
#355 = CARTESIAN_POINT('',(33.217405155963,22.589314252043,1.2));
#356 = CARTESIAN_POINT('',(33.225973397823,22.705828295042,1.2));
#357 = ORIENTED_EDGE('',*,*,#358,.F.);
#358 = EDGE_CURVE('',#359,#338,#361,.T.);
#359 = VERTEX_POINT('',#360);
#360 = CARTESIAN_POINT('',(33.059588875453,20.090882708585,1.2));
#361 = B_SPLINE_CURVE_WITH_KNOTS('',6,(#362,#363,#364,#365,#366,#367,
    #368,#369,#370,#371,#372,#373),.UNSPECIFIED.,.F.,.F.,(7,5,7),(0.,
    0.380705408546,1.),.UNSPECIFIED.);
#362 = CARTESIAN_POINT('',(33.059588875453,20.090882708585,1.2));
#363 = CARTESIAN_POINT('',(33.059588875453,20.11608148849,1.2));
#364 = CARTESIAN_POINT('',(33.060249203586,20.146280803361,1.2));
#365 = CARTESIAN_POINT('',(33.061514831208,20.180930788458,1.2));
#366 = CARTESIAN_POINT('',(33.063318081374,20.219427895171,1.2));
#367 = CARTESIAN_POINT('',(33.065596292381,20.261242901167,1.2));
#368 = CARTESIAN_POINT('',(33.0726881802,20.378681685023,1.2));
#369 = CARTESIAN_POINT('',(33.078192783343,20.459015994035,1.2));
#370 = CARTESIAN_POINT('',(33.084582468693,20.545186345934,1.2));
#371 = CARTESIAN_POINT('',(33.091684880305,20.635882859231,1.2));
#372 = CARTESIAN_POINT('',(33.099374026929,20.730197176726,1.2));
#373 = CARTESIAN_POINT('',(33.107569528416,20.82761789601,1.2));
#374 = ORIENTED_EDGE('',*,*,#375,.F.);
#375 = EDGE_CURVE('',#376,#359,#378,.T.);
#376 = VERTEX_POINT('',#377);
#377 = CARTESIAN_POINT('',(32.941185006046,18.783022974607,1.2));
#378 = LINE('',#379,#380);
#379 = CARTESIAN_POINT('',(33.459908607404,24.51271504189,1.2));
#380 = VECTOR('',#381,1.);
#381 = DIRECTION('',(9.016380076677E-02,0.995926949646,0.));
#382 = ORIENTED_EDGE('',*,*,#383,.F.);
#383 = EDGE_CURVE('',#384,#376,#386,.T.);
#384 = VERTEX_POINT('',#385);
#385 = CARTESIAN_POINT('',(32.917194679565,18.070278113664,1.2));
#386 = LINE('',#387,#388);
#387 = CARTESIAN_POINT('',(33.144729882448,24.830275592882,1.2));
#388 = VECTOR('',#389,1.);
#389 = DIRECTION('',(3.364001568901E-02,0.999434014502,0.));
#390 = ORIENTED_EDGE('',*,*,#391,.F.);
#391 = EDGE_CURVE('',#392,#384,#394,.T.);
#392 = VERTEX_POINT('',#393);
#393 = CARTESIAN_POINT('',(32.893204353083,17.475937122128,1.2));
#394 = B_SPLINE_CURVE_WITH_KNOTS('',6,(#395,#396,#397,#398,#399,#400,
    #401),.UNSPECIFIED.,.F.,.F.,(7,7),(0.,1.),.PIECEWISE_BEZIER_KNOTS.);
#395 = CARTESIAN_POINT('',(32.893204353083,17.475937122128,1.2));
#396 = CARTESIAN_POINT('',(32.893204353083,17.593576908686,1.2));
#397 = CARTESIAN_POINT('',(32.894584014656,17.705166394305,1.2));
#398 = CARTESIAN_POINT('',(32.897496363531,17.809838671724,1.2));
#399 = CARTESIAN_POINT('',(32.902115674397,17.906473091073,1.2));
#400 = CARTESIAN_POINT('',(32.908628693379,17.993736882261,1.2));
#401 = CARTESIAN_POINT('',(32.917194679565,18.070278113664,1.2));
#402 = ORIENTED_EDGE('',*,*,#403,.F.);
#403 = EDGE_CURVE('',#404,#392,#406,.T.);
#404 = VERTEX_POINT('',#405);
#405 = CARTESIAN_POINT('',(32.893204353083,17.261571946796,1.2));
#406 = LINE('',#407,#408);
#407 = CARTESIAN_POINT('',(32.893204353083,24.737968561064,1.2));
#408 = VECTOR('',#409,1.);
#409 = DIRECTION('',(0.,1.,0.));
#410 = ORIENTED_EDGE('',*,*,#411,.F.);
#411 = EDGE_CURVE('',#412,#404,#414,.T.);
#412 = VERTEX_POINT('',#413);
#413 = CARTESIAN_POINT('',(32.941185006046,16.881596130593,1.2));
#414 = B_SPLINE_CURVE_WITH_KNOTS('',6,(#415,#416,#417,#418,#419,#420,
    #421),.UNSPECIFIED.,.F.,.F.,(7,7),(0.,1.),.PIECEWISE_BEZIER_KNOTS.);
#415 = CARTESIAN_POINT('',(32.941185006046,16.881596130593,1.2));
#416 = CARTESIAN_POINT('',(32.941185006046,16.964370840494,1.2));
#417 = CARTESIAN_POINT('',(32.938284981435,17.040422769854,1.2));
#418 = CARTESIAN_POINT('',(32.932243478301,17.10897199395,1.2));
#419 = CARTESIAN_POINT('',(32.922826318988,17.169183177967,1.2));
#420 = CARTESIAN_POINT('',(32.909840424852,17.220250091111,1.2));
#421 = CARTESIAN_POINT('',(32.893204353083,17.261571946796,1.2));
#422 = ORIENTED_EDGE('',*,*,#423,.F.);
#423 = EDGE_CURVE('',#424,#412,#426,.T.);
#424 = VERTEX_POINT('',#425);
#425 = CARTESIAN_POINT('',(32.941185006046,16.476856106409,1.2));
#426 = LINE('',#427,#428);
#427 = CARTESIAN_POINT('',(32.941185006046,24.440798065296,1.2));
#428 = VECTOR('',#429,1.);
#429 = DIRECTION('',(0.,1.,0.));
#430 = ORIENTED_EDGE('',*,*,#431,.F.);
#431 = EDGE_CURVE('',#432,#424,#434,.T.);
#432 = VERTEX_POINT('',#433);
#433 = CARTESIAN_POINT('',(32.964401451028,16.263264812576,1.2));
#434 = B_SPLINE_CURVE_WITH_KNOTS('',4,(#435,#436,#437,#438,#439),
  .UNSPECIFIED.,.F.,.F.,(5,5),(0.,1.),.PIECEWISE_BEZIER_KNOTS.);
#435 = CARTESIAN_POINT('',(32.964401451028,16.263264812576,1.2));
#436 = CARTESIAN_POINT('',(32.964401451028,16.322198041564,1.2));
#437 = CARTESIAN_POINT('',(32.96056716923,16.377500641641,1.2));
#438 = CARTESIAN_POINT('',(32.952838496231,16.429076796651,1.2));
#439 = CARTESIAN_POINT('',(32.941185006046,16.476856106409,1.2));
#440 = ORIENTED_EDGE('',*,*,#441,.F.);
#441 = EDGE_CURVE('',#442,#432,#444,.T.);
#442 = VERTEX_POINT('',#443);
#443 = CARTESIAN_POINT('',(32.941185006046,16.072889963724,1.2));
#444 = LINE('',#445,#446);
#445 = CARTESIAN_POINT('',(33.668364134834,22.035758819785,1.2));
#446 = VECTOR('',#447,1.);
#447 = DIRECTION('',(0.121054375311,0.992645877551,0.));
#448 = ORIENTED_EDGE('',*,*,#449,.F.);
#449 = EDGE_CURVE('',#450,#442,#452,.T.);
#450 = VERTEX_POINT('',#451);
#451 = CARTESIAN_POINT('',(32.941185006046,15.83530834341,1.2));
#452 = LINE('',#453,#454);
#453 = CARTESIAN_POINT('',(32.941185006046,24.036444981862,1.2));
#454 = VECTOR('',#455,1.);
#455 = DIRECTION('',(0.,1.,0.));
#456 = ORIENTED_EDGE('',*,*,#457,.F.);
#457 = EDGE_CURVE('',#458,#450,#460,.T.);
#458 = VERTEX_POINT('',#459);
#459 = CARTESIAN_POINT('',(32.893204353083,15.573736396614,1.2));
#460 = B_SPLINE_CURVE_WITH_KNOTS('',5,(#461,#462,#463,#464,#465,#466),
  .UNSPECIFIED.,.F.,.F.,(6,6),(0.,1.),.PIECEWISE_BEZIER_KNOTS.);
#461 = CARTESIAN_POINT('',(32.893204353083,15.573736396614,1.2));
#462 = CARTESIAN_POINT('',(32.912648637746,15.612311348445,1.2));
#463 = CARTESIAN_POINT('',(32.927084037479,15.658027705264,1.2));
#464 = CARTESIAN_POINT('',(32.936549564643,15.710667349404,1.2));
#465 = CARTESIAN_POINT('',(32.941185006046,15.769892333684,1.2));
#466 = CARTESIAN_POINT('',(32.941185006046,15.83530834341,1.2));
#467 = ORIENTED_EDGE('',*,*,#468,.F.);
#468 = EDGE_CURVE('',#469,#458,#471,.T.);
#469 = VERTEX_POINT('',#470);
#470 = CARTESIAN_POINT('',(32.893204353083,15.431342200726,1.2));
#471 = LINE('',#472,#473);
#472 = CARTESIAN_POINT('',(32.893204353083,23.786868198307,1.2));
#473 = VECTOR('',#474,1.);
#474 = DIRECTION('',(0.,1.,0.));
#475 = ORIENTED_EDGE('',*,*,#476,.F.);
#476 = EDGE_CURVE('',#477,#469,#479,.T.);
#477 = VERTEX_POINT('',#478);
#478 = CARTESIAN_POINT('',(32.917194679565,14.83700120919,1.2));
#479 = LINE('',#480,#481);
#480 = CARTESIAN_POINT('',(32.532601956045,24.364975778963,1.2));
#481 = VECTOR('',#482,1.);
#482 = DIRECTION('',(-4.033174046156E-02,0.999186344338,-0.));
#483 = ORIENTED_EDGE('',*,*,#484,.F.);
#484 = EDGE_CURVE('',#485,#477,#487,.T.);
#485 = VERTEX_POINT('',#486);
#486 = CARTESIAN_POINT('',(32.941185006046,14.33707376058,1.2));
#487 = B_SPLINE_CURVE_WITH_KNOTS('',6,(#488,#489,#490,#491,#492,#493,
    #494),.UNSPECIFIED.,.F.,.F.,(7,7),(0.,1.),.PIECEWISE_BEZIER_KNOTS.);
#488 = CARTESIAN_POINT('',(32.941185006046,14.33707376058,1.2));
#489 = CARTESIAN_POINT('',(32.941185006046,14.440818476884,1.2));
#490 = CARTESIAN_POINT('',(32.939792476462,14.53784436771,1.2));
#491 = CARTESIAN_POINT('',(32.936856965221,14.627195909882,1.2));
#492 = CARTESIAN_POINT('',(32.932213629182,14.707698152481,1.2));
#493 = CARTESIAN_POINT('',(32.925697401547,14.778030718021,1.2));
#494 = CARTESIAN_POINT('',(32.917194679565,14.83700120919,1.2));
#495 = ORIENTED_EDGE('',*,*,#496,.F.);
#496 = EDGE_CURVE('',#497,#485,#499,.T.);
#497 = VERTEX_POINT('',#498);
#498 = CARTESIAN_POINT('',(32.988391777509,12.982007255139,1.2));
#499 = B_SPLINE_CURVE_WITH_KNOTS('',4,(#500,#501,#502,#503,#504),
  .UNSPECIFIED.,.F.,.F.,(5,5),(0.,1.),.PIECEWISE_BEZIER_KNOTS.);
#500 = CARTESIAN_POINT('',(32.988391777509,12.982007255139,1.2));
#501 = CARTESIAN_POINT('',(32.988391777509,13.314446219468,1.2));
#502 = CARTESIAN_POINT('',(32.97996210962,13.651627542922,1.2));
#503 = CARTESIAN_POINT('',(32.963994117146,13.992693574952,1.2));
#504 = CARTESIAN_POINT('',(32.941185006046,14.33707376058,1.2));
#505 = ORIENTED_EDGE('',*,*,#506,.F.);
#506 = EDGE_CURVE('',#507,#497,#509,.T.);
#507 = VERTEX_POINT('',#508);
#508 = CARTESIAN_POINT('',(32.988391777509,12.744425634825,1.2));
#509 = LINE('',#510,#511);
#510 = CARTESIAN_POINT('',(32.988391777509,22.49100362757,1.2));
#511 = VECTOR('',#512,1.);
#512 = DIRECTION('',(0.,1.,0.));
#513 = ORIENTED_EDGE('',*,*,#514,.F.);
#514 = EDGE_CURVE('',#515,#507,#517,.T.);
#515 = VERTEX_POINT('',#516);
#516 = CARTESIAN_POINT('',(32.964401451028,12.435646916566,1.2));
#517 = B_SPLINE_CURVE_WITH_KNOTS('',6,(#518,#519,#520,#521,#522,#523,
    #524),.UNSPECIFIED.,.F.,.F.,(7,7),(0.,1.),.PIECEWISE_BEZIER_KNOTS.);
#518 = CARTESIAN_POINT('',(32.964401451028,12.435646916566,1.2));
#519 = CARTESIAN_POINT('',(32.964401451028,12.510816809736,1.2));
#520 = CARTESIAN_POINT('',(32.965842395669,12.577848139379,1.2));
#521 = CARTESIAN_POINT('',(32.968857691642,12.635712101323,1.2));
#522 = CARTESIAN_POINT('',(32.973572738051,12.683337655988,1.2));
#523 = CARTESIAN_POINT('',(32.980080561927,12.719760091806,1.2));
#524 = CARTESIAN_POINT('',(32.988391777509,12.744425634825,1.2));
#525 = ORIENTED_EDGE('',*,*,#526,.F.);
#526 = EDGE_CURVE('',#527,#515,#529,.T.);
#527 = VERTEX_POINT('',#528);
#528 = CARTESIAN_POINT('',(32.964401451028,11.865296251511,1.2));
#529 = LINE('',#530,#531);
#530 = CARTESIAN_POINT('',(32.964401451028,22.051438935913,1.2));
#531 = VECTOR('',#532,1.);
#532 = DIRECTION('',(0.,1.,0.));
#533 = ORIENTED_EDGE('',*,*,#534,.F.);
#534 = EDGE_CURVE('',#535,#527,#537,.T.);
#535 = VERTEX_POINT('',#536);
#536 = CARTESIAN_POINT('',(32.893204353083,11.722128174123,1.2));
#537 = B_SPLINE_CURVE_WITH_KNOTS('',5,(#538,#539,#540,#541,#542,#543),
  .UNSPECIFIED.,.F.,.F.,(6,6),(0.,1.),.PIECEWISE_BEZIER_KNOTS.);
#538 = CARTESIAN_POINT('',(32.893204353083,11.722128174123,1.2));
#539 = CARTESIAN_POINT('',(32.893204353083,11.750704044537,1.2));
#540 = CARTESIAN_POINT('',(32.900372649773,11.779356700472,1.2));
#541 = CARTESIAN_POINT('',(32.91470818268,11.808037222058,1.2));
#542 = CARTESIAN_POINT('',(32.936111402438,11.836698702394,1.2));
#543 = CARTESIAN_POINT('',(32.964401451028,11.865296251511,1.2));
#544 = ORIENTED_EDGE('',*,*,#545,.F.);
#545 = EDGE_CURVE('',#546,#535,#548,.T.);
#546 = VERTEX_POINT('',#547);
#547 = CARTESIAN_POINT('',(33.487545344619,11.246964933495,1.2));
#548 = B_SPLINE_CURVE_WITH_KNOTS('',6,(#549,#550,#551,#552,#553,#554,
    #555,#556,#557,#558,#559,#560,#561,#562,#563,#564,#565,#566,#567,
    #568,#569,#570),.UNSPECIFIED.,.F.,.F.,(7,5,5,5,7),(0.,0.397481762694
    ,0.560312661933,0.851031498577,1.),.UNSPECIFIED.);
#549 = CARTESIAN_POINT('',(33.487545344619,11.246964933495,1.2));
#550 = CARTESIAN_POINT('',(33.422643038498,11.262514444336,1.2));
#551 = CARTESIAN_POINT('',(33.359784770189,11.279955064083,1.2));
#552 = CARTESIAN_POINT('',(33.299316217337,11.299508323849,1.2));
#553 = CARTESIAN_POINT('',(33.241753637607,11.321417999978,1.2));
#554 = CARTESIAN_POINT('',(33.187777896761,11.34594494571,1.2));
#555 = CARTESIAN_POINT('',(33.117848255637,11.38453207902,1.2));
#556 = CARTESIAN_POINT('',(33.098262149746,11.396221877144,1.2));
#557 = CARTESIAN_POINT('',(33.07946750993,11.408401889619,1.2));
#558 = CARTESIAN_POINT('',(33.061524044264,11.421084054685,1.2));
#559 = CARTESIAN_POINT('',(33.044492942633,11.434276565872,1.2));
#560 = CARTESIAN_POINT('',(32.999762767994,11.472452576262,1.2));
#561 = CARTESIAN_POINT('',(32.97418171513,11.498566770608,1.2));
#562 = CARTESIAN_POINT('',(32.952051608531,11.526327875278,1.2));
#563 = CARTESIAN_POINT('',(32.933690631221,11.555693765901,1.2));
#564 = CARTESIAN_POINT('',(32.919317663349,11.586553487303,1.2));
#565 = CARTESIAN_POINT('',(32.903706122534,11.635177680384,1.2));
#566 = CARTESIAN_POINT('',(32.899479644471,11.651992932985,1.2));
#567 = CARTESIAN_POINT('',(32.896324314986,11.669123846559,1.2));
#568 = CARTESIAN_POINT('',(32.894236982292,11.686542967654,1.2));
#569 = CARTESIAN_POINT('',(32.893204353083,11.704221200851,1.2));
#570 = CARTESIAN_POINT('',(32.893204353083,11.722128174123,1.2));
#571 = ORIENTED_EDGE('',*,*,#572,.F.);
#572 = EDGE_CURVE('',#573,#546,#575,.T.);
#573 = VERTEX_POINT('',#574);
#574 = CARTESIAN_POINT('',(34.367448609432,11.151777509069,1.2));
#575 = B_SPLINE_CURVE_WITH_KNOTS('',7,(#576,#577,#578,#579,#580,#581,
    #582,#583),.UNSPECIFIED.,.F.,.F.,(8,8),(0.,1.),
  .PIECEWISE_BEZIER_KNOTS.);
#576 = CARTESIAN_POINT('',(34.367448609432,11.151777509069,1.2));
#577 = CARTESIAN_POINT('',(34.223292461968,11.151777509069,1.2));
#578 = CARTESIAN_POINT('',(34.083461622542,11.155324713271,1.2));
#579 = CARTESIAN_POINT('',(33.948599162505,11.162896449375,1.2));
#580 = CARTESIAN_POINT('',(33.819820540226,11.175097000072,1.2));
#581 = CARTESIAN_POINT('',(33.698683147917,11.192637803967,1.2));
#582 = CARTESIAN_POINT('',(33.587174645124,11.216328923589,1.2));
#583 = CARTESIAN_POINT('',(33.487545344619,11.246964933495,1.2));
#584 = ORIENTED_EDGE('',*,*,#585,.F.);
#585 = EDGE_CURVE('',#586,#573,#588,.T.);
#586 = VERTEX_POINT('',#587);
#587 = CARTESIAN_POINT('',(42.688222490931,11.532527206771,1.2));
#588 = B_SPLINE_CURVE_WITH_KNOTS('',7,(#589,#590,#591,#592,#593,#594,
    #595,#596,#597,#598,#599,#600,#601,#602,#603,#604,#605,#606,#607,
    #608),.UNSPECIFIED.,.F.,.F.,(8,6,6,8),(0.,0.17280971285,
    0.378378381588,1.),.UNSPECIFIED.);
#589 = CARTESIAN_POINT('',(42.688222490931,11.532527206771,1.2));
#590 = CARTESIAN_POINT('',(42.486101822241,11.504625026919,1.2));
#591 = CARTESIAN_POINT('',(42.283395903967,11.479047427951,1.2));
#592 = CARTESIAN_POINT('',(42.080224845346,11.455460972851,1.2));
#593 = CARTESIAN_POINT('',(41.876676301988,11.433627254316,1.2));
#594 = CARTESIAN_POINT('',(41.672814835478,11.413360743629,1.2));
#595 = CARTESIAN_POINT('',(41.468686773368,11.394506541528,1.2));
#596 = CARTESIAN_POINT('',(41.021213352072,11.35603911715,1.2));
#597 = CARTESIAN_POINT('',(40.777779143602,11.336960069381,1.2));
#598 = CARTESIAN_POINT('',(40.534075765923,11.319487158679,1.2));
#599 = CARTESIAN_POINT('',(40.290147730857,11.303457171331,1.2));
#600 = CARTESIAN_POINT('',(40.046029288299,11.288738174002,1.2));
#601 = CARTESIAN_POINT('',(39.801746147186,11.275218523447,1.2));
#602 = CARTESIAN_POINT('',(38.818180154838,11.225264056869,1.2));
#603 = CARTESIAN_POINT('',(38.077760315534,11.197831403769,1.2));
#604 = CARTESIAN_POINT('',(37.336525220315,11.177903900047,1.2));
#605 = CARTESIAN_POINT('',(36.594744435178,11.164215229079,1.2));
#606 = CARTESIAN_POINT('',(35.852598861065,11.155735739123,1.2));
#607 = CARTESIAN_POINT('',(35.110166737004,11.151777509069,1.2));
#608 = CARTESIAN_POINT('',(34.367448609432,11.151777509069,1.2));
#609 = ORIENTED_EDGE('',*,*,#610,.F.);
#610 = EDGE_CURVE('',#611,#586,#613,.T.);
#611 = VERTEX_POINT('',#612);
#612 = CARTESIAN_POINT('',(46.491850060459,12.83961305925,1.2));
#613 = B_SPLINE_CURVE_WITH_KNOTS('',7,(#614,#615,#616,#617,#618,#619,
    #620,#621,#622,#623,#624,#625,#626,#627,#628,#629,#630,#631,#632,
    #633),.UNSPECIFIED.,.F.,.F.,(8,6,6,8),(0.,0.233422367638,
    0.513697317584,1.),.UNSPECIFIED.);
#614 = CARTESIAN_POINT('',(46.491850060459,12.83961305925,1.2));
#615 = CARTESIAN_POINT('',(46.391100283865,12.754193220355,1.2));
#616 = CARTESIAN_POINT('',(46.285335107563,12.674017974467,1.2));
#617 = CARTESIAN_POINT('',(46.175380425406,12.598771924903,1.2));
#618 = CARTESIAN_POINT('',(46.06195215639,12.528111974723,1.2));
#619 = CARTESIAN_POINT('',(45.945637311987,12.461691546145,1.2));
#620 = CARTESIAN_POINT('',(45.826883992087,12.399173605447,1.2));
#621 = CARTESIAN_POINT('',(45.560852831124,12.269460709951,1.2));
#622 = CARTESIAN_POINT('',(45.412695651525,12.203875814011,1.2));
#623 = CARTESIAN_POINT('',(45.262100003451,12.142924538039,1.2));
#624 = CARTESIAN_POINT('',(45.109517114861,12.086154655653,1.2));
#625 = CARTESIAN_POINT('',(44.95529562434,12.033179382387,1.2));
#626 = CARTESIAN_POINT('',(44.799691097135,11.983657583284,1.2));
#627 = CARTESIAN_POINT('',(44.370764598186,11.856837418706,1.2));
#628 = CARTESIAN_POINT('',(44.095125485909,11.785919111718,1.2));
#629 = CARTESIAN_POINT('',(43.816880921916,11.722971574912,1.2));
#630 = CARTESIAN_POINT('',(43.536686795633,11.666933461378,1.2));
#631 = CARTESIAN_POINT('',(43.25501235475,11.616948281261,1.2));
#632 = CARTESIAN_POINT('',(42.972147564947,11.572335091221,1.2));
#633 = CARTESIAN_POINT('',(42.688222490931,11.532527206771,1.2));
#634 = ORIENTED_EDGE('',*,*,#635,.F.);
#635 = EDGE_CURVE('',#636,#611,#638,.T.);
#636 = VERTEX_POINT('',#637);
#637 = CARTESIAN_POINT('',(47.16977025393,13.898282950423,1.2));
#638 = B_SPLINE_CURVE_WITH_KNOTS('',5,(#639,#640,#641,#642,#643,#644,
    #645,#646,#647,#648),.UNSPECIFIED.,.F.,.F.,(6,4,6),(0.,
    0.388680471704,1.),.UNSPECIFIED.);
#639 = CARTESIAN_POINT('',(47.16977025393,13.898282950423,1.2));
#640 = CARTESIAN_POINT('',(47.138501822112,13.804357852548,1.2));
#641 = CARTESIAN_POINT('',(47.102952256774,13.712217020443,1.2));
#642 = CARTESIAN_POINT('',(47.063083325097,13.622078821563,1.2));
#643 = CARTESIAN_POINT('',(47.018918119749,13.534142304696,1.2));
#644 = CARTESIAN_POINT('',(46.894489247935,13.3140080304,1.2));
#645 = CARTESIAN_POINT('',(46.808028962154,13.185291899054,1.2));
#646 = CARTESIAN_POINT('',(46.711564891474,13.063132556296,1.2));
#647 = CARTESIAN_POINT('',(46.605855089983,12.94787149379,1.2));
#648 = CARTESIAN_POINT('',(46.491850060459,12.83961305925,1.2));
#649 = ORIENTED_EDGE('',*,*,#650,.F.);
#650 = EDGE_CURVE('',#651,#636,#653,.T.);
#651 = VERTEX_POINT('',#652);
#652 = CARTESIAN_POINT('',(47.320171630318,14.553042627218,1.2));
#653 = B_SPLINE_CURVE_WITH_KNOTS('',5,(#654,#655,#656,#657,#658,#659),
  .UNSPECIFIED.,.F.,.F.,(6,6),(0.,1.),.PIECEWISE_BEZIER_KNOTS.);
#654 = CARTESIAN_POINT('',(47.320171752804,14.553043488491,1.2));
#655 = CARTESIAN_POINT('',(47.300812552366,14.41691710979,1.2));
#656 = CARTESIAN_POINT('',(47.276493439294,14.282927901343,1.2));
#657 = CARTESIAN_POINT('',(47.246816614744,14.151469183568,1.2));
#658 = CARTESIAN_POINT('',(47.211361441754,14.023056513896,1.2));
#659 = CARTESIAN_POINT('',(47.16977025393,13.898282950423,1.2));
#660 = ORIENTED_EDGE('',*,*,#661,.T.);
#661 = EDGE_CURVE('',#651,#662,#664,.T.);
#662 = VERTEX_POINT('',#663);
#663 = CARTESIAN_POINT('',(41.933125155575,14.553042627218,1.2));
#664 = LINE('',#665,#666);
#665 = CARTESIAN_POINT('',(20.345552805662,14.553042627218,1.2));
#666 = VECTOR('',#667,1.);
#667 = DIRECTION('',(-1.,0.,-0.));
#668 = ORIENTED_EDGE('',*,*,#669,.F.);
#669 = EDGE_CURVE('',#670,#662,#672,.T.);
#670 = VERTEX_POINT('',#671);
#671 = CARTESIAN_POINT('',(41.618718258767,14.052285368803,1.2));
#672 = B_SPLINE_CURVE_WITH_KNOTS('',5,(#673,#674,#675,#676,#677,#678,
    #679,#680,#681,#682),.UNSPECIFIED.,.F.,.F.,(6,4,6),(0.,
    0.467717650003,1.),.UNSPECIFIED.);
#673 = CARTESIAN_POINT('',(41.618718258767,14.052285368803,1.2));
#674 = CARTESIAN_POINT('',(41.658401896137,14.091969006173,1.2));
#675 = CARTESIAN_POINT('',(41.695893239838,14.133474420866,1.2));
#676 = CARTESIAN_POINT('',(41.731057390599,14.176765551736,1.2));
#677 = CARTESIAN_POINT('',(41.763789263123,14.221776533746,1.2));
#678 = CARTESIAN_POINT('',(41.828429442926,14.321470198432,1.2));
#679 = CARTESIAN_POINT('',(41.859602529391,14.376633645133,1.2));
#680 = CARTESIAN_POINT('',(41.887442464946,14.433743836187,1.2));
#681 = CARTESIAN_POINT('',(41.911934002529,14.492615945034,1.2));
#682 = CARTESIAN_POINT('',(41.933125383824,14.55304327807,1.2));
#683 = ORIENTED_EDGE('',*,*,#684,.F.);
#684 = EDGE_CURVE('',#685,#670,#687,.T.);
#685 = VERTEX_POINT('',#686);
#686 = CARTESIAN_POINT('',(40.738814993954,13.766723095526,1.2));
#687 = B_SPLINE_CURVE_WITH_KNOTS('',6,(#688,#689,#690,#691,#692,#693,
    #694,#695,#696,#697,#698,#699),.UNSPECIFIED.,.F.,.F.,(7,5,7),(0.,
    0.799697227374,1.),.UNSPECIFIED.);
#688 = CARTESIAN_POINT('',(40.738814993954,13.766723095526,1.2));
#689 = CARTESIAN_POINT('',(40.871297036097,13.766723095526,1.2));
#690 = CARTESIAN_POINT('',(41.000802031839,13.77771133423,1.2));
#691 = CARTESIAN_POINT('',(41.126213691821,13.800752467351,1.2));
#692 = CARTESIAN_POINT('',(41.246331882325,13.836685755021,1.2));
#693 = CARTESIAN_POINT('',(41.359991832914,13.885847708119,1.2));
#694 = CARTESIAN_POINT('',(41.492847544394,13.963142227389,1.2));
#695 = CARTESIAN_POINT('',(41.518996072455,13.979419606482,1.2));
#696 = CARTESIAN_POINT('',(41.544668247883,13.996484149551,1.2));
#697 = CARTESIAN_POINT('',(41.569852339596,14.014325527477,1.2));
#698 = CARTESIAN_POINT('',(41.594538398756,14.032930990616,1.2));
#699 = CARTESIAN_POINT('',(41.618718258767,14.052285368803,1.2));
#700 = ORIENTED_EDGE('',*,*,#701,.F.);
#701 = EDGE_CURVE('',#702,#685,#704,.T.);
#702 = VERTEX_POINT('',#703);
#703 = CARTESIAN_POINT('',(39.716517533253,13.766723095526,1.2));
#704 = LINE('',#705,#706);
#705 = CARTESIAN_POINT('',(20.369407496977,13.766723095526,1.2));
#706 = VECTOR('',#707,1.);
#707 = DIRECTION('',(1.,0.,0.));
#708 = ORIENTED_EDGE('',*,*,#709,.F.);
#709 = EDGE_CURVE('',#710,#702,#712,.T.);
#710 = VERTEX_POINT('',#711);
#711 = CARTESIAN_POINT('',(39.66931076179,14.741813784764,1.2));
#712 = B_SPLINE_CURVE_WITH_KNOTS('',7,(#713,#714,#715,#716,#717,#718,
    #719,#720),.UNSPECIFIED.,.F.,.F.,(8,8),(0.,1.),
  .PIECEWISE_BEZIER_KNOTS.);
#713 = CARTESIAN_POINT('',(39.66931076179,14.741813784764,1.2));
#714 = CARTESIAN_POINT('',(39.68069033655,14.581380435683,1.2));
#715 = CARTESIAN_POINT('',(39.690991971389,14.425652432206,1.2));
#716 = CARTESIAN_POINT('',(39.700064721422,14.275017513806,1.2));
#717 = CARTESIAN_POINT('',(39.707638055092,14.130829633611,1.2));
#718 = CARTESIAN_POINT('',(39.713302342083,13.995509924084,1.2));
#719 = CARTESIAN_POINT('',(39.716517533253,13.872498986055,1.2));
#720 = CARTESIAN_POINT('',(39.716517533253,13.766723095526,1.2));
#721 = ORIENTED_EDGE('',*,*,#722,.F.);
#722 = EDGE_CURVE('',#723,#710,#725,.T.);
#723 = VERTEX_POINT('',#724);
#724 = CARTESIAN_POINT('',(39.645320435308,15.240967351874,1.2));
#725 = LINE('',#726,#727);
#726 = CARTESIAN_POINT('',(39.209823343728,24.302116515402,1.2));
#727 = VECTOR('',#728,1.);
#728 = DIRECTION('',(4.800660088686E-02,-0.998847018452,0.));
#729 = ORIENTED_EDGE('',*,*,#730,.F.);
#730 = EDGE_CURVE('',#731,#723,#733,.T.);
#731 = VERTEX_POINT('',#732);
#732 = CARTESIAN_POINT('',(39.597339782346,16.714437726723,1.2));
#733 = B_SPLINE_CURVE_WITH_KNOTS('',8,(#734,#735,#736,#737,#738,#739,
    #740,#741,#742,#743,#744,#745,#746,#747,#748,#749),.UNSPECIFIED.,.F.
  ,.F.,(9,7,9),(0.,0.82696634829,1.),.UNSPECIFIED.);
#734 = CARTESIAN_POINT('',(39.597339782346,16.714437726723,1.2));
#735 = CARTESIAN_POINT('',(39.597339782346,16.548889997803,1.2));
#736 = CARTESIAN_POINT('',(39.598093837412,16.385203598385,1.2));
#737 = CARTESIAN_POINT('',(39.599702579934,16.223442065813,1.2));
#738 = CARTESIAN_POINT('',(39.602302001491,16.063936281884,1.2));
#739 = CARTESIAN_POINT('',(39.606059274055,15.90726808095,1.2));
#740 = CARTESIAN_POINT('',(39.611213954096,15.754392088395,1.2));
#741 = CARTESIAN_POINT('',(39.618060472075,15.606582352988,1.2));
#742 = CARTESIAN_POINT('',(39.629031424959,15.436522702768,1.2));
#743 = CARTESIAN_POINT('',(39.631026753937,15.407418263262,1.2));
#744 = CARTESIAN_POINT('',(39.633123740588,15.37865693176,1.2));
#745 = CARTESIAN_POINT('',(39.635327357853,15.35026320381,1.2));
#746 = CARTESIAN_POINT('',(39.637642920602,15.322264716211,1.2));
#747 = CARTESIAN_POINT('',(39.64007612734,15.294692397949,1.2));
#748 = CARTESIAN_POINT('',(39.642633101931,15.267580621123,1.2));
#749 = CARTESIAN_POINT('',(39.645320435308,15.240967351874,1.2));
#750 = ORIENTED_EDGE('',*,*,#751,.F.);
#751 = EDGE_CURVE('',#752,#731,#754,.T.);
#752 = VERTEX_POINT('',#753);
#753 = CARTESIAN_POINT('',(40.430036275695,16.596033857316,1.2));
#754 = B_SPLINE_CURVE_WITH_KNOTS('',6,(#755,#756,#757,#758,#759,#760,
    #761),.UNSPECIFIED.,.F.,.F.,(7,7),(0.,1.),.PIECEWISE_BEZIER_KNOTS.);
#755 = CARTESIAN_POINT('',(40.430036275695,16.596033857316,1.2));
#756 = CARTESIAN_POINT('',(40.274059688935,16.631336250473,1.2));
#757 = CARTESIAN_POINT('',(40.123044549983,16.661779137679,1.2));
#758 = CARTESIAN_POINT('',(39.977894637167,16.686578376893,1.2));
#759 = CARTESIAN_POINT('',(39.840236361915,16.704616988243,1.2));
#760 = CARTESIAN_POINT('',(39.712430001053,16.714437726723,1.2));
#761 = CARTESIAN_POINT('',(39.597339782346,16.714437726723,1.2));
#762 = ORIENTED_EDGE('',*,*,#763,.F.);
#763 = EDGE_CURVE('',#764,#752,#766,.T.);
#764 = VERTEX_POINT('',#765);
#765 = CARTESIAN_POINT('',(41.142781136638,16.310471584039,1.2));
#766 = B_SPLINE_CURVE_WITH_KNOTS('',7,(#767,#768,#769,#770,#771,#772,
    #773,#774),.UNSPECIFIED.,.F.,.F.,(8,8),(0.,1.),
  .PIECEWISE_BEZIER_KNOTS.);
#767 = CARTESIAN_POINT('',(41.142781136638,16.310471584039,1.2));
#768 = CARTESIAN_POINT('',(41.073924651364,16.356625387574,1.2));
#769 = CARTESIAN_POINT('',(40.990342073875,16.400998954814,1.2));
#770 = CARTESIAN_POINT('',(40.894538633155,16.443489758897,1.2));
#771 = CARTESIAN_POINT('',(40.788929313036,16.484124615692,1.2));
#772 = CARTESIAN_POINT('',(40.675451799331,16.522991238343,1.2));
#773 = CARTESIAN_POINT('',(40.555536541719,16.560232231039,1.2));
#774 = CARTESIAN_POINT('',(40.430036275695,16.596033857316,1.2));
#775 = ORIENTED_EDGE('',*,*,#776,.F.);
#776 = EDGE_CURVE('',#777,#764,#779,.T.);
#777 = VERTEX_POINT('',#778);
#778 = CARTESIAN_POINT('',(41.761112454655,15.83530834341,1.2));
#779 = B_SPLINE_CURVE_WITH_KNOTS('',5,(#780,#781,#782,#783,#784,#785),
  .UNSPECIFIED.,.F.,.F.,(6,6),(0.,1.),.PIECEWISE_BEZIER_KNOTS.);
#780 = CARTESIAN_POINT('',(41.761112454655,15.83530834341,1.2));
#781 = CARTESIAN_POINT('',(41.654332931859,15.942087866206,1.2));
#782 = CARTESIAN_POINT('',(41.538507762023,16.04300136356,1.2));
#783 = CARTESIAN_POINT('',(41.414199188492,16.137973207751,1.2));
#784 = CARTESIAN_POINT('',(41.282070532984,16.227079233949,1.2));
#785 = CARTESIAN_POINT('',(41.142781136638,16.310471584039,1.2));
#786 = ORIENTED_EDGE('',*,*,#787,.F.);
#787 = EDGE_CURVE('',#788,#777,#790,.T.);
#788 = VERTEX_POINT('',#789);
#789 = CARTESIAN_POINT('',(41.824832409561,15.753042627218,1.2));
#790 = B_SPLINE_CURVE_WITH_KNOTS('',4,(#791,#792,#793,#794,#795),
  .UNSPECIFIED.,.F.,.F.,(5,5),(0.,1.),.PIECEWISE_BEZIER_KNOTS.);
#791 = CARTESIAN_POINT('',(41.824832682551,15.753042240993,1.2));
#792 = CARTESIAN_POINT('',(41.809935629178,15.774118497318,1.2));
#793 = CARTESIAN_POINT('',(41.794337502666,15.794858751182,1.2));
#794 = CARTESIAN_POINT('',(41.77805620577,15.815256566942,1.2));
#795 = CARTESIAN_POINT('',(41.761112454655,15.83530834341,1.2));
#796 = ORIENTED_EDGE('',*,*,#797,.F.);
#797 = EDGE_CURVE('',#798,#788,#800,.T.);
#798 = VERTEX_POINT('',#799);
#799 = CARTESIAN_POINT('',(47.352095217713,15.753042627218,1.2));
#800 = LINE('',#801,#802);
#801 = CARTESIAN_POINT('',(20.345552805662,15.753042627218,1.2));
#802 = VECTOR('',#803,1.);
#803 = DIRECTION('',(-1.,0.,-0.));
#804 = ORIENTED_EDGE('',*,*,#805,.F.);
#805 = EDGE_CURVE('',#806,#798,#808,.T.);
#806 = VERTEX_POINT('',#807);
#807 = CARTESIAN_POINT('',(46.611027811366,17.570350665054,1.2));
#808 = B_SPLINE_CURVE_WITH_KNOTS('',5,(#809,#810,#811,#812,#813,#814,
    #815,#816,#817,#818,#819,#820,#821,#822),.UNSPECIFIED.,.F.,.F.,(6,4,
    4,6),(0.,0.296513414647,0.641915997644,1.),.UNSPECIFIED.);
#809 = CARTESIAN_POINT('',(46.611027811366,17.570350665054,1.2));
#810 = CARTESIAN_POINT('',(46.687134428893,17.479998251368,1.2));
#811 = CARTESIAN_POINT('',(46.759041284812,17.38630506155,1.2));
#812 = CARTESIAN_POINT('',(46.826438946378,17.289393675553,1.2));
#813 = CARTESIAN_POINT('',(46.889083691369,17.189453992913,1.2));
#814 = CARTESIAN_POINT('',(47.014081452919,16.967134267598,1.2));
#815 = CARTESIAN_POINT('',(47.074689748199,16.843759778585,1.2));
#816 = CARTESIAN_POINT('',(47.128400038248,16.717073608905,1.2));
#817 = CARTESIAN_POINT('',(47.17519052816,16.58756900587,1.2));
#818 = CARTESIAN_POINT('',(47.256673914292,16.319123503746,1.2));
#819 = CARTESIAN_POINT('',(47.290862545542,16.180000055792,1.2));
#820 = CARTESIAN_POINT('',(47.317920427585,16.038956298258,1.2));
#821 = CARTESIAN_POINT('',(47.338197467833,15.896498220392,1.2));
#822 = CARTESIAN_POINT('',(47.352095364459,15.75304111248,1.2));
#823 = ORIENTED_EDGE('',*,*,#824,.F.);
#824 = EDGE_CURVE('',#825,#806,#827,.T.);
#825 = VERTEX_POINT('',#826);
#826 = CARTESIAN_POINT('',(45.445562273277,18.403047158404,1.2));
#827 = B_SPLINE_CURVE_WITH_KNOTS('',5,(#828,#829,#830,#831,#832,#833,
    #834,#835,#836,#837),.UNSPECIFIED.,.F.,.F.,(6,4,6),(0.,
    0.504523529334,1.),.UNSPECIFIED.);
#828 = CARTESIAN_POINT('',(45.445562273277,18.403047158404,1.2));
#829 = CARTESIAN_POINT('',(45.576883662192,18.337462724916,1.2));
#830 = CARTESIAN_POINT('',(45.705268959545,18.267259801338,1.2));
#831 = CARTESIAN_POINT('',(45.830442890764,18.192368040433,1.2));
#832 = CARTESIAN_POINT('',(45.952132417428,18.112762480178,1.2));
#833 = CARTESIAN_POINT('',(46.185921763223,17.945725736436,1.2));
#834 = CARTESIAN_POINT('',(46.29815689565,17.858458737064,1.2));
#835 = CARTESIAN_POINT('',(46.406548615351,17.766731327394,1.2));
#836 = CARTESIAN_POINT('',(46.510892207656,17.670641517763,1.2));
#837 = CARTESIAN_POINT('',(46.611027811366,17.570350665054,1.2));
#838 = ORIENTED_EDGE('',*,*,#839,.F.);
#839 = EDGE_CURVE('',#840,#825,#842,.T.);
#840 = VERTEX_POINT('',#841);
#841 = CARTESIAN_POINT('',(46.278258766626,19.82931076179,1.2));
#842 = B_SPLINE_CURVE_WITH_KNOTS('',8,(#843,#844,#845,#846,#847,#848,
    #849,#850,#851,#852,#853,#854,#855,#856,#857,#858,#859,#860,#861,
    #862,#863,#864,#865),.UNSPECIFIED.,.F.,.F.,(9,7,7,9),(0.,
    0.622407357656,0.971050968898,1.),.UNSPECIFIED.);
#843 = CARTESIAN_POINT('',(46.278258766626,19.82931076179,1.2));
#844 = CARTESIAN_POINT('',(46.201649795184,19.710399193321,1.2));
#845 = CARTESIAN_POINT('',(46.125989296151,19.592016159499,1.2));
#846 = CARTESIAN_POINT('',(46.051349320481,19.474149438545,1.2));
#847 = CARTESIAN_POINT('',(45.977893434609,19.356886549238,1.2));
#848 = CARTESIAN_POINT('',(45.905867165001,19.24040742893,1.2));
#849 = CARTESIAN_POINT('',(45.835668293802,19.125030168807,1.2));
#850 = CARTESIAN_POINT('',(45.767813079305,19.011188574428,1.2));
#851 = CARTESIAN_POINT('',(45.667062813649,18.837120434436,1.2));
#852 = CARTESIAN_POINT('',(45.632003475508,18.775483379201,1.2));
#853 = CARTESIAN_POINT('',(45.59815039467,18.714717690047,1.2));
#854 = CARTESIAN_POINT('',(45.565704996619,18.654979968184,1.2));
#855 = CARTESIAN_POINT('',(45.53501101793,18.596602503706,1.2));
#856 = CARTESIAN_POINT('',(45.506546969468,18.540086389561,1.2));
#857 = CARTESIAN_POINT('',(45.480959419027,18.48612889134,1.2));
#858 = CARTESIAN_POINT('',(45.457413623735,18.431574186842,1.2));
#859 = CARTESIAN_POINT('',(45.455635243083,18.42741700886,1.2));
#860 = CARTESIAN_POINT('',(45.453884265321,18.423285901237,1.2));
#861 = CARTESIAN_POINT('',(45.452161297428,18.419181573265,1.2));
#862 = CARTESIAN_POINT('',(45.450466963788,18.415104760371,1.2));
#863 = CARTESIAN_POINT('',(45.448801906187,18.411056224113,1.2));
#864 = CARTESIAN_POINT('',(45.447166783818,18.407036752183,1.2));
#865 = CARTESIAN_POINT('',(45.445562273277,18.403047158404,1.2));
#866 = ORIENTED_EDGE('',*,*,#867,.F.);
#867 = EDGE_CURVE('',#868,#840,#870,.T.);
#868 = VERTEX_POINT('',#869);
#869 = CARTESIAN_POINT('',(46.551438935913,20.186070133011,1.2));
#870 = B_SPLINE_CURVE_WITH_KNOTS('',4,(#871,#872,#873,#874,#875),
  .UNSPECIFIED.,.F.,.F.,(5,5),(0.,1.),.PIECEWISE_BEZIER_KNOTS.);
#871 = CARTESIAN_POINT('',(46.551438935913,20.186070133011,1.2));
#872 = CARTESIAN_POINT('',(46.486349990619,20.091325277731,1.2));
#873 = CARTESIAN_POINT('',(46.419127243674,20.000225694026,1.2));
#874 = CARTESIAN_POINT('',(46.349762659537,19.912861506223,1.2));
#875 = CARTESIAN_POINT('',(46.278258766626,19.82931076179,1.2));
#876 = ORIENTED_EDGE('',*,*,#877,.F.);
#877 = EDGE_CURVE('',#878,#868,#880,.T.);
#878 = VERTEX_POINT('',#879);
#879 = CARTESIAN_POINT('',(46.872599758162,20.590036275695,1.2));
#880 = B_SPLINE_CURVE_WITH_KNOTS('',5,(#881,#882,#883,#884,#885,#886),
  .UNSPECIFIED.,.F.,.F.,(6,6),(0.,1.),.PIECEWISE_BEZIER_KNOTS.);
#881 = CARTESIAN_POINT('',(46.872599758162,20.590036275695,1.2));
#882 = CARTESIAN_POINT('',(46.798226535791,20.506290817984,1.2));
#883 = CARTESIAN_POINT('',(46.728627150491,20.423882606155,1.2));
#884 = CARTESIAN_POINT('',(46.664094037775,20.342943418842,1.2));
#885 = CARTESIAN_POINT('',(46.604932967494,20.263620652168,1.2));
#886 = CARTESIAN_POINT('',(46.551438935913,20.186070133011,1.2));
#887 = ORIENTED_EDGE('',*,*,#888,.F.);
#888 = EDGE_CURVE('',#889,#878,#891,.T.);
#889 = VERTEX_POINT('',#890);
#890 = CARTESIAN_POINT('',(47.918113663845,21.945102781137,1.2));
#891 = B_SPLINE_CURVE_WITH_KNOTS('',6,(#892,#893,#894,#895,#896,#897,
    #898),.UNSPECIFIED.,.F.,.F.,(7,7),(0.,1.),.PIECEWISE_BEZIER_KNOTS.);
#892 = CARTESIAN_POINT('',(47.918113663845,21.945102781137,1.2));
#893 = CARTESIAN_POINT('',(47.734612431474,21.717637711843,1.2));
#894 = CARTESIAN_POINT('',(47.554198199169,21.490620919854,1.2));
#895 = CARTESIAN_POINT('',(47.377231383957,21.264147651501,1.2));
#896 = CARTESIAN_POINT('',(47.204193978411,21.038384189936,1.2));
#897 = CARTESIAN_POINT('',(47.035704144436,20.813570417433,1.2));
#898 = CARTESIAN_POINT('',(46.872599758162,20.590036275695,1.2));
#899 = ORIENTED_EDGE('',*,*,#900,.F.);
#900 = EDGE_CURVE('',#901,#889,#903,.T.);
#901 = VERTEX_POINT('',#902);
#902 = CARTESIAN_POINT('',(48.108488512696,22.349068923821,1.2));
#903 = B_SPLINE_CURVE_WITH_KNOTS('',7,(#904,#905,#906,#907,#908,#909,
    #910,#911),.UNSPECIFIED.,.F.,.F.,(8,8),(0.,1.),
  .PIECEWISE_BEZIER_KNOTS.);
#904 = CARTESIAN_POINT('',(48.108488512696,22.349068923821,1.2));
#905 = CARTESIAN_POINT('',(48.065549117053,22.269381394231,1.2));
#906 = CARTESIAN_POINT('',(48.026581189787,22.195095732509,1.2));
#907 = CARTESIAN_POINT('',(47.992231463442,22.127154711675,1.2));
#908 = CARTESIAN_POINT('',(47.963326809728,22.06679963311,1.2));
#909 = CARTESIAN_POINT('',(47.940793537363,22.015455622199,1.2));
#910 = CARTESIAN_POINT('',(47.925538671392,21.974563294951,1.2));
#911 = CARTESIAN_POINT('',(47.918113663845,21.945102781137,1.2));
#912 = ORIENTED_EDGE('',*,*,#913,.F.);
#913 = EDGE_CURVE('',#914,#901,#916,.T.);
#914 = VERTEX_POINT('',#915);
#915 = CARTESIAN_POINT('',(48.239274486094,22.456638452237,1.2));
#916 = B_SPLINE_CURVE_WITH_KNOTS('',5,(#917,#918,#919,#920,#921,#922),
  .UNSPECIFIED.,.F.,.F.,(6,6),(0.,1.),.PIECEWISE_BEZIER_KNOTS.);
#917 = CARTESIAN_POINT('',(48.239274486094,22.456638452237,1.2));
#918 = CARTESIAN_POINT('',(48.234590752715,22.432595287557,1.2));
#919 = CARTESIAN_POINT('',(48.218964165309,22.409745005078,1.2));
#920 = CARTESIAN_POINT('',(48.192435291888,22.388184430687,1.2));
#921 = CARTESIAN_POINT('',(48.155403637396,22.367956831168,1.2));
#922 = CARTESIAN_POINT('',(48.108488512696,22.349068923821,1.2));
#923 = ORIENTED_EDGE('',*,*,#924,.F.);
#924 = EDGE_CURVE('',#925,#914,#927,.T.);
#925 = VERTEX_POINT('',#926);
#926 = CARTESIAN_POINT('',(48.203675937122,22.610640870617,1.2));
#927 = B_SPLINE_CURVE_WITH_KNOTS('',5,(#928,#929,#930,#931,#932,#933),
  .UNSPECIFIED.,.F.,.F.,(6,6),(0.,1.),.PIECEWISE_BEZIER_KNOTS.);
#928 = CARTESIAN_POINT('',(48.203675937122,22.610640870617,1.2));
#929 = CARTESIAN_POINT('',(48.222389825103,22.572906309606,1.2));
#930 = CARTESIAN_POINT('',(48.2354378751,22.53852049894,1.2));
#931 = CARTESIAN_POINT('',(48.242657843086,22.507619033345,1.2));
#932 = CARTESIAN_POINT('',(48.24394556354,22.480305244629,1.2));
#933 = CARTESIAN_POINT('',(48.239274486094,22.456638452237,1.2));
#934 = ORIENTED_EDGE('',*,*,#935,.F.);
#935 = EDGE_CURVE('',#936,#925,#938,.T.);
#936 = VERTEX_POINT('',#937);
#937 = CARTESIAN_POINT('',(47.086191051995,23.442563482467,1.2));
#938 = B_SPLINE_CURVE_WITH_KNOTS('',8,(#939,#940,#941,#942,#943,#944,
    #945,#946,#947,#948,#949,#950,#951,#952,#953,#954),.UNSPECIFIED.,.F.
  ,.F.,(9,7,9),(0.,0.644054168018,1.),.UNSPECIFIED.);
#939 = CARTESIAN_POINT('',(47.086191051995,23.442563482467,1.2));
#940 = CARTESIAN_POINT('',(47.195722439324,23.378014935343,1.2));
#941 = CARTESIAN_POINT('',(47.303567628434,23.313077122979,1.2));
#942 = CARTESIAN_POINT('',(47.409627832511,23.247624490266,1.2));
#943 = CARTESIAN_POINT('',(47.513606326611,23.181583455484,1.2));
#944 = CARTESIAN_POINT('',(47.615022036166,23.114932204675,1.2));
#945 = CARTESIAN_POINT('',(47.71310588543,23.04768717339,1.2));
#946 = CARTESIAN_POINT('',(47.8068452561,22.979908011072,1.2));
#947 = CARTESIAN_POINT('',(47.943009613121,22.873888666789,1.2));
#948 = CARTESIAN_POINT('',(47.989536077687,22.836072107622,1.2));
#949 = CARTESIAN_POINT('',(48.033900906355,22.798139874635,1.2));
#950 = CARTESIAN_POINT('',(48.075714402088,22.760129288073,1.2));
#951 = CARTESIAN_POINT('',(48.114412753996,22.722151884997,1.2));
#952 = CARTESIAN_POINT('',(48.14926057782,22.684393345662,1.2));
#953 = CARTESIAN_POINT('',(48.179361378828,22.647112708058,1.2));
#954 = CARTESIAN_POINT('',(48.203675937122,22.610640870617,1.2));
#955 = ORIENTED_EDGE('',*,*,#956,.F.);
#956 = EDGE_CURVE('',#957,#936,#959,.T.);
#957 = VERTEX_POINT('',#958);
#958 = CARTESIAN_POINT('',(46.801402660218,23.680145102781,1.2));
#959 = B_SPLINE_CURVE_WITH_KNOTS('',5,(#960,#961,#962,#963,#964,#965),
  .UNSPECIFIED.,.F.,.F.,(6,6),(0.,1.),.PIECEWISE_BEZIER_KNOTS.);
#960 = CARTESIAN_POINT('',(46.801402660218,23.680145102781,1.2));
#961 = CARTESIAN_POINT('',(46.867137190634,23.633366576485,1.2));
#962 = CARTESIAN_POINT('',(46.928630253661,23.586200006464,1.2));
#963 = CARTESIAN_POINT('',(46.985730038095,23.538662417242,1.2));
#964 = CARTESIAN_POINT('',(47.0382926635,23.490774932325,1.2));
#965 = CARTESIAN_POINT('',(47.086191051995,23.442563482467,1.2));
#966 = ORIENTED_EDGE('',*,*,#967,.F.);
#967 = EDGE_CURVE('',#968,#957,#970,.T.);
#968 = VERTEX_POINT('',#969);
#969 = CARTESIAN_POINT('',(45.493542926239,24.464860943168,1.2));
#970 = B_SPLINE_CURVE_WITH_KNOTS('',7,(#971,#972,#973,#974,#975,#976,
    #977,#978),.UNSPECIFIED.,.F.,.F.,(8,8),(0.,1.),
  .PIECEWISE_BEZIER_KNOTS.);
#971 = CARTESIAN_POINT('',(45.493542926239,24.464860943168,1.2));
#972 = CARTESIAN_POINT('',(45.700385881089,24.364421852534,1.2));
#973 = CARTESIAN_POINT('',(45.902485976537,24.26088994197,1.2));
#974 = CARTESIAN_POINT('',(46.099283636444,24.153774236172,1.2));
#975 = CARTESIAN_POINT('',(46.289670148112,24.042620943398,1.2));
#976 = CARTESIAN_POINT('',(46.47190429195,23.926973986551,1.2));
#977 = CARTESIAN_POINT('',(46.643617273631,23.806373412051,1.2));
#978 = CARTESIAN_POINT('',(46.801402660218,23.680145102781,1.2));
#979 = ORIENTED_EDGE('',*,*,#980,.F.);
#980 = EDGE_CURVE('',#981,#968,#983,.T.);
#981 = VERTEX_POINT('',#982);
#982 = CARTESIAN_POINT('',(44.185683192261,25.035211608222,1.2));
#983 = B_SPLINE_CURVE_WITH_KNOTS('',7,(#984,#985,#986,#987,#988,#989,
    #990,#991),.UNSPECIFIED.,.F.,.F.,(8,8),(0.,1.),
  .PIECEWISE_BEZIER_KNOTS.);
#984 = CARTESIAN_POINT('',(44.185683192261,25.035211608222,1.2));
#985 = CARTESIAN_POINT('',(44.365448513189,24.980544643584,1.2));
#986 = CARTESIAN_POINT('',(44.549194586729,24.913796832527,1.2));
#987 = CARTESIAN_POINT('',(44.735601208904,24.837428846402,1.2));
#988 = CARTESIAN_POINT('',(44.923727533376,24.753188225906,1.2));
#989 = CARTESIAN_POINT('',(45.112935829491,24.662424916365,1.2));
#990 = CARTESIAN_POINT('',(45.302890918623,24.566102395839,1.2));
#991 = CARTESIAN_POINT('',(45.493542926239,24.464860943168,1.2));
#992 = ORIENTED_EDGE('',*,*,#993,.F.);
#993 = EDGE_CURVE('',#58,#981,#994,.T.);
#994 = B_SPLINE_CURVE_WITH_KNOTS('',6,(#995,#996,#997,#998,#999,#1000,
    #1001,#1002,#1003,#1004,#1005,#1006),.UNSPECIFIED.,.F.,.F.,(7,5,7),(
    0.,8.542819557124E-02,1.),.UNSPECIFIED.);
#995 = CARTESIAN_POINT('',(43.924111245466,25.083192261185,1.2));
#996 = CARTESIAN_POINT('',(43.92551777757,25.085279373339,1.2));
#997 = CARTESIAN_POINT('',(43.927010238695,25.087269127274,1.2));
#998 = CARTESIAN_POINT('',(43.92858861802,25.089161182853,1.2));
#999 = CARTESIAN_POINT('',(43.930252849538,25.090955261908,1.2));
#1000 = CARTESIAN_POINT('',(43.932002812055,25.092651148235,1.2));
#1001 = CARTESIAN_POINT('',(43.953488893114,25.11135152401,1.2));
#1002 = CARTESIAN_POINT('',(43.982953341597,25.117190022667,1.2));
#1003 = CARTESIAN_POINT('',(44.021999098391,25.111527572261,1.2));
#1004 = CARTESIAN_POINT('',(44.06963630266,25.09515679818,1.2));
#1005 = CARTESIAN_POINT('',(44.124612133303,25.069287488946,1.2));
#1006 = CARTESIAN_POINT('',(44.185683192261,25.035211608222,1.2));
#1007 = FACE_BOUND('',#1008,.F.);
#1008 = EDGE_LOOP('',(#1009,#1038,#1049,#1062,#1083,#1091,#1112,#1120,
    #1142,#1154,#1165,#1177,#1198,#1206,#1214,#1227,#1235,#1246,#1257,
    #1267,#1286,#1296,#1307,#1315,#1323,#1334,#1345,#1359,#1367,#1375,
    #1386,#1398,#1410,#1429,#1437,#1445,#1458,#1466,#1477,#1490,#1498,
    #1513,#1521,#1529,#1537));
#1009 = ORIENTED_EDGE('',*,*,#1010,.F.);
#1010 = EDGE_CURVE('',#1011,#1013,#1015,.T.);
#1011 = VERTEX_POINT('',#1012);
#1012 = CARTESIAN_POINT('',(51.128174123337,24.274486094317,1.2));
#1013 = VERTEX_POINT('',#1014);
#1014 = CARTESIAN_POINT('',(51.674534461911,25.130399032648,1.2));
#1015 = B_SPLINE_CURVE_WITH_KNOTS('',6,(#1016,#1017,#1018,#1019,#1020,
    #1021,#1022,#1023,#1024,#1025,#1026,#1027,#1028,#1029,#1030,#1031,
    #1032,#1033,#1034,#1035,#1036,#1037),.UNSPECIFIED.,.F.,.F.,(7,5,5,5,
    7),(0.,0.482403801718,0.628010653108,0.862227128419,1.),
  .UNSPECIFIED.);
#1016 = CARTESIAN_POINT('',(51.128174123337,24.274486094317,1.2));
#1017 = CARTESIAN_POINT('',(51.142509797904,24.37811521896,1.2));
#1018 = CARTESIAN_POINT('',(51.160272420981,24.479306519285,1.2));
#1019 = CARTESIAN_POINT('',(51.182107777992,24.577722354969,1.2));
#1020 = CARTESIAN_POINT('',(51.208870702444,24.67226629361,1.2));
#1021 = CARTESIAN_POINT('',(51.241630424154,24.761079786027,1.2));
#1022 = CARTESIAN_POINT('',(51.29384902776,24.865742741787,1.2));
#1023 = CARTESIAN_POINT('',(51.306619565494,24.889229548651,1.2));
#1024 = CARTESIAN_POINT('',(51.320085061832,24.911855975244,1.2));
#1025 = CARTESIAN_POINT('',(51.334274715946,24.933528827524,1.2));
#1026 = CARTESIAN_POINT('',(51.349211592668,24.954147561542,1.2));
#1027 = CARTESIAN_POINT('',(51.390158624976,25.004915017776,1.2));
#1028 = CARTESIAN_POINT('',(51.417388561704,25.03324265991,1.2));
#1029 = CARTESIAN_POINT('',(51.446629630016,25.058131986341,1.2));
#1030 = CARTESIAN_POINT('',(51.477850531706,25.079145812162,1.2));
#1031 = CARTESIAN_POINT('',(51.51091063284,25.095965730998,1.2));
#1032 = CARTESIAN_POINT('',(51.565867010283,25.115853421289,1.2));
#1033 = CARTESIAN_POINT('',(51.586759878829,25.121734074529,1.2));
#1034 = CARTESIAN_POINT('',(51.608135098806,25.126108705397,1.2));
#1035 = CARTESIAN_POINT('',(51.629931868361,25.128986067971,1.2));
#1036 = CARTESIAN_POINT('',(51.652086595045,25.130399032648,1.2));
#1037 = CARTESIAN_POINT('',(51.674534461911,25.130399032648,1.2));
#1038 = ORIENTED_EDGE('',*,*,#1039,.F.);
#1039 = EDGE_CURVE('',#1040,#1011,#1042,.T.);
#1040 = VERTEX_POINT('',#1041);
#1041 = CARTESIAN_POINT('',(51.056203143894,23.632938331318,1.2));
#1042 = B_SPLINE_CURVE_WITH_KNOTS('',5,(#1043,#1044,#1045,#1046,#1047,
    #1048),.UNSPECIFIED.,.F.,.F.,(6,6),(0.,1.),
  .PIECEWISE_BEZIER_KNOTS.);
#1043 = CARTESIAN_POINT('',(51.056203143894,23.632938331318,1.2));
#1044 = CARTESIAN_POINT('',(51.056203143894,23.751116111935,1.2));
#1045 = CARTESIAN_POINT('',(51.063907223648,23.874976475781,1.2));
#1046 = CARTESIAN_POINT('',(51.078829947663,24.003881201166,1.2));
#1047 = CARTESIAN_POINT('',(51.100422746852,24.13722122138,1.2));
#1048 = CARTESIAN_POINT('',(51.128174123337,24.274486094317,1.2));
#1049 = ORIENTED_EDGE('',*,*,#1050,.F.);
#1050 = EDGE_CURVE('',#1051,#1040,#1053,.T.);
#1051 = VERTEX_POINT('',#1052);
#1052 = CARTESIAN_POINT('',(51.032986698912,23.157775090689,1.2));
#1053 = B_SPLINE_CURVE_WITH_KNOTS('',7,(#1054,#1055,#1056,#1057,#1058,
    #1059,#1060,#1061),.UNSPECIFIED.,.F.,.F.,(8,8),(0.,1.),
  .PIECEWISE_BEZIER_KNOTS.);
#1054 = CARTESIAN_POINT('',(51.032986698912,23.157775090689,1.2));
#1055 = CARTESIAN_POINT('',(51.04026753557,23.187383826432,1.2));
#1056 = CARTESIAN_POINT('',(51.046072624788,23.232835182779,1.2));
#1057 = CARTESIAN_POINT('',(51.050421462072,23.29265367577,1.2));
#1058 = CARTESIAN_POINT('',(51.053453818975,23.364550793084,1.2));
#1059 = CARTESIAN_POINT('',(51.055329607374,23.446352691288,1.2));
#1060 = CARTESIAN_POINT('',(51.056203143894,23.536240079978,1.2));
#1061 = CARTESIAN_POINT('',(51.056203143894,23.632938331318,1.2));
#1062 = ORIENTED_EDGE('',*,*,#1063,.F.);
#1063 = EDGE_CURVE('',#1064,#1051,#1066,.T.);
#1064 = VERTEX_POINT('',#1065);
#1065 = CARTESIAN_POINT('',(50.913808948005,20.970012091898,1.2));
#1066 = B_SPLINE_CURVE_WITH_KNOTS('',8,(#1067,#1068,#1069,#1070,#1071,
    #1072,#1073,#1074,#1075,#1076,#1077,#1078,#1079,#1080,#1081,#1082),
  .UNSPECIFIED.,.F.,.F.,(9,7,9),(0.,0.724939890992,1.),.UNSPECIFIED.);
#1067 = CARTESIAN_POINT('',(50.913808948005,20.970012091898,1.2));
#1068 = CARTESIAN_POINT('',(50.926987153763,21.177434907731,1.2));
#1069 = CARTESIAN_POINT('',(50.939885367608,21.383867718876,1.2));
#1070 = CARTESIAN_POINT('',(50.952473349241,21.589283190666,1.2));
#1071 = CARTESIAN_POINT('',(50.964702473605,21.79351700461,1.2));
#1072 = CARTESIAN_POINT('',(50.976508820369,21.996282672731,1.2));
#1073 = CARTESIAN_POINT('',(50.987791085356,22.19708310564,1.2));
#1074 = CARTESIAN_POINT('',(50.998422084257,22.395257571712,1.2));
#1075 = CARTESIAN_POINT('',(51.011845243106,22.663359184297,1.2));
#1076 = CARTESIAN_POINT('',(51.015406373399,22.736525089597,1.2));
#1077 = CARTESIAN_POINT('',(51.018823589998,22.809057169094,1.2));
#1078 = CARTESIAN_POINT('',(51.022079927729,22.880865973015,1.2));
#1079 = CARTESIAN_POINT('',(51.025154502894,22.951829365499,1.2));
#1080 = CARTESIAN_POINT('',(51.02802136713,23.021787071232,1.2));
#1081 = CARTESIAN_POINT('',(51.030647036944,23.090528677361,1.2));
#1082 = CARTESIAN_POINT('',(51.032986698912,23.157775090689,1.2));
#1083 = ORIENTED_EDGE('',*,*,#1084,.F.);
#1084 = EDGE_CURVE('',#1085,#1064,#1087,.T.);
#1085 = VERTEX_POINT('',#1086);
#1086 = CARTESIAN_POINT('',(50.84261185006,20.066892382104,1.2));
#1087 = LINE('',#1088,#1089);
#1088 = CARTESIAN_POINT('',(51.188661173245,24.456452818588,1.2));
#1089 = VECTOR('',#1090,1.);
#1090 = DIRECTION('',(7.859078014551E-02,0.996906961194,0.));
#1091 = ORIENTED_EDGE('',*,*,#1092,.F.);
#1092 = EDGE_CURVE('',#1093,#1085,#1095,.T.);
#1093 = VERTEX_POINT('',#1094);
#1094 = CARTESIAN_POINT('',(50.700217654172,16.976009673519,1.2));
#1095 = B_SPLINE_CURVE_WITH_KNOTS('',8,(#1096,#1097,#1098,#1099,#1100,
    #1101,#1102,#1103,#1104,#1105,#1106,#1107,#1108,#1109,#1110,#1111),
  .UNSPECIFIED.,.F.,.F.,(9,7,9),(0.,0.412176806139,1.),.UNSPECIFIED.);
#1096 = CARTESIAN_POINT('',(50.700217654172,16.976009673519,1.2));
#1097 = CARTESIAN_POINT('',(50.700217654172,17.126130440759,1.2));
#1098 = CARTESIAN_POINT('',(50.702054609822,17.27900788909,1.2));
#1099 = CARTESIAN_POINT('',(50.705244086491,17.433782831695,1.2));
#1100 = CARTESIAN_POINT('',(50.709542236147,17.589971555481,1.2));
#1101 = CARTESIAN_POINT('',(50.714751947843,17.747212083752,1.2));
#1102 = CARTESIAN_POINT('',(50.72074413923,17.905294653331,1.2));
#1103 = CARTESIAN_POINT('',(50.72741399858,18.064101032255,1.2));
#1104 = CARTESIAN_POINT('',(50.745057311151,18.451101698834,1.2));
#1105 = CARTESIAN_POINT('',(50.756644313215,18.679831982189,1.2));
#1106 = CARTESIAN_POINT('',(50.769212587166,18.909510823048,1.2));
#1107 = CARTESIAN_POINT('',(50.782612253683,19.139940964706,1.2));
#1108 = CARTESIAN_POINT('',(50.796731184532,19.370978724641,1.2));
#1109 = CARTESIAN_POINT('',(50.811480488379,19.602521005407,1.2));
#1110 = CARTESIAN_POINT('',(50.826792563886,19.83450362923,1.2));
#1111 = CARTESIAN_POINT('',(50.84261185006,20.066892382104,1.2));
#1112 = ORIENTED_EDGE('',*,*,#1113,.F.);
#1113 = EDGE_CURVE('',#1114,#1093,#1116,.T.);
#1114 = VERTEX_POINT('',#1115);
#1115 = CARTESIAN_POINT('',(50.700217654172,11.198984280532,1.2));
#1116 = LINE('',#1117,#1118);
#1117 = CARTESIAN_POINT('',(50.700217654172,24.488004836759,1.2));
#1118 = VECTOR('',#1119,1.);
#1119 = DIRECTION('',(0.,1.,0.));
#1120 = ORIENTED_EDGE('',*,*,#1121,.F.);
#1121 = EDGE_CURVE('',#1122,#1114,#1124,.T.);
#1122 = VERTEX_POINT('',#1123);
#1123 = CARTESIAN_POINT('',(51.128174123337,10.914195888755,1.2));
#1124 = B_SPLINE_CURVE_WITH_KNOTS('',6,(#1125,#1126,#1127,#1128,#1129,
    #1130,#1131,#1132,#1133,#1134,#1135,#1136,#1137,#1138,#1139,#1140,
    #1141),.UNSPECIFIED.,.F.,.F.,(7,5,5,7),(0.,0.389813310655,
    0.91274121609,1.),.UNSPECIFIED.);
#1125 = CARTESIAN_POINT('',(51.128174123337,10.914195888755,1.2));
#1126 = CARTESIAN_POINT('',(51.080114637807,10.924885430744,1.2));
#1127 = CARTESIAN_POINT('',(51.034022263948,10.936572374285,1.2));
#1128 = CARTESIAN_POINT('',(50.99015656221,10.949340092478,1.2));
#1129 = CARTESIAN_POINT('',(50.948853358808,10.963276646396,1.2));
#1130 = CARTESIAN_POINT('',(50.910499669596,10.978463932407,1.2));
#1131 = CARTESIAN_POINT('',(50.828568733198,11.017105184395,1.2));
#1132 = CARTESIAN_POINT('',(50.787642160035,11.041628319944,1.2));
#1133 = CARTESIAN_POINT('',(50.753825165249,11.068656411013,1.2));
#1134 = CARTESIAN_POINT('',(50.728195472071,11.098223893966,1.2));
#1135 = CARTESIAN_POINT('',(50.711560214964,11.130204710093,1.2));
#1136 = CARTESIAN_POINT('',(50.702737382278,11.169841772209,1.2));
#1137 = CARTESIAN_POINT('',(50.701728258984,11.17556579548,1.2));
#1138 = CARTESIAN_POINT('',(50.700972090768,11.181343898277,1.2));
#1139 = CARTESIAN_POINT('',(50.700468761172,11.18717428429,1.2));
#1140 = CARTESIAN_POINT('',(50.700217654172,11.19305506917,1.2));
#1141 = CARTESIAN_POINT('',(50.700217654172,11.198984280532,1.2));
#1142 = ORIENTED_EDGE('',*,*,#1143,.F.);
#1143 = EDGE_CURVE('',#1144,#1122,#1146,.T.);
#1144 = VERTEX_POINT('',#1145);
#1145 = CARTESIAN_POINT('',(51.793712212817,10.84299879081,1.2));
#1146 = B_SPLINE_CURVE_WITH_KNOTS('',6,(#1147,#1148,#1149,#1150,#1151,
    #1152,#1153),.UNSPECIFIED.,.F.,.F.,(7,7),(0.,1.),
  .PIECEWISE_BEZIER_KNOTS.);
#1147 = CARTESIAN_POINT('',(51.793712212817,10.84299879081,1.2));
#1148 = CARTESIAN_POINT('',(51.662829225476,10.84299879081,1.2));
#1149 = CARTESIAN_POINT('',(51.538136397869,10.846994142826,1.2));
#1150 = CARTESIAN_POINT('',(51.420694016087,10.855500795429,1.2));
#1151 = CARTESIAN_POINT('',(51.311984916077,10.869122175611,1.2));
#1152 = CARTESIAN_POINT('',(51.213860948256,10.888517752297,1.2));
#1153 = CARTESIAN_POINT('',(51.128174123337,10.914195888755,1.2));
#1154 = ORIENTED_EDGE('',*,*,#1155,.F.);
#1155 = EDGE_CURVE('',#1156,#1144,#1158,.T.);
#1156 = VERTEX_POINT('',#1157);
#1157 = CARTESIAN_POINT('',(52.411269649335,10.878597339782,1.2));
#1158 = B_SPLINE_CURVE_WITH_KNOTS('',5,(#1159,#1160,#1161,#1162,#1163,
    #1164),.UNSPECIFIED.,.F.,.F.,(6,6),(0.,1.),
  .PIECEWISE_BEZIER_KNOTS.);
#1159 = CARTESIAN_POINT('',(52.411269649335,10.878597339782,1.2));
#1160 = CARTESIAN_POINT('',(52.281155903922,10.864678194924,1.2));
#1161 = CARTESIAN_POINT('',(52.154113269373,10.853998668582,1.2));
#1162 = CARTESIAN_POINT('',(52.030362593432,10.846717750515,1.2));
#1163 = CARTESIAN_POINT('',(51.910145175796,10.84299879081,1.2));
#1164 = CARTESIAN_POINT('',(51.793712212817,10.84299879081,1.2));
#1165 = ORIENTED_EDGE('',*,*,#1166,.F.);
#1166 = EDGE_CURVE('',#1167,#1156,#1169,.T.);
#1167 = VERTEX_POINT('',#1168);
#1168 = CARTESIAN_POINT('',(52.911197097944,10.914195888755,1.2));
#1169 = B_SPLINE_CURVE_WITH_KNOTS('',6,(#1170,#1171,#1172,#1173,#1174,
    #1175,#1176),.UNSPECIFIED.,.F.,.F.,(7,7),(0.,1.),
  .PIECEWISE_BEZIER_KNOTS.);
#1170 = CARTESIAN_POINT('',(52.911197097944,10.914195888755,1.2));
#1171 = CARTESIAN_POINT('',(52.852145552717,10.914195888755,1.2));
#1172 = CARTESIAN_POINT('',(52.781729977482,10.911505415541,1.2));
#1173 = CARTESIAN_POINT('',(52.70117295316,10.906341729879,1.2));
#1174 = CARTESIAN_POINT('',(52.611822095072,10.898974152475,1.2));
#1175 = CARTESIAN_POINT('',(52.514867765407,10.88965421528,1.2));
#1176 = CARTESIAN_POINT('',(52.411269649335,10.878597339782,1.2));
#1177 = ORIENTED_EDGE('',*,*,#1178,.F.);
#1178 = EDGE_CURVE('',#1179,#1167,#1181,.T.);
#1179 = VERTEX_POINT('',#1180);
#1180 = CARTESIAN_POINT('',(54.027908101572,10.961402660218,1.2));
#1181 = B_SPLINE_CURVE_WITH_KNOTS('',8,(#1182,#1183,#1184,#1185,#1186,
    #1187,#1188,#1189,#1190,#1191,#1192,#1193,#1194,#1195,#1196,#1197),
  .UNSPECIFIED.,.F.,.F.,(9,7,9),(0.,0.951331578708,1.),.UNSPECIFIED.);
#1182 = CARTESIAN_POINT('',(54.027908101572,10.961402660218,1.2));
#1183 = CARTESIAN_POINT('',(53.877864275187,10.961402660218,1.2));
#1184 = CARTESIAN_POINT('',(53.730866561699,10.960353178482,1.2));
#1185 = CARTESIAN_POINT('',(53.587042294682,10.958109036876,1.2));
#1186 = CARTESIAN_POINT('',(53.44699136437,10.954470759027,1.2));
#1187 = CARTESIAN_POINT('',(53.311775554537,10.94918657207,1.2));
#1188 = CARTESIAN_POINT('',(53.183027417221,10.94192167991,1.2));
#1189 = CARTESIAN_POINT('',(53.062916651643,10.932267113812,1.2));
#1190 = CARTESIAN_POINT('',(52.949071628192,10.918954034461,1.2));
#1191 = CARTESIAN_POINT('',(52.943562502233,10.918298302403,1.2));
#1192 = CARTESIAN_POINT('',(52.93808538206,10.917634691894,1.2));
#1193 = CARTESIAN_POINT('',(52.932640750908,10.916963129692,1.2));
#1194 = CARTESIAN_POINT('',(52.92722910106,10.91628354226,1.2));
#1195 = CARTESIAN_POINT('',(52.921850933852,10.915595855763,1.2));
#1196 = CARTESIAN_POINT('',(52.916506759668,10.91489999607,1.2));
#1197 = CARTESIAN_POINT('',(52.911197097944,10.914195888755,1.2));
#1198 = ORIENTED_EDGE('',*,*,#1199,.F.);
#1199 = EDGE_CURVE('',#1200,#1179,#1202,.T.);
#1200 = VERTEX_POINT('',#1201);
#1201 = CARTESIAN_POINT('',(54.123095525998,10.890205562273,1.2));
#1202 = LINE('',#1203,#1204);
#1203 = CARTESIAN_POINT('',(31.659811861889,27.692011229736,1.2));
#1204 = VECTOR('',#1205,1.);
#1205 = DIRECTION('',(-0.80078057117,0.598957825591,-0.));
#1206 = ORIENTED_EDGE('',*,*,#1207,.F.);
#1207 = EDGE_CURVE('',#1208,#1200,#1210,.T.);
#1208 = VERTEX_POINT('',#1209);
#1209 = CARTESIAN_POINT('',(55.16938331318,10.890205562273,1.2));
#1210 = LINE('',#1211,#1212);
#1211 = CARTESIAN_POINT('',(27.061547762999,10.890205562273,1.2));
#1212 = VECTOR('',#1213,1.);
#1213 = DIRECTION('',(-1.,0.,0.));
#1214 = ORIENTED_EDGE('',*,*,#1215,.F.);
#1215 = EDGE_CURVE('',#1216,#1208,#1218,.T.);
#1216 = VERTEX_POINT('',#1217);
#1217 = CARTESIAN_POINT('',(55.33576783555,10.961402660218,1.2));
#1218 = B_SPLINE_CURVE_WITH_KNOTS('',4,(#1219,#1220,#1221,#1222,#1223,
    #1224,#1225,#1226),.UNSPECIFIED.,.F.,.F.,(5,3,5),(0.,0.403833540373,
    1.),.UNSPECIFIED.);
#1219 = CARTESIAN_POINT('',(55.33576783555,10.961402660218,1.2));
#1220 = CARTESIAN_POINT('',(55.316562834962,10.961402660218,1.2));
#1221 = CARTESIAN_POINT('',(55.297986098039,10.9594705194,1.2));
#1222 = CARTESIAN_POINT('',(55.280052367103,10.955595875486,1.2));
#1223 = CARTESIAN_POINT('',(55.237261554468,10.941199545749,1.2));
#1224 = CARTESIAN_POINT('',(55.213174947723,10.928390882909,1.2));
#1225 = CARTESIAN_POINT('',(55.190545519339,10.911367768432,1.2));
#1226 = CARTESIAN_POINT('',(55.16938331318,10.890205562273,1.2));
#1227 = ORIENTED_EDGE('',*,*,#1228,.F.);
#1228 = EDGE_CURVE('',#1229,#1216,#1231,.T.);
#1229 = VERTEX_POINT('',#1230);
#1230 = CARTESIAN_POINT('',(55.430955259976,10.961402660218,1.2));
#1231 = LINE('',#1232,#1233);
#1232 = CARTESIAN_POINT('',(27.667883917775,10.961402660218,1.2));
#1233 = VECTOR('',#1234,1.);
#1234 = DIRECTION('',(-1.,0.,0.));
#1235 = ORIENTED_EDGE('',*,*,#1236,.F.);
#1236 = EDGE_CURVE('',#1237,#1229,#1239,.T.);
#1237 = VERTEX_POINT('',#1238);
#1238 = CARTESIAN_POINT('',(55.549359129383,10.938186215236,1.2));
#1239 = B_SPLINE_CURVE_WITH_KNOTS('',5,(#1240,#1241,#1242,#1243,#1244,
    #1245),.UNSPECIFIED.,.F.,.F.,(6,6),(0.,1.),
  .PIECEWISE_BEZIER_KNOTS.);
#1240 = CARTESIAN_POINT('',(55.549359129383,10.938186215236,1.2));
#1241 = CARTESIAN_POINT('',(55.511947148385,10.938186215236,1.2));
#1242 = CARTESIAN_POINT('',(55.481207647639,10.940464606279,1.2));
#1243 = CARTESIAN_POINT('',(55.457375753157,10.94507952987,1.2));
#1244 = CARTESIAN_POINT('',(55.440608096253,10.952061205756,1.2));
#1245 = CARTESIAN_POINT('',(55.430955259976,10.961402660218,1.2));
#1246 = ORIENTED_EDGE('',*,*,#1247,.F.);
#1247 = EDGE_CURVE('',#1248,#1237,#1250,.T.);
#1248 = VERTEX_POINT('',#1249);
#1249 = CARTESIAN_POINT('',(55.692527206771,10.914195888755,1.2));
#1250 = B_SPLINE_CURVE_WITH_KNOTS('',5,(#1251,#1252,#1253,#1254,#1255,
    #1256),.UNSPECIFIED.,.F.,.F.,(6,6),(0.,1.),
  .PIECEWISE_BEZIER_KNOTS.);
#1251 = CARTESIAN_POINT('',(55.692527206771,10.914195888755,1.2));
#1252 = CARTESIAN_POINT('',(55.65471494176,10.914195888755,1.2));
#1253 = CARTESIAN_POINT('',(55.621395426384,10.916561930458,1.2));
#1254 = CARTESIAN_POINT('',(55.592679314845,10.921334814547,1.2));
#1255 = CARTESIAN_POINT('',(55.568650578581,10.928540490637,1.2));
#1256 = CARTESIAN_POINT('',(55.549359129383,10.938186215236,1.2));
#1257 = ORIENTED_EDGE('',*,*,#1258,.F.);
#1258 = EDGE_CURVE('',#1259,#1248,#1261,.T.);
#1259 = VERTEX_POINT('',#1260);
#1260 = CARTESIAN_POINT('',(55.739733978235,10.890205562273,1.2));
#1261 = B_SPLINE_CURVE_WITH_KNOTS('',4,(#1262,#1263,#1264,#1265,#1266),
  .UNSPECIFIED.,.F.,.F.,(5,5),(0.,1.),.PIECEWISE_BEZIER_KNOTS.);
#1262 = CARTESIAN_POINT('',(55.739733978235,10.890205562273,1.2));
#1263 = CARTESIAN_POINT('',(55.728120892829,10.890205562273,1.2));
#1264 = CARTESIAN_POINT('',(55.716378993355,10.894207307554,1.2));
#1265 = CARTESIAN_POINT('',(55.704512763538,10.902210331988,1.2));
#1266 = CARTESIAN_POINT('',(55.692527206771,10.914195888755,1.2));
#1267 = ORIENTED_EDGE('',*,*,#1268,.T.);
#1268 = EDGE_CURVE('',#1259,#1269,#1271,.T.);
#1269 = VERTEX_POINT('',#1270);
#1270 = CARTESIAN_POINT('',(55.763724304716,10.890205562273,1.2));
#1271 = B_SPLINE_CURVE_WITH_KNOTS('',4,(#1272,#1273,#1274,#1275,#1276,
    #1277,#1278,#1279,#1280,#1281,#1282,#1283,#1284,#1285),
  .UNSPECIFIED.,.F.,.F.,(5,3,3,3,5),(0.,0.938209541622,0.978032449961,
    0.985001448866,1.),.UNSPECIFIED.);
#1272 = CARTESIAN_POINT('',(55.739733978235,10.890205562273,1.2));
#1273 = CARTESIAN_POINT('',(55.751025032179,10.890205562273,1.2));
#1274 = CARTESIAN_POINT('',(55.758781473409,10.890205562273,1.2));
#1275 = CARTESIAN_POINT('',(55.762987969283,10.890205562273,1.2));
#1276 = CARTESIAN_POINT('',(55.763671429979,10.890205562273,1.2));
#1277 = CARTESIAN_POINT('',(55.763692861356,10.890205562273,1.2));
#1278 = CARTESIAN_POINT('',(55.76370789532,10.890205562273,1.2));
#1279 = CARTESIAN_POINT('',(55.763718043241,10.890205562273,1.2));
#1280 = CARTESIAN_POINT('',(55.76371935871,10.890205562273,1.2));
#1281 = CARTESIAN_POINT('',(55.763720478259,10.890205562273,1.2));
#1282 = CARTESIAN_POINT('',(55.763723389701,10.890205562273,1.2));
#1283 = CARTESIAN_POINT('',(55.763723143999,10.890205376944,1.2));
#1284 = CARTESIAN_POINT('',(55.763724589044,10.890205846602,1.2));
#1285 = CARTESIAN_POINT('',(55.763724304716,10.890205562273,1.2));
#1286 = ORIENTED_EDGE('',*,*,#1287,.F.);
#1287 = EDGE_CURVE('',#1288,#1269,#1290,.T.);
#1288 = VERTEX_POINT('',#1289);
#1289 = CARTESIAN_POINT('',(55.930108827086,10.925804111245,1.2));
#1290 = B_SPLINE_CURVE_WITH_KNOTS('',4,(#1291,#1292,#1293,#1294,#1295),
  .UNSPECIFIED.,.F.,.F.,(5,5),(0.,1.),.PIECEWISE_BEZIER_KNOTS.);
#1291 = CARTESIAN_POINT('',(55.930108827086,10.925804111245,1.2));
#1292 = CARTESIAN_POINT('',(55.882784542032,10.908105598136,1.2));
#1293 = CARTESIAN_POINT('',(55.839199257954,10.89619287308,1.2));
#1294 = CARTESIAN_POINT('',(55.799484374272,10.890205562273,1.2));
#1295 = CARTESIAN_POINT('',(55.763724304716,10.890205562273,1.2));
#1296 = ORIENTED_EDGE('',*,*,#1297,.F.);
#1297 = EDGE_CURVE('',#1298,#1288,#1300,.T.);
#1298 = VERTEX_POINT('',#1299);
#1299 = CARTESIAN_POINT('',(56.072503022975,10.961402660218,1.2));
#1300 = B_SPLINE_CURVE_WITH_KNOTS('',5,(#1301,#1302,#1303,#1304,#1305,
    #1306),.UNSPECIFIED.,.F.,.F.,(6,6),(0.,1.),
  .PIECEWISE_BEZIER_KNOTS.);
#1301 = CARTESIAN_POINT('',(56.072503022975,10.961402660218,1.2));
#1302 = CARTESIAN_POINT('',(56.053491658889,10.961402660218,1.2));
#1303 = CARTESIAN_POINT('',(56.029659479053,10.957794129806,1.2));
#1304 = CARTESIAN_POINT('',(56.001072918087,10.950609611331,1.2));
#1305 = CARTESIAN_POINT('',(55.967842147183,10.939915759412,1.2));
#1306 = CARTESIAN_POINT('',(55.930108827086,10.925804111245,1.2));
#1307 = ORIENTED_EDGE('',*,*,#1308,.F.);
#1308 = EDGE_CURVE('',#1309,#1298,#1311,.T.);
#1309 = VERTEX_POINT('',#1310);
#1310 = CARTESIAN_POINT('',(57.8323095526,10.961402660218,1.2));
#1311 = LINE('',#1312,#1313);
#1312 = CARTESIAN_POINT('',(28.036251511487,10.961402660218,1.2));
#1313 = VECTOR('',#1314,1.);
#1314 = DIRECTION('',(-1.,0.,0.));
#1315 = ORIENTED_EDGE('',*,*,#1316,.F.);
#1316 = EDGE_CURVE('',#1317,#1309,#1319,.T.);
#1317 = VERTEX_POINT('',#1318);
#1318 = CARTESIAN_POINT('',(57.903506650544,15.050592503023,1.2));
#1319 = LINE('',#1320,#1321);
#1320 = CARTESIAN_POINT('',(58.006642982718,20.974205320459,1.2));
#1321 = VECTOR('',#1322,1.);
#1322 = DIRECTION('',(-1.740841379856E-02,-0.999848462083,0.));
#1323 = ORIENTED_EDGE('',*,*,#1324,.F.);
#1324 = EDGE_CURVE('',#1325,#1317,#1327,.T.);
#1325 = VERTEX_POINT('',#1326);
#1326 = CARTESIAN_POINT('',(57.867908101572,15.205368802902,1.2));
#1327 = B_SPLINE_CURVE_WITH_KNOTS('',5,(#1328,#1329,#1330,#1331,#1332,
    #1333),.UNSPECIFIED.,.F.,.F.,(6,6),(0.,1.),
  .PIECEWISE_BEZIER_KNOTS.);
#1328 = CARTESIAN_POINT('',(57.867908101572,15.205368802902,1.2));
#1329 = CARTESIAN_POINT('',(57.881851307796,15.154142675687,1.2));
#1330 = CARTESIAN_POINT('',(57.892576250963,15.112439883553,1.2));
#1331 = CARTESIAN_POINT('',(57.899850815226,15.08098463613,1.2));
#1332 = CARTESIAN_POINT('',(57.903506650544,15.060317106664,1.2));
#1333 = CARTESIAN_POINT('',(57.903506650544,15.050592503023,1.2));
#1334 = ORIENTED_EDGE('',*,*,#1335,.F.);
#1335 = EDGE_CURVE('',#1336,#1325,#1338,.T.);
#1336 = VERTEX_POINT('',#1337);
#1337 = CARTESIAN_POINT('',(57.808319226118,15.549746070133,1.2));
#1338 = B_SPLINE_CURVE_WITH_KNOTS('',5,(#1339,#1340,#1341,#1342,#1343,
    #1344),.UNSPECIFIED.,.F.,.F.,(6,6),(0.,1.),
  .PIECEWISE_BEZIER_KNOTS.);
#1339 = CARTESIAN_POINT('',(57.808319226118,15.549746070133,1.2));
#1340 = CARTESIAN_POINT('',(57.817666945958,15.466521209629,1.2));
#1341 = CARTESIAN_POINT('',(57.828250058893,15.389961978861,1.2));
#1342 = CARTESIAN_POINT('',(57.840124146525,15.320583327791,1.2));
#1343 = CARTESIAN_POINT('',(57.853335922531,15.258905721554,1.2));
#1344 = CARTESIAN_POINT('',(57.867908101572,15.205368802902,1.2));
#1345 = ORIENTED_EDGE('',*,*,#1346,.F.);
#1346 = EDGE_CURVE('',#1347,#1336,#1349,.T.);
#1347 = VERTEX_POINT('',#1348);
#1348 = CARTESIAN_POINT('',(57.737122128174,16.904812575574,1.2));
#1349 = B_SPLINE_CURVE_WITH_KNOTS('',8,(#1350,#1351,#1352,#1353,#1354,
    #1355,#1356,#1357,#1358),.UNSPECIFIED.,.F.,.F.,(9,9),(0.,1.),
  .PIECEWISE_BEZIER_KNOTS.);
#1350 = CARTESIAN_POINT('',(57.737122128174,16.904812575574,1.2));
#1351 = CARTESIAN_POINT('',(57.737122128174,16.75547645097,1.2));
#1352 = CARTESIAN_POINT('',(57.740763574946,16.597170703319,1.2));
#1353 = CARTESIAN_POINT('',(57.747255509813,16.432244199239,1.2));
#1354 = CARTESIAN_POINT('',(57.756092012114,16.2622634688,1.2));
#1355 = CARTESIAN_POINT('',(57.766872607184,16.088404732416,1.2));
#1356 = CARTESIAN_POINT('',(57.779306302447,15.91144269387,1.2));
#1357 = CARTESIAN_POINT('',(57.793172161472,15.731840129902,1.2));
#1358 = CARTESIAN_POINT('',(57.808319226118,15.549746070133,1.2));
#1359 = ORIENTED_EDGE('',*,*,#1360,.F.);
#1360 = EDGE_CURVE('',#1361,#1347,#1363,.T.);
#1361 = VERTEX_POINT('',#1362);
#1362 = CARTESIAN_POINT('',(57.737122128174,21.541136638452,1.2));
#1363 = LINE('',#1364,#1365);
#1364 = CARTESIAN_POINT('',(57.737122128174,24.452406287787,1.2));
#1365 = VECTOR('',#1366,1.);
#1366 = DIRECTION('',(0.,-1.,0.));
#1367 = ORIENTED_EDGE('',*,*,#1368,.F.);
#1368 = EDGE_CURVE('',#1369,#1361,#1371,.T.);
#1369 = VERTEX_POINT('',#1370);
#1370 = CARTESIAN_POINT('',(57.66592503023,22.444256348247,1.2));
#1371 = LINE('',#1372,#1373);
#1372 = CARTESIAN_POINT('',(57.14910122858,29.000053919169,1.2));
#1373 = VECTOR('',#1374,1.);
#1374 = DIRECTION('',(7.859078014551E-02,-0.996906961194,0.));
#1375 = ORIENTED_EDGE('',*,*,#1376,.F.);
#1376 = EDGE_CURVE('',#1377,#1369,#1379,.T.);
#1377 = VERTEX_POINT('',#1378);
#1378 = CARTESIAN_POINT('',(57.617944377267,23.419347037485,1.2));
#1379 = B_SPLINE_CURVE_WITH_KNOTS('',5,(#1380,#1381,#1382,#1383,#1384,
    #1385),.UNSPECIFIED.,.F.,.F.,(6,6),(0.,1.),
  .PIECEWISE_BEZIER_KNOTS.);
#1380 = CARTESIAN_POINT('',(57.617944377267,23.419347037485,1.2));
#1381 = CARTESIAN_POINT('',(57.607252122057,23.24965059996,1.2));
#1382 = CARTESIAN_POINT('',(57.609076130949,23.062998273995,1.2));
#1383 = CARTESIAN_POINT('',(57.620681508977,22.864602857693,1.2));
#1384 = CARTESIAN_POINT('',(57.640061490146,22.657839130874,1.2));
#1385 = CARTESIAN_POINT('',(57.66592503023,22.444256348247,1.2));
#1386 = ORIENTED_EDGE('',*,*,#1387,.F.);
#1387 = EDGE_CURVE('',#1388,#1377,#1390,.T.);
#1388 = VERTEX_POINT('',#1389);
#1389 = CARTESIAN_POINT('',(57.582345828295,24.215671100363,1.2));
#1390 = B_SPLINE_CURVE_WITH_KNOTS('',6,(#1391,#1392,#1393,#1394,#1395,
    #1396,#1397),.UNSPECIFIED.,.F.,.F.,(7,7),(0.,1.),
  .PIECEWISE_BEZIER_KNOTS.);
#1391 = CARTESIAN_POINT('',(57.582345828295,24.215671100363,1.2));
#1392 = CARTESIAN_POINT('',(57.595403022013,24.106671918023,1.2));
#1393 = CARTESIAN_POINT('',(57.605083746866,23.985565971598,1.2));
#1394 = CARTESIAN_POINT('',(57.61181354296,23.854625564092,1.2));
#1395 = CARTESIAN_POINT('',(57.615989632475,23.715751396563,1.2));
#1396 = CARTESIAN_POINT('',(57.617944377267,23.570353043094,1.2));
#1397 = CARTESIAN_POINT('',(57.617944377267,23.419347037485,1.2));
#1398 = ORIENTED_EDGE('',*,*,#1399,.F.);
#1399 = EDGE_CURVE('',#1400,#1388,#1402,.T.);
#1400 = VERTEX_POINT('',#1401);
#1401 = CARTESIAN_POINT('',(57.427569528416,24.679226118501,1.2));
#1402 = B_SPLINE_CURVE_WITH_KNOTS('',6,(#1403,#1404,#1405,#1406,#1407,
    #1408,#1409),.UNSPECIFIED.,.F.,.F.,(7,7),(0.,1.),
  .PIECEWISE_BEZIER_KNOTS.);
#1403 = CARTESIAN_POINT('',(57.427569528416,24.679226118501,1.2));
#1404 = CARTESIAN_POINT('',(57.468612683118,24.621925610312,1.2));
#1405 = CARTESIAN_POINT('',(57.503367022419,24.555794615248,1.2));
#1406 = CARTESIAN_POINT('',(57.531844130323,24.481366081483,1.2));
#1407 = CARTESIAN_POINT('',(57.554271211188,24.399361400418,1.2));
#1408 = CARTESIAN_POINT('',(57.570980131166,24.310549963349,1.2));
#1409 = CARTESIAN_POINT('',(57.582345828295,24.215671100363,1.2));
#1410 = ORIENTED_EDGE('',*,*,#1411,.F.);
#1411 = EDGE_CURVE('',#1412,#1400,#1414,.T.);
#1412 = VERTEX_POINT('',#1413);
#1413 = CARTESIAN_POINT('',(56.976396614268,24.845610640871,1.2));
#1414 = B_SPLINE_CURVE_WITH_KNOTS('',5,(#1415,#1416,#1417,#1418,#1419,
    #1420,#1421,#1422,#1423,#1424,#1425,#1426,#1427,#1428),
  .UNSPECIFIED.,.F.,.F.,(6,4,4,6),(0.,0.474656308891,0.928714381152,1.),
  .UNSPECIFIED.);
#1415 = CARTESIAN_POINT('',(56.976396614268,24.845610640871,1.2));
#1416 = CARTESIAN_POINT('',(57.032142733577,24.845610640871,1.2));
#1417 = CARTESIAN_POINT('',(57.085436536171,24.842221089307,1.2));
#1418 = CARTESIAN_POINT('',(57.13597994793,24.835214783147,1.2));
#1419 = CARTESIAN_POINT('',(57.183455467632,24.824388040691,1.2));
#1420 = CARTESIAN_POINT('',(57.26979816932,24.795520515898,1.2));
#1421 = CARTESIAN_POINT('',(57.308952599243,24.777812298374,1.2));
#1422 = CARTESIAN_POINT('',(57.344798514733,24.756417224783,1.2));
#1423 = CARTESIAN_POINT('',(57.377145617167,24.731323147551,1.2));
#1424 = CARTESIAN_POINT('',(57.410406606021,24.698127116687,1.2));
#1425 = CARTESIAN_POINT('',(57.41483121887,24.693533929153,1.2));
#1426 = CARTESIAN_POINT('',(57.41916677683,24.688852404721,1.2));
#1427 = CARTESIAN_POINT('',(57.423412965084,24.684082972394,1.2));
#1428 = CARTESIAN_POINT('',(57.427569528416,24.679226118501,1.2));
#1429 = ORIENTED_EDGE('',*,*,#1430,.F.);
#1430 = EDGE_CURVE('',#1431,#1412,#1433,.T.);
#1431 = VERTEX_POINT('',#1432);
#1432 = CARTESIAN_POINT('',(56.952406287787,24.821620314389,1.2));
#1433 = LINE('',#1434,#1435);
#1434 = CARTESIAN_POINT('',(44.520894800484,12.390108827086,1.2));
#1435 = VECTOR('',#1436,1.);
#1436 = DIRECTION('',(0.707106781187,0.707106781187,0.));
#1437 = ORIENTED_EDGE('',*,*,#1438,.F.);
#1438 = EDGE_CURVE('',#1439,#1431,#1441,.T.);
#1439 = VERTEX_POINT('',#1440);
#1440 = CARTESIAN_POINT('',(56.881209189843,24.797629987908,1.2));
#1441 = LINE('',#1442,#1443);
#1442 = CARTESIAN_POINT('',(32.465805335189,16.570700428188,1.2));
#1443 = VECTOR('',#1444,1.);
#1444 = DIRECTION('',(0.947648212829,0.319316245627,0.));
#1445 = ORIENTED_EDGE('',*,*,#1446,.F.);
#1446 = EDGE_CURVE('',#1447,#1439,#1449,.T.);
#1447 = VERTEX_POINT('',#1448);
#1448 = CARTESIAN_POINT('',(56.83322853688,24.821620314389,1.2));
#1449 = B_SPLINE_CURVE_WITH_KNOTS('',4,(#1450,#1451,#1452,#1453,#1454,
    #1455,#1456,#1457),.UNSPECIFIED.,.F.,.F.,(5,3,5),(0.,0.200815636968,
    1.),.UNSPECIFIED.);
#1450 = CARTESIAN_POINT('',(56.83322853688,24.821620314389,1.2));
#1451 = CARTESIAN_POINT('',(56.83322853688,24.819209656707,1.2));
#1452 = CARTESIAN_POINT('',(56.833551515396,24.816960117362,1.2));
#1453 = CARTESIAN_POINT('',(56.834197696203,24.814871994342,1.2));
#1454 = CARTESIAN_POINT('',(56.839024546603,24.805278328994,1.2));
#1455 = CARTESIAN_POINT('',(56.847999836698,24.800170099358,1.2));
#1456 = CARTESIAN_POINT('',(56.862087608678,24.797629987908,1.2));
#1457 = CARTESIAN_POINT('',(56.881209189843,24.797629987908,1.2));
#1458 = ORIENTED_EDGE('',*,*,#1459,.F.);
#1459 = EDGE_CURVE('',#1460,#1447,#1462,.T.);
#1460 = VERTEX_POINT('',#1461);
#1461 = CARTESIAN_POINT('',(56.714824667473,24.821620314389,1.2));
#1462 = LINE('',#1463,#1464);
#1463 = CARTESIAN_POINT('',(28.41661426844,24.821620314389,1.2));
#1464 = VECTOR('',#1465,1.);
#1465 = DIRECTION('',(1.,0.,0.));
#1466 = ORIENTED_EDGE('',*,*,#1467,.F.);
#1467 = EDGE_CURVE('',#1468,#1460,#1470,.T.);
#1468 = VERTEX_POINT('',#1469);
#1469 = CARTESIAN_POINT('',(56.548440145103,24.892817412334,1.2));
#1470 = B_SPLINE_CURVE_WITH_KNOTS('',5,(#1471,#1472,#1473,#1474,#1475,
    #1476),.UNSPECIFIED.,.F.,.F.,(6,6),(0.,1.),
  .PIECEWISE_BEZIER_KNOTS.);
#1471 = CARTESIAN_POINT('',(56.548440145103,24.892817412334,1.2));
#1472 = CARTESIAN_POINT('',(56.557878450862,24.883064496382,1.2));
#1473 = CARTESIAN_POINT('',(56.579676095285,24.870945632757,1.2));
#1474 = CARTESIAN_POINT('',(56.613617776799,24.856544832009,1.2));
#1475 = CARTESIAN_POINT('',(56.658976535536,24.840035103839,1.2));
#1476 = CARTESIAN_POINT('',(56.714824667473,24.821620314389,1.2));
#1477 = ORIENTED_EDGE('',*,*,#1478,.F.);
#1478 = EDGE_CURVE('',#1479,#1468,#1481,.T.);
#1479 = VERTEX_POINT('',#1480);
#1480 = CARTESIAN_POINT('',(56.00130592503,24.821620314389,1.2));
#1481 = B_SPLINE_CURVE_WITH_KNOTS('',7,(#1482,#1483,#1484,#1485,#1486,
    #1487,#1488,#1489),.UNSPECIFIED.,.F.,.F.,(8,8),(0.,1.),
  .PIECEWISE_BEZIER_KNOTS.);
#1482 = CARTESIAN_POINT('',(56.00130592503,24.821620314389,1.2));
#1483 = CARTESIAN_POINT('',(56.107820928682,24.839340712827,1.2));
#1484 = CARTESIAN_POINT('',(56.207962588408,24.855284288696,1.2));
#1485 = CARTESIAN_POINT('',(56.300551662895,24.869139343217,1.2));
#1486 = CARTESIAN_POINT('',(56.383592792263,24.880423909768,1.2));
#1487 = CARTESIAN_POINT('',(56.454493585994,24.88854164243,1.2));
#1488 = CARTESIAN_POINT('',(56.510201185196,24.892817412334,1.2));
#1489 = CARTESIAN_POINT('',(56.548440145103,24.892817412334,1.2));
#1490 = ORIENTED_EDGE('',*,*,#1491,.F.);
#1491 = EDGE_CURVE('',#1492,#1479,#1494,.T.);
#1492 = VERTEX_POINT('',#1493);
#1493 = CARTESIAN_POINT('',(55.66853688029,24.797629987908,1.2));
#1494 = LINE('',#1495,#1496);
#1495 = CARTESIAN_POINT('',(28.402848840626,22.831964105979,1.2));
#1496 = VECTOR('',#1497,1.);
#1497 = DIRECTION('',(0.997411384201,7.190640211685E-02,0.));
#1498 = ORIENTED_EDGE('',*,*,#1499,.F.);
#1499 = EDGE_CURVE('',#1500,#1492,#1502,.T.);
#1500 = VERTEX_POINT('',#1501);
#1501 = CARTESIAN_POINT('',(55.526142684401,24.892817412334,1.2));
#1502 = B_SPLINE_CURVE_WITH_KNOTS('',5,(#1503,#1504,#1505,#1506,#1507,
    #1508,#1509,#1510,#1511,#1512),.UNSPECIFIED.,.F.,.F.,(6,4,6),(0.,
    0.374305157005,1.),.UNSPECIFIED.);
#1503 = CARTESIAN_POINT('',(55.526142684401,24.892817412334,1.2));
#1504 = CARTESIAN_POINT('',(55.529613682935,24.878586318347,1.2));
#1505 = CARTESIAN_POINT('',(55.534433773365,24.865649896035,1.2));
#1506 = CARTESIAN_POINT('',(55.540613562892,24.854032777798,1.2));
#1507 = CARTESIAN_POINT('',(55.548154640465,24.843751114522,1.2));
#1508 = CARTESIAN_POINT('',(55.571918503057,24.819870762407,1.2));
#1509 = CARTESIAN_POINT('',(55.590570901741,24.808681421182,1.2));
#1510 = CARTESIAN_POINT('',(55.612971114231,24.80128100871,1.2));
#1511 = CARTESIAN_POINT('',(55.639013027133,24.797629987908,1.2));
#1512 = CARTESIAN_POINT('',(55.66853688029,24.797629987908,1.2));
#1513 = ORIENTED_EDGE('',*,*,#1514,.F.);
#1514 = EDGE_CURVE('',#1515,#1500,#1517,.T.);
#1515 = VERTEX_POINT('',#1516);
#1516 = CARTESIAN_POINT('',(53.410350665054,24.892817412334,1.2));
#1517 = LINE('',#1518,#1519);
#1518 = CARTESIAN_POINT('',(26.871559854897,24.892817412334,1.2));
#1519 = VECTOR('',#1520,1.);
#1520 = DIRECTION('',(1.,0.,0.));
#1521 = ORIENTED_EDGE('',*,*,#1522,.F.);
#1522 = EDGE_CURVE('',#1523,#1515,#1525,.T.);
#1523 = VERTEX_POINT('',#1524);
#1524 = CARTESIAN_POINT('',(52.792019347037,25.011995163241,1.2));
#1525 = LINE('',#1526,#1527);
#1526 = CARTESIAN_POINT('',(27.001323511543,29.982917764825,1.2));
#1527 = VECTOR('',#1528,1.);
#1528 = DIRECTION('',(0.981927470354,-0.189257610056,0.));
#1529 = ORIENTED_EDGE('',*,*,#1530,.F.);
#1530 = EDGE_CURVE('',#1531,#1523,#1533,.T.);
#1531 = VERTEX_POINT('',#1532);
#1532 = CARTESIAN_POINT('',(52.221668681983,25.083192261185,1.2));
#1533 = LINE('',#1534,#1535);
#1534 = CARTESIAN_POINT('',(26.371552264156,28.31007246531,1.2));
#1535 = VECTOR('',#1536,1.);
#1536 = DIRECTION('',(0.99229857676,-0.123869021794,0.));
#1537 = ORIENTED_EDGE('',*,*,#1538,.F.);
#1538 = EDGE_CURVE('',#1013,#1531,#1539,.T.);
#1539 = LINE('',#1540,#1541);
#1540 = CARTESIAN_POINT('',(26.007587187481,27.344944695647,1.2));
#1541 = VECTOR('',#1542,1.);
#1542 = DIRECTION('',(0.996298529146,-8.596069346243E-02,0.));
#1543 = FACE_BOUND('',#1544,.F.);
#1544 = EDGE_LOOP('',(#1545,#1562,#1573,#1584,#1599,#1613,#1625,#1633,
    #1646,#1667,#1688,#1719,#1727,#1748,#1758,#1769,#1777,#1785,#1796,
    #1809,#1820,#1828,#1843,#1855,#1867,#1881,#1904,#1915,#1923,#1934,
    #1947,#1962,#1973,#1984,#1996,#2007,#2028,#2041,#2049,#2061,#2073,
    #2084,#2096,#2107,#2120,#2130,#2140,#2148,#2161,#2171,#2183,#2196,
    #2211,#2222,#2230,#2262,#2283,#2291,#2303,#2318,#2330,#2338,#2349,
    #2357,#2369,#2377,#2387,#2397,#2412,#2423,#2433,#2444,#2452,#2460,
    #2468,#2476,#2488,#2501,#2512,#2522,#2530,#2538,#2546,#2557,#2565,
    #2584));
#1545 = ORIENTED_EDGE('',*,*,#1546,.F.);
#1546 = EDGE_CURVE('',#1547,#1549,#1551,.T.);
#1547 = VERTEX_POINT('',#1548);
#1548 = CARTESIAN_POINT('',(61.360435308343,24.631245465538,1.2));
#1549 = VERTEX_POINT('',#1550);
#1550 = CARTESIAN_POINT('',(61.431632406288,24.726432889964,1.2));
#1551 = B_SPLINE_CURVE_WITH_KNOTS('',5,(#1552,#1553,#1554,#1555,#1556,
    #1557,#1558,#1559,#1560,#1561),.UNSPECIFIED.,.F.,.F.,(6,4,6),(0.,
    0.88748515286,1.),.UNSPECIFIED.);
#1552 = CARTESIAN_POINT('',(61.360435308343,24.631245465538,1.2));
#1553 = CARTESIAN_POINT('',(61.368864145864,24.664688917635,1.2));
#1554 = CARTESIAN_POINT('',(61.379145085565,24.691030308584,1.2));
#1555 = CARTESIAN_POINT('',(61.391311422839,24.709983675041,1.2));
#1556 = CARTESIAN_POINT('',(61.405363743773,24.721382277245,1.2));
#1557 = CARTESIAN_POINT('',(61.42327546083,24.725703661647,1.2));
#1558 = CARTESIAN_POINT('',(61.425320442455,24.726068315805,1.2));
#1559 = CARTESIAN_POINT('',(61.42739498972,24.726311385141,1.2));
#1560 = CARTESIAN_POINT('',(61.429499011272,24.726432889964,1.2));
#1561 = CARTESIAN_POINT('',(61.431632406288,24.726432889964,1.2));
#1562 = ORIENTED_EDGE('',*,*,#1563,.F.);
#1563 = EDGE_CURVE('',#1564,#1547,#1566,.T.);
#1564 = VERTEX_POINT('',#1565);
#1565 = CARTESIAN_POINT('',(61.122853688029,24.108101571947,1.2));
#1566 = B_SPLINE_CURVE_WITH_KNOTS('',5,(#1567,#1568,#1569,#1570,#1571,
    #1572),.UNSPECIFIED.,.F.,.F.,(6,6),(0.,1.),
  .PIECEWISE_BEZIER_KNOTS.);
#1567 = CARTESIAN_POINT('',(61.122853688029,24.108101571947,1.2));
#1568 = CARTESIAN_POINT('',(61.150638044881,24.228903123476,1.2));
#1569 = CARTESIAN_POINT('',(61.187928433774,24.342508401512,1.2));
#1570 = CARTESIAN_POINT('',(61.235221002915,24.447967889846,1.2));
#1571 = CARTESIAN_POINT('',(61.292789991613,24.544407756619,1.2));
#1572 = CARTESIAN_POINT('',(61.360435308343,24.631245465538,1.2));
#1573 = ORIENTED_EDGE('',*,*,#1574,.F.);
#1574 = EDGE_CURVE('',#1575,#1564,#1577,.T.);
#1575 = VERTEX_POINT('',#1576);
#1576 = CARTESIAN_POINT('',(61.003675937122,23.799322853688,1.2));
#1577 = B_SPLINE_CURVE_WITH_KNOTS('',5,(#1578,#1579,#1580,#1581,#1582,
    #1583),.UNSPECIFIED.,.F.,.F.,(6,6),(0.,1.),
  .PIECEWISE_BEZIER_KNOTS.);
#1578 = CARTESIAN_POINT('',(61.003675937122,23.799322853688,1.2));
#1579 = CARTESIAN_POINT('',(61.022508602847,23.874046011241,1.2));
#1580 = CARTESIAN_POINT('',(61.043778489585,23.942639652512,1.2));
#1581 = CARTESIAN_POINT('',(61.067562358134,24.004732110117,1.2));
#1582 = CARTESIAN_POINT('',(61.093915741312,24.059976508384,1.2));
#1583 = CARTESIAN_POINT('',(61.122853688029,24.108101571947,1.2));
#1584 = ORIENTED_EDGE('',*,*,#1585,.F.);
#1585 = EDGE_CURVE('',#1586,#1575,#1588,.T.);
#1586 = VERTEX_POINT('',#1587);
#1587 = CARTESIAN_POINT('',(60.694897218863,22.610640870617,1.2));
#1588 = B_SPLINE_CURVE_WITH_KNOTS('',5,(#1589,#1590,#1591,#1592,#1593,
    #1594,#1595,#1596,#1597,#1598),.UNSPECIFIED.,.F.,.F.,(6,4,6),(0.,
    0.554202561994,1.),.UNSPECIFIED.);
#1589 = CARTESIAN_POINT('',(60.694897218863,22.610640870617,1.2));
#1590 = CARTESIAN_POINT('',(60.713243548354,22.757262349388,1.2));
#1591 = CARTESIAN_POINT('',(60.734974419156,22.901238687566,1.2));
#1592 = CARTESIAN_POINT('',(60.76054372509,23.042066915896,1.2));
#1593 = CARTESIAN_POINT('',(60.790509768408,23.178929447473,1.2));
#1594 = CARTESIAN_POINT('',(60.85381763467,23.416585338928,1.2));
#1595 = CARTESIAN_POINT('',(60.885347512438,23.519175922158,1.2));
#1596 = CARTESIAN_POINT('',(60.920558496872,23.617801362044,1.2));
#1597 = CARTESIAN_POINT('',(60.959871126203,23.711554518766,1.2));
#1598 = CARTESIAN_POINT('',(61.003675937122,23.799322853688,1.2));
#1599 = ORIENTED_EDGE('',*,*,#1600,.F.);
#1600 = EDGE_CURVE('',#1601,#1586,#1603,.T.);
#1601 = VERTEX_POINT('',#1602);
#1602 = CARTESIAN_POINT('',(60.599709794438,20.874824667473,1.2));
#1603 = B_SPLINE_CURVE_WITH_KNOTS('',8,(#1604,#1605,#1606,#1607,#1608,
    #1609,#1610,#1611,#1612),.UNSPECIFIED.,.F.,.F.,(9,9),(0.,1.),
  .PIECEWISE_BEZIER_KNOTS.);
#1604 = CARTESIAN_POINT('',(60.599709794438,20.874824667473,1.2));
#1605 = CARTESIAN_POINT('',(60.599709794438,21.073172970708,1.2));
#1606 = CARTESIAN_POINT('',(60.604896056353,21.280548125701,1.2));
#1607 = CARTESIAN_POINT('',(60.613848911604,21.494036017816,1.2));
#1608 = CARTESIAN_POINT('',(60.625842395857,21.71198503925,1.2));
#1609 = CARTESIAN_POINT('',(60.640280550061,21.933149995028,1.2));
#1610 = CARTESIAN_POINT('',(60.656782673163,22.156830254176,1.2));
#1611 = CARTESIAN_POINT('',(60.675051522519,22.382657383342,1.2));
#1612 = CARTESIAN_POINT('',(60.694897218863,22.610640870617,1.2));
#1613 = ORIENTED_EDGE('',*,*,#1614,.F.);
#1614 = EDGE_CURVE('',#1615,#1601,#1617,.T.);
#1615 = VERTEX_POINT('',#1616);
#1616 = CARTESIAN_POINT('',(60.575719467956,20.090882708585,1.2));
#1617 = B_SPLINE_CURVE_WITH_KNOTS('',6,(#1618,#1619,#1620,#1621,#1622,
    #1623,#1624),.UNSPECIFIED.,.F.,.F.,(7,7),(0.,1.),
  .PIECEWISE_BEZIER_KNOTS.);
#1618 = CARTESIAN_POINT('',(60.575719467956,20.090882708585,1.2));
#1619 = CARTESIAN_POINT('',(60.575719467956,20.241000806617,1.2));
#1620 = CARTESIAN_POINT('',(60.577021338537,20.385227119075,1.2));
#1621 = CARTESIAN_POINT('',(60.579812142565,20.522573700188,1.2));
#1622 = CARTESIAN_POINT('',(60.584328837982,20.651468213565,1.2));
#1623 = CARTESIAN_POINT('',(60.590858507533,20.769751326151,1.2));
#1624 = CARTESIAN_POINT('',(60.599709794438,20.874824667473,1.2));
#1625 = ORIENTED_EDGE('',*,*,#1626,.F.);
#1626 = EDGE_CURVE('',#1627,#1615,#1629,.T.);
#1627 = VERTEX_POINT('',#1628);
#1628 = CARTESIAN_POINT('',(60.575719467956,19.519758162031,1.2));
#1629 = LINE('',#1630,#1631);
#1630 = CARTESIAN_POINT('',(60.575719467956,26.045441354293,1.2));
#1631 = VECTOR('',#1632,1.);
#1632 = DIRECTION('',(0.,1.,0.));
#1633 = ORIENTED_EDGE('',*,*,#1634,.F.);
#1634 = EDGE_CURVE('',#1635,#1627,#1637,.T.);
#1635 = VERTEX_POINT('',#1636);
#1636 = CARTESIAN_POINT('',(60.551729141475,18.403047158404,1.2));
#1637 = B_SPLINE_CURVE_WITH_KNOTS('',7,(#1638,#1639,#1640,#1641,#1642,
    #1643,#1644,#1645),.UNSPECIFIED.,.F.,.F.,(8,8),(0.,1.),
  .PIECEWISE_BEZIER_KNOTS.);
#1638 = CARTESIAN_POINT('',(60.551729141475,18.403047158404,1.2));
#1639 = CARTESIAN_POINT('',(60.559745196321,18.538027178709,1.2));
#1640 = CARTESIAN_POINT('',(60.56572072237,18.685064729617,1.2));
#1641 = CARTESIAN_POINT('',(60.570059752297,18.841010910515,1.2));
#1642 = CARTESIAN_POINT('',(60.573034930171,19.003716784112,1.2));
#1643 = CARTESIAN_POINT('',(60.57486643366,19.171623382319,1.2));
#1644 = CARTESIAN_POINT('',(60.575719467956,19.343779639234,1.2));
#1645 = CARTESIAN_POINT('',(60.575719467956,19.519758162031,1.2));
#1646 = ORIENTED_EDGE('',*,*,#1647,.F.);
#1647 = EDGE_CURVE('',#1648,#1635,#1650,.T.);
#1648 = VERTEX_POINT('',#1649);
#1649 = CARTESIAN_POINT('',(60.528512696493,16.714437726723,1.2));
#1650 = B_SPLINE_CURVE_WITH_KNOTS('',8,(#1651,#1652,#1653,#1654,#1655,
    #1656,#1657,#1658,#1659,#1660,#1661,#1662,#1663,#1664,#1665,#1666),
  .UNSPECIFIED.,.F.,.F.,(9,7,9),(0.,0.654017543021,1.),.UNSPECIFIED.);
#1651 = CARTESIAN_POINT('',(60.528512696493,16.714437726723,1.2));
#1652 = CARTESIAN_POINT('',(60.528512696493,16.864933401605,1.2));
#1653 = CARTESIAN_POINT('',(60.528701796116,17.014387060326,1.2));
#1654 = CARTESIAN_POINT('',(60.52910498277,17.162765868275,1.2));
#1655 = CARTESIAN_POINT('',(60.529755860527,17.309892453603,1.2));
#1656 = CARTESIAN_POINT('',(60.53069498128,17.455458733504,1.2));
#1657 = CARTESIAN_POINT('',(60.531983149361,17.598939280196,1.2));
#1658 = CARTESIAN_POINT('',(60.53369475297,17.739635881244,1.2));
#1659 = CARTESIAN_POINT('',(60.537183612296,17.948620400817,1.2));
#1660 = CARTESIAN_POINT('',(60.538547947959,18.019664775322,1.2));
#1661 = CARTESIAN_POINT('',(60.540092145162,18.089369099405,1.2));
#1662 = CARTESIAN_POINT('',(60.541842850506,18.157503674409,1.2));
#1663 = CARTESIAN_POINT('',(60.543833975832,18.223654927736,1.2));
#1664 = CARTESIAN_POINT('',(60.5461062846,18.287230419685,1.2));
#1665 = CARTESIAN_POINT('',(60.548711505333,18.347422065508,1.2));
#1666 = CARTESIAN_POINT('',(60.551729141475,18.403047158404,1.2));
#1667 = ORIENTED_EDGE('',*,*,#1668,.F.);
#1668 = EDGE_CURVE('',#1669,#1648,#1671,.T.);
#1669 = VERTEX_POINT('',#1670);
#1670 = CARTESIAN_POINT('',(60.670906892382,11.50853688029,1.2));
#1671 = B_SPLINE_CURVE_WITH_KNOTS('',8,(#1672,#1673,#1674,#1675,#1676,
    #1677,#1678,#1679,#1680,#1681,#1682,#1683,#1684,#1685,#1686,#1687),
  .UNSPECIFIED.,.F.,.F.,(9,7,9),(0.,0.493937589004,1.),.UNSPECIFIED.);
#1672 = CARTESIAN_POINT('',(60.670906892382,11.50853688029,1.2));
#1673 = CARTESIAN_POINT('',(60.646385192128,11.823720690623,1.2));
#1674 = CARTESIAN_POINT('',(60.626152431164,12.140978203653,1.2));
#1675 = CARTESIAN_POINT('',(60.60907185183,12.459644865458,1.2));
#1676 = CARTESIAN_POINT('',(60.594594493125,12.779351109315,1.2));
#1677 = CARTESIAN_POINT('',(60.582273725734,13.099822321107,1.2));
#1678 = CARTESIAN_POINT('',(60.571818358329,13.420903163484,1.2));
#1679 = CARTESIAN_POINT('',(60.562983129433,13.742509278787,1.2));
#1680 = CARTESIAN_POINT('',(60.547997702038,14.394667517554,1.2));
#1681 = CARTESIAN_POINT('',(60.541920071725,14.725166184597,1.2));
#1682 = CARTESIAN_POINT('',(60.537146856086,15.05604762757,1.2));
#1683 = CARTESIAN_POINT('',(60.533527551745,15.387248552175,1.2));
#1684 = CARTESIAN_POINT('',(60.530944448821,15.718720400864,1.2));
#1685 = CARTESIAN_POINT('',(60.529300416875,16.050425964753,1.2));
#1686 = CARTESIAN_POINT('',(60.528512696493,16.382337696869,1.2));
#1687 = CARTESIAN_POINT('',(60.528512696493,16.714437726723,1.2));
#1688 = ORIENTED_EDGE('',*,*,#1689,.F.);
#1689 = EDGE_CURVE('',#1690,#1669,#1692,.T.);
#1690 = VERTEX_POINT('',#1691);
#1691 = CARTESIAN_POINT('',(61.47961305925,11.080580411125,1.2));
#1692 = B_SPLINE_CURVE_WITH_KNOTS('',7,(#1693,#1694,#1695,#1696,#1697,
    #1698,#1699,#1700,#1701,#1702,#1703,#1704,#1705,#1706,#1707,#1708,
    #1709,#1710,#1711,#1712,#1713,#1714,#1715,#1716,#1717,#1718),
  .UNSPECIFIED.,.F.,.F.,(8,6,6,6,8),(0.,0.572707050365,0.720416676098,
    0.950532116726,1.),.UNSPECIFIED.);
#1693 = CARTESIAN_POINT('',(61.47961305925,11.080580411125,1.2));
#1694 = CARTESIAN_POINT('',(61.382131809248,11.097744573804,1.2));
#1695 = CARTESIAN_POINT('',(61.287035874036,11.116908815022,1.2));
#1696 = CARTESIAN_POINT('',(61.194495290303,11.138444552545,1.2));
#1697 = CARTESIAN_POINT('',(61.105215970799,11.16279146368,1.2));
#1698 = CARTESIAN_POINT('',(61.020501028022,11.190493529496,1.2));
#1699 = CARTESIAN_POINT('',(60.942217294338,11.222181913717,1.2));
#1700 = CARTESIAN_POINT('',(60.855252788196,11.268202365293,1.2));
#1701 = CARTESIAN_POINT('',(60.83804384062,11.277956992549,1.2));
#1702 = CARTESIAN_POINT('',(60.821507709155,11.288041928319,1.2));
#1703 = CARTESIAN_POINT('',(60.805701878076,11.298467366568,1.2));
#1704 = CARTESIAN_POINT('',(60.790688302551,11.309241448129,1.2));
#1705 = CARTESIAN_POINT('',(60.776531513043,11.320369433791,1.2));
#1706 = CARTESIAN_POINT('',(60.742678359299,11.34974282647,1.2));
#1707 = CARTESIAN_POINT('',(60.724287702497,11.36850399589,1.2));
#1708 = CARTESIAN_POINT('',(60.708390227011,11.388129361499,1.2));
#1709 = CARTESIAN_POINT('',(60.695236190176,11.40859078945,1.2));
#1710 = CARTESIAN_POINT('',(60.685034595079,11.42983195433,1.2));
#1711 = CARTESIAN_POINT('',(60.67792055955,11.451759295464,1.2));
#1712 = CARTESIAN_POINT('',(60.67305524736,11.479061752912,1.2));
#1713 = CARTESIAN_POINT('',(60.672338053019,11.483917972269,1.2));
#1714 = CARTESIAN_POINT('',(60.671764725739,11.488798425459,1.2));
#1715 = CARTESIAN_POINT('',(60.67133526884,11.49370184517,1.2));
#1716 = CARTESIAN_POINT('',(60.671049468225,11.498626940754,1.2));
#1717 = CARTESIAN_POINT('',(60.670906892382,11.503572398232,1.2));
#1718 = CARTESIAN_POINT('',(60.670906892382,11.50853688029,1.2));
#1719 = ORIENTED_EDGE('',*,*,#1720,.F.);
#1720 = EDGE_CURVE('',#1721,#1690,#1723,.T.);
#1721 = VERTEX_POINT('',#1722);
#1722 = CARTESIAN_POINT('',(62.786698911729,11.080580411125,1.2));
#1723 = LINE('',#1724,#1725);
#1724 = CARTESIAN_POINT('',(31.096178960097,11.080580411125,1.2));
#1725 = VECTOR('',#1726,1.);
#1726 = DIRECTION('',(-1.,0.,0.));
#1727 = ORIENTED_EDGE('',*,*,#1728,.F.);
#1728 = EDGE_CURVE('',#1729,#1721,#1731,.T.);
#1729 = VERTEX_POINT('',#1730);
#1730 = CARTESIAN_POINT('',(64.807303506651,11.127787182588,1.2));
#1731 = B_SPLINE_CURVE_WITH_KNOTS('',8,(#1732,#1733,#1734,#1735,#1736,
    #1737,#1738,#1739,#1740,#1741,#1742,#1743,#1744,#1745,#1746,#1747),
  .UNSPECIFIED.,.F.,.F.,(9,7,9),(0.,0.563303519234,1.),.UNSPECIFIED.);
#1732 = CARTESIAN_POINT('',(64.807303506651,11.127787182588,1.2));
#1733 = CARTESIAN_POINT('',(64.680140483957,11.118767479815,1.2));
#1734 = CARTESIAN_POINT('',(64.547828076019,11.111387475032,1.2));
#1735 = CARTESIAN_POINT('',(64.41190244271,11.10524760569,1.2));
#1736 = CARTESIAN_POINT('',(64.273268881097,11.100136158195,1.2));
#1737 = CARTESIAN_POINT('',(64.132606312899,11.095879918201,1.2));
#1738 = CARTESIAN_POINT('',(63.990323281598,11.092359110291,1.2));
#1739 = CARTESIAN_POINT('',(63.846654097502,11.089473955106,1.2));
#1740 = CARTESIAN_POINT('',(63.589228097581,11.085345251849,1.2));
#1741 = CARTESIAN_POINT('',(63.476099848166,11.083879924988,1.2));
#1742 = CARTESIAN_POINT('',(63.362357263882,11.082716734456,1.2));
#1743 = CARTESIAN_POINT('',(63.248078479646,11.081827138298,1.2));
#1744 = CARTESIAN_POINT('',(63.133326896099,11.081187525298,1.2));
#1745 = CARTESIAN_POINT('',(63.01815398995,11.080777772012,1.2));
#1746 = CARTESIAN_POINT('',(62.902600917558,11.080580411125,1.2));
#1747 = CARTESIAN_POINT('',(62.786698911729,11.080580411125,1.2));
#1748 = ORIENTED_EDGE('',*,*,#1749,.F.);
#1749 = EDGE_CURVE('',#1750,#1729,#1752,.T.);
#1750 = VERTEX_POINT('',#1751);
#1751 = CARTESIAN_POINT('',(66.828681983071,11.198984280532,1.2));
#1752 = B_SPLINE_CURVE_WITH_KNOTS('',4,(#1753,#1754,#1755,#1756,#1757),
  .UNSPECIFIED.,.F.,.F.,(5,5),(0.,1.),.PIECEWISE_BEZIER_KNOTS.);
#1753 = CARTESIAN_POINT('',(66.828681983071,11.198984280532,1.2));
#1754 = CARTESIAN_POINT('',(66.321872205813,11.198984280532,1.2));
#1755 = CARTESIAN_POINT('',(65.815796358762,11.187319153072,1.2));
#1756 = CARTESIAN_POINT('',(65.310807655686,11.163668190885,1.2));
#1757 = CARTESIAN_POINT('',(64.807303506651,11.127787182588,1.2));
#1758 = ORIENTED_EDGE('',*,*,#1759,.F.);
#1759 = EDGE_CURVE('',#1760,#1750,#1762,.T.);
#1760 = VERTEX_POINT('',#1761);
#1761 = CARTESIAN_POINT('',(67.184667472793,11.17576783555,1.2));
#1762 = B_SPLINE_CURVE_WITH_KNOTS('',5,(#1763,#1764,#1765,#1766,#1767,
    #1768),.UNSPECIFIED.,.F.,.F.,(6,6),(0.,1.),
  .PIECEWISE_BEZIER_KNOTS.);
#1763 = CARTESIAN_POINT('',(67.184667472793,11.17576783555,1.2));
#1764 = CARTESIAN_POINT('',(67.135690115097,11.18537123902,1.2));
#1765 = CARTESIAN_POINT('',(67.074616769336,11.19236431818,1.2));
#1766 = CARTESIAN_POINT('',(67.002328954489,11.196840772973,1.2));
#1767 = CARTESIAN_POINT('',(66.919992058523,11.198984280532,1.2));
#1768 = CARTESIAN_POINT('',(66.828681983071,11.198984280532,1.2));
#1769 = ORIENTED_EDGE('',*,*,#1770,.F.);
#1770 = EDGE_CURVE('',#1771,#1760,#1773,.T.);
#1771 = VERTEX_POINT('',#1772);
#1772 = CARTESIAN_POINT('',(67.541426844015,11.17576783555,1.2));
#1773 = LINE('',#1774,#1775);
#1774 = CARTESIAN_POINT('',(33.592333736397,11.17576783555,1.2));
#1775 = VECTOR('',#1776,1.);
#1776 = DIRECTION('',(-1.,0.,0.));
#1777 = ORIENTED_EDGE('',*,*,#1778,.F.);
#1778 = EDGE_CURVE('',#1779,#1771,#1781,.T.);
#1779 = VERTEX_POINT('',#1780);
#1780 = CARTESIAN_POINT('',(67.660604594921,11.270955259976,1.2));
#1781 = LINE('',#1782,#1783);
#1782 = CARTESIAN_POINT('',(52.00068964008,-1.236639152008,1.2));
#1783 = VECTOR('',#1784,1.);
#1784 = DIRECTION('',(-0.781363568139,-0.62407609663,0.));
#1785 = ORIENTED_EDGE('',*,*,#1786,.F.);
#1786 = EDGE_CURVE('',#1787,#1779,#1789,.T.);
#1787 = VERTEX_POINT('',#1788);
#1788 = CARTESIAN_POINT('',(69.277243047158,11.057363966143,1.2));
#1789 = B_SPLINE_CURVE_WITH_KNOTS('',5,(#1790,#1791,#1792,#1793,#1794,
    #1795),.UNSPECIFIED.,.F.,.F.,(6,6),(0.,1.),
  .PIECEWISE_BEZIER_KNOTS.);
#1790 = CARTESIAN_POINT('',(69.277243047158,11.057363966143,1.2));
#1791 = CARTESIAN_POINT('',(68.949486176274,11.075962263002,1.2));
#1792 = CARTESIAN_POINT('',(68.623430245773,11.106285415956,1.2));
#1793 = CARTESIAN_POINT('',(68.299570244594,11.148720344407,1.2));
#1794 = CARTESIAN_POINT('',(67.978441243764,11.203563860073,1.2));
#1795 = CARTESIAN_POINT('',(67.660604594921,11.270955259976,1.2));
#1796 = ORIENTED_EDGE('',*,*,#1797,.F.);
#1797 = EDGE_CURVE('',#1798,#1787,#1800,.T.);
#1798 = VERTEX_POINT('',#1799);
#1799 = CARTESIAN_POINT('',(71.29784764208,11.00938331318,1.2));
#1800 = B_SPLINE_CURVE_WITH_KNOTS('',7,(#1801,#1802,#1803,#1804,#1805,
    #1806,#1807,#1808),.UNSPECIFIED.,.F.,.F.,(8,8),(0.,1.),
  .PIECEWISE_BEZIER_KNOTS.);
#1801 = CARTESIAN_POINT('',(71.29784764208,11.00938331318,1.2));
#1802 = CARTESIAN_POINT('',(71.000583149382,11.00938331318,1.2));
#1803 = CARTESIAN_POINT('',(70.705377112177,11.011133484979,1.2));
#1804 = CARTESIAN_POINT('',(70.412449594831,11.014867685777,1.2));
#1805 = CARTESIAN_POINT('',(70.122248155679,11.02087893867,1.2));
#1806 = CARTESIAN_POINT('',(69.835518386661,11.029568768795,1.2));
#1807 = CARTESIAN_POINT('',(69.55329465493,11.04144285016,1.2));
#1808 = CARTESIAN_POINT('',(69.277243047158,11.057363966143,1.2));
#1809 = ORIENTED_EDGE('',*,*,#1810,.F.);
#1810 = EDGE_CURVE('',#1811,#1798,#1813,.T.);
#1811 = VERTEX_POINT('',#1812);
#1812 = CARTESIAN_POINT('',(71.417025392987,11.080580411125,1.2));
#1813 = B_SPLINE_CURVE_WITH_KNOTS('',5,(#1814,#1815,#1816,#1817,#1818,
    #1819),.UNSPECIFIED.,.F.,.F.,(6,6),(0.,1.),
  .PIECEWISE_BEZIER_KNOTS.);
#1814 = CARTESIAN_POINT('',(71.417025392987,11.080580411125,1.2));
#1815 = CARTESIAN_POINT('',(71.388512938493,11.052374542163,1.2));
#1816 = CARTESIAN_POINT('',(71.362243238104,11.030968132562,1.2));
#1817 = CARTESIAN_POINT('',(71.338325748415,11.016589279445,1.2));
#1818 = CARTESIAN_POINT('',(71.316844397426,11.00938331318,1.2));
#1819 = CARTESIAN_POINT('',(71.29784764208,11.00938331318,1.2));
#1820 = ORIENTED_EDGE('',*,*,#1821,.F.);
#1821 = EDGE_CURVE('',#1822,#1811,#1824,.T.);
#1822 = VERTEX_POINT('',#1823);
#1823 = CARTESIAN_POINT('',(72.177750906892,11.080580411125,1.2));
#1824 = LINE('',#1825,#1826);
#1825 = CARTESIAN_POINT('',(35.708512696493,11.080580411125,1.2));
#1826 = VECTOR('',#1827,1.);
#1827 = DIRECTION('',(-1.,0.,0.));
#1828 = ORIENTED_EDGE('',*,*,#1829,.F.);
#1829 = EDGE_CURVE('',#1830,#1822,#1832,.T.);
#1830 = VERTEX_POINT('',#1831);
#1831 = CARTESIAN_POINT('',(72.474147521161,11.294945586457,1.2));
#1832 = B_SPLINE_CURVE_WITH_KNOTS('',5,(#1833,#1834,#1835,#1836,#1837,
    #1838,#1839,#1840,#1841,#1842),.UNSPECIFIED.,.F.,.F.,(6,4,6),(0.,
    0.704579107205,1.),.UNSPECIFIED.);
#1833 = CARTESIAN_POINT('',(72.474147521161,11.294945586457,1.2));
#1834 = CARTESIAN_POINT('',(72.445024214241,11.236487934161,1.2));
#1835 = CARTESIAN_POINT('',(72.411443941749,11.186773259547,1.2));
#1836 = CARTESIAN_POINT('',(72.373234680167,11.146930250171,1.2));
#1837 = CARTESIAN_POINT('',(72.330415460712,11.117827656389,1.2));
#1838 = CARTESIAN_POINT('',(72.263686515058,11.091981360284,1.2));
#1839 = CARTESIAN_POINT('',(72.243233550988,11.08625996343,1.2));
#1840 = CARTESIAN_POINT('',(72.222069046978,11.082463137354,1.2));
#1841 = CARTESIAN_POINT('',(72.200227760464,11.080580411125,1.2));
#1842 = CARTESIAN_POINT('',(72.177750906892,11.080580411125,1.2));
#1843 = ORIENTED_EDGE('',*,*,#1844,.F.);
#1844 = EDGE_CURVE('',#1845,#1830,#1847,.T.);
#1845 = VERTEX_POINT('',#1846);
#1846 = CARTESIAN_POINT('',(72.652914147521,11.912503022975,1.2));
#1847 = B_SPLINE_CURVE_WITH_KNOTS('',6,(#1848,#1849,#1850,#1851,#1852,
    #1853,#1854),.UNSPECIFIED.,.F.,.F.,(7,7),(0.,1.),
  .PIECEWISE_BEZIER_KNOTS.);
#1848 = CARTESIAN_POINT('',(72.652914147521,11.912503022975,1.2));
#1849 = CARTESIAN_POINT('',(72.631026692329,11.788315505473,1.2));
#1850 = CARTESIAN_POINT('',(72.606362540732,11.670869615373,1.2));
#1851 = CARTESIAN_POINT('',(72.578626121589,11.561248831954,1.2));
#1852 = CARTESIAN_POINT('',(72.547513812245,11.460900305389,1.2));
#1853 = CARTESIAN_POINT('',(72.51273733909,11.371569973136,1.2));
#1854 = CARTESIAN_POINT('',(72.474147521161,11.294945586457,1.2));
#1855 = ORIENTED_EDGE('',*,*,#1856,.F.);
#1856 = EDGE_CURVE('',#1857,#1845,#1859,.T.);
#1857 = VERTEX_POINT('',#1858);
#1858 = CARTESIAN_POINT('',(72.79530834341,12.67322853688,1.2));
#1859 = B_SPLINE_CURVE_WITH_KNOTS('',6,(#1860,#1861,#1862,#1863,#1864,
    #1865,#1866),.UNSPECIFIED.,.F.,.F.,(7,7),(0.,1.),
  .PIECEWISE_BEZIER_KNOTS.);
#1860 = CARTESIAN_POINT('',(72.79530834341,12.67322853688,1.2));
#1861 = CARTESIAN_POINT('',(72.780557843737,12.532010638372,1.2));
#1862 = CARTESIAN_POINT('',(72.76261948006,12.395568886076,1.2));
#1863 = CARTESIAN_POINT('',(72.741204910985,12.264529521843,1.2));
#1864 = CARTESIAN_POINT('',(72.715998787733,12.139690740598,1.2));
#1865 = CARTESIAN_POINT('',(72.686670077873,12.022003967773,1.2));
#1866 = CARTESIAN_POINT('',(72.652914147521,11.912503022975,1.2));
#1867 = ORIENTED_EDGE('',*,*,#1868,.F.);
#1868 = EDGE_CURVE('',#1869,#1857,#1871,.T.);
#1869 = VERTEX_POINT('',#1870);
#1870 = CARTESIAN_POINT('',(72.96169286578,13.457944377267,1.2));
#1871 = B_SPLINE_CURVE_WITH_KNOTS('',8,(#1872,#1873,#1874,#1875,#1876,
    #1877,#1878,#1879,#1880),.UNSPECIFIED.,.F.,.F.,(9,9),(0.,1.),
  .PIECEWISE_BEZIER_KNOTS.);
#1872 = CARTESIAN_POINT('',(72.96169286578,13.457944377267,1.2));
#1873 = CARTESIAN_POINT('',(72.940296041661,13.400731130166,1.2));
#1874 = CARTESIAN_POINT('',(72.918755609846,13.325595543864,1.2));
#1875 = CARTESIAN_POINT('',(72.897321810628,13.236348892828,1.2));
#1876 = CARTESIAN_POINT('',(72.876165360999,13.136484522262,1.2));
#1877 = CARTESIAN_POINT('',(72.855388042228,13.028704817633,1.2));
#1878 = CARTESIAN_POINT('',(72.835022027861,12.914962051952,1.2));
#1879 = CARTESIAN_POINT('',(72.815030550136,12.796372071557,1.2));
#1880 = CARTESIAN_POINT('',(72.79530834341,12.67322853688,1.2));
#1881 = ORIENTED_EDGE('',*,*,#1882,.F.);
#1882 = EDGE_CURVE('',#1883,#1869,#1885,.T.);
#1883 = VERTEX_POINT('',#1884);
#1884 = CARTESIAN_POINT('',(72.724111245466,14.123482466747,1.2));
#1885 = B_SPLINE_CURVE_WITH_KNOTS('',5,(#1886,#1887,#1888,#1889,#1890,
    #1891,#1892,#1893,#1894,#1895,#1896,#1897,#1898,#1899,#1900,#1901,
    #1902,#1903),.UNSPECIFIED.,.F.,.F.,(6,4,4,4,6),(0.,
    9.713642369523E-02,0.35121239534,0.507243729255,1.),.UNSPECIFIED.);
#1886 = CARTESIAN_POINT('',(72.724111245466,14.123482466747,1.2));
#1887 = CARTESIAN_POINT('',(72.734775058617,14.123482466747,1.2));
#1888 = CARTESIAN_POINT('',(72.745195062593,14.122644566273,1.2));
#1889 = CARTESIAN_POINT('',(72.755347640723,14.120950915297,1.2));
#1890 = CARTESIAN_POINT('',(72.765212168174,14.118395513623,1.2));
#1891 = CARTESIAN_POINT('',(72.799773708432,14.106061398767,1.2));
#1892 = CARTESIAN_POINT('',(72.822695785603,14.09127917576,1.2));
#1893 = CARTESIAN_POINT('',(72.84319093107,14.070754485072,1.2));
#1894 = CARTESIAN_POINT('',(72.861257211765,14.04519411566,1.2));
#1895 = CARTESIAN_POINT('',(72.886694705186,13.99709189735,1.2));
#1896 = CARTESIAN_POINT('',(72.895506422779,13.977184806533,1.2));
#1897 = CARTESIAN_POINT('',(72.903485163827,13.955844322664,1.2));
#1898 = CARTESIAN_POINT('',(72.910681899405,13.933241758445,1.2));
#1899 = CARTESIAN_POINT('',(72.937572179575,13.834602325832,1.2));
#1900 = CARTESIAN_POINT('',(72.950679541933,13.748658556013,1.2));
#1901 = CARTESIAN_POINT('',(72.958289567549,13.65587079844,1.2));
#1902 = CARTESIAN_POINT('',(72.96169286578,13.558701957104,1.2));
#1903 = CARTESIAN_POINT('',(72.96169286578,13.457944377267,1.2));
#1904 = ORIENTED_EDGE('',*,*,#1905,.F.);
#1905 = EDGE_CURVE('',#1906,#1883,#1908,.T.);
#1906 = VERTEX_POINT('',#1907);
#1907 = CARTESIAN_POINT('',(72.652914147521,14.052285368803,1.2));
#1908 = B_SPLINE_CURVE_WITH_KNOTS('',5,(#1909,#1910,#1911,#1912,#1913,
    #1914),.UNSPECIFIED.,.F.,.F.,(6,6),(0.,1.),
  .PIECEWISE_BEZIER_KNOTS.);
#1909 = CARTESIAN_POINT('',(72.652914147521,14.052285368803,1.2));
#1910 = CARTESIAN_POINT('',(72.671638329469,14.080525118626,1.2));
#1911 = CARTESIAN_POINT('',(72.688191292475,14.101932532098,1.2));
#1912 = CARTESIAN_POINT('',(72.702487655319,14.116293985714,1.2));
#1913 = CARTESIAN_POINT('',(72.714468873667,14.123482466747,1.2));
#1914 = CARTESIAN_POINT('',(72.724111245466,14.123482466747,1.2));
#1915 = ORIENTED_EDGE('',*,*,#1916,.F.);
#1916 = EDGE_CURVE('',#1917,#1906,#1919,.T.);
#1917 = VERTEX_POINT('',#1918);
#1918 = CARTESIAN_POINT('',(72.557726723096,14.028295042322,1.2));
#1919 = LINE('',#1920,#1921);
#1920 = CARTESIAN_POINT('',(40.622730733938,5.979637516599,1.2));
#1921 = VECTOR('',#1922,1.);
#1922 = DIRECTION('',(0.969676988372,0.244390135281,0.));
#1923 = ORIENTED_EDGE('',*,*,#1924,.F.);
#1924 = EDGE_CURVE('',#1925,#1917,#1927,.T.);
#1925 = VERTEX_POINT('',#1926);
#1926 = CARTESIAN_POINT('',(72.2961547763,14.052285368803,1.2));
#1927 = B_SPLINE_CURVE_WITH_KNOTS('',5,(#1928,#1929,#1930,#1931,#1932,
    #1933),.UNSPECIFIED.,.F.,.F.,(6,6),(0.,1.),
  .PIECEWISE_BEZIER_KNOTS.);
#1928 = CARTESIAN_POINT('',(72.2961547763,14.052285368803,1.2));
#1929 = CARTESIAN_POINT('',(72.352602403593,14.03326497265,1.2));
#1930 = CARTESIAN_POINT('',(72.407117584256,14.021196153182,1.2));
#1931 = CARTESIAN_POINT('',(72.459555836422,14.016282904262,1.2));
#1932 = CARTESIAN_POINT('',(72.509791703976,14.018645785226,1.2));
#1933 = CARTESIAN_POINT('',(72.557726723096,14.028295042322,1.2));
#1934 = ORIENTED_EDGE('',*,*,#1935,.F.);
#1935 = EDGE_CURVE('',#1936,#1925,#1938,.T.);
#1936 = VERTEX_POINT('',#1937);
#1937 = CARTESIAN_POINT('',(71.987376058041,14.123482466747,1.2));
#1938 = B_SPLINE_CURVE_WITH_KNOTS('',4,(#1939,#1940,#1941,#1942,#1943,
    #1944,#1945,#1946),.UNSPECIFIED.,.F.,.F.,(5,3,5),(0.,0.708291506974,
    1.),.UNSPECIFIED.);
#1939 = CARTESIAN_POINT('',(71.987376058041,14.123482466747,1.2));
#1940 = CARTESIAN_POINT('',(72.046076015173,14.123482466747,1.2));
#1941 = CARTESIAN_POINT('',(72.102984188859,14.117574930101,1.2));
#1942 = CARTESIAN_POINT('',(72.157973445696,14.105668639955,1.2));
#1943 = CARTESIAN_POINT('',(72.232769780943,14.080432257568,1.2));
#1944 = CARTESIAN_POINT('',(72.254247354675,14.072058246963,1.2));
#1945 = CARTESIAN_POINT('',(72.275377393456,14.062674060225,1.2));
#1946 = CARTESIAN_POINT('',(72.2961547763,14.052285368803,1.2));
#1947 = ORIENTED_EDGE('',*,*,#1948,.F.);
#1948 = EDGE_CURVE('',#1949,#1936,#1951,.T.);
#1949 = VERTEX_POINT('',#1950);
#1950 = CARTESIAN_POINT('',(71.749794437727,14.052285368803,1.2));
#1951 = B_SPLINE_CURVE_WITH_KNOTS('',5,(#1952,#1953,#1954,#1955,#1956,
    #1957,#1958,#1959,#1960,#1961),.UNSPECIFIED.,.F.,.F.,(6,4,6),(0.,
    6.275916708397E-02,1.),.UNSPECIFIED.);
#1952 = CARTESIAN_POINT('',(71.749794437727,14.052285368803,1.2));
#1953 = CARTESIAN_POINT('',(71.752173571118,14.054079469393,1.2));
#1954 = CARTESIAN_POINT('',(71.754572119891,14.055845363817,1.2));
#1955 = CARTESIAN_POINT('',(71.75699006401,14.057583032199,1.2));
#1956 = CARTESIAN_POINT('',(71.759427381988,14.059292456771,1.2));
#1957 = CARTESIAN_POINT('',(71.798571765336,14.086080018966,1.2));
#1958 = CARTESIAN_POINT('',(71.839575942971,14.104884478446,1.2));
#1959 = CARTESIAN_POINT('',(71.884818195602,14.117332533552,1.2));
#1960 = CARTESIAN_POINT('',(71.934151667232,14.123482466747,1.2));
#1961 = CARTESIAN_POINT('',(71.987376058041,14.123482466747,1.2));
#1962 = ORIENTED_EDGE('',*,*,#1963,.F.);
#1963 = EDGE_CURVE('',#1964,#1949,#1966,.T.);
#1964 = VERTEX_POINT('',#1965);
#1965 = CARTESIAN_POINT('',(71.535429262394,14.028295042322,1.2));
#1966 = B_SPLINE_CURVE_WITH_KNOTS('',5,(#1967,#1968,#1969,#1970,#1971,
    #1972),.UNSPECIFIED.,.F.,.F.,(6,6),(0.,1.),
  .PIECEWISE_BEZIER_KNOTS.);
#1967 = CARTESIAN_POINT('',(71.535429262394,14.028295042322,1.2));
#1968 = CARTESIAN_POINT('',(71.600172900055,14.028295042322,1.2));
#1969 = CARTESIAN_POINT('',(71.654834779602,14.030565425524,1.2));
#1970 = CARTESIAN_POINT('',(71.698459021927,14.035263314721,1.2));
#1971 = CARTESIAN_POINT('',(71.73022951003,14.042502904955,1.2));
#1972 = CARTESIAN_POINT('',(71.749794437727,14.052285368803,1.2));
#1973 = ORIENTED_EDGE('',*,*,#1974,.F.);
#1974 = EDGE_CURVE('',#1975,#1964,#1977,.T.);
#1975 = VERTEX_POINT('',#1976);
#1976 = CARTESIAN_POINT('',(71.036275695284,14.099492140266,1.2));
#1977 = B_SPLINE_CURVE_WITH_KNOTS('',5,(#1978,#1979,#1980,#1981,#1982,
    #1983),.UNSPECIFIED.,.F.,.F.,(6,6),(0.,1.),
  .PIECEWISE_BEZIER_KNOTS.);
#1978 = CARTESIAN_POINT('',(71.036275695284,14.099492140266,1.2));
#1979 = CARTESIAN_POINT('',(71.146649003473,14.071973591883,1.2));
#1980 = CARTESIAN_POINT('',(71.252332255511,14.050596809097,1.2));
#1981 = CARTESIAN_POINT('',(71.35276991944,14.035864871766,1.2));
#1982 = CARTESIAN_POINT('',(71.447334904891,14.028295042322,1.2));
#1983 = CARTESIAN_POINT('',(71.535429262394,14.028295042322,1.2));
#1984 = ORIENTED_EDGE('',*,*,#1985,.F.);
#1985 = EDGE_CURVE('',#1986,#1975,#1988,.T.);
#1986 = VERTEX_POINT('',#1987);
#1987 = CARTESIAN_POINT('',(70.667908101572,14.17146311971,1.2));
#1988 = B_SPLINE_CURVE_WITH_KNOTS('',6,(#1989,#1990,#1991,#1992,#1993,
    #1994,#1995),.UNSPECIFIED.,.F.,.F.,(7,7),(0.,1.),
  .PIECEWISE_BEZIER_KNOTS.);
#1989 = CARTESIAN_POINT('',(70.667908101572,14.17146311971,1.2));
#1990 = CARTESIAN_POINT('',(70.75330619817,14.156464020591,1.2));
#1991 = CARTESIAN_POINT('',(70.830717629071,14.142441309767,1.2));
#1992 = CARTESIAN_POINT('',(70.898991697067,14.129551168747,1.2));
#1993 = CARTESIAN_POINT('',(70.956818754091,14.117976665707,1.2));
#1994 = CARTESIAN_POINT('',(71.002881240949,14.107908628757,1.2));
#1995 = CARTESIAN_POINT('',(71.036275695284,14.099492140266,1.2));
#1996 = ORIENTED_EDGE('',*,*,#1997,.F.);
#1997 = EDGE_CURVE('',#1998,#1986,#2000,.T.);
#1998 = VERTEX_POINT('',#1999);
#1999 = CARTESIAN_POINT('',(70.037968561064,14.218669891173,1.2));
#2000 = B_SPLINE_CURVE_WITH_KNOTS('',5,(#2001,#2002,#2003,#2004,#2005,
    #2006),.UNSPECIFIED.,.F.,.F.,(6,6),(0.,1.),
  .PIECEWISE_BEZIER_KNOTS.);
#2001 = CARTESIAN_POINT('',(70.037968561064,14.218669891173,1.2));
#2002 = CARTESIAN_POINT('',(70.175491471955,14.218669891173,1.2));
#2003 = CARTESIAN_POINT('',(70.307869577415,14.21428561793,1.2));
#2004 = CARTESIAN_POINT('',(70.434523328483,14.205184180117,1.2));
#2005 = CARTESIAN_POINT('',(70.554771718942,14.191013599428,1.2));
#2006 = CARTESIAN_POINT('',(70.667908101572,14.17146311971,1.2));
#2007 = ORIENTED_EDGE('',*,*,#2008,.F.);
#2008 = EDGE_CURVE('',#2009,#1998,#2011,.T.);
#2009 = VERTEX_POINT('',#2010);
#2010 = CARTESIAN_POINT('',(68.563724304716,14.265876662636,1.2));
#2011 = B_SPLINE_CURVE_WITH_KNOTS('',8,(#2012,#2013,#2014,#2015,#2016,
    #2017,#2018,#2019,#2020,#2021,#2022,#2023,#2024,#2025,#2026,#2027),
  .UNSPECIFIED.,.F.,.F.,(9,7,9),(0.,0.620538464591,1.),.UNSPECIFIED.);
#2012 = CARTESIAN_POINT('',(68.563724304716,14.265876662636,1.2));
#2013 = CARTESIAN_POINT('',(68.656732767933,14.25616173754,1.2));
#2014 = CARTESIAN_POINT('',(68.757263916692,14.248245154169,1.2));
#2015 = CARTESIAN_POINT('',(68.863218059019,14.241736400184,1.2));
#2016 = CARTESIAN_POINT('',(68.973238541477,14.236400676706,1.2));
#2017 = CARTESIAN_POINT('',(69.086306469201,14.232044923281,1.2));
#2018 = CARTESIAN_POINT('',(69.201776849382,14.228526861029,1.2));
#2019 = CARTESIAN_POINT('',(69.319282611449,14.225729759195,1.2));
#2020 = CARTESIAN_POINT('',(69.511797064775,14.222240400753,1.2));
#2021 = CARTESIAN_POINT('',(69.585498765012,14.221153992002,1.2));
#2022 = CARTESIAN_POINT('',(69.659777169544,14.220284967811,1.2));
#2023 = CARTESIAN_POINT('',(69.734570211011,14.219615975445,1.2));
#2024 = CARTESIAN_POINT('',(69.809825719039,14.219132129634,1.2));
#2025 = CARTESIAN_POINT('',(69.885500218694,14.218820548782,1.2));
#2026 = CARTESIAN_POINT('',(69.961557728935,14.218669891173,1.2));
#2027 = CARTESIAN_POINT('',(70.037968561064,14.218669891173,1.2));
#2028 = ORIENTED_EDGE('',*,*,#2029,.F.);
#2029 = EDGE_CURVE('',#2030,#2009,#2032,.T.);
#2030 = VERTEX_POINT('',#2031);
#2031 = CARTESIAN_POINT('',(68.064570737606,14.409044740024,1.2));
#2032 = B_SPLINE_CURVE_WITH_KNOTS('',4,(#2033,#2034,#2035,#2036,#2037,
    #2038,#2039,#2040),.UNSPECIFIED.,.F.,.F.,(5,3,5),(0.,0.585210766938,
    1.),.UNSPECIFIED.);
#2033 = CARTESIAN_POINT('',(68.064570737606,14.409044740024,1.2));
#2034 = CARTESIAN_POINT('',(68.133824091633,14.374305272532,1.2));
#2035 = CARTESIAN_POINT('',(68.204673658935,14.344838507892,1.2));
#2036 = CARTESIAN_POINT('',(68.2770259462,14.320786247765,1.2));
#2037 = CARTESIAN_POINT('',(68.403006842005,14.288996060316,1.2));
#2038 = CARTESIAN_POINT('',(68.455952424598,14.27854680347,1.2));
#2039 = CARTESIAN_POINT('',(68.509542101014,14.270846036348,1.2));
#2040 = CARTESIAN_POINT('',(68.563724304716,14.265876662636,1.2));
#2041 = ORIENTED_EDGE('',*,*,#2042,.F.);
#2042 = EDGE_CURVE('',#2043,#2030,#2045,.T.);
#2043 = VERTEX_POINT('',#2044);
#2044 = CARTESIAN_POINT('',(68.064570737606,14.361064087062,1.2));
#2045 = LINE('',#2046,#2047);
#2046 = CARTESIAN_POINT('',(68.064570737606,23.204522370012,1.2));
#2047 = VECTOR('',#2048,1.);
#2048 = DIRECTION('',(0.,1.,0.));
#2049 = ORIENTED_EDGE('',*,*,#2050,.F.);
#2050 = EDGE_CURVE('',#2051,#2043,#2053,.T.);
#2051 = VERTEX_POINT('',#2052);
#2052 = CARTESIAN_POINT('',(67.898186215236,14.598645707376,1.2));
#2053 = B_SPLINE_CURVE_WITH_KNOTS('',6,(#2054,#2055,#2056,#2057,#2058,
    #2059,#2060),.UNSPECIFIED.,.F.,.F.,(7,7),(0.,1.),
  .PIECEWISE_BEZIER_KNOTS.);
#2054 = CARTESIAN_POINT('',(67.898186215236,14.598645707376,1.2));
#2055 = CARTESIAN_POINT('',(67.920496445694,14.524197438348,1.2));
#2056 = CARTESIAN_POINT('',(67.944985374141,14.461193220943,1.2));
#2057 = CARTESIAN_POINT('',(67.971737948361,14.411754570759,1.2));
#2058 = CARTESIAN_POINT('',(68.000748532567,14.377910269439,1.2));
#2059 = CARTESIAN_POINT('',(68.031847765291,14.361064087062,1.2));
#2060 = CARTESIAN_POINT('',(68.064570737606,14.361064087062,1.2));
#2061 = ORIENTED_EDGE('',*,*,#2062,.F.);
#2062 = EDGE_CURVE('',#2063,#2051,#2065,.T.);
#2063 = VERTEX_POINT('',#2064);
#2064 = CARTESIAN_POINT('',(67.683821039903,15.716130592503,1.2));
#2065 = B_SPLINE_CURVE_WITH_KNOTS('',6,(#2066,#2067,#2068,#2069,#2070,
    #2071,#2072),.UNSPECIFIED.,.F.,.F.,(7,7),(0.,1.),
  .PIECEWISE_BEZIER_KNOTS.);
#2066 = CARTESIAN_POINT('',(67.683821039903,15.716130592503,1.2));
#2067 = CARTESIAN_POINT('',(67.697784761449,15.508701761156,1.2));
#2068 = CARTESIAN_POINT('',(67.718432545943,15.307009211638,1.2));
#2069 = CARTESIAN_POINT('',(67.746971614853,15.112002438812,1.2));
#2070 = CARTESIAN_POINT('',(67.785018985281,14.926097630059,1.2));
#2071 = CARTESIAN_POINT('',(67.834640108614,14.753225306276,1.2));
#2072 = CARTESIAN_POINT('',(67.898186215236,14.598645707376,1.2));
#2073 = ORIENTED_EDGE('',*,*,#2074,.F.);
#2074 = EDGE_CURVE('',#2075,#2063,#2077,.T.);
#2075 = VERTEX_POINT('',#2076);
#2076 = CARTESIAN_POINT('',(67.660604594921,16.192067714631,1.2));
#2077 = B_SPLINE_CURVE_WITH_KNOTS('',5,(#2078,#2079,#2080,#2081,#2082,
    #2083),.UNSPECIFIED.,.F.,.F.,(6,6),(0.,1.),
  .PIECEWISE_BEZIER_KNOTS.);
#2078 = CARTESIAN_POINT('',(67.660604594921,16.192067714631,1.2));
#2079 = CARTESIAN_POINT('',(67.660604594921,16.089338685443,1.2));
#2080 = CARTESIAN_POINT('',(67.662842703451,15.990182628917,1.2));
#2081 = CARTESIAN_POINT('',(67.667404090952,15.894794755214,1.2));
#2082 = CARTESIAN_POINT('',(67.674371909202,15.803377565977,1.2));
#2083 = CARTESIAN_POINT('',(67.683821039903,15.716130592503,1.2));
#2084 = ORIENTED_EDGE('',*,*,#2085,.F.);
#2085 = EDGE_CURVE('',#2086,#2075,#2088,.T.);
#2086 = VERTEX_POINT('',#2087);
#2087 = CARTESIAN_POINT('',(67.743409915357,16.548827085852,1.2));
#2088 = B_SPLINE_CURVE_WITH_KNOTS('',6,(#2089,#2090,#2091,#2092,#2093,
    #2094,#2095),.UNSPECIFIED.,.F.,.F.,(7,7),(0.,1.),
  .PIECEWISE_BEZIER_KNOTS.);
#2089 = CARTESIAN_POINT('',(67.743409915357,16.548827085852,1.2));
#2090 = CARTESIAN_POINT('',(67.714774193134,16.515909386476,1.2));
#2091 = CARTESIAN_POINT('',(67.692277855411,16.471280061137,1.2));
#2092 = CARTESIAN_POINT('',(67.675974556633,16.415486683942,1.2));
#2093 = CARTESIAN_POINT('',(67.665565275575,16.349572999295,1.2));
#2094 = CARTESIAN_POINT('',(67.660604594921,16.274720536607,1.2));
#2095 = CARTESIAN_POINT('',(67.660604594921,16.192067714631,1.2));
#2096 = ORIENTED_EDGE('',*,*,#2097,.F.);
#2097 = EDGE_CURVE('',#2098,#2086,#2100,.T.);
#2098 = VERTEX_POINT('',#2099);
#2099 = CARTESIAN_POINT('',(68.017363966143,16.643240628779,1.2));
#2100 = B_SPLINE_CURVE_WITH_KNOTS('',5,(#2101,#2102,#2103,#2104,#2105,
    #2106),.UNSPECIFIED.,.F.,.F.,(6,6),(0.,1.),
  .PIECEWISE_BEZIER_KNOTS.);
#2101 = CARTESIAN_POINT('',(68.017363966143,16.643240628779,1.2));
#2102 = CARTESIAN_POINT('',(67.943047977255,16.643240628779,1.2));
#2103 = CARTESIAN_POINT('',(67.87759978248,16.634248453293,1.2));
#2104 = CARTESIAN_POINT('',(67.822070175333,16.615633871133,1.2));
#2105 = CARTESIAN_POINT('',(67.777262377665,16.587067830312,1.2));
#2106 = CARTESIAN_POINT('',(67.743409915357,16.548827085852,1.2));
#2107 = ORIENTED_EDGE('',*,*,#2108,.F.);
#2108 = EDGE_CURVE('',#2109,#2098,#2111,.T.);
#2109 = VERTEX_POINT('',#2110);
#2110 = CARTESIAN_POINT('',(68.254945586457,16.548053204353,1.2));
#2111 = B_SPLINE_CURVE_WITH_KNOTS('',4,(#2112,#2113,#2114,#2115,#2116,
    #2117,#2118,#2119),.UNSPECIFIED.,.F.,.F.,(5,3,5),(0.,0.404676245124,
    1.),.UNSPECIFIED.);
#2112 = CARTESIAN_POINT('',(68.254945586457,16.548053204353,1.2));
#2113 = CARTESIAN_POINT('',(68.235714504493,16.567284286317,1.2));
#2114 = CARTESIAN_POINT('',(68.215154689131,16.583969360226,1.2));
#2115 = CARTESIAN_POINT('',(68.193274384618,16.598059774803,1.2));
#2116 = CARTESIAN_POINT('',(68.136009588589,16.626433385021,1.2));
#2117 = CARTESIAN_POINT('',(68.099118735093,16.637680043109,1.2));
#2118 = CARTESIAN_POINT('',(68.059516485447,16.643240628779,1.2));
#2119 = CARTESIAN_POINT('',(68.017363966143,16.643240628779,1.2));
#2120 = ORIENTED_EDGE('',*,*,#2121,.F.);
#2121 = EDGE_CURVE('',#2122,#2109,#2124,.T.);
#2122 = VERTEX_POINT('',#2123);
#2123 = CARTESIAN_POINT('',(68.373349455865,16.572043530834,1.2));
#2124 = B_SPLINE_CURVE_WITH_KNOTS('',4,(#2125,#2126,#2127,#2128,#2129),
  .UNSPECIFIED.,.F.,.F.,(5,5),(0.,1.),.PIECEWISE_BEZIER_KNOTS.);
#2125 = CARTESIAN_POINT('',(68.373349455865,16.572043530834,1.2));
#2126 = CARTESIAN_POINT('',(68.337883507731,16.560093048311,1.2));
#2127 = CARTESIAN_POINT('',(68.306280894519,16.552075683287,1.2));
#2128 = CARTESIAN_POINT('',(68.278619759829,16.548053204353,1.2));
#2129 = CARTESIAN_POINT('',(68.254945586457,16.548053204353,1.2));
#2130 = ORIENTED_EDGE('',*,*,#2131,.F.);
#2131 = EDGE_CURVE('',#2132,#2122,#2134,.T.);
#2132 = VERTEX_POINT('',#2133);
#2133 = CARTESIAN_POINT('',(68.492527206771,16.643240628779,1.2));
#2134 = B_SPLINE_CURVE_WITH_KNOTS('',4,(#2135,#2136,#2137,#2138,#2139),
  .UNSPECIFIED.,.F.,.F.,(5,5),(0.,1.),.PIECEWISE_BEZIER_KNOTS.);
#2135 = CARTESIAN_POINT('',(68.492527206771,16.643240628779,1.2));
#2136 = CARTESIAN_POINT('',(68.46890263848,16.619616060488,1.2));
#2137 = CARTESIAN_POINT('',(68.441145500976,16.599870113246,1.2));
#2138 = CARTESIAN_POINT('',(68.409275696898,16.584018944512,1.2));
#2139 = CARTESIAN_POINT('',(68.373349455865,16.572043530834,1.2));
#2140 = ORIENTED_EDGE('',*,*,#2141,.F.);
#2141 = EDGE_CURVE('',#2142,#2132,#2144,.T.);
#2142 = VERTEX_POINT('',#2143);
#2143 = CARTESIAN_POINT('',(70.513131801693,16.643240628779,1.2));
#2144 = LINE('',#2145,#2146);
#2145 = CARTESIAN_POINT('',(34.246263603386,16.643240628779,1.2));
#2146 = VECTOR('',#2147,1.);
#2147 = DIRECTION('',(-1.,0.,0.));
#2148 = ORIENTED_EDGE('',*,*,#2149,.F.);
#2149 = EDGE_CURVE('',#2150,#2142,#2152,.T.);
#2150 = VERTEX_POINT('',#2151);
#2151 = CARTESIAN_POINT('',(70.584328899637,16.572043530834,1.2));
#2152 = B_SPLINE_CURVE_WITH_KNOTS('',4,(#2153,#2154,#2155,#2156,#2157,
    #2158,#2159,#2160),.UNSPECIFIED.,.F.,.F.,(5,3,5),(0.,0.49800035566,
    1.),.UNSPECIFIED.);
#2153 = CARTESIAN_POINT('',(70.584328899637,16.572043530834,1.2));
#2154 = CARTESIAN_POINT('',(70.572578583119,16.578015003163,1.2));
#2155 = CARTESIAN_POINT('',(70.5617830561,16.58494753609,1.2));
#2156 = CARTESIAN_POINT('',(70.551945911542,16.592841609878,1.2));
#2157 = CARTESIAN_POINT('',(70.53412025146,16.610620828813,1.2));
#2158 = CARTESIAN_POINT('',(70.526147215039,16.620521455637,1.2));
#2159 = CARTESIAN_POINT('',(70.519151229089,16.631395949064,1.2));
#2160 = CARTESIAN_POINT('',(70.513131801693,16.643240628779,1.2));
#2161 = ORIENTED_EDGE('',*,*,#2162,.F.);
#2162 = EDGE_CURVE('',#2163,#2150,#2165,.T.);
#2163 = VERTEX_POINT('',#2164);
#2164 = CARTESIAN_POINT('',(70.679516324063,16.548053204353,1.2));
#2165 = B_SPLINE_CURVE_WITH_KNOTS('',4,(#2166,#2167,#2168,#2169,#2170),
  .UNSPECIFIED.,.F.,.F.,(5,5),(0.,1.),.PIECEWISE_BEZIER_KNOTS.);
#2166 = CARTESIAN_POINT('',(70.679516324063,16.548053204353,1.2));
#2167 = CARTESIAN_POINT('',(70.655902248475,16.548053204353,1.2));
#2168 = CARTESIAN_POINT('',(70.632160209686,16.552055221758,1.2));
#2169 = CARTESIAN_POINT('',(70.60829926285,16.560058349228,1.2));
#2170 = CARTESIAN_POINT('',(70.584328899637,16.572043530834,1.2));
#2171 = ORIENTED_EDGE('',*,*,#2172,.F.);
#2172 = EDGE_CURVE('',#2173,#2163,#2175,.T.);
#2173 = VERTEX_POINT('',#2174);
#2174 = CARTESIAN_POINT('',(71.036275695284,16.620024183797,1.2));
#2175 = B_SPLINE_CURVE_WITH_KNOTS('',6,(#2176,#2177,#2178,#2179,#2180,
    #2181,#2182),.UNSPECIFIED.,.F.,.F.,(7,7),(0.,1.),
  .PIECEWISE_BEZIER_KNOTS.);
#2176 = CARTESIAN_POINT('',(71.036275695284,16.620024183797,1.2));
#2177 = CARTESIAN_POINT('',(70.99544243071,16.595365134411,1.2));
#2178 = CARTESIAN_POINT('',(70.946545855001,16.575942327183,1.2));
#2179 = CARTESIAN_POINT('',(70.889948608496,16.561718200585,1.2));
#2180 = CARTESIAN_POINT('',(70.826179191233,16.552509092317,1.2));
#2181 = CARTESIAN_POINT('',(70.755834091053,16.548053204353,1.2));
#2182 = CARTESIAN_POINT('',(70.679516324063,16.548053204353,1.2));
#2183 = ORIENTED_EDGE('',*,*,#2184,.F.);
#2184 = EDGE_CURVE('',#2185,#2173,#2187,.T.);
#2185 = VERTEX_POINT('',#2186);
#2186 = CARTESIAN_POINT('',(71.606626360339,16.762418379686,1.2));
#2187 = B_SPLINE_CURVE_WITH_KNOTS('',7,(#2188,#2189,#2190,#2191,#2192,
    #2193,#2194,#2195),.UNSPECIFIED.,.F.,.F.,(8,8),(0.,1.),
  .PIECEWISE_BEZIER_KNOTS.);
#2188 = CARTESIAN_POINT('',(71.606626360339,16.762418379686,1.2));
#2189 = CARTESIAN_POINT('',(71.498670779989,16.744458319302,1.2));
#2190 = CARTESIAN_POINT('',(71.396937072804,16.725769812199,1.2));
#2191 = CARTESIAN_POINT('',(71.302487417016,16.706272562225,1.2));
#2192 = CARTESIAN_POINT('',(71.216982231339,16.685920602677,1.2));
#2193 = CARTESIAN_POINT('',(71.142539141766,16.66471135071,1.2));
#2194 = CARTESIAN_POINT('',(71.081615827623,16.642694249966,1.2));
#2195 = CARTESIAN_POINT('',(71.036275695284,16.620024183797,1.2));
#2196 = ORIENTED_EDGE('',*,*,#2197,.F.);
#2197 = EDGE_CURVE('',#2198,#2185,#2200,.T.);
#2198 = VERTEX_POINT('',#2199);
#2199 = CARTESIAN_POINT('',(71.939395405079,16.904812575574,1.2));
#2200 = B_SPLINE_CURVE_WITH_KNOTS('',5,(#2201,#2202,#2203,#2204,#2205,
    #2206,#2207,#2208,#2209,#2210),.UNSPECIFIED.,.F.,.F.,(6,4,6),(0.,
    0.163821237012,1.),.UNSPECIFIED.);
#2201 = CARTESIAN_POINT('',(71.939395405079,16.904812575574,1.2));
#2202 = CARTESIAN_POINT('',(71.933083377642,16.895370193068,1.2));
#2203 = CARTESIAN_POINT('',(71.926373715881,16.886309722201,1.2));
#2204 = CARTESIAN_POINT('',(71.919266926481,16.877635840177,1.2));
#2205 = CARTESIAN_POINT('',(71.911764590967,16.869352217305,1.2));
#2206 = CARTESIAN_POINT('',(71.863570441029,16.821185688669,1.2));
#2207 = CARTESIAN_POINT('',(71.813025379176,16.791136876564,1.2));
#2208 = CARTESIAN_POINT('',(71.752613780551,16.771711161879,1.2));
#2209 = CARTESIAN_POINT('',(71.683396150831,16.762418379686,1.2));
#2210 = CARTESIAN_POINT('',(71.606626360339,16.762418379686,1.2));
#2211 = ORIENTED_EDGE('',*,*,#2212,.F.);
#2212 = EDGE_CURVE('',#2213,#2198,#2215,.T.);
#2213 = VERTEX_POINT('',#2214);
#2214 = CARTESIAN_POINT('',(72.058573155985,17.214365175333,1.2));
#2215 = B_SPLINE_CURVE_WITH_KNOTS('',5,(#2216,#2217,#2218,#2219,#2220,
    #2221),.UNSPECIFIED.,.F.,.F.,(6,6),(0.,1.),
  .PIECEWISE_BEZIER_KNOTS.);
#2216 = CARTESIAN_POINT('',(72.058573155985,17.214365175333,1.2));
#2217 = CARTESIAN_POINT('',(72.058573155985,17.156236852505,1.2));
#2218 = CARTESIAN_POINT('',(72.046294132897,17.095893475684,1.2));
#2219 = CARTESIAN_POINT('',(72.021886544463,17.033648287842,1.2));
#2220 = CARTESIAN_POINT('',(71.985975996951,16.969843921371,1.2));
#2221 = CARTESIAN_POINT('',(71.939395405079,16.904812575574,1.2));
#2222 = ORIENTED_EDGE('',*,*,#2223,.F.);
#2223 = EDGE_CURVE('',#2224,#2213,#2226,.T.);
#2224 = VERTEX_POINT('',#2225);
#2225 = CARTESIAN_POINT('',(72.557726723096,18.783022974607,1.2));
#2226 = LINE('',#2227,#2228);
#2227 = CARTESIAN_POINT('',(70.882022216097,13.51689423711,1.2));
#2228 = VECTOR('',#2229,1.);
#2229 = DIRECTION('',(-0.303223061514,-0.95291960572,0.));
#2230 = ORIENTED_EDGE('',*,*,#2231,.F.);
#2231 = EDGE_CURVE('',#2232,#2224,#2234,.T.);
#2232 = VERTEX_POINT('',#2233);
#2233 = CARTESIAN_POINT('',(71.844207980653,19.282176541717,1.2));
#2234 = B_SPLINE_CURVE_WITH_KNOTS('',6,(#2235,#2236,#2237,#2238,#2239,
    #2240,#2241,#2242,#2243,#2244,#2245,#2246,#2247,#2248,#2249,#2250,
    #2251,#2252,#2253,#2254,#2255,#2256,#2257,#2258,#2259,#2260,#2261),
  .UNSPECIFIED.,.F.,.F.,(7,5,5,5,5,7),(0.,0.459046354579,0.598968608938,
    0.673961842774,0.824489839909,1.),.UNSPECIFIED.);
#2235 = CARTESIAN_POINT('',(71.844207980653,19.282176541717,1.2));
#2236 = CARTESIAN_POINT('',(71.934398516523,19.268567910565,1.2));
#2237 = CARTESIAN_POINT('',(72.022194408802,19.252217617041,1.2));
#2238 = CARTESIAN_POINT('',(72.107244319593,19.232612732038,1.2));
#2239 = CARTESIAN_POINT('',(72.188532872782,19.209089959743,1.2));
#2240 = CARTESIAN_POINT('',(72.264374884634,19.180829417235,1.2));
#2241 = CARTESIAN_POINT('',(72.353099262401,19.136448092017,1.2));
#2242 = CARTESIAN_POINT('',(72.373086463787,19.12555104536,1.2));
#2243 = CARTESIAN_POINT('',(72.392261062797,19.11410056844,1.2));
#2244 = CARTESIAN_POINT('',(72.410539035963,19.102074699342,1.2));
#2245 = CARTESIAN_POINT('',(72.427830458484,19.0894565983,1.2));
#2246 = CARTESIAN_POINT('',(72.45273434309,19.06915259747,1.2));
#2247 = CARTESIAN_POINT('',(72.46111484337,19.061895148476,1.2));
#2248 = CARTESIAN_POINT('',(72.469171483164,19.054463873462,1.2));
#2249 = CARTESIAN_POINT('',(72.476890302431,19.046858385846,1.2));
#2250 = CARTESIAN_POINT('',(72.484257708126,19.039079226431,1.2));
#2251 = CARTESIAN_POINT('',(72.50531657362,19.015167720223,1.2));
#2252 = CARTESIAN_POINT('',(72.517905652875,18.998511924538,1.2));
#2253 = CARTESIAN_POINT('',(72.528918808137,18.981176713891,1.2));
#2254 = CARTESIAN_POINT('',(72.53826689452,18.963192045807,1.2));
#2255 = CARTESIAN_POINT('',(72.545890216418,18.944605356449,1.2));
#2256 = CARTESIAN_POINT('',(72.558621753347,18.903192052578,1.2));
#2257 = CARTESIAN_POINT('',(72.563104488432,18.880167387738,1.2));
#2258 = CARTESIAN_POINT('',(72.565180823556,18.856521441696,1.2));
#2259 = CARTESIAN_POINT('',(72.564898738167,18.832370801895,1.2));
#2260 = CARTESIAN_POINT('',(72.562366058124,18.807833331497,1.2));
#2261 = CARTESIAN_POINT('',(72.557726723096,18.783022974607,1.2));
#2262 = ORIENTED_EDGE('',*,*,#2263,.F.);
#2263 = EDGE_CURVE('',#2264,#2232,#2266,.T.);
#2264 = VERTEX_POINT('',#2265);
#2265 = CARTESIAN_POINT('',(70.109165659008,19.377363966143,1.2));
#2266 = B_SPLINE_CURVE_WITH_KNOTS('',8,(#2267,#2268,#2269,#2270,#2271,
    #2272,#2273,#2274,#2275,#2276,#2277,#2278,#2279,#2280,#2281,#2282),
  .UNSPECIFIED.,.F.,.F.,(9,7,9),(0.,0.655006245087,1.),.UNSPECIFIED.);
#2267 = CARTESIAN_POINT('',(70.109165659008,19.377363966143,1.2));
#2268 = CARTESIAN_POINT('',(70.263503964953,19.377363966143,1.2));
#2269 = CARTESIAN_POINT('',(70.416814580743,19.37657780059,1.2));
#2270 = CARTESIAN_POINT('',(70.56906762852,19.374902125457,1.2));
#2271 = CARTESIAN_POINT('',(70.720086886646,19.372198722081,1.2));
#2272 = CARTESIAN_POINT('',(70.869561117779,19.368299942291,1.2));
#2273 = CARTESIAN_POINT('',(71.016964380974,19.362957781282,1.2));
#2274 = CARTESIAN_POINT('',(71.161593796288,19.355867094505,1.2));
#2275 = CARTESIAN_POINT('',(71.376309148443,19.341471014118,1.2));
#2276 = CARTESIAN_POINT('',(71.449145826094,19.335864581325,1.2));
#2277 = CARTESIAN_POINT('',(71.520661296816,19.329529024883,1.2));
#2278 = CARTESIAN_POINT('',(71.590628569582,19.322359070905,1.2));
#2279 = CARTESIAN_POINT('',(71.658649016701,19.314222808049,1.2));
#2280 = CARTESIAN_POINT('',(71.724154119341,19.304962134099,1.2));
#2281 = CARTESIAN_POINT('',(71.786373658992,19.294378293971,1.2));
#2282 = CARTESIAN_POINT('',(71.844207980653,19.282176541717,1.2));
#2283 = ORIENTED_EDGE('',*,*,#2284,.F.);
#2284 = EDGE_CURVE('',#2285,#2264,#2287,.T.);
#2285 = VERTEX_POINT('',#2286);
#2286 = CARTESIAN_POINT('',(68.373349455865,19.377363966143,1.2));
#2287 = LINE('',#2288,#2289);
#2288 = CARTESIAN_POINT('',(34.543434099154,19.377363966143,1.2));
#2289 = VECTOR('',#2290,1.);
#2290 = DIRECTION('',(1.,0.,0.));
#2291 = ORIENTED_EDGE('',*,*,#2292,.F.);
#2292 = EDGE_CURVE('',#2293,#2285,#2295,.T.);
#2293 = VERTEX_POINT('',#2294);
#2294 = CARTESIAN_POINT('',(67.874195888755,19.412962515115,1.2));
#2295 = B_SPLINE_CURVE_WITH_KNOTS('',6,(#2296,#2297,#2298,#2299,#2300,
    #2301,#2302),.UNSPECIFIED.,.F.,.F.,(7,7),(0.,1.),
  .PIECEWISE_BEZIER_KNOTS.);
#2296 = CARTESIAN_POINT('',(67.874195888755,19.412962515115,1.2));
#2297 = CARTESIAN_POINT('',(67.933095849803,19.400360662984,1.2));
#2298 = CARTESIAN_POINT('',(68.003312805091,19.390690846682,1.2));
#2299 = CARTESIAN_POINT('',(68.083681348905,19.383794961487,1.2));
#2300 = CARTESIAN_POINT('',(68.172891085334,19.379433423599,1.2));
#2301 = CARTESIAN_POINT('',(68.26976727494,19.377363966143,1.2));
#2302 = CARTESIAN_POINT('',(68.373349455865,19.377363966143,1.2));
#2303 = ORIENTED_EDGE('',*,*,#2304,.F.);
#2304 = EDGE_CURVE('',#2305,#2293,#2307,.T.);
#2305 = VERTEX_POINT('',#2306);
#2306 = CARTESIAN_POINT('',(67.660604594921,19.591729141475,1.2));
#2307 = B_SPLINE_CURVE_WITH_KNOTS('',5,(#2308,#2309,#2310,#2311,#2312,
    #2313,#2314,#2315,#2316,#2317),.UNSPECIFIED.,.F.,.F.,(6,4,6),(0.,
    0.377110659465,1.),.UNSPECIFIED.);
#2308 = CARTESIAN_POINT('',(67.660604594921,19.591729141475,1.2));
#2309 = CARTESIAN_POINT('',(67.667709872489,19.570180348851,1.2));
#2310 = CARTESIAN_POINT('',(67.676526503412,19.550081728567,1.2));
#2311 = CARTESIAN_POINT('',(67.687070053306,19.531477404349,1.2));
#2312 = CARTESIAN_POINT('',(67.699340354874,19.514398680013,1.2));
#2313 = CARTESIAN_POINT('',(67.73641475912,19.473204828407,1.2));
#2314 = CARTESIAN_POINT('',(67.764176709927,19.451756523903,1.2));
#2315 = CARTESIAN_POINT('',(67.796533100558,19.43460431372,1.2));
#2316 = CARTESIAN_POINT('',(67.833295306274,19.421713337413,1.2));
#2317 = CARTESIAN_POINT('',(67.874195888755,19.412962515115,1.2));
#2318 = ORIENTED_EDGE('',*,*,#2319,.F.);
#2319 = EDGE_CURVE('',#2320,#2305,#2322,.T.);
#2320 = VERTEX_POINT('',#2321);
#2321 = CARTESIAN_POINT('',(67.565417170496,19.971704957678,1.2));
#2322 = B_SPLINE_CURVE_WITH_KNOTS('',6,(#2323,#2324,#2325,#2326,#2327,
    #2328,#2329),.UNSPECIFIED.,.F.,.F.,(7,7),(0.,1.),
  .PIECEWISE_BEZIER_KNOTS.);
#2323 = CARTESIAN_POINT('',(67.565417170496,19.971704957678,1.2));
#2324 = CARTESIAN_POINT('',(67.565417170496,19.888407055219,1.2));
#2325 = CARTESIAN_POINT('',(67.571209012673,19.811928871082,1.2));
#2326 = CARTESIAN_POINT('',(67.583285917908,19.743182753503,1.2));
#2327 = CARTESIAN_POINT('',(67.602080669193,19.683088555973,1.2));
#2328 = CARTESIAN_POINT('',(67.627869501255,19.632448404328,1.2));
#2329 = CARTESIAN_POINT('',(67.660604594921,19.591729141475,1.2));
#2330 = ORIENTED_EDGE('',*,*,#2331,.F.);
#2331 = EDGE_CURVE('',#2332,#2320,#2334,.T.);
#2332 = VERTEX_POINT('',#2333);
#2333 = CARTESIAN_POINT('',(67.565417170496,20.066892382104,1.2));
#2334 = LINE('',#2335,#2336);
#2335 = CARTESIAN_POINT('',(67.565417170496,25.985852478839,1.2));
#2336 = VECTOR('',#2337,1.);
#2337 = DIRECTION('',(0.,-1.,0.));
#2338 = ORIENTED_EDGE('',*,*,#2339,.F.);
#2339 = EDGE_CURVE('',#2340,#2332,#2342,.T.);
#2340 = VERTEX_POINT('',#2341);
#2341 = CARTESIAN_POINT('',(67.589407496977,20.233276904474,1.2));
#2342 = B_SPLINE_CURVE_WITH_KNOTS('',5,(#2343,#2344,#2345,#2346,#2347,
    #2348),.UNSPECIFIED.,.F.,.F.,(6,6),(0.,1.),
  .PIECEWISE_BEZIER_KNOTS.);
#2343 = CARTESIAN_POINT('',(67.589407496977,20.233276904474,1.2));
#2344 = CARTESIAN_POINT('',(67.579722041646,20.214218427855,1.2));
#2345 = CARTESIAN_POINT('',(67.57250763112,20.18788163536,1.2));
#2346 = CARTESIAN_POINT('',(67.5677556248,20.154385692948,1.2));
#2347 = CARTESIAN_POINT('',(67.565417170496,20.113957718578,1.2));
#2348 = CARTESIAN_POINT('',(67.565417170496,20.066892382104,1.2));
#2349 = ORIENTED_EDGE('',*,*,#2350,.F.);
#2350 = EDGE_CURVE('',#2351,#2340,#2353,.T.);
#2351 = VERTEX_POINT('',#2352);
#2352 = CARTESIAN_POINT('',(67.565417170496,20.756420798065,1.2));
#2353 = LINE('',#2354,#2355);
#2354 = CARTESIAN_POINT('',(67.249254954384,27.650796865525,1.2));
#2355 = VECTOR('',#2356,1.);
#2356 = DIRECTION('',(4.580984543933E-02,-0.998950177967,0.));
#2357 = ORIENTED_EDGE('',*,*,#2358,.F.);
#2358 = EDGE_CURVE('',#2359,#2351,#2361,.T.);
#2359 = VERTEX_POINT('',#2360);
#2360 = CARTESIAN_POINT('',(67.541426844015,21.255574365175,1.2));
#2361 = B_SPLINE_CURVE_WITH_KNOTS('',6,(#2362,#2363,#2364,#2365,#2366,
    #2367,#2368),.UNSPECIFIED.,.F.,.F.,(7,7),(0.,1.),
  .PIECEWISE_BEZIER_KNOTS.);
#2362 = CARTESIAN_POINT('',(67.541426844015,21.255574365175,1.2));
#2363 = CARTESIAN_POINT('',(67.541426844015,21.152030904703,1.2));
#2364 = CARTESIAN_POINT('',(67.54282043623,21.055189708691,1.2));
#2365 = CARTESIAN_POINT('',(67.545757414211,20.965999463978,1.2));
#2366 = CARTESIAN_POINT('',(67.550401711028,20.885624544537,1.2));
#2367 = CARTESIAN_POINT('',(67.556917290926,20.815371575729,1.2));
#2368 = CARTESIAN_POINT('',(67.565417170496,20.756420798065,1.2));
#2369 = ORIENTED_EDGE('',*,*,#2370,.F.);
#2370 = EDGE_CURVE('',#2371,#2359,#2373,.T.);
#2371 = VERTEX_POINT('',#2372);
#2372 = CARTESIAN_POINT('',(67.541426844015,21.849915356711,1.2));
#2373 = LINE('',#2374,#2375);
#2374 = CARTESIAN_POINT('',(67.541426844015,26.853760580411,1.2));
#2375 = VECTOR('',#2376,1.);
#2376 = DIRECTION('',(0.,-1.,0.));
#2377 = ORIENTED_EDGE('',*,*,#2378,.F.);
#2378 = EDGE_CURVE('',#2379,#2371,#2381,.T.);
#2379 = VERTEX_POINT('',#2380);
#2380 = CARTESIAN_POINT('',(69.728415961306,21.778718258767,1.2));
#2381 = B_SPLINE_CURVE_WITH_KNOTS('',4,(#2382,#2383,#2384,#2385,#2386),
  .UNSPECIFIED.,.F.,.F.,(5,5),(0.,1.),.PIECEWISE_BEZIER_KNOTS.);
#2382 = CARTESIAN_POINT('',(69.728415961306,21.778718258767,1.2));
#2383 = CARTESIAN_POINT('',(69.180316558071,21.813662919264,1.2));
#2384 = CARTESIAN_POINT('',(68.632878675672,21.837607029947,1.2));
#2385 = CARTESIAN_POINT('',(68.086434074671,21.849915356711,1.2));
#2386 = CARTESIAN_POINT('',(67.541426844015,21.849915356711,1.2));
#2387 = ORIENTED_EDGE('',*,*,#2388,.F.);
#2388 = EDGE_CURVE('',#2389,#2379,#2391,.T.);
#2389 = VERTEX_POINT('',#2390);
#2390 = CARTESIAN_POINT('',(71.892188633615,21.707521160822,1.2));
#2391 = B_SPLINE_CURVE_WITH_KNOTS('',4,(#2392,#2393,#2394,#2395,#2396),
  .UNSPECIFIED.,.F.,.F.,(5,5),(0.,1.),.PIECEWISE_BEZIER_KNOTS.);
#2392 = CARTESIAN_POINT('',(71.892188633615,21.707521160822,1.2));
#2393 = CARTESIAN_POINT('',(71.352029554786,21.707521160822,1.2));
#2394 = CARTESIAN_POINT('',(70.81111511867,21.719628972015,1.2));
#2395 = CARTESIAN_POINT('',(70.269808698158,21.743493271645,1.2));
#2396 = CARTESIAN_POINT('',(69.728415961306,21.778718258767,1.2));
#2397 = ORIENTED_EDGE('',*,*,#2398,.F.);
#2398 = EDGE_CURVE('',#2399,#2389,#2401,.T.);
#2399 = VERTEX_POINT('',#2400);
#2400 = CARTESIAN_POINT('',(72.010592503023,21.814316807739,1.2));
#2401 = B_SPLINE_CURVE_WITH_KNOTS('',5,(#2402,#2403,#2404,#2405,#2406,
    #2407,#2408,#2409,#2410,#2411),.UNSPECIFIED.,.F.,.F.,(6,4,6),(0.,
    0.857678948258,1.),.UNSPECIFIED.);
#2402 = CARTESIAN_POINT('',(72.010592503023,21.814316807739,1.2));
#2403 = CARTESIAN_POINT('',(71.994591606945,21.778118059234,1.2));
#2404 = CARTESIAN_POINT('',(71.976735222069,21.749287305067,1.2));
#2405 = CARTESIAN_POINT('',(71.957005807299,21.728169155268,1.2));
#2406 = CARTESIAN_POINT('',(71.93542379648,21.714970167858,1.2));
#2407 = CARTESIAN_POINT('',(71.908183567387,21.708831340663,1.2));
#2408 = CARTESIAN_POINT('',(71.904257632945,21.708176111468,1.2));
#2409 = CARTESIAN_POINT('',(71.900282933136,21.707739407966,1.2));
#2410 = CARTESIAN_POINT('',(71.896259809404,21.707521160822,1.2));
#2411 = CARTESIAN_POINT('',(71.892188633615,21.707521160822,1.2));
#2412 = ORIENTED_EDGE('',*,*,#2413,.F.);
#2413 = EDGE_CURVE('',#2414,#2399,#2416,.T.);
#2414 = VERTEX_POINT('',#2415);
#2415 = CARTESIAN_POINT('',(72.058573155985,22.063506650544,1.2));
#2416 = B_SPLINE_CURVE_WITH_KNOTS('',5,(#2417,#2418,#2419,#2420,#2421,
    #2422),.UNSPECIFIED.,.F.,.F.,(6,6),(0.,1.),
  .PIECEWISE_BEZIER_KNOTS.);
#2417 = CARTESIAN_POINT('',(72.058573155985,22.063506650544,1.2));
#2418 = CARTESIAN_POINT('',(72.058573155985,22.006959661392,1.2));
#2419 = CARTESIAN_POINT('',(72.053844034431,21.95365775415,1.2));
#2420 = CARTESIAN_POINT('',(72.044297597065,21.903722238026,1.2));
#2421 = CARTESIAN_POINT('',(72.029882233272,21.857252013777,1.2));
#2422 = CARTESIAN_POINT('',(72.010592503023,21.814316807739,1.2));
#2423 = ORIENTED_EDGE('',*,*,#2424,.F.);
#2424 = EDGE_CURVE('',#2425,#2414,#2427,.T.);
#2425 = VERTEX_POINT('',#2426);
#2426 = CARTESIAN_POINT('',(72.105779927449,22.373059250302,1.2));
#2427 = B_SPLINE_CURVE_WITH_KNOTS('',4,(#2428,#2429,#2430,#2431,#2432),
  .UNSPECIFIED.,.F.,.F.,(5,5),(0.,1.),.PIECEWISE_BEZIER_KNOTS.);
#2428 = CARTESIAN_POINT('',(72.105779927449,22.373059250302,1.2));
#2429 = CARTESIAN_POINT('',(72.105779927449,22.29030899066,1.2));
#2430 = CARTESIAN_POINT('',(72.097995959892,22.2110047757,1.2));
#2431 = CARTESIAN_POINT('',(72.082263602439,22.135354725853,1.2));
#2432 = CARTESIAN_POINT('',(72.058573155985,22.063506650544,1.2));
#2433 = ORIENTED_EDGE('',*,*,#2434,.F.);
#2434 = EDGE_CURVE('',#2435,#2425,#2437,.T.);
#2435 = VERTEX_POINT('',#2436);
#2436 = CARTESIAN_POINT('',(72.248948004837,23.038597339782,1.2));
#2437 = B_SPLINE_CURVE_WITH_KNOTS('',5,(#2438,#2439,#2440,#2441,#2442,
    #2443),.UNSPECIFIED.,.F.,.F.,(6,6),(0.,1.),
  .PIECEWISE_BEZIER_KNOTS.);
#2438 = CARTESIAN_POINT('',(72.248948004837,23.038597339782,1.2));
#2439 = CARTESIAN_POINT('',(72.210244579882,22.913047205172,1.2));
#2440 = CARTESIAN_POINT('',(72.176705395906,22.783468411057,1.2));
#2441 = CARTESIAN_POINT('',(72.148217395713,22.650109893633,1.2));
#2442 = CARTESIAN_POINT('',(72.124630924487,22.513225534736,1.2));
#2443 = CARTESIAN_POINT('',(72.105779927449,22.373059250302,1.2));
#2444 = ORIENTED_EDGE('',*,*,#2445,.F.);
#2445 = EDGE_CURVE('',#2446,#2435,#2448,.T.);
#2446 = VERTEX_POINT('',#2447);
#2447 = CARTESIAN_POINT('',(72.415332527207,23.728125755744,1.2));
#2448 = LINE('',#2449,#2450);
#2449 = CARTESIAN_POINT('',(71.282988637258,19.035482007163,1.2));
#2450 = VECTOR('',#2451,1.);
#2451 = DIRECTION('',(-0.234569432256,-0.972099368095,0.));
#2452 = ORIENTED_EDGE('',*,*,#2453,.F.);
#2453 = EDGE_CURVE('',#2454,#2446,#2456,.T.);
#2454 = VERTEX_POINT('',#2455);
#2455 = CARTESIAN_POINT('',(72.415332527207,24.464860943168,1.2));
#2456 = LINE('',#2457,#2458);
#2457 = CARTESIAN_POINT('',(72.415332527207,28.137243047158,1.2));
#2458 = VECTOR('',#2459,1.);
#2459 = DIRECTION('',(0.,-1.,0.));
#2460 = ORIENTED_EDGE('',*,*,#2461,.F.);
#2461 = EDGE_CURVE('',#2462,#2454,#2464,.T.);
#2462 = VERTEX_POINT('',#2463);
#2463 = CARTESIAN_POINT('',(72.224957678356,24.631245465538,1.2));
#2464 = LINE('',#2465,#2466);
#2465 = CARTESIAN_POINT('',(50.020846022807,44.037278010022,1.2));
#2466 = VECTOR('',#2467,1.);
#2467 = DIRECTION('',(0.752955783567,-0.658071111654,0.));
#2468 = ORIENTED_EDGE('',*,*,#2469,.F.);
#2469 = EDGE_CURVE('',#2470,#2462,#2472,.T.);
#2470 = VERTEX_POINT('',#2471);
#2471 = CARTESIAN_POINT('',(71.987376058041,24.631245465538,1.2));
#2472 = LINE('',#2473,#2474);
#2473 = CARTESIAN_POINT('',(36.029286577993,24.631245465538,1.2));
#2474 = VECTOR('',#2475,1.);
#2475 = DIRECTION('',(1.,0.,0.));
#2476 = ORIENTED_EDGE('',*,*,#2477,.F.);
#2477 = EDGE_CURVE('',#2478,#2470,#2480,.T.);
#2478 = VERTEX_POINT('',#2479);
#2479 = CARTESIAN_POINT('',(71.654607013301,24.608029020556,1.2));
#2480 = B_SPLINE_CURVE_WITH_KNOTS('',6,(#2481,#2482,#2483,#2484,#2485,
    #2486,#2487),.UNSPECIFIED.,.F.,.F.,(7,7),(0.,1.),
  .PIECEWISE_BEZIER_KNOTS.);
#2481 = CARTESIAN_POINT('',(71.654607013301,24.608029020556,1.2));
#2482 = CARTESIAN_POINT('',(71.679473005769,24.616137496361,1.2));
#2483 = CARTESIAN_POINT('',(71.718007153646,24.622460364314,1.2));
#2484 = CARTESIAN_POINT('',(71.769460422936,24.627003268238,1.2));
#2485 = CARTESIAN_POINT('',(71.83245767305,24.629881961153,1.2));
#2486 = CARTESIAN_POINT('',(71.90553909198,24.631245465538,1.2));
#2487 = CARTESIAN_POINT('',(71.987376058041,24.631245465538,1.2));
#2488 = ORIENTED_EDGE('',*,*,#2489,.F.);
#2489 = EDGE_CURVE('',#2490,#2478,#2492,.T.);
#2490 = VERTEX_POINT('',#2491);
#2491 = CARTESIAN_POINT('',(71.488222490931,24.560048367594,1.2));
#2492 = B_SPLINE_CURVE_WITH_KNOTS('',4,(#2493,#2494,#2495,#2496,#2497,
    #2498,#2499,#2500),.UNSPECIFIED.,.F.,.F.,(5,3,5),(0.,0.79218035352,
    1.),.UNSPECIFIED.);
#2493 = CARTESIAN_POINT('',(71.488222490931,24.560048367594,1.2));
#2494 = CARTESIAN_POINT('',(71.525828765177,24.560048367594,1.2));
#2495 = CARTESIAN_POINT('',(71.561026136893,24.565041000361,1.2));
#2496 = CARTESIAN_POINT('',(71.593745576516,24.575078958664,1.2));
#2497 = CARTESIAN_POINT('',(71.631875184781,24.594097285946,1.2));
#2498 = CARTESIAN_POINT('',(71.639626262567,24.598395699878,1.2));
#2499 = CARTESIAN_POINT('',(71.647203695854,24.603039828364,1.2));
#2500 = CARTESIAN_POINT('',(71.654607013301,24.608029020556,1.2));
#2501 = ORIENTED_EDGE('',*,*,#2502,.F.);
#2502 = EDGE_CURVE('',#2503,#2490,#2505,.T.);
#2503 = VERTEX_POINT('',#2504);
#2504 = CARTESIAN_POINT('',(71.345054413543,24.632019347037,1.2));
#2505 = B_SPLINE_CURVE_WITH_KNOTS('',5,(#2506,#2507,#2508,#2509,#2510,
    #2511),.UNSPECIFIED.,.F.,.F.,(6,6),(0.,1.),
  .PIECEWISE_BEZIER_KNOTS.);
#2506 = CARTESIAN_POINT('',(71.345054413543,24.632019347037,1.2));
#2507 = CARTESIAN_POINT('',(71.382784289473,24.613001035593,1.2));
#2508 = CARTESIAN_POINT('',(71.416080686509,24.596236638254,1.2));
#2509 = CARTESIAN_POINT('',(71.444816571565,24.581790598079,1.2));
#2510 = CARTESIAN_POINT('',(71.468887735079,24.56971574552,1.2));
#2511 = CARTESIAN_POINT('',(71.488222490931,24.560048367594,1.2));
#2512 = ORIENTED_EDGE('',*,*,#2513,.F.);
#2513 = EDGE_CURVE('',#2514,#2503,#2516,.T.);
#2514 = VERTEX_POINT('',#2515);
#2515 = CARTESIAN_POINT('',(71.178669891173,24.726432889964,1.2));
#2516 = B_SPLINE_CURVE_WITH_KNOTS('',4,(#2517,#2518,#2519,#2520,#2521),
  .UNSPECIFIED.,.F.,.F.,(5,5),(0.,1.),.PIECEWISE_BEZIER_KNOTS.);
#2517 = CARTESIAN_POINT('',(71.178669891173,24.726432889964,1.2));
#2518 = CARTESIAN_POINT('',(71.214399539024,24.702742579975,1.2));
#2519 = CARTESIAN_POINT('',(71.254077770428,24.679104881102,1.2));
#2520 = CARTESIAN_POINT('',(71.297651707346,24.655528006208,1.2));
#2521 = CARTESIAN_POINT('',(71.345054413543,24.632019347037,1.2));
#2522 = ORIENTED_EDGE('',*,*,#2523,.F.);
#2523 = EDGE_CURVE('',#2524,#2514,#2526,.T.);
#2524 = VERTEX_POINT('',#2525);
#2525 = CARTESIAN_POINT('',(71.178669891173,24.608029020556,1.2));
#2526 = LINE('',#2527,#2528);
#2527 = CARTESIAN_POINT('',(71.178669891173,28.363216444982,1.2));
#2528 = VECTOR('',#2529,1.);
#2529 = DIRECTION('',(0.,1.,0.));
#2530 = ORIENTED_EDGE('',*,*,#2531,.F.);
#2531 = EDGE_CURVE('',#2532,#2524,#2534,.T.);
#2532 = VERTEX_POINT('',#2533);
#2533 = CARTESIAN_POINT('',(70.893881499395,24.631245465538,1.2));
#2534 = LINE('',#2535,#2536);
#2535 = CARTESIAN_POINT('',(35.524978864812,27.514579919444,1.2));
#2536 = VECTOR('',#2537,1.);
#2537 = DIRECTION('',(0.996693574296,-8.125219355671E-02,0.));
#2538 = ORIENTED_EDGE('',*,*,#2539,.F.);
#2539 = EDGE_CURVE('',#2540,#2532,#2542,.T.);
#2540 = VERTEX_POINT('',#2541);
#2541 = CARTESIAN_POINT('',(70.537122128174,24.631245465538,1.2));
#2542 = LINE('',#2543,#2544);
#2543 = CARTESIAN_POINT('',(35.446940749698,24.631245465538,1.2));
#2544 = VECTOR('',#2545,1.);
#2545 = DIRECTION('',(1.,0.,0.));
#2546 = ORIENTED_EDGE('',*,*,#2547,.F.);
#2547 = EDGE_CURVE('',#2548,#2540,#2550,.T.);
#2548 = VERTEX_POINT('',#2549);
#2549 = CARTESIAN_POINT('',(70.394727932285,24.584038694075,1.2));
#2550 = B_SPLINE_CURVE_WITH_KNOTS('',5,(#2551,#2552,#2553,#2554,#2555,
    #2556),.UNSPECIFIED.,.F.,.F.,(6,6),(0.,1.),
  .PIECEWISE_BEZIER_KNOTS.);
#2551 = CARTESIAN_POINT('',(70.394727932285,24.584038694075,1.2));
#2552 = CARTESIAN_POINT('',(70.413667829199,24.602978590989,1.2));
#2553 = CARTESIAN_POINT('',(70.437434431692,24.617168719656,1.2));
#2554 = CARTESIAN_POINT('',(70.465998374028,24.626580560258,1.2));
#2555 = CARTESIAN_POINT('',(70.499272718144,24.631245465538,1.2));
#2556 = CARTESIAN_POINT('',(70.537122128174,24.631245465538,1.2));
#2557 = ORIENTED_EDGE('',*,*,#2558,.F.);
#2558 = EDGE_CURVE('',#2559,#2548,#2561,.T.);
#2559 = VERTEX_POINT('',#2560);
#2560 = CARTESIAN_POINT('',(70.204353083434,24.560048367594,1.2));
#2561 = LINE('',#2562,#2563);
#2562 = CARTESIAN_POINT('',(36.20752593291,20.27589535269,1.2));
#2563 = VECTOR('',#2564,1.);
#2564 = DIRECTION('',(0.992153283358,0.125027446277,0.));
#2565 = ORIENTED_EDGE('',*,*,#2566,.F.);
#2566 = EDGE_CURVE('',#2567,#2559,#2569,.T.);
#2567 = VERTEX_POINT('',#2568);
#2568 = CARTESIAN_POINT('',(68.9676904474,24.726432889964,1.2));
#2569 = B_SPLINE_CURVE_WITH_KNOTS('',7,(#2570,#2571,#2572,#2573,#2574,
    #2575,#2576,#2577,#2578,#2579,#2580,#2581,#2582,#2583),
  .UNSPECIFIED.,.F.,.F.,(8,6,8),(0.,0.749296167852,1.),.UNSPECIFIED.);
#2570 = CARTESIAN_POINT('',(68.9676904474,24.726432889964,1.2));
#2571 = CARTESIAN_POINT('',(69.064715740088,24.681182482311,1.2));
#2572 = CARTESIAN_POINT('',(69.17785950314,24.646120073924,1.2));
#2573 = CARTESIAN_POINT('',(69.302253257375,24.619278940512,1.2));
#2574 = CARTESIAN_POINT('',(69.434307215221,24.599094517927,1.2));
#2575 = CARTESIAN_POINT('',(69.571590963857,24.584309861328,1.2));
#2576 = CARTESIAN_POINT('',(69.712827665505,24.573966973694,1.2));
#2577 = CARTESIAN_POINT('',(69.906391570724,24.565183999823,1.2));
#2578 = CARTESIAN_POINT('',(69.955291347882,24.563405600417,1.2));
#2579 = CARTESIAN_POINT('',(70.004530516312,24.562024856823,1.2));
#2580 = CARTESIAN_POINT('',(70.054079952711,24.561018610262,1.2));
#2581 = CARTESIAN_POINT('',(70.103914283555,24.560366052904,1.2));
#2582 = CARTESIAN_POINT('',(70.15401158511,24.560048367594,1.2));
#2583 = CARTESIAN_POINT('',(70.204353083434,24.560048367594,1.2));
#2584 = ORIENTED_EDGE('',*,*,#2585,.F.);
#2585 = EDGE_CURVE('',#1549,#2567,#2586,.T.);
#2586 = LINE('',#2587,#2588);
#2587 = CARTESIAN_POINT('',(34.4838452237,24.726432889964,1.2));
#2588 = VECTOR('',#2589,1.);
#2589 = DIRECTION('',(1.,0.,0.));
#2590 = FACE_BOUND('',#2591,.F.);
#2591 = EDGE_LOOP('',(#2592,#2602,#2610,#2631,#2641,#2651,#2659,#2667,
    #2681,#2702,#2710,#2718,#2726,#2734,#2747,#2755,#2763,#2784,#2805,
    #2822,#2830,#2843,#2851,#2863,#2875,#2890,#2902,#2910,#2918,#2929,
    #2942,#2950,#2961,#2969,#2977,#2985,#2997,#3009,#3019,#3029,#3041,
    #3054,#3065,#3076,#3086,#3098,#3109,#3120,#3128,#3141,#3156,#3175,
    #3183,#3195,#3208));
#2592 = ORIENTED_EDGE('',*,*,#2593,.F.);
#2593 = EDGE_CURVE('',#2594,#2596,#2598,.T.);
#2594 = VERTEX_POINT('',#2595);
#2595 = CARTESIAN_POINT('',(81.837339782346,24.892817412334,1.2));
#2596 = VERTEX_POINT('',#2597);
#2597 = CARTESIAN_POINT('',(82.146118500605,24.940798065296,1.2));
#2598 = LINE('',#2599,#2600);
#2599 = CARTESIAN_POINT('',(42.576939212819,18.792203790001,1.2));
#2600 = VECTOR('',#2601,1.);
#2601 = DIRECTION('',(0.988141531721,0.153545801922,0.));
#2602 = ORIENTED_EDGE('',*,*,#2603,.F.);
#2603 = EDGE_CURVE('',#2604,#2594,#2606,.T.);
#2604 = VERTEX_POINT('',#2605);
#2605 = CARTESIAN_POINT('',(81.457363966143,24.892817412334,1.2));
#2606 = LINE('',#2607,#2608);
#2607 = CARTESIAN_POINT('',(40.918669891173,24.892817412334,1.2));
#2608 = VECTOR('',#2609,1.);
#2609 = DIRECTION('',(1.,0.,0.));
#2610 = ORIENTED_EDGE('',*,*,#2611,.F.);
#2611 = EDGE_CURVE('',#2612,#2604,#2614,.T.);
#2612 = VERTEX_POINT('',#2613);
#2613 = CARTESIAN_POINT('',(80.220701330109,24.797629987908,1.2));
#2614 = B_SPLINE_CURVE_WITH_KNOTS('',8,(#2615,#2616,#2617,#2618,#2619,
    #2620,#2621,#2622,#2623,#2624,#2625,#2626,#2627,#2628,#2629,#2630),
  .UNSPECIFIED.,.F.,.F.,(9,7,9),(0.,0.798084598749,1.),.UNSPECIFIED.);
#2615 = CARTESIAN_POINT('',(80.220701330109,24.797629987908,1.2));
#2616 = CARTESIAN_POINT('',(80.359853420856,24.805217876761,1.2));
#2617 = CARTESIAN_POINT('',(80.49694121389,24.813089869677,1.2));
#2618 = CARTESIAN_POINT('',(80.63188504672,24.821295281383,1.2));
#2619 = CARTESIAN_POINT('',(80.764305838869,24.82988652387,1.2));
#2620 = CARTESIAN_POINT('',(80.893540136662,24.838918064861,1.2));
#2621 = CARTESIAN_POINT('',(81.018522268141,24.848458920576,1.2));
#2622 = CARTESIAN_POINT('',(81.137834762156,24.858587629385,1.2));
#2623 = CARTESIAN_POINT('',(81.27738586861,24.872198246764,1.2));
#2624 = CARTESIAN_POINT('',(81.305043266955,24.87499223973,1.2));
#2625 = CARTESIAN_POINT('',(81.332140465157,24.877833942311,1.2));
#2626 = CARTESIAN_POINT('',(81.358630858688,24.880725156794,1.2));
#2627 = CARTESIAN_POINT('',(81.384461319323,24.883667577831,1.2));
#2628 = CARTESIAN_POINT('',(81.409572195139,24.886662792446,1.2));
#2629 = CARTESIAN_POINT('',(81.433897310517,24.889712280028,1.2));
#2630 = CARTESIAN_POINT('',(81.457363966143,24.892817412334,1.2));
#2631 = ORIENTED_EDGE('',*,*,#2632,.F.);
#2632 = EDGE_CURVE('',#2633,#2612,#2635,.T.);
#2633 = VERTEX_POINT('',#2634);
#2634 = CARTESIAN_POINT('',(79.863941958888,24.774413542926,1.2));
#2635 = B_SPLINE_CURVE_WITH_KNOTS('',4,(#2636,#2637,#2638,#2639,#2640),
  .UNSPECIFIED.,.F.,.F.,(5,5),(0.,1.),.PIECEWISE_BEZIER_KNOTS.);
#2636 = CARTESIAN_POINT('',(79.863941958888,24.774413542926,1.2));
#2637 = CARTESIAN_POINT('',(79.947703291056,24.786101170671,1.2));
#2638 = CARTESIAN_POINT('',(80.035169191069,24.79381748075,1.2));
#2639 = CARTESIAN_POINT('',(80.126214900018,24.797629987908,1.2));
#2640 = CARTESIAN_POINT('',(80.220701330109,24.797629987908,1.2));
#2641 = ORIENTED_EDGE('',*,*,#2642,.F.);
#2642 = EDGE_CURVE('',#2643,#2633,#2645,.T.);
#2643 = VERTEX_POINT('',#2644);
#2644 = CARTESIAN_POINT('',(79.555163240629,24.750423216445,1.2));
#2645 = B_SPLINE_CURVE_WITH_KNOTS('',4,(#2646,#2647,#2648,#2649,#2650),
  .UNSPECIFIED.,.F.,.F.,(5,5),(0.,1.),.PIECEWISE_BEZIER_KNOTS.);
#2646 = CARTESIAN_POINT('',(79.555163240629,24.750423216445,1.2));
#2647 = CARTESIAN_POINT('',(79.626858428509,24.750423216445,1.2));
#2648 = CARTESIAN_POINT('',(79.702304127214,24.754477878272,1.2));
#2649 = CARTESIAN_POINT('',(79.781378180355,24.762508998115,1.2));
#2650 = CARTESIAN_POINT('',(79.863941958888,24.774413542926,1.2));
#2651 = ORIENTED_EDGE('',*,*,#2652,.F.);
#2652 = EDGE_CURVE('',#2653,#2643,#2655,.T.);
#2653 = VERTEX_POINT('',#2654);
#2654 = CARTESIAN_POINT('',(79.032019347037,24.750423216445,1.2));
#2655 = LINE('',#2656,#2657);
#2656 = CARTESIAN_POINT('',(39.777581620314,24.750423216445,1.2));
#2657 = VECTOR('',#2658,1.);
#2658 = DIRECTION('',(1.,0.,0.));
#2659 = ORIENTED_EDGE('',*,*,#2660,.F.);
#2660 = EDGE_CURVE('',#2661,#2653,#2663,.T.);
#2661 = VERTEX_POINT('',#2662);
#2662 = CARTESIAN_POINT('',(78.794437726723,24.726432889964,1.2));
#2663 = LINE('',#2664,#2665);
#2664 = CARTESIAN_POINT('',(40.277190184188,20.837069131597,1.2));
#2665 = VECTOR('',#2666,1.);
#2666 = DIRECTION('',(0.994940461748,0.100466300698,0.));
#2667 = ORIENTED_EDGE('',*,*,#2668,.F.);
#2668 = EDGE_CURVE('',#2669,#2661,#2671,.T.);
#2669 = VERTEX_POINT('',#2670);
#2670 = CARTESIAN_POINT('',(77.676952841596,24.750423216445,1.2));
#2671 = B_SPLINE_CURVE_WITH_KNOTS('',8,(#2672,#2673,#2674,#2675,#2676,
    #2677,#2678,#2679,#2680),.UNSPECIFIED.,.F.,.F.,(9,9),(0.,1.),
  .PIECEWISE_BEZIER_KNOTS.);
#2672 = CARTESIAN_POINT('',(77.676952841596,24.750423216445,1.2));
#2673 = CARTESIAN_POINT('',(77.786453303433,24.743059844825,1.2));
#2674 = CARTESIAN_POINT('',(77.910081250727,24.737500153474,1.2));
#2675 = CARTESIAN_POINT('',(78.043816508498,24.733344875834,1.2));
#2676 = CARTESIAN_POINT('',(78.184992468187,24.730342618004,1.2));
#2677 = CARTESIAN_POINT('',(78.331603897849,24.728285734236,1.2));
#2678 = CARTESIAN_POINT('',(78.48239551104,24.727022397484,1.2));
#2679 = CARTESIAN_POINT('',(78.636693952307,24.726432889964,1.2));
#2680 = CARTESIAN_POINT('',(78.794437726723,24.726432889964,1.2));
#2681 = ORIENTED_EDGE('',*,*,#2682,.F.);
#2682 = EDGE_CURVE('',#2683,#2669,#2685,.T.);
#2683 = VERTEX_POINT('',#2684);
#2684 = CARTESIAN_POINT('',(76.559467956469,24.797629987908,1.2));
#2685 = B_SPLINE_CURVE_WITH_KNOTS('',8,(#2686,#2687,#2688,#2689,#2690,
    #2691,#2692,#2693,#2694,#2695,#2696,#2697,#2698,#2699,#2700,#2701),
  .UNSPECIFIED.,.F.,.F.,(9,7,9),(0.,0.951313843272,1.),.UNSPECIFIED.);
#2686 = CARTESIAN_POINT('',(76.559467956469,24.797629987908,1.2));
#2687 = CARTESIAN_POINT('',(76.709560827013,24.797629987908,1.2));
#2688 = CARTESIAN_POINT('',(76.856613734125,24.796579820741,1.2));
#2689 = CARTESIAN_POINT('',(77.000497499667,24.794334382339,1.2));
#2690 = CARTESIAN_POINT('',(77.140613548759,24.790694485733,1.2));
#2691 = CARTESIAN_POINT('',(77.275904225992,24.785408782495,1.2));
#2692 = CARTESIAN_POINT('',(77.404744974721,24.778143248058,1.2));
#2693 = CARTESIAN_POINT('',(77.524976976837,24.768489780012,1.2));
#2694 = CARTESIAN_POINT('',(77.639000391486,24.755181352519,1.2));
#2695 = CARTESIAN_POINT('',(77.644520324057,24.754525613477,1.2));
#2696 = CARTESIAN_POINT('',(77.650008355358,24.753861998693,1.2));
#2697 = CARTESIAN_POINT('',(77.655464004369,24.753190434978,1.2));
#2698 = CARTESIAN_POINT('',(77.660886781056,24.75251084884,1.2));
#2699 = CARTESIAN_POINT('',(77.666276186368,24.751823166487,1.2));
#2700 = CARTESIAN_POINT('',(77.671631712241,24.751127313822,1.2));
#2701 = CARTESIAN_POINT('',(77.676952841596,24.750423216445,1.2));
#2702 = ORIENTED_EDGE('',*,*,#2703,.F.);
#2703 = EDGE_CURVE('',#2704,#2683,#2706,.T.);
#2704 = VERTEX_POINT('',#2705);
#2705 = CARTESIAN_POINT('',(76.08430471584,24.797629987908,1.2));
#2706 = LINE('',#2707,#2708);
#2707 = CARTESIAN_POINT('',(38.279733978235,24.797629987908,1.2));
#2708 = VECTOR('',#2709,1.);
#2709 = DIRECTION('',(1.,0.,0.));
#2710 = ORIENTED_EDGE('',*,*,#2711,.F.);
#2711 = EDGE_CURVE('',#2712,#2704,#2714,.T.);
#2712 = VERTEX_POINT('',#2713);
#2713 = CARTESIAN_POINT('',(75.656348246675,24.821620314389,1.2));
#2714 = LINE('',#2715,#2716);
#2715 = CARTESIAN_POINT('',(37.960082383207,26.934792541817,1.2));
#2716 = VECTOR('',#2717,1.);
#2717 = DIRECTION('',(0.998432451351,-5.596999275206E-02,0.));
#2718 = ORIENTED_EDGE('',*,*,#2719,.F.);
#2719 = EDGE_CURVE('',#2720,#2712,#2722,.T.);
#2720 = VERTEX_POINT('',#2721);
#2721 = CARTESIAN_POINT('',(75.58515114873,24.726432889964,1.2));
#2722 = LINE('',#2723,#2724);
#2723 = CARTESIAN_POINT('',(63.806969468277,8.979516078053,1.2));
#2724 = VECTOR('',#2725,1.);
#2725 = DIRECTION('',(0.598957825591,0.80078057117,0.));
#2726 = ORIENTED_EDGE('',*,*,#2727,.F.);
#2727 = EDGE_CURVE('',#2728,#2720,#2730,.T.);
#2728 = VERTEX_POINT('',#2729);
#2729 = CARTESIAN_POINT('',(75.58515114873,21.231584038694,1.2));
#2730 = LINE('',#2731,#2732);
#2731 = CARTESIAN_POINT('',(75.58515114873,27.424111245466,1.2));
#2732 = VECTOR('',#2733,1.);
#2733 = DIRECTION('',(0.,1.,0.));
#2734 = ORIENTED_EDGE('',*,*,#2735,.F.);
#2735 = EDGE_CURVE('',#2736,#2728,#2738,.T.);
#2736 = VERTEX_POINT('',#2737);
#2737 = CARTESIAN_POINT('',(75.537170495768,20.399661426844,1.2));
#2738 = B_SPLINE_CURVE_WITH_KNOTS('',7,(#2739,#2740,#2741,#2742,#2743,
    #2744,#2745,#2746),.UNSPECIFIED.,.F.,.F.,(8,8),(0.,1.),
  .PIECEWISE_BEZIER_KNOTS.);
#2739 = CARTESIAN_POINT('',(75.537170495768,20.399661426844,1.2));
#2740 = CARTESIAN_POINT('',(75.553027613911,20.486108296723,1.2));
#2741 = CARTESIAN_POINT('',(75.565049560366,20.587986968793,1.2));
#2742 = CARTESIAN_POINT('',(75.573791385452,20.701900046749,1.2));
#2743 = CARTESIAN_POINT('',(75.579778357806,20.824981824989,1.2));
#2744 = CARTESIAN_POINT('',(75.583447171907,20.955104244581,1.2));
#2745 = CARTESIAN_POINT('',(75.58515114873,21.090857477598,1.2));
#2746 = CARTESIAN_POINT('',(75.58515114873,21.231584038694,1.2));
#2747 = ORIENTED_EDGE('',*,*,#2748,.F.);
#2748 = EDGE_CURVE('',#2749,#2736,#2751,.T.);
#2749 = VERTEX_POINT('',#2750);
#2750 = CARTESIAN_POINT('',(75.537170495768,19.82931076179,1.2));
#2751 = LINE('',#2752,#2753);
#2752 = CARTESIAN_POINT('',(75.537170495768,26.199830713422,1.2));
#2753 = VECTOR('',#2754,1.);
#2754 = DIRECTION('',(0.,1.,0.));
#2755 = ORIENTED_EDGE('',*,*,#2756,.F.);
#2756 = EDGE_CURVE('',#2757,#2749,#2759,.T.);
#2757 = VERTEX_POINT('',#2758);
#2758 = CARTESIAN_POINT('',(75.632357920193,18.807013301088,1.2));
#2759 = LINE('',#2760,#2761);
#2760 = CARTESIAN_POINT('',(74.650798170389,29.348805410772,1.2));
#2761 = VECTOR('',#2762,1.);
#2762 = DIRECTION('',(-9.271026108158E-02,0.995693129177,-0.));
#2763 = ORIENTED_EDGE('',*,*,#2764,.F.);
#2764 = EDGE_CURVE('',#2765,#2757,#2767,.T.);
#2765 = VERTEX_POINT('',#2766);
#2766 = CARTESIAN_POINT('',(75.703555018138,16.072889963724,1.2));
#2767 = B_SPLINE_CURVE_WITH_KNOTS('',8,(#2768,#2769,#2770,#2771,#2772,
    #2773,#2774,#2775,#2776,#2777,#2778,#2779,#2780,#2781,#2782,#2783),
  .UNSPECIFIED.,.F.,.F.,(9,7,9),(0.,0.778634677277,1.),.UNSPECIFIED.);
#2768 = CARTESIAN_POINT('',(75.703555018138,16.072889963724,1.2));
#2769 = CARTESIAN_POINT('',(75.703555018138,16.346355833147,1.2));
#2770 = CARTESIAN_POINT('',(75.70259783039,16.618892517908,1.2));
#2771 = CARTESIAN_POINT('',(75.700559193989,16.890476488561,1.2));
#2772 = CARTESIAN_POINT('',(75.697273904698,17.160955507048,1.2));
#2773 = CARTESIAN_POINT('',(75.692544310922,17.430061035902,1.2));
#2774 = CARTESIAN_POINT('',(75.686069780058,17.69732697782,1.2));
#2775 = CARTESIAN_POINT('',(75.677480678599,17.962129884697,1.2));
#2776 = CARTESIAN_POINT('',(75.662772957004,18.297618404816,1.2));
#2777 = CARTESIAN_POINT('',(75.659286162297,18.371585200638,1.2));
#2778 = CARTESIAN_POINT('',(75.655551326202,18.445226570944,1.2));
#2779 = CARTESIAN_POINT('',(75.651548960592,18.518507792079,1.2));
#2780 = CARTESIAN_POINT('',(75.647256862735,18.591385775318,1.2));
#2781 = CARTESIAN_POINT('',(75.642649283942,18.663807888268,1.2));
#2782 = CARTESIAN_POINT('',(75.637695519542,18.73570993588,1.2));
#2783 = CARTESIAN_POINT('',(75.632357920193,18.807013301088,1.2));
#2784 = ORIENTED_EDGE('',*,*,#2785,.F.);
#2785 = EDGE_CURVE('',#2786,#2765,#2788,.T.);
#2786 = VERTEX_POINT('',#2787);
#2787 = CARTESIAN_POINT('',(76.060314389359,11.912503022975,1.2));
#2788 = B_SPLINE_CURVE_WITH_KNOTS('',8,(#2789,#2790,#2791,#2792,#2793,
    #2794,#2795,#2796,#2797,#2798,#2799,#2800,#2801,#2802,#2803,#2804),
  .UNSPECIFIED.,.F.,.F.,(9,7,9),(0.,0.344034132305,1.),.UNSPECIFIED.);
#2789 = CARTESIAN_POINT('',(76.060314389359,11.912503022975,1.2));
#2790 = CARTESIAN_POINT('',(76.019824886203,12.080854115045,1.2));
#2791 = CARTESIAN_POINT('',(75.984907243045,12.252339101473,1.2));
#2792 = CARTESIAN_POINT('',(75.95416076553,12.425954584858,1.2));
#2793 = CARTESIAN_POINT('',(75.926878883436,12.601116112022,1.2));
#2794 = CARTESIAN_POINT('',(75.902481371425,12.777393707359,1.2));
#2795 = CARTESIAN_POINT('',(75.880576733892,12.954544475605,1.2));
#2796 = CARTESIAN_POINT('',(75.860831386652,13.132446520759,1.2));
#2797 = CARTESIAN_POINT('',(75.808961147491,13.651769501645,1.2));
#2798 = CARTESIAN_POINT('',(75.781896429041,13.994659226035,1.2));
#2799 = CARTESIAN_POINT('',(75.760022394292,14.339056988587,1.2));
#2800 = CARTESIAN_POINT('',(75.742445996278,14.684537675083,1.2));
#2801 = CARTESIAN_POINT('',(75.728450020277,15.030791573186,1.2));
#2802 = CARTESIAN_POINT('',(75.71755393482,15.377642990739,1.2));
#2803 = CARTESIAN_POINT('',(75.709357765058,15.725005926587,1.2));
#2804 = CARTESIAN_POINT('',(75.703555018138,16.072889963724,1.2));
#2805 = ORIENTED_EDGE('',*,*,#2806,.F.);
#2806 = EDGE_CURVE('',#2807,#2786,#2809,.T.);
#2807 = VERTEX_POINT('',#2808);
#2808 = CARTESIAN_POINT('',(76.607448609432,11.032599758162,1.2));
#2809 = B_SPLINE_CURVE_WITH_KNOTS('',6,(#2810,#2811,#2812,#2813,#2814,
    #2815,#2816,#2817,#2818,#2819,#2820,#2821),.UNSPECIFIED.,.F.,.F.,(7,
    5,7),(0.,0.521300468408,1.),.UNSPECIFIED.);
#2810 = CARTESIAN_POINT('',(76.607448609432,11.032599758162,1.2));
#2811 = CARTESIAN_POINT('',(76.533462839209,11.069592643273,1.2));
#2812 = CARTESIAN_POINT('',(76.464581935054,11.117769723284,1.2));
#2813 = CARTESIAN_POINT('',(76.401706819761,11.176508164061,1.2));
#2814 = CARTESIAN_POINT('',(76.34495954429,11.244381164339,1.2));
#2815 = CARTESIAN_POINT('',(76.29410923004,11.319822184213,1.2));
#2816 = CARTESIAN_POINT('',(76.2071080838,11.476339712421,1.2));
#2817 = CARTESIAN_POINT('',(76.170071757049,11.556495126265,1.2));
#2818 = CARTESIAN_POINT('',(76.137276811289,11.640919382727,1.2));
#2819 = CARTESIAN_POINT('',(76.108305666573,11.728780197637,1.2));
#2820 = CARTESIAN_POINT('',(76.082768801829,11.819447760133,1.2));
#2821 = CARTESIAN_POINT('',(76.060314389359,11.912503022975,1.2));
#2822 = ORIENTED_EDGE('',*,*,#2823,.F.);
#2823 = EDGE_CURVE('',#2824,#2807,#2826,.T.);
#2824 = VERTEX_POINT('',#2825);
#2825 = CARTESIAN_POINT('',(79.388778718259,11.056590084643,1.2));
#2826 = LINE('',#2827,#2828);
#2827 = CARTESIAN_POINT('',(38.396994143554,10.703015982858,1.2));
#2828 = VECTOR('',#2829,1.);
#2829 = DIRECTION('',(-0.999962802563,-8.625166076645E-03,0.));
#2830 = ORIENTED_EDGE('',*,*,#2831,.F.);
#2831 = EDGE_CURVE('',#2832,#2824,#2834,.T.);
#2832 = VERTEX_POINT('',#2833);
#2833 = CARTESIAN_POINT('',(80.41107617896,11.080580411125,1.2));
#2834 = B_SPLINE_CURVE_WITH_KNOTS('',7,(#2835,#2836,#2837,#2838,#2839,
    #2840,#2841,#2842),.UNSPECIFIED.,.F.,.F.,(8,8),(0.,1.),
  .PIECEWISE_BEZIER_KNOTS.);
#2835 = CARTESIAN_POINT('',(80.41107617896,11.080580411125,1.2));
#2836 = CARTESIAN_POINT('',(80.246997033444,11.080580411125,1.2));
#2837 = CARTESIAN_POINT('',(80.087082219572,11.079729883412,1.2));
#2838 = CARTESIAN_POINT('',(79.931810195913,11.077901889988,1.2));
#2839 = CARTESIAN_POINT('',(79.782254386717,11.074927311695,1.2));
#2840 = CARTESIAN_POINT('',(79.640147693454,11.07058421176,1.2));
#2841 = CARTESIAN_POINT('',(79.50787385466,11.064598651299,1.2));
#2842 = CARTESIAN_POINT('',(79.388778718259,11.056590084643,1.2));
#2843 = ORIENTED_EDGE('',*,*,#2844,.F.);
#2844 = EDGE_CURVE('',#2845,#2832,#2847,.T.);
#2845 = VERTEX_POINT('',#2846);
#2846 = CARTESIAN_POINT('',(81.551777509069,11.080580411125,1.2));
#2847 = LINE('',#2848,#2849);
#2848 = CARTESIAN_POINT('',(40.20553808948,11.080580411125,1.2));
#2849 = VECTOR('',#2850,1.);
#2850 = DIRECTION('',(-1.,0.,0.));
#2851 = ORIENTED_EDGE('',*,*,#2852,.F.);
#2852 = EDGE_CURVE('',#2853,#2845,#2855,.T.);
#2853 = VERTEX_POINT('',#2854);
#2854 = CARTESIAN_POINT('',(81.992116082225,11.128561064087,1.2));
#2855 = B_SPLINE_CURVE_WITH_KNOTS('',6,(#2856,#2857,#2858,#2859,#2860,
    #2861,#2862),.UNSPECIFIED.,.F.,.F.,(7,7),(0.,1.),
  .PIECEWISE_BEZIER_KNOTS.);
#2856 = CARTESIAN_POINT('',(81.992116082225,11.128561064087,1.2));
#2857 = CARTESIAN_POINT('',(81.893220274471,11.121173666399,1.2));
#2858 = CARTESIAN_POINT('',(81.802459289035,11.113535576687,1.2));
#2859 = CARTESIAN_POINT('',(81.72119970575,11.105639314369,1.2));
#2860 = CARTESIAN_POINT('',(81.651149324442,11.097492358401,1.2));
#2861 = CARTESIAN_POINT('',(81.594202008014,11.089120407666,1.2));
#2862 = CARTESIAN_POINT('',(81.551777509069,11.080580411125,1.2));
#2863 = ORIENTED_EDGE('',*,*,#2864,.F.);
#2864 = EDGE_CURVE('',#2865,#2853,#2867,.T.);
#2865 = VERTEX_POINT('',#2866);
#2866 = CARTESIAN_POINT('',(82.479661426844,11.246964933495,1.2));
#2867 = B_SPLINE_CURVE_WITH_KNOTS('',6,(#2868,#2869,#2870,#2871,#2872,
    #2873,#2874),.UNSPECIFIED.,.F.,.F.,(7,7),(0.,1.),
  .PIECEWISE_BEZIER_KNOTS.);
#2868 = CARTESIAN_POINT('',(82.479661426844,11.246964933495,1.2));
#2869 = CARTESIAN_POINT('',(82.421524043844,11.21370494229,1.2));
#2870 = CARTESIAN_POINT('',(82.352854482459,11.186178348967,1.2));
#2871 = CARTESIAN_POINT('',(82.2745149716,11.164266369777,1.2));
#2872 = CARTESIAN_POINT('',(82.187594119712,11.147630095794,1.2));
#2873 = CARTESIAN_POINT('',(82.093151326258,11.135864816668,1.2));
#2874 = CARTESIAN_POINT('',(81.992116082225,11.128561064087,1.2));
#2875 = ORIENTED_EDGE('',*,*,#2876,.F.);
#2876 = EDGE_CURVE('',#2877,#2865,#2879,.T.);
#2877 = VERTEX_POINT('',#2878);
#2878 = CARTESIAN_POINT('',(82.680870616687,11.568125755744,1.2));
#2879 = B_SPLINE_CURVE_WITH_KNOTS('',5,(#2880,#2881,#2882,#2883,#2884,
    #2885,#2886,#2887,#2888,#2889),.UNSPECIFIED.,.F.,.F.,(6,4,6),(0.,
    0.864699834693,1.),.UNSPECIFIED.);
#2880 = CARTESIAN_POINT('',(82.680870616687,11.568125755744,1.2));
#2881 = CARTESIAN_POINT('',(82.660788415441,11.498895009345,1.2));
#2882 = CARTESIAN_POINT('',(82.634437745658,11.435195799116,1.2));
#2883 = CARTESIAN_POINT('',(82.60165497268,11.377428780602,1.2));
#2884 = CARTESIAN_POINT('',(82.562407862502,11.325891661813,1.2));
#2885 = CARTESIAN_POINT('',(82.509717791951,11.273664658411,1.2));
#2886 = CARTESIAN_POINT('',(82.502434177695,11.26675439931,1.2));
#2887 = CARTESIAN_POINT('',(82.494996470615,11.26000074504,1.2));
#2888 = CARTESIAN_POINT('',(82.487405309717,11.253404140449,1.2));
#2889 = CARTESIAN_POINT('',(82.479661426844,11.246964933495,1.2));
#2890 = ORIENTED_EDGE('',*,*,#2891,.F.);
#2891 = EDGE_CURVE('',#2892,#2877,#2894,.T.);
#2892 = VERTEX_POINT('',#2893);
#2893 = CARTESIAN_POINT('',(82.74045949214,12.150084643289,1.2));
#2894 = B_SPLINE_CURVE_WITH_KNOTS('',6,(#2895,#2896,#2897,#2898,#2899,
    #2900,#2901),.UNSPECIFIED.,.F.,.F.,(7,7),(0.,1.),
  .PIECEWISE_BEZIER_KNOTS.);
#2895 = CARTESIAN_POINT('',(82.74045949214,12.150084643289,1.2));
#2896 = CARTESIAN_POINT('',(82.74045949214,12.032849915071,1.2));
#2897 = CARTESIAN_POINT('',(82.737056202264,11.922069187723,1.2));
#2898 = CARTESIAN_POINT('',(82.729844584497,11.818774449979,1.2));
#2899 = CARTESIAN_POINT('',(82.718368113049,11.724311311332,1.2));
#2900 = CARTESIAN_POINT('',(82.702153485387,11.640266388609,1.2));
#2901 = CARTESIAN_POINT('',(82.680870616687,11.568125755744,1.2));
#2902 = ORIENTED_EDGE('',*,*,#2903,.F.);
#2903 = EDGE_CURVE('',#2904,#2892,#2906,.T.);
#2904 = VERTEX_POINT('',#2905);
#2905 = CARTESIAN_POINT('',(82.717243047158,12.34045949214,1.2));
#2906 = LINE('',#2907,#2908);
#2907 = CARTESIAN_POINT('',(80.941589581405,26.900817911319,1.2));
#2908 = VECTOR('',#2909,1.);
#2909 = DIRECTION('',(0.121054375311,-0.992645877551,0.));
#2910 = ORIENTED_EDGE('',*,*,#2911,.F.);
#2911 = EDGE_CURVE('',#2912,#2904,#2914,.T.);
#2912 = VERTEX_POINT('',#2913);
#2913 = CARTESIAN_POINT('',(82.717243047158,12.626021765417,1.2));
#2914 = LINE('',#2915,#2916);
#2915 = CARTESIAN_POINT('',(82.717243047158,22.17022974607,1.2));
#2916 = VECTOR('',#2917,1.);
#2917 = DIRECTION('',(0.,-1.,0.));
#2918 = ORIENTED_EDGE('',*,*,#2919,.F.);
#2919 = EDGE_CURVE('',#2920,#2912,#2922,.T.);
#2920 = VERTEX_POINT('',#2921);
#2921 = CARTESIAN_POINT('',(82.646045949214,12.958790810157,1.2));
#2922 = B_SPLINE_CURVE_WITH_KNOTS('',5,(#2923,#2924,#2925,#2926,#2927,
    #2928),.UNSPECIFIED.,.F.,.F.,(6,6),(0.,1.),
  .PIECEWISE_BEZIER_KNOTS.);
#2923 = CARTESIAN_POINT('',(82.646045949214,12.958790810157,1.2));
#2924 = CARTESIAN_POINT('',(82.646045949214,12.892035243068,1.2));
#2925 = CARTESIAN_POINT('',(82.653208881086,12.825278844072,1.2));
#2926 = CARTESIAN_POINT('',(82.667535168264,12.75862627026,1.2));
#2927 = CARTESIAN_POINT('',(82.688935093428,12.692176222505,1.2));
#2928 = CARTESIAN_POINT('',(82.717243047158,12.626021765417,1.2));
#2929 = ORIENTED_EDGE('',*,*,#2930,.F.);
#2930 = EDGE_CURVE('',#2931,#2920,#2933,.T.);
#2931 = VERTEX_POINT('',#2932);
#2932 = CARTESIAN_POINT('',(82.622055622733,13.33876662636,1.2));
#2933 = B_SPLINE_CURVE_WITH_KNOTS('',4,(#2934,#2935,#2936,#2937,#2938,
    #2939,#2940,#2941),.UNSPECIFIED.,.F.,.F.,(5,3,5),(0.,0.359809506016,
    1.),.UNSPECIFIED.);
#2934 = CARTESIAN_POINT('',(82.622055622733,13.33876662636,1.2));
#2935 = CARTESIAN_POINT('',(82.617740759519,13.304526098922,1.2));
#2936 = CARTESIAN_POINT('',(82.614974641303,13.270275426503,1.2));
#2937 = CARTESIAN_POINT('',(82.613764428919,13.236027923314,1.2));
#2938 = CARTESIAN_POINT('',(82.614724930733,13.140891767898,1.2));
#2939 = CARTESIAN_POINT('',(82.620265175958,13.080038888207,1.2));
#2940 = CARTESIAN_POINT('',(82.630729724965,13.019314599527,1.2));
#2941 = CARTESIAN_POINT('',(82.646045949214,12.958790810157,1.2));
#2942 = ORIENTED_EDGE('',*,*,#2943,.F.);
#2943 = EDGE_CURVE('',#2944,#2931,#2946,.T.);
#2944 = VERTEX_POINT('',#2945);
#2945 = CARTESIAN_POINT('',(82.622055622733,13.695525997582,1.2));
#2946 = LINE('',#2947,#2948);
#2947 = CARTESIAN_POINT('',(82.622055622733,22.66938331318,1.2));
#2948 = VECTOR('',#2949,1.);
#2949 = DIRECTION('',(0.,-1.,0.));
#2950 = ORIENTED_EDGE('',*,*,#2951,.F.);
#2951 = EDGE_CURVE('',#2952,#2944,#2954,.T.);
#2952 = VERTEX_POINT('',#2953);
#2953 = CARTESIAN_POINT('',(82.646045949214,14.028295042322,1.2));
#2954 = B_SPLINE_CURVE_WITH_KNOTS('',5,(#2955,#2956,#2957,#2958,#2959,
    #2960),.UNSPECIFIED.,.F.,.F.,(6,6),(0.,1.),
  .PIECEWISE_BEZIER_KNOTS.);
#2955 = CARTESIAN_POINT('',(82.646045949214,14.028295042322,1.2));
#2956 = CARTESIAN_POINT('',(82.646045949214,13.945362999575,1.2));
#2957 = CARTESIAN_POINT('',(82.64378543198,13.869952655772,1.2));
#2958 = CARTESIAN_POINT('',(82.639115001392,13.802742978764,1.2));
#2959 = CARTESIAN_POINT('',(82.631898089159,13.744420830795,1.2));
#2960 = CARTESIAN_POINT('',(82.622055622733,13.695525997582,1.2));
#2961 = ORIENTED_EDGE('',*,*,#2962,.F.);
#2962 = EDGE_CURVE('',#2963,#2952,#2965,.T.);
#2963 = VERTEX_POINT('',#2964);
#2964 = CARTESIAN_POINT('',(82.669262394196,14.218669891173,1.2));
#2965 = LINE('',#2966,#2967);
#2966 = CARTESIAN_POINT('',(83.120268800209,17.916922420478,1.2));
#2967 = VECTOR('',#2968,1.);
#2968 = DIRECTION('',(-0.121054375311,-0.992645877551,0.));
#2969 = ORIENTED_EDGE('',*,*,#2970,.F.);
#2970 = EDGE_CURVE('',#2971,#2963,#2973,.T.);
#2971 = VERTEX_POINT('',#2972);
#2972 = CARTESIAN_POINT('',(82.669262394196,14.765030229746,1.2));
#2973 = LINE('',#2974,#2975);
#2974 = CARTESIAN_POINT('',(82.669262394196,23.109334945586,1.2));
#2975 = VECTOR('',#2976,1.);
#2976 = DIRECTION('',(0.,-1.,0.));
#2977 = ORIENTED_EDGE('',*,*,#2978,.F.);
#2978 = EDGE_CURVE('',#2979,#2971,#2981,.T.);
#2979 = VERTEX_POINT('',#2980);
#2980 = CARTESIAN_POINT('',(82.693252720677,15.525755743652,1.2));
#2981 = LINE('',#2982,#2983);
#2982 = CARTESIAN_POINT('',(82.899686830819,22.071714784613,1.2));
#2983 = VECTOR('',#2984,1.);
#2984 = DIRECTION('',(-3.152044387395E-02,-0.999503107358,0.));
#2985 = ORIENTED_EDGE('',*,*,#2986,.F.);
#2986 = EDGE_CURVE('',#2987,#2979,#2989,.T.);
#2987 = VERTEX_POINT('',#2988);
#2988 = CARTESIAN_POINT('',(82.717243047158,16.192067714631,1.2));
#2989 = B_SPLINE_CURVE_WITH_KNOTS('',6,(#2990,#2991,#2992,#2993,#2994,
    #2995,#2996),.UNSPECIFIED.,.F.,.F.,(7,7),(0.,1.),
  .PIECEWISE_BEZIER_KNOTS.);
#2990 = CARTESIAN_POINT('',(82.717243047158,16.192067714631,1.2));
#2991 = CARTESIAN_POINT('',(82.717243047158,16.061419562062,1.2));
#2992 = CARTESIAN_POINT('',(82.715901593482,15.936921226981,1.2));
#2993 = CARTESIAN_POINT('',(82.713046861882,15.819554213439,1.2));
#2994 = CARTESIAN_POINT('',(82.708473270021,15.710704972337,1.2));
#2995 = CARTESIAN_POINT('',(82.701947028874,15.612137902508,1.2));
#2996 = CARTESIAN_POINT('',(82.693252720677,15.525755743652,1.2));
#2997 = ORIENTED_EDGE('',*,*,#2998,.F.);
#2998 = EDGE_CURVE('',#2999,#2987,#3001,.T.);
#2999 = VERTEX_POINT('',#3000);
#3000 = CARTESIAN_POINT('',(82.835646916566,16.643240628779,1.2));
#3001 = B_SPLINE_CURVE_WITH_KNOTS('',6,(#3002,#3003,#3004,#3005,#3006,
    #3007,#3008),.UNSPECIFIED.,.F.,.F.,(7,7),(0.,1.),
  .PIECEWISE_BEZIER_KNOTS.);
#3002 = CARTESIAN_POINT('',(82.835646916566,16.643240628779,1.2));
#3003 = CARTESIAN_POINT('',(82.81026630588,16.601031569704,1.2));
#3004 = CARTESIAN_POINT('',(82.787200390065,16.543284062214,1.2));
#3005 = CARTESIAN_POINT('',(82.766518200807,16.471508863183,1.2));
#3006 = CARTESIAN_POINT('',(82.748088349492,16.387836692208,1.2));
#3007 = CARTESIAN_POINT('',(82.731729242122,16.294183515193,1.2));
#3008 = CARTESIAN_POINT('',(82.717243047158,16.192067714631,1.2));
#3009 = ORIENTED_EDGE('',*,*,#3010,.F.);
#3010 = EDGE_CURVE('',#3011,#2999,#3013,.T.);
#3011 = VERTEX_POINT('',#3012);
#3012 = CARTESIAN_POINT('',(82.811656590085,17.,1.2));
#3013 = B_SPLINE_CURVE_WITH_KNOTS('',4,(#3014,#3015,#3016,#3017,#3018),
  .UNSPECIFIED.,.F.,.F.,(5,5),(0.,1.),.PIECEWISE_BEZIER_KNOTS.);
#3014 = CARTESIAN_POINT('',(82.811656590085,17.,1.2));
#3015 = CARTESIAN_POINT('',(82.823551691489,16.905606614665,1.2));
#3016 = CARTESIAN_POINT('',(82.831585478583,16.814585558289,1.2));
#3017 = CARTESIAN_POINT('',(82.835646916566,16.727084815983,1.2));
#3018 = CARTESIAN_POINT('',(82.835646916566,16.643240628779,1.2));
#3019 = ORIENTED_EDGE('',*,*,#3020,.F.);
#3020 = EDGE_CURVE('',#3021,#3011,#3023,.T.);
#3021 = VERTEX_POINT('',#3022);
#3022 = CARTESIAN_POINT('',(82.788440145103,17.380749697703,1.2));
#3023 = B_SPLINE_CURVE_WITH_KNOTS('',4,(#3024,#3025,#3026,#3027,#3028),
  .UNSPECIFIED.,.F.,.F.,(5,5),(0.,1.),.PIECEWISE_BEZIER_KNOTS.);
#3024 = CARTESIAN_POINT('',(82.788440145103,17.380749697703,1.2));
#3025 = CARTESIAN_POINT('',(82.788440145103,17.285532411224,1.2));
#3026 = CARTESIAN_POINT('',(82.792311984969,17.190315106774,1.2));
#3027 = CARTESIAN_POINT('',(82.800055643222,17.095127764275,1.2));
#3028 = CARTESIAN_POINT('',(82.811656590085,17.,1.2));
#3029 = ORIENTED_EDGE('',*,*,#3030,.F.);
#3030 = EDGE_CURVE('',#3031,#3021,#3033,.T.);
#3031 = VERTEX_POINT('',#3032);
#3032 = CARTESIAN_POINT('',(82.764449818622,18.236662636034,1.2));
#3033 = B_SPLINE_CURVE_WITH_KNOTS('',6,(#3034,#3035,#3036,#3037,#3038,
    #3039,#3040),.UNSPECIFIED.,.F.,.F.,(7,7),(0.,1.),
  .PIECEWISE_BEZIER_KNOTS.);
#3034 = CARTESIAN_POINT('',(82.764449818622,18.236662636034,1.2));
#3035 = CARTESIAN_POINT('',(82.764449818622,18.070739153536,1.2));
#3036 = CARTESIAN_POINT('',(82.76566466591,17.911327740385,1.2));
#3037 = CARTESIAN_POINT('',(82.768314055881,17.759523647781,1.2));
#3038 = CARTESIAN_POINT('',(82.772708197836,17.617751005458,1.2));
#3039 = CARTESIAN_POINT('',(82.779253670429,17.489802042222,1.2));
#3040 = CARTESIAN_POINT('',(82.788440145103,17.380749697703,1.2));
#3041 = ORIENTED_EDGE('',*,*,#3042,.F.);
#3042 = EDGE_CURVE('',#3043,#3031,#3045,.T.);
#3043 = VERTEX_POINT('',#3044);
#3044 = CARTESIAN_POINT('',(82.788440145103,19.044594921403,1.2));
#3045 = B_SPLINE_CURVE_WITH_KNOTS('',7,(#3046,#3047,#3048,#3049,#3050,
    #3051,#3052,#3053),.UNSPECIFIED.,.F.,.F.,(8,8),(0.,1.),
  .PIECEWISE_BEZIER_KNOTS.);
#3046 = CARTESIAN_POINT('',(82.788440145103,19.044594921403,1.2));
#3047 = CARTESIAN_POINT('',(82.780594720116,18.959054481228,1.2));
#3048 = CARTESIAN_POINT('',(82.774603831247,18.859649667059,1.2));
#3049 = CARTESIAN_POINT('',(82.770213813742,18.749214784836,1.2));
#3050 = CARTESIAN_POINT('',(82.767186328743,18.630153412952,1.2));
#3051 = CARTESIAN_POINT('',(82.765320066362,18.504296172875,1.2));
#3052 = CARTESIAN_POINT('',(82.764449818622,18.372907519686,1.2));
#3053 = CARTESIAN_POINT('',(82.764449818622,18.236662636034,1.2));
#3054 = ORIENTED_EDGE('',*,*,#3055,.F.);
#3055 = EDGE_CURVE('',#3056,#3043,#3058,.T.);
#3056 = VERTEX_POINT('',#3057);
#3057 = CARTESIAN_POINT('',(82.90761789601,19.82931076179,1.2));
#3058 = B_SPLINE_CURVE_WITH_KNOTS('',5,(#3059,#3060,#3061,#3062,#3063,
    #3064),.UNSPECIFIED.,.F.,.F.,(6,6),(0.,1.),
  .PIECEWISE_BEZIER_KNOTS.);
#3059 = CARTESIAN_POINT('',(82.90761789601,19.82931076179,1.2));
#3060 = CARTESIAN_POINT('',(82.861003094972,19.671304747883,1.2));
#3061 = CARTESIAN_POINT('',(82.825153347926,19.513381173547,1.2));
#3062 = CARTESIAN_POINT('',(82.800771345369,19.355955573106,1.2));
#3063 = CARTESIAN_POINT('',(82.788440145103,19.199512877351,1.2));
#3064 = CARTESIAN_POINT('',(82.788440145103,19.044594921403,1.2));
#3065 = ORIENTED_EDGE('',*,*,#3066,.F.);
#3066 = EDGE_CURVE('',#3067,#3056,#3069,.T.);
#3067 = VERTEX_POINT('',#3068);
#3068 = CARTESIAN_POINT('',(83.453978234583,19.924498186215,1.2));
#3069 = B_SPLINE_CURVE_WITH_KNOTS('',5,(#3070,#3071,#3072,#3073,#3074,
    #3075),.UNSPECIFIED.,.F.,.F.,(6,6),(0.,1.),
  .PIECEWISE_BEZIER_KNOTS.);
#3070 = CARTESIAN_POINT('',(83.453978234583,19.924498186215,1.2));
#3071 = CARTESIAN_POINT('',(83.333607680855,19.924498186215,1.2));
#3072 = CARTESIAN_POINT('',(83.218125983717,19.91545718774,1.2));
#3073 = CARTESIAN_POINT('',(83.108203388631,19.896813809627,1.2));
#3074 = CARTESIAN_POINT('',(83.004515367928,19.868132875946,1.2));
#3075 = CARTESIAN_POINT('',(82.90761789601,19.82931076179,1.2));
#3076 = ORIENTED_EDGE('',*,*,#3077,.F.);
#3077 = EDGE_CURVE('',#3078,#3067,#3080,.T.);
#3078 = VERTEX_POINT('',#3079);
#3079 = CARTESIAN_POINT('',(85.082224909311,19.900507859734,1.2));
#3080 = B_SPLINE_CURVE_WITH_KNOTS('',4,(#3081,#3082,#3083,#3084,#3085),
  .UNSPECIFIED.,.F.,.F.,(5,5),(0.,1.),.PIECEWISE_BEZIER_KNOTS.);
#3081 = CARTESIAN_POINT('',(85.082224909311,19.900507859734,1.2));
#3082 = CARTESIAN_POINT('',(84.671352101746,19.91219323316,1.2));
#3083 = CARTESIAN_POINT('',(84.262823137804,19.920281716232,1.2));
#3084 = CARTESIAN_POINT('',(83.856908502766,19.924498186215,1.2));
#3085 = CARTESIAN_POINT('',(83.453978234583,19.924498186215,1.2));
#3086 = ORIENTED_EDGE('',*,*,#3087,.F.);
#3087 = EDGE_CURVE('',#3088,#3078,#3090,.T.);
#3088 = VERTEX_POINT('',#3089);
#3089 = CARTESIAN_POINT('',(86.592067714631,19.758113663845,1.2));
#3090 = B_SPLINE_CURVE_WITH_KNOTS('',6,(#3091,#3092,#3093,#3094,#3095,
    #3096,#3097),.UNSPECIFIED.,.F.,.F.,(7,7),(0.,1.),
  .PIECEWISE_BEZIER_KNOTS.);
#3091 = CARTESIAN_POINT('',(86.592067714631,19.758113663845,1.2));
#3092 = CARTESIAN_POINT('',(86.352158009705,19.80079527414,1.2));
#3093 = CARTESIAN_POINT('',(86.106250540509,19.83470341882,1.2));
#3094 = CARTESIAN_POINT('',(85.855512159061,19.860851357058,1.2));
#3095 = CARTESIAN_POINT('',(85.600849992995,19.880079342091,1.2));
#3096 = CARTESIAN_POINT('',(85.342938433108,19.893099867765,1.2));
#3097 = CARTESIAN_POINT('',(85.082224909311,19.900507859734,1.2));
#3098 = ORIENTED_EDGE('',*,*,#3099,.F.);
#3099 = EDGE_CURVE('',#3100,#3088,#3102,.T.);
#3100 = VERTEX_POINT('',#3101);
#3101 = CARTESIAN_POINT('',(86.865247883918,19.947714631197,1.2));
#3102 = B_SPLINE_CURVE_WITH_KNOTS('',5,(#3103,#3104,#3105,#3106,#3107,
    #3108),.UNSPECIFIED.,.F.,.F.,(6,6),(0.,1.),
  .PIECEWISE_BEZIER_KNOTS.);
#3103 = CARTESIAN_POINT('',(86.865247883918,19.947714631197,1.2));
#3104 = CARTESIAN_POINT('',(86.814327364082,19.882934088211,1.2));
#3105 = CARTESIAN_POINT('',(86.761359340476,19.830512306781,1.2));
#3106 = CARTESIAN_POINT('',(86.706475490914,19.791728185051,1.2));
#3107 = CARTESIAN_POINT('',(86.64991128146,19.767544680176,1.2));
#3108 = CARTESIAN_POINT('',(86.592067714631,19.758113663845,1.2));
#3109 = ORIENTED_EDGE('',*,*,#3110,.F.);
#3110 = EDGE_CURVE('',#3111,#3100,#3113,.T.);
#3111 = VERTEX_POINT('',#3112);
#3112 = CARTESIAN_POINT('',(86.996033857316,20.233276904474,1.2));
#3113 = B_SPLINE_CURVE_WITH_KNOTS('',5,(#3114,#3115,#3116,#3117,#3118,
    #3119),.UNSPECIFIED.,.F.,.F.,(6,6),(0.,1.),
  .PIECEWISE_BEZIER_KNOTS.);
#3114 = CARTESIAN_POINT('',(86.996033857316,20.233276904474,1.2));
#3115 = CARTESIAN_POINT('',(86.996033857316,20.184535891412,1.2));
#3116 = CARTESIAN_POINT('',(86.982361001612,20.131120663763,1.2));
#3117 = CARTESIAN_POINT('',(86.955311903552,20.073459071863,1.2));
#3118 = CARTESIAN_POINT('',(86.915883810962,20.012133118265,1.2));
#3119 = CARTESIAN_POINT('',(86.865247883918,19.947714631197,1.2));
#3120 = ORIENTED_EDGE('',*,*,#3121,.F.);
#3121 = EDGE_CURVE('',#3122,#3111,#3124,.T.);
#3122 = VERTEX_POINT('',#3123);
#3123 = CARTESIAN_POINT('',(86.829649334946,24.322466747279,1.2));
#3124 = LINE('',#3125,#3126);
#3125 = CARTESIAN_POINT('',(86.685146577734,27.873874045453,1.2));
#3126 = VECTOR('',#3127,1.);
#3127 = DIRECTION('',(4.065523190236E-02,-0.999173234289,0.));
#3128 = ORIENTED_EDGE('',*,*,#3129,.F.);
#3129 = EDGE_CURVE('',#3130,#3122,#3132,.T.);
#3130 = VERTEX_POINT('',#3131);
#3131 = CARTESIAN_POINT('',(86.640048367594,24.512841596131,1.2));
#3132 = B_SPLINE_CURVE_WITH_KNOTS('',4,(#3133,#3134,#3135,#3136,#3137,
    #3138,#3139,#3140),.UNSPECIFIED.,.F.,.F.,(5,3,5),(0.,0.501014271739,
    1.),.UNSPECIFIED.);
#3133 = CARTESIAN_POINT('',(86.640048367594,24.512841596131,1.2));
#3134 = CARTESIAN_POINT('',(86.675519936397,24.500889219686,1.2));
#3135 = CARTESIAN_POINT('',(86.707249530819,24.484965400269,1.2));
#3136 = CARTESIAN_POINT('',(86.735044784999,24.465002346398,1.2));
#3137 = CARTESIAN_POINT('',(86.782529316876,24.417228740787,1.2));
#3138 = CARTESIAN_POINT('',(86.802251581762,24.389449678755,1.2));
#3139 = CARTESIAN_POINT('',(86.817935768713,24.357799471652,1.2));
#3140 = CARTESIAN_POINT('',(86.829649334946,24.322466747279,1.2));
#3141 = ORIENTED_EDGE('',*,*,#3142,.F.);
#3142 = EDGE_CURVE('',#3143,#3130,#3145,.T.);
#3143 = VERTEX_POINT('',#3144);
#3144 = CARTESIAN_POINT('',(85.522563482467,24.750423216445,1.2));
#3145 = B_SPLINE_CURVE_WITH_KNOTS('',5,(#3146,#3147,#3148,#3149,#3150,
    #3151,#3152,#3153,#3154,#3155),.UNSPECIFIED.,.F.,.F.,(6,4,6),(0.,
    0.54416381679,1.),.UNSPECIFIED.);
#3146 = CARTESIAN_POINT('',(85.522563482467,24.750423216445,1.2));
#3147 = CARTESIAN_POINT('',(85.658353340118,24.74128209682,1.2));
#3148 = CARTESIAN_POINT('',(85.791664979208,24.728624800909,1.2));
#3149 = CARTESIAN_POINT('',(85.922024423824,24.711993584281,1.2));
#3150 = CARTESIAN_POINT('',(86.048675400119,24.690820552889,1.2));
#3151 = CARTESIAN_POINT('',(86.272664565682,24.642280754633,1.2));
#3152 = CARTESIAN_POINT('',(86.371405481464,24.616480540179,1.2));
#3153 = CARTESIAN_POINT('',(86.466169745795,24.586600643437,1.2));
#3154 = CARTESIAN_POINT('',(86.556064455936,24.552183963925,1.2));
#3155 = CARTESIAN_POINT('',(86.640048367594,24.512841596131,1.2));
#3156 = ORIENTED_EDGE('',*,*,#3157,.F.);
#3157 = EDGE_CURVE('',#3158,#3143,#3160,.T.);
#3158 = VERTEX_POINT('',#3159);
#3159 = CARTESIAN_POINT('',(84.262684401451,24.892817412334,1.2));
#3160 = B_SPLINE_CURVE_WITH_KNOTS('',7,(#3161,#3162,#3163,#3164,#3165,
    #3166,#3167,#3168,#3169,#3170,#3171,#3172,#3173,#3174),
  .UNSPECIFIED.,.F.,.F.,(8,6,8),(0.,0.507226282046,1.),.UNSPECIFIED.);
#3161 = CARTESIAN_POINT('',(84.262684401451,24.892817412334,1.2));
#3162 = CARTESIAN_POINT('',(84.324887537269,24.892817412334,1.2));
#3163 = CARTESIAN_POINT('',(84.397880225639,24.889446778481,1.2));
#3164 = CARTESIAN_POINT('',(84.478369252736,24.883565143454,1.2));
#3165 = CARTESIAN_POINT('',(84.564118704259,24.875758683137,1.2));
#3166 = CARTESIAN_POINT('',(84.653577552145,24.866468696322,1.2));
#3167 = CARTESIAN_POINT('',(84.745935016405,24.855974351647,1.2));
#3168 = CARTESIAN_POINT('',(84.933432067187,24.833193276279,1.2));
#3169 = CARTESIAN_POINT('',(85.028118658288,24.821002450112,1.2));
#3170 = CARTESIAN_POINT('',(85.124588515943,24.808029850645,1.2));
#3171 = CARTESIAN_POINT('',(85.222485784428,24.794402120722,1.2));
#3172 = CARTESIAN_POINT('',(85.321554889123,24.780213380239,1.2));
#3173 = CARTESIAN_POINT('',(85.421615136422,24.76553671984,1.2));
#3174 = CARTESIAN_POINT('',(85.522563482467,24.750423216445,1.2));
#3175 = ORIENTED_EDGE('',*,*,#3176,.F.);
#3176 = EDGE_CURVE('',#3177,#3158,#3179,.T.);
#3177 = VERTEX_POINT('',#3178);
#3178 = CARTESIAN_POINT('',(83.857944377267,24.892817412334,1.2));
#3179 = LINE('',#3180,#3181);
#3180 = CARTESIAN_POINT('',(42.131342200726,24.892817412334,1.2));
#3181 = VECTOR('',#3182,1.);
#3182 = DIRECTION('',(1.,0.,0.));
#3183 = ORIENTED_EDGE('',*,*,#3184,.F.);
#3184 = EDGE_CURVE('',#3185,#3177,#3187,.T.);
#3185 = VERTEX_POINT('',#3186);
#3186 = CARTESIAN_POINT('',(83.145199516324,24.916807738815,1.2));
#3187 = B_SPLINE_CURVE_WITH_KNOTS('',6,(#3188,#3189,#3190,#3191,#3192,
    #3193,#3194),.UNSPECIFIED.,.F.,.F.,(7,7),(0.,1.),
  .PIECEWISE_BEZIER_KNOTS.);
#3188 = CARTESIAN_POINT('',(83.145199516324,24.916807738815,1.2));
#3189 = CARTESIAN_POINT('',(83.233366767972,24.907904856727,1.2));
#3190 = CARTESIAN_POINT('',(83.337516734461,24.901353007979,1.2));
#3191 = CARTESIAN_POINT('',(83.45447543635,24.89685534661,1.2));
#3192 = CARTESIAN_POINT('',(83.581412592079,24.894096197155,1.2));
#3193 = CARTESIAN_POINT('',(83.71630891668,24.892817412334,1.2));
#3194 = CARTESIAN_POINT('',(83.857944377267,24.892817412334,1.2));
#3195 = ORIENTED_EDGE('',*,*,#3196,.F.);
#3196 = EDGE_CURVE('',#3197,#3185,#3199,.T.);
#3197 = VERTEX_POINT('',#3198);
#3198 = CARTESIAN_POINT('',(82.479661426844,24.964014510278,1.2));
#3199 = B_SPLINE_CURVE_WITH_KNOTS('',7,(#3200,#3201,#3202,#3203,#3204,
    #3205,#3206,#3207),.UNSPECIFIED.,.F.,.F.,(8,8),(0.,1.),
  .PIECEWISE_BEZIER_KNOTS.);
#3200 = CARTESIAN_POINT('',(82.479661426844,24.964014510278,1.2));
#3201 = CARTESIAN_POINT('',(82.541002299946,24.964014510278,1.2));
#3202 = CARTESIAN_POINT('',(82.617529804309,24.961132137563,1.2));
#3203 = CARTESIAN_POINT('',(82.706654983017,24.955756405909,1.2));
#3204 = CARTESIAN_POINT('',(82.805774059777,24.948316649181,1.2));
#3205 = CARTESIAN_POINT('',(82.912808963482,24.939172467611,1.2));
#3206 = CARTESIAN_POINT('',(83.026239084907,24.928607066159,1.2));
#3207 = CARTESIAN_POINT('',(83.145199516324,24.916807738815,1.2));
#3208 = ORIENTED_EDGE('',*,*,#3209,.F.);
#3209 = EDGE_CURVE('',#2596,#3197,#3210,.T.);
#3210 = LINE('',#3211,#3212);
#3211 = CARTESIAN_POINT('',(41.682362864397,22.124295352799,1.2));
#3212 = VECTOR('',#3213,1.);
#3213 = DIRECTION('',(0.997586299555,6.943756145393E-02,0.));
#3214 = FACE_BOUND('',#3215,.F.);
#3215 = EDGE_LOOP('',(#3216,#3240,#3251,#3264,#3276,#3287,#3300,#3308,
    #3319,#3334,#3342,#3353,#3364,#3375,#3386,#3397,#3407,#3418,#3426,
    #3434,#3445,#3457,#3465,#3473,#3492,#3504,#3516,#3524,#3532,#3540,
    #3548,#3560,#3573,#3583,#3632,#3653,#3670,#3678,#3686,#3707,#3718,
    #3729,#3739,#3749,#3760,#3771,#3784,#3792,#3800,#3810,#3821,#3829,
    #3842,#3853,#3865,#3876,#3887,#3899,#3914,#3922,#3934,#3942,#3954,
    #3962,#3970,#3981,#4003,#4013,#4026,#4034,#4047,#4060,#4079,#4090,
    #4103,#4116,#4124,#4132,#4160,#4171,#4181,#4202,#4210,#4221,#4234,
    #4242,#4250,#4261,#4269,#4290,#4298,#4310));
#3216 = ORIENTED_EDGE('',*,*,#3217,.F.);
#3217 = EDGE_CURVE('',#3218,#3220,#3222,.T.);
#3218 = VERTEX_POINT('',#3219);
#3219 = CARTESIAN_POINT('',(11.027956469166,24.369673518742,1.2));
#3220 = VERTEX_POINT('',#3221);
#3221 = CARTESIAN_POINT('',(11.455912938331,24.845610640871,1.2));
#3222 = B_SPLINE_CURVE_WITH_KNOTS('',6,(#3223,#3224,#3225,#3226,#3227,
    #3228,#3229,#3230,#3231,#3232,#3233,#3234,#3235,#3236,#3237,#3238,
    #3239),.UNSPECIFIED.,.F.,.F.,(7,5,5,7),(0.,0.322669910758,
    0.786166765541,1.),.UNSPECIFIED.);
#3223 = CARTESIAN_POINT('',(11.027956469166,24.369673518742,1.2));
#3224 = CARTESIAN_POINT('',(11.039059023217,24.414301432086,1.2));
#3225 = CARTESIAN_POINT('',(11.051429287939,24.457459951766,1.2));
#3226 = CARTESIAN_POINT('',(11.065162796662,24.49896259092,1.2));
#3227 = CARTESIAN_POINT('',(11.080359809637,24.538576426652,1.2));
#3228 = CARTESIAN_POINT('',(11.097113801243,24.576037617906,1.2));
#3229 = CARTESIAN_POINT('',(11.141910593266,24.661384515253,1.2));
#3230 = CARTESIAN_POINT('',(11.171707661658,24.706720883561,1.2));
#3231 = CARTESIAN_POINT('',(11.205079911422,24.746162169931,1.2));
#3232 = CARTESIAN_POINT('',(11.242108874294,24.778814630426,1.2));
#3233 = CARTESIAN_POINT('',(11.282672996376,24.803992435906,1.2));
#3234 = CARTESIAN_POINT('',(11.346414320837,24.829600930563,1.2));
#3235 = CARTESIAN_POINT('',(11.367192021633,24.836058262297,1.2));
#3236 = CARTESIAN_POINT('',(11.388581595602,24.840870836474,1.2));
#3237 = CARTESIAN_POINT('',(11.410534396016,24.844045683912,1.2));
#3238 = CARTESIAN_POINT('',(11.432997089818,24.845610640871,1.2));
#3239 = CARTESIAN_POINT('',(11.455912938331,24.845610640871,1.2));
#3240 = ORIENTED_EDGE('',*,*,#3241,.F.);
#3241 = EDGE_CURVE('',#3242,#3218,#3244,.T.);
#3242 = VERTEX_POINT('',#3243);
#3243 = CARTESIAN_POINT('',(11.003966142684,24.132091898428,1.2));
#3244 = B_SPLINE_CURVE_WITH_KNOTS('',5,(#3245,#3246,#3247,#3248,#3249,
    #3250),.UNSPECIFIED.,.F.,.F.,(6,6),(0.,1.),
  .PIECEWISE_BEZIER_KNOTS.);
#3245 = CARTESIAN_POINT('',(11.003966142684,24.132091898428,1.2));
#3246 = CARTESIAN_POINT('',(11.003966142684,24.197109663417,1.2));
#3247 = CARTESIAN_POINT('',(11.006255756668,24.253951076569,1.2));
#3248 = CARTESIAN_POINT('',(11.010962652449,24.301991512673,1.2));
#3249 = CARTESIAN_POINT('',(11.018186004677,24.34067730155,1.2));
#3250 = CARTESIAN_POINT('',(11.027956469166,24.369673518742,1.2));
#3251 = ORIENTED_EDGE('',*,*,#3252,.F.);
#3252 = EDGE_CURVE('',#3253,#3242,#3255,.T.);
#3253 = VERTEX_POINT('',#3254);
#3254 = CARTESIAN_POINT('',(11.09915356711,23.419347037485,1.2));
#3255 = B_SPLINE_CURVE_WITH_KNOTS('',7,(#3256,#3257,#3258,#3259,#3260,
    #3261,#3262,#3263),.UNSPECIFIED.,.F.,.F.,(8,8),(0.,1.),
  .PIECEWISE_BEZIER_KNOTS.);
#3256 = CARTESIAN_POINT('',(11.09915356711,23.419347037485,1.2));
#3257 = CARTESIAN_POINT('',(11.074977082496,23.54003290377,1.2));
#3258 = CARTESIAN_POINT('',(11.053496713859,23.656200680597,1.2));
#3259 = CARTESIAN_POINT('',(11.035084245293,23.767172640861,1.2));
#3260 = CARTESIAN_POINT('',(11.020252941823,23.871857744742,1.2));
#3261 = CARTESIAN_POINT('',(11.009634986778,23.968794658877,1.2));
#3262 = CARTESIAN_POINT('',(11.003966142684,24.056180036337,1.2));
#3263 = CARTESIAN_POINT('',(11.003966142684,24.132091898428,1.2));
#3264 = ORIENTED_EDGE('',*,*,#3265,.F.);
#3265 = EDGE_CURVE('',#3266,#3253,#3268,.T.);
#3266 = VERTEX_POINT('',#3267);
#3267 = CARTESIAN_POINT('',(11.181958887545,22.931801692866,1.2));
#3268 = B_SPLINE_CURVE_WITH_KNOTS('',6,(#3269,#3270,#3271,#3272,#3273,
    #3274,#3275),.UNSPECIFIED.,.F.,.F.,(7,7),(0.,1.),
  .PIECEWISE_BEZIER_KNOTS.);
#3269 = CARTESIAN_POINT('',(11.181958887545,22.931801692866,1.2));
#3270 = CARTESIAN_POINT('',(11.16949196542,22.994136303492,1.2));
#3271 = CARTESIAN_POINT('',(11.156392157586,23.06504544846,1.2));
#3272 = CARTESIAN_POINT('',(11.142738093807,23.143775563413,1.2));
#3273 = CARTESIAN_POINT('',(11.128605281376,23.229537505978,1.2));
#3274 = CARTESIAN_POINT('',(11.114059356967,23.32160415318,1.2));
#3275 = CARTESIAN_POINT('',(11.09915356711,23.419347037485,1.2));
#3276 = ORIENTED_EDGE('',*,*,#3277,.F.);
#3277 = EDGE_CURVE('',#3278,#3266,#3280,.T.);
#3278 = VERTEX_POINT('',#3279);
#3279 = CARTESIAN_POINT('',(11.241547762999,22.65784764208,1.2));
#3280 = B_SPLINE_CURVE_WITH_KNOTS('',5,(#3281,#3282,#3283,#3284,#3285,
    #3286),.UNSPECIFIED.,.F.,.F.,(6,6),(0.,1.),
  .PIECEWISE_BEZIER_KNOTS.);
#3281 = CARTESIAN_POINT('',(11.241547762999,22.65784764208,1.2));
#3282 = CARTESIAN_POINT('',(11.23175835606,22.696689482513,1.2));
#3283 = CARTESIAN_POINT('',(11.220839981596,22.74391556657,1.2));
#3284 = CARTESIAN_POINT('',(11.208851979898,22.799163913089,1.2));
#3285 = CARTESIAN_POINT('',(11.195866995724,22.861958801793,1.2));
#3286 = CARTESIAN_POINT('',(11.181958887545,22.931801692866,1.2));
#3287 = ORIENTED_EDGE('',*,*,#3288,.F.);
#3288 = EDGE_CURVE('',#3289,#3278,#3291,.T.);
#3289 = VERTEX_POINT('',#3290);
#3290 = CARTESIAN_POINT('',(12.644594921403,16.762418379686,1.2));
#3291 = B_SPLINE_CURVE_WITH_KNOTS('',7,(#3292,#3293,#3294,#3295,#3296,
    #3297,#3298,#3299),.UNSPECIFIED.,.F.,.F.,(8,8),(0.,1.),
  .PIECEWISE_BEZIER_KNOTS.);
#3292 = CARTESIAN_POINT('',(12.644594921403,16.762418379686,1.2));
#3293 = CARTESIAN_POINT('',(12.419011886826,17.594619765379,1.2));
#3294 = CARTESIAN_POINT('',(12.20433529296,18.431501213752,1.2));
#3295 = CARTESIAN_POINT('',(11.998463757609,19.271940069098,1.2));
#3296 = CARTESIAN_POINT('',(11.800136466332,20.115227125436,1.2));
#3297 = CARTESIAN_POINT('',(11.608357075365,20.960842812319,1.2));
#3298 = CARTESIAN_POINT('',(11.422370795579,21.808450077974,1.2));
#3299 = CARTESIAN_POINT('',(11.241547762999,22.65784764208,1.2));
#3300 = ORIENTED_EDGE('',*,*,#3301,.F.);
#3301 = EDGE_CURVE('',#3302,#3289,#3304,.T.);
#3302 = VERTEX_POINT('',#3303);
#3303 = CARTESIAN_POINT('',(14.308440145103,9.249576783555,1.2));
#3304 = LINE('',#3305,#3306);
#3305 = CARTESIAN_POINT('',(10.740579517961,25.359712117645,1.2));
#3306 = VECTOR('',#3307,1.);
#3307 = DIRECTION('',(-0.216227587987,0.976342987988,-0.));
#3308 = ORIENTED_EDGE('',*,*,#3309,.F.);
#3309 = EDGE_CURVE('',#3310,#3302,#3312,.T.);
#3310 = VERTEX_POINT('',#3311);
#3311 = CARTESIAN_POINT('',(14.379637243047,9.107182587666,1.2));
#3312 = B_SPLINE_CURVE_WITH_KNOTS('',5,(#3313,#3314,#3315,#3316,#3317,
    #3318),.UNSPECIFIED.,.F.,.F.,(6,6),(0.,1.),
  .PIECEWISE_BEZIER_KNOTS.);
#3313 = CARTESIAN_POINT('',(14.379637243047,9.107182587666,1.2));
#3314 = CARTESIAN_POINT('',(14.351548969239,9.144735388519,1.2));
#3315 = CARTESIAN_POINT('',(14.3301329077,9.177959823451,1.2));
#3316 = CARTESIAN_POINT('',(14.315692752999,9.206615633429,1.2));
#3317 = CARTESIAN_POINT('',(14.308440145103,9.230518664411,1.2));
#3318 = CARTESIAN_POINT('',(14.308440145103,9.249576783555,1.2));
#3319 = ORIENTED_EDGE('',*,*,#3320,.F.);
#3320 = EDGE_CURVE('',#3321,#3310,#3323,.T.);
#3321 = VERTEX_POINT('',#3322);
#3322 = CARTESIAN_POINT('',(14.546021765417,8.988004836759,1.2));
#3323 = B_SPLINE_CURVE_WITH_KNOTS('',5,(#3324,#3325,#3326,#3327,#3328,
    #3329,#3330,#3331,#3332,#3333),.UNSPECIFIED.,.F.,.F.,(6,4,6),(0.,
    9.974256318234E-02,1.),.UNSPECIFIED.);
#3324 = CARTESIAN_POINT('',(14.546021765417,8.988004836759,1.2));
#3325 = CARTESIAN_POINT('',(14.542214552499,8.988964378227,1.2));
#3326 = CARTESIAN_POINT('',(14.538431115349,8.989995159341,1.2));
#3327 = CARTESIAN_POINT('',(14.534671528209,8.991097178516,1.2));
#3328 = CARTESIAN_POINT('',(14.530935861896,8.992270423831,1.2));
#3329 = CARTESIAN_POINT('',(14.493723282024,9.004747035264,1.2));
#3330 = CARTESIAN_POINT('',(14.462176192804,9.021779963031,1.2));
#3331 = CARTESIAN_POINT('',(14.432633724419,9.044597227482,1.2));
#3332 = CARTESIAN_POINT('',(14.405120206328,9.073112973715,1.2));
#3333 = CARTESIAN_POINT('',(14.379637243047,9.107182587666,1.2));
#3334 = ORIENTED_EDGE('',*,*,#3335,.F.);
#3335 = EDGE_CURVE('',#3336,#3321,#3338,.T.);
#3336 = VERTEX_POINT('',#3337);
#3337 = CARTESIAN_POINT('',(14.665199516324,8.988004836759,1.2));
#3338 = LINE('',#3339,#3340);
#3339 = CARTESIAN_POINT('',(7.273010882709,8.988004836759,1.2));
#3340 = VECTOR('',#3341,1.);
#3341 = DIRECTION('',(-1.,0.,0.));
#3342 = ORIENTED_EDGE('',*,*,#3343,.F.);
#3343 = EDGE_CURVE('',#3344,#3336,#3346,.T.);
#3344 = VERTEX_POINT('',#3345);
#3345 = CARTESIAN_POINT('',(14.736396614268,9.011995163241,1.2));
#3346 = B_SPLINE_CURVE_WITH_KNOTS('',5,(#3347,#3348,#3349,#3350,#3351,
    #3352),.UNSPECIFIED.,.F.,.F.,(6,6),(0.,1.),
  .PIECEWISE_BEZIER_KNOTS.);
#3347 = CARTESIAN_POINT('',(14.736396614268,9.011995163241,1.2));
#3348 = CARTESIAN_POINT('',(14.708096526615,9.011995163241,1.2));
#3349 = CARTESIAN_POINT('',(14.686686711008,9.009626157576,1.2));
#3350 = CARTESIAN_POINT('',(14.672356209804,9.004841123844,1.2));
#3351 = CARTESIAN_POINT('',(14.665199516324,8.997625869912,1.2));
#3352 = CARTESIAN_POINT('',(14.665199516324,8.988004836759,1.2));
#3353 = ORIENTED_EDGE('',*,*,#3354,.F.);
#3354 = EDGE_CURVE('',#3355,#3344,#3357,.T.);
#3355 = VERTEX_POINT('',#3356);
#3356 = CARTESIAN_POINT('',(15.377944377267,8.940798065296,1.2));
#3357 = B_SPLINE_CURVE_WITH_KNOTS('',5,(#3358,#3359,#3360,#3361,#3362,
    #3363),.UNSPECIFIED.,.F.,.F.,(6,6),(0.,1.),
  .PIECEWISE_BEZIER_KNOTS.);
#3358 = CARTESIAN_POINT('',(15.377944377267,8.940798065296,1.2));
#3359 = CARTESIAN_POINT('',(15.240666600204,8.968253620709,1.2));
#3360 = CARTESIAN_POINT('',(15.107323270381,8.989613906875,1.2));
#3361 = CARTESIAN_POINT('',(14.978422088853,9.004374707546,1.2));
#3362 = CARTESIAN_POINT('',(14.854568345996,9.011995163241,1.2));
#3363 = CARTESIAN_POINT('',(14.736396614268,9.011995163241,1.2));
#3364 = ORIENTED_EDGE('',*,*,#3365,.F.);
#3365 = EDGE_CURVE('',#3366,#3355,#3368,.T.);
#3366 = VERTEX_POINT('',#3367);
#3367 = CARTESIAN_POINT('',(16.020266021765,8.869600967352,1.2));
#3368 = B_SPLINE_CURVE_WITH_KNOTS('',5,(#3369,#3370,#3371,#3372,#3373,
    #3374),.UNSPECIFIED.,.F.,.F.,(6,6),(0.,1.),
  .PIECEWISE_BEZIER_KNOTS.);
#3369 = CARTESIAN_POINT('',(16.020266021765,8.869600967352,1.2));
#3370 = CARTESIAN_POINT('',(15.902051924135,8.869600967352,1.2));
#3371 = CARTESIAN_POINT('',(15.778089312139,8.877226893454,1.2));
#3372 = CARTESIAN_POINT('',(15.649023816576,8.891992802807,1.2));
#3373 = CARTESIAN_POINT('',(15.515470589166,8.913352487217,1.2));
#3374 = CARTESIAN_POINT('',(15.377944377267,8.940798065296,1.2));
#3375 = ORIENTED_EDGE('',*,*,#3376,.F.);
#3376 = EDGE_CURVE('',#3377,#3366,#3379,.T.);
#3377 = VERTEX_POINT('',#3378);
#3378 = CARTESIAN_POINT('',(16.994582829504,8.940798065296,1.2));
#3379 = B_SPLINE_CURVE_WITH_KNOTS('',5,(#3380,#3381,#3382,#3383,#3384,
    #3385),.UNSPECIFIED.,.F.,.F.,(6,6),(0.,1.),
  .PIECEWISE_BEZIER_KNOTS.);
#3380 = CARTESIAN_POINT('',(16.994582829504,8.940798065296,1.2));
#3381 = CARTESIAN_POINT('',(16.808182484083,8.911383259501,1.2));
#3382 = CARTESIAN_POINT('',(16.616981934809,8.89001811111,1.2));
#3383 = CARTESIAN_POINT('',(16.421584456951,8.876252934306,1.2));
#3384 = CARTESIAN_POINT('',(16.222530994325,8.869600967352,1.2));
#3385 = CARTESIAN_POINT('',(16.020266021765,8.869600967352,1.2));
#3386 = ORIENTED_EDGE('',*,*,#3387,.F.);
#3387 = EDGE_CURVE('',#3388,#3377,#3390,.T.);
#3388 = VERTEX_POINT('',#3389);
#3389 = CARTESIAN_POINT('',(17.470519951632,8.964788391778,1.2));
#3390 = B_SPLINE_CURVE_WITH_KNOTS('',5,(#3391,#3392,#3393,#3394,#3395,
    #3396),.UNSPECIFIED.,.F.,.F.,(6,6),(0.,1.),
  .PIECEWISE_BEZIER_KNOTS.);
#3391 = CARTESIAN_POINT('',(17.470519951632,8.964788391778,1.2));
#3392 = CARTESIAN_POINT('',(17.367882163114,8.955374866795,1.2));
#3393 = CARTESIAN_POINT('',(17.268767379137,8.948176422012,1.2));
#3394 = CARTESIAN_POINT('',(17.173374214741,8.943286421321,1.2));
#3395 = CARTESIAN_POINT('',(17.081910470256,8.940798065296,1.2));
#3396 = CARTESIAN_POINT('',(16.994582829504,8.940798065296,1.2));
#3397 = ORIENTED_EDGE('',*,*,#3398,.F.);
#3398 = EDGE_CURVE('',#3399,#3388,#3401,.T.);
#3399 = VERTEX_POINT('',#3400);
#3400 = CARTESIAN_POINT('',(18.016880290206,8.988004836759,1.2));
#3401 = B_SPLINE_CURVE_WITH_KNOTS('',4,(#3402,#3403,#3404,#3405,#3406),
  .UNSPECIFIED.,.F.,.F.,(5,5),(0.,1.),.PIECEWISE_BEZIER_KNOTS.);
#3402 = CARTESIAN_POINT('',(18.016880290206,8.988004836759,1.2));
#3403 = CARTESIAN_POINT('',(17.87583901846,8.988004836759,1.2));
#3404 = CARTESIAN_POINT('',(17.73766397159,8.984208720909,1.2));
#3405 = CARTESIAN_POINT('',(17.602506678443,8.976503190015,1.2));
#3406 = CARTESIAN_POINT('',(17.470519951632,8.964788391778,1.2));
#3407 = ORIENTED_EDGE('',*,*,#3408,.F.);
#3408 = EDGE_CURVE('',#3409,#3399,#3411,.T.);
#3409 = VERTEX_POINT('',#3410);
#3410 = CARTESIAN_POINT('',(18.231245465538,8.940798065296,1.2));
#3411 = B_SPLINE_CURVE_WITH_KNOTS('',5,(#3412,#3413,#3414,#3415,#3416,
    #3417),.UNSPECIFIED.,.F.,.F.,(6,6),(0.,1.),
  .PIECEWISE_BEZIER_KNOTS.);
#3412 = CARTESIAN_POINT('',(18.231245465538,8.940798065296,1.2));
#3413 = CARTESIAN_POINT('',(18.183947791866,8.959532858114,1.2));
#3414 = CARTESIAN_POINT('',(18.138787497012,8.973709453954,1.2));
#3415 = CARTESIAN_POINT('',(18.095845058359,8.983225601567,1.2));
#3416 = CARTESIAN_POINT('',(18.055190680971,8.988004836759,1.2));
#3417 = CARTESIAN_POINT('',(18.016880290206,8.988004836759,1.2));
#3418 = ORIENTED_EDGE('',*,*,#3419,.F.);
#3419 = EDGE_CURVE('',#3420,#3409,#3422,.T.);
#3420 = VERTEX_POINT('',#3421);
#3421 = CARTESIAN_POINT('',(19.205562273277,8.940798065296,1.2));
#3422 = LINE('',#3423,#3424);
#3423 = CARTESIAN_POINT('',(9.329600967352,8.940798065296,1.2));
#3424 = VECTOR('',#3425,1.);
#3425 = DIRECTION('',(-1.,0.,0.));
#3426 = ORIENTED_EDGE('',*,*,#3427,.F.);
#3427 = EDGE_CURVE('',#3428,#3420,#3430,.T.);
#3428 = VERTEX_POINT('',#3429);
#3429 = CARTESIAN_POINT('',(19.776686819831,8.916807738815,1.2));
#3430 = LINE('',#3431,#3432);
#3431 = CARTESIAN_POINT('',(9.136242270135,9.363764081688,1.2));
#3432 = VECTOR('',#3433,1.);
#3433 = DIRECTION('',(-0.999118938117,4.196841067973E-02,-0.));
#3434 = ORIENTED_EDGE('',*,*,#3435,.F.);
#3435 = EDGE_CURVE('',#3436,#3428,#3438,.T.);
#3436 = VERTEX_POINT('',#3437);
#3437 = CARTESIAN_POINT('',(20.180652962515,8.893591293833,1.2));
#3438 = B_SPLINE_CURVE_WITH_KNOTS('',5,(#3439,#3440,#3441,#3442,#3443,
    #3444),.UNSPECIFIED.,.F.,.F.,(6,6),(0.,1.),
  .PIECEWISE_BEZIER_KNOTS.);
#3439 = CARTESIAN_POINT('',(20.180652962515,8.893591293833,1.2));
#3440 = CARTESIAN_POINT('',(20.087991775842,8.893591293833,1.2));
#3441 = CARTESIAN_POINT('',(20.000852481863,8.895798543326,1.2));
#3442 = CARTESIAN_POINT('',(19.919644058446,8.900331675288,1.2));
#3443 = CARTESIAN_POINT('',(19.844791749535,8.907304725368,1.2));
#3444 = CARTESIAN_POINT('',(19.776686819831,8.916807738815,1.2));
#3445 = ORIENTED_EDGE('',*,*,#3446,.F.);
#3446 = EDGE_CURVE('',#3447,#3436,#3449,.T.);
#3447 = VERTEX_POINT('',#3448);
#3448 = CARTESIAN_POINT('',(20.371027811366,8.869600967352,1.2));
#3449 = B_SPLINE_CURVE_WITH_KNOTS('',6,(#3450,#3451,#3452,#3453,#3454,
    #3455,#3456),.UNSPECIFIED.,.F.,.F.,(7,7),(0.,1.),
  .PIECEWISE_BEZIER_KNOTS.);
#3450 = CARTESIAN_POINT('',(20.371027811366,8.869600967352,1.2));
#3451 = CARTESIAN_POINT('',(20.371027811366,8.877780202539,1.2));
#3452 = CARTESIAN_POINT('',(20.357750520744,8.884292751807,1.2));
#3453 = CARTESIAN_POINT('',(20.331155552443,8.889062433589,1.2));
#3454 = CARTESIAN_POINT('',(20.29197676532,8.892127104798,1.2));
#3455 = CARTESIAN_POINT('',(20.241370173019,8.893591293833,1.2));
#3456 = CARTESIAN_POINT('',(20.180652962515,8.893591293833,1.2));
#3457 = ORIENTED_EDGE('',*,*,#3458,.F.);
#3458 = EDGE_CURVE('',#3459,#3447,#3461,.T.);
#3459 = VERTEX_POINT('',#3460);
#3460 = CARTESIAN_POINT('',(20.74603456357,8.869600967352,1.2));
#3461 = LINE('',#3462,#3463);
#3462 = CARTESIAN_POINT('',(10.185513905683,8.869600967352,1.2));
#3463 = VECTOR('',#3464,1.);
#3464 = DIRECTION('',(-1.,0.,0.));
#3465 = ORIENTED_EDGE('',*,*,#3466,.F.);
#3466 = EDGE_CURVE('',#3467,#3459,#3469,.T.);
#3467 = VERTEX_POINT('',#3468);
#3468 = CARTESIAN_POINT('',(20.74603456357,16.057968442388,1.2));
#3469 = LINE('',#3470,#3471);
#3470 = CARTESIAN_POINT('',(20.74603456357,24.416244120741,1.2));
#3471 = VECTOR('',#3472,1.);
#3472 = DIRECTION('',(0.,-1.,0.));
#3473 = ORIENTED_EDGE('',*,*,#3474,.F.);
#3474 = EDGE_CURVE('',#3475,#3467,#3477,.T.);
#3475 = VERTEX_POINT('',#3476);
#3476 = CARTESIAN_POINT('',(20.655816203144,16.548053204353,1.2));
#3477 = B_SPLINE_CURVE_WITH_KNOTS('',7,(#3478,#3479,#3480,#3481,#3482,
    #3483,#3484,#3485,#3486,#3487,#3488,#3489,#3490,#3491),
  .UNSPECIFIED.,.F.,.F.,(8,6,8),(0.,0.378052820236,1.),.UNSPECIFIED.);
#3478 = CARTESIAN_POINT('',(20.655816203144,16.548053204353,1.2));
#3479 = CARTESIAN_POINT('',(20.659030814053,16.532135695497,1.2));
#3480 = CARTESIAN_POINT('',(20.662675302969,16.513559957631,1.2));
#3481 = CARTESIAN_POINT('',(20.666667515311,16.492809798547,1.2));
#3482 = CARTESIAN_POINT('',(20.670935486942,16.47031390403,1.2));
#3483 = CARTESIAN_POINT('',(20.675422332959,16.446415108584,1.2));
#3484 = CARTESIAN_POINT('',(20.680088430478,16.421356639035,1.2));
#3485 = CARTESIAN_POINT('',(20.692844491714,16.352394561228,1.2));
#3486 = CARTESIAN_POINT('',(20.701183541033,16.306858510098,1.2));
#3487 = CARTESIAN_POINT('',(20.709810183913,16.259420056641,1.2));
#3488 = CARTESIAN_POINT('',(20.718650355492,16.210543262162,1.2));
#3489 = CARTESIAN_POINT('',(20.727651247655,16.160563687808,1.2));
#3490 = CARTESIAN_POINT('',(20.736783134052,16.109676592216,1.2));
#3491 = CARTESIAN_POINT('',(20.746034739819,16.057967457296,1.2));
#3492 = ORIENTED_EDGE('',*,*,#3493,.F.);
#3493 = EDGE_CURVE('',#3494,#3475,#3496,.T.);
#3494 = VERTEX_POINT('',#3495);
#3495 = CARTESIAN_POINT('',(20.537412333736,17.33276904474,1.2));
#3496 = B_SPLINE_CURVE_WITH_KNOTS('',6,(#3497,#3498,#3499,#3500,#3501,
    #3502,#3503),.UNSPECIFIED.,.F.,.F.,(7,7),(0.,1.),
  .PIECEWISE_BEZIER_KNOTS.);
#3497 = CARTESIAN_POINT('',(20.537412333736,17.33276904474,1.2));
#3498 = CARTESIAN_POINT('',(20.565075666636,17.179486970638,1.2));
#3499 = CARTESIAN_POINT('',(20.590392802612,17.032579533773,1.2));
#3500 = CARTESIAN_POINT('',(20.612950225414,16.893182458972,1.2));
#3501 = CARTESIAN_POINT('',(20.632057765704,16.763547414401,1.2));
#3502 = CARTESIAN_POINT('',(20.646732815816,16.647091427477,1.2));
#3503 = CARTESIAN_POINT('',(20.655816203144,16.548053204353,1.2));
#3504 = ORIENTED_EDGE('',*,*,#3505,.F.);
#3505 = EDGE_CURVE('',#3506,#3494,#3508,.T.);
#3506 = VERTEX_POINT('',#3507);
#3507 = CARTESIAN_POINT('',(20.442224909311,17.83192261185,1.2));
#3508 = B_SPLINE_CURVE_WITH_KNOTS('',6,(#3509,#3510,#3511,#3512,#3513,
    #3514,#3515),.UNSPECIFIED.,.F.,.F.,(7,7),(0.,1.),
  .PIECEWISE_BEZIER_KNOTS.);
#3509 = CARTESIAN_POINT('',(20.442224909311,17.83192261185,1.2));
#3510 = CARTESIAN_POINT('',(20.456916674665,17.728357708534,1.2));
#3511 = CARTESIAN_POINT('',(20.47207096248,17.631518674445,1.2));
#3512 = CARTESIAN_POINT('',(20.487705947237,17.54234342123,1.2));
#3513 = CARTESIAN_POINT('',(20.503824279428,17.461982810572,1.2));
#3514 = CARTESIAN_POINT('',(20.520409369282,17.391730937605,1.2));
#3515 = CARTESIAN_POINT('',(20.537412333736,17.33276904474,1.2));
#3516 = ORIENTED_EDGE('',*,*,#3517,.F.);
#3517 = EDGE_CURVE('',#3518,#3506,#3520,.T.);
#3518 = VERTEX_POINT('',#3519);
#3519 = CARTESIAN_POINT('',(20.251850060459,18.925417170496,1.2));
#3520 = LINE('',#3521,#3522);
#3521 = CARTESIAN_POINT('',(18.944504337099,26.434683459556,1.2));
#3522 = VECTOR('',#3523,1.);
#3523 = DIRECTION('',(0.171517717424,-0.98518103545,0.));
#3524 = ORIENTED_EDGE('',*,*,#3525,.F.);
#3525 = EDGE_CURVE('',#3526,#3518,#3528,.T.);
#3526 = VERTEX_POINT('',#3527);
#3527 = CARTESIAN_POINT('',(21.464522370012,18.925417170496,1.2));
#3528 = LINE('',#3529,#3530);
#3529 = CARTESIAN_POINT('',(10.12592503023,18.925417170496,1.2));
#3530 = VECTOR('',#3531,1.);
#3531 = DIRECTION('',(-1.,0.,0.));
#3532 = ORIENTED_EDGE('',*,*,#3533,.F.);
#3533 = EDGE_CURVE('',#3534,#3526,#3536,.T.);
#3534 = VERTEX_POINT('',#3535);
#3535 = CARTESIAN_POINT('',(21.630906892382,18.878210399033,1.2));
#3536 = LINE('',#3537,#3538);
#3537 = CARTESIAN_POINT('',(9.815234135091,22.230564065055,1.2));
#3538 = VECTOR('',#3539,1.);
#3539 = DIRECTION('',(-0.962028866252,0.272947724844,-0.));
#3540 = ORIENTED_EDGE('',*,*,#3541,.F.);
#3541 = EDGE_CURVE('',#3542,#3534,#3544,.T.);
#3542 = VERTEX_POINT('',#3543);
#3543 = CARTESIAN_POINT('',(21.678113663845,18.878210399033,1.2));
#3544 = LINE('',#3545,#3546);
#3545 = CARTESIAN_POINT('',(10.815453446191,18.878210399033,1.2));
#3546 = VECTOR('',#3547,1.);
#3547 = DIRECTION('',(-1.,0.,0.));
#3548 = ORIENTED_EDGE('',*,*,#3549,.F.);
#3549 = EDGE_CURVE('',#3550,#3542,#3552,.T.);
#3550 = VERTEX_POINT('',#3551);
#3551 = CARTESIAN_POINT('',(22.106070133011,18.925417170496,1.2));
#3552 = B_SPLINE_CURVE_WITH_KNOTS('',6,(#3553,#3554,#3555,#3556,#3557,
    #3558,#3559),.UNSPECIFIED.,.F.,.F.,(7,7),(0.,1.),
  .PIECEWISE_BEZIER_KNOTS.);
#3553 = CARTESIAN_POINT('',(22.106070133011,18.925417170496,1.2));
#3554 = CARTESIAN_POINT('',(22.056434091304,18.908961743626,1.2));
#3555 = CARTESIAN_POINT('',(21.997053796848,18.896177908944,1.2));
#3556 = CARTESIAN_POINT('',(21.928655251581,18.886944406947,1.2));
#3557 = CARTESIAN_POINT('',(21.852129762825,18.881038867153,1.2));
#3558 = CARTESIAN_POINT('',(21.768353971941,18.878210399033,1.2));
#3559 = CARTESIAN_POINT('',(21.678113663845,18.878210399033,1.2));
#3560 = ORIENTED_EDGE('',*,*,#3561,.F.);
#3561 = EDGE_CURVE('',#3562,#3550,#3564,.T.);
#3562 = VERTEX_POINT('',#3563);
#3563 = CARTESIAN_POINT('',(22.284062877872,18.961789600967,1.2));
#3564 = B_SPLINE_CURVE_WITH_KNOTS('',4,(#3565,#3566,#3567,#3568,#3569,
    #3570,#3571,#3572),.UNSPECIFIED.,.F.,.F.,(5,3,5),(0.,0.199909349098,
    1.),.UNSPECIFIED.);
#3565 = CARTESIAN_POINT('',(22.284062877872,18.961789600967,1.2));
#3566 = CARTESIAN_POINT('',(22.275782984852,18.958152638613,1.2));
#3567 = CARTESIAN_POINT('',(22.26741992086,18.95475784218,1.2));
#3568 = CARTESIAN_POINT('',(22.25897397273,18.951605434078,1.2));
#3569 = CARTESIAN_POINT('',(22.216312100084,18.937049296042,1.2));
#3570 = CARTESIAN_POINT('',(22.180856262053,18.929287473579,1.2));
#3571 = CARTESIAN_POINT('',(22.144098917911,18.925417170496,1.2));
#3572 = CARTESIAN_POINT('',(22.106070133011,18.925417170496,1.2));
#3573 = ORIENTED_EDGE('',*,*,#3574,.F.);
#3574 = EDGE_CURVE('',#3575,#3562,#3577,.T.);
#3575 = VERTEX_POINT('',#3576);
#3576 = CARTESIAN_POINT('',(22.438839177751,19.020604594921,1.2));
#3577 = B_SPLINE_CURVE_WITH_KNOTS('',4,(#3578,#3579,#3580,#3581,#3582),
  .UNSPECIFIED.,.F.,.F.,(5,5),(0.,1.),.PIECEWISE_BEZIER_KNOTS.);
#3578 = CARTESIAN_POINT('',(22.438839177751,19.020604594921,1.2));
#3579 = CARTESIAN_POINT('',(22.403152254886,19.008967554857,1.2));
#3580 = CARTESIAN_POINT('',(22.365445920124,18.995274348666,1.2));
#3581 = CARTESIAN_POINT('',(22.325741159766,18.979541461774,1.2));
#3582 = CARTESIAN_POINT('',(22.284062877872,18.961789600967,1.2));
#3583 = ORIENTED_EDGE('',*,*,#3584,.T.);
#3584 = EDGE_CURVE('',#3575,#3585,#3587,.T.);
#3585 = VERTEX_POINT('',#3586);
#3586 = CARTESIAN_POINT('',(22.272454655381,17.855912938331,1.2));
#3587 = B_SPLINE_CURVE_WITH_KNOTS('',8,(#3588,#3589,#3590,#3591,#3592,
    #3593,#3594,#3595,#3596,#3597,#3598,#3599,#3600,#3601,#3602,#3603,
    #3604,#3605,#3606,#3607,#3608,#3609,#3610,#3611,#3612,#3613,#3614,
    #3615,#3616,#3617,#3618,#3619,#3620,#3621,#3622,#3623,#3624,#3625,
    #3626,#3627,#3628,#3629,#3630,#3631),.UNSPECIFIED.,.F.,.F.,(9,7,7,7,
    7,7,9),(0.,0.518530991506,0.804901967183,0.878435439498,
    0.946533034794,0.966839814914,1.),.UNSPECIFIED.);
#3588 = CARTESIAN_POINT('',(22.438839177751,19.020604594921,1.2));
#3589 = CARTESIAN_POINT('',(22.425019339461,18.923865726891,1.2));
#3590 = CARTESIAN_POINT('',(22.411314791011,18.827933887741,1.2));
#3591 = CARTESIAN_POINT('',(22.397727565632,18.732823310089,1.2));
#3592 = CARTESIAN_POINT('',(22.384277270789,18.638671246186,1.2));
#3593 = CARTESIAN_POINT('',(22.370998845795,18.54572227123,1.2));
#3594 = CARTESIAN_POINT('',(22.357953817398,18.454407072453,1.2));
#3595 = CARTESIAN_POINT('',(22.345223276736,18.365293287814,1.2));
#3596 = CARTESIAN_POINT('',(22.326177327442,18.231971642756,1.2));
#3597 = CARTESIAN_POINT('',(22.319562463763,18.185667597007,1.2));
#3598 = CARTESIAN_POINT('',(22.313116269056,18.140544234059,1.2));
#3599 = CARTESIAN_POINT('',(22.306870075802,18.09682088128,1.2));
#3600 = CARTESIAN_POINT('',(22.300882750812,18.054909606348,1.2));
#3601 = CARTESIAN_POINT('',(22.295240055434,18.0154107387,1.2));
#3602 = CARTESIAN_POINT('',(22.290058109827,17.979137119455,1.2));
#3603 = CARTESIAN_POINT('',(22.284328579366,17.939030406224,1.2));
#3604 = CARTESIAN_POINT('',(22.283199849031,17.931129293884,1.2));
#3605 = CARTESIAN_POINT('',(22.282115975438,17.923542178728,1.2));
#3606 = CARTESIAN_POINT('',(22.28108025382,17.916292127406,1.2));
#3607 = CARTESIAN_POINT('',(22.280096234177,17.909403989907,1.2));
#3608 = CARTESIAN_POINT('',(22.279167645302,17.902903867776,1.2));
#3609 = CARTESIAN_POINT('',(22.278298318811,17.89681858234,1.2));
#3610 = CARTESIAN_POINT('',(22.27674550537,17.885948888253,1.2));
#3611 = CARTESIAN_POINT('',(22.276053018401,17.881101479475,1.2));
#3612 = CARTESIAN_POINT('',(22.275417755594,17.876654639821,1.2));
#3613 = CARTESIAN_POINT('',(22.274842818618,17.872630080993,1.2));
#3614 = CARTESIAN_POINT('',(22.274331186976,17.869048659499,1.2));
#3615 = CARTESIAN_POINT('',(22.273885597474,17.865929532985,1.2));
#3616 = CARTESIAN_POINT('',(22.273508423701,17.86328931657,1.2));
#3617 = CARTESIAN_POINT('',(22.273110047057,17.860500680064,1.2));
#3618 = CARTESIAN_POINT('',(22.273024789477,17.859903877006,1.2));
#3619 = CARTESIAN_POINT('',(22.272945832822,17.859351180419,1.2));
#3620 = CARTESIAN_POINT('',(22.272873222585,17.858842908759,1.2));
#3621 = CARTESIAN_POINT('',(22.272806999694,17.858379348521,1.2));
#3622 = CARTESIAN_POINT('',(22.272747200511,17.85796075424,1.2));
#3623 = CARTESIAN_POINT('',(22.272693856832,17.857587348491,1.2));
#3624 = CARTESIAN_POINT('',(22.272570473784,17.856723667152,1.2));
#3625 = CARTESIAN_POINT('',(22.272562049566,17.85666527868,1.2));
#3626 = CARTESIAN_POINT('',(22.272537120183,17.856487797323,1.2));
#3627 = CARTESIAN_POINT('',(22.272523389688,17.856398622309,1.2));
#3628 = CARTESIAN_POINT('',(22.272456016647,17.855917480802,1.2));
#3629 = CARTESIAN_POINT('',(22.272453994757,17.855911588928,1.2));
#3630 = CARTESIAN_POINT('',(22.272454842182,17.855913125132,1.2));
#3631 = CARTESIAN_POINT('',(22.272454655381,17.855912938331,1.2));
#3632 = ORIENTED_EDGE('',*,*,#3633,.F.);
#3633 = EDGE_CURVE('',#3634,#3585,#3636,.T.);
#3634 = VERTEX_POINT('',#3635);
#3635 = CARTESIAN_POINT('',(22.034873035067,16.596033857316,1.2));
#3636 = B_SPLINE_CURVE_WITH_KNOTS('',8,(#3637,#3638,#3639,#3640,#3641,
    #3642,#3643,#3644,#3645,#3646,#3647,#3648,#3649,#3650,#3651,#3652),
  .UNSPECIFIED.,.F.,.F.,(9,7,9),(0.,0.729879597736,1.),.UNSPECIFIED.);
#3637 = CARTESIAN_POINT('',(22.034873035067,16.596033857316,1.2));
#3638 = CARTESIAN_POINT('',(22.058241944677,16.726247595519,1.2));
#3639 = CARTESIAN_POINT('',(22.081439912292,16.854787898007,1.2));
#3640 = CARTESIAN_POINT('',(22.104472785731,16.981590648444,1.2));
#3641 = CARTESIAN_POINT('',(22.127310110813,17.106355010746,1.2));
#3642 = CARTESIAN_POINT('',(22.149887041596,17.228558086169,1.2));
#3643 = CARTESIAN_POINT('',(22.172092239986,17.347349201135,1.2));
#3644 = CARTESIAN_POINT('',(22.193773426189,17.46159732915,1.2));
#3645 = CARTESIAN_POINT('',(22.222428039295,17.609356387435,1.2));
#3646 = CARTESIAN_POINT('',(22.230057819455,17.648364474528,1.2));
#3647 = CARTESIAN_POINT('',(22.237564695118,17.686373456787,1.2));
#3648 = CARTESIAN_POINT('',(22.244931039189,17.723257712252,1.2));
#3649 = CARTESIAN_POINT('',(22.252134013831,17.758859894307,1.2));
#3650 = CARTESIAN_POINT('',(22.259145497786,17.792990373312,1.2));
#3651 = CARTESIAN_POINT('',(22.265932013688,17.825426678244,1.2));
#3652 = CARTESIAN_POINT('',(22.272454655381,17.855912938331,1.2));
#3653 = ORIENTED_EDGE('',*,*,#3654,.F.);
#3654 = EDGE_CURVE('',#3655,#3634,#3657,.T.);
#3655 = VERTEX_POINT('',#3656);
#3656 = CARTESIAN_POINT('',(21.94603456357,16.124698029127,1.2));
#3657 = B_SPLINE_CURVE_WITH_KNOTS('',6,(#3658,#3659,#3660,#3661,#3662,
    #3663,#3664,#3665,#3666,#3667,#3668,#3669),.UNSPECIFIED.,.F.,.F.,(7,
    5,7),(0.,0.649393957148,1.),.UNSPECIFIED.);
#3658 = CARTESIAN_POINT('',(21.946034416859,16.124697235295,1.2));
#3659 = CARTESIAN_POINT('',(21.957358156969,16.185968317425,1.2));
#3660 = CARTESIAN_POINT('',(21.968431944126,16.245711675391,1.2));
#3661 = CARTESIAN_POINT('',(21.979216864341,16.30368869482,1.2));
#3662 = CARTESIAN_POINT('',(21.989630557509,16.35941459051,1.2));
#3663 = CARTESIAN_POINT('',(21.999548619925,16.412166564764,1.2));
#3664 = CARTESIAN_POINT('',(22.013764419273,16.487115000315,1.2));
#3665 = CARTESIAN_POINT('',(22.018545594763,16.512187548425,1.2));
#3666 = CARTESIAN_POINT('',(22.023093664993,16.535880866103,1.2));
#3667 = CARTESIAN_POINT('',(22.027366203126,16.557952428964,1.2));
#3668 = CARTESIAN_POINT('',(22.031311743671,16.578110636684,1.2));
#3669 = CARTESIAN_POINT('',(22.034873035067,16.596033857316,1.2));
#3670 = ORIENTED_EDGE('',*,*,#3671,.T.);
#3671 = EDGE_CURVE('',#3655,#3672,#3674,.T.);
#3672 = VERTEX_POINT('',#3673);
#3673 = CARTESIAN_POINT('',(21.94603456357,8.869600967352,1.2));
#3674 = LINE('',#3675,#3676);
#3675 = CARTESIAN_POINT('',(21.94603456357,24.416244120741,1.2));
#3676 = VECTOR('',#3677,1.);
#3677 = DIRECTION('',(0.,-1.,0.));
#3678 = ORIENTED_EDGE('',*,*,#3679,.F.);
#3679 = EDGE_CURVE('',#3680,#3672,#3682,.T.);
#3680 = VERTEX_POINT('',#3681);
#3681 = CARTESIAN_POINT('',(22.558016928658,8.869600967352,1.2));
#3682 = LINE('',#3683,#3684);
#3683 = CARTESIAN_POINT('',(10.779854897219,8.869600967352,1.2));
#3684 = VECTOR('',#3685,1.);
#3685 = DIRECTION('',(-1.,0.,0.));
#3686 = ORIENTED_EDGE('',*,*,#3687,.F.);
#3687 = EDGE_CURVE('',#3688,#3680,#3690,.T.);
#3688 = VERTEX_POINT('',#3689);
#3689 = CARTESIAN_POINT('',(24.317049576784,8.916807738815,1.2));
#3690 = B_SPLINE_CURVE_WITH_KNOTS('',8,(#3691,#3692,#3693,#3694,#3695,
    #3696,#3697,#3698,#3699,#3700,#3701,#3702,#3703,#3704,#3705,#3706),
  .UNSPECIFIED.,.F.,.F.,(9,7,9),(0.,0.336134297894,1.),.UNSPECIFIED.);
#3691 = CARTESIAN_POINT('',(24.317049576784,8.916807738815,1.2));
#3692 = CARTESIAN_POINT('',(24.261399989871,8.910669176787,1.2));
#3693 = CARTESIAN_POINT('',(24.200776680979,8.905400436099,1.2));
#3694 = CARTESIAN_POINT('',(24.136560143064,8.900820748498,1.2));
#3695 = CARTESIAN_POINT('',(24.069662260245,8.89681801267,1.2));
#3696 = CARTESIAN_POINT('',(24.000741610499,8.893304556655,1.2));
#3697 = CARTESIAN_POINT('',(23.930247729291,8.890207440245,1.2));
#3698 = CARTESIAN_POINT('',(23.858409365162,8.887470616022,1.2));
#3699 = CARTESIAN_POINT('',(23.64085463373,8.880258176319,1.2));
#3700 = CARTESIAN_POINT('',(23.492066341222,8.876711477051,1.2));
#3701 = CARTESIAN_POINT('',(23.340366398132,8.874057098061,1.2));
#3702 = CARTESIAN_POINT('',(23.18652356821,8.872133856555,1.2));
#3703 = CARTESIAN_POINT('',(23.031124689787,8.870804942671,1.2));
#3704 = CARTESIAN_POINT('',(22.874487075112,8.86998485583,1.2));
#3705 = CARTESIAN_POINT('',(22.716784161269,8.869600967352,1.2));
#3706 = CARTESIAN_POINT('',(22.558016928658,8.869600967352,1.2));
#3707 = ORIENTED_EDGE('',*,*,#3708,.F.);
#3708 = EDGE_CURVE('',#3709,#3688,#3711,.T.);
#3709 = VERTEX_POINT('',#3710);
#3710 = CARTESIAN_POINT('',(24.519032648126,8.929189842805,1.2));
#3711 = B_SPLINE_CURVE_WITH_KNOTS('',5,(#3712,#3713,#3714,#3715,#3716,
    #3717),.UNSPECIFIED.,.F.,.F.,(6,6),(0.,1.),
  .PIECEWISE_BEZIER_KNOTS.);
#3712 = CARTESIAN_POINT('',(24.519032648126,8.929189842805,1.2));
#3713 = CARTESIAN_POINT('',(24.467380618308,8.924299709805,1.2));
#3714 = CARTESIAN_POINT('',(24.421158129772,8.92058071238,1.2));
#3715 = CARTESIAN_POINT('',(24.380579928354,8.918072480114,1.2));
#3716 = CARTESIAN_POINT('',(24.345831878751,8.916807738815,1.2));
#3717 = CARTESIAN_POINT('',(24.317049576784,8.916807738815,1.2));
#3718 = ORIENTED_EDGE('',*,*,#3719,.F.);
#3719 = EDGE_CURVE('',#3720,#3709,#3722,.T.);
#3720 = VERTEX_POINT('',#3721);
#3721 = CARTESIAN_POINT('',(24.673808948005,8.988004836759,1.2));
#3722 = B_SPLINE_CURVE_WITH_KNOTS('',5,(#3723,#3724,#3725,#3726,#3727,
    #3728),.UNSPECIFIED.,.F.,.F.,(6,6),(0.,1.),
  .PIECEWISE_BEZIER_KNOTS.);
#3723 = CARTESIAN_POINT('',(24.673808948005,8.988004836759,1.2));
#3724 = CARTESIAN_POINT('',(24.664116858504,8.968933305806,1.2));
#3725 = CARTESIAN_POINT('',(24.643538386942,8.953508595693,1.2));
#3726 = CARTESIAN_POINT('',(24.612152306864,8.941804764896,1.2));
#3727 = CARTESIAN_POINT('',(24.570422682062,8.933751088421,1.2));
#3728 = CARTESIAN_POINT('',(24.519032648126,8.929189842805,1.2));
#3729 = ORIENTED_EDGE('',*,*,#3730,.F.);
#3730 = EDGE_CURVE('',#3731,#3720,#3733,.T.);
#3731 = VERTEX_POINT('',#3732);
#3732 = CARTESIAN_POINT('',(25.006577992745,8.964788391778,1.2));
#3733 = B_SPLINE_CURVE_WITH_KNOTS('',4,(#3734,#3735,#3736,#3737,#3738),
  .UNSPECIFIED.,.F.,.F.,(5,5),(0.,1.),.PIECEWISE_BEZIER_KNOTS.);
#3734 = CARTESIAN_POINT('',(25.006577992745,8.964788391778,1.2));
#3735 = CARTESIAN_POINT('',(24.923439478271,8.976389114727,1.2));
#3736 = CARTESIAN_POINT('',(24.840247293173,8.984132921807,1.2));
#3737 = CARTESIAN_POINT('',(24.757028112239,8.988004836759,1.2));
#3738 = CARTESIAN_POINT('',(24.673808948005,8.988004836759,1.2));
#3739 = ORIENTED_EDGE('',*,*,#3740,.F.);
#3740 = EDGE_CURVE('',#3741,#3731,#3743,.T.);
#3741 = VERTEX_POINT('',#3742);
#3742 = CARTESIAN_POINT('',(25.315356711004,8.940798065296,1.2));
#3743 = B_SPLINE_CURVE_WITH_KNOTS('',4,(#3744,#3745,#3746,#3747,#3748),
  .UNSPECIFIED.,.F.,.F.,(5,5),(0.,1.),.PIECEWISE_BEZIER_KNOTS.);
#3744 = CARTESIAN_POINT('',(25.315356711004,8.940798065296,1.2));
#3745 = CARTESIAN_POINT('',(25.243661523123,8.940798065296,1.2));
#3746 = CARTESIAN_POINT('',(25.168215824419,8.944852727124,1.2));
#3747 = CARTESIAN_POINT('',(25.089141771277,8.952883846966,1.2));
#3748 = CARTESIAN_POINT('',(25.006577992745,8.964788391778,1.2));
#3749 = ORIENTED_EDGE('',*,*,#3750,.F.);
#3750 = EDGE_CURVE('',#3751,#3741,#3753,.T.);
#3751 = VERTEX_POINT('',#3752);
#3752 = CARTESIAN_POINT('',(25.957678355502,8.869600967352,1.2));
#3753 = B_SPLINE_CURVE_WITH_KNOTS('',5,(#3754,#3755,#3756,#3757,#3758,
    #3759),.UNSPECIFIED.,.F.,.F.,(6,6),(0.,1.),
  .PIECEWISE_BEZIER_KNOTS.);
#3754 = CARTESIAN_POINT('',(25.957678355502,8.869600967352,1.2));
#3755 = CARTESIAN_POINT('',(25.832250814759,8.869600967352,1.2));
#3756 = CARTESIAN_POINT('',(25.70510044802,8.876906646984,1.2));
#3757 = CARTESIAN_POINT('',(25.576434984855,8.891364211588,1.2));
#3758 = CARTESIAN_POINT('',(25.44645694178,8.912748713595,1.2));
#3759 = CARTESIAN_POINT('',(25.315356711004,8.940798065296,1.2));
#3760 = ORIENTED_EDGE('',*,*,#3761,.F.);
#3761 = EDGE_CURVE('',#3762,#3751,#3764,.T.);
#3762 = VERTEX_POINT('',#3763);
#3763 = CARTESIAN_POINT('',(26.242466747279,8.940798065296,1.2));
#3764 = B_SPLINE_CURVE_WITH_KNOTS('',5,(#3765,#3766,#3767,#3768,#3769,
    #3770),.UNSPECIFIED.,.F.,.F.,(6,6),(0.,1.),
  .PIECEWISE_BEZIER_KNOTS.);
#3765 = CARTESIAN_POINT('',(26.242466747279,8.940798065296,1.2));
#3766 = CARTESIAN_POINT('',(26.185860073841,8.912494728577,1.2));
#3767 = CARTESIAN_POINT('',(26.128993687692,8.891093754531,1.2));
#3768 = CARTESIAN_POINT('',(26.071949228012,8.876765081295,1.2));
#3769 = CARTESIAN_POINT('',(26.014813416831,8.869600967352,1.2));
#3770 = CARTESIAN_POINT('',(25.957678355502,8.869600967352,1.2));
#3771 = ORIENTED_EDGE('',*,*,#3772,.F.);
#3772 = EDGE_CURVE('',#3773,#3762,#3775,.T.);
#3773 = VERTEX_POINT('',#3774);
#3774 = CARTESIAN_POINT('',(26.552019347037,9.011995163241,1.2));
#3775 = B_SPLINE_CURVE_WITH_KNOTS('',4,(#3776,#3777,#3778,#3779,#3780,
    #3781,#3782,#3783),.UNSPECIFIED.,.F.,.F.,(5,3,5),(0.,0.688275100217,
    1.),.UNSPECIFIED.);
#3776 = CARTESIAN_POINT('',(26.552019347037,9.011995163241,1.2));
#3777 = CARTESIAN_POINT('',(26.494966179146,9.011995163241,1.2));
#3778 = CARTESIAN_POINT('',(26.439551095896,9.006414420013,1.2));
#3779 = CARTESIAN_POINT('',(26.385888571642,8.995171954007,1.2));
#3780 = CARTESIAN_POINT('',(26.310591699162,8.970650494651,1.2));
#3781 = CARTESIAN_POINT('',(26.287496655249,8.961850669232,1.2));
#3782 = CARTESIAN_POINT('',(26.264786269709,8.951897503477,1.2));
#3783 = CARTESIAN_POINT('',(26.242466747279,8.940798065296,1.2));
#3784 = ORIENTED_EDGE('',*,*,#3785,.F.);
#3785 = EDGE_CURVE('',#3786,#3773,#3788,.T.);
#3786 = VERTEX_POINT('',#3787);
#3787 = CARTESIAN_POINT('',(26.670423216445,8.988004836759,1.2));
#3788 = LINE('',#3789,#3790);
#3789 = CARTESIAN_POINT('',(11.562517339743,12.049083805242,1.2));
#3790 = VECTOR('',#3791,1.);
#3791 = DIRECTION('',(-0.980084827963,0.198579278868,-0.));
#3792 = ORIENTED_EDGE('',*,*,#3793,.F.);
#3793 = EDGE_CURVE('',#3794,#3786,#3796,.T.);
#3794 = VERTEX_POINT('',#3795);
#3795 = CARTESIAN_POINT('',(26.742394195889,8.988004836759,1.2));
#3796 = LINE('',#3797,#3798);
#3797 = CARTESIAN_POINT('',(13.335211608222,8.988004836759,1.2));
#3798 = VECTOR('',#3799,1.);
#3799 = DIRECTION('',(-1.,0.,0.));
#3800 = ORIENTED_EDGE('',*,*,#3801,.F.);
#3801 = EDGE_CURVE('',#3802,#3794,#3804,.T.);
#3802 = VERTEX_POINT('',#3803);
#3803 = CARTESIAN_POINT('',(26.896396614268,9.119564691657,1.2));
#3804 = B_SPLINE_CURVE_WITH_KNOTS('',4,(#3805,#3806,#3807,#3808,#3809),
  .UNSPECIFIED.,.F.,.F.,(5,5),(0.,1.),.PIECEWISE_BEZIER_KNOTS.);
#3805 = CARTESIAN_POINT('',(26.896396614268,9.119564691657,1.2));
#3806 = CARTESIAN_POINT('',(26.855267326564,9.078051018086,1.2));
#3807 = CARTESIAN_POINT('',(26.8158439536,9.042186965748,1.2));
#3808 = CARTESIAN_POINT('',(26.778199508955,9.012134504261,1.2));
#3809 = CARTESIAN_POINT('',(26.742394195889,8.988004836759,1.2));
#3810 = ORIENTED_EDGE('',*,*,#3811,.F.);
#3811 = EDGE_CURVE('',#3812,#3802,#3814,.T.);
#3812 = VERTEX_POINT('',#3813);
#3813 = CARTESIAN_POINT('',(26.979975816203,9.249576783555,1.2));
#3814 = B_SPLINE_CURVE_WITH_KNOTS('',5,(#3815,#3816,#3817,#3818,#3819,
    #3820),.UNSPECIFIED.,.F.,.F.,(6,6),(0.,1.),
  .PIECEWISE_BEZIER_KNOTS.);
#3815 = CARTESIAN_POINT('',(26.979975816203,9.249576783555,1.2));
#3816 = CARTESIAN_POINT('',(26.979975816203,9.230529460682,1.2));
#3817 = CARTESIAN_POINT('',(26.971471534924,9.207891328889,1.2));
#3818 = CARTESIAN_POINT('',(26.954519026926,9.18174081594,1.2));
#3819 = CARTESIAN_POINT('',(26.929369064524,9.152231841447,1.2));
#3820 = CARTESIAN_POINT('',(26.896396614268,9.119564691657,1.2));
#3821 = ORIENTED_EDGE('',*,*,#3822,.F.);
#3822 = EDGE_CURVE('',#3823,#3812,#3825,.T.);
#3823 = VERTEX_POINT('',#3824);
#3824 = CARTESIAN_POINT('',(28.643821039903,16.762418379686,1.2));
#3825 = LINE('',#3826,#3827);
#3826 = CARTESIAN_POINT('',(28.750706897205,17.245045311166,1.2));
#3827 = VECTOR('',#3828,1.);
#3828 = DIRECTION('',(-0.216227587987,-0.976342987988,0.));
#3829 = ORIENTED_EDGE('',*,*,#3830,.F.);
#3830 = EDGE_CURVE('',#3831,#3823,#3833,.T.);
#3831 = VERTEX_POINT('',#3832);
#3832 = CARTESIAN_POINT('',(30.022877871826,22.65784764208,1.2));
#3833 = B_SPLINE_CURVE_WITH_KNOTS('',4,(#3834,#3835,#3836,#3837,#3838,
    #3839,#3840,#3841),.UNSPECIFIED.,.F.,.F.,(5,3,5),(0.,0.511714021459,
    1.),.UNSPECIFIED.);
#3834 = CARTESIAN_POINT('',(30.022877871826,22.65784764208,1.2));
#3835 = CARTESIAN_POINT('',(29.871814078997,21.897045761798,1.2));
#3836 = CARTESIAN_POINT('',(29.712825426088,21.138111381657,1.2));
#3837 = CARTESIAN_POINT('',(29.545406424188,20.381295541289,1.2));
#3838 = CARTESIAN_POINT('',(29.200568464017,18.907122937146,1.2));
#3839 = CARTESIAN_POINT('',(29.023957720194,18.189547542146,1.2));
#3840 = CARTESIAN_POINT('',(28.838586553445,17.47451121353,1.2));
#3841 = CARTESIAN_POINT('',(28.643821039903,16.762418379686,1.2));
#3842 = ORIENTED_EDGE('',*,*,#3843,.F.);
#3843 = EDGE_CURVE('',#3844,#3831,#3846,.T.);
#3844 = VERTEX_POINT('',#3845);
#3845 = CARTESIAN_POINT('',(30.118065296252,22.967400241838,1.2));
#3846 = B_SPLINE_CURVE_WITH_KNOTS('',5,(#3847,#3848,#3849,#3850,#3851,
    #3852),.UNSPECIFIED.,.F.,.F.,(6,6),(0.,1.),
  .PIECEWISE_BEZIER_KNOTS.);
#3847 = CARTESIAN_POINT('',(30.118065296252,22.967400241838,1.2));
#3848 = CARTESIAN_POINT('',(30.080643250789,22.901987723347,1.2));
#3849 = CARTESIAN_POINT('',(30.052000267995,22.83809064432,1.2));
#3850 = CARTESIAN_POINT('',(30.032625392942,22.775949291249,1.2));
#3851 = CARTESIAN_POINT('',(30.022877871826,22.715798863248,1.2));
#3852 = CARTESIAN_POINT('',(30.022877871826,22.65784764208,1.2));
#3853 = ORIENTED_EDGE('',*,*,#3854,.F.);
#3854 = EDGE_CURVE('',#3855,#3844,#3857,.T.);
#3855 = VERTEX_POINT('',#3856);
#3856 = CARTESIAN_POINT('',(30.188488512696,23.419347037485,1.2));
#3857 = B_SPLINE_CURVE_WITH_KNOTS('',6,(#3858,#3859,#3860,#3861,#3862,
    #3863,#3864),.UNSPECIFIED.,.F.,.F.,(7,7),(0.,1.),
  .PIECEWISE_BEZIER_KNOTS.);
#3858 = CARTESIAN_POINT('',(30.188488512696,23.419347037485,1.2));
#3859 = CARTESIAN_POINT('',(30.173487906904,23.32860566802,1.2));
#3860 = CARTESIAN_POINT('',(30.159639525695,23.243262517171,1.2));
#3861 = CARTESIAN_POINT('',(30.147052184054,23.163857420154,1.2));
#3862 = CARTESIAN_POINT('',(30.135846018415,23.09099449677,1.2));
#3863 = CARTESIAN_POINT('',(30.126145763789,23.025310259189,1.2));
#3864 = CARTESIAN_POINT('',(30.118065296252,22.967400241838,1.2));
#3865 = ORIENTED_EDGE('',*,*,#3866,.F.);
#3866 = EDGE_CURVE('',#3867,#3855,#3869,.T.);
#3867 = VERTEX_POINT('',#3868);
#3868 = CARTESIAN_POINT('',(30.236469165659,23.894510278114,1.2));
#3869 = B_SPLINE_CURVE_WITH_KNOTS('',5,(#3870,#3871,#3872,#3873,#3874,
    #3875),.UNSPECIFIED.,.F.,.F.,(6,6),(0.,1.),
  .PIECEWISE_BEZIER_KNOTS.);
#3870 = CARTESIAN_POINT('',(30.236469165659,23.894510278114,1.2));
#3871 = CARTESIAN_POINT('',(30.236469165659,23.815543808174,1.2));
#3872 = CARTESIAN_POINT('',(30.231309365644,23.727711284194,1.2));
#3873 = CARTESIAN_POINT('',(30.221327715089,23.631840151202,1.2));
#3874 = CARTESIAN_POINT('',(30.206929157093,23.528801184871,1.2));
#3875 = CARTESIAN_POINT('',(30.188488512696,23.419347037485,1.2));
#3876 = ORIENTED_EDGE('',*,*,#3877,.F.);
#3877 = EDGE_CURVE('',#3878,#3867,#3880,.T.);
#3878 = VERTEX_POINT('',#3879);
#3879 = CARTESIAN_POINT('',(30.26045949214,24.156082224909,1.2));
#3880 = B_SPLINE_CURVE_WITH_KNOTS('',5,(#3881,#3882,#3883,#3884,#3885,
    #3886),.UNSPECIFIED.,.F.,.F.,(6,6),(0.,1.),
  .PIECEWISE_BEZIER_KNOTS.);
#3881 = CARTESIAN_POINT('',(30.26045949214,24.156082224909,1.2));
#3882 = CARTESIAN_POINT('',(30.26045949214,24.090736766422,1.2));
#3883 = CARTESIAN_POINT('',(30.258146765801,24.031569842664,1.2));
#3884 = CARTESIAN_POINT('',(30.253424438833,23.978939296858,1.2));
#3885 = CARTESIAN_POINT('',(30.246213049529,23.933171494759,1.2));
#3886 = CARTESIAN_POINT('',(30.236469165659,23.894510278114,1.2));
#3887 = ORIENTED_EDGE('',*,*,#3888,.F.);
#3888 = EDGE_CURVE('',#3889,#3878,#3891,.T.);
#3889 = VERTEX_POINT('',#3890);
#3890 = CARTESIAN_POINT('',(30.118065296252,24.702442563482,1.2));
#3891 = B_SPLINE_CURVE_WITH_KNOTS('',6,(#3892,#3893,#3894,#3895,#3896,
    #3897,#3898),.UNSPECIFIED.,.F.,.F.,(7,7),(0.,1.),
  .PIECEWISE_BEZIER_KNOTS.);
#3892 = CARTESIAN_POINT('',(30.118065296252,24.702442563482,1.2));
#3893 = CARTESIAN_POINT('',(30.166755935139,24.629406605152,1.2));
#3894 = CARTESIAN_POINT('',(30.205300769223,24.548244086532,1.2));
#3895 = CARTESIAN_POINT('',(30.233518283199,24.459507456388,1.2));
#3896 = CARTESIAN_POINT('',(30.251712990356,24.363985357294,1.2));
#3897 = CARTESIAN_POINT('',(30.26045949214,24.262554745629,1.2));
#3898 = CARTESIAN_POINT('',(30.26045949214,24.156082224909,1.2));
#3899 = ORIENTED_EDGE('',*,*,#3900,.F.);
#3900 = EDGE_CURVE('',#3901,#3889,#3903,.T.);
#3901 = VERTEX_POINT('',#3902);
#3902 = CARTESIAN_POINT('',(29.832503022975,24.845610640871,1.2));
#3903 = B_SPLINE_CURVE_WITH_KNOTS('',5,(#3904,#3905,#3906,#3907,#3908,
    #3909,#3910,#3911,#3912,#3913),.UNSPECIFIED.,.F.,.F.,(6,4,6),(0.,
    0.613946112448,1.),.UNSPECIFIED.);
#3904 = CARTESIAN_POINT('',(29.832503022975,24.845610640871,1.2));
#3905 = CARTESIAN_POINT('',(29.878573540904,24.845610640871,1.2));
#3906 = CARTESIAN_POINT('',(29.921604163937,24.840370390976,1.2));
#3907 = CARTESIAN_POINT('',(29.961330102598,24.829687718247,1.2));
#3908 = CARTESIAN_POINT('',(29.997545325561,24.813475521452,1.2));
#3909 = CARTESIAN_POINT('',(30.050626171185,24.778190656194,1.2));
#3910 = CARTESIAN_POINT('',(30.069685089607,24.762412824662,1.2));
#3911 = CARTESIAN_POINT('',(30.087283046542,24.744498293728,1.2));
#3912 = CARTESIAN_POINT('',(30.103408323431,24.724487603903,1.2));
#3913 = CARTESIAN_POINT('',(30.118065296252,24.702442563482,1.2));
#3914 = ORIENTED_EDGE('',*,*,#3915,.F.);
#3915 = EDGE_CURVE('',#3916,#3901,#3918,.T.);
#3916 = VERTEX_POINT('',#3917);
#3917 = CARTESIAN_POINT('',(29.523724304716,24.845610640871,1.2));
#3918 = LINE('',#3919,#3920);
#3919 = CARTESIAN_POINT('',(14.916251511487,24.845610640871,1.2));
#3920 = VECTOR('',#3921,1.);
#3921 = DIRECTION('',(1.,0.,0.));
#3922 = ORIENTED_EDGE('',*,*,#3923,.F.);
#3923 = EDGE_CURVE('',#3924,#3916,#3926,.T.);
#3924 = VERTEX_POINT('',#3925);
#3925 = CARTESIAN_POINT('',(28.976590084643,24.821620314389,1.2));
#3926 = B_SPLINE_CURVE_WITH_KNOTS('',6,(#3927,#3928,#3929,#3930,#3931,
    #3932,#3933),.UNSPECIFIED.,.F.,.F.,(7,7),(0.,1.),
  .PIECEWISE_BEZIER_KNOTS.);
#3927 = CARTESIAN_POINT('',(28.976590084643,24.821620314389,1.2));
#3928 = CARTESIAN_POINT('',(29.044333008769,24.83015702434,1.2));
#3929 = CARTESIAN_POINT('',(29.123136478812,24.836671918701,1.2));
#3930 = CARTESIAN_POINT('',(29.211715578156,24.841302343425,1.2));
#3931 = CARTESIAN_POINT('',(29.308734606624,24.844225209415,1.2));
#3932 = CARTESIAN_POINT('',(29.413041507178,24.845610640871,1.2));
#3933 = CARTESIAN_POINT('',(29.523724304716,24.845610640871,1.2));
#3934 = ORIENTED_EDGE('',*,*,#3935,.F.);
#3935 = EDGE_CURVE('',#3936,#3924,#3938,.T.);
#3936 = VERTEX_POINT('',#3937);
#3937 = CARTESIAN_POINT('',(27.288754534462,24.821620314389,1.2));
#3938 = LINE('',#3939,#3940);
#3939 = CARTESIAN_POINT('',(13.881958887545,24.821620314389,1.2));
#3940 = VECTOR('',#3941,1.);
#3941 = DIRECTION('',(1.,0.,0.));
#3942 = ORIENTED_EDGE('',*,*,#3943,.F.);
#3943 = EDGE_CURVE('',#3944,#3936,#3946,.T.);
#3944 = VERTEX_POINT('',#3945);
#3945 = CARTESIAN_POINT('',(27.098379685611,24.797629987908,1.2));
#3946 = B_SPLINE_CURVE_WITH_KNOTS('',6,(#3947,#3948,#3949,#3950,#3951,
    #3952,#3953),.UNSPECIFIED.,.F.,.F.,(7,7),(0.,1.),
  .PIECEWISE_BEZIER_KNOTS.);
#3947 = CARTESIAN_POINT('',(27.098379685611,24.797629987908,1.2));
#3948 = CARTESIAN_POINT('',(27.098379685611,24.805809223095,1.2));
#3949 = CARTESIAN_POINT('',(27.111656976233,24.812321772363,1.2));
#3950 = CARTESIAN_POINT('',(27.138251944534,24.817091454145,1.2));
#3951 = CARTESIAN_POINT('',(27.177430731657,24.820156125355,1.2));
#3952 = CARTESIAN_POINT('',(27.228037323958,24.821620314389,1.2));
#3953 = CARTESIAN_POINT('',(27.288754534462,24.821620314389,1.2));
#3954 = ORIENTED_EDGE('',*,*,#3955,.F.);
#3955 = EDGE_CURVE('',#3956,#3944,#3958,.T.);
#3956 = VERTEX_POINT('',#3957);
#3957 = CARTESIAN_POINT('',(25.600918984281,24.797629987908,1.2));
#3958 = LINE('',#3959,#3960);
#3959 = CARTESIAN_POINT('',(13.549189842805,24.797629987908,1.2));
#3960 = VECTOR('',#3961,1.);
#3961 = DIRECTION('',(1.,0.,0.));
#3962 = ORIENTED_EDGE('',*,*,#3963,.F.);
#3963 = EDGE_CURVE('',#3964,#3956,#3966,.T.);
#3964 = VERTEX_POINT('',#3965);
#3965 = CARTESIAN_POINT('',(25.600918984281,24.750423216445,1.2));
#3966 = LINE('',#3967,#3968);
#3967 = CARTESIAN_POINT('',(25.600918984281,28.398814993954,1.2));
#3968 = VECTOR('',#3969,1.);
#3969 = DIRECTION('',(0.,1.,0.));
#3970 = ORIENTED_EDGE('',*,*,#3971,.F.);
#3971 = EDGE_CURVE('',#3972,#3964,#3974,.T.);
#3972 = VERTEX_POINT('',#3973);
#3973 = CARTESIAN_POINT('',(25.363337363966,24.702442563482,1.2));
#3974 = B_SPLINE_CURVE_WITH_KNOTS('',5,(#3975,#3976,#3977,#3978,#3979,
    #3980),.UNSPECIFIED.,.F.,.F.,(6,6),(0.,1.),
  .PIECEWISE_BEZIER_KNOTS.);
#3975 = CARTESIAN_POINT('',(25.363337363966,24.702442563482,1.2));
#3976 = CARTESIAN_POINT('',(25.419742383619,24.702442563482,1.2));
#3977 = CARTESIAN_POINT('',(25.471865815633,24.707147971044,1.2));
#3978 = CARTESIAN_POINT('',(25.519525939822,24.716674874051,1.2));
#3979 = CARTESIAN_POINT('',(25.562575875124,24.731095795569,1.2));
#3980 = CARTESIAN_POINT('',(25.600918984281,24.750423216445,1.2));
#3981 = ORIENTED_EDGE('',*,*,#3982,.F.);
#3982 = EDGE_CURVE('',#3983,#3972,#3985,.T.);
#3983 = VERTEX_POINT('',#3984);
#3984 = CARTESIAN_POINT('',(25.350955259976,24.714824667473,1.2));
#3985 = B_SPLINE_CURVE_WITH_KNOTS('',6,(#3986,#3987,#3988,#3989,#3990,
    #3991,#3992,#3993,#3994,#3995,#3996,#3997,#3998,#3999,#4000,#4001,
    #4002),.UNSPECIFIED.,.F.,.F.,(7,5,5,7),(0.,0.974776064693,
    0.983744525124,1.),.UNSPECIFIED.);
#3986 = CARTESIAN_POINT('',(25.350955259976,24.714824667473,1.2));
#3987 = CARTESIAN_POINT('',(25.354990195664,24.710789731784,1.2));
#3988 = CARTESIAN_POINT('',(25.358237183714,24.707542743735,1.2));
#3989 = CARTESIAN_POINT('',(25.360695278779,24.70508464867,1.2));
#3990 = CARTESIAN_POINT('',(25.362363843409,24.703416084039,1.2));
#3991 = CARTESIAN_POINT('',(25.363242548047,24.702537379401,1.2));
#3992 = CARTESIAN_POINT('',(25.363332188247,24.702447739202,1.2));
#3993 = CARTESIAN_POINT('',(25.363332938602,24.702446988846,1.2));
#3994 = CARTESIAN_POINT('',(25.363333622094,24.702446305354,1.2));
#3995 = CARTESIAN_POINT('',(25.363334238723,24.702445688726,1.2));
#3996 = CARTESIAN_POINT('',(25.363334788489,24.70244513896,1.2));
#3997 = CARTESIAN_POINT('',(25.363336146658,24.702443780791,1.2));
#3998 = CARTESIAN_POINT('',(25.363336389561,24.702443537888,1.2));
#3999 = CARTESIAN_POINT('',(25.36333576348,24.702444163969,1.2));
#4000 = CARTESIAN_POINT('',(25.36333714159,24.702442785859,1.2));
#4001 = CARTESIAN_POINT('',(25.363337363966,24.702442563482,1.2));
#4002 = CARTESIAN_POINT('',(25.363337363966,24.702442563482,1.2));
#4003 = ORIENTED_EDGE('',*,*,#4004,.F.);
#4004 = EDGE_CURVE('',#4005,#3983,#4007,.T.);
#4005 = VERTEX_POINT('',#4006);
#4006 = CARTESIAN_POINT('',(25.315356711004,24.750423216445,1.2));
#4007 = B_SPLINE_CURVE_WITH_KNOTS('',4,(#4008,#4009,#4010,#4011,#4012),
  .UNSPECIFIED.,.F.,.F.,(5,5),(0.,1.),.PIECEWISE_BEZIER_KNOTS.);
#4008 = CARTESIAN_POINT('',(25.315356711004,24.750423216445,1.2));
#4009 = CARTESIAN_POINT('',(25.327340120241,24.738439807207,1.2));
#4010 = CARTESIAN_POINT('',(25.337273331327,24.728506596121,1.2));
#4011 = CARTESIAN_POINT('',(25.345146632706,24.720633294743,1.2));
#4012 = CARTESIAN_POINT('',(25.350955259976,24.714824667473,1.2));
#4013 = ORIENTED_EDGE('',*,*,#4014,.F.);
#4014 = EDGE_CURVE('',#4015,#4005,#4017,.T.);
#4015 = VERTEX_POINT('',#4016);
#4016 = CARTESIAN_POINT('',(25.268149939541,24.797629987908,1.2));
#4017 = B_SPLINE_CURVE_WITH_KNOTS('',4,(#4018,#4019,#4020,#4021,#4022,
    #4023,#4024,#4025),.UNSPECIFIED.,.F.,.F.,(5,3,5),(0.,0.500000000031,
    1.),.UNSPECIFIED.);
#4018 = CARTESIAN_POINT('',(25.268149939541,24.797629987908,1.2));
#4019 = CARTESIAN_POINT('',(25.279934236567,24.797629987908,1.2));
#4020 = CARTESIAN_POINT('',(25.2897747311,24.79566884562,1.2));
#4021 = CARTESIAN_POINT('',(25.297649811735,24.791733501445,1.2));
#4022 = CARTESIAN_POINT('',(25.30946022454,24.77992308864,1.2));
#4023 = CARTESIAN_POINT('',(25.313395568717,24.772048007998,1.2));
#4024 = CARTESIAN_POINT('',(25.315356711004,24.762207513471,1.2));
#4025 = CARTESIAN_POINT('',(25.315356711004,24.750423216445,1.2));
#4026 = ORIENTED_EDGE('',*,*,#4027,.F.);
#4027 = EDGE_CURVE('',#4028,#4015,#4030,.T.);
#4028 = VERTEX_POINT('',#4029);
#4029 = CARTESIAN_POINT('',(25.006577992745,24.797629987908,1.2));
#4030 = LINE('',#4031,#4032);
#4031 = CARTESIAN_POINT('',(12.598476420798,24.797629987908,1.2));
#4032 = VECTOR('',#4033,1.);
#4033 = DIRECTION('',(1.,0.,0.));
#4034 = ORIENTED_EDGE('',*,*,#4035,.F.);
#4035 = EDGE_CURVE('',#4036,#4028,#4038,.T.);
#4036 = VERTEX_POINT('',#4037);
#4037 = CARTESIAN_POINT('',(24.531414752116,24.750423216445,1.2));
#4038 = B_SPLINE_CURVE_WITH_KNOTS('',7,(#4039,#4040,#4041,#4042,#4043,
    #4044,#4045,#4046),.UNSPECIFIED.,.F.,.F.,(8,8),(0.,1.),
  .PIECEWISE_BEZIER_KNOTS.);
#4039 = CARTESIAN_POINT('',(24.531414752116,24.750423216445,1.2));
#4040 = CARTESIAN_POINT('',(24.623822054278,24.750423216445,1.2));
#4041 = CARTESIAN_POINT('',(24.710060041015,24.752278763574,1.2));
#4042 = CARTESIAN_POINT('',(24.789132724536,24.756216665552,1.2));
#4043 = CARTESIAN_POINT('',(24.859757186987,24.76249280671,1.2));
#4044 = CARTESIAN_POINT('',(24.920469132996,24.771365009195,1.2));
#4045 = CARTESIAN_POINT('',(24.969777078002,24.783053002198,1.2));
#4046 = CARTESIAN_POINT('',(25.006577992745,24.797629987908,1.2));
#4047 = ORIENTED_EDGE('',*,*,#4048,.F.);
#4048 = EDGE_CURVE('',#4049,#4036,#4051,.T.);
#4049 = VERTEX_POINT('',#4050);
#4050 = CARTESIAN_POINT('',(23.413929866989,24.702442563482,1.2));
#4051 = B_SPLINE_CURVE_WITH_KNOTS('',7,(#4052,#4053,#4054,#4055,#4056,
    #4057,#4058,#4059),.UNSPECIFIED.,.F.,.F.,(8,8),(0.,1.),
  .PIECEWISE_BEZIER_KNOTS.);
#4052 = CARTESIAN_POINT('',(23.413929866989,24.702442563482,1.2));
#4053 = CARTESIAN_POINT('',(23.549119633429,24.702442563482,1.2));
#4054 = CARTESIAN_POINT('',(23.696380513203,24.70557700751,1.2));
#4055 = CARTESIAN_POINT('',(23.852517655004,24.71116663921,1.2));
#4056 = CARTESIAN_POINT('',(24.015358347913,24.718753360085,1.2));
#4057 = CARTESIAN_POINT('',(24.183331216585,24.7279795454,1.2));
#4058 = CARTESIAN_POINT('',(24.355487494893,24.738592967044,1.2));
#4059 = CARTESIAN_POINT('',(24.531414752116,24.750423216445,1.2));
#4060 = ORIENTED_EDGE('',*,*,#4061,.F.);
#4061 = EDGE_CURVE('',#4062,#4049,#4064,.T.);
#4062 = VERTEX_POINT('',#4063);
#4063 = CARTESIAN_POINT('',(23.115985489722,23.847303506651,1.2));
#4064 = B_SPLINE_CURVE_WITH_KNOTS('',7,(#4065,#4066,#4067,#4068,#4069,
    #4070,#4071,#4072,#4073,#4074,#4075,#4076,#4077,#4078),
  .UNSPECIFIED.,.F.,.F.,(8,6,8),(0.,0.948419274264,1.),.UNSPECIFIED.);
#4065 = CARTESIAN_POINT('',(23.115985489722,23.847303506651,1.2));
#4066 = CARTESIAN_POINT('',(23.150539815367,23.99053118645,1.2));
#4067 = CARTESIAN_POINT('',(23.186449283809,24.128331844592,1.2));
#4068 = CARTESIAN_POINT('',(23.22408766127,24.260310101772,1.2));
#4069 = CARTESIAN_POINT('',(23.263735760241,24.384698643348,1.2));
#4070 = CARTESIAN_POINT('',(23.305577870624,24.498387218643,1.2));
#4071 = CARTESIAN_POINT('',(23.349714264577,24.596848086419,1.2));
#4072 = CARTESIAN_POINT('',(23.398656900042,24.678525140084,1.2));
#4073 = CARTESIAN_POINT('',(23.401187529395,24.682674970493,1.2));
#4074 = CARTESIAN_POINT('',(23.403724218612,24.686760685572,1.2));
#4075 = CARTESIAN_POINT('',(23.406266887703,24.690781297047,1.2));
#4076 = CARTESIAN_POINT('',(23.408815449525,24.694735812401,1.2));
#4077 = CARTESIAN_POINT('',(23.411369809773,24.698623234879,1.2));
#4078 = CARTESIAN_POINT('',(23.413929866989,24.702442563482,1.2));
#4079 = ORIENTED_EDGE('',*,*,#4080,.F.);
#4080 = EDGE_CURVE('',#4081,#4062,#4083,.T.);
#4081 = VERTEX_POINT('',#4082);
#4082 = CARTESIAN_POINT('',(22.795598548972,22.420266021765,1.2));
#4083 = B_SPLINE_CURVE_WITH_KNOTS('',5,(#4084,#4085,#4086,#4087,#4088,
    #4089),.UNSPECIFIED.,.F.,.F.,(6,6),(0.,1.),
  .PIECEWISE_BEZIER_KNOTS.);
#4084 = CARTESIAN_POINT('',(22.795598548972,22.420266021765,1.2));
#4085 = CARTESIAN_POINT('',(22.857995940883,22.714549535243,1.2));
#4086 = CARTESIAN_POINT('',(22.921165229227,23.00509119227,1.2));
#4087 = CARTESIAN_POINT('',(22.985175211103,23.291329109511,1.2));
#4088 = CARTESIAN_POINT('',(23.050088865726,23.572458290988,1.2));
#4089 = CARTESIAN_POINT('',(23.115985489722,23.847303506651,1.2));
#4090 = ORIENTED_EDGE('',*,*,#4091,.F.);
#4091 = EDGE_CURVE('',#4092,#4081,#4094,.T.);
#4092 = VERTEX_POINT('',#4093);
#4093 = CARTESIAN_POINT('',(22.700411124547,21.897122128174,1.2));
#4094 = B_SPLINE_CURVE_WITH_KNOTS('',7,(#4095,#4096,#4097,#4098,#4099,
    #4100,#4101,#4102),.UNSPECIFIED.,.F.,.F.,(8,8),(0.,1.),
  .PIECEWISE_BEZIER_KNOTS.);
#4095 = CARTESIAN_POINT('',(22.700411124547,21.897122128174,1.2));
#4096 = CARTESIAN_POINT('',(22.71536374639,21.941738822384,1.2));
#4097 = CARTESIAN_POINT('',(22.729926086987,21.998737623119,1.2));
#4098 = CARTESIAN_POINT('',(22.744027233186,22.066776416765,1.2));
#4099 = CARTESIAN_POINT('',(22.757639133147,22.144277775586,1.2));
#4100 = CARTESIAN_POINT('',(22.770758435022,22.229788489457,1.2));
#4101 = CARTESIAN_POINT('',(22.783401122098,22.322086733322,1.2));
#4102 = CARTESIAN_POINT('',(22.795598548972,22.420266021765,1.2));
#4103 = ORIENTED_EDGE('',*,*,#4104,.F.);
#4104 = EDGE_CURVE('',#4105,#4092,#4107,.T.);
#4105 = VERTEX_POINT('',#4106);
#4106 = CARTESIAN_POINT('',(21.393325272068,21.9923095526,1.2));
#4107 = B_SPLINE_CURVE_WITH_KNOTS('',7,(#4108,#4109,#4110,#4111,#4112,
    #4113,#4114,#4115),.UNSPECIFIED.,.F.,.F.,(8,8),(0.,1.),
  .PIECEWISE_BEZIER_KNOTS.);
#4108 = CARTESIAN_POINT('',(21.393325272068,21.9923095526,1.2));
#4109 = CARTESIAN_POINT('',(21.594233551326,21.9923095526,1.2));
#4110 = CARTESIAN_POINT('',(21.791874672082,21.98887622284,1.2));
#4111 = CARTESIAN_POINT('',(21.985880880403,21.981523838703,1.2));
#4112 = CARTESIAN_POINT('',(22.1754096698,21.969621223277,1.2));
#4113 = CARTESIAN_POINT('',(22.359083927751,21.95234258231,1.2));
#4114 = CARTESIAN_POINT('',(22.5349948565,21.928666625802,1.2));
#4115 = CARTESIAN_POINT('',(22.700411124547,21.897122128174,1.2));
#4116 = ORIENTED_EDGE('',*,*,#4117,.F.);
#4117 = EDGE_CURVE('',#4118,#4105,#4120,.T.);
#4118 = VERTEX_POINT('',#4119);
#4119 = CARTESIAN_POINT('',(19.966287787183,21.9923095526,1.2));
#4120 = LINE('',#4121,#4122);
#4121 = CARTESIAN_POINT('',(10.327908101572,21.9923095526,1.2));
#4122 = VECTOR('',#4123,1.);
#4123 = DIRECTION('',(1.,0.,0.));
#4124 = ORIENTED_EDGE('',*,*,#4125,.F.);
#4125 = EDGE_CURVE('',#4126,#4118,#4128,.T.);
#4126 = VERTEX_POINT('',#4127);
#4127 = CARTESIAN_POINT('',(19.799903264813,22.753035066505,1.2));
#4128 = LINE('',#4129,#4130);
#4129 = CARTESIAN_POINT('',(18.466053227182,28.851521517624,1.2));
#4130 = VECTOR('',#4131,1.);
#4131 = DIRECTION('',(0.213667240649,-0.976906500272,0.));
#4132 = ORIENTED_EDGE('',*,*,#4133,.F.);
#4133 = EDGE_CURVE('',#4134,#4126,#4136,.T.);
#4134 = VERTEX_POINT('',#4135);
#4135 = CARTESIAN_POINT('',(19.300749697703,24.702442563482,1.2));
#4136 = B_SPLINE_CURVE_WITH_KNOTS('',8,(#4137,#4138,#4139,#4140,#4141,
    #4142,#4143,#4144,#4145,#4146,#4147,#4148,#4149,#4150,#4151,#4152,
    #4153,#4154,#4155,#4156,#4157,#4158,#4159),.UNSPECIFIED.,.F.,.F.,(9,
    7,7,9),(0.,0.12096553757,0.432195620743,1.),.UNSPECIFIED.);
#4137 = CARTESIAN_POINT('',(19.300749697703,24.702442563482,1.2));
#4138 = CARTESIAN_POINT('',(19.310720497355,24.682541495883,1.2));
#4139 = CARTESIAN_POINT('',(19.320545084928,24.66143855503,1.2));
#4140 = CARTESIAN_POINT('',(19.33022301764,24.639307591531,1.2));
#4141 = CARTESIAN_POINT('',(19.33975533527,24.616295624959,1.2));
#4142 = CARTESIAN_POINT('',(19.349144816717,24.592524495555,1.2));
#4143 = CARTESIAN_POINT('',(19.358396236543,24.568092515931,1.2));
#4144 = CARTESIAN_POINT('',(19.367516621531,24.543076122765,1.2));
#4145 = CARTESIAN_POINT('',(19.399668580422,24.451808295652,1.2));
#4146 = CARTESIAN_POINT('',(19.421976971332,24.382702883103,1.2));
#4147 = CARTESIAN_POINT('',(19.443601005491,24.31118928748,1.2));
#4148 = CARTESIAN_POINT('',(19.464621095465,24.237863597219,1.2));
#4149 = CARTESIAN_POINT('',(19.48510213826,24.163149110214,1.2));
#4150 = CARTESIAN_POINT('',(19.50510779098,24.087337459871,1.2));
#4151 = CARTESIAN_POINT('',(19.524697245203,24.010576181086,1.2));
#4152 = CARTESIAN_POINT('',(19.579038115267,23.79122565386,1.2));
#4153 = CARTESIAN_POINT('',(19.612888800308,23.646883291483,1.2));
#4154 = CARTESIAN_POINT('',(19.645777325388,23.50066326118,1.2));
#4155 = CARTESIAN_POINT('',(19.677845065233,23.353010348515,1.2));
#4156 = CARTESIAN_POINT('',(19.709209942086,23.204258310695,1.2));
#4157 = CARTESIAN_POINT('',(19.739956800783,23.054610122175,1.2));
#4158 = CARTESIAN_POINT('',(19.770164319414,22.904189405526,1.2));
#4159 = CARTESIAN_POINT('',(19.799903264813,22.753035066505,1.2));
#4160 = ORIENTED_EDGE('',*,*,#4161,.F.);
#4161 = EDGE_CURVE('',#4162,#4134,#4164,.T.);
#4162 = VERTEX_POINT('',#4163);
#4163 = CARTESIAN_POINT('',(19.063168077388,24.750423216445,1.2));
#4164 = B_SPLINE_CURVE_WITH_KNOTS('',5,(#4165,#4166,#4167,#4168,#4169,
    #4170),.UNSPECIFIED.,.F.,.F.,(6,6),(0.,1.),
  .PIECEWISE_BEZIER_KNOTS.);
#4165 = CARTESIAN_POINT('',(19.063168077388,24.750423216445,1.2));
#4166 = CARTESIAN_POINT('',(19.119333558425,24.731497891313,1.2));
#4167 = CARTESIAN_POINT('',(19.1713676629,24.717083471915,1.2));
#4168 = CARTESIAN_POINT('',(19.219063466576,24.707351555419,1.2));
#4169 = CARTESIAN_POINT('',(19.26223716297,24.702442563482,1.2));
#4170 = CARTESIAN_POINT('',(19.300749697703,24.702442563482,1.2));
#4171 = ORIENTED_EDGE('',*,*,#4172,.F.);
#4172 = EDGE_CURVE('',#4173,#4162,#4175,.T.);
#4173 = VERTEX_POINT('',#4174);
#4174 = CARTESIAN_POINT('',(18.979588875453,24.786021765417,1.2));
#4175 = B_SPLINE_CURVE_WITH_KNOTS('',4,(#4176,#4177,#4178,#4179,#4180),
  .UNSPECIFIED.,.F.,.F.,(5,5),(0.,1.),.PIECEWISE_BEZIER_KNOTS.);
#4176 = CARTESIAN_POINT('',(18.979588875453,24.786021765417,1.2));
#4177 = CARTESIAN_POINT('',(18.997797781785,24.780210412333,1.2));
#4178 = CARTESIAN_POINT('',(19.017803926993,24.772334366543,1.2));
#4179 = CARTESIAN_POINT('',(19.039598253957,24.762401323434,1.2));
#4180 = CARTESIAN_POINT('',(19.063168077388,24.750423216445,1.2));
#4181 = ORIENTED_EDGE('',*,*,#4182,.T.);
#4182 = EDGE_CURVE('',#4173,#4183,#4185,.T.);
#4183 = VERTEX_POINT('',#4184);
#4184 = CARTESIAN_POINT('',(18.943990326481,24.797629987908,1.2));
#4185 = B_SPLINE_CURVE_WITH_KNOTS('',8,(#4186,#4187,#4188,#4189,#4190,
    #4191,#4192,#4193,#4194,#4195,#4196,#4197,#4198,#4199,#4200,#4201),
  .UNSPECIFIED.,.F.,.F.,(9,7,9),(0.,0.789535397798,1.),.UNSPECIFIED.);
#4186 = CARTESIAN_POINT('',(18.979588875453,24.786021765417,1.2));
#4187 = CARTESIAN_POINT('',(18.97187729274,24.788536411954,1.2));
#4188 = CARTESIAN_POINT('',(18.965114965124,24.790741518786,1.2));
#4189 = CARTESIAN_POINT('',(18.959304971451,24.79263608194,1.2));
#4190 = CARTESIAN_POINT('',(18.954449859478,24.794219270627,1.2));
#4191 = CARTESIAN_POINT('',(18.950551645872,24.795490427237,1.2));
#4192 = CARTESIAN_POINT('',(18.947611816211,24.796449067344,1.2));
#4193 = CARTESIAN_POINT('',(18.945631324987,24.7970948797,1.2));
#4194 = CARTESIAN_POINT('',(18.944338502156,24.797516452362,1.2));
#4195 = CARTESIAN_POINT('',(18.944330232818,24.79751914346,1.2));
#4196 = CARTESIAN_POINT('',(18.94424716768,24.797546256088,1.2));
#4197 = CARTESIAN_POINT('',(18.944227576623,24.797552586086,1.2));
#4198 = CARTESIAN_POINT('',(18.943990452292,24.797629987062,1.2));
#4199 = CARTESIAN_POINT('',(18.943990276049,24.797629978389,1.2));
#4200 = CARTESIAN_POINT('',(18.943990333145,24.797629994572,1.2));
#4201 = CARTESIAN_POINT('',(18.943990326481,24.797629987908,1.2));
#4202 = ORIENTED_EDGE('',*,*,#4203,.F.);
#4203 = EDGE_CURVE('',#4204,#4183,#4206,.T.);
#4204 = VERTEX_POINT('',#4205);
#4205 = CARTESIAN_POINT('',(18.848802902056,24.797629987908,1.2));
#4206 = LINE('',#4207,#4208);
#4207 = CARTESIAN_POINT('',(9.471995163241,24.797629987908,1.2));
#4208 = VECTOR('',#4209,1.);
#4209 = DIRECTION('',(1.,0.,0.));
#4210 = ORIENTED_EDGE('',*,*,#4211,.F.);
#4211 = EDGE_CURVE('',#4212,#4204,#4214,.T.);
#4212 = VERTEX_POINT('',#4213);
#4213 = CARTESIAN_POINT('',(18.635211608222,24.750423216445,1.2));
#4214 = B_SPLINE_CURVE_WITH_KNOTS('',5,(#4215,#4216,#4217,#4218,#4219,
    #4220),.UNSPECIFIED.,.F.,.F.,(6,6),(0.,1.),
  .PIECEWISE_BEZIER_KNOTS.);
#4215 = CARTESIAN_POINT('',(18.635211608222,24.750423216445,1.2));
#4216 = CARTESIAN_POINT('',(18.663979919099,24.769497857352,1.2));
#4217 = CARTESIAN_POINT('',(18.699933872093,24.783702610336,1.2));
#4218 = CARTESIAN_POINT('',(18.742922692935,24.793044187221,1.2));
#4219 = CARTESIAN_POINT('',(18.79266487507,24.797629987908,1.2));
#4220 = CARTESIAN_POINT('',(18.848802902056,24.797629987908,1.2));
#4221 = ORIENTED_EDGE('',*,*,#4222,.F.);
#4222 = EDGE_CURVE('',#4223,#4212,#4225,.T.);
#4223 = VERTEX_POINT('',#4224);
#4224 = CARTESIAN_POINT('',(18.516033857316,24.702442563482,1.2));
#4225 = B_SPLINE_CURVE_WITH_KNOTS('',4,(#4226,#4227,#4228,#4229,#4230,
    #4231,#4232,#4233),.UNSPECIFIED.,.F.,.F.,(5,3,5),(0.,0.610101737485,
    1.),.UNSPECIFIED.);
#4226 = CARTESIAN_POINT('',(18.516033857316,24.702442563482,1.2));
#4227 = CARTESIAN_POINT('',(18.537953766789,24.702442563482,1.2));
#4228 = CARTESIAN_POINT('',(18.558373367766,24.705409683212,1.2));
#4229 = CARTESIAN_POINT('',(18.577267510576,24.711362975518,1.2));
#4230 = CARTESIAN_POINT('',(18.605715519826,24.726005105483,1.2));
#4231 = CARTESIAN_POINT('',(18.616179238563,24.732931069647,1.2));
#4232 = CARTESIAN_POINT('',(18.626011608074,24.741072396622,1.2));
#4233 = CARTESIAN_POINT('',(18.635211608222,24.750423216445,1.2));
#4234 = ORIENTED_EDGE('',*,*,#4235,.F.);
#4235 = EDGE_CURVE('',#4236,#4223,#4238,.T.);
#4236 = VERTEX_POINT('',#4237);
#4237 = CARTESIAN_POINT('',(17.446529625151,24.750423216445,1.2));
#4238 = LINE('',#4239,#4240);
#4239 = CARTESIAN_POINT('',(9.113248002319,25.124275213996,1.2));
#4240 = VECTOR('',#4241,1.);
#4241 = DIRECTION('',(0.99899519372,-4.481743994983E-02,0.));
#4242 = ORIENTED_EDGE('',*,*,#4243,.F.);
#4243 = EDGE_CURVE('',#4244,#4236,#4246,.T.);
#4244 = VERTEX_POINT('',#4245);
#4245 = CARTESIAN_POINT('',(16.709794437727,24.750423216445,1.2));
#4246 = LINE('',#4247,#4248);
#4247 = CARTESIAN_POINT('',(8.532889963724,24.750423216445,1.2));
#4248 = VECTOR('',#4249,1.);
#4249 = DIRECTION('',(1.,0.,0.));
#4250 = ORIENTED_EDGE('',*,*,#4251,.F.);
#4251 = EDGE_CURVE('',#4252,#4244,#4254,.T.);
#4252 = VERTEX_POINT('',#4253);
#4253 = CARTESIAN_POINT('',(16.471438935913,24.797629987908,1.2));
#4254 = B_SPLINE_CURVE_WITH_KNOTS('',5,(#4255,#4256,#4257,#4258,#4259,
    #4260),.UNSPECIFIED.,.F.,.F.,(6,6),(0.,1.),
  .PIECEWISE_BEZIER_KNOTS.);
#4255 = CARTESIAN_POINT('',(16.471438935913,24.797629987908,1.2));
#4256 = CARTESIAN_POINT('',(16.528135164223,24.797629987908,1.2));
#4257 = CARTESIAN_POINT('',(16.580485515892,24.793002977584,1.2));
#4258 = CARTESIAN_POINT('',(16.628304305179,24.783632436097,1.2));
#4259 = CARTESIAN_POINT('',(16.671440623722,24.769444213634,1.2));
#4260 = CARTESIAN_POINT('',(16.709794437727,24.750423216445,1.2));
#4261 = ORIENTED_EDGE('',*,*,#4262,.F.);
#4262 = EDGE_CURVE('',#4263,#4252,#4265,.T.);
#4263 = VERTEX_POINT('',#4264);
#4264 = CARTESIAN_POINT('',(13.975671100363,24.797629987908,1.2));
#4265 = LINE('',#4266,#4267);
#4266 = CARTESIAN_POINT('',(7.094631197098,24.797629987908,1.2));
#4267 = VECTOR('',#4268,1.);
#4268 = DIRECTION('',(1.,0.,0.));
#4269 = ORIENTED_EDGE('',*,*,#4270,.F.);
#4270 = EDGE_CURVE('',#4271,#4263,#4273,.T.);
#4271 = VERTEX_POINT('',#4272);
#4272 = CARTESIAN_POINT('',(12.905392986699,24.821620314389,1.2));
#4273 = B_SPLINE_CURVE_WITH_KNOTS('',8,(#4274,#4275,#4276,#4277,#4278,
    #4279,#4280,#4281,#4282,#4283,#4284,#4285,#4286,#4287,#4288,#4289),
  .UNSPECIFIED.,.F.,.F.,(9,7,9),(0.,0.752829067991,1.),.UNSPECIFIED.);
#4274 = CARTESIAN_POINT('',(12.905392986699,24.821620314389,1.2));
#4275 = CARTESIAN_POINT('',(13.024065036883,24.821620314389,1.2));
#4276 = CARTESIAN_POINT('',(13.140650886171,24.821325090588,1.2));
#4277 = CARTESIAN_POINT('',(13.255063493523,24.820694383987,1.2));
#4278 = CARTESIAN_POINT('',(13.366908085008,24.819673205444,1.2));
#4279 = CARTESIAN_POINT('',(13.475492902869,24.818192761993,1.2));
#4280 = CARTESIAN_POINT('',(13.579732478602,24.816159060413,1.2));
#4281 = CARTESIAN_POINT('',(13.678184069015,24.813456953964,1.2));
#4282 = CARTESIAN_POINT('',(13.798330614559,24.808730333759,1.2));
#4283 = CARTESIAN_POINT('',(13.827143642338,24.807470553929,1.2));
#4284 = CARTESIAN_POINT('',(13.854990378542,24.806113172125,1.2));
#4285 = CARTESIAN_POINT('',(13.881769923055,24.804651674033,1.2));
#4286 = CARTESIAN_POINT('',(13.907365095694,24.80307931615,1.2));
#4287 = CARTESIAN_POINT('',(13.931644470531,24.80138930564,1.2));
#4288 = CARTESIAN_POINT('',(13.954464410228,24.799574980199,1.2));
#4289 = CARTESIAN_POINT('',(13.975671100363,24.797629987908,1.2));
#4290 = ORIENTED_EDGE('',*,*,#4291,.F.);
#4291 = EDGE_CURVE('',#4292,#4271,#4294,.T.);
#4292 = VERTEX_POINT('',#4293);
#4293 = CARTESIAN_POINT('',(12.287835550181,24.821620314389,1.2));
#4294 = LINE('',#4295,#4296);
#4295 = CARTESIAN_POINT('',(6.452696493349,24.821620314389,1.2));
#4296 = VECTOR('',#4297,1.);
#4297 = DIRECTION('',(1.,0.,0.));
#4298 = ORIENTED_EDGE('',*,*,#4299,.F.);
#4299 = EDGE_CURVE('',#4300,#4292,#4302,.T.);
#4300 = VERTEX_POINT('',#4301);
#4301 = CARTESIAN_POINT('',(11.740701330109,24.845610640871,1.2));
#4302 = B_SPLINE_CURVE_WITH_KNOTS('',6,(#4303,#4304,#4305,#4306,#4307,
    #4308,#4309),.UNSPECIFIED.,.F.,.F.,(7,7),(0.,1.),
  .PIECEWISE_BEZIER_KNOTS.);
#4303 = CARTESIAN_POINT('',(11.740701330109,24.845610640871,1.2));
#4304 = CARTESIAN_POINT('',(11.851384126981,24.845610640871,1.2));
#4305 = CARTESIAN_POINT('',(11.955691027312,24.84422520941,1.2));
#4306 = CARTESIAN_POINT('',(12.052710060512,24.841302343491,1.2));
#4307 = CARTESIAN_POINT('',(12.141289159738,24.836671918367,1.2));
#4308 = CARTESIAN_POINT('',(12.220092627376,24.830157024174,1.2));
#4309 = CARTESIAN_POINT('',(12.287835550181,24.821620314389,1.2));
#4310 = ORIENTED_EDGE('',*,*,#4311,.F.);
#4311 = EDGE_CURVE('',#3220,#4300,#4312,.T.);
#4312 = LINE('',#4313,#4314);
#4313 = CARTESIAN_POINT('',(5.870350665054,24.845610640871,1.2));
#4314 = VECTOR('',#4315,1.);
#4315 = DIRECTION('',(1.,0.,0.));
#4316 = PLANE('',#4317);
#4317 = AXIS2_PLACEMENT_3D('',#4318,#4319,#4320);
#4318 = CARTESIAN_POINT('',(0.,32.,1.2));
#4319 = DIRECTION('',(0.,0.,-1.));
#4320 = DIRECTION('',(1.,0.,0.));
#4321 = ADVANCED_FACE('',(#4322),#4354,.F.);
#4322 = FACE_BOUND('',#4323,.F.);
#4323 = EDGE_LOOP('',(#4324,#4325,#4333,#4348));
#4324 = ORIENTED_EDGE('',*,*,#55,.T.);
#4325 = ORIENTED_EDGE('',*,*,#4326,.T.);
#4326 = EDGE_CURVE('',#58,#4327,#4329,.T.);
#4327 = VERTEX_POINT('',#4328);
#4328 = CARTESIAN_POINT('',(43.924111245466,25.083192261185,0.));
#4329 = LINE('',#4330,#4331);
#4330 = CARTESIAN_POINT('',(43.924111245466,25.083192261185,1.3));
#4331 = VECTOR('',#4332,1.);
#4332 = DIRECTION('',(0.,0.,-1.));
#4333 = ORIENTED_EDGE('',*,*,#4334,.F.);
#4334 = EDGE_CURVE('',#4335,#4327,#4337,.T.);
#4335 = VERTEX_POINT('',#4336);
#4336 = CARTESIAN_POINT('',(42.141088270859,23.014607013301,0.));
#4337 = B_SPLINE_CURVE_WITH_KNOTS('',5,(#4338,#4339,#4340,#4341,#4342,
    #4343,#4344,#4345,#4346,#4347),.UNSPECIFIED.,.F.,.F.,(6,4,6),(0.,
    0.487280093554,1.),.UNSPECIFIED.);
#4338 = CARTESIAN_POINT('',(42.141088270859,23.014607013301,0.));
#4339 = CARTESIAN_POINT('',(42.29339043997,23.230674728556,0.));
#4340 = CARTESIAN_POINT('',(42.451798307135,23.443118372963,0.));
#4341 = CARTESIAN_POINT('',(42.615844120254,23.651953646518,0.));
#4342 = CARTESIAN_POINT('',(42.785094260569,23.857232885326,0.));
#4343 = CARTESIAN_POINT('',(43.1423252837,24.271371305387,0.));
#4344 = CARTESIAN_POINT('',(43.330820968337,24.479855849618,0.));
#4345 = CARTESIAN_POINT('',(43.524206470913,24.68457959523,0.));
#4346 = CARTESIAN_POINT('',(43.722084153765,24.885651337323,0.));
#4347 = CARTESIAN_POINT('',(43.924111245466,25.083192261185,0.));
#4348 = ORIENTED_EDGE('',*,*,#4349,.F.);
#4349 = EDGE_CURVE('',#56,#4335,#4350,.T.);
#4350 = LINE('',#4351,#4352);
#4351 = CARTESIAN_POINT('',(42.141088270859,23.014607013301,1.3));
#4352 = VECTOR('',#4353,1.);
#4353 = DIRECTION('',(0.,0.,-1.));
#4354 = SURFACE_OF_LINEAR_EXTRUSION('',#4355,#4359);
#4355 = B_SPLINE_CURVE_WITH_KNOTS('',2,(#4356,#4357,#4358),
  .UNSPECIFIED.,.F.,.F.,(3,3),(0.,1.),.PIECEWISE_BEZIER_KNOTS.);
#4356 = CARTESIAN_POINT('',(43.924111245466,25.083192261185,1.3));
#4357 = CARTESIAN_POINT('',(42.878597339782,24.060894800484,1.3));
#4358 = CARTESIAN_POINT('',(42.141088270859,23.014607013301,1.3));
#4359 = VECTOR('',#4360,1.);
#4360 = DIRECTION('',(-0.,0.,1.));
#4361 = ADVANCED_FACE('',(#4362,#4396,#5335,#5871,#6918,#7542),#8644,.T.
  );
#4362 = FACE_BOUND('',#4363,.T.);
#4363 = EDGE_LOOP('',(#4364,#4374,#4382,#4390));
#4364 = ORIENTED_EDGE('',*,*,#4365,.F.);
#4365 = EDGE_CURVE('',#4366,#4368,#4370,.T.);
#4366 = VERTEX_POINT('',#4367);
#4367 = CARTESIAN_POINT('',(0.,32.,0.));
#4368 = VERTEX_POINT('',#4369);
#4369 = CARTESIAN_POINT('',(0.,0.,0.));
#4370 = LINE('',#4371,#4372);
#4371 = CARTESIAN_POINT('',(0.,32.,0.));
#4372 = VECTOR('',#4373,1.);
#4373 = DIRECTION('',(0.,-1.,0.));
#4374 = ORIENTED_EDGE('',*,*,#4375,.T.);
#4375 = EDGE_CURVE('',#4366,#4376,#4378,.T.);
#4376 = VERTEX_POINT('',#4377);
#4377 = CARTESIAN_POINT('',(109.5,32.,0.));
#4378 = LINE('',#4379,#4380);
#4379 = CARTESIAN_POINT('',(0.,32.,0.));
#4380 = VECTOR('',#4381,1.);
#4381 = DIRECTION('',(1.,0.,0.));
#4382 = ORIENTED_EDGE('',*,*,#4383,.T.);
#4383 = EDGE_CURVE('',#4376,#4384,#4386,.T.);
#4384 = VERTEX_POINT('',#4385);
#4385 = CARTESIAN_POINT('',(109.5,0.,0.));
#4386 = LINE('',#4387,#4388);
#4387 = CARTESIAN_POINT('',(109.5,32.,0.));
#4388 = VECTOR('',#4389,1.);
#4389 = DIRECTION('',(0.,-1.,0.));
#4390 = ORIENTED_EDGE('',*,*,#4391,.F.);
#4391 = EDGE_CURVE('',#4368,#4384,#4392,.T.);
#4392 = LINE('',#4393,#4394);
#4393 = CARTESIAN_POINT('',(0.,0.,0.));
#4394 = VECTOR('',#4395,1.);
#4395 = DIRECTION('',(1.,0.,0.));
#4396 = FACE_BOUND('',#4397,.T.);
#4397 = EDGE_LOOP('',(#4398,#4399,#4427,#4435,#4445,#4467,#4475,#4483,
    #4511,#4524,#4532,#4544,#4552,#4573,#4581,#4593,#4601,#4609,#4617,
    #4632,#4643,#4664,#4685,#4702,#4710,#4718,#4730,#4738,#4750,#4758,
    #4768,#4776,#4784,#4795,#4803,#4811,#4823,#4833,#4841,#4853,#4861,
    #4872,#4899,#4912,#4937,#4962,#4977,#4988,#4996,#5011,#5028,#5036,
    #5049,#5057,#5078,#5090,#5103,#5114,#5124,#5132,#5151,#5166,#5194,
    #5204,#5215,#5227,#5240,#5251,#5262,#5283,#5294,#5307,#5320));
#4398 = ORIENTED_EDGE('',*,*,#4334,.F.);
#4399 = ORIENTED_EDGE('',*,*,#4400,.F.);
#4400 = EDGE_CURVE('',#4401,#4335,#4403,.T.);
#4401 = VERTEX_POINT('',#4402);
#4402 = CARTESIAN_POINT('',(40.524449818622,20.566045949214,0.));
#4403 = B_SPLINE_CURVE_WITH_KNOTS('',8,(#4404,#4405,#4406,#4407,#4408,
    #4409,#4410,#4411,#4412,#4413,#4414,#4415,#4416,#4417,#4418,#4419,
    #4420,#4421,#4422,#4423,#4424,#4425,#4426),.UNSPECIFIED.,.F.,.F.,(9,
    7,7,9),(0.,0.656589146004,0.960229529158,1.),.UNSPECIFIED.);
#4404 = CARTESIAN_POINT('',(40.524449818622,20.566045949214,0.));
#4405 = CARTESIAN_POINT('',(40.655516804291,20.776735665216,0.));
#4406 = CARTESIAN_POINT('',(40.786807048142,20.986552872151,0.));
#4407 = CARTESIAN_POINT('',(40.918384057124,21.195439989399,0.));
#4408 = CARTESIAN_POINT('',(41.050289890662,21.403252551213,0.));
#4409 = CARTESIAN_POINT('',(41.182544563934,21.609769995804,0.));
#4410 = CARTESIAN_POINT('',(41.315158535577,21.814620961977,0.));
#4411 = CARTESIAN_POINT('',(41.448126714352,22.017320528477,0.));
#4412 = CARTESIAN_POINT('',(41.643165720103,22.309276368503,0.));
#4413 = CARTESIAN_POINT('',(41.704894538464,22.400896717923,0.));
#4414 = CARTESIAN_POINT('',(41.766701352776,22.491754606962,0.));
#4415 = CARTESIAN_POINT('',(41.828590145358,22.581739864626,0.));
#4416 = CARTESIAN_POINT('',(41.89054464187,22.670670548865,0.));
#4417 = CARTESIAN_POINT('',(41.952528572042,22.75829477379,0.));
#4418 = CARTESIAN_POINT('',(42.014486502411,22.84426264146,0.));
#4419 = CARTESIAN_POINT('',(42.084447195075,22.938982965367,0.));
#4420 = CARTESIAN_POINT('',(42.092547297363,22.94991401772,0.));
#4421 = CARTESIAN_POINT('',(42.100645088521,22.960805176372,0.));
#4422 = CARTESIAN_POINT('',(42.108740283178,22.97165496332,0.));
#4423 = CARTESIAN_POINT('',(42.116832564008,22.982461791399,0.));
#4424 = CARTESIAN_POINT('',(42.124921581722,22.993223964279,0.));
#4425 = CARTESIAN_POINT('',(42.133006955074,23.003939676466,0.));
#4426 = CARTESIAN_POINT('',(42.141088270859,23.014607013301,0.));
#4427 = ORIENTED_EDGE('',*,*,#4428,.F.);
#4428 = EDGE_CURVE('',#4429,#4401,#4431,.T.);
#4429 = VERTEX_POINT('',#4430);
#4430 = CARTESIAN_POINT('',(40.120483675937,19.924498186215,0.));
#4431 = LINE('',#4432,#4433);
#4432 = CARTESIAN_POINT('',(37.349395622707,15.523670607426,0.));
#4433 = VECTOR('',#4434,1.);
#4434 = DIRECTION('',(0.5328403428,0.84621579345,0.));
#4435 = ORIENTED_EDGE('',*,*,#4436,.F.);
#4436 = EDGE_CURVE('',#4437,#4429,#4439,.T.);
#4437 = VERTEX_POINT('',#4438);
#4438 = CARTESIAN_POINT('',(40.084885126965,19.888899637243,0.));
#4439 = B_SPLINE_CURVE_WITH_KNOTS('',4,(#4440,#4441,#4442,#4443,#4444),
  .UNSPECIFIED.,.F.,.F.,(5,5),(0.,1.),.PIECEWISE_BEZIER_KNOTS.);
#4440 = CARTESIAN_POINT('',(40.084885126965,19.888899637243,0.));
#4441 = CARTESIAN_POINT('',(40.09069375424,19.894708264518,0.));
#4442 = CARTESIAN_POINT('',(40.098567055609,19.902581565887,0.));
#4443 = CARTESIAN_POINT('',(40.108500266708,19.912514776986,0.));
#4444 = CARTESIAN_POINT('',(40.120483675937,19.924498186215,0.));
#4445 = ORIENTED_EDGE('',*,*,#4446,.T.);
#4446 = EDGE_CURVE('',#4437,#4447,#4449,.T.);
#4447 = VERTEX_POINT('',#4448);
#4448 = CARTESIAN_POINT('',(40.073276904474,19.876517533253,0.));
#4449 = B_SPLINE_CURVE_WITH_KNOTS('',6,(#4450,#4451,#4452,#4453,#4454,
    #4455,#4456,#4457,#4458,#4459,#4460,#4461,#4462,#4463,#4464,#4465,
    #4466),.UNSPECIFIED.,.F.,.F.,(7,5,5,7),(0.,0.928033973697,
    0.954571950193,1.),.UNSPECIFIED.);
#4450 = CARTESIAN_POINT('',(40.084885126965,19.888899637243,0.));
#4451 = CARTESIAN_POINT('',(40.081233766541,19.885004852791,0.));
#4452 = CARTESIAN_POINT('',(40.078270732689,19.881844283348,0.));
#4453 = CARTESIAN_POINT('',(40.075996774186,19.879418727613,0.));
#4454 = CARTESIAN_POINT('',(40.074412404433,19.877728733209,0.));
#4455 = CARTESIAN_POINT('',(40.073517901445,19.876774596688,0.));
#4456 = CARTESIAN_POINT('',(40.07330745732,19.876550122955,0.));
#4457 = CARTESIAN_POINT('',(40.073302170937,19.876544484146,0.));
#4458 = CARTESIAN_POINT('',(40.073297448711,19.876539447106,0.));
#4459 = CARTESIAN_POINT('',(40.073293290645,19.876535011835,0.));
#4460 = CARTESIAN_POINT('',(40.073289696737,19.876531178333,0.));
#4461 = CARTESIAN_POINT('',(40.073281480628,19.876522414483,0.));
#4462 = CARTESIAN_POINT('',(40.073282645403,19.876523660433,0.));
#4463 = CARTESIAN_POINT('',(40.073279836245,19.876520650223,0.));
#4464 = CARTESIAN_POINT('',(40.073276156107,19.876516747836,0.));
#4465 = CARTESIAN_POINT('',(40.073277018525,19.876517647304,0.));
#4466 = CARTESIAN_POINT('',(40.073276904474,19.876517533253,0.));
#4467 = ORIENTED_EDGE('',*,*,#4468,.F.);
#4468 = EDGE_CURVE('',#4469,#4447,#4471,.T.);
#4469 = VERTEX_POINT('',#4470);
#4470 = CARTESIAN_POINT('',(39.954099153567,19.876517533253,0.));
#4471 = LINE('',#4472,#4473);
#4472 = CARTESIAN_POINT('',(20.036638452237,19.876517533253,0.));
#4473 = VECTOR('',#4474,1.);
#4474 = DIRECTION('',(1.,0.,0.));
#4475 = ORIENTED_EDGE('',*,*,#4476,.F.);
#4476 = EDGE_CURVE('',#4477,#4469,#4479,.T.);
#4477 = VERTEX_POINT('',#4478);
#4478 = CARTESIAN_POINT('',(39.858911729141,19.924498186215,0.));
#4479 = LINE('',#4480,#4481);
#4480 = CARTESIAN_POINT('',(21.588019899213,29.134216019187,0.));
#4481 = VECTOR('',#4482,1.);
#4482 = DIRECTION('',(0.892970492237,-0.450115207469,0.));
#4483 = ORIENTED_EDGE('',*,*,#4484,.F.);
#4484 = EDGE_CURVE('',#4485,#4477,#4487,.T.);
#4485 = VERTEX_POINT('',#4486);
#4486 = CARTESIAN_POINT('',(39.83569528416,21.588343409915,0.));
#4487 = B_SPLINE_CURVE_WITH_KNOTS('',8,(#4488,#4489,#4490,#4491,#4492,
    #4493,#4494,#4495,#4496,#4497,#4498,#4499,#4500,#4501,#4502,#4503,
    #4504,#4505,#4506,#4507,#4508,#4509,#4510),.UNSPECIFIED.,.F.,.F.,(9,
    7,7,9),(0.,0.586284047907,0.898572006319,1.),.UNSPECIFIED.);
#4488 = CARTESIAN_POINT('',(39.83569528416,21.588343409915,0.));
#4489 = CARTESIAN_POINT('',(39.83569528416,21.452849057864,0.));
#4490 = CARTESIAN_POINT('',(39.835827950298,21.318165932183,0.));
#4491 = CARTESIAN_POINT('',(39.83611079866,21.184318219622,0.));
#4492 = CARTESIAN_POINT('',(39.836567380806,21.051442701704,0.));
#4493 = CARTESIAN_POINT('',(39.837225985195,20.919776938923,0.));
#4494 = CARTESIAN_POINT('',(39.838129498639,20.789730435352,0.));
#4495 = CARTESIAN_POINT('',(39.839330270381,20.661846628819,0.));
#4496 = CARTESIAN_POINT('',(39.8417874622,20.470651240117,0.));
#4497 = CARTESIAN_POINT('',(39.842753937614,20.405220340752,0.));
#4498 = CARTESIAN_POINT('',(39.843849611149,20.340854653464,0.));
#4499 = CARTESIAN_POINT('',(39.845094011429,20.277729717373,0.));
#4500 = CARTESIAN_POINT('',(39.846512966271,20.216188932673,0.));
#4501 = CARTESIAN_POINT('',(39.848137744309,20.156733204674,0.));
#4502 = CARTESIAN_POINT('',(39.850008922861,20.100059038313,0.));
#4503 = CARTESIAN_POINT('',(39.852903727642,20.03009106878,0.));
#4504 = CARTESIAN_POINT('',(39.853646130514,20.013354972247,0.));
#4505 = CARTESIAN_POINT('',(39.854423372741,19.997075256021,0.));
#4506 = CARTESIAN_POINT('',(39.855237679047,19.981299898206,0.));
#4507 = CARTESIAN_POINT('',(39.856091337389,19.966085579315,0.));
#4508 = CARTESIAN_POINT('',(39.85698667403,19.951497300785,0.));
#4509 = CARTESIAN_POINT('',(39.857926028595,19.937608003481,0.));
#4510 = CARTESIAN_POINT('',(39.858911729141,19.924498186215,0.));
#4511 = ORIENTED_EDGE('',*,*,#4512,.F.);
#4512 = EDGE_CURVE('',#4513,#4485,#4515,.T.);
#4513 = VERTEX_POINT('',#4514);
#4514 = CARTESIAN_POINT('',(39.740507859734,23.656928657799,0.));
#4515 = B_SPLINE_CURVE_WITH_KNOTS('',7,(#4516,#4517,#4518,#4519,#4520,
    #4521,#4522,#4523),.UNSPECIFIED.,.F.,.F.,(8,8),(0.,1.),
  .PIECEWISE_BEZIER_KNOTS.);
#4516 = CARTESIAN_POINT('',(39.740507859734,23.656928657799,0.));
#4517 = CARTESIAN_POINT('',(39.764712244123,23.354669028358,0.));
#4518 = CARTESIAN_POINT('',(39.786128811091,23.054036893664,0.));
#4519 = CARTESIAN_POINT('',(39.804424331434,22.755221050927,0.));
#4520 = CARTESIAN_POINT('',(39.819177504419,22.458575409719,0.));
#4521 = CARTESIAN_POINT('',(39.829834979728,22.164650528309,0.));
#4522 = CARTESIAN_POINT('',(39.83569528416,21.87420327052,0.));
#4523 = CARTESIAN_POINT('',(39.83569528416,21.588343409915,0.));
#4524 = ORIENTED_EDGE('',*,*,#4525,.F.);
#4525 = EDGE_CURVE('',#4526,#4513,#4528,.T.);
#4526 = VERTEX_POINT('',#4527);
#4527 = CARTESIAN_POINT('',(39.716517533253,24.369673518742,0.));
#4528 = LINE('',#4529,#4530);
#4529 = CARTESIAN_POINT('',(39.577770573467,28.491800936882,0.));
#4530 = VECTOR('',#4531,1.);
#4531 = DIRECTION('',(3.364001568901E-02,-0.999434014502,0.));
#4532 = ORIENTED_EDGE('',*,*,#4533,.F.);
#4533 = EDGE_CURVE('',#4534,#4526,#4536,.T.);
#4534 = VERTEX_POINT('',#4535);
#4535 = CARTESIAN_POINT('',(39.597339782346,24.631245465538,0.));
#4536 = B_SPLINE_CURVE_WITH_KNOTS('',6,(#4537,#4538,#4539,#4540,#4541,
    #4542,#4543),.UNSPECIFIED.,.F.,.F.,(7,7),(0.,1.),
  .PIECEWISE_BEZIER_KNOTS.);
#4537 = CARTESIAN_POINT('',(39.597339782346,24.631245465538,0.));
#4538 = CARTESIAN_POINT('',(39.605738339541,24.631245465538,0.));
#4539 = CARTESIAN_POINT('',(39.619362970033,24.612011136309,0.));
#4540 = CARTESIAN_POINT('',(39.638035807614,24.573621105142,0.));
#4541 = CARTESIAN_POINT('',(39.660992124914,24.518552747644,0.));
#4542 = CARTESIAN_POINT('',(39.687393671159,24.449704944657,0.));
#4543 = CARTESIAN_POINT('',(39.716517533253,24.369673518742,0.));
#4544 = ORIENTED_EDGE('',*,*,#4545,.F.);
#4545 = EDGE_CURVE('',#4546,#4534,#4548,.T.);
#4546 = VERTEX_POINT('',#4547);
#4547 = CARTESIAN_POINT('',(39.359758162031,24.631245465538,0.));
#4548 = LINE('',#4549,#4550);
#4549 = CARTESIAN_POINT('',(19.798669891173,24.631245465538,0.));
#4550 = VECTOR('',#4551,1.);
#4551 = DIRECTION('',(1.,0.,0.));
#4552 = ORIENTED_EDGE('',*,*,#4553,.F.);
#4553 = EDGE_CURVE('',#4554,#4546,#4556,.T.);
#4554 = VERTEX_POINT('',#4555);
#4555 = CARTESIAN_POINT('',(35.556130592503,24.821620314389,0.));
#4556 = B_SPLINE_CURVE_WITH_KNOTS('',8,(#4557,#4558,#4559,#4560,#4561,
    #4562,#4563,#4564,#4565,#4566,#4567,#4568,#4569,#4570,#4571,#4572),
  .UNSPECIFIED.,.F.,.F.,(9,7,9),(0.,0.341350418195,1.),.UNSPECIFIED.);
#4557 = CARTESIAN_POINT('',(35.556130592503,24.821620314389,0.));
#4558 = CARTESIAN_POINT('',(35.711250286516,24.821620314389,0.));
#4559 = CARTESIAN_POINT('',(35.868406281011,24.819767897775,0.));
#4560 = CARTESIAN_POINT('',(36.026953361105,24.816556753355,0.));
#4561 = CARTESIAN_POINT('',(36.186532607138,24.812230356472,0.));
#4562 = CARTESIAN_POINT('',(36.346876120095,24.806986358215,0.));
#4563 = CARTESIAN_POINT('',(36.507831551242,24.800952768664,0.));
#4564 = CARTESIAN_POINT('',(36.669314064993,24.79423494555,0.));
#4565 = CARTESIAN_POINT('',(37.143900147093,24.772774632081,0.));
#4566 = CARTESIAN_POINT('',(37.458120697188,24.756391212324,0.));
#4567 = CARTESIAN_POINT('',(37.773470673281,24.738340900711,0.));
#4568 = CARTESIAN_POINT('',(38.089662703196,24.718917876293,0.));
#4569 = CARTESIAN_POINT('',(38.406484055779,24.698356535106,0.));
#4570 = CARTESIAN_POINT('',(38.723810478117,24.676811833498,0.));
#4571 = CARTESIAN_POINT('',(39.041572242538,24.654410229135,0.));
#4572 = CARTESIAN_POINT('',(39.359758162031,24.631245465538,0.));
#4573 = ORIENTED_EDGE('',*,*,#4574,.F.);
#4574 = EDGE_CURVE('',#4575,#4554,#4577,.T.);
#4575 = VERTEX_POINT('',#4576);
#4576 = CARTESIAN_POINT('',(34.747424425635,24.821620314389,0.));
#4577 = LINE('',#4578,#4579);
#4578 = CARTESIAN_POINT('',(17.778065296252,24.821620314389,0.));
#4579 = VECTOR('',#4580,1.);
#4580 = DIRECTION('',(1.,0.,0.));
#4581 = ORIENTED_EDGE('',*,*,#4582,.F.);
#4582 = EDGE_CURVE('',#4583,#4575,#4585,.T.);
#4583 = VERTEX_POINT('',#4584);
#4584 = CARTESIAN_POINT('',(34.367448609432,24.797629987908,0.));
#4585 = B_SPLINE_CURVE_WITH_KNOTS('',6,(#4586,#4587,#4588,#4589,#4590,
    #4591,#4592),.UNSPECIFIED.,.F.,.F.,(7,7),(0.,1.),
  .PIECEWISE_BEZIER_KNOTS.);
#4586 = CARTESIAN_POINT('',(34.367448609432,24.797629987908,0.));
#4587 = CARTESIAN_POINT('',(34.408862788053,24.80596660828,0.));
#4588 = CARTESIAN_POINT('',(34.460005413822,24.812457852235,0.));
#4589 = CARTESIAN_POINT('',(34.520238750525,24.817158856646,0.));
#4590 = CARTESIAN_POINT('',(34.588753936939,24.820173236453,0.));
#4591 = CARTESIAN_POINT('',(34.664733463303,24.821620314389,0.));
#4592 = CARTESIAN_POINT('',(34.747424425635,24.821620314389,0.));
#4593 = ORIENTED_EDGE('',*,*,#4594,.F.);
#4594 = EDGE_CURVE('',#4595,#4583,#4597,.T.);
#4595 = VERTEX_POINT('',#4596);
#4596 = CARTESIAN_POINT('',(34.201064087062,24.797629987908,0.));
#4597 = LINE('',#4598,#4599);
#4598 = CARTESIAN_POINT('',(17.183724304716,24.797629987908,0.));
#4599 = VECTOR('',#4600,1.);
#4600 = DIRECTION('',(1.,0.,0.));
#4601 = ORIENTED_EDGE('',*,*,#4602,.F.);
#4602 = EDGE_CURVE('',#4603,#4595,#4605,.T.);
#4603 = VERTEX_POINT('',#4604);
#4604 = CARTESIAN_POINT('',(33.464328899637,24.560048367594,0.));
#4605 = LINE('',#4606,#4607);
#4606 = CARTESIAN_POINT('',(19.763264331753,20.141742881942,0.));
#4607 = VECTOR('',#4608,1.);
#4608 = DIRECTION('',(0.951736881124,0.30691514969,0.));
#4609 = ORIENTED_EDGE('',*,*,#4610,.F.);
#4610 = EDGE_CURVE('',#4611,#4603,#4613,.T.);
#4611 = VERTEX_POINT('',#4612);
#4612 = CARTESIAN_POINT('',(33.416348246675,24.393663845224,0.));
#4613 = LINE('',#4614,#4615);
#4614 = CARTESIAN_POINT('',(33.170111669113,23.539778939163,0.));
#4615 = VECTOR('',#4616,1.);
#4616 = DIRECTION('',(0.27708130902,0.960846474829,0.));
#4617 = ORIENTED_EDGE('',*,*,#4618,.F.);
#4618 = EDGE_CURVE('',#4619,#4611,#4621,.T.);
#4619 = VERTEX_POINT('',#4620);
#4620 = CARTESIAN_POINT('',(33.356759371221,24.298476420798,0.));
#4621 = B_SPLINE_CURVE_WITH_KNOTS('',5,(#4622,#4623,#4624,#4625,#4626,
    #4627,#4628,#4629,#4630,#4631),.UNSPECIFIED.,.F.,.F.,(6,4,6),(0.,
    0.841610970328,1.),.UNSPECIFIED.);
#4622 = CARTESIAN_POINT('',(33.356759371221,24.298476420798,0.));
#4623 = CARTESIAN_POINT('',(33.360885607919,24.330196865414,0.));
#4624 = CARTESIAN_POINT('',(33.367457642141,24.355531724502,0.));
#4625 = CARTESIAN_POINT('',(33.376534104317,24.374229344303,0.));
#4626 = CARTESIAN_POINT('',(33.38813246575,24.386141817224,0.));
#4627 = CARTESIAN_POINT('',(33.404867549434,24.392220153775,0.));
#4628 = CARTESIAN_POINT('',(33.407606269927,24.392942166378,0.));
#4629 = CARTESIAN_POINT('',(33.410432828467,24.393423368775,0.));
#4630 = CARTESIAN_POINT('',(33.413346936697,24.393663845224,0.));
#4631 = CARTESIAN_POINT('',(33.416348246675,24.393663845224,0.));
#4632 = ORIENTED_EDGE('',*,*,#4633,.F.);
#4633 = EDGE_CURVE('',#4634,#4619,#4636,.T.);
#4634 = VERTEX_POINT('',#4635);
#4635 = CARTESIAN_POINT('',(33.34515114873,24.156082224909,0.));
#4636 = B_SPLINE_CURVE_WITH_KNOTS('',5,(#4637,#4638,#4639,#4640,#4641,
    #4642),.UNSPECIFIED.,.F.,.F.,(6,6),(0.,1.),
  .PIECEWISE_BEZIER_KNOTS.);
#4637 = CARTESIAN_POINT('',(33.34515114873,24.156082224909,0.));
#4638 = CARTESIAN_POINT('',(33.34515114873,24.1750796137,0.));
#4639 = CARTESIAN_POINT('',(33.346326114018,24.19889067158,0.));
#4640 = CARTESIAN_POINT('',(33.348665441488,24.227456439483,0.));
#4641 = CARTESIAN_POINT('',(33.352151093232,24.260688541284,0.));
#4642 = CARTESIAN_POINT('',(33.356759371221,24.298476420798,0.));
#4643 = ORIENTED_EDGE('',*,*,#4644,.F.);
#4644 = EDGE_CURVE('',#4645,#4634,#4647,.T.);
#4645 = VERTEX_POINT('',#4646);
#4646 = CARTESIAN_POINT('',(33.225973397823,22.705828295042,0.));
#4647 = B_SPLINE_CURVE_WITH_KNOTS('',8,(#4648,#4649,#4650,#4651,#4652,
    #4653,#4654,#4655,#4656,#4657,#4658,#4659,#4660,#4661,#4662,#4663),
  .UNSPECIFIED.,.F.,.F.,(9,7,9),(0.,0.653106537696,1.),.UNSPECIFIED.);
#4648 = CARTESIAN_POINT('',(33.225973397823,22.705828295042,0.));
#4649 = CARTESIAN_POINT('',(33.236264901415,22.802767619191,0.));
#4650 = CARTESIAN_POINT('',(33.246464543445,22.907455844429,0.));
#4651 = CARTESIAN_POINT('',(33.256559854047,23.017721428407,0.));
#4652 = CARTESIAN_POINT('',(33.266536324046,23.132177539454,0.));
#4653 = CARTESIAN_POINT('',(33.276388847832,23.249780837596,0.));
#4654 = CARTESIAN_POINT('',(33.286121098591,23.369872400895,0.));
#4655 = CARTESIAN_POINT('',(33.295747634166,23.492074398124,0.));
#4656 = CARTESIAN_POINT('',(33.310364480056,23.68228598983,0.));
#4657 = CARTESIAN_POINT('',(33.315407580027,23.748778573738,0.));
#4658 = CARTESIAN_POINT('',(33.320424480778,23.815730868854,0.));
#4659 = CARTESIAN_POINT('',(33.32541624702,23.883099897278,0.));
#4660 = CARTESIAN_POINT('',(33.330383859103,23.950848751106,0.));
#4661 = CARTESIAN_POINT('',(33.335328253027,24.018945925236,0.));
#4662 = CARTESIAN_POINT('',(33.340250360456,24.087364650187,0.));
#4663 = CARTESIAN_POINT('',(33.34515114873,24.156082224909,0.));
#4664 = ORIENTED_EDGE('',*,*,#4665,.F.);
#4665 = EDGE_CURVE('',#4666,#4645,#4668,.T.);
#4666 = VERTEX_POINT('',#4667);
#4667 = CARTESIAN_POINT('',(33.107569528416,20.82761789601,0.));
#4668 = B_SPLINE_CURVE_WITH_KNOTS('',8,(#4669,#4670,#4671,#4672,#4673,
    #4674,#4675,#4676,#4677,#4678,#4679,#4680,#4681,#4682,#4683,#4684),
  .UNSPECIFIED.,.F.,.F.,(9,7,9),(0.,0.531597687657,1.),.UNSPECIFIED.);
#4669 = CARTESIAN_POINT('',(33.107569528416,20.82761789601,0.));
#4670 = CARTESIAN_POINT('',(33.111959305283,20.936371077757,0.));
#4671 = CARTESIAN_POINT('',(33.117378886212,21.050450286462,0.));
#4672 = CARTESIAN_POINT('',(33.123558648692,21.168275594256,0.));
#4673 = CARTESIAN_POINT('',(33.130346908516,21.288905162056,0.));
#4674 = CARTESIAN_POINT('',(33.137623948591,21.411631839295,0.));
#4675 = CARTESIAN_POINT('',(33.145311076185,21.536028427565,0.));
#4676 = CARTESIAN_POINT('',(33.153351013974,21.661851971349,0.));
#4677 = CARTESIAN_POINT('',(33.169075807993,21.901140717713,0.));
#4678 = CARTESIAN_POINT('',(33.176680741332,22.014167987249,0.));
#4679 = CARTESIAN_POINT('',(33.184493808004,22.127993100483,0.));
#4680 = CARTESIAN_POINT('',(33.192490642921,22.242501635378,0.));
#4681 = CARTESIAN_POINT('',(33.200651733828,22.357603129553,0.));
#4682 = CARTESIAN_POINT('',(33.208961022021,22.473225889643,0.));
#4683 = CARTESIAN_POINT('',(33.217405155963,22.589314252043,0.));
#4684 = CARTESIAN_POINT('',(33.225973397823,22.705828295042,0.));
#4685 = ORIENTED_EDGE('',*,*,#4686,.F.);
#4686 = EDGE_CURVE('',#4687,#4666,#4689,.T.);
#4687 = VERTEX_POINT('',#4688);
#4688 = CARTESIAN_POINT('',(33.059588875453,20.090882708585,0.));
#4689 = B_SPLINE_CURVE_WITH_KNOTS('',6,(#4690,#4691,#4692,#4693,#4694,
    #4695,#4696,#4697,#4698,#4699,#4700,#4701),.UNSPECIFIED.,.F.,.F.,(7,
    5,7),(0.,0.380705408546,1.),.UNSPECIFIED.);
#4690 = CARTESIAN_POINT('',(33.059588875453,20.090882708585,0.));
#4691 = CARTESIAN_POINT('',(33.059588875453,20.11608148849,0.));
#4692 = CARTESIAN_POINT('',(33.060249203586,20.146280803361,0.));
#4693 = CARTESIAN_POINT('',(33.061514831208,20.180930788458,0.));
#4694 = CARTESIAN_POINT('',(33.063318081374,20.219427895171,0.));
#4695 = CARTESIAN_POINT('',(33.065596292381,20.261242901167,0.));
#4696 = CARTESIAN_POINT('',(33.0726881802,20.378681685023,0.));
#4697 = CARTESIAN_POINT('',(33.078192783343,20.459015994035,0.));
#4698 = CARTESIAN_POINT('',(33.084582468693,20.545186345934,0.));
#4699 = CARTESIAN_POINT('',(33.091684880305,20.635882859231,0.));
#4700 = CARTESIAN_POINT('',(33.099374026929,20.730197176726,0.));
#4701 = CARTESIAN_POINT('',(33.107569528416,20.82761789601,0.));
#4702 = ORIENTED_EDGE('',*,*,#4703,.F.);
#4703 = EDGE_CURVE('',#4704,#4687,#4706,.T.);
#4704 = VERTEX_POINT('',#4705);
#4705 = CARTESIAN_POINT('',(32.941185006046,18.783022974607,0.));
#4706 = LINE('',#4707,#4708);
#4707 = CARTESIAN_POINT('',(33.459908607404,24.51271504189,0.));
#4708 = VECTOR('',#4709,1.);
#4709 = DIRECTION('',(9.016380076677E-02,0.995926949646,0.));
#4710 = ORIENTED_EDGE('',*,*,#4711,.F.);
#4711 = EDGE_CURVE('',#4712,#4704,#4714,.T.);
#4712 = VERTEX_POINT('',#4713);
#4713 = CARTESIAN_POINT('',(32.917194679565,18.070278113664,0.));
#4714 = LINE('',#4715,#4716);
#4715 = CARTESIAN_POINT('',(33.144729882448,24.830275592882,0.));
#4716 = VECTOR('',#4717,1.);
#4717 = DIRECTION('',(3.364001568901E-02,0.999434014502,0.));
#4718 = ORIENTED_EDGE('',*,*,#4719,.F.);
#4719 = EDGE_CURVE('',#4720,#4712,#4722,.T.);
#4720 = VERTEX_POINT('',#4721);
#4721 = CARTESIAN_POINT('',(32.893204353083,17.475937122128,0.));
#4722 = B_SPLINE_CURVE_WITH_KNOTS('',6,(#4723,#4724,#4725,#4726,#4727,
    #4728,#4729),.UNSPECIFIED.,.F.,.F.,(7,7),(0.,1.),
  .PIECEWISE_BEZIER_KNOTS.);
#4723 = CARTESIAN_POINT('',(32.893204353083,17.475937122128,0.));
#4724 = CARTESIAN_POINT('',(32.893204353083,17.593576908686,0.));
#4725 = CARTESIAN_POINT('',(32.894584014656,17.705166394305,0.));
#4726 = CARTESIAN_POINT('',(32.897496363531,17.809838671724,0.));
#4727 = CARTESIAN_POINT('',(32.902115674397,17.906473091073,0.));
#4728 = CARTESIAN_POINT('',(32.908628693379,17.993736882261,0.));
#4729 = CARTESIAN_POINT('',(32.917194679565,18.070278113664,0.));
#4730 = ORIENTED_EDGE('',*,*,#4731,.F.);
#4731 = EDGE_CURVE('',#4732,#4720,#4734,.T.);
#4732 = VERTEX_POINT('',#4733);
#4733 = CARTESIAN_POINT('',(32.893204353083,17.261571946796,0.));
#4734 = LINE('',#4735,#4736);
#4735 = CARTESIAN_POINT('',(32.893204353083,24.737968561064,0.));
#4736 = VECTOR('',#4737,1.);
#4737 = DIRECTION('',(0.,1.,0.));
#4738 = ORIENTED_EDGE('',*,*,#4739,.F.);
#4739 = EDGE_CURVE('',#4740,#4732,#4742,.T.);
#4740 = VERTEX_POINT('',#4741);
#4741 = CARTESIAN_POINT('',(32.941185006046,16.881596130593,0.));
#4742 = B_SPLINE_CURVE_WITH_KNOTS('',6,(#4743,#4744,#4745,#4746,#4747,
    #4748,#4749),.UNSPECIFIED.,.F.,.F.,(7,7),(0.,1.),
  .PIECEWISE_BEZIER_KNOTS.);
#4743 = CARTESIAN_POINT('',(32.941185006046,16.881596130593,0.));
#4744 = CARTESIAN_POINT('',(32.941185006046,16.964370840494,0.));
#4745 = CARTESIAN_POINT('',(32.938284981435,17.040422769854,0.));
#4746 = CARTESIAN_POINT('',(32.932243478301,17.10897199395,0.));
#4747 = CARTESIAN_POINT('',(32.922826318988,17.169183177967,0.));
#4748 = CARTESIAN_POINT('',(32.909840424852,17.220250091111,0.));
#4749 = CARTESIAN_POINT('',(32.893204353083,17.261571946796,0.));
#4750 = ORIENTED_EDGE('',*,*,#4751,.F.);
#4751 = EDGE_CURVE('',#4752,#4740,#4754,.T.);
#4752 = VERTEX_POINT('',#4753);
#4753 = CARTESIAN_POINT('',(32.941185006046,16.476856106409,0.));
#4754 = LINE('',#4755,#4756);
#4755 = CARTESIAN_POINT('',(32.941185006046,24.440798065296,0.));
#4756 = VECTOR('',#4757,1.);
#4757 = DIRECTION('',(0.,1.,0.));
#4758 = ORIENTED_EDGE('',*,*,#4759,.F.);
#4759 = EDGE_CURVE('',#4760,#4752,#4762,.T.);
#4760 = VERTEX_POINT('',#4761);
#4761 = CARTESIAN_POINT('',(32.964401451028,16.263264812576,0.));
#4762 = B_SPLINE_CURVE_WITH_KNOTS('',4,(#4763,#4764,#4765,#4766,#4767),
  .UNSPECIFIED.,.F.,.F.,(5,5),(0.,1.),.PIECEWISE_BEZIER_KNOTS.);
#4763 = CARTESIAN_POINT('',(32.964401451028,16.263264812576,0.));
#4764 = CARTESIAN_POINT('',(32.964401451028,16.322198041564,0.));
#4765 = CARTESIAN_POINT('',(32.96056716923,16.377500641641,0.));
#4766 = CARTESIAN_POINT('',(32.952838496231,16.429076796651,0.));
#4767 = CARTESIAN_POINT('',(32.941185006046,16.476856106409,0.));
#4768 = ORIENTED_EDGE('',*,*,#4769,.F.);
#4769 = EDGE_CURVE('',#4770,#4760,#4772,.T.);
#4770 = VERTEX_POINT('',#4771);
#4771 = CARTESIAN_POINT('',(32.941185006046,16.072889963724,0.));
#4772 = LINE('',#4773,#4774);
#4773 = CARTESIAN_POINT('',(33.668364134834,22.035758819785,0.));
#4774 = VECTOR('',#4775,1.);
#4775 = DIRECTION('',(0.121054375311,0.992645877551,0.));
#4776 = ORIENTED_EDGE('',*,*,#4777,.F.);
#4777 = EDGE_CURVE('',#4778,#4770,#4780,.T.);
#4778 = VERTEX_POINT('',#4779);
#4779 = CARTESIAN_POINT('',(32.941185006046,15.83530834341,0.));
#4780 = LINE('',#4781,#4782);
#4781 = CARTESIAN_POINT('',(32.941185006046,24.036444981862,0.));
#4782 = VECTOR('',#4783,1.);
#4783 = DIRECTION('',(0.,1.,0.));
#4784 = ORIENTED_EDGE('',*,*,#4785,.F.);
#4785 = EDGE_CURVE('',#4786,#4778,#4788,.T.);
#4786 = VERTEX_POINT('',#4787);
#4787 = CARTESIAN_POINT('',(32.893204353083,15.573736396614,0.));
#4788 = B_SPLINE_CURVE_WITH_KNOTS('',5,(#4789,#4790,#4791,#4792,#4793,
    #4794),.UNSPECIFIED.,.F.,.F.,(6,6),(0.,1.),
  .PIECEWISE_BEZIER_KNOTS.);
#4789 = CARTESIAN_POINT('',(32.893204353083,15.573736396614,0.));
#4790 = CARTESIAN_POINT('',(32.912648637746,15.612311348445,0.));
#4791 = CARTESIAN_POINT('',(32.927084037479,15.658027705264,0.));
#4792 = CARTESIAN_POINT('',(32.936549564643,15.710667349404,0.));
#4793 = CARTESIAN_POINT('',(32.941185006046,15.769892333684,0.));
#4794 = CARTESIAN_POINT('',(32.941185006046,15.83530834341,0.));
#4795 = ORIENTED_EDGE('',*,*,#4796,.F.);
#4796 = EDGE_CURVE('',#4797,#4786,#4799,.T.);
#4797 = VERTEX_POINT('',#4798);
#4798 = CARTESIAN_POINT('',(32.893204353083,15.431342200726,0.));
#4799 = LINE('',#4800,#4801);
#4800 = CARTESIAN_POINT('',(32.893204353083,23.786868198307,0.));
#4801 = VECTOR('',#4802,1.);
#4802 = DIRECTION('',(0.,1.,0.));
#4803 = ORIENTED_EDGE('',*,*,#4804,.F.);
#4804 = EDGE_CURVE('',#4805,#4797,#4807,.T.);
#4805 = VERTEX_POINT('',#4806);
#4806 = CARTESIAN_POINT('',(32.917194679565,14.83700120919,0.));
#4807 = LINE('',#4808,#4809);
#4808 = CARTESIAN_POINT('',(32.532601956045,24.364975778963,0.));
#4809 = VECTOR('',#4810,1.);
#4810 = DIRECTION('',(-4.033174046156E-02,0.999186344338,-0.));
#4811 = ORIENTED_EDGE('',*,*,#4812,.F.);
#4812 = EDGE_CURVE('',#4813,#4805,#4815,.T.);
#4813 = VERTEX_POINT('',#4814);
#4814 = CARTESIAN_POINT('',(32.941185006046,14.33707376058,0.));
#4815 = B_SPLINE_CURVE_WITH_KNOTS('',6,(#4816,#4817,#4818,#4819,#4820,
    #4821,#4822),.UNSPECIFIED.,.F.,.F.,(7,7),(0.,1.),
  .PIECEWISE_BEZIER_KNOTS.);
#4816 = CARTESIAN_POINT('',(32.941185006046,14.33707376058,0.));
#4817 = CARTESIAN_POINT('',(32.941185006046,14.440818476884,0.));
#4818 = CARTESIAN_POINT('',(32.939792476462,14.53784436771,0.));
#4819 = CARTESIAN_POINT('',(32.936856965221,14.627195909882,0.));
#4820 = CARTESIAN_POINT('',(32.932213629182,14.707698152481,0.));
#4821 = CARTESIAN_POINT('',(32.925697401547,14.778030718021,0.));
#4822 = CARTESIAN_POINT('',(32.917194679565,14.83700120919,0.));
#4823 = ORIENTED_EDGE('',*,*,#4824,.F.);
#4824 = EDGE_CURVE('',#4825,#4813,#4827,.T.);
#4825 = VERTEX_POINT('',#4826);
#4826 = CARTESIAN_POINT('',(32.988391777509,12.982007255139,0.));
#4827 = B_SPLINE_CURVE_WITH_KNOTS('',4,(#4828,#4829,#4830,#4831,#4832),
  .UNSPECIFIED.,.F.,.F.,(5,5),(0.,1.),.PIECEWISE_BEZIER_KNOTS.);
#4828 = CARTESIAN_POINT('',(32.988391777509,12.982007255139,0.));
#4829 = CARTESIAN_POINT('',(32.988391777509,13.314446219468,0.));
#4830 = CARTESIAN_POINT('',(32.97996210962,13.651627542922,0.));
#4831 = CARTESIAN_POINT('',(32.963994117146,13.992693574952,0.));
#4832 = CARTESIAN_POINT('',(32.941185006046,14.33707376058,0.));
#4833 = ORIENTED_EDGE('',*,*,#4834,.F.);
#4834 = EDGE_CURVE('',#4835,#4825,#4837,.T.);
#4835 = VERTEX_POINT('',#4836);
#4836 = CARTESIAN_POINT('',(32.988391777509,12.744425634825,0.));
#4837 = LINE('',#4838,#4839);
#4838 = CARTESIAN_POINT('',(32.988391777509,22.49100362757,0.));
#4839 = VECTOR('',#4840,1.);
#4840 = DIRECTION('',(0.,1.,0.));
#4841 = ORIENTED_EDGE('',*,*,#4842,.F.);
#4842 = EDGE_CURVE('',#4843,#4835,#4845,.T.);
#4843 = VERTEX_POINT('',#4844);
#4844 = CARTESIAN_POINT('',(32.964401451028,12.435646916566,0.));
#4845 = B_SPLINE_CURVE_WITH_KNOTS('',6,(#4846,#4847,#4848,#4849,#4850,
    #4851,#4852),.UNSPECIFIED.,.F.,.F.,(7,7),(0.,1.),
  .PIECEWISE_BEZIER_KNOTS.);
#4846 = CARTESIAN_POINT('',(32.964401451028,12.435646916566,0.));
#4847 = CARTESIAN_POINT('',(32.964401451028,12.510816809736,0.));
#4848 = CARTESIAN_POINT('',(32.965842395669,12.577848139379,0.));
#4849 = CARTESIAN_POINT('',(32.968857691642,12.635712101323,0.));
#4850 = CARTESIAN_POINT('',(32.973572738051,12.683337655988,0.));
#4851 = CARTESIAN_POINT('',(32.980080561927,12.719760091806,0.));
#4852 = CARTESIAN_POINT('',(32.988391777509,12.744425634825,0.));
#4853 = ORIENTED_EDGE('',*,*,#4854,.F.);
#4854 = EDGE_CURVE('',#4855,#4843,#4857,.T.);
#4855 = VERTEX_POINT('',#4856);
#4856 = CARTESIAN_POINT('',(32.964401451028,11.865296251511,0.));
#4857 = LINE('',#4858,#4859);
#4858 = CARTESIAN_POINT('',(32.964401451028,22.217823458283,0.));
#4859 = VECTOR('',#4860,1.);
#4860 = DIRECTION('',(0.,1.,0.));
#4861 = ORIENTED_EDGE('',*,*,#4862,.F.);
#4862 = EDGE_CURVE('',#4863,#4855,#4865,.T.);
#4863 = VERTEX_POINT('',#4864);
#4864 = CARTESIAN_POINT('',(32.893204353083,11.722128174123,0.));
#4865 = B_SPLINE_CURVE_WITH_KNOTS('',5,(#4866,#4867,#4868,#4869,#4870,
    #4871),.UNSPECIFIED.,.F.,.F.,(6,6),(0.,1.),
  .PIECEWISE_BEZIER_KNOTS.);
#4866 = CARTESIAN_POINT('',(32.893204353083,11.722128174123,0.));
#4867 = CARTESIAN_POINT('',(32.893204353083,11.750704044537,0.));
#4868 = CARTESIAN_POINT('',(32.900372649773,11.779356700472,0.));
#4869 = CARTESIAN_POINT('',(32.91470818268,11.808037222058,0.));
#4870 = CARTESIAN_POINT('',(32.936111402438,11.836698702394,0.));
#4871 = CARTESIAN_POINT('',(32.964401451028,11.865296251511,0.));
#4872 = ORIENTED_EDGE('',*,*,#4873,.F.);
#4873 = EDGE_CURVE('',#4874,#4863,#4876,.T.);
#4874 = VERTEX_POINT('',#4875);
#4875 = CARTESIAN_POINT('',(33.487545344619,11.246964933495,0.));
#4876 = B_SPLINE_CURVE_WITH_KNOTS('',6,(#4877,#4878,#4879,#4880,#4881,
    #4882,#4883,#4884,#4885,#4886,#4887,#4888,#4889,#4890,#4891,#4892,
    #4893,#4894,#4895,#4896,#4897,#4898),.UNSPECIFIED.,.F.,.F.,(7,5,5,5,
    7),(0.,0.397481762694,0.560312661933,0.851031498577,1.),
  .UNSPECIFIED.);
#4877 = CARTESIAN_POINT('',(33.487545344619,11.246964933495,0.));
#4878 = CARTESIAN_POINT('',(33.422643038498,11.262514444336,0.));
#4879 = CARTESIAN_POINT('',(33.359784770189,11.279955064083,0.));
#4880 = CARTESIAN_POINT('',(33.299316217337,11.299508323849,0.));
#4881 = CARTESIAN_POINT('',(33.241753637607,11.321417999978,0.));
#4882 = CARTESIAN_POINT('',(33.187777896761,11.34594494571,0.));
#4883 = CARTESIAN_POINT('',(33.117848255637,11.38453207902,0.));
#4884 = CARTESIAN_POINT('',(33.098262149746,11.396221877144,0.));
#4885 = CARTESIAN_POINT('',(33.07946750993,11.408401889619,0.));
#4886 = CARTESIAN_POINT('',(33.061524044264,11.421084054685,0.));
#4887 = CARTESIAN_POINT('',(33.044492942633,11.434276565872,0.));
#4888 = CARTESIAN_POINT('',(32.999762767994,11.472452576262,0.));
#4889 = CARTESIAN_POINT('',(32.97418171513,11.498566770608,0.));
#4890 = CARTESIAN_POINT('',(32.952051608531,11.526327875278,0.));
#4891 = CARTESIAN_POINT('',(32.933690631221,11.555693765901,0.));
#4892 = CARTESIAN_POINT('',(32.919317663349,11.586553487303,0.));
#4893 = CARTESIAN_POINT('',(32.903706122534,11.635177680384,0.));
#4894 = CARTESIAN_POINT('',(32.899479644471,11.651992932985,0.));
#4895 = CARTESIAN_POINT('',(32.896324314986,11.669123846559,0.));
#4896 = CARTESIAN_POINT('',(32.894236982292,11.686542967654,0.));
#4897 = CARTESIAN_POINT('',(32.893204353083,11.704221200851,0.));
#4898 = CARTESIAN_POINT('',(32.893204353083,11.722128174123,0.));
#4899 = ORIENTED_EDGE('',*,*,#4900,.F.);
#4900 = EDGE_CURVE('',#4901,#4874,#4903,.T.);
#4901 = VERTEX_POINT('',#4902);
#4902 = CARTESIAN_POINT('',(34.367448609432,11.151777509069,0.));
#4903 = B_SPLINE_CURVE_WITH_KNOTS('',7,(#4904,#4905,#4906,#4907,#4908,
    #4909,#4910,#4911),.UNSPECIFIED.,.F.,.F.,(8,8),(0.,1.),
  .PIECEWISE_BEZIER_KNOTS.);
#4904 = CARTESIAN_POINT('',(34.367448609432,11.151777509069,0.));
#4905 = CARTESIAN_POINT('',(34.223292461968,11.151777509069,0.));
#4906 = CARTESIAN_POINT('',(34.083461622542,11.155324713271,0.));
#4907 = CARTESIAN_POINT('',(33.948599162505,11.162896449375,0.));
#4908 = CARTESIAN_POINT('',(33.819820540226,11.175097000072,0.));
#4909 = CARTESIAN_POINT('',(33.698683147917,11.192637803967,0.));
#4910 = CARTESIAN_POINT('',(33.587174645124,11.216328923589,0.));
#4911 = CARTESIAN_POINT('',(33.487545344619,11.246964933495,0.));
#4912 = ORIENTED_EDGE('',*,*,#4913,.F.);
#4913 = EDGE_CURVE('',#4914,#4901,#4916,.T.);
#4914 = VERTEX_POINT('',#4915);
#4915 = CARTESIAN_POINT('',(42.688222490931,11.532527206771,0.));
#4916 = B_SPLINE_CURVE_WITH_KNOTS('',7,(#4917,#4918,#4919,#4920,#4921,
    #4922,#4923,#4924,#4925,#4926,#4927,#4928,#4929,#4930,#4931,#4932,
    #4933,#4934,#4935,#4936),.UNSPECIFIED.,.F.,.F.,(8,6,6,8),(0.,
    0.17280971285,0.378378381588,1.),.UNSPECIFIED.);
#4917 = CARTESIAN_POINT('',(42.688222490931,11.532527206771,0.));
#4918 = CARTESIAN_POINT('',(42.486101822241,11.504625026919,0.));
#4919 = CARTESIAN_POINT('',(42.283395903967,11.479047427951,0.));
#4920 = CARTESIAN_POINT('',(42.080224845346,11.455460972851,0.));
#4921 = CARTESIAN_POINT('',(41.876676301988,11.433627254316,0.));
#4922 = CARTESIAN_POINT('',(41.672814835478,11.413360743629,0.));
#4923 = CARTESIAN_POINT('',(41.468686773368,11.394506541528,0.));
#4924 = CARTESIAN_POINT('',(41.021213352072,11.35603911715,0.));
#4925 = CARTESIAN_POINT('',(40.777779143602,11.336960069381,0.));
#4926 = CARTESIAN_POINT('',(40.534075765923,11.319487158679,0.));
#4927 = CARTESIAN_POINT('',(40.290147730857,11.303457171331,0.));
#4928 = CARTESIAN_POINT('',(40.046029288299,11.288738174002,0.));
#4929 = CARTESIAN_POINT('',(39.801746147186,11.275218523447,0.));
#4930 = CARTESIAN_POINT('',(38.818180154838,11.225264056869,0.));
#4931 = CARTESIAN_POINT('',(38.077760315534,11.197831403769,0.));
#4932 = CARTESIAN_POINT('',(37.336525220315,11.177903900047,0.));
#4933 = CARTESIAN_POINT('',(36.594744435178,11.164215229079,0.));
#4934 = CARTESIAN_POINT('',(35.852598861065,11.155735739123,0.));
#4935 = CARTESIAN_POINT('',(35.110166737004,11.151777509069,0.));
#4936 = CARTESIAN_POINT('',(34.367448609432,11.151777509069,0.));
#4937 = ORIENTED_EDGE('',*,*,#4938,.F.);
#4938 = EDGE_CURVE('',#4939,#4914,#4941,.T.);
#4939 = VERTEX_POINT('',#4940);
#4940 = CARTESIAN_POINT('',(46.491850060459,12.83961305925,0.));
#4941 = B_SPLINE_CURVE_WITH_KNOTS('',7,(#4942,#4943,#4944,#4945,#4946,
    #4947,#4948,#4949,#4950,#4951,#4952,#4953,#4954,#4955,#4956,#4957,
    #4958,#4959,#4960,#4961),.UNSPECIFIED.,.F.,.F.,(8,6,6,8),(0.,
    0.233422367638,0.513697317584,1.),.UNSPECIFIED.);
#4942 = CARTESIAN_POINT('',(46.491850060459,12.83961305925,0.));
#4943 = CARTESIAN_POINT('',(46.391100283865,12.754193220355,0.));
#4944 = CARTESIAN_POINT('',(46.285335107563,12.674017974467,0.));
#4945 = CARTESIAN_POINT('',(46.175380425406,12.598771924903,0.));
#4946 = CARTESIAN_POINT('',(46.06195215639,12.528111974723,0.));
#4947 = CARTESIAN_POINT('',(45.945637311987,12.461691546145,0.));
#4948 = CARTESIAN_POINT('',(45.826883992087,12.399173605447,0.));
#4949 = CARTESIAN_POINT('',(45.560852831124,12.269460709951,0.));
#4950 = CARTESIAN_POINT('',(45.412695651525,12.203875814011,0.));
#4951 = CARTESIAN_POINT('',(45.262100003451,12.142924538039,0.));
#4952 = CARTESIAN_POINT('',(45.109517114861,12.086154655653,0.));
#4953 = CARTESIAN_POINT('',(44.95529562434,12.033179382387,0.));
#4954 = CARTESIAN_POINT('',(44.799691097135,11.983657583284,0.));
#4955 = CARTESIAN_POINT('',(44.370764598186,11.856837418706,0.));
#4956 = CARTESIAN_POINT('',(44.095125485909,11.785919111718,0.));
#4957 = CARTESIAN_POINT('',(43.816880921916,11.722971574912,0.));
#4958 = CARTESIAN_POINT('',(43.536686795633,11.666933461378,0.));
#4959 = CARTESIAN_POINT('',(43.25501235475,11.616948281261,0.));
#4960 = CARTESIAN_POINT('',(42.972147564947,11.572335091221,0.));
#4961 = CARTESIAN_POINT('',(42.688222490931,11.532527206771,0.));
#4962 = ORIENTED_EDGE('',*,*,#4963,.F.);
#4963 = EDGE_CURVE('',#4964,#4939,#4966,.T.);
#4964 = VERTEX_POINT('',#4965);
#4965 = CARTESIAN_POINT('',(47.16977025393,13.898282950423,0.));
#4966 = B_SPLINE_CURVE_WITH_KNOTS('',5,(#4967,#4968,#4969,#4970,#4971,
    #4972,#4973,#4974,#4975,#4976),.UNSPECIFIED.,.F.,.F.,(6,4,6),(0.,
    0.388680471704,1.),.UNSPECIFIED.);
#4967 = CARTESIAN_POINT('',(47.16977025393,13.898282950423,0.));
#4968 = CARTESIAN_POINT('',(47.138501822112,13.804357852548,0.));
#4969 = CARTESIAN_POINT('',(47.102952256774,13.712217020443,0.));
#4970 = CARTESIAN_POINT('',(47.063083325097,13.622078821563,0.));
#4971 = CARTESIAN_POINT('',(47.018918119749,13.534142304696,0.));
#4972 = CARTESIAN_POINT('',(46.894489247935,13.3140080304,0.));
#4973 = CARTESIAN_POINT('',(46.808028962154,13.185291899054,0.));
#4974 = CARTESIAN_POINT('',(46.711564891474,13.063132556296,0.));
#4975 = CARTESIAN_POINT('',(46.605855089983,12.94787149379,0.));
#4976 = CARTESIAN_POINT('',(46.491850060459,12.83961305925,0.));
#4977 = ORIENTED_EDGE('',*,*,#4978,.F.);
#4978 = EDGE_CURVE('',#4979,#4964,#4981,.T.);
#4979 = VERTEX_POINT('',#4980);
#4980 = CARTESIAN_POINT('',(47.320171630318,14.553042627218,
    -2.22044604925E-16));
#4981 = B_SPLINE_CURVE_WITH_KNOTS('',5,(#4982,#4983,#4984,#4985,#4986,
    #4987),.UNSPECIFIED.,.F.,.F.,(6,6),(0.,1.),
  .PIECEWISE_BEZIER_KNOTS.);
#4982 = CARTESIAN_POINT('',(47.320171752804,14.553043488491,0.));
#4983 = CARTESIAN_POINT('',(47.300812552366,14.41691710979,0.));
#4984 = CARTESIAN_POINT('',(47.276493439294,14.282927901343,0.));
#4985 = CARTESIAN_POINT('',(47.246816614744,14.151469183568,0.));
#4986 = CARTESIAN_POINT('',(47.211361441754,14.023056513896,0.));
#4987 = CARTESIAN_POINT('',(47.16977025393,13.898282950423,0.));
#4988 = ORIENTED_EDGE('',*,*,#4989,.T.);
#4989 = EDGE_CURVE('',#4979,#4990,#4992,.T.);
#4990 = VERTEX_POINT('',#4991);
#4991 = CARTESIAN_POINT('',(41.933125155575,14.553042627218,
    -2.22044604925E-16));
#4992 = LINE('',#4993,#4994);
#4993 = CARTESIAN_POINT('',(20.345552805662,14.553042627218,0.));
#4994 = VECTOR('',#4995,1.);
#4995 = DIRECTION('',(-1.,0.,-0.));
#4996 = ORIENTED_EDGE('',*,*,#4997,.F.);
#4997 = EDGE_CURVE('',#4998,#4990,#5000,.T.);
#4998 = VERTEX_POINT('',#4999);
#4999 = CARTESIAN_POINT('',(41.618718258767,14.052285368803,0.));
#5000 = B_SPLINE_CURVE_WITH_KNOTS('',5,(#5001,#5002,#5003,#5004,#5005,
    #5006,#5007,#5008,#5009,#5010),.UNSPECIFIED.,.F.,.F.,(6,4,6),(0.,
    0.467717650003,1.),.UNSPECIFIED.);
#5001 = CARTESIAN_POINT('',(41.618718258767,14.052285368803,0.));
#5002 = CARTESIAN_POINT('',(41.658401896137,14.091969006173,0.));
#5003 = CARTESIAN_POINT('',(41.695893239838,14.133474420866,0.));
#5004 = CARTESIAN_POINT('',(41.731057390599,14.176765551736,0.));
#5005 = CARTESIAN_POINT('',(41.763789263123,14.221776533746,0.));
#5006 = CARTESIAN_POINT('',(41.828429442926,14.321470198432,0.));
#5007 = CARTESIAN_POINT('',(41.859602529391,14.376633645133,0.));
#5008 = CARTESIAN_POINT('',(41.887442464946,14.433743836187,0.));
#5009 = CARTESIAN_POINT('',(41.911934002529,14.492615945034,0.));
#5010 = CARTESIAN_POINT('',(41.933125383824,14.55304327807,0.));
#5011 = ORIENTED_EDGE('',*,*,#5012,.F.);
#5012 = EDGE_CURVE('',#5013,#4998,#5015,.T.);
#5013 = VERTEX_POINT('',#5014);
#5014 = CARTESIAN_POINT('',(40.738814993954,13.766723095526,0.));
#5015 = B_SPLINE_CURVE_WITH_KNOTS('',6,(#5016,#5017,#5018,#5019,#5020,
    #5021,#5022,#5023,#5024,#5025,#5026,#5027),.UNSPECIFIED.,.F.,.F.,(7,
    5,7),(0.,0.799697227374,1.),.UNSPECIFIED.);
#5016 = CARTESIAN_POINT('',(40.738814993954,13.766723095526,0.));
#5017 = CARTESIAN_POINT('',(40.871297036097,13.766723095526,0.));
#5018 = CARTESIAN_POINT('',(41.000802031839,13.77771133423,0.));
#5019 = CARTESIAN_POINT('',(41.126213691821,13.800752467351,0.));
#5020 = CARTESIAN_POINT('',(41.246331882325,13.836685755021,0.));
#5021 = CARTESIAN_POINT('',(41.359991832914,13.885847708119,0.));
#5022 = CARTESIAN_POINT('',(41.492847544394,13.963142227389,0.));
#5023 = CARTESIAN_POINT('',(41.518996072455,13.979419606482,0.));
#5024 = CARTESIAN_POINT('',(41.544668247883,13.996484149551,0.));
#5025 = CARTESIAN_POINT('',(41.569852339596,14.014325527477,0.));
#5026 = CARTESIAN_POINT('',(41.594538398756,14.032930990616,0.));
#5027 = CARTESIAN_POINT('',(41.618718258767,14.052285368803,0.));
#5028 = ORIENTED_EDGE('',*,*,#5029,.F.);
#5029 = EDGE_CURVE('',#5030,#5013,#5032,.T.);
#5030 = VERTEX_POINT('',#5031);
#5031 = CARTESIAN_POINT('',(39.716517533253,13.766723095526,0.));
#5032 = LINE('',#5033,#5034);
#5033 = CARTESIAN_POINT('',(20.369407496977,13.766723095526,0.));
#5034 = VECTOR('',#5035,1.);
#5035 = DIRECTION('',(1.,0.,0.));
#5036 = ORIENTED_EDGE('',*,*,#5037,.F.);
#5037 = EDGE_CURVE('',#5038,#5030,#5040,.T.);
#5038 = VERTEX_POINT('',#5039);
#5039 = CARTESIAN_POINT('',(39.66931076179,14.741813784764,0.));
#5040 = B_SPLINE_CURVE_WITH_KNOTS('',7,(#5041,#5042,#5043,#5044,#5045,
    #5046,#5047,#5048),.UNSPECIFIED.,.F.,.F.,(8,8),(0.,1.),
  .PIECEWISE_BEZIER_KNOTS.);
#5041 = CARTESIAN_POINT('',(39.66931076179,14.741813784764,0.));
#5042 = CARTESIAN_POINT('',(39.68069033655,14.581380435683,0.));
#5043 = CARTESIAN_POINT('',(39.690991971389,14.425652432206,0.));
#5044 = CARTESIAN_POINT('',(39.700064721422,14.275017513806,0.));
#5045 = CARTESIAN_POINT('',(39.707638055092,14.130829633611,0.));
#5046 = CARTESIAN_POINT('',(39.713302342083,13.995509924084,0.));
#5047 = CARTESIAN_POINT('',(39.716517533253,13.872498986055,0.));
#5048 = CARTESIAN_POINT('',(39.716517533253,13.766723095526,0.));
#5049 = ORIENTED_EDGE('',*,*,#5050,.F.);
#5050 = EDGE_CURVE('',#5051,#5038,#5053,.T.);
#5051 = VERTEX_POINT('',#5052);
#5052 = CARTESIAN_POINT('',(39.645320435308,15.240967351874,0.));
#5053 = LINE('',#5054,#5055);
#5054 = CARTESIAN_POINT('',(39.209823343728,24.302116515402,0.));
#5055 = VECTOR('',#5056,1.);
#5056 = DIRECTION('',(4.800660088686E-02,-0.998847018452,0.));
#5057 = ORIENTED_EDGE('',*,*,#5058,.F.);
#5058 = EDGE_CURVE('',#5059,#5051,#5061,.T.);
#5059 = VERTEX_POINT('',#5060);
#5060 = CARTESIAN_POINT('',(39.597339782346,16.714437726723,0.));
#5061 = B_SPLINE_CURVE_WITH_KNOTS('',8,(#5062,#5063,#5064,#5065,#5066,
    #5067,#5068,#5069,#5070,#5071,#5072,#5073,#5074,#5075,#5076,#5077),
  .UNSPECIFIED.,.F.,.F.,(9,7,9),(0.,0.82696634829,1.),.UNSPECIFIED.);
#5062 = CARTESIAN_POINT('',(39.597339782346,16.714437726723,0.));
#5063 = CARTESIAN_POINT('',(39.597339782346,16.548889997803,0.));
#5064 = CARTESIAN_POINT('',(39.598093837412,16.385203598385,0.));
#5065 = CARTESIAN_POINT('',(39.599702579934,16.223442065813,0.));
#5066 = CARTESIAN_POINT('',(39.602302001491,16.063936281884,0.));
#5067 = CARTESIAN_POINT('',(39.606059274055,15.90726808095,0.));
#5068 = CARTESIAN_POINT('',(39.611213954096,15.754392088395,0.));
#5069 = CARTESIAN_POINT('',(39.618060472075,15.606582352988,0.));
#5070 = CARTESIAN_POINT('',(39.629031424959,15.436522702768,0.));
#5071 = CARTESIAN_POINT('',(39.631026753937,15.407418263262,0.));
#5072 = CARTESIAN_POINT('',(39.633123740588,15.37865693176,0.));
#5073 = CARTESIAN_POINT('',(39.635327357853,15.35026320381,0.));
#5074 = CARTESIAN_POINT('',(39.637642920602,15.322264716211,0.));
#5075 = CARTESIAN_POINT('',(39.64007612734,15.294692397949,0.));
#5076 = CARTESIAN_POINT('',(39.642633101931,15.267580621123,0.));
#5077 = CARTESIAN_POINT('',(39.645320435308,15.240967351874,0.));
#5078 = ORIENTED_EDGE('',*,*,#5079,.F.);
#5079 = EDGE_CURVE('',#5080,#5059,#5082,.T.);
#5080 = VERTEX_POINT('',#5081);
#5081 = CARTESIAN_POINT('',(40.430036275695,16.596033857316,0.));
#5082 = B_SPLINE_CURVE_WITH_KNOTS('',6,(#5083,#5084,#5085,#5086,#5087,
    #5088,#5089),.UNSPECIFIED.,.F.,.F.,(7,7),(0.,1.),
  .PIECEWISE_BEZIER_KNOTS.);
#5083 = CARTESIAN_POINT('',(40.430036275695,16.596033857316,0.));
#5084 = CARTESIAN_POINT('',(40.274059688935,16.631336250473,0.));
#5085 = CARTESIAN_POINT('',(40.123044549983,16.661779137679,0.));
#5086 = CARTESIAN_POINT('',(39.977894637167,16.686578376893,0.));
#5087 = CARTESIAN_POINT('',(39.840236361915,16.704616988243,0.));
#5088 = CARTESIAN_POINT('',(39.712430001053,16.714437726723,0.));
#5089 = CARTESIAN_POINT('',(39.597339782346,16.714437726723,0.));
#5090 = ORIENTED_EDGE('',*,*,#5091,.F.);
#5091 = EDGE_CURVE('',#5092,#5080,#5094,.T.);
#5092 = VERTEX_POINT('',#5093);
#5093 = CARTESIAN_POINT('',(41.142781136638,16.310471584039,0.));
#5094 = B_SPLINE_CURVE_WITH_KNOTS('',7,(#5095,#5096,#5097,#5098,#5099,
    #5100,#5101,#5102),.UNSPECIFIED.,.F.,.F.,(8,8),(0.,1.),
  .PIECEWISE_BEZIER_KNOTS.);
#5095 = CARTESIAN_POINT('',(41.142781136638,16.310471584039,0.));
#5096 = CARTESIAN_POINT('',(41.073924651364,16.356625387574,0.));
#5097 = CARTESIAN_POINT('',(40.990342073875,16.400998954814,0.));
#5098 = CARTESIAN_POINT('',(40.894538633155,16.443489758897,0.));
#5099 = CARTESIAN_POINT('',(40.788929313036,16.484124615692,0.));
#5100 = CARTESIAN_POINT('',(40.675451799331,16.522991238343,0.));
#5101 = CARTESIAN_POINT('',(40.555536541719,16.560232231039,0.));
#5102 = CARTESIAN_POINT('',(40.430036275695,16.596033857316,0.));
#5103 = ORIENTED_EDGE('',*,*,#5104,.F.);
#5104 = EDGE_CURVE('',#5105,#5092,#5107,.T.);
#5105 = VERTEX_POINT('',#5106);
#5106 = CARTESIAN_POINT('',(41.761112454655,15.83530834341,0.));
#5107 = B_SPLINE_CURVE_WITH_KNOTS('',5,(#5108,#5109,#5110,#5111,#5112,
    #5113),.UNSPECIFIED.,.F.,.F.,(6,6),(0.,1.),
  .PIECEWISE_BEZIER_KNOTS.);
#5108 = CARTESIAN_POINT('',(41.761112454655,15.83530834341,0.));
#5109 = CARTESIAN_POINT('',(41.654332931859,15.942087866206,0.));
#5110 = CARTESIAN_POINT('',(41.538507762023,16.04300136356,0.));
#5111 = CARTESIAN_POINT('',(41.414199188492,16.137973207751,0.));
#5112 = CARTESIAN_POINT('',(41.282070532984,16.227079233949,0.));
#5113 = CARTESIAN_POINT('',(41.142781136638,16.310471584039,0.));
#5114 = ORIENTED_EDGE('',*,*,#5115,.F.);
#5115 = EDGE_CURVE('',#5116,#5105,#5118,.T.);
#5116 = VERTEX_POINT('',#5117);
#5117 = CARTESIAN_POINT('',(41.824832409561,15.753042627218,
    -2.22044604925E-16));
#5118 = B_SPLINE_CURVE_WITH_KNOTS('',4,(#5119,#5120,#5121,#5122,#5123),
  .UNSPECIFIED.,.F.,.F.,(5,5),(0.,1.),.PIECEWISE_BEZIER_KNOTS.);
#5119 = CARTESIAN_POINT('',(41.824832682551,15.753042240993,0.));
#5120 = CARTESIAN_POINT('',(41.809935629178,15.774118497318,0.));
#5121 = CARTESIAN_POINT('',(41.794337502666,15.794858751182,0.));
#5122 = CARTESIAN_POINT('',(41.77805620577,15.815256566942,0.));
#5123 = CARTESIAN_POINT('',(41.761112454655,15.83530834341,0.));
#5124 = ORIENTED_EDGE('',*,*,#5125,.F.);
#5125 = EDGE_CURVE('',#5126,#5116,#5128,.T.);
#5126 = VERTEX_POINT('',#5127);
#5127 = CARTESIAN_POINT('',(47.352095217713,15.753042627218,
    -2.22044604925E-16));
#5128 = LINE('',#5129,#5130);
#5129 = CARTESIAN_POINT('',(20.345552805662,15.753042627218,0.));
#5130 = VECTOR('',#5131,1.);
#5131 = DIRECTION('',(-1.,0.,-0.));
#5132 = ORIENTED_EDGE('',*,*,#5133,.F.);
#5133 = EDGE_CURVE('',#5134,#5126,#5136,.T.);
#5134 = VERTEX_POINT('',#5135);
#5135 = CARTESIAN_POINT('',(46.611027811366,17.570350665054,0.));
#5136 = B_SPLINE_CURVE_WITH_KNOTS('',5,(#5137,#5138,#5139,#5140,#5141,
    #5142,#5143,#5144,#5145,#5146,#5147,#5148,#5149,#5150),
  .UNSPECIFIED.,.F.,.F.,(6,4,4,6),(0.,0.296513414647,0.641915997644,1.),
  .UNSPECIFIED.);
#5137 = CARTESIAN_POINT('',(46.611027811366,17.570350665054,0.));
#5138 = CARTESIAN_POINT('',(46.687134428893,17.479998251368,0.));
#5139 = CARTESIAN_POINT('',(46.759041284812,17.38630506155,0.));
#5140 = CARTESIAN_POINT('',(46.826438946378,17.289393675553,0.));
#5141 = CARTESIAN_POINT('',(46.889083691369,17.189453992913,0.));
#5142 = CARTESIAN_POINT('',(47.014081452919,16.967134267598,0.));
#5143 = CARTESIAN_POINT('',(47.074689748199,16.843759778585,0.));
#5144 = CARTESIAN_POINT('',(47.128400038248,16.717073608905,0.));
#5145 = CARTESIAN_POINT('',(47.17519052816,16.58756900587,0.));
#5146 = CARTESIAN_POINT('',(47.256673914292,16.319123503746,0.));
#5147 = CARTESIAN_POINT('',(47.290862545542,16.180000055792,0.));
#5148 = CARTESIAN_POINT('',(47.317920427585,16.038956298258,0.));
#5149 = CARTESIAN_POINT('',(47.338197467833,15.896498220392,0.));
#5150 = CARTESIAN_POINT('',(47.352095364459,15.75304111248,0.));
#5151 = ORIENTED_EDGE('',*,*,#5152,.F.);
#5152 = EDGE_CURVE('',#5153,#5134,#5155,.T.);
#5153 = VERTEX_POINT('',#5154);
#5154 = CARTESIAN_POINT('',(45.445562273277,18.403047158404,0.));
#5155 = B_SPLINE_CURVE_WITH_KNOTS('',5,(#5156,#5157,#5158,#5159,#5160,
    #5161,#5162,#5163,#5164,#5165),.UNSPECIFIED.,.F.,.F.,(6,4,6),(0.,
    0.504523529334,1.),.UNSPECIFIED.);
#5156 = CARTESIAN_POINT('',(45.445562273277,18.403047158404,0.));
#5157 = CARTESIAN_POINT('',(45.576883662192,18.337462724916,0.));
#5158 = CARTESIAN_POINT('',(45.705268959545,18.267259801338,0.));
#5159 = CARTESIAN_POINT('',(45.830442890764,18.192368040433,0.));
#5160 = CARTESIAN_POINT('',(45.952132417428,18.112762480178,0.));
#5161 = CARTESIAN_POINT('',(46.185921763223,17.945725736436,0.));
#5162 = CARTESIAN_POINT('',(46.29815689565,17.858458737064,0.));
#5163 = CARTESIAN_POINT('',(46.406548615351,17.766731327394,0.));
#5164 = CARTESIAN_POINT('',(46.510892207656,17.670641517763,0.));
#5165 = CARTESIAN_POINT('',(46.611027811366,17.570350665054,0.));
#5166 = ORIENTED_EDGE('',*,*,#5167,.F.);
#5167 = EDGE_CURVE('',#5168,#5153,#5170,.T.);
#5168 = VERTEX_POINT('',#5169);
#5169 = CARTESIAN_POINT('',(46.278258766626,19.82931076179,0.));
#5170 = B_SPLINE_CURVE_WITH_KNOTS('',8,(#5171,#5172,#5173,#5174,#5175,
    #5176,#5177,#5178,#5179,#5180,#5181,#5182,#5183,#5184,#5185,#5186,
    #5187,#5188,#5189,#5190,#5191,#5192,#5193),.UNSPECIFIED.,.F.,.F.,(9,
    7,7,9),(0.,0.622407357656,0.971050968898,1.),.UNSPECIFIED.);
#5171 = CARTESIAN_POINT('',(46.278258766626,19.82931076179,0.));
#5172 = CARTESIAN_POINT('',(46.201649795184,19.710399193321,0.));
#5173 = CARTESIAN_POINT('',(46.125989296151,19.592016159499,0.));
#5174 = CARTESIAN_POINT('',(46.051349320481,19.474149438545,0.));
#5175 = CARTESIAN_POINT('',(45.977893434609,19.356886549238,0.));
#5176 = CARTESIAN_POINT('',(45.905867165001,19.24040742893,0.));
#5177 = CARTESIAN_POINT('',(45.835668293802,19.125030168807,0.));
#5178 = CARTESIAN_POINT('',(45.767813079305,19.011188574428,0.));
#5179 = CARTESIAN_POINT('',(45.667062813649,18.837120434436,0.));
#5180 = CARTESIAN_POINT('',(45.632003475508,18.775483379201,0.));
#5181 = CARTESIAN_POINT('',(45.59815039467,18.714717690047,0.));
#5182 = CARTESIAN_POINT('',(45.565704996619,18.654979968184,0.));
#5183 = CARTESIAN_POINT('',(45.53501101793,18.596602503706,0.));
#5184 = CARTESIAN_POINT('',(45.506546969468,18.540086389561,0.));
#5185 = CARTESIAN_POINT('',(45.480959419027,18.48612889134,0.));
#5186 = CARTESIAN_POINT('',(45.457413623735,18.431574186842,0.));
#5187 = CARTESIAN_POINT('',(45.455635243083,18.42741700886,0.));
#5188 = CARTESIAN_POINT('',(45.453884265321,18.423285901237,0.));
#5189 = CARTESIAN_POINT('',(45.452161297428,18.419181573265,0.));
#5190 = CARTESIAN_POINT('',(45.450466963788,18.415104760371,0.));
#5191 = CARTESIAN_POINT('',(45.448801906187,18.411056224113,0.));
#5192 = CARTESIAN_POINT('',(45.447166783818,18.407036752183,0.));
#5193 = CARTESIAN_POINT('',(45.445562273277,18.403047158404,0.));
#5194 = ORIENTED_EDGE('',*,*,#5195,.F.);
#5195 = EDGE_CURVE('',#5196,#5168,#5198,.T.);
#5196 = VERTEX_POINT('',#5197);
#5197 = CARTESIAN_POINT('',(46.551438935913,20.186070133011,0.));
#5198 = B_SPLINE_CURVE_WITH_KNOTS('',4,(#5199,#5200,#5201,#5202,#5203),
  .UNSPECIFIED.,.F.,.F.,(5,5),(0.,1.),.PIECEWISE_BEZIER_KNOTS.);
#5199 = CARTESIAN_POINT('',(46.551438935913,20.186070133011,0.));
#5200 = CARTESIAN_POINT('',(46.486349990619,20.091325277731,0.));
#5201 = CARTESIAN_POINT('',(46.419127243674,20.000225694026,0.));
#5202 = CARTESIAN_POINT('',(46.349762659537,19.912861506223,0.));
#5203 = CARTESIAN_POINT('',(46.278258766626,19.82931076179,0.));
#5204 = ORIENTED_EDGE('',*,*,#5205,.F.);
#5205 = EDGE_CURVE('',#5206,#5196,#5208,.T.);
#5206 = VERTEX_POINT('',#5207);
#5207 = CARTESIAN_POINT('',(46.872599758162,20.590036275695,0.));
#5208 = B_SPLINE_CURVE_WITH_KNOTS('',5,(#5209,#5210,#5211,#5212,#5213,
    #5214),.UNSPECIFIED.,.F.,.F.,(6,6),(0.,1.),
  .PIECEWISE_BEZIER_KNOTS.);
#5209 = CARTESIAN_POINT('',(46.872599758162,20.590036275695,0.));
#5210 = CARTESIAN_POINT('',(46.798226535791,20.506290817984,0.));
#5211 = CARTESIAN_POINT('',(46.728627150491,20.423882606155,0.));
#5212 = CARTESIAN_POINT('',(46.664094037775,20.342943418842,0.));
#5213 = CARTESIAN_POINT('',(46.604932967494,20.263620652168,0.));
#5214 = CARTESIAN_POINT('',(46.551438935913,20.186070133011,0.));
#5215 = ORIENTED_EDGE('',*,*,#5216,.F.);
#5216 = EDGE_CURVE('',#5217,#5206,#5219,.T.);
#5217 = VERTEX_POINT('',#5218);
#5218 = CARTESIAN_POINT('',(47.918113663845,21.945102781137,0.));
#5219 = B_SPLINE_CURVE_WITH_KNOTS('',6,(#5220,#5221,#5222,#5223,#5224,
    #5225,#5226),.UNSPECIFIED.,.F.,.F.,(7,7),(0.,1.),
  .PIECEWISE_BEZIER_KNOTS.);
#5220 = CARTESIAN_POINT('',(47.918113663845,21.945102781137,0.));
#5221 = CARTESIAN_POINT('',(47.734612431474,21.717637711843,0.));
#5222 = CARTESIAN_POINT('',(47.554198199169,21.490620919854,0.));
#5223 = CARTESIAN_POINT('',(47.377231383957,21.264147651501,0.));
#5224 = CARTESIAN_POINT('',(47.204193978411,21.038384189936,0.));
#5225 = CARTESIAN_POINT('',(47.035704144436,20.813570417433,0.));
#5226 = CARTESIAN_POINT('',(46.872599758162,20.590036275695,0.));
#5227 = ORIENTED_EDGE('',*,*,#5228,.F.);
#5228 = EDGE_CURVE('',#5229,#5217,#5231,.T.);
#5229 = VERTEX_POINT('',#5230);
#5230 = CARTESIAN_POINT('',(48.108488512696,22.349068923821,0.));
#5231 = B_SPLINE_CURVE_WITH_KNOTS('',7,(#5232,#5233,#5234,#5235,#5236,
    #5237,#5238,#5239),.UNSPECIFIED.,.F.,.F.,(8,8),(0.,1.),
  .PIECEWISE_BEZIER_KNOTS.);
#5232 = CARTESIAN_POINT('',(48.108488512696,22.349068923821,0.));
#5233 = CARTESIAN_POINT('',(48.065549117053,22.269381394231,0.));
#5234 = CARTESIAN_POINT('',(48.026581189787,22.195095732509,0.));
#5235 = CARTESIAN_POINT('',(47.992231463442,22.127154711675,0.));
#5236 = CARTESIAN_POINT('',(47.963326809728,22.06679963311,0.));
#5237 = CARTESIAN_POINT('',(47.940793537363,22.015455622199,0.));
#5238 = CARTESIAN_POINT('',(47.925538671392,21.974563294951,0.));
#5239 = CARTESIAN_POINT('',(47.918113663845,21.945102781137,0.));
#5240 = ORIENTED_EDGE('',*,*,#5241,.F.);
#5241 = EDGE_CURVE('',#5242,#5229,#5244,.T.);
#5242 = VERTEX_POINT('',#5243);
#5243 = CARTESIAN_POINT('',(48.239274486094,22.456638452237,0.));
#5244 = B_SPLINE_CURVE_WITH_KNOTS('',5,(#5245,#5246,#5247,#5248,#5249,
    #5250),.UNSPECIFIED.,.F.,.F.,(6,6),(0.,1.),
  .PIECEWISE_BEZIER_KNOTS.);
#5245 = CARTESIAN_POINT('',(48.239274486094,22.456638452237,0.));
#5246 = CARTESIAN_POINT('',(48.234590752715,22.432595287557,0.));
#5247 = CARTESIAN_POINT('',(48.218964165309,22.409745005078,0.));
#5248 = CARTESIAN_POINT('',(48.192435291888,22.388184430687,0.));
#5249 = CARTESIAN_POINT('',(48.155403637396,22.367956831168,0.));
#5250 = CARTESIAN_POINT('',(48.108488512696,22.349068923821,0.));
#5251 = ORIENTED_EDGE('',*,*,#5252,.F.);
#5252 = EDGE_CURVE('',#5253,#5242,#5255,.T.);
#5253 = VERTEX_POINT('',#5254);
#5254 = CARTESIAN_POINT('',(48.203675937122,22.610640870617,0.));
#5255 = B_SPLINE_CURVE_WITH_KNOTS('',5,(#5256,#5257,#5258,#5259,#5260,
    #5261),.UNSPECIFIED.,.F.,.F.,(6,6),(0.,1.),
  .PIECEWISE_BEZIER_KNOTS.);
#5256 = CARTESIAN_POINT('',(48.203675937122,22.610640870617,0.));
#5257 = CARTESIAN_POINT('',(48.222389825103,22.572906309606,0.));
#5258 = CARTESIAN_POINT('',(48.2354378751,22.53852049894,0.));
#5259 = CARTESIAN_POINT('',(48.242657843086,22.507619033345,0.));
#5260 = CARTESIAN_POINT('',(48.24394556354,22.480305244629,0.));
#5261 = CARTESIAN_POINT('',(48.239274486094,22.456638452237,0.));
#5262 = ORIENTED_EDGE('',*,*,#5263,.F.);
#5263 = EDGE_CURVE('',#5264,#5253,#5266,.T.);
#5264 = VERTEX_POINT('',#5265);
#5265 = CARTESIAN_POINT('',(47.086191051995,23.442563482467,0.));
#5266 = B_SPLINE_CURVE_WITH_KNOTS('',8,(#5267,#5268,#5269,#5270,#5271,
    #5272,#5273,#5274,#5275,#5276,#5277,#5278,#5279,#5280,#5281,#5282),
  .UNSPECIFIED.,.F.,.F.,(9,7,9),(0.,0.644054168018,1.),.UNSPECIFIED.);
#5267 = CARTESIAN_POINT('',(47.086191051995,23.442563482467,0.));
#5268 = CARTESIAN_POINT('',(47.195722439324,23.378014935343,0.));
#5269 = CARTESIAN_POINT('',(47.303567628434,23.313077122979,0.));
#5270 = CARTESIAN_POINT('',(47.409627832511,23.247624490266,0.));
#5271 = CARTESIAN_POINT('',(47.513606326611,23.181583455484,0.));
#5272 = CARTESIAN_POINT('',(47.615022036166,23.114932204675,0.));
#5273 = CARTESIAN_POINT('',(47.71310588543,23.04768717339,0.));
#5274 = CARTESIAN_POINT('',(47.8068452561,22.979908011072,0.));
#5275 = CARTESIAN_POINT('',(47.943009613121,22.873888666789,0.));
#5276 = CARTESIAN_POINT('',(47.989536077687,22.836072107622,0.));
#5277 = CARTESIAN_POINT('',(48.033900906355,22.798139874635,0.));
#5278 = CARTESIAN_POINT('',(48.075714402088,22.760129288073,0.));
#5279 = CARTESIAN_POINT('',(48.114412753996,22.722151884997,0.));
#5280 = CARTESIAN_POINT('',(48.14926057782,22.684393345662,0.));
#5281 = CARTESIAN_POINT('',(48.179361378828,22.647112708058,0.));
#5282 = CARTESIAN_POINT('',(48.203675937122,22.610640870617,0.));
#5283 = ORIENTED_EDGE('',*,*,#5284,.F.);
#5284 = EDGE_CURVE('',#5285,#5264,#5287,.T.);
#5285 = VERTEX_POINT('',#5286);
#5286 = CARTESIAN_POINT('',(46.801402660218,23.680145102781,0.));
#5287 = B_SPLINE_CURVE_WITH_KNOTS('',5,(#5288,#5289,#5290,#5291,#5292,
    #5293),.UNSPECIFIED.,.F.,.F.,(6,6),(0.,1.),
  .PIECEWISE_BEZIER_KNOTS.);
#5288 = CARTESIAN_POINT('',(46.801402660218,23.680145102781,0.));
#5289 = CARTESIAN_POINT('',(46.867137190634,23.633366576485,0.));
#5290 = CARTESIAN_POINT('',(46.928630253661,23.586200006464,0.));
#5291 = CARTESIAN_POINT('',(46.985730038095,23.538662417242,0.));
#5292 = CARTESIAN_POINT('',(47.0382926635,23.490774932325,0.));
#5293 = CARTESIAN_POINT('',(47.086191051995,23.442563482467,0.));
#5294 = ORIENTED_EDGE('',*,*,#5295,.F.);
#5295 = EDGE_CURVE('',#5296,#5285,#5298,.T.);
#5296 = VERTEX_POINT('',#5297);
#5297 = CARTESIAN_POINT('',(45.493542926239,24.464860943168,0.));
#5298 = B_SPLINE_CURVE_WITH_KNOTS('',7,(#5299,#5300,#5301,#5302,#5303,
    #5304,#5305,#5306),.UNSPECIFIED.,.F.,.F.,(8,8),(0.,1.),
  .PIECEWISE_BEZIER_KNOTS.);
#5299 = CARTESIAN_POINT('',(45.493542926239,24.464860943168,0.));
#5300 = CARTESIAN_POINT('',(45.700385881089,24.364421852534,0.));
#5301 = CARTESIAN_POINT('',(45.902485976537,24.26088994197,0.));
#5302 = CARTESIAN_POINT('',(46.099283636444,24.153774236172,0.));
#5303 = CARTESIAN_POINT('',(46.289670148112,24.042620943398,0.));
#5304 = CARTESIAN_POINT('',(46.47190429195,23.926973986551,0.));
#5305 = CARTESIAN_POINT('',(46.643617273631,23.806373412051,0.));
#5306 = CARTESIAN_POINT('',(46.801402660218,23.680145102781,0.));
#5307 = ORIENTED_EDGE('',*,*,#5308,.F.);
#5308 = EDGE_CURVE('',#5309,#5296,#5311,.T.);
#5309 = VERTEX_POINT('',#5310);
#5310 = CARTESIAN_POINT('',(44.185683192261,25.035211608222,0.));
#5311 = B_SPLINE_CURVE_WITH_KNOTS('',7,(#5312,#5313,#5314,#5315,#5316,
    #5317,#5318,#5319),.UNSPECIFIED.,.F.,.F.,(8,8),(0.,1.),
  .PIECEWISE_BEZIER_KNOTS.);
#5312 = CARTESIAN_POINT('',(44.185683192261,25.035211608222,0.));
#5313 = CARTESIAN_POINT('',(44.365448513189,24.980544643584,0.));
#5314 = CARTESIAN_POINT('',(44.549194586729,24.913796832527,0.));
#5315 = CARTESIAN_POINT('',(44.735601208904,24.837428846402,0.));
#5316 = CARTESIAN_POINT('',(44.923727533376,24.753188225906,0.));
#5317 = CARTESIAN_POINT('',(45.112935829491,24.662424916365,0.));
#5318 = CARTESIAN_POINT('',(45.302890918623,24.566102395839,0.));
#5319 = CARTESIAN_POINT('',(45.493542926239,24.464860943168,0.));
#5320 = ORIENTED_EDGE('',*,*,#5321,.F.);
#5321 = EDGE_CURVE('',#4327,#5309,#5322,.T.);
#5322 = B_SPLINE_CURVE_WITH_KNOTS('',6,(#5323,#5324,#5325,#5326,#5327,
    #5328,#5329,#5330,#5331,#5332,#5333,#5334),.UNSPECIFIED.,.F.,.F.,(7,
    5,7),(0.,8.542819557124E-02,1.),.UNSPECIFIED.);
#5323 = CARTESIAN_POINT('',(43.924111245466,25.083192261185,0.));
#5324 = CARTESIAN_POINT('',(43.92551777757,25.085279373339,0.));
#5325 = CARTESIAN_POINT('',(43.927010238695,25.087269127274,0.));
#5326 = CARTESIAN_POINT('',(43.92858861802,25.089161182853,0.));
#5327 = CARTESIAN_POINT('',(43.930252849538,25.090955261908,0.));
#5328 = CARTESIAN_POINT('',(43.932002812055,25.092651148235,0.));
#5329 = CARTESIAN_POINT('',(43.953488893114,25.11135152401,0.));
#5330 = CARTESIAN_POINT('',(43.982953341597,25.117190022667,0.));
#5331 = CARTESIAN_POINT('',(44.021999098391,25.111527572261,0.));
#5332 = CARTESIAN_POINT('',(44.06963630266,25.09515679818,0.));
#5333 = CARTESIAN_POINT('',(44.124612133303,25.069287488946,0.));
#5334 = CARTESIAN_POINT('',(44.185683192261,25.035211608222,0.));
#5335 = FACE_BOUND('',#5336,.T.);
#5336 = EDGE_LOOP('',(#5337,#5366,#5377,#5390,#5411,#5419,#5440,#5448,
    #5470,#5482,#5493,#5505,#5526,#5534,#5542,#5555,#5563,#5574,#5585,
    #5595,#5614,#5624,#5635,#5643,#5651,#5662,#5673,#5687,#5695,#5703,
    #5714,#5726,#5738,#5757,#5765,#5773,#5786,#5794,#5805,#5818,#5826,
    #5841,#5849,#5857,#5865));
#5337 = ORIENTED_EDGE('',*,*,#5338,.F.);
#5338 = EDGE_CURVE('',#5339,#5341,#5343,.T.);
#5339 = VERTEX_POINT('',#5340);
#5340 = CARTESIAN_POINT('',(51.128174123337,24.274486094317,0.));
#5341 = VERTEX_POINT('',#5342);
#5342 = CARTESIAN_POINT('',(51.674534461911,25.130399032648,0.));
#5343 = B_SPLINE_CURVE_WITH_KNOTS('',6,(#5344,#5345,#5346,#5347,#5348,
    #5349,#5350,#5351,#5352,#5353,#5354,#5355,#5356,#5357,#5358,#5359,
    #5360,#5361,#5362,#5363,#5364,#5365),.UNSPECIFIED.,.F.,.F.,(7,5,5,5,
    7),(0.,0.482403801718,0.628010653108,0.862227128419,1.),
  .UNSPECIFIED.);
#5344 = CARTESIAN_POINT('',(51.128174123337,24.274486094317,0.));
#5345 = CARTESIAN_POINT('',(51.142509797904,24.37811521896,0.));
#5346 = CARTESIAN_POINT('',(51.160272420981,24.479306519285,0.));
#5347 = CARTESIAN_POINT('',(51.182107777992,24.577722354969,0.));
#5348 = CARTESIAN_POINT('',(51.208870702444,24.67226629361,0.));
#5349 = CARTESIAN_POINT('',(51.241630424154,24.761079786027,0.));
#5350 = CARTESIAN_POINT('',(51.29384902776,24.865742741787,0.));
#5351 = CARTESIAN_POINT('',(51.306619565494,24.889229548651,0.));
#5352 = CARTESIAN_POINT('',(51.320085061832,24.911855975244,0.));
#5353 = CARTESIAN_POINT('',(51.334274715946,24.933528827524,0.));
#5354 = CARTESIAN_POINT('',(51.349211592668,24.954147561542,0.));
#5355 = CARTESIAN_POINT('',(51.390158624976,25.004915017776,0.));
#5356 = CARTESIAN_POINT('',(51.417388561704,25.03324265991,0.));
#5357 = CARTESIAN_POINT('',(51.446629630016,25.058131986341,0.));
#5358 = CARTESIAN_POINT('',(51.477850531706,25.079145812162,0.));
#5359 = CARTESIAN_POINT('',(51.51091063284,25.095965730998,0.));
#5360 = CARTESIAN_POINT('',(51.565867010283,25.115853421289,0.));
#5361 = CARTESIAN_POINT('',(51.586759878829,25.121734074529,0.));
#5362 = CARTESIAN_POINT('',(51.608135098806,25.126108705397,0.));
#5363 = CARTESIAN_POINT('',(51.629931868361,25.128986067971,0.));
#5364 = CARTESIAN_POINT('',(51.652086595045,25.130399032648,0.));
#5365 = CARTESIAN_POINT('',(51.674534461911,25.130399032648,0.));
#5366 = ORIENTED_EDGE('',*,*,#5367,.F.);
#5367 = EDGE_CURVE('',#5368,#5339,#5370,.T.);
#5368 = VERTEX_POINT('',#5369);
#5369 = CARTESIAN_POINT('',(51.056203143894,23.632938331318,0.));
#5370 = B_SPLINE_CURVE_WITH_KNOTS('',5,(#5371,#5372,#5373,#5374,#5375,
    #5376),.UNSPECIFIED.,.F.,.F.,(6,6),(0.,1.),
  .PIECEWISE_BEZIER_KNOTS.);
#5371 = CARTESIAN_POINT('',(51.056203143894,23.632938331318,0.));
#5372 = CARTESIAN_POINT('',(51.056203143894,23.751116111935,0.));
#5373 = CARTESIAN_POINT('',(51.063907223648,23.874976475781,0.));
#5374 = CARTESIAN_POINT('',(51.078829947663,24.003881201166,0.));
#5375 = CARTESIAN_POINT('',(51.100422746852,24.13722122138,0.));
#5376 = CARTESIAN_POINT('',(51.128174123337,24.274486094317,0.));
#5377 = ORIENTED_EDGE('',*,*,#5378,.F.);
#5378 = EDGE_CURVE('',#5379,#5368,#5381,.T.);
#5379 = VERTEX_POINT('',#5380);
#5380 = CARTESIAN_POINT('',(51.032986698912,23.157775090689,0.));
#5381 = B_SPLINE_CURVE_WITH_KNOTS('',7,(#5382,#5383,#5384,#5385,#5386,
    #5387,#5388,#5389),.UNSPECIFIED.,.F.,.F.,(8,8),(0.,1.),
  .PIECEWISE_BEZIER_KNOTS.);
#5382 = CARTESIAN_POINT('',(51.032986698912,23.157775090689,0.));
#5383 = CARTESIAN_POINT('',(51.04026753557,23.187383826432,0.));
#5384 = CARTESIAN_POINT('',(51.046072624788,23.232835182779,0.));
#5385 = CARTESIAN_POINT('',(51.050421462072,23.29265367577,0.));
#5386 = CARTESIAN_POINT('',(51.053453818975,23.364550793084,0.));
#5387 = CARTESIAN_POINT('',(51.055329607374,23.446352691288,0.));
#5388 = CARTESIAN_POINT('',(51.056203143894,23.536240079978,0.));
#5389 = CARTESIAN_POINT('',(51.056203143894,23.632938331318,0.));
#5390 = ORIENTED_EDGE('',*,*,#5391,.F.);
#5391 = EDGE_CURVE('',#5392,#5379,#5394,.T.);
#5392 = VERTEX_POINT('',#5393);
#5393 = CARTESIAN_POINT('',(50.913808948005,20.970012091898,0.));
#5394 = B_SPLINE_CURVE_WITH_KNOTS('',8,(#5395,#5396,#5397,#5398,#5399,
    #5400,#5401,#5402,#5403,#5404,#5405,#5406,#5407,#5408,#5409,#5410),
  .UNSPECIFIED.,.F.,.F.,(9,7,9),(0.,0.724939890992,1.),.UNSPECIFIED.);
#5395 = CARTESIAN_POINT('',(50.913808948005,20.970012091898,0.));
#5396 = CARTESIAN_POINT('',(50.926987153763,21.177434907731,0.));
#5397 = CARTESIAN_POINT('',(50.939885367608,21.383867718876,0.));
#5398 = CARTESIAN_POINT('',(50.952473349241,21.589283190666,0.));
#5399 = CARTESIAN_POINT('',(50.964702473605,21.79351700461,0.));
#5400 = CARTESIAN_POINT('',(50.976508820369,21.996282672731,0.));
#5401 = CARTESIAN_POINT('',(50.987791085356,22.19708310564,0.));
#5402 = CARTESIAN_POINT('',(50.998422084257,22.395257571712,0.));
#5403 = CARTESIAN_POINT('',(51.011845243106,22.663359184297,0.));
#5404 = CARTESIAN_POINT('',(51.015406373399,22.736525089597,0.));
#5405 = CARTESIAN_POINT('',(51.018823589998,22.809057169094,0.));
#5406 = CARTESIAN_POINT('',(51.022079927729,22.880865973015,0.));
#5407 = CARTESIAN_POINT('',(51.025154502894,22.951829365499,0.));
#5408 = CARTESIAN_POINT('',(51.02802136713,23.021787071232,0.));
#5409 = CARTESIAN_POINT('',(51.030647036944,23.090528677361,0.));
#5410 = CARTESIAN_POINT('',(51.032986698912,23.157775090689,0.));
#5411 = ORIENTED_EDGE('',*,*,#5412,.F.);
#5412 = EDGE_CURVE('',#5413,#5392,#5415,.T.);
#5413 = VERTEX_POINT('',#5414);
#5414 = CARTESIAN_POINT('',(50.84261185006,20.066892382104,0.));
#5415 = LINE('',#5416,#5417);
#5416 = CARTESIAN_POINT('',(51.188661173245,24.456452818588,0.));
#5417 = VECTOR('',#5418,1.);
#5418 = DIRECTION('',(7.859078014551E-02,0.996906961194,0.));
#5419 = ORIENTED_EDGE('',*,*,#5420,.F.);
#5420 = EDGE_CURVE('',#5421,#5413,#5423,.T.);
#5421 = VERTEX_POINT('',#5422);
#5422 = CARTESIAN_POINT('',(50.700217654172,16.976009673519,0.));
#5423 = B_SPLINE_CURVE_WITH_KNOTS('',8,(#5424,#5425,#5426,#5427,#5428,
    #5429,#5430,#5431,#5432,#5433,#5434,#5435,#5436,#5437,#5438,#5439),
  .UNSPECIFIED.,.F.,.F.,(9,7,9),(0.,0.412176806139,1.),.UNSPECIFIED.);
#5424 = CARTESIAN_POINT('',(50.700217654172,16.976009673519,0.));
#5425 = CARTESIAN_POINT('',(50.700217654172,17.126130440759,0.));
#5426 = CARTESIAN_POINT('',(50.702054609822,17.27900788909,0.));
#5427 = CARTESIAN_POINT('',(50.705244086491,17.433782831695,0.));
#5428 = CARTESIAN_POINT('',(50.709542236147,17.589971555481,0.));
#5429 = CARTESIAN_POINT('',(50.714751947843,17.747212083752,0.));
#5430 = CARTESIAN_POINT('',(50.72074413923,17.905294653331,0.));
#5431 = CARTESIAN_POINT('',(50.72741399858,18.064101032255,0.));
#5432 = CARTESIAN_POINT('',(50.745057311151,18.451101698834,0.));
#5433 = CARTESIAN_POINT('',(50.756644313215,18.679831982189,0.));
#5434 = CARTESIAN_POINT('',(50.769212587166,18.909510823048,0.));
#5435 = CARTESIAN_POINT('',(50.782612253683,19.139940964706,0.));
#5436 = CARTESIAN_POINT('',(50.796731184532,19.370978724641,0.));
#5437 = CARTESIAN_POINT('',(50.811480488379,19.602521005407,0.));
#5438 = CARTESIAN_POINT('',(50.826792563886,19.83450362923,0.));
#5439 = CARTESIAN_POINT('',(50.84261185006,20.066892382104,0.));
#5440 = ORIENTED_EDGE('',*,*,#5441,.F.);
#5441 = EDGE_CURVE('',#5442,#5421,#5444,.T.);
#5442 = VERTEX_POINT('',#5443);
#5443 = CARTESIAN_POINT('',(50.700217654172,11.198984280532,0.));
#5444 = LINE('',#5445,#5446);
#5445 = CARTESIAN_POINT('',(50.700217654172,24.488004836759,0.));
#5446 = VECTOR('',#5447,1.);
#5447 = DIRECTION('',(0.,1.,0.));
#5448 = ORIENTED_EDGE('',*,*,#5449,.F.);
#5449 = EDGE_CURVE('',#5450,#5442,#5452,.T.);
#5450 = VERTEX_POINT('',#5451);
#5451 = CARTESIAN_POINT('',(51.128174123337,10.914195888755,0.));
#5452 = B_SPLINE_CURVE_WITH_KNOTS('',6,(#5453,#5454,#5455,#5456,#5457,
    #5458,#5459,#5460,#5461,#5462,#5463,#5464,#5465,#5466,#5467,#5468,
    #5469),.UNSPECIFIED.,.F.,.F.,(7,5,5,7),(0.,0.389813310655,
    0.91274121609,1.),.UNSPECIFIED.);
#5453 = CARTESIAN_POINT('',(51.128174123337,10.914195888755,0.));
#5454 = CARTESIAN_POINT('',(51.080114637807,10.924885430744,0.));
#5455 = CARTESIAN_POINT('',(51.034022263948,10.936572374285,0.));
#5456 = CARTESIAN_POINT('',(50.99015656221,10.949340092478,0.));
#5457 = CARTESIAN_POINT('',(50.948853358808,10.963276646396,0.));
#5458 = CARTESIAN_POINT('',(50.910499669596,10.978463932407,0.));
#5459 = CARTESIAN_POINT('',(50.828568733198,11.017105184395,0.));
#5460 = CARTESIAN_POINT('',(50.787642160035,11.041628319944,0.));
#5461 = CARTESIAN_POINT('',(50.753825165249,11.068656411013,0.));
#5462 = CARTESIAN_POINT('',(50.728195472071,11.098223893966,0.));
#5463 = CARTESIAN_POINT('',(50.711560214964,11.130204710093,0.));
#5464 = CARTESIAN_POINT('',(50.702737382278,11.169841772209,0.));
#5465 = CARTESIAN_POINT('',(50.701728258984,11.17556579548,0.));
#5466 = CARTESIAN_POINT('',(50.700972090768,11.181343898277,0.));
#5467 = CARTESIAN_POINT('',(50.700468761172,11.18717428429,0.));
#5468 = CARTESIAN_POINT('',(50.700217654172,11.19305506917,0.));
#5469 = CARTESIAN_POINT('',(50.700217654172,11.198984280532,0.));
#5470 = ORIENTED_EDGE('',*,*,#5471,.F.);
#5471 = EDGE_CURVE('',#5472,#5450,#5474,.T.);
#5472 = VERTEX_POINT('',#5473);
#5473 = CARTESIAN_POINT('',(51.793712212817,10.84299879081,0.));
#5474 = B_SPLINE_CURVE_WITH_KNOTS('',6,(#5475,#5476,#5477,#5478,#5479,
    #5480,#5481),.UNSPECIFIED.,.F.,.F.,(7,7),(0.,1.),
  .PIECEWISE_BEZIER_KNOTS.);
#5475 = CARTESIAN_POINT('',(51.793712212817,10.84299879081,0.));
#5476 = CARTESIAN_POINT('',(51.662829225476,10.84299879081,0.));
#5477 = CARTESIAN_POINT('',(51.538136397869,10.846994142826,0.));
#5478 = CARTESIAN_POINT('',(51.420694016087,10.855500795429,0.));
#5479 = CARTESIAN_POINT('',(51.311984916077,10.869122175611,0.));
#5480 = CARTESIAN_POINT('',(51.213860948256,10.888517752297,0.));
#5481 = CARTESIAN_POINT('',(51.128174123337,10.914195888755,0.));
#5482 = ORIENTED_EDGE('',*,*,#5483,.F.);
#5483 = EDGE_CURVE('',#5484,#5472,#5486,.T.);
#5484 = VERTEX_POINT('',#5485);
#5485 = CARTESIAN_POINT('',(52.411269649335,10.878597339782,0.));
#5486 = B_SPLINE_CURVE_WITH_KNOTS('',5,(#5487,#5488,#5489,#5490,#5491,
    #5492),.UNSPECIFIED.,.F.,.F.,(6,6),(0.,1.),
  .PIECEWISE_BEZIER_KNOTS.);
#5487 = CARTESIAN_POINT('',(52.411269649335,10.878597339782,0.));
#5488 = CARTESIAN_POINT('',(52.281155903922,10.864678194924,0.));
#5489 = CARTESIAN_POINT('',(52.154113269373,10.853998668582,0.));
#5490 = CARTESIAN_POINT('',(52.030362593432,10.846717750515,0.));
#5491 = CARTESIAN_POINT('',(51.910145175796,10.84299879081,0.));
#5492 = CARTESIAN_POINT('',(51.793712212817,10.84299879081,0.));
#5493 = ORIENTED_EDGE('',*,*,#5494,.F.);
#5494 = EDGE_CURVE('',#5495,#5484,#5497,.T.);
#5495 = VERTEX_POINT('',#5496);
#5496 = CARTESIAN_POINT('',(52.911197097944,10.914195888755,0.));
#5497 = B_SPLINE_CURVE_WITH_KNOTS('',6,(#5498,#5499,#5500,#5501,#5502,
    #5503,#5504),.UNSPECIFIED.,.F.,.F.,(7,7),(0.,1.),
  .PIECEWISE_BEZIER_KNOTS.);
#5498 = CARTESIAN_POINT('',(52.911197097944,10.914195888755,0.));
#5499 = CARTESIAN_POINT('',(52.852145552717,10.914195888755,0.));
#5500 = CARTESIAN_POINT('',(52.781729977482,10.911505415541,0.));
#5501 = CARTESIAN_POINT('',(52.70117295316,10.906341729879,0.));
#5502 = CARTESIAN_POINT('',(52.611822095072,10.898974152475,0.));
#5503 = CARTESIAN_POINT('',(52.514867765407,10.88965421528,0.));
#5504 = CARTESIAN_POINT('',(52.411269649335,10.878597339782,0.));
#5505 = ORIENTED_EDGE('',*,*,#5506,.F.);
#5506 = EDGE_CURVE('',#5507,#5495,#5509,.T.);
#5507 = VERTEX_POINT('',#5508);
#5508 = CARTESIAN_POINT('',(54.027908101572,10.961402660218,0.));
#5509 = B_SPLINE_CURVE_WITH_KNOTS('',8,(#5510,#5511,#5512,#5513,#5514,
    #5515,#5516,#5517,#5518,#5519,#5520,#5521,#5522,#5523,#5524,#5525),
  .UNSPECIFIED.,.F.,.F.,(9,7,9),(0.,0.951331578708,1.),.UNSPECIFIED.);
#5510 = CARTESIAN_POINT('',(54.027908101572,10.961402660218,0.));
#5511 = CARTESIAN_POINT('',(53.877864275187,10.961402660218,0.));
#5512 = CARTESIAN_POINT('',(53.730866561699,10.960353178482,0.));
#5513 = CARTESIAN_POINT('',(53.587042294682,10.958109036876,0.));
#5514 = CARTESIAN_POINT('',(53.44699136437,10.954470759027,0.));
#5515 = CARTESIAN_POINT('',(53.311775554537,10.94918657207,0.));
#5516 = CARTESIAN_POINT('',(53.183027417221,10.94192167991,0.));
#5517 = CARTESIAN_POINT('',(53.062916651643,10.932267113812,0.));
#5518 = CARTESIAN_POINT('',(52.949071628192,10.918954034461,0.));
#5519 = CARTESIAN_POINT('',(52.943562502233,10.918298302403,0.));
#5520 = CARTESIAN_POINT('',(52.93808538206,10.917634691894,0.));
#5521 = CARTESIAN_POINT('',(52.932640750908,10.916963129692,0.));
#5522 = CARTESIAN_POINT('',(52.92722910106,10.91628354226,0.));
#5523 = CARTESIAN_POINT('',(52.921850933852,10.915595855763,0.));
#5524 = CARTESIAN_POINT('',(52.916506759668,10.91489999607,0.));
#5525 = CARTESIAN_POINT('',(52.911197097944,10.914195888755,0.));
#5526 = ORIENTED_EDGE('',*,*,#5527,.F.);
#5527 = EDGE_CURVE('',#5528,#5507,#5530,.T.);
#5528 = VERTEX_POINT('',#5529);
#5529 = CARTESIAN_POINT('',(54.123095525998,10.890205562273,0.));
#5530 = LINE('',#5531,#5532);
#5531 = CARTESIAN_POINT('',(31.659811861889,27.692011229736,
    -2.22044604925E-16));
#5532 = VECTOR('',#5533,1.);
#5533 = DIRECTION('',(-0.80078057117,0.598957825591,-0.));
#5534 = ORIENTED_EDGE('',*,*,#5535,.F.);
#5535 = EDGE_CURVE('',#5536,#5528,#5538,.T.);
#5536 = VERTEX_POINT('',#5537);
#5537 = CARTESIAN_POINT('',(55.16938331318,10.890205562273,0.));
#5538 = LINE('',#5539,#5540);
#5539 = CARTESIAN_POINT('',(27.061547762999,10.890205562273,0.));
#5540 = VECTOR('',#5541,1.);
#5541 = DIRECTION('',(-1.,0.,0.));
#5542 = ORIENTED_EDGE('',*,*,#5543,.F.);
#5543 = EDGE_CURVE('',#5544,#5536,#5546,.T.);
#5544 = VERTEX_POINT('',#5545);
#5545 = CARTESIAN_POINT('',(55.33576783555,10.961402660218,0.));
#5546 = B_SPLINE_CURVE_WITH_KNOTS('',4,(#5547,#5548,#5549,#5550,#5551,
    #5552,#5553,#5554),.UNSPECIFIED.,.F.,.F.,(5,3,5),(0.,0.403833540373,
    1.),.UNSPECIFIED.);
#5547 = CARTESIAN_POINT('',(55.33576783555,10.961402660218,0.));
#5548 = CARTESIAN_POINT('',(55.316562834962,10.961402660218,0.));
#5549 = CARTESIAN_POINT('',(55.297986098039,10.9594705194,0.));
#5550 = CARTESIAN_POINT('',(55.280052367103,10.955595875486,0.));
#5551 = CARTESIAN_POINT('',(55.237261554468,10.941199545749,0.));
#5552 = CARTESIAN_POINT('',(55.213174947723,10.928390882909,0.));
#5553 = CARTESIAN_POINT('',(55.190545519339,10.911367768432,0.));
#5554 = CARTESIAN_POINT('',(55.16938331318,10.890205562273,0.));
#5555 = ORIENTED_EDGE('',*,*,#5556,.F.);
#5556 = EDGE_CURVE('',#5557,#5544,#5559,.T.);
#5557 = VERTEX_POINT('',#5558);
#5558 = CARTESIAN_POINT('',(55.430955259976,10.961402660218,0.));
#5559 = LINE('',#5560,#5561);
#5560 = CARTESIAN_POINT('',(27.667883917775,10.961402660218,0.));
#5561 = VECTOR('',#5562,1.);
#5562 = DIRECTION('',(-1.,0.,0.));
#5563 = ORIENTED_EDGE('',*,*,#5564,.F.);
#5564 = EDGE_CURVE('',#5565,#5557,#5567,.T.);
#5565 = VERTEX_POINT('',#5566);
#5566 = CARTESIAN_POINT('',(55.549359129383,10.938186215236,0.));
#5567 = B_SPLINE_CURVE_WITH_KNOTS('',5,(#5568,#5569,#5570,#5571,#5572,
    #5573),.UNSPECIFIED.,.F.,.F.,(6,6),(0.,1.),
  .PIECEWISE_BEZIER_KNOTS.);
#5568 = CARTESIAN_POINT('',(55.549359129383,10.938186215236,0.));
#5569 = CARTESIAN_POINT('',(55.511947148385,10.938186215236,0.));
#5570 = CARTESIAN_POINT('',(55.481207647639,10.940464606279,0.));
#5571 = CARTESIAN_POINT('',(55.457375753157,10.94507952987,0.));
#5572 = CARTESIAN_POINT('',(55.440608096253,10.952061205756,0.));
#5573 = CARTESIAN_POINT('',(55.430955259976,10.961402660218,0.));
#5574 = ORIENTED_EDGE('',*,*,#5575,.F.);
#5575 = EDGE_CURVE('',#5576,#5565,#5578,.T.);
#5576 = VERTEX_POINT('',#5577);
#5577 = CARTESIAN_POINT('',(55.692527206771,10.914195888755,0.));
#5578 = B_SPLINE_CURVE_WITH_KNOTS('',5,(#5579,#5580,#5581,#5582,#5583,
    #5584),.UNSPECIFIED.,.F.,.F.,(6,6),(0.,1.),
  .PIECEWISE_BEZIER_KNOTS.);
#5579 = CARTESIAN_POINT('',(55.692527206771,10.914195888755,0.));
#5580 = CARTESIAN_POINT('',(55.65471494176,10.914195888755,0.));
#5581 = CARTESIAN_POINT('',(55.621395426384,10.916561930458,0.));
#5582 = CARTESIAN_POINT('',(55.592679314845,10.921334814547,0.));
#5583 = CARTESIAN_POINT('',(55.568650578581,10.928540490637,0.));
#5584 = CARTESIAN_POINT('',(55.549359129383,10.938186215236,0.));
#5585 = ORIENTED_EDGE('',*,*,#5586,.F.);
#5586 = EDGE_CURVE('',#5587,#5576,#5589,.T.);
#5587 = VERTEX_POINT('',#5588);
#5588 = CARTESIAN_POINT('',(55.739733978235,10.890205562273,0.));
#5589 = B_SPLINE_CURVE_WITH_KNOTS('',4,(#5590,#5591,#5592,#5593,#5594),
  .UNSPECIFIED.,.F.,.F.,(5,5),(0.,1.),.PIECEWISE_BEZIER_KNOTS.);
#5590 = CARTESIAN_POINT('',(55.739733978235,10.890205562273,0.));
#5591 = CARTESIAN_POINT('',(55.728120892829,10.890205562273,0.));
#5592 = CARTESIAN_POINT('',(55.716378993355,10.894207307554,0.));
#5593 = CARTESIAN_POINT('',(55.704512763538,10.902210331988,0.));
#5594 = CARTESIAN_POINT('',(55.692527206771,10.914195888755,0.));
#5595 = ORIENTED_EDGE('',*,*,#5596,.T.);
#5596 = EDGE_CURVE('',#5587,#5597,#5599,.T.);
#5597 = VERTEX_POINT('',#5598);
#5598 = CARTESIAN_POINT('',(55.763724304716,10.890205562273,0.));
#5599 = B_SPLINE_CURVE_WITH_KNOTS('',4,(#5600,#5601,#5602,#5603,#5604,
    #5605,#5606,#5607,#5608,#5609,#5610,#5611,#5612,#5613),
  .UNSPECIFIED.,.F.,.F.,(5,3,3,3,5),(0.,0.938209541622,0.978032449961,
    0.985001448866,1.),.UNSPECIFIED.);
#5600 = CARTESIAN_POINT('',(55.739733978235,10.890205562273,0.));
#5601 = CARTESIAN_POINT('',(55.751025032179,10.890205562273,0.));
#5602 = CARTESIAN_POINT('',(55.758781473409,10.890205562273,0.));
#5603 = CARTESIAN_POINT('',(55.762987969283,10.890205562273,0.));
#5604 = CARTESIAN_POINT('',(55.763671429979,10.890205562273,0.));
#5605 = CARTESIAN_POINT('',(55.763692861356,10.890205562273,0.));
#5606 = CARTESIAN_POINT('',(55.76370789532,10.890205562273,0.));
#5607 = CARTESIAN_POINT('',(55.763718043241,10.890205562273,0.));
#5608 = CARTESIAN_POINT('',(55.76371935871,10.890205562273,0.));
#5609 = CARTESIAN_POINT('',(55.763720478259,10.890205562273,0.));
#5610 = CARTESIAN_POINT('',(55.763723389701,10.890205562273,0.));
#5611 = CARTESIAN_POINT('',(55.763723143999,10.890205376944,0.));
#5612 = CARTESIAN_POINT('',(55.763724589044,10.890205846602,0.));
#5613 = CARTESIAN_POINT('',(55.763724304716,10.890205562273,0.));
#5614 = ORIENTED_EDGE('',*,*,#5615,.F.);
#5615 = EDGE_CURVE('',#5616,#5597,#5618,.T.);
#5616 = VERTEX_POINT('',#5617);
#5617 = CARTESIAN_POINT('',(55.930108827086,10.925804111245,0.));
#5618 = B_SPLINE_CURVE_WITH_KNOTS('',4,(#5619,#5620,#5621,#5622,#5623),
  .UNSPECIFIED.,.F.,.F.,(5,5),(0.,1.),.PIECEWISE_BEZIER_KNOTS.);
#5619 = CARTESIAN_POINT('',(55.930108827086,10.925804111245,0.));
#5620 = CARTESIAN_POINT('',(55.882784542032,10.908105598136,0.));
#5621 = CARTESIAN_POINT('',(55.839199257954,10.89619287308,0.));
#5622 = CARTESIAN_POINT('',(55.799484374272,10.890205562273,0.));
#5623 = CARTESIAN_POINT('',(55.763724304716,10.890205562273,0.));
#5624 = ORIENTED_EDGE('',*,*,#5625,.F.);
#5625 = EDGE_CURVE('',#5626,#5616,#5628,.T.);
#5626 = VERTEX_POINT('',#5627);
#5627 = CARTESIAN_POINT('',(56.072503022975,10.961402660218,0.));
#5628 = B_SPLINE_CURVE_WITH_KNOTS('',5,(#5629,#5630,#5631,#5632,#5633,
    #5634),.UNSPECIFIED.,.F.,.F.,(6,6),(0.,1.),
  .PIECEWISE_BEZIER_KNOTS.);
#5629 = CARTESIAN_POINT('',(56.072503022975,10.961402660218,0.));
#5630 = CARTESIAN_POINT('',(56.053491658889,10.961402660218,0.));
#5631 = CARTESIAN_POINT('',(56.029659479053,10.957794129806,0.));
#5632 = CARTESIAN_POINT('',(56.001072918087,10.950609611331,0.));
#5633 = CARTESIAN_POINT('',(55.967842147183,10.939915759412,0.));
#5634 = CARTESIAN_POINT('',(55.930108827086,10.925804111245,0.));
#5635 = ORIENTED_EDGE('',*,*,#5636,.F.);
#5636 = EDGE_CURVE('',#5637,#5626,#5639,.T.);
#5637 = VERTEX_POINT('',#5638);
#5638 = CARTESIAN_POINT('',(57.8323095526,10.961402660218,0.));
#5639 = LINE('',#5640,#5641);
#5640 = CARTESIAN_POINT('',(28.036251511487,10.961402660218,0.));
#5641 = VECTOR('',#5642,1.);
#5642 = DIRECTION('',(-1.,0.,0.));
#5643 = ORIENTED_EDGE('',*,*,#5644,.F.);
#5644 = EDGE_CURVE('',#5645,#5637,#5647,.T.);
#5645 = VERTEX_POINT('',#5646);
#5646 = CARTESIAN_POINT('',(57.903506650544,15.050592503023,0.));
#5647 = LINE('',#5648,#5649);
#5648 = CARTESIAN_POINT('',(58.006642982718,20.974205320459,
    -2.22044604925E-16));
#5649 = VECTOR('',#5650,1.);
#5650 = DIRECTION('',(-1.740841379856E-02,-0.999848462083,0.));
#5651 = ORIENTED_EDGE('',*,*,#5652,.F.);
#5652 = EDGE_CURVE('',#5653,#5645,#5655,.T.);
#5653 = VERTEX_POINT('',#5654);
#5654 = CARTESIAN_POINT('',(57.867908101572,15.205368802902,0.));
#5655 = B_SPLINE_CURVE_WITH_KNOTS('',5,(#5656,#5657,#5658,#5659,#5660,
    #5661),.UNSPECIFIED.,.F.,.F.,(6,6),(0.,1.),
  .PIECEWISE_BEZIER_KNOTS.);
#5656 = CARTESIAN_POINT('',(57.867908101572,15.205368802902,0.));
#5657 = CARTESIAN_POINT('',(57.881851307796,15.154142675687,0.));
#5658 = CARTESIAN_POINT('',(57.892576250963,15.112439883553,0.));
#5659 = CARTESIAN_POINT('',(57.899850815226,15.08098463613,0.));
#5660 = CARTESIAN_POINT('',(57.903506650544,15.060317106664,0.));
#5661 = CARTESIAN_POINT('',(57.903506650544,15.050592503023,0.));
#5662 = ORIENTED_EDGE('',*,*,#5663,.F.);
#5663 = EDGE_CURVE('',#5664,#5653,#5666,.T.);
#5664 = VERTEX_POINT('',#5665);
#5665 = CARTESIAN_POINT('',(57.808319226118,15.549746070133,0.));
#5666 = B_SPLINE_CURVE_WITH_KNOTS('',5,(#5667,#5668,#5669,#5670,#5671,
    #5672),.UNSPECIFIED.,.F.,.F.,(6,6),(0.,1.),
  .PIECEWISE_BEZIER_KNOTS.);
#5667 = CARTESIAN_POINT('',(57.808319226118,15.549746070133,0.));
#5668 = CARTESIAN_POINT('',(57.817666945958,15.466521209629,0.));
#5669 = CARTESIAN_POINT('',(57.828250058893,15.389961978861,0.));
#5670 = CARTESIAN_POINT('',(57.840124146525,15.320583327791,0.));
#5671 = CARTESIAN_POINT('',(57.853335922531,15.258905721554,0.));
#5672 = CARTESIAN_POINT('',(57.867908101572,15.205368802902,0.));
#5673 = ORIENTED_EDGE('',*,*,#5674,.F.);
#5674 = EDGE_CURVE('',#5675,#5664,#5677,.T.);
#5675 = VERTEX_POINT('',#5676);
#5676 = CARTESIAN_POINT('',(57.737122128174,16.904812575574,0.));
#5677 = B_SPLINE_CURVE_WITH_KNOTS('',8,(#5678,#5679,#5680,#5681,#5682,
    #5683,#5684,#5685,#5686),.UNSPECIFIED.,.F.,.F.,(9,9),(0.,1.),
  .PIECEWISE_BEZIER_KNOTS.);
#5678 = CARTESIAN_POINT('',(57.737122128174,16.904812575574,0.));
#5679 = CARTESIAN_POINT('',(57.737122128174,16.75547645097,0.));
#5680 = CARTESIAN_POINT('',(57.740763574946,16.597170703319,0.));
#5681 = CARTESIAN_POINT('',(57.747255509813,16.432244199239,0.));
#5682 = CARTESIAN_POINT('',(57.756092012114,16.2622634688,0.));
#5683 = CARTESIAN_POINT('',(57.766872607184,16.088404732416,0.));
#5684 = CARTESIAN_POINT('',(57.779306302447,15.91144269387,0.));
#5685 = CARTESIAN_POINT('',(57.793172161472,15.731840129902,0.));
#5686 = CARTESIAN_POINT('',(57.808319226118,15.549746070133,0.));
#5687 = ORIENTED_EDGE('',*,*,#5688,.F.);
#5688 = EDGE_CURVE('',#5689,#5675,#5691,.T.);
#5689 = VERTEX_POINT('',#5690);
#5690 = CARTESIAN_POINT('',(57.737122128174,21.541136638452,0.));
#5691 = LINE('',#5692,#5693);
#5692 = CARTESIAN_POINT('',(57.737122128174,24.452406287787,0.));
#5693 = VECTOR('',#5694,1.);
#5694 = DIRECTION('',(0.,-1.,0.));
#5695 = ORIENTED_EDGE('',*,*,#5696,.F.);
#5696 = EDGE_CURVE('',#5697,#5689,#5699,.T.);
#5697 = VERTEX_POINT('',#5698);
#5698 = CARTESIAN_POINT('',(57.66592503023,22.444256348247,0.));
#5699 = LINE('',#5700,#5701);
#5700 = CARTESIAN_POINT('',(57.14910122858,29.000053919169,0.));
#5701 = VECTOR('',#5702,1.);
#5702 = DIRECTION('',(7.859078014551E-02,-0.996906961194,0.));
#5703 = ORIENTED_EDGE('',*,*,#5704,.F.);
#5704 = EDGE_CURVE('',#5705,#5697,#5707,.T.);
#5705 = VERTEX_POINT('',#5706);
#5706 = CARTESIAN_POINT('',(57.617944377267,23.419347037485,0.));
#5707 = B_SPLINE_CURVE_WITH_KNOTS('',5,(#5708,#5709,#5710,#5711,#5712,
    #5713),.UNSPECIFIED.,.F.,.F.,(6,6),(0.,1.),
  .PIECEWISE_BEZIER_KNOTS.);
#5708 = CARTESIAN_POINT('',(57.617944377267,23.419347037485,0.));
#5709 = CARTESIAN_POINT('',(57.607252122057,23.24965059996,0.));
#5710 = CARTESIAN_POINT('',(57.609076130949,23.062998273995,0.));
#5711 = CARTESIAN_POINT('',(57.620681508977,22.864602857693,0.));
#5712 = CARTESIAN_POINT('',(57.640061490146,22.657839130874,0.));
#5713 = CARTESIAN_POINT('',(57.66592503023,22.444256348247,0.));
#5714 = ORIENTED_EDGE('',*,*,#5715,.F.);
#5715 = EDGE_CURVE('',#5716,#5705,#5718,.T.);
#5716 = VERTEX_POINT('',#5717);
#5717 = CARTESIAN_POINT('',(57.582345828295,24.215671100363,0.));
#5718 = B_SPLINE_CURVE_WITH_KNOTS('',6,(#5719,#5720,#5721,#5722,#5723,
    #5724,#5725),.UNSPECIFIED.,.F.,.F.,(7,7),(0.,1.),
  .PIECEWISE_BEZIER_KNOTS.);
#5719 = CARTESIAN_POINT('',(57.582345828295,24.215671100363,0.));
#5720 = CARTESIAN_POINT('',(57.595403022013,24.106671918023,0.));
#5721 = CARTESIAN_POINT('',(57.605083746866,23.985565971598,0.));
#5722 = CARTESIAN_POINT('',(57.61181354296,23.854625564092,0.));
#5723 = CARTESIAN_POINT('',(57.615989632475,23.715751396563,0.));
#5724 = CARTESIAN_POINT('',(57.617944377267,23.570353043094,0.));
#5725 = CARTESIAN_POINT('',(57.617944377267,23.419347037485,0.));
#5726 = ORIENTED_EDGE('',*,*,#5727,.F.);
#5727 = EDGE_CURVE('',#5728,#5716,#5730,.T.);
#5728 = VERTEX_POINT('',#5729);
#5729 = CARTESIAN_POINT('',(57.427569528416,24.679226118501,0.));
#5730 = B_SPLINE_CURVE_WITH_KNOTS('',6,(#5731,#5732,#5733,#5734,#5735,
    #5736,#5737),.UNSPECIFIED.,.F.,.F.,(7,7),(0.,1.),
  .PIECEWISE_BEZIER_KNOTS.);
#5731 = CARTESIAN_POINT('',(57.427569528416,24.679226118501,0.));
#5732 = CARTESIAN_POINT('',(57.468612683118,24.621925610312,0.));
#5733 = CARTESIAN_POINT('',(57.503367022419,24.555794615248,0.));
#5734 = CARTESIAN_POINT('',(57.531844130323,24.481366081483,0.));
#5735 = CARTESIAN_POINT('',(57.554271211188,24.399361400418,0.));
#5736 = CARTESIAN_POINT('',(57.570980131166,24.310549963349,0.));
#5737 = CARTESIAN_POINT('',(57.582345828295,24.215671100363,0.));
#5738 = ORIENTED_EDGE('',*,*,#5739,.F.);
#5739 = EDGE_CURVE('',#5740,#5728,#5742,.T.);
#5740 = VERTEX_POINT('',#5741);
#5741 = CARTESIAN_POINT('',(56.976396614268,24.845610640871,0.));
#5742 = B_SPLINE_CURVE_WITH_KNOTS('',5,(#5743,#5744,#5745,#5746,#5747,
    #5748,#5749,#5750,#5751,#5752,#5753,#5754,#5755,#5756),
  .UNSPECIFIED.,.F.,.F.,(6,4,4,6),(0.,0.474656308891,0.928714381152,1.),
  .UNSPECIFIED.);
#5743 = CARTESIAN_POINT('',(56.976396614268,24.845610640871,0.));
#5744 = CARTESIAN_POINT('',(57.032142733577,24.845610640871,0.));
#5745 = CARTESIAN_POINT('',(57.085436536171,24.842221089307,0.));
#5746 = CARTESIAN_POINT('',(57.13597994793,24.835214783147,0.));
#5747 = CARTESIAN_POINT('',(57.183455467632,24.824388040691,0.));
#5748 = CARTESIAN_POINT('',(57.26979816932,24.795520515898,0.));
#5749 = CARTESIAN_POINT('',(57.308952599243,24.777812298374,0.));
#5750 = CARTESIAN_POINT('',(57.344798514733,24.756417224783,0.));
#5751 = CARTESIAN_POINT('',(57.377145617167,24.731323147551,0.));
#5752 = CARTESIAN_POINT('',(57.410406606021,24.698127116687,0.));
#5753 = CARTESIAN_POINT('',(57.41483121887,24.693533929153,0.));
#5754 = CARTESIAN_POINT('',(57.41916677683,24.688852404721,0.));
#5755 = CARTESIAN_POINT('',(57.423412965084,24.684082972394,0.));
#5756 = CARTESIAN_POINT('',(57.427569528416,24.679226118501,0.));
#5757 = ORIENTED_EDGE('',*,*,#5758,.F.);
#5758 = EDGE_CURVE('',#5759,#5740,#5761,.T.);
#5759 = VERTEX_POINT('',#5760);
#5760 = CARTESIAN_POINT('',(56.952406287787,24.821620314389,0.));
#5761 = LINE('',#5762,#5763);
#5762 = CARTESIAN_POINT('',(44.520894800484,12.390108827086,
    -2.22044604925E-16));
#5763 = VECTOR('',#5764,1.);
#5764 = DIRECTION('',(0.707106781187,0.707106781187,0.));
#5765 = ORIENTED_EDGE('',*,*,#5766,.F.);
#5766 = EDGE_CURVE('',#5767,#5759,#5769,.T.);
#5767 = VERTEX_POINT('',#5768);
#5768 = CARTESIAN_POINT('',(56.881209189843,24.797629987908,0.));
#5769 = LINE('',#5770,#5771);
#5770 = CARTESIAN_POINT('',(32.465805335189,16.570700428188,
    -2.22044604925E-16));
#5771 = VECTOR('',#5772,1.);
#5772 = DIRECTION('',(0.947648212829,0.319316245627,0.));
#5773 = ORIENTED_EDGE('',*,*,#5774,.F.);
#5774 = EDGE_CURVE('',#5775,#5767,#5777,.T.);
#5775 = VERTEX_POINT('',#5776);
#5776 = CARTESIAN_POINT('',(56.83322853688,24.821620314389,0.));
#5777 = B_SPLINE_CURVE_WITH_KNOTS('',4,(#5778,#5779,#5780,#5781,#5782,
    #5783,#5784,#5785),.UNSPECIFIED.,.F.,.F.,(5,3,5),(0.,0.200815636968,
    1.),.UNSPECIFIED.);
#5778 = CARTESIAN_POINT('',(56.83322853688,24.821620314389,0.));
#5779 = CARTESIAN_POINT('',(56.83322853688,24.819209656707,0.));
#5780 = CARTESIAN_POINT('',(56.833551515396,24.816960117362,0.));
#5781 = CARTESIAN_POINT('',(56.834197696203,24.814871994342,0.));
#5782 = CARTESIAN_POINT('',(56.839024546603,24.805278328994,0.));
#5783 = CARTESIAN_POINT('',(56.847999836698,24.800170099358,0.));
#5784 = CARTESIAN_POINT('',(56.862087608678,24.797629987908,0.));
#5785 = CARTESIAN_POINT('',(56.881209189843,24.797629987908,0.));
#5786 = ORIENTED_EDGE('',*,*,#5787,.F.);
#5787 = EDGE_CURVE('',#5788,#5775,#5790,.T.);
#5788 = VERTEX_POINT('',#5789);
#5789 = CARTESIAN_POINT('',(56.714824667473,24.821620314389,0.));
#5790 = LINE('',#5791,#5792);
#5791 = CARTESIAN_POINT('',(28.41661426844,24.821620314389,0.));
#5792 = VECTOR('',#5793,1.);
#5793 = DIRECTION('',(1.,0.,0.));
#5794 = ORIENTED_EDGE('',*,*,#5795,.F.);
#5795 = EDGE_CURVE('',#5796,#5788,#5798,.T.);
#5796 = VERTEX_POINT('',#5797);
#5797 = CARTESIAN_POINT('',(56.548440145103,24.892817412334,0.));
#5798 = B_SPLINE_CURVE_WITH_KNOTS('',5,(#5799,#5800,#5801,#5802,#5803,
    #5804),.UNSPECIFIED.,.F.,.F.,(6,6),(0.,1.),
  .PIECEWISE_BEZIER_KNOTS.);
#5799 = CARTESIAN_POINT('',(56.548440145103,24.892817412334,0.));
#5800 = CARTESIAN_POINT('',(56.557878450862,24.883064496382,0.));
#5801 = CARTESIAN_POINT('',(56.579676095285,24.870945632757,0.));
#5802 = CARTESIAN_POINT('',(56.613617776799,24.856544832009,0.));
#5803 = CARTESIAN_POINT('',(56.658976535536,24.840035103839,0.));
#5804 = CARTESIAN_POINT('',(56.714824667473,24.821620314389,0.));
#5805 = ORIENTED_EDGE('',*,*,#5806,.F.);
#5806 = EDGE_CURVE('',#5807,#5796,#5809,.T.);
#5807 = VERTEX_POINT('',#5808);
#5808 = CARTESIAN_POINT('',(56.00130592503,24.821620314389,0.));
#5809 = B_SPLINE_CURVE_WITH_KNOTS('',7,(#5810,#5811,#5812,#5813,#5814,
    #5815,#5816,#5817),.UNSPECIFIED.,.F.,.F.,(8,8),(0.,1.),
  .PIECEWISE_BEZIER_KNOTS.);
#5810 = CARTESIAN_POINT('',(56.00130592503,24.821620314389,0.));
#5811 = CARTESIAN_POINT('',(56.107820928682,24.839340712827,0.));
#5812 = CARTESIAN_POINT('',(56.207962588408,24.855284288696,0.));
#5813 = CARTESIAN_POINT('',(56.300551662895,24.869139343217,0.));
#5814 = CARTESIAN_POINT('',(56.383592792263,24.880423909768,0.));
#5815 = CARTESIAN_POINT('',(56.454493585994,24.88854164243,0.));
#5816 = CARTESIAN_POINT('',(56.510201185196,24.892817412334,0.));
#5817 = CARTESIAN_POINT('',(56.548440145103,24.892817412334,0.));
#5818 = ORIENTED_EDGE('',*,*,#5819,.F.);
#5819 = EDGE_CURVE('',#5820,#5807,#5822,.T.);
#5820 = VERTEX_POINT('',#5821);
#5821 = CARTESIAN_POINT('',(55.66853688029,24.797629987908,0.));
#5822 = LINE('',#5823,#5824);
#5823 = CARTESIAN_POINT('',(28.402848840626,22.831964105979,0.));
#5824 = VECTOR('',#5825,1.);
#5825 = DIRECTION('',(0.997411384201,7.190640211685E-02,0.));
#5826 = ORIENTED_EDGE('',*,*,#5827,.F.);
#5827 = EDGE_CURVE('',#5828,#5820,#5830,.T.);
#5828 = VERTEX_POINT('',#5829);
#5829 = CARTESIAN_POINT('',(55.526142684401,24.892817412334,0.));
#5830 = B_SPLINE_CURVE_WITH_KNOTS('',5,(#5831,#5832,#5833,#5834,#5835,
    #5836,#5837,#5838,#5839,#5840),.UNSPECIFIED.,.F.,.F.,(6,4,6),(0.,
    0.374305157005,1.),.UNSPECIFIED.);
#5831 = CARTESIAN_POINT('',(55.526142684401,24.892817412334,0.));
#5832 = CARTESIAN_POINT('',(55.529613682935,24.878586318347,0.));
#5833 = CARTESIAN_POINT('',(55.534433773365,24.865649896035,0.));
#5834 = CARTESIAN_POINT('',(55.540613562892,24.854032777798,0.));
#5835 = CARTESIAN_POINT('',(55.548154640465,24.843751114522,0.));
#5836 = CARTESIAN_POINT('',(55.571918503057,24.819870762407,0.));
#5837 = CARTESIAN_POINT('',(55.590570901741,24.808681421182,0.));
#5838 = CARTESIAN_POINT('',(55.612971114231,24.80128100871,0.));
#5839 = CARTESIAN_POINT('',(55.639013027133,24.797629987908,0.));
#5840 = CARTESIAN_POINT('',(55.66853688029,24.797629987908,0.));
#5841 = ORIENTED_EDGE('',*,*,#5842,.F.);
#5842 = EDGE_CURVE('',#5843,#5828,#5845,.T.);
#5843 = VERTEX_POINT('',#5844);
#5844 = CARTESIAN_POINT('',(53.410350665054,24.892817412334,0.));
#5845 = LINE('',#5846,#5847);
#5846 = CARTESIAN_POINT('',(27.763071342201,24.892817412334,0.));
#5847 = VECTOR('',#5848,1.);
#5848 = DIRECTION('',(1.,0.,0.));
#5849 = ORIENTED_EDGE('',*,*,#5850,.F.);
#5850 = EDGE_CURVE('',#5851,#5843,#5853,.T.);
#5851 = VERTEX_POINT('',#5852);
#5852 = CARTESIAN_POINT('',(52.792019347037,25.011995163241,0.));
#5853 = LINE('',#5854,#5855);
#5854 = CARTESIAN_POINT('',(27.001323511543,29.982917764825,
    -2.22044604925E-16));
#5855 = VECTOR('',#5856,1.);
#5856 = DIRECTION('',(0.981927470354,-0.189257610056,0.));
#5857 = ORIENTED_EDGE('',*,*,#5858,.F.);
#5858 = EDGE_CURVE('',#5859,#5851,#5861,.T.);
#5859 = VERTEX_POINT('',#5860);
#5860 = CARTESIAN_POINT('',(52.221668681983,25.083192261185,0.));
#5861 = LINE('',#5862,#5863);
#5862 = CARTESIAN_POINT('',(26.371552264156,28.31007246531,
    -2.22044604925E-16));
#5863 = VECTOR('',#5864,1.);
#5864 = DIRECTION('',(0.99229857676,-0.123869021794,0.));
#5865 = ORIENTED_EDGE('',*,*,#5866,.F.);
#5866 = EDGE_CURVE('',#5341,#5859,#5867,.T.);
#5867 = LINE('',#5868,#5869);
#5868 = CARTESIAN_POINT('',(26.007587187481,27.344944695647,
    -2.22044604925E-16));
#5869 = VECTOR('',#5870,1.);
#5870 = DIRECTION('',(0.996298529146,-8.596069346243E-02,0.));
#5871 = FACE_BOUND('',#5872,.T.);
#5872 = EDGE_LOOP('',(#5873,#5890,#5901,#5912,#5927,#5941,#5953,#5961,
    #5974,#5995,#6016,#6047,#6055,#6076,#6086,#6097,#6105,#6113,#6124,
    #6137,#6148,#6156,#6171,#6183,#6195,#6209,#6232,#6243,#6251,#6262,
    #6275,#6290,#6301,#6312,#6324,#6335,#6356,#6369,#6377,#6389,#6401,
    #6412,#6424,#6435,#6448,#6458,#6468,#6476,#6489,#6499,#6511,#6524,
    #6539,#6550,#6558,#6590,#6611,#6619,#6631,#6646,#6658,#6666,#6677,
    #6685,#6697,#6705,#6715,#6725,#6740,#6751,#6761,#6772,#6780,#6788,
    #6796,#6804,#6816,#6829,#6840,#6850,#6858,#6866,#6874,#6885,#6893,
    #6912));
#5873 = ORIENTED_EDGE('',*,*,#5874,.F.);
#5874 = EDGE_CURVE('',#5875,#5877,#5879,.T.);
#5875 = VERTEX_POINT('',#5876);
#5876 = CARTESIAN_POINT('',(61.360435308343,24.631245465538,0.));
#5877 = VERTEX_POINT('',#5878);
#5878 = CARTESIAN_POINT('',(61.431632406288,24.726432889964,0.));
#5879 = B_SPLINE_CURVE_WITH_KNOTS('',5,(#5880,#5881,#5882,#5883,#5884,
    #5885,#5886,#5887,#5888,#5889),.UNSPECIFIED.,.F.,.F.,(6,4,6),(0.,
    0.88748515286,1.),.UNSPECIFIED.);
#5880 = CARTESIAN_POINT('',(61.360435308343,24.631245465538,0.));
#5881 = CARTESIAN_POINT('',(61.368864145864,24.664688917635,0.));
#5882 = CARTESIAN_POINT('',(61.379145085565,24.691030308584,0.));
#5883 = CARTESIAN_POINT('',(61.391311422839,24.709983675041,0.));
#5884 = CARTESIAN_POINT('',(61.405363743773,24.721382277245,0.));
#5885 = CARTESIAN_POINT('',(61.42327546083,24.725703661647,0.));
#5886 = CARTESIAN_POINT('',(61.425320442455,24.726068315805,0.));
#5887 = CARTESIAN_POINT('',(61.42739498972,24.726311385141,0.));
#5888 = CARTESIAN_POINT('',(61.429499011272,24.726432889964,0.));
#5889 = CARTESIAN_POINT('',(61.431632406288,24.726432889964,0.));
#5890 = ORIENTED_EDGE('',*,*,#5891,.F.);
#5891 = EDGE_CURVE('',#5892,#5875,#5894,.T.);
#5892 = VERTEX_POINT('',#5893);
#5893 = CARTESIAN_POINT('',(61.122853688029,24.108101571947,0.));
#5894 = B_SPLINE_CURVE_WITH_KNOTS('',5,(#5895,#5896,#5897,#5898,#5899,
    #5900),.UNSPECIFIED.,.F.,.F.,(6,6),(0.,1.),
  .PIECEWISE_BEZIER_KNOTS.);
#5895 = CARTESIAN_POINT('',(61.122853688029,24.108101571947,0.));
#5896 = CARTESIAN_POINT('',(61.150638044881,24.228903123476,0.));
#5897 = CARTESIAN_POINT('',(61.187928433774,24.342508401512,0.));
#5898 = CARTESIAN_POINT('',(61.235221002915,24.447967889846,0.));
#5899 = CARTESIAN_POINT('',(61.292789991613,24.544407756619,0.));
#5900 = CARTESIAN_POINT('',(61.360435308343,24.631245465538,0.));
#5901 = ORIENTED_EDGE('',*,*,#5902,.F.);
#5902 = EDGE_CURVE('',#5903,#5892,#5905,.T.);
#5903 = VERTEX_POINT('',#5904);
#5904 = CARTESIAN_POINT('',(61.003675937122,23.799322853688,0.));
#5905 = B_SPLINE_CURVE_WITH_KNOTS('',5,(#5906,#5907,#5908,#5909,#5910,
    #5911),.UNSPECIFIED.,.F.,.F.,(6,6),(0.,1.),
  .PIECEWISE_BEZIER_KNOTS.);
#5906 = CARTESIAN_POINT('',(61.003675937122,23.799322853688,0.));
#5907 = CARTESIAN_POINT('',(61.022508602847,23.874046011241,0.));
#5908 = CARTESIAN_POINT('',(61.043778489585,23.942639652512,0.));
#5909 = CARTESIAN_POINT('',(61.067562358134,24.004732110117,0.));
#5910 = CARTESIAN_POINT('',(61.093915741312,24.059976508384,0.));
#5911 = CARTESIAN_POINT('',(61.122853688029,24.108101571947,0.));
#5912 = ORIENTED_EDGE('',*,*,#5913,.F.);
#5913 = EDGE_CURVE('',#5914,#5903,#5916,.T.);
#5914 = VERTEX_POINT('',#5915);
#5915 = CARTESIAN_POINT('',(60.694897218863,22.610640870617,0.));
#5916 = B_SPLINE_CURVE_WITH_KNOTS('',5,(#5917,#5918,#5919,#5920,#5921,
    #5922,#5923,#5924,#5925,#5926),.UNSPECIFIED.,.F.,.F.,(6,4,6),(0.,
    0.554202561994,1.),.UNSPECIFIED.);
#5917 = CARTESIAN_POINT('',(60.694897218863,22.610640870617,0.));
#5918 = CARTESIAN_POINT('',(60.713243548354,22.757262349388,0.));
#5919 = CARTESIAN_POINT('',(60.734974419156,22.901238687566,0.));
#5920 = CARTESIAN_POINT('',(60.76054372509,23.042066915896,0.));
#5921 = CARTESIAN_POINT('',(60.790509768408,23.178929447473,0.));
#5922 = CARTESIAN_POINT('',(60.85381763467,23.416585338928,0.));
#5923 = CARTESIAN_POINT('',(60.885347512438,23.519175922158,0.));
#5924 = CARTESIAN_POINT('',(60.920558496872,23.617801362044,0.));
#5925 = CARTESIAN_POINT('',(60.959871126203,23.711554518766,0.));
#5926 = CARTESIAN_POINT('',(61.003675937122,23.799322853688,0.));
#5927 = ORIENTED_EDGE('',*,*,#5928,.F.);
#5928 = EDGE_CURVE('',#5929,#5914,#5931,.T.);
#5929 = VERTEX_POINT('',#5930);
#5930 = CARTESIAN_POINT('',(60.599709794438,20.874824667473,0.));
#5931 = B_SPLINE_CURVE_WITH_KNOTS('',8,(#5932,#5933,#5934,#5935,#5936,
    #5937,#5938,#5939,#5940),.UNSPECIFIED.,.F.,.F.,(9,9),(0.,1.),
  .PIECEWISE_BEZIER_KNOTS.);
#5932 = CARTESIAN_POINT('',(60.599709794438,20.874824667473,0.));
#5933 = CARTESIAN_POINT('',(60.599709794438,21.073172970708,0.));
#5934 = CARTESIAN_POINT('',(60.604896056353,21.280548125701,0.));
#5935 = CARTESIAN_POINT('',(60.613848911604,21.494036017816,0.));
#5936 = CARTESIAN_POINT('',(60.625842395857,21.71198503925,0.));
#5937 = CARTESIAN_POINT('',(60.640280550061,21.933149995028,0.));
#5938 = CARTESIAN_POINT('',(60.656782673163,22.156830254176,0.));
#5939 = CARTESIAN_POINT('',(60.675051522519,22.382657383342,0.));
#5940 = CARTESIAN_POINT('',(60.694897218863,22.610640870617,0.));
#5941 = ORIENTED_EDGE('',*,*,#5942,.F.);
#5942 = EDGE_CURVE('',#5943,#5929,#5945,.T.);
#5943 = VERTEX_POINT('',#5944);
#5944 = CARTESIAN_POINT('',(60.575719467956,20.090882708585,0.));
#5945 = B_SPLINE_CURVE_WITH_KNOTS('',6,(#5946,#5947,#5948,#5949,#5950,
    #5951,#5952),.UNSPECIFIED.,.F.,.F.,(7,7),(0.,1.),
  .PIECEWISE_BEZIER_KNOTS.);
#5946 = CARTESIAN_POINT('',(60.575719467956,20.090882708585,0.));
#5947 = CARTESIAN_POINT('',(60.575719467956,20.241000806617,0.));
#5948 = CARTESIAN_POINT('',(60.577021338537,20.385227119075,0.));
#5949 = CARTESIAN_POINT('',(60.579812142565,20.522573700188,0.));
#5950 = CARTESIAN_POINT('',(60.584328837982,20.651468213565,0.));
#5951 = CARTESIAN_POINT('',(60.590858507533,20.769751326151,0.));
#5952 = CARTESIAN_POINT('',(60.599709794438,20.874824667473,0.));
#5953 = ORIENTED_EDGE('',*,*,#5954,.F.);
#5954 = EDGE_CURVE('',#5955,#5943,#5957,.T.);
#5955 = VERTEX_POINT('',#5956);
#5956 = CARTESIAN_POINT('',(60.575719467956,19.519758162031,0.));
#5957 = LINE('',#5958,#5959);
#5958 = CARTESIAN_POINT('',(60.575719467956,26.045441354293,0.));
#5959 = VECTOR('',#5960,1.);
#5960 = DIRECTION('',(0.,1.,0.));
#5961 = ORIENTED_EDGE('',*,*,#5962,.F.);
#5962 = EDGE_CURVE('',#5963,#5955,#5965,.T.);
#5963 = VERTEX_POINT('',#5964);
#5964 = CARTESIAN_POINT('',(60.551729141475,18.403047158404,0.));
#5965 = B_SPLINE_CURVE_WITH_KNOTS('',7,(#5966,#5967,#5968,#5969,#5970,
    #5971,#5972,#5973),.UNSPECIFIED.,.F.,.F.,(8,8),(0.,1.),
  .PIECEWISE_BEZIER_KNOTS.);
#5966 = CARTESIAN_POINT('',(60.551729141475,18.403047158404,0.));
#5967 = CARTESIAN_POINT('',(60.559745196321,18.538027178709,0.));
#5968 = CARTESIAN_POINT('',(60.56572072237,18.685064729617,0.));
#5969 = CARTESIAN_POINT('',(60.570059752297,18.841010910515,0.));
#5970 = CARTESIAN_POINT('',(60.573034930171,19.003716784112,0.));
#5971 = CARTESIAN_POINT('',(60.57486643366,19.171623382319,0.));
#5972 = CARTESIAN_POINT('',(60.575719467956,19.343779639234,0.));
#5973 = CARTESIAN_POINT('',(60.575719467956,19.519758162031,0.));
#5974 = ORIENTED_EDGE('',*,*,#5975,.F.);
#5975 = EDGE_CURVE('',#5976,#5963,#5978,.T.);
#5976 = VERTEX_POINT('',#5977);
#5977 = CARTESIAN_POINT('',(60.528512696493,16.714437726723,0.));
#5978 = B_SPLINE_CURVE_WITH_KNOTS('',8,(#5979,#5980,#5981,#5982,#5983,
    #5984,#5985,#5986,#5987,#5988,#5989,#5990,#5991,#5992,#5993,#5994),
  .UNSPECIFIED.,.F.,.F.,(9,7,9),(0.,0.654017543021,1.),.UNSPECIFIED.);
#5979 = CARTESIAN_POINT('',(60.528512696493,16.714437726723,0.));
#5980 = CARTESIAN_POINT('',(60.528512696493,16.864933401605,0.));
#5981 = CARTESIAN_POINT('',(60.528701796116,17.014387060326,0.));
#5982 = CARTESIAN_POINT('',(60.52910498277,17.162765868275,0.));
#5983 = CARTESIAN_POINT('',(60.529755860527,17.309892453603,0.));
#5984 = CARTESIAN_POINT('',(60.53069498128,17.455458733504,0.));
#5985 = CARTESIAN_POINT('',(60.531983149361,17.598939280196,0.));
#5986 = CARTESIAN_POINT('',(60.53369475297,17.739635881244,0.));
#5987 = CARTESIAN_POINT('',(60.537183612296,17.948620400817,0.));
#5988 = CARTESIAN_POINT('',(60.538547947959,18.019664775322,0.));
#5989 = CARTESIAN_POINT('',(60.540092145162,18.089369099405,0.));
#5990 = CARTESIAN_POINT('',(60.541842850506,18.157503674409,0.));
#5991 = CARTESIAN_POINT('',(60.543833975832,18.223654927736,0.));
#5992 = CARTESIAN_POINT('',(60.5461062846,18.287230419685,0.));
#5993 = CARTESIAN_POINT('',(60.548711505333,18.347422065508,0.));
#5994 = CARTESIAN_POINT('',(60.551729141475,18.403047158404,0.));
#5995 = ORIENTED_EDGE('',*,*,#5996,.F.);
#5996 = EDGE_CURVE('',#5997,#5976,#5999,.T.);
#5997 = VERTEX_POINT('',#5998);
#5998 = CARTESIAN_POINT('',(60.670906892382,11.50853688029,0.));
#5999 = B_SPLINE_CURVE_WITH_KNOTS('',8,(#6000,#6001,#6002,#6003,#6004,
    #6005,#6006,#6007,#6008,#6009,#6010,#6011,#6012,#6013,#6014,#6015),
  .UNSPECIFIED.,.F.,.F.,(9,7,9),(0.,0.493937589004,1.),.UNSPECIFIED.);
#6000 = CARTESIAN_POINT('',(60.670906892382,11.50853688029,0.));
#6001 = CARTESIAN_POINT('',(60.646385192128,11.823720690623,0.));
#6002 = CARTESIAN_POINT('',(60.626152431164,12.140978203653,0.));
#6003 = CARTESIAN_POINT('',(60.60907185183,12.459644865458,0.));
#6004 = CARTESIAN_POINT('',(60.594594493125,12.779351109315,0.));
#6005 = CARTESIAN_POINT('',(60.582273725734,13.099822321107,0.));
#6006 = CARTESIAN_POINT('',(60.571818358329,13.420903163484,0.));
#6007 = CARTESIAN_POINT('',(60.562983129433,13.742509278787,0.));
#6008 = CARTESIAN_POINT('',(60.547997702038,14.394667517554,0.));
#6009 = CARTESIAN_POINT('',(60.541920071725,14.725166184597,0.));
#6010 = CARTESIAN_POINT('',(60.537146856086,15.05604762757,0.));
#6011 = CARTESIAN_POINT('',(60.533527551745,15.387248552175,0.));
#6012 = CARTESIAN_POINT('',(60.530944448821,15.718720400864,0.));
#6013 = CARTESIAN_POINT('',(60.529300416875,16.050425964753,0.));
#6014 = CARTESIAN_POINT('',(60.528512696493,16.382337696869,0.));
#6015 = CARTESIAN_POINT('',(60.528512696493,16.714437726723,0.));
#6016 = ORIENTED_EDGE('',*,*,#6017,.F.);
#6017 = EDGE_CURVE('',#6018,#5997,#6020,.T.);
#6018 = VERTEX_POINT('',#6019);
#6019 = CARTESIAN_POINT('',(61.47961305925,11.080580411125,0.));
#6020 = B_SPLINE_CURVE_WITH_KNOTS('',7,(#6021,#6022,#6023,#6024,#6025,
    #6026,#6027,#6028,#6029,#6030,#6031,#6032,#6033,#6034,#6035,#6036,
    #6037,#6038,#6039,#6040,#6041,#6042,#6043,#6044,#6045,#6046),
  .UNSPECIFIED.,.F.,.F.,(8,6,6,6,8),(0.,0.572707050365,0.720416676098,
    0.950532116726,1.),.UNSPECIFIED.);
#6021 = CARTESIAN_POINT('',(61.47961305925,11.080580411125,0.));
#6022 = CARTESIAN_POINT('',(61.382131809248,11.097744573804,0.));
#6023 = CARTESIAN_POINT('',(61.287035874036,11.116908815022,0.));
#6024 = CARTESIAN_POINT('',(61.194495290303,11.138444552545,0.));
#6025 = CARTESIAN_POINT('',(61.105215970799,11.16279146368,0.));
#6026 = CARTESIAN_POINT('',(61.020501028022,11.190493529496,0.));
#6027 = CARTESIAN_POINT('',(60.942217294338,11.222181913717,0.));
#6028 = CARTESIAN_POINT('',(60.855252788196,11.268202365293,0.));
#6029 = CARTESIAN_POINT('',(60.83804384062,11.277956992549,0.));
#6030 = CARTESIAN_POINT('',(60.821507709155,11.288041928319,0.));
#6031 = CARTESIAN_POINT('',(60.805701878076,11.298467366568,0.));
#6032 = CARTESIAN_POINT('',(60.790688302551,11.309241448129,0.));
#6033 = CARTESIAN_POINT('',(60.776531513043,11.320369433791,0.));
#6034 = CARTESIAN_POINT('',(60.742678359299,11.34974282647,0.));
#6035 = CARTESIAN_POINT('',(60.724287702497,11.36850399589,0.));
#6036 = CARTESIAN_POINT('',(60.708390227011,11.388129361499,0.));
#6037 = CARTESIAN_POINT('',(60.695236190176,11.40859078945,0.));
#6038 = CARTESIAN_POINT('',(60.685034595079,11.42983195433,0.));
#6039 = CARTESIAN_POINT('',(60.67792055955,11.451759295464,0.));
#6040 = CARTESIAN_POINT('',(60.67305524736,11.479061752912,0.));
#6041 = CARTESIAN_POINT('',(60.672338053019,11.483917972269,0.));
#6042 = CARTESIAN_POINT('',(60.671764725739,11.488798425459,0.));
#6043 = CARTESIAN_POINT('',(60.67133526884,11.49370184517,0.));
#6044 = CARTESIAN_POINT('',(60.671049468225,11.498626940754,0.));
#6045 = CARTESIAN_POINT('',(60.670906892382,11.503572398232,0.));
#6046 = CARTESIAN_POINT('',(60.670906892382,11.50853688029,0.));
#6047 = ORIENTED_EDGE('',*,*,#6048,.F.);
#6048 = EDGE_CURVE('',#6049,#6018,#6051,.T.);
#6049 = VERTEX_POINT('',#6050);
#6050 = CARTESIAN_POINT('',(62.786698911729,11.080580411125,0.));
#6051 = LINE('',#6052,#6053);
#6052 = CARTESIAN_POINT('',(30.739806529625,11.080580411125,0.));
#6053 = VECTOR('',#6054,1.);
#6054 = DIRECTION('',(-1.,0.,0.));
#6055 = ORIENTED_EDGE('',*,*,#6056,.F.);
#6056 = EDGE_CURVE('',#6057,#6049,#6059,.T.);
#6057 = VERTEX_POINT('',#6058);
#6058 = CARTESIAN_POINT('',(64.807303506651,11.127787182588,0.));
#6059 = B_SPLINE_CURVE_WITH_KNOTS('',8,(#6060,#6061,#6062,#6063,#6064,
    #6065,#6066,#6067,#6068,#6069,#6070,#6071,#6072,#6073,#6074,#6075),
  .UNSPECIFIED.,.F.,.F.,(9,7,9),(0.,0.563303519234,1.),.UNSPECIFIED.);
#6060 = CARTESIAN_POINT('',(64.807303506651,11.127787182588,0.));
#6061 = CARTESIAN_POINT('',(64.680140483957,11.118767479815,0.));
#6062 = CARTESIAN_POINT('',(64.547828076019,11.111387475032,0.));
#6063 = CARTESIAN_POINT('',(64.41190244271,11.10524760569,0.));
#6064 = CARTESIAN_POINT('',(64.273268881097,11.100136158195,0.));
#6065 = CARTESIAN_POINT('',(64.132606312899,11.095879918201,0.));
#6066 = CARTESIAN_POINT('',(63.990323281598,11.092359110291,0.));
#6067 = CARTESIAN_POINT('',(63.846654097502,11.089473955106,0.));
#6068 = CARTESIAN_POINT('',(63.589228097581,11.085345251849,0.));
#6069 = CARTESIAN_POINT('',(63.476099848166,11.083879924988,0.));
#6070 = CARTESIAN_POINT('',(63.362357263882,11.082716734456,0.));
#6071 = CARTESIAN_POINT('',(63.248078479646,11.081827138298,0.));
#6072 = CARTESIAN_POINT('',(63.133326896099,11.081187525298,0.));
#6073 = CARTESIAN_POINT('',(63.01815398995,11.080777772012,0.));
#6074 = CARTESIAN_POINT('',(62.902600917558,11.080580411125,0.));
#6075 = CARTESIAN_POINT('',(62.786698911729,11.080580411125,0.));
#6076 = ORIENTED_EDGE('',*,*,#6077,.F.);
#6077 = EDGE_CURVE('',#6078,#6057,#6080,.T.);
#6078 = VERTEX_POINT('',#6079);
#6079 = CARTESIAN_POINT('',(66.828681983071,11.198984280532,0.));
#6080 = B_SPLINE_CURVE_WITH_KNOTS('',4,(#6081,#6082,#6083,#6084,#6085),
  .UNSPECIFIED.,.F.,.F.,(5,5),(0.,1.),.PIECEWISE_BEZIER_KNOTS.);
#6081 = CARTESIAN_POINT('',(66.828681983071,11.198984280532,0.));
#6082 = CARTESIAN_POINT('',(66.321872205813,11.198984280532,0.));
#6083 = CARTESIAN_POINT('',(65.815796358762,11.187319153072,0.));
#6084 = CARTESIAN_POINT('',(65.310807655686,11.163668190885,0.));
#6085 = CARTESIAN_POINT('',(64.807303506651,11.127787182588,0.));
#6086 = ORIENTED_EDGE('',*,*,#6087,.F.);
#6087 = EDGE_CURVE('',#6088,#6078,#6090,.T.);
#6088 = VERTEX_POINT('',#6089);
#6089 = CARTESIAN_POINT('',(67.184667472793,11.17576783555,0.));
#6090 = B_SPLINE_CURVE_WITH_KNOTS('',5,(#6091,#6092,#6093,#6094,#6095,
    #6096),.UNSPECIFIED.,.F.,.F.,(6,6),(0.,1.),
  .PIECEWISE_BEZIER_KNOTS.);
#6091 = CARTESIAN_POINT('',(67.184667472793,11.17576783555,0.));
#6092 = CARTESIAN_POINT('',(67.135690115097,11.18537123902,0.));
#6093 = CARTESIAN_POINT('',(67.074616769336,11.19236431818,0.));
#6094 = CARTESIAN_POINT('',(67.002328954489,11.196840772973,0.));
#6095 = CARTESIAN_POINT('',(66.919992058523,11.198984280532,0.));
#6096 = CARTESIAN_POINT('',(66.828681983071,11.198984280532,0.));
#6097 = ORIENTED_EDGE('',*,*,#6098,.F.);
#6098 = EDGE_CURVE('',#6099,#6088,#6101,.T.);
#6099 = VERTEX_POINT('',#6100);
#6100 = CARTESIAN_POINT('',(67.541426844015,11.17576783555,0.));
#6101 = LINE('',#6102,#6103);
#6102 = CARTESIAN_POINT('',(33.592333736397,11.17576783555,0.));
#6103 = VECTOR('',#6104,1.);
#6104 = DIRECTION('',(-1.,0.,0.));
#6105 = ORIENTED_EDGE('',*,*,#6106,.F.);
#6106 = EDGE_CURVE('',#6107,#6099,#6109,.T.);
#6107 = VERTEX_POINT('',#6108);
#6108 = CARTESIAN_POINT('',(67.660604594921,11.270955259976,0.));
#6109 = LINE('',#6110,#6111);
#6110 = CARTESIAN_POINT('',(52.00068964008,-1.236639152008,
    -2.22044604925E-16));
#6111 = VECTOR('',#6112,1.);
#6112 = DIRECTION('',(-0.781363568139,-0.62407609663,0.));
#6113 = ORIENTED_EDGE('',*,*,#6114,.F.);
#6114 = EDGE_CURVE('',#6115,#6107,#6117,.T.);
#6115 = VERTEX_POINT('',#6116);
#6116 = CARTESIAN_POINT('',(69.277243047158,11.057363966143,0.));
#6117 = B_SPLINE_CURVE_WITH_KNOTS('',5,(#6118,#6119,#6120,#6121,#6122,
    #6123),.UNSPECIFIED.,.F.,.F.,(6,6),(0.,1.),
  .PIECEWISE_BEZIER_KNOTS.);
#6118 = CARTESIAN_POINT('',(69.277243047158,11.057363966143,0.));
#6119 = CARTESIAN_POINT('',(68.949486176274,11.075962263002,0.));
#6120 = CARTESIAN_POINT('',(68.623430245773,11.106285415956,0.));
#6121 = CARTESIAN_POINT('',(68.299570244594,11.148720344407,0.));
#6122 = CARTESIAN_POINT('',(67.978441243764,11.203563860073,0.));
#6123 = CARTESIAN_POINT('',(67.660604594921,11.270955259976,0.));
#6124 = ORIENTED_EDGE('',*,*,#6125,.F.);
#6125 = EDGE_CURVE('',#6126,#6115,#6128,.T.);
#6126 = VERTEX_POINT('',#6127);
#6127 = CARTESIAN_POINT('',(71.29784764208,11.00938331318,0.));
#6128 = B_SPLINE_CURVE_WITH_KNOTS('',7,(#6129,#6130,#6131,#6132,#6133,
    #6134,#6135,#6136),.UNSPECIFIED.,.F.,.F.,(8,8),(0.,1.),
  .PIECEWISE_BEZIER_KNOTS.);
#6129 = CARTESIAN_POINT('',(71.29784764208,11.00938331318,0.));
#6130 = CARTESIAN_POINT('',(71.000583149382,11.00938331318,0.));
#6131 = CARTESIAN_POINT('',(70.705377112177,11.011133484979,0.));
#6132 = CARTESIAN_POINT('',(70.412449594831,11.014867685777,0.));
#6133 = CARTESIAN_POINT('',(70.122248155679,11.02087893867,0.));
#6134 = CARTESIAN_POINT('',(69.835518386661,11.029568768795,0.));
#6135 = CARTESIAN_POINT('',(69.55329465493,11.04144285016,0.));
#6136 = CARTESIAN_POINT('',(69.277243047158,11.057363966143,0.));
#6137 = ORIENTED_EDGE('',*,*,#6138,.F.);
#6138 = EDGE_CURVE('',#6139,#6126,#6141,.T.);
#6139 = VERTEX_POINT('',#6140);
#6140 = CARTESIAN_POINT('',(71.417025392987,11.080580411125,0.));
#6141 = B_SPLINE_CURVE_WITH_KNOTS('',5,(#6142,#6143,#6144,#6145,#6146,
    #6147),.UNSPECIFIED.,.F.,.F.,(6,6),(0.,1.),
  .PIECEWISE_BEZIER_KNOTS.);
#6142 = CARTESIAN_POINT('',(71.417025392987,11.080580411125,0.));
#6143 = CARTESIAN_POINT('',(71.388512938493,11.052374542163,0.));
#6144 = CARTESIAN_POINT('',(71.362243238104,11.030968132562,0.));
#6145 = CARTESIAN_POINT('',(71.338325748415,11.016589279445,0.));
#6146 = CARTESIAN_POINT('',(71.316844397426,11.00938331318,0.));
#6147 = CARTESIAN_POINT('',(71.29784764208,11.00938331318,0.));
#6148 = ORIENTED_EDGE('',*,*,#6149,.F.);
#6149 = EDGE_CURVE('',#6150,#6139,#6152,.T.);
#6150 = VERTEX_POINT('',#6151);
#6151 = CARTESIAN_POINT('',(72.177750906892,11.080580411125,0.));
#6152 = LINE('',#6153,#6154);
#6153 = CARTESIAN_POINT('',(35.708512696493,11.080580411125,0.));
#6154 = VECTOR('',#6155,1.);
#6155 = DIRECTION('',(-1.,0.,0.));
#6156 = ORIENTED_EDGE('',*,*,#6157,.F.);
#6157 = EDGE_CURVE('',#6158,#6150,#6160,.T.);
#6158 = VERTEX_POINT('',#6159);
#6159 = CARTESIAN_POINT('',(72.474147521161,11.294945586457,0.));
#6160 = B_SPLINE_CURVE_WITH_KNOTS('',5,(#6161,#6162,#6163,#6164,#6165,
    #6166,#6167,#6168,#6169,#6170),.UNSPECIFIED.,.F.,.F.,(6,4,6),(0.,
    0.704579107205,1.),.UNSPECIFIED.);
#6161 = CARTESIAN_POINT('',(72.474147521161,11.294945586457,0.));
#6162 = CARTESIAN_POINT('',(72.445024214241,11.236487934161,0.));
#6163 = CARTESIAN_POINT('',(72.411443941749,11.186773259547,0.));
#6164 = CARTESIAN_POINT('',(72.373234680167,11.146930250171,0.));
#6165 = CARTESIAN_POINT('',(72.330415460712,11.117827656389,0.));
#6166 = CARTESIAN_POINT('',(72.263686515058,11.091981360284,0.));
#6167 = CARTESIAN_POINT('',(72.243233550988,11.08625996343,0.));
#6168 = CARTESIAN_POINT('',(72.222069046978,11.082463137354,0.));
#6169 = CARTESIAN_POINT('',(72.200227760464,11.080580411125,0.));
#6170 = CARTESIAN_POINT('',(72.177750906892,11.080580411125,0.));
#6171 = ORIENTED_EDGE('',*,*,#6172,.F.);
#6172 = EDGE_CURVE('',#6173,#6158,#6175,.T.);
#6173 = VERTEX_POINT('',#6174);
#6174 = CARTESIAN_POINT('',(72.652914147521,11.912503022975,0.));
#6175 = B_SPLINE_CURVE_WITH_KNOTS('',6,(#6176,#6177,#6178,#6179,#6180,
    #6181,#6182),.UNSPECIFIED.,.F.,.F.,(7,7),(0.,1.),
  .PIECEWISE_BEZIER_KNOTS.);
#6176 = CARTESIAN_POINT('',(72.652914147521,11.912503022975,0.));
#6177 = CARTESIAN_POINT('',(72.631026692329,11.788315505473,0.));
#6178 = CARTESIAN_POINT('',(72.606362540732,11.670869615373,0.));
#6179 = CARTESIAN_POINT('',(72.578626121589,11.561248831954,0.));
#6180 = CARTESIAN_POINT('',(72.547513812245,11.460900305389,0.));
#6181 = CARTESIAN_POINT('',(72.51273733909,11.371569973136,0.));
#6182 = CARTESIAN_POINT('',(72.474147521161,11.294945586457,0.));
#6183 = ORIENTED_EDGE('',*,*,#6184,.F.);
#6184 = EDGE_CURVE('',#6185,#6173,#6187,.T.);
#6185 = VERTEX_POINT('',#6186);
#6186 = CARTESIAN_POINT('',(72.79530834341,12.67322853688,0.));
#6187 = B_SPLINE_CURVE_WITH_KNOTS('',6,(#6188,#6189,#6190,#6191,#6192,
    #6193,#6194),.UNSPECIFIED.,.F.,.F.,(7,7),(0.,1.),
  .PIECEWISE_BEZIER_KNOTS.);
#6188 = CARTESIAN_POINT('',(72.79530834341,12.67322853688,0.));
#6189 = CARTESIAN_POINT('',(72.780557843737,12.532010638372,0.));
#6190 = CARTESIAN_POINT('',(72.76261948006,12.395568886076,0.));
#6191 = CARTESIAN_POINT('',(72.741204910985,12.264529521843,0.));
#6192 = CARTESIAN_POINT('',(72.715998787733,12.139690740598,0.));
#6193 = CARTESIAN_POINT('',(72.686670077873,12.022003967773,0.));
#6194 = CARTESIAN_POINT('',(72.652914147521,11.912503022975,0.));
#6195 = ORIENTED_EDGE('',*,*,#6196,.F.);
#6196 = EDGE_CURVE('',#6197,#6185,#6199,.T.);
#6197 = VERTEX_POINT('',#6198);
#6198 = CARTESIAN_POINT('',(72.96169286578,13.457944377267,0.));
#6199 = B_SPLINE_CURVE_WITH_KNOTS('',8,(#6200,#6201,#6202,#6203,#6204,
    #6205,#6206,#6207,#6208),.UNSPECIFIED.,.F.,.F.,(9,9),(0.,1.),
  .PIECEWISE_BEZIER_KNOTS.);
#6200 = CARTESIAN_POINT('',(72.96169286578,13.457944377267,0.));
#6201 = CARTESIAN_POINT('',(72.940296041661,13.400731130166,0.));
#6202 = CARTESIAN_POINT('',(72.918755609846,13.325595543864,0.));
#6203 = CARTESIAN_POINT('',(72.897321810628,13.236348892828,0.));
#6204 = CARTESIAN_POINT('',(72.876165360999,13.136484522262,0.));
#6205 = CARTESIAN_POINT('',(72.855388042228,13.028704817633,0.));
#6206 = CARTESIAN_POINT('',(72.835022027861,12.914962051952,0.));
#6207 = CARTESIAN_POINT('',(72.815030550136,12.796372071557,0.));
#6208 = CARTESIAN_POINT('',(72.79530834341,12.67322853688,0.));
#6209 = ORIENTED_EDGE('',*,*,#6210,.F.);
#6210 = EDGE_CURVE('',#6211,#6197,#6213,.T.);
#6211 = VERTEX_POINT('',#6212);
#6212 = CARTESIAN_POINT('',(72.724111245466,14.123482466747,0.));
#6213 = B_SPLINE_CURVE_WITH_KNOTS('',5,(#6214,#6215,#6216,#6217,#6218,
    #6219,#6220,#6221,#6222,#6223,#6224,#6225,#6226,#6227,#6228,#6229,
    #6230,#6231),.UNSPECIFIED.,.F.,.F.,(6,4,4,4,6),(0.,
    9.713642369523E-02,0.35121239534,0.507243729255,1.),.UNSPECIFIED.);
#6214 = CARTESIAN_POINT('',(72.724111245466,14.123482466747,0.));
#6215 = CARTESIAN_POINT('',(72.734775058617,14.123482466747,0.));
#6216 = CARTESIAN_POINT('',(72.745195062593,14.122644566273,0.));
#6217 = CARTESIAN_POINT('',(72.755347640723,14.120950915297,0.));
#6218 = CARTESIAN_POINT('',(72.765212168174,14.118395513623,0.));
#6219 = CARTESIAN_POINT('',(72.799773708432,14.106061398767,0.));
#6220 = CARTESIAN_POINT('',(72.822695785603,14.09127917576,0.));
#6221 = CARTESIAN_POINT('',(72.84319093107,14.070754485072,0.));
#6222 = CARTESIAN_POINT('',(72.861257211765,14.04519411566,0.));
#6223 = CARTESIAN_POINT('',(72.886694705186,13.99709189735,0.));
#6224 = CARTESIAN_POINT('',(72.895506422779,13.977184806533,0.));
#6225 = CARTESIAN_POINT('',(72.903485163827,13.955844322664,0.));
#6226 = CARTESIAN_POINT('',(72.910681899405,13.933241758445,0.));
#6227 = CARTESIAN_POINT('',(72.937572179575,13.834602325832,0.));
#6228 = CARTESIAN_POINT('',(72.950679541933,13.748658556013,0.));
#6229 = CARTESIAN_POINT('',(72.958289567549,13.65587079844,0.));
#6230 = CARTESIAN_POINT('',(72.96169286578,13.558701957104,0.));
#6231 = CARTESIAN_POINT('',(72.96169286578,13.457944377267,0.));
#6232 = ORIENTED_EDGE('',*,*,#6233,.F.);
#6233 = EDGE_CURVE('',#6234,#6211,#6236,.T.);
#6234 = VERTEX_POINT('',#6235);
#6235 = CARTESIAN_POINT('',(72.652914147521,14.052285368803,0.));
#6236 = B_SPLINE_CURVE_WITH_KNOTS('',5,(#6237,#6238,#6239,#6240,#6241,
    #6242),.UNSPECIFIED.,.F.,.F.,(6,6),(0.,1.),
  .PIECEWISE_BEZIER_KNOTS.);
#6237 = CARTESIAN_POINT('',(72.652914147521,14.052285368803,0.));
#6238 = CARTESIAN_POINT('',(72.671638329469,14.080525118626,0.));
#6239 = CARTESIAN_POINT('',(72.688191292475,14.101932532098,0.));
#6240 = CARTESIAN_POINT('',(72.702487655319,14.116293985714,0.));
#6241 = CARTESIAN_POINT('',(72.714468873667,14.123482466747,0.));
#6242 = CARTESIAN_POINT('',(72.724111245466,14.123482466747,0.));
#6243 = ORIENTED_EDGE('',*,*,#6244,.F.);
#6244 = EDGE_CURVE('',#6245,#6234,#6247,.T.);
#6245 = VERTEX_POINT('',#6246);
#6246 = CARTESIAN_POINT('',(72.557726723096,14.028295042322,0.));
#6247 = LINE('',#6248,#6249);
#6248 = CARTESIAN_POINT('',(40.622730733938,5.979637516599,0.));
#6249 = VECTOR('',#6250,1.);
#6250 = DIRECTION('',(0.969676988372,0.244390135281,0.));
#6251 = ORIENTED_EDGE('',*,*,#6252,.F.);
#6252 = EDGE_CURVE('',#6253,#6245,#6255,.T.);
#6253 = VERTEX_POINT('',#6254);
#6254 = CARTESIAN_POINT('',(72.2961547763,14.052285368803,0.));
#6255 = B_SPLINE_CURVE_WITH_KNOTS('',5,(#6256,#6257,#6258,#6259,#6260,
    #6261),.UNSPECIFIED.,.F.,.F.,(6,6),(0.,1.),
  .PIECEWISE_BEZIER_KNOTS.);
#6256 = CARTESIAN_POINT('',(72.2961547763,14.052285368803,0.));
#6257 = CARTESIAN_POINT('',(72.352602403593,14.03326497265,0.));
#6258 = CARTESIAN_POINT('',(72.407117584256,14.021196153182,0.));
#6259 = CARTESIAN_POINT('',(72.459555836422,14.016282904262,0.));
#6260 = CARTESIAN_POINT('',(72.509791703976,14.018645785226,0.));
#6261 = CARTESIAN_POINT('',(72.557726723096,14.028295042322,0.));
#6262 = ORIENTED_EDGE('',*,*,#6263,.F.);
#6263 = EDGE_CURVE('',#6264,#6253,#6266,.T.);
#6264 = VERTEX_POINT('',#6265);
#6265 = CARTESIAN_POINT('',(71.987376058041,14.123482466747,0.));
#6266 = B_SPLINE_CURVE_WITH_KNOTS('',4,(#6267,#6268,#6269,#6270,#6271,
    #6272,#6273,#6274),.UNSPECIFIED.,.F.,.F.,(5,3,5),(0.,0.708291506974,
    1.),.UNSPECIFIED.);
#6267 = CARTESIAN_POINT('',(71.987376058041,14.123482466747,0.));
#6268 = CARTESIAN_POINT('',(72.046076015173,14.123482466747,0.));
#6269 = CARTESIAN_POINT('',(72.102984188859,14.117574930101,0.));
#6270 = CARTESIAN_POINT('',(72.157973445696,14.105668639955,0.));
#6271 = CARTESIAN_POINT('',(72.232769780943,14.080432257568,0.));
#6272 = CARTESIAN_POINT('',(72.254247354675,14.072058246963,0.));
#6273 = CARTESIAN_POINT('',(72.275377393456,14.062674060225,0.));
#6274 = CARTESIAN_POINT('',(72.2961547763,14.052285368803,0.));
#6275 = ORIENTED_EDGE('',*,*,#6276,.F.);
#6276 = EDGE_CURVE('',#6277,#6264,#6279,.T.);
#6277 = VERTEX_POINT('',#6278);
#6278 = CARTESIAN_POINT('',(71.749794437727,14.052285368803,0.));
#6279 = B_SPLINE_CURVE_WITH_KNOTS('',5,(#6280,#6281,#6282,#6283,#6284,
    #6285,#6286,#6287,#6288,#6289),.UNSPECIFIED.,.F.,.F.,(6,4,6),(0.,
    6.275916708397E-02,1.),.UNSPECIFIED.);
#6280 = CARTESIAN_POINT('',(71.749794437727,14.052285368803,0.));
#6281 = CARTESIAN_POINT('',(71.752173571118,14.054079469393,0.));
#6282 = CARTESIAN_POINT('',(71.754572119891,14.055845363817,0.));
#6283 = CARTESIAN_POINT('',(71.75699006401,14.057583032199,0.));
#6284 = CARTESIAN_POINT('',(71.759427381988,14.059292456771,0.));
#6285 = CARTESIAN_POINT('',(71.798571765336,14.086080018966,0.));
#6286 = CARTESIAN_POINT('',(71.839575942971,14.104884478446,0.));
#6287 = CARTESIAN_POINT('',(71.884818195602,14.117332533552,0.));
#6288 = CARTESIAN_POINT('',(71.934151667232,14.123482466747,0.));
#6289 = CARTESIAN_POINT('',(71.987376058041,14.123482466747,0.));
#6290 = ORIENTED_EDGE('',*,*,#6291,.F.);
#6291 = EDGE_CURVE('',#6292,#6277,#6294,.T.);
#6292 = VERTEX_POINT('',#6293);
#6293 = CARTESIAN_POINT('',(71.535429262394,14.028295042322,0.));
#6294 = B_SPLINE_CURVE_WITH_KNOTS('',5,(#6295,#6296,#6297,#6298,#6299,
    #6300),.UNSPECIFIED.,.F.,.F.,(6,6),(0.,1.),
  .PIECEWISE_BEZIER_KNOTS.);
#6295 = CARTESIAN_POINT('',(71.535429262394,14.028295042322,0.));
#6296 = CARTESIAN_POINT('',(71.600172900055,14.028295042322,0.));
#6297 = CARTESIAN_POINT('',(71.654834779602,14.030565425524,0.));
#6298 = CARTESIAN_POINT('',(71.698459021927,14.035263314721,0.));
#6299 = CARTESIAN_POINT('',(71.73022951003,14.042502904955,0.));
#6300 = CARTESIAN_POINT('',(71.749794437727,14.052285368803,0.));
#6301 = ORIENTED_EDGE('',*,*,#6302,.F.);
#6302 = EDGE_CURVE('',#6303,#6292,#6305,.T.);
#6303 = VERTEX_POINT('',#6304);
#6304 = CARTESIAN_POINT('',(71.036275695284,14.099492140266,0.));
#6305 = B_SPLINE_CURVE_WITH_KNOTS('',5,(#6306,#6307,#6308,#6309,#6310,
    #6311),.UNSPECIFIED.,.F.,.F.,(6,6),(0.,1.),
  .PIECEWISE_BEZIER_KNOTS.);
#6306 = CARTESIAN_POINT('',(71.036275695284,14.099492140266,0.));
#6307 = CARTESIAN_POINT('',(71.146649003473,14.071973591883,0.));
#6308 = CARTESIAN_POINT('',(71.252332255511,14.050596809097,0.));
#6309 = CARTESIAN_POINT('',(71.35276991944,14.035864871766,0.));
#6310 = CARTESIAN_POINT('',(71.447334904891,14.028295042322,0.));
#6311 = CARTESIAN_POINT('',(71.535429262394,14.028295042322,0.));
#6312 = ORIENTED_EDGE('',*,*,#6313,.F.);
#6313 = EDGE_CURVE('',#6314,#6303,#6316,.T.);
#6314 = VERTEX_POINT('',#6315);
#6315 = CARTESIAN_POINT('',(70.667908101572,14.17146311971,0.));
#6316 = B_SPLINE_CURVE_WITH_KNOTS('',6,(#6317,#6318,#6319,#6320,#6321,
    #6322,#6323),.UNSPECIFIED.,.F.,.F.,(7,7),(0.,1.),
  .PIECEWISE_BEZIER_KNOTS.);
#6317 = CARTESIAN_POINT('',(70.667908101572,14.17146311971,0.));
#6318 = CARTESIAN_POINT('',(70.75330619817,14.156464020591,0.));
#6319 = CARTESIAN_POINT('',(70.830717629071,14.142441309767,0.));
#6320 = CARTESIAN_POINT('',(70.898991697067,14.129551168747,0.));
#6321 = CARTESIAN_POINT('',(70.956818754091,14.117976665707,0.));
#6322 = CARTESIAN_POINT('',(71.002881240949,14.107908628757,0.));
#6323 = CARTESIAN_POINT('',(71.036275695284,14.099492140266,0.));
#6324 = ORIENTED_EDGE('',*,*,#6325,.F.);
#6325 = EDGE_CURVE('',#6326,#6314,#6328,.T.);
#6326 = VERTEX_POINT('',#6327);
#6327 = CARTESIAN_POINT('',(70.037968561064,14.218669891173,0.));
#6328 = B_SPLINE_CURVE_WITH_KNOTS('',5,(#6329,#6330,#6331,#6332,#6333,
    #6334),.UNSPECIFIED.,.F.,.F.,(6,6),(0.,1.),
  .PIECEWISE_BEZIER_KNOTS.);
#6329 = CARTESIAN_POINT('',(70.037968561064,14.218669891173,0.));
#6330 = CARTESIAN_POINT('',(70.175491471955,14.218669891173,0.));
#6331 = CARTESIAN_POINT('',(70.307869577415,14.21428561793,0.));
#6332 = CARTESIAN_POINT('',(70.434523328483,14.205184180117,0.));
#6333 = CARTESIAN_POINT('',(70.554771718942,14.191013599428,0.));
#6334 = CARTESIAN_POINT('',(70.667908101572,14.17146311971,0.));
#6335 = ORIENTED_EDGE('',*,*,#6336,.F.);
#6336 = EDGE_CURVE('',#6337,#6326,#6339,.T.);
#6337 = VERTEX_POINT('',#6338);
#6338 = CARTESIAN_POINT('',(68.563724304716,14.265876662636,0.));
#6339 = B_SPLINE_CURVE_WITH_KNOTS('',8,(#6340,#6341,#6342,#6343,#6344,
    #6345,#6346,#6347,#6348,#6349,#6350,#6351,#6352,#6353,#6354,#6355),
  .UNSPECIFIED.,.F.,.F.,(9,7,9),(0.,0.620538464591,1.),.UNSPECIFIED.);
#6340 = CARTESIAN_POINT('',(68.563724304716,14.265876662636,0.));
#6341 = CARTESIAN_POINT('',(68.656732767933,14.25616173754,0.));
#6342 = CARTESIAN_POINT('',(68.757263916692,14.248245154169,0.));
#6343 = CARTESIAN_POINT('',(68.863218059019,14.241736400184,0.));
#6344 = CARTESIAN_POINT('',(68.973238541477,14.236400676706,0.));
#6345 = CARTESIAN_POINT('',(69.086306469201,14.232044923281,0.));
#6346 = CARTESIAN_POINT('',(69.201776849382,14.228526861029,0.));
#6347 = CARTESIAN_POINT('',(69.319282611449,14.225729759195,0.));
#6348 = CARTESIAN_POINT('',(69.511797064775,14.222240400753,0.));
#6349 = CARTESIAN_POINT('',(69.585498765012,14.221153992002,0.));
#6350 = CARTESIAN_POINT('',(69.659777169544,14.220284967811,0.));
#6351 = CARTESIAN_POINT('',(69.734570211011,14.219615975445,0.));
#6352 = CARTESIAN_POINT('',(69.809825719039,14.219132129634,0.));
#6353 = CARTESIAN_POINT('',(69.885500218694,14.218820548782,0.));
#6354 = CARTESIAN_POINT('',(69.961557728935,14.218669891173,0.));
#6355 = CARTESIAN_POINT('',(70.037968561064,14.218669891173,0.));
#6356 = ORIENTED_EDGE('',*,*,#6357,.F.);
#6357 = EDGE_CURVE('',#6358,#6337,#6360,.T.);
#6358 = VERTEX_POINT('',#6359);
#6359 = CARTESIAN_POINT('',(68.064570737606,14.409044740024,0.));
#6360 = B_SPLINE_CURVE_WITH_KNOTS('',4,(#6361,#6362,#6363,#6364,#6365,
    #6366,#6367,#6368),.UNSPECIFIED.,.F.,.F.,(5,3,5),(0.,0.585210766938,
    1.),.UNSPECIFIED.);
#6361 = CARTESIAN_POINT('',(68.064570737606,14.409044740024,0.));
#6362 = CARTESIAN_POINT('',(68.133824091633,14.374305272532,0.));
#6363 = CARTESIAN_POINT('',(68.204673658935,14.344838507892,0.));
#6364 = CARTESIAN_POINT('',(68.2770259462,14.320786247765,0.));
#6365 = CARTESIAN_POINT('',(68.403006842005,14.288996060316,0.));
#6366 = CARTESIAN_POINT('',(68.455952424598,14.27854680347,0.));
#6367 = CARTESIAN_POINT('',(68.509542101014,14.270846036348,0.));
#6368 = CARTESIAN_POINT('',(68.563724304716,14.265876662636,0.));
#6369 = ORIENTED_EDGE('',*,*,#6370,.F.);
#6370 = EDGE_CURVE('',#6371,#6358,#6373,.T.);
#6371 = VERTEX_POINT('',#6372);
#6372 = CARTESIAN_POINT('',(68.064570737606,14.361064087062,0.));
#6373 = LINE('',#6374,#6375);
#6374 = CARTESIAN_POINT('',(68.064570737606,23.204522370012,0.));
#6375 = VECTOR('',#6376,1.);
#6376 = DIRECTION('',(0.,1.,0.));
#6377 = ORIENTED_EDGE('',*,*,#6378,.F.);
#6378 = EDGE_CURVE('',#6379,#6371,#6381,.T.);
#6379 = VERTEX_POINT('',#6380);
#6380 = CARTESIAN_POINT('',(67.898186215236,14.598645707376,0.));
#6381 = B_SPLINE_CURVE_WITH_KNOTS('',6,(#6382,#6383,#6384,#6385,#6386,
    #6387,#6388),.UNSPECIFIED.,.F.,.F.,(7,7),(0.,1.),
  .PIECEWISE_BEZIER_KNOTS.);
#6382 = CARTESIAN_POINT('',(67.898186215236,14.598645707376,0.));
#6383 = CARTESIAN_POINT('',(67.920496445694,14.524197438348,0.));
#6384 = CARTESIAN_POINT('',(67.944985374141,14.461193220943,0.));
#6385 = CARTESIAN_POINT('',(67.971737948361,14.411754570759,0.));
#6386 = CARTESIAN_POINT('',(68.000748532567,14.377910269439,0.));
#6387 = CARTESIAN_POINT('',(68.031847765291,14.361064087062,0.));
#6388 = CARTESIAN_POINT('',(68.064570737606,14.361064087062,0.));
#6389 = ORIENTED_EDGE('',*,*,#6390,.F.);
#6390 = EDGE_CURVE('',#6391,#6379,#6393,.T.);
#6391 = VERTEX_POINT('',#6392);
#6392 = CARTESIAN_POINT('',(67.683821039903,15.716130592503,0.));
#6393 = B_SPLINE_CURVE_WITH_KNOTS('',6,(#6394,#6395,#6396,#6397,#6398,
    #6399,#6400),.UNSPECIFIED.,.F.,.F.,(7,7),(0.,1.),
  .PIECEWISE_BEZIER_KNOTS.);
#6394 = CARTESIAN_POINT('',(67.683821039903,15.716130592503,0.));
#6395 = CARTESIAN_POINT('',(67.697784761449,15.508701761156,0.));
#6396 = CARTESIAN_POINT('',(67.718432545943,15.307009211638,0.));
#6397 = CARTESIAN_POINT('',(67.746971614853,15.112002438812,0.));
#6398 = CARTESIAN_POINT('',(67.785018985281,14.926097630059,0.));
#6399 = CARTESIAN_POINT('',(67.834640108614,14.753225306276,0.));
#6400 = CARTESIAN_POINT('',(67.898186215236,14.598645707376,0.));
#6401 = ORIENTED_EDGE('',*,*,#6402,.F.);
#6402 = EDGE_CURVE('',#6403,#6391,#6405,.T.);
#6403 = VERTEX_POINT('',#6404);
#6404 = CARTESIAN_POINT('',(67.660604594921,16.192067714631,0.));
#6405 = B_SPLINE_CURVE_WITH_KNOTS('',5,(#6406,#6407,#6408,#6409,#6410,
    #6411),.UNSPECIFIED.,.F.,.F.,(6,6),(0.,1.),
  .PIECEWISE_BEZIER_KNOTS.);
#6406 = CARTESIAN_POINT('',(67.660604594921,16.192067714631,0.));
#6407 = CARTESIAN_POINT('',(67.660604594921,16.089338685443,0.));
#6408 = CARTESIAN_POINT('',(67.662842703451,15.990182628917,0.));
#6409 = CARTESIAN_POINT('',(67.667404090952,15.894794755214,0.));
#6410 = CARTESIAN_POINT('',(67.674371909202,15.803377565977,0.));
#6411 = CARTESIAN_POINT('',(67.683821039903,15.716130592503,0.));
#6412 = ORIENTED_EDGE('',*,*,#6413,.F.);
#6413 = EDGE_CURVE('',#6414,#6403,#6416,.T.);
#6414 = VERTEX_POINT('',#6415);
#6415 = CARTESIAN_POINT('',(67.743409915357,16.548827085852,0.));
#6416 = B_SPLINE_CURVE_WITH_KNOTS('',6,(#6417,#6418,#6419,#6420,#6421,
    #6422,#6423),.UNSPECIFIED.,.F.,.F.,(7,7),(0.,1.),
  .PIECEWISE_BEZIER_KNOTS.);
#6417 = CARTESIAN_POINT('',(67.743409915357,16.548827085852,0.));
#6418 = CARTESIAN_POINT('',(67.714774193134,16.515909386476,0.));
#6419 = CARTESIAN_POINT('',(67.692277855411,16.471280061137,0.));
#6420 = CARTESIAN_POINT('',(67.675974556633,16.415486683942,0.));
#6421 = CARTESIAN_POINT('',(67.665565275575,16.349572999295,0.));
#6422 = CARTESIAN_POINT('',(67.660604594921,16.274720536607,0.));
#6423 = CARTESIAN_POINT('',(67.660604594921,16.192067714631,0.));
#6424 = ORIENTED_EDGE('',*,*,#6425,.F.);
#6425 = EDGE_CURVE('',#6426,#6414,#6428,.T.);
#6426 = VERTEX_POINT('',#6427);
#6427 = CARTESIAN_POINT('',(68.017363966143,16.643240628779,0.));
#6428 = B_SPLINE_CURVE_WITH_KNOTS('',5,(#6429,#6430,#6431,#6432,#6433,
    #6434),.UNSPECIFIED.,.F.,.F.,(6,6),(0.,1.),
  .PIECEWISE_BEZIER_KNOTS.);
#6429 = CARTESIAN_POINT('',(68.017363966143,16.643240628779,0.));
#6430 = CARTESIAN_POINT('',(67.943047977255,16.643240628779,0.));
#6431 = CARTESIAN_POINT('',(67.87759978248,16.634248453293,0.));
#6432 = CARTESIAN_POINT('',(67.822070175333,16.615633871133,0.));
#6433 = CARTESIAN_POINT('',(67.777262377665,16.587067830312,0.));
#6434 = CARTESIAN_POINT('',(67.743409915357,16.548827085852,0.));
#6435 = ORIENTED_EDGE('',*,*,#6436,.F.);
#6436 = EDGE_CURVE('',#6437,#6426,#6439,.T.);
#6437 = VERTEX_POINT('',#6438);
#6438 = CARTESIAN_POINT('',(68.254945586457,16.548053204353,0.));
#6439 = B_SPLINE_CURVE_WITH_KNOTS('',4,(#6440,#6441,#6442,#6443,#6444,
    #6445,#6446,#6447),.UNSPECIFIED.,.F.,.F.,(5,3,5),(0.,0.404676245124,
    1.),.UNSPECIFIED.);
#6440 = CARTESIAN_POINT('',(68.254945586457,16.548053204353,0.));
#6441 = CARTESIAN_POINT('',(68.235714504493,16.567284286317,0.));
#6442 = CARTESIAN_POINT('',(68.215154689131,16.583969360226,0.));
#6443 = CARTESIAN_POINT('',(68.193274384618,16.598059774803,0.));
#6444 = CARTESIAN_POINT('',(68.136009588589,16.626433385021,0.));
#6445 = CARTESIAN_POINT('',(68.099118735093,16.637680043109,0.));
#6446 = CARTESIAN_POINT('',(68.059516485447,16.643240628779,0.));
#6447 = CARTESIAN_POINT('',(68.017363966143,16.643240628779,0.));
#6448 = ORIENTED_EDGE('',*,*,#6449,.F.);
#6449 = EDGE_CURVE('',#6450,#6437,#6452,.T.);
#6450 = VERTEX_POINT('',#6451);
#6451 = CARTESIAN_POINT('',(68.373349455865,16.572043530834,0.));
#6452 = B_SPLINE_CURVE_WITH_KNOTS('',4,(#6453,#6454,#6455,#6456,#6457),
  .UNSPECIFIED.,.F.,.F.,(5,5),(0.,1.),.PIECEWISE_BEZIER_KNOTS.);
#6453 = CARTESIAN_POINT('',(68.373349455865,16.572043530834,0.));
#6454 = CARTESIAN_POINT('',(68.337883507731,16.560093048311,0.));
#6455 = CARTESIAN_POINT('',(68.306280894519,16.552075683287,0.));
#6456 = CARTESIAN_POINT('',(68.278619759829,16.548053204353,0.));
#6457 = CARTESIAN_POINT('',(68.254945586457,16.548053204353,0.));
#6458 = ORIENTED_EDGE('',*,*,#6459,.F.);
#6459 = EDGE_CURVE('',#6460,#6450,#6462,.T.);
#6460 = VERTEX_POINT('',#6461);
#6461 = CARTESIAN_POINT('',(68.492527206771,16.643240628779,0.));
#6462 = B_SPLINE_CURVE_WITH_KNOTS('',4,(#6463,#6464,#6465,#6466,#6467),
  .UNSPECIFIED.,.F.,.F.,(5,5),(0.,1.),.PIECEWISE_BEZIER_KNOTS.);
#6463 = CARTESIAN_POINT('',(68.492527206771,16.643240628779,0.));
#6464 = CARTESIAN_POINT('',(68.46890263848,16.619616060488,0.));
#6465 = CARTESIAN_POINT('',(68.441145500976,16.599870113246,0.));
#6466 = CARTESIAN_POINT('',(68.409275696898,16.584018944512,0.));
#6467 = CARTESIAN_POINT('',(68.373349455865,16.572043530834,0.));
#6468 = ORIENTED_EDGE('',*,*,#6469,.F.);
#6469 = EDGE_CURVE('',#6470,#6460,#6472,.T.);
#6470 = VERTEX_POINT('',#6471);
#6471 = CARTESIAN_POINT('',(70.513131801693,16.643240628779,0.));
#6472 = LINE('',#6473,#6474);
#6473 = CARTESIAN_POINT('',(34.246263603386,16.643240628779,0.));
#6474 = VECTOR('',#6475,1.);
#6475 = DIRECTION('',(-1.,0.,0.));
#6476 = ORIENTED_EDGE('',*,*,#6477,.F.);
#6477 = EDGE_CURVE('',#6478,#6470,#6480,.T.);
#6478 = VERTEX_POINT('',#6479);
#6479 = CARTESIAN_POINT('',(70.584328899637,16.572043530834,0.));
#6480 = B_SPLINE_CURVE_WITH_KNOTS('',4,(#6481,#6482,#6483,#6484,#6485,
    #6486,#6487,#6488),.UNSPECIFIED.,.F.,.F.,(5,3,5),(0.,0.49800035566,
    1.),.UNSPECIFIED.);
#6481 = CARTESIAN_POINT('',(70.584328899637,16.572043530834,0.));
#6482 = CARTESIAN_POINT('',(70.572578583119,16.578015003163,0.));
#6483 = CARTESIAN_POINT('',(70.5617830561,16.58494753609,0.));
#6484 = CARTESIAN_POINT('',(70.551945911542,16.592841609878,0.));
#6485 = CARTESIAN_POINT('',(70.53412025146,16.610620828813,0.));
#6486 = CARTESIAN_POINT('',(70.526147215039,16.620521455637,0.));
#6487 = CARTESIAN_POINT('',(70.519151229089,16.631395949064,0.));
#6488 = CARTESIAN_POINT('',(70.513131801693,16.643240628779,0.));
#6489 = ORIENTED_EDGE('',*,*,#6490,.F.);
#6490 = EDGE_CURVE('',#6491,#6478,#6493,.T.);
#6491 = VERTEX_POINT('',#6492);
#6492 = CARTESIAN_POINT('',(70.679516324063,16.548053204353,0.));
#6493 = B_SPLINE_CURVE_WITH_KNOTS('',4,(#6494,#6495,#6496,#6497,#6498),
  .UNSPECIFIED.,.F.,.F.,(5,5),(0.,1.),.PIECEWISE_BEZIER_KNOTS.);
#6494 = CARTESIAN_POINT('',(70.679516324063,16.548053204353,0.));
#6495 = CARTESIAN_POINT('',(70.655902248475,16.548053204353,0.));
#6496 = CARTESIAN_POINT('',(70.632160209686,16.552055221758,0.));
#6497 = CARTESIAN_POINT('',(70.60829926285,16.560058349228,0.));
#6498 = CARTESIAN_POINT('',(70.584328899637,16.572043530834,0.));
#6499 = ORIENTED_EDGE('',*,*,#6500,.F.);
#6500 = EDGE_CURVE('',#6501,#6491,#6503,.T.);
#6501 = VERTEX_POINT('',#6502);
#6502 = CARTESIAN_POINT('',(71.036275695284,16.620024183797,0.));
#6503 = B_SPLINE_CURVE_WITH_KNOTS('',6,(#6504,#6505,#6506,#6507,#6508,
    #6509,#6510),.UNSPECIFIED.,.F.,.F.,(7,7),(0.,1.),
  .PIECEWISE_BEZIER_KNOTS.);
#6504 = CARTESIAN_POINT('',(71.036275695284,16.620024183797,0.));
#6505 = CARTESIAN_POINT('',(70.99544243071,16.595365134411,0.));
#6506 = CARTESIAN_POINT('',(70.946545855001,16.575942327183,0.));
#6507 = CARTESIAN_POINT('',(70.889948608496,16.561718200585,0.));
#6508 = CARTESIAN_POINT('',(70.826179191233,16.552509092317,0.));
#6509 = CARTESIAN_POINT('',(70.755834091053,16.548053204353,0.));
#6510 = CARTESIAN_POINT('',(70.679516324063,16.548053204353,0.));
#6511 = ORIENTED_EDGE('',*,*,#6512,.F.);
#6512 = EDGE_CURVE('',#6513,#6501,#6515,.T.);
#6513 = VERTEX_POINT('',#6514);
#6514 = CARTESIAN_POINT('',(71.606626360339,16.762418379686,0.));
#6515 = B_SPLINE_CURVE_WITH_KNOTS('',7,(#6516,#6517,#6518,#6519,#6520,
    #6521,#6522,#6523),.UNSPECIFIED.,.F.,.F.,(8,8),(0.,1.),
  .PIECEWISE_BEZIER_KNOTS.);
#6516 = CARTESIAN_POINT('',(71.606626360339,16.762418379686,0.));
#6517 = CARTESIAN_POINT('',(71.498670779989,16.744458319302,0.));
#6518 = CARTESIAN_POINT('',(71.396937072804,16.725769812199,0.));
#6519 = CARTESIAN_POINT('',(71.302487417016,16.706272562225,0.));
#6520 = CARTESIAN_POINT('',(71.216982231339,16.685920602677,0.));
#6521 = CARTESIAN_POINT('',(71.142539141766,16.66471135071,0.));
#6522 = CARTESIAN_POINT('',(71.081615827623,16.642694249966,0.));
#6523 = CARTESIAN_POINT('',(71.036275695284,16.620024183797,0.));
#6524 = ORIENTED_EDGE('',*,*,#6525,.F.);
#6525 = EDGE_CURVE('',#6526,#6513,#6528,.T.);
#6526 = VERTEX_POINT('',#6527);
#6527 = CARTESIAN_POINT('',(71.939395405079,16.904812575574,0.));
#6528 = B_SPLINE_CURVE_WITH_KNOTS('',5,(#6529,#6530,#6531,#6532,#6533,
    #6534,#6535,#6536,#6537,#6538),.UNSPECIFIED.,.F.,.F.,(6,4,6),(0.,
    0.163821237012,1.),.UNSPECIFIED.);
#6529 = CARTESIAN_POINT('',(71.939395405079,16.904812575574,0.));
#6530 = CARTESIAN_POINT('',(71.933083377642,16.895370193068,0.));
#6531 = CARTESIAN_POINT('',(71.926373715881,16.886309722201,0.));
#6532 = CARTESIAN_POINT('',(71.919266926481,16.877635840177,0.));
#6533 = CARTESIAN_POINT('',(71.911764590967,16.869352217305,0.));
#6534 = CARTESIAN_POINT('',(71.863570441029,16.821185688669,0.));
#6535 = CARTESIAN_POINT('',(71.813025379176,16.791136876564,0.));
#6536 = CARTESIAN_POINT('',(71.752613780551,16.771711161879,0.));
#6537 = CARTESIAN_POINT('',(71.683396150831,16.762418379686,0.));
#6538 = CARTESIAN_POINT('',(71.606626360339,16.762418379686,0.));
#6539 = ORIENTED_EDGE('',*,*,#6540,.F.);
#6540 = EDGE_CURVE('',#6541,#6526,#6543,.T.);
#6541 = VERTEX_POINT('',#6542);
#6542 = CARTESIAN_POINT('',(72.058573155985,17.214365175333,0.));
#6543 = B_SPLINE_CURVE_WITH_KNOTS('',5,(#6544,#6545,#6546,#6547,#6548,
    #6549),.UNSPECIFIED.,.F.,.F.,(6,6),(0.,1.),
  .PIECEWISE_BEZIER_KNOTS.);
#6544 = CARTESIAN_POINT('',(72.058573155985,17.214365175333,0.));
#6545 = CARTESIAN_POINT('',(72.058573155985,17.156236852505,0.));
#6546 = CARTESIAN_POINT('',(72.046294132897,17.095893475684,0.));
#6547 = CARTESIAN_POINT('',(72.021886544463,17.033648287842,0.));
#6548 = CARTESIAN_POINT('',(71.985975996951,16.969843921371,0.));
#6549 = CARTESIAN_POINT('',(71.939395405079,16.904812575574,0.));
#6550 = ORIENTED_EDGE('',*,*,#6551,.F.);
#6551 = EDGE_CURVE('',#6552,#6541,#6554,.T.);
#6552 = VERTEX_POINT('',#6553);
#6553 = CARTESIAN_POINT('',(72.557726723096,18.783022974607,0.));
#6554 = LINE('',#6555,#6556);
#6555 = CARTESIAN_POINT('',(70.882022216097,13.51689423711,
    -2.22044604925E-16));
#6556 = VECTOR('',#6557,1.);
#6557 = DIRECTION('',(-0.303223061514,-0.95291960572,0.));
#6558 = ORIENTED_EDGE('',*,*,#6559,.F.);
#6559 = EDGE_CURVE('',#6560,#6552,#6562,.T.);
#6560 = VERTEX_POINT('',#6561);
#6561 = CARTESIAN_POINT('',(71.844207980653,19.282176541717,0.));
#6562 = B_SPLINE_CURVE_WITH_KNOTS('',6,(#6563,#6564,#6565,#6566,#6567,
    #6568,#6569,#6570,#6571,#6572,#6573,#6574,#6575,#6576,#6577,#6578,
    #6579,#6580,#6581,#6582,#6583,#6584,#6585,#6586,#6587,#6588,#6589),
  .UNSPECIFIED.,.F.,.F.,(7,5,5,5,5,7),(0.,0.459046354579,0.598968608938,
    0.673961842774,0.824489839909,1.),.UNSPECIFIED.);
#6563 = CARTESIAN_POINT('',(71.844207980653,19.282176541717,0.));
#6564 = CARTESIAN_POINT('',(71.934398516523,19.268567910565,0.));
#6565 = CARTESIAN_POINT('',(72.022194408802,19.252217617041,0.));
#6566 = CARTESIAN_POINT('',(72.107244319593,19.232612732038,0.));
#6567 = CARTESIAN_POINT('',(72.188532872782,19.209089959743,0.));
#6568 = CARTESIAN_POINT('',(72.264374884634,19.180829417235,0.));
#6569 = CARTESIAN_POINT('',(72.353099262401,19.136448092017,0.));
#6570 = CARTESIAN_POINT('',(72.373086463787,19.12555104536,0.));
#6571 = CARTESIAN_POINT('',(72.392261062797,19.11410056844,0.));
#6572 = CARTESIAN_POINT('',(72.410539035963,19.102074699342,0.));
#6573 = CARTESIAN_POINT('',(72.427830458484,19.0894565983,0.));
#6574 = CARTESIAN_POINT('',(72.45273434309,19.06915259747,0.));
#6575 = CARTESIAN_POINT('',(72.46111484337,19.061895148476,0.));
#6576 = CARTESIAN_POINT('',(72.469171483164,19.054463873462,0.));
#6577 = CARTESIAN_POINT('',(72.476890302431,19.046858385846,0.));
#6578 = CARTESIAN_POINT('',(72.484257708126,19.039079226431,0.));
#6579 = CARTESIAN_POINT('',(72.50531657362,19.015167720223,0.));
#6580 = CARTESIAN_POINT('',(72.517905652875,18.998511924538,0.));
#6581 = CARTESIAN_POINT('',(72.528918808137,18.981176713891,0.));
#6582 = CARTESIAN_POINT('',(72.53826689452,18.963192045807,0.));
#6583 = CARTESIAN_POINT('',(72.545890216418,18.944605356449,0.));
#6584 = CARTESIAN_POINT('',(72.558621753347,18.903192052578,0.));
#6585 = CARTESIAN_POINT('',(72.563104488432,18.880167387738,0.));
#6586 = CARTESIAN_POINT('',(72.565180823556,18.856521441696,0.));
#6587 = CARTESIAN_POINT('',(72.564898738167,18.832370801895,0.));
#6588 = CARTESIAN_POINT('',(72.562366058124,18.807833331497,0.));
#6589 = CARTESIAN_POINT('',(72.557726723096,18.783022974607,0.));
#6590 = ORIENTED_EDGE('',*,*,#6591,.F.);
#6591 = EDGE_CURVE('',#6592,#6560,#6594,.T.);
#6592 = VERTEX_POINT('',#6593);
#6593 = CARTESIAN_POINT('',(70.109165659008,19.377363966143,0.));
#6594 = B_SPLINE_CURVE_WITH_KNOTS('',8,(#6595,#6596,#6597,#6598,#6599,
    #6600,#6601,#6602,#6603,#6604,#6605,#6606,#6607,#6608,#6609,#6610),
  .UNSPECIFIED.,.F.,.F.,(9,7,9),(0.,0.655006245087,1.),.UNSPECIFIED.);
#6595 = CARTESIAN_POINT('',(70.109165659008,19.377363966143,0.));
#6596 = CARTESIAN_POINT('',(70.263503964953,19.377363966143,0.));
#6597 = CARTESIAN_POINT('',(70.416814580743,19.37657780059,0.));
#6598 = CARTESIAN_POINT('',(70.56906762852,19.374902125457,0.));
#6599 = CARTESIAN_POINT('',(70.720086886646,19.372198722081,0.));
#6600 = CARTESIAN_POINT('',(70.869561117779,19.368299942291,0.));
#6601 = CARTESIAN_POINT('',(71.016964380974,19.362957781282,0.));
#6602 = CARTESIAN_POINT('',(71.161593796288,19.355867094505,0.));
#6603 = CARTESIAN_POINT('',(71.376309148443,19.341471014118,0.));
#6604 = CARTESIAN_POINT('',(71.449145826094,19.335864581325,0.));
#6605 = CARTESIAN_POINT('',(71.520661296816,19.329529024883,0.));
#6606 = CARTESIAN_POINT('',(71.590628569582,19.322359070905,0.));
#6607 = CARTESIAN_POINT('',(71.658649016701,19.314222808049,0.));
#6608 = CARTESIAN_POINT('',(71.724154119341,19.304962134099,0.));
#6609 = CARTESIAN_POINT('',(71.786373658992,19.294378293971,0.));
#6610 = CARTESIAN_POINT('',(71.844207980653,19.282176541717,0.));
#6611 = ORIENTED_EDGE('',*,*,#6612,.F.);
#6612 = EDGE_CURVE('',#6613,#6592,#6615,.T.);
#6613 = VERTEX_POINT('',#6614);
#6614 = CARTESIAN_POINT('',(68.373349455865,19.377363966143,0.));
#6615 = LINE('',#6616,#6617);
#6616 = CARTESIAN_POINT('',(35.054582829504,19.377363966143,0.));
#6617 = VECTOR('',#6618,1.);
#6618 = DIRECTION('',(1.,0.,0.));
#6619 = ORIENTED_EDGE('',*,*,#6620,.F.);
#6620 = EDGE_CURVE('',#6621,#6613,#6623,.T.);
#6621 = VERTEX_POINT('',#6622);
#6622 = CARTESIAN_POINT('',(67.874195888755,19.412962515115,0.));
#6623 = B_SPLINE_CURVE_WITH_KNOTS('',6,(#6624,#6625,#6626,#6627,#6628,
    #6629,#6630),.UNSPECIFIED.,.F.,.F.,(7,7),(0.,1.),
  .PIECEWISE_BEZIER_KNOTS.);
#6624 = CARTESIAN_POINT('',(67.874195888755,19.412962515115,0.));
#6625 = CARTESIAN_POINT('',(67.933095849803,19.400360662984,0.));
#6626 = CARTESIAN_POINT('',(68.003312805091,19.390690846682,0.));
#6627 = CARTESIAN_POINT('',(68.083681348905,19.383794961487,0.));
#6628 = CARTESIAN_POINT('',(68.172891085334,19.379433423599,0.));
#6629 = CARTESIAN_POINT('',(68.26976727494,19.377363966143,0.));
#6630 = CARTESIAN_POINT('',(68.373349455865,19.377363966143,0.));
#6631 = ORIENTED_EDGE('',*,*,#6632,.F.);
#6632 = EDGE_CURVE('',#6633,#6621,#6635,.T.);
#6633 = VERTEX_POINT('',#6634);
#6634 = CARTESIAN_POINT('',(67.660604594921,19.591729141475,0.));
#6635 = B_SPLINE_CURVE_WITH_KNOTS('',5,(#6636,#6637,#6638,#6639,#6640,
    #6641,#6642,#6643,#6644,#6645),.UNSPECIFIED.,.F.,.F.,(6,4,6),(0.,
    0.377110659465,1.),.UNSPECIFIED.);
#6636 = CARTESIAN_POINT('',(67.660604594921,19.591729141475,0.));
#6637 = CARTESIAN_POINT('',(67.667709872489,19.570180348851,0.));
#6638 = CARTESIAN_POINT('',(67.676526503412,19.550081728567,0.));
#6639 = CARTESIAN_POINT('',(67.687070053306,19.531477404349,0.));
#6640 = CARTESIAN_POINT('',(67.699340354874,19.514398680013,0.));
#6641 = CARTESIAN_POINT('',(67.73641475912,19.473204828407,0.));
#6642 = CARTESIAN_POINT('',(67.764176709927,19.451756523903,0.));
#6643 = CARTESIAN_POINT('',(67.796533100558,19.43460431372,0.));
#6644 = CARTESIAN_POINT('',(67.833295306274,19.421713337413,0.));
#6645 = CARTESIAN_POINT('',(67.874195888755,19.412962515115,0.));
#6646 = ORIENTED_EDGE('',*,*,#6647,.F.);
#6647 = EDGE_CURVE('',#6648,#6633,#6650,.T.);
#6648 = VERTEX_POINT('',#6649);
#6649 = CARTESIAN_POINT('',(67.565417170496,19.971704957678,0.));
#6650 = B_SPLINE_CURVE_WITH_KNOTS('',6,(#6651,#6652,#6653,#6654,#6655,
    #6656,#6657),.UNSPECIFIED.,.F.,.F.,(7,7),(0.,1.),
  .PIECEWISE_BEZIER_KNOTS.);
#6651 = CARTESIAN_POINT('',(67.565417170496,19.971704957678,0.));
#6652 = CARTESIAN_POINT('',(67.565417170496,19.888407055219,0.));
#6653 = CARTESIAN_POINT('',(67.571209012673,19.811928871082,0.));
#6654 = CARTESIAN_POINT('',(67.583285917908,19.743182753503,0.));
#6655 = CARTESIAN_POINT('',(67.602080669193,19.683088555973,0.));
#6656 = CARTESIAN_POINT('',(67.627869501255,19.632448404328,0.));
#6657 = CARTESIAN_POINT('',(67.660604594921,19.591729141475,0.));
#6658 = ORIENTED_EDGE('',*,*,#6659,.F.);
#6659 = EDGE_CURVE('',#6660,#6648,#6662,.T.);
#6660 = VERTEX_POINT('',#6661);
#6661 = CARTESIAN_POINT('',(67.565417170496,20.066892382104,0.));
#6662 = LINE('',#6663,#6664);
#6663 = CARTESIAN_POINT('',(67.565417170496,25.985852478839,0.));
#6664 = VECTOR('',#6665,1.);
#6665 = DIRECTION('',(0.,-1.,0.));
#6666 = ORIENTED_EDGE('',*,*,#6667,.F.);
#6667 = EDGE_CURVE('',#6668,#6660,#6670,.T.);
#6668 = VERTEX_POINT('',#6669);
#6669 = CARTESIAN_POINT('',(67.589407496977,20.233276904474,0.));
#6670 = B_SPLINE_CURVE_WITH_KNOTS('',5,(#6671,#6672,#6673,#6674,#6675,
    #6676),.UNSPECIFIED.,.F.,.F.,(6,6),(0.,1.),
  .PIECEWISE_BEZIER_KNOTS.);
#6671 = CARTESIAN_POINT('',(67.589407496977,20.233276904474,0.));
#6672 = CARTESIAN_POINT('',(67.579722041646,20.214218427855,0.));
#6673 = CARTESIAN_POINT('',(67.57250763112,20.18788163536,0.));
#6674 = CARTESIAN_POINT('',(67.5677556248,20.154385692948,0.));
#6675 = CARTESIAN_POINT('',(67.565417170496,20.113957718578,0.));
#6676 = CARTESIAN_POINT('',(67.565417170496,20.066892382104,0.));
#6677 = ORIENTED_EDGE('',*,*,#6678,.F.);
#6678 = EDGE_CURVE('',#6679,#6668,#6681,.T.);
#6679 = VERTEX_POINT('',#6680);
#6680 = CARTESIAN_POINT('',(67.565417170496,20.756420798065,0.));
#6681 = LINE('',#6682,#6683);
#6682 = CARTESIAN_POINT('',(67.249254954384,27.650796865525,0.));
#6683 = VECTOR('',#6684,1.);
#6684 = DIRECTION('',(4.580984543933E-02,-0.998950177967,0.));
#6685 = ORIENTED_EDGE('',*,*,#6686,.F.);
#6686 = EDGE_CURVE('',#6687,#6679,#6689,.T.);
#6687 = VERTEX_POINT('',#6688);
#6688 = CARTESIAN_POINT('',(67.541426844015,21.255574365175,0.));
#6689 = B_SPLINE_CURVE_WITH_KNOTS('',6,(#6690,#6691,#6692,#6693,#6694,
    #6695,#6696),.UNSPECIFIED.,.F.,.F.,(7,7),(0.,1.),
  .PIECEWISE_BEZIER_KNOTS.);
#6690 = CARTESIAN_POINT('',(67.541426844015,21.255574365175,0.));
#6691 = CARTESIAN_POINT('',(67.541426844015,21.152030904703,0.));
#6692 = CARTESIAN_POINT('',(67.54282043623,21.055189708691,0.));
#6693 = CARTESIAN_POINT('',(67.545757414211,20.965999463978,0.));
#6694 = CARTESIAN_POINT('',(67.550401711028,20.885624544537,0.));
#6695 = CARTESIAN_POINT('',(67.556917290926,20.815371575729,0.));
#6696 = CARTESIAN_POINT('',(67.565417170496,20.756420798065,0.));
#6697 = ORIENTED_EDGE('',*,*,#6698,.F.);
#6698 = EDGE_CURVE('',#6699,#6687,#6701,.T.);
#6699 = VERTEX_POINT('',#6700);
#6700 = CARTESIAN_POINT('',(67.541426844015,21.849915356711,0.));
#6701 = LINE('',#6702,#6703);
#6702 = CARTESIAN_POINT('',(67.541426844015,26.627787182588,0.));
#6703 = VECTOR('',#6704,1.);
#6704 = DIRECTION('',(0.,-1.,0.));
#6705 = ORIENTED_EDGE('',*,*,#6706,.F.);
#6706 = EDGE_CURVE('',#6707,#6699,#6709,.T.);
#6707 = VERTEX_POINT('',#6708);
#6708 = CARTESIAN_POINT('',(69.728415961306,21.778718258767,0.));
#6709 = B_SPLINE_CURVE_WITH_KNOTS('',4,(#6710,#6711,#6712,#6713,#6714),
  .UNSPECIFIED.,.F.,.F.,(5,5),(0.,1.),.PIECEWISE_BEZIER_KNOTS.);
#6710 = CARTESIAN_POINT('',(69.728415961306,21.778718258767,0.));
#6711 = CARTESIAN_POINT('',(69.180316558071,21.813662919264,0.));
#6712 = CARTESIAN_POINT('',(68.632878675672,21.837607029947,0.));
#6713 = CARTESIAN_POINT('',(68.086434074671,21.849915356711,0.));
#6714 = CARTESIAN_POINT('',(67.541426844015,21.849915356711,0.));
#6715 = ORIENTED_EDGE('',*,*,#6716,.F.);
#6716 = EDGE_CURVE('',#6717,#6707,#6719,.T.);
#6717 = VERTEX_POINT('',#6718);
#6718 = CARTESIAN_POINT('',(71.892188633615,21.707521160822,0.));
#6719 = B_SPLINE_CURVE_WITH_KNOTS('',4,(#6720,#6721,#6722,#6723,#6724),
  .UNSPECIFIED.,.F.,.F.,(5,5),(0.,1.),.PIECEWISE_BEZIER_KNOTS.);
#6720 = CARTESIAN_POINT('',(71.892188633615,21.707521160822,0.));
#6721 = CARTESIAN_POINT('',(71.352029554786,21.707521160822,0.));
#6722 = CARTESIAN_POINT('',(70.81111511867,21.719628972015,0.));
#6723 = CARTESIAN_POINT('',(70.269808698158,21.743493271645,0.));
#6724 = CARTESIAN_POINT('',(69.728415961306,21.778718258767,0.));
#6725 = ORIENTED_EDGE('',*,*,#6726,.F.);
#6726 = EDGE_CURVE('',#6727,#6717,#6729,.T.);
#6727 = VERTEX_POINT('',#6728);
#6728 = CARTESIAN_POINT('',(72.010592503023,21.814316807739,0.));
#6729 = B_SPLINE_CURVE_WITH_KNOTS('',5,(#6730,#6731,#6732,#6733,#6734,
    #6735,#6736,#6737,#6738,#6739),.UNSPECIFIED.,.F.,.F.,(6,4,6),(0.,
    0.857678948258,1.),.UNSPECIFIED.);
#6730 = CARTESIAN_POINT('',(72.010592503023,21.814316807739,0.));
#6731 = CARTESIAN_POINT('',(71.994591606945,21.778118059234,0.));
#6732 = CARTESIAN_POINT('',(71.976735222069,21.749287305067,0.));
#6733 = CARTESIAN_POINT('',(71.957005807299,21.728169155268,0.));
#6734 = CARTESIAN_POINT('',(71.93542379648,21.714970167858,0.));
#6735 = CARTESIAN_POINT('',(71.908183567387,21.708831340663,0.));
#6736 = CARTESIAN_POINT('',(71.904257632945,21.708176111468,0.));
#6737 = CARTESIAN_POINT('',(71.900282933136,21.707739407966,0.));
#6738 = CARTESIAN_POINT('',(71.896259809404,21.707521160822,0.));
#6739 = CARTESIAN_POINT('',(71.892188633615,21.707521160822,0.));
#6740 = ORIENTED_EDGE('',*,*,#6741,.F.);
#6741 = EDGE_CURVE('',#6742,#6727,#6744,.T.);
#6742 = VERTEX_POINT('',#6743);
#6743 = CARTESIAN_POINT('',(72.058573155985,22.063506650544,0.));
#6744 = B_SPLINE_CURVE_WITH_KNOTS('',5,(#6745,#6746,#6747,#6748,#6749,
    #6750),.UNSPECIFIED.,.F.,.F.,(6,6),(0.,1.),
  .PIECEWISE_BEZIER_KNOTS.);
#6745 = CARTESIAN_POINT('',(72.058573155985,22.063506650544,0.));
#6746 = CARTESIAN_POINT('',(72.058573155985,22.006959661392,0.));
#6747 = CARTESIAN_POINT('',(72.053844034431,21.95365775415,0.));
#6748 = CARTESIAN_POINT('',(72.044297597065,21.903722238026,0.));
#6749 = CARTESIAN_POINT('',(72.029882233272,21.857252013777,0.));
#6750 = CARTESIAN_POINT('',(72.010592503023,21.814316807739,0.));
#6751 = ORIENTED_EDGE('',*,*,#6752,.F.);
#6752 = EDGE_CURVE('',#6753,#6742,#6755,.T.);
#6753 = VERTEX_POINT('',#6754);
#6754 = CARTESIAN_POINT('',(72.105779927449,22.373059250302,0.));
#6755 = B_SPLINE_CURVE_WITH_KNOTS('',4,(#6756,#6757,#6758,#6759,#6760),
  .UNSPECIFIED.,.F.,.F.,(5,5),(0.,1.),.PIECEWISE_BEZIER_KNOTS.);
#6756 = CARTESIAN_POINT('',(72.105779927449,22.373059250302,0.));
#6757 = CARTESIAN_POINT('',(72.105779927449,22.29030899066,0.));
#6758 = CARTESIAN_POINT('',(72.097995959892,22.2110047757,0.));
#6759 = CARTESIAN_POINT('',(72.082263602439,22.135354725853,0.));
#6760 = CARTESIAN_POINT('',(72.058573155985,22.063506650544,0.));
#6761 = ORIENTED_EDGE('',*,*,#6762,.F.);
#6762 = EDGE_CURVE('',#6763,#6753,#6765,.T.);
#6763 = VERTEX_POINT('',#6764);
#6764 = CARTESIAN_POINT('',(72.248948004837,23.038597339782,0.));
#6765 = B_SPLINE_CURVE_WITH_KNOTS('',5,(#6766,#6767,#6768,#6769,#6770,
    #6771),.UNSPECIFIED.,.F.,.F.,(6,6),(0.,1.),
  .PIECEWISE_BEZIER_KNOTS.);
#6766 = CARTESIAN_POINT('',(72.248948004837,23.038597339782,0.));
#6767 = CARTESIAN_POINT('',(72.210244579882,22.913047205172,0.));
#6768 = CARTESIAN_POINT('',(72.176705395906,22.783468411057,0.));
#6769 = CARTESIAN_POINT('',(72.148217395713,22.650109893633,0.));
#6770 = CARTESIAN_POINT('',(72.124630924487,22.513225534736,0.));
#6771 = CARTESIAN_POINT('',(72.105779927449,22.373059250302,0.));
#6772 = ORIENTED_EDGE('',*,*,#6773,.F.);
#6773 = EDGE_CURVE('',#6774,#6763,#6776,.T.);
#6774 = VERTEX_POINT('',#6775);
#6775 = CARTESIAN_POINT('',(72.415332527207,23.728125755744,0.));
#6776 = LINE('',#6777,#6778);
#6777 = CARTESIAN_POINT('',(71.282988637258,19.035482007163,0.));
#6778 = VECTOR('',#6779,1.);
#6779 = DIRECTION('',(-0.234569432256,-0.972099368095,0.));
#6780 = ORIENTED_EDGE('',*,*,#6781,.F.);
#6781 = EDGE_CURVE('',#6782,#6774,#6784,.T.);
#6782 = VERTEX_POINT('',#6783);
#6783 = CARTESIAN_POINT('',(72.415332527207,24.464860943168,0.));
#6784 = LINE('',#6785,#6786);
#6785 = CARTESIAN_POINT('',(72.415332527207,27.864062877872,0.));
#6786 = VECTOR('',#6787,1.);
#6787 = DIRECTION('',(0.,-1.,0.));
#6788 = ORIENTED_EDGE('',*,*,#6789,.F.);
#6789 = EDGE_CURVE('',#6790,#6782,#6792,.T.);
#6790 = VERTEX_POINT('',#6791);
#6791 = CARTESIAN_POINT('',(72.224957678356,24.631245465538,0.));
#6792 = LINE('',#6793,#6794);
#6793 = CARTESIAN_POINT('',(50.020846022807,44.037278010022,
    -2.22044604925E-16));
#6794 = VECTOR('',#6795,1.);
#6795 = DIRECTION('',(0.752955783567,-0.658071111654,0.));
#6796 = ORIENTED_EDGE('',*,*,#6797,.F.);
#6797 = EDGE_CURVE('',#6798,#6790,#6800,.T.);
#6798 = VERTEX_POINT('',#6799);
#6799 = CARTESIAN_POINT('',(71.987376058041,24.631245465538,0.));
#6800 = LINE('',#6801,#6802);
#6801 = CARTESIAN_POINT('',(36.112478839178,24.631245465538,0.));
#6802 = VECTOR('',#6803,1.);
#6803 = DIRECTION('',(1.,0.,0.));
#6804 = ORIENTED_EDGE('',*,*,#6805,.F.);
#6805 = EDGE_CURVE('',#6806,#6798,#6808,.T.);
#6806 = VERTEX_POINT('',#6807);
#6807 = CARTESIAN_POINT('',(71.654607013301,24.608029020556,0.));
#6808 = B_SPLINE_CURVE_WITH_KNOTS('',6,(#6809,#6810,#6811,#6812,#6813,
    #6814,#6815),.UNSPECIFIED.,.F.,.F.,(7,7),(0.,1.),
  .PIECEWISE_BEZIER_KNOTS.);
#6809 = CARTESIAN_POINT('',(71.654607013301,24.608029020556,0.));
#6810 = CARTESIAN_POINT('',(71.679473005769,24.616137496361,0.));
#6811 = CARTESIAN_POINT('',(71.718007153646,24.622460364314,0.));
#6812 = CARTESIAN_POINT('',(71.769460422936,24.627003268238,0.));
#6813 = CARTESIAN_POINT('',(71.83245767305,24.629881961153,0.));
#6814 = CARTESIAN_POINT('',(71.90553909198,24.631245465538,0.));
#6815 = CARTESIAN_POINT('',(71.987376058041,24.631245465538,0.));
#6816 = ORIENTED_EDGE('',*,*,#6817,.F.);
#6817 = EDGE_CURVE('',#6818,#6806,#6820,.T.);
#6818 = VERTEX_POINT('',#6819);
#6819 = CARTESIAN_POINT('',(71.488222490931,24.560048367594,0.));
#6820 = B_SPLINE_CURVE_WITH_KNOTS('',4,(#6821,#6822,#6823,#6824,#6825,
    #6826,#6827,#6828),.UNSPECIFIED.,.F.,.F.,(5,3,5),(0.,0.79218035352,
    1.),.UNSPECIFIED.);
#6821 = CARTESIAN_POINT('',(71.488222490931,24.560048367594,0.));
#6822 = CARTESIAN_POINT('',(71.525828765177,24.560048367594,0.));
#6823 = CARTESIAN_POINT('',(71.561026136893,24.565041000361,0.));
#6824 = CARTESIAN_POINT('',(71.593745576516,24.575078958664,0.));
#6825 = CARTESIAN_POINT('',(71.631875184781,24.594097285946,0.));
#6826 = CARTESIAN_POINT('',(71.639626262567,24.598395699878,0.));
#6827 = CARTESIAN_POINT('',(71.647203695854,24.603039828364,0.));
#6828 = CARTESIAN_POINT('',(71.654607013301,24.608029020556,0.));
#6829 = ORIENTED_EDGE('',*,*,#6830,.F.);
#6830 = EDGE_CURVE('',#6831,#6818,#6833,.T.);
#6831 = VERTEX_POINT('',#6832);
#6832 = CARTESIAN_POINT('',(71.345054413543,24.632019347037,0.));
#6833 = B_SPLINE_CURVE_WITH_KNOTS('',5,(#6834,#6835,#6836,#6837,#6838,
    #6839),.UNSPECIFIED.,.F.,.F.,(6,6),(0.,1.),
  .PIECEWISE_BEZIER_KNOTS.);
#6834 = CARTESIAN_POINT('',(71.345054413543,24.632019347037,0.));
#6835 = CARTESIAN_POINT('',(71.382784289473,24.613001035593,0.));
#6836 = CARTESIAN_POINT('',(71.416080686509,24.596236638254,0.));
#6837 = CARTESIAN_POINT('',(71.444816571565,24.581790598079,0.));
#6838 = CARTESIAN_POINT('',(71.468887735079,24.56971574552,0.));
#6839 = CARTESIAN_POINT('',(71.488222490931,24.560048367594,0.));
#6840 = ORIENTED_EDGE('',*,*,#6841,.F.);
#6841 = EDGE_CURVE('',#6842,#6831,#6844,.T.);
#6842 = VERTEX_POINT('',#6843);
#6843 = CARTESIAN_POINT('',(71.178669891173,24.726432889964,0.));
#6844 = B_SPLINE_CURVE_WITH_KNOTS('',4,(#6845,#6846,#6847,#6848,#6849),
  .UNSPECIFIED.,.F.,.F.,(5,5),(0.,1.),.PIECEWISE_BEZIER_KNOTS.);
#6845 = CARTESIAN_POINT('',(71.178669891173,24.726432889964,0.));
#6846 = CARTESIAN_POINT('',(71.214399539024,24.702742579975,0.));
#6847 = CARTESIAN_POINT('',(71.254077770428,24.679104881102,0.));
#6848 = CARTESIAN_POINT('',(71.297651707346,24.655528006208,0.));
#6849 = CARTESIAN_POINT('',(71.345054413543,24.632019347037,0.));
#6850 = ORIENTED_EDGE('',*,*,#6851,.F.);
#6851 = EDGE_CURVE('',#6852,#6842,#6854,.T.);
#6852 = VERTEX_POINT('',#6853);
#6853 = CARTESIAN_POINT('',(71.178669891173,24.608029020556,0.));
#6854 = LINE('',#6855,#6856);
#6855 = CARTESIAN_POINT('',(71.178669891173,28.363216444982,0.));
#6856 = VECTOR('',#6857,1.);
#6857 = DIRECTION('',(0.,1.,0.));
#6858 = ORIENTED_EDGE('',*,*,#6859,.F.);
#6859 = EDGE_CURVE('',#6860,#6852,#6862,.T.);
#6860 = VERTEX_POINT('',#6861);
#6861 = CARTESIAN_POINT('',(70.893881499395,24.631245465538,0.));
#6862 = LINE('',#6863,#6864);
#6863 = CARTESIAN_POINT('',(35.524978864812,27.514579919444,0.));
#6864 = VECTOR('',#6865,1.);
#6865 = DIRECTION('',(0.996693574296,-8.125219355671E-02,0.));
#6866 = ORIENTED_EDGE('',*,*,#6867,.F.);
#6867 = EDGE_CURVE('',#6868,#6860,#6870,.T.);
#6868 = VERTEX_POINT('',#6869);
#6869 = CARTESIAN_POINT('',(70.537122128174,24.631245465538,0.));
#6870 = LINE('',#6871,#6872);
#6871 = CARTESIAN_POINT('',(35.446940749698,24.631245465538,0.));
#6872 = VECTOR('',#6873,1.);
#6873 = DIRECTION('',(1.,0.,0.));
#6874 = ORIENTED_EDGE('',*,*,#6875,.F.);
#6875 = EDGE_CURVE('',#6876,#6868,#6878,.T.);
#6876 = VERTEX_POINT('',#6877);
#6877 = CARTESIAN_POINT('',(70.394727932285,24.584038694075,0.));
#6878 = B_SPLINE_CURVE_WITH_KNOTS('',5,(#6879,#6880,#6881,#6882,#6883,
    #6884),.UNSPECIFIED.,.F.,.F.,(6,6),(0.,1.),
  .PIECEWISE_BEZIER_KNOTS.);
#6879 = CARTESIAN_POINT('',(70.394727932285,24.584038694075,0.));
#6880 = CARTESIAN_POINT('',(70.413667829199,24.602978590989,0.));
#6881 = CARTESIAN_POINT('',(70.437434431692,24.617168719656,0.));
#6882 = CARTESIAN_POINT('',(70.465998374028,24.626580560258,0.));
#6883 = CARTESIAN_POINT('',(70.499272718144,24.631245465538,0.));
#6884 = CARTESIAN_POINT('',(70.537122128174,24.631245465538,0.));
#6885 = ORIENTED_EDGE('',*,*,#6886,.F.);
#6886 = EDGE_CURVE('',#6887,#6876,#6889,.T.);
#6887 = VERTEX_POINT('',#6888);
#6888 = CARTESIAN_POINT('',(70.204353083434,24.560048367594,0.));
#6889 = LINE('',#6890,#6891);
#6890 = CARTESIAN_POINT('',(36.20752593291,20.27589535269,0.));
#6891 = VECTOR('',#6892,1.);
#6892 = DIRECTION('',(0.992153283358,0.125027446277,0.));
#6893 = ORIENTED_EDGE('',*,*,#6894,.F.);
#6894 = EDGE_CURVE('',#6895,#6887,#6897,.T.);
#6895 = VERTEX_POINT('',#6896);
#6896 = CARTESIAN_POINT('',(68.9676904474,24.726432889964,0.));
#6897 = B_SPLINE_CURVE_WITH_KNOTS('',7,(#6898,#6899,#6900,#6901,#6902,
    #6903,#6904,#6905,#6906,#6907,#6908,#6909,#6910,#6911),
  .UNSPECIFIED.,.F.,.F.,(8,6,8),(0.,0.749296167852,1.),.UNSPECIFIED.);
#6898 = CARTESIAN_POINT('',(68.9676904474,24.726432889964,0.));
#6899 = CARTESIAN_POINT('',(69.064715740088,24.681182482311,0.));
#6900 = CARTESIAN_POINT('',(69.17785950314,24.646120073924,0.));
#6901 = CARTESIAN_POINT('',(69.302253257375,24.619278940512,0.));
#6902 = CARTESIAN_POINT('',(69.434307215221,24.599094517927,0.));
#6903 = CARTESIAN_POINT('',(69.571590963857,24.584309861328,0.));
#6904 = CARTESIAN_POINT('',(69.712827665505,24.573966973694,0.));
#6905 = CARTESIAN_POINT('',(69.906391570724,24.565183999823,0.));
#6906 = CARTESIAN_POINT('',(69.955291347882,24.563405600417,0.));
#6907 = CARTESIAN_POINT('',(70.004530516312,24.562024856823,0.));
#6908 = CARTESIAN_POINT('',(70.054079952711,24.561018610262,0.));
#6909 = CARTESIAN_POINT('',(70.103914283555,24.560366052904,0.));
#6910 = CARTESIAN_POINT('',(70.15401158511,24.560048367594,0.));
#6911 = CARTESIAN_POINT('',(70.204353083434,24.560048367594,0.));
#6912 = ORIENTED_EDGE('',*,*,#6913,.F.);
#6913 = EDGE_CURVE('',#5877,#6895,#6914,.T.);
#6914 = LINE('',#6915,#6916);
#6915 = CARTESIAN_POINT('',(34.4838452237,24.726432889964,0.));
#6916 = VECTOR('',#6917,1.);
#6917 = DIRECTION('',(1.,0.,0.));
#6918 = FACE_BOUND('',#6919,.T.);
#6919 = EDGE_LOOP('',(#6920,#6930,#6938,#6959,#6969,#6979,#6987,#6995,
    #7009,#7030,#7038,#7046,#7054,#7062,#7075,#7083,#7091,#7112,#7133,
    #7150,#7158,#7171,#7179,#7191,#7203,#7218,#7230,#7238,#7246,#7257,
    #7270,#7278,#7289,#7297,#7305,#7313,#7325,#7337,#7347,#7357,#7369,
    #7382,#7393,#7404,#7414,#7426,#7437,#7448,#7456,#7469,#7484,#7503,
    #7511,#7523,#7536));
#6920 = ORIENTED_EDGE('',*,*,#6921,.F.);
#6921 = EDGE_CURVE('',#6922,#6924,#6926,.T.);
#6922 = VERTEX_POINT('',#6923);
#6923 = CARTESIAN_POINT('',(81.837339782346,24.892817412334,0.));
#6924 = VERTEX_POINT('',#6925);
#6925 = CARTESIAN_POINT('',(82.146118500605,24.940798065296,0.));
#6926 = LINE('',#6927,#6928);
#6927 = CARTESIAN_POINT('',(42.576939212819,18.792203790001,0.));
#6928 = VECTOR('',#6929,1.);
#6929 = DIRECTION('',(0.988141531721,0.153545801922,0.));
#6930 = ORIENTED_EDGE('',*,*,#6931,.F.);
#6931 = EDGE_CURVE('',#6932,#6922,#6934,.T.);
#6932 = VERTEX_POINT('',#6933);
#6933 = CARTESIAN_POINT('',(81.457363966143,24.892817412334,0.));
#6934 = LINE('',#6935,#6936);
#6935 = CARTESIAN_POINT('',(40.918669891173,24.892817412334,0.));
#6936 = VECTOR('',#6937,1.);
#6937 = DIRECTION('',(1.,0.,0.));
#6938 = ORIENTED_EDGE('',*,*,#6939,.F.);
#6939 = EDGE_CURVE('',#6940,#6932,#6942,.T.);
#6940 = VERTEX_POINT('',#6941);
#6941 = CARTESIAN_POINT('',(80.220701330109,24.797629987908,0.));
#6942 = B_SPLINE_CURVE_WITH_KNOTS('',8,(#6943,#6944,#6945,#6946,#6947,
    #6948,#6949,#6950,#6951,#6952,#6953,#6954,#6955,#6956,#6957,#6958),
  .UNSPECIFIED.,.F.,.F.,(9,7,9),(0.,0.798084598749,1.),.UNSPECIFIED.);
#6943 = CARTESIAN_POINT('',(80.220701330109,24.797629987908,0.));
#6944 = CARTESIAN_POINT('',(80.359853420856,24.805217876761,0.));
#6945 = CARTESIAN_POINT('',(80.49694121389,24.813089869677,0.));
#6946 = CARTESIAN_POINT('',(80.63188504672,24.821295281383,0.));
#6947 = CARTESIAN_POINT('',(80.764305838869,24.82988652387,0.));
#6948 = CARTESIAN_POINT('',(80.893540136662,24.838918064861,0.));
#6949 = CARTESIAN_POINT('',(81.018522268141,24.848458920576,0.));
#6950 = CARTESIAN_POINT('',(81.137834762156,24.858587629385,0.));
#6951 = CARTESIAN_POINT('',(81.27738586861,24.872198246764,0.));
#6952 = CARTESIAN_POINT('',(81.305043266955,24.87499223973,0.));
#6953 = CARTESIAN_POINT('',(81.332140465157,24.877833942311,0.));
#6954 = CARTESIAN_POINT('',(81.358630858688,24.880725156794,0.));
#6955 = CARTESIAN_POINT('',(81.384461319323,24.883667577831,0.));
#6956 = CARTESIAN_POINT('',(81.409572195139,24.886662792446,0.));
#6957 = CARTESIAN_POINT('',(81.433897310517,24.889712280028,0.));
#6958 = CARTESIAN_POINT('',(81.457363966143,24.892817412334,0.));
#6959 = ORIENTED_EDGE('',*,*,#6960,.F.);
#6960 = EDGE_CURVE('',#6961,#6940,#6963,.T.);
#6961 = VERTEX_POINT('',#6962);
#6962 = CARTESIAN_POINT('',(79.863941958888,24.774413542926,0.));
#6963 = B_SPLINE_CURVE_WITH_KNOTS('',4,(#6964,#6965,#6966,#6967,#6968),
  .UNSPECIFIED.,.F.,.F.,(5,5),(0.,1.),.PIECEWISE_BEZIER_KNOTS.);
#6964 = CARTESIAN_POINT('',(79.863941958888,24.774413542926,0.));
#6965 = CARTESIAN_POINT('',(79.947703291056,24.786101170671,0.));
#6966 = CARTESIAN_POINT('',(80.035169191069,24.79381748075,0.));
#6967 = CARTESIAN_POINT('',(80.126214900018,24.797629987908,0.));
#6968 = CARTESIAN_POINT('',(80.220701330109,24.797629987908,0.));
#6969 = ORIENTED_EDGE('',*,*,#6970,.F.);
#6970 = EDGE_CURVE('',#6971,#6961,#6973,.T.);
#6971 = VERTEX_POINT('',#6972);
#6972 = CARTESIAN_POINT('',(79.555163240629,24.750423216445,0.));
#6973 = B_SPLINE_CURVE_WITH_KNOTS('',4,(#6974,#6975,#6976,#6977,#6978),
  .UNSPECIFIED.,.F.,.F.,(5,5),(0.,1.),.PIECEWISE_BEZIER_KNOTS.);
#6974 = CARTESIAN_POINT('',(79.555163240629,24.750423216445,0.));
#6975 = CARTESIAN_POINT('',(79.626858428509,24.750423216445,0.));
#6976 = CARTESIAN_POINT('',(79.702304127214,24.754477878272,0.));
#6977 = CARTESIAN_POINT('',(79.781378180355,24.762508998115,0.));
#6978 = CARTESIAN_POINT('',(79.863941958888,24.774413542926,0.));
#6979 = ORIENTED_EDGE('',*,*,#6980,.F.);
#6980 = EDGE_CURVE('',#6981,#6971,#6983,.T.);
#6981 = VERTEX_POINT('',#6982);
#6982 = CARTESIAN_POINT('',(79.032019347037,24.750423216445,0.));
#6983 = LINE('',#6984,#6985);
#6984 = CARTESIAN_POINT('',(39.777581620314,24.750423216445,0.));
#6985 = VECTOR('',#6986,1.);
#6986 = DIRECTION('',(1.,0.,0.));
#6987 = ORIENTED_EDGE('',*,*,#6988,.F.);
#6988 = EDGE_CURVE('',#6989,#6981,#6991,.T.);
#6989 = VERTEX_POINT('',#6990);
#6990 = CARTESIAN_POINT('',(78.794437726723,24.726432889964,0.));
#6991 = LINE('',#6992,#6993);
#6992 = CARTESIAN_POINT('',(40.277190184188,20.837069131597,
    -2.22044604925E-16));
#6993 = VECTOR('',#6994,1.);
#6994 = DIRECTION('',(0.994940461748,0.100466300698,0.));
#6995 = ORIENTED_EDGE('',*,*,#6996,.F.);
#6996 = EDGE_CURVE('',#6997,#6989,#6999,.T.);
#6997 = VERTEX_POINT('',#6998);
#6998 = CARTESIAN_POINT('',(77.676952841596,24.750423216445,0.));
#6999 = B_SPLINE_CURVE_WITH_KNOTS('',8,(#7000,#7001,#7002,#7003,#7004,
    #7005,#7006,#7007,#7008),.UNSPECIFIED.,.F.,.F.,(9,9),(0.,1.),
  .PIECEWISE_BEZIER_KNOTS.);
#7000 = CARTESIAN_POINT('',(77.676952841596,24.750423216445,0.));
#7001 = CARTESIAN_POINT('',(77.786453303433,24.743059844825,0.));
#7002 = CARTESIAN_POINT('',(77.910081250727,24.737500153474,0.));
#7003 = CARTESIAN_POINT('',(78.043816508498,24.733344875834,0.));
#7004 = CARTESIAN_POINT('',(78.184992468187,24.730342618004,0.));
#7005 = CARTESIAN_POINT('',(78.331603897849,24.728285734236,0.));
#7006 = CARTESIAN_POINT('',(78.48239551104,24.727022397484,0.));
#7007 = CARTESIAN_POINT('',(78.636693952307,24.726432889964,0.));
#7008 = CARTESIAN_POINT('',(78.794437726723,24.726432889964,0.));
#7009 = ORIENTED_EDGE('',*,*,#7010,.F.);
#7010 = EDGE_CURVE('',#7011,#6997,#7013,.T.);
#7011 = VERTEX_POINT('',#7012);
#7012 = CARTESIAN_POINT('',(76.559467956469,24.797629987908,0.));
#7013 = B_SPLINE_CURVE_WITH_KNOTS('',8,(#7014,#7015,#7016,#7017,#7018,
    #7019,#7020,#7021,#7022,#7023,#7024,#7025,#7026,#7027,#7028,#7029),
  .UNSPECIFIED.,.F.,.F.,(9,7,9),(0.,0.951313843272,1.),.UNSPECIFIED.);
#7014 = CARTESIAN_POINT('',(76.559467956469,24.797629987908,0.));
#7015 = CARTESIAN_POINT('',(76.709560827013,24.797629987908,0.));
#7016 = CARTESIAN_POINT('',(76.856613734125,24.796579820741,0.));
#7017 = CARTESIAN_POINT('',(77.000497499667,24.794334382339,0.));
#7018 = CARTESIAN_POINT('',(77.140613548759,24.790694485733,0.));
#7019 = CARTESIAN_POINT('',(77.275904225992,24.785408782495,0.));
#7020 = CARTESIAN_POINT('',(77.404744974721,24.778143248058,0.));
#7021 = CARTESIAN_POINT('',(77.524976976837,24.768489780012,0.));
#7022 = CARTESIAN_POINT('',(77.639000391486,24.755181352519,0.));
#7023 = CARTESIAN_POINT('',(77.644520324057,24.754525613477,0.));
#7024 = CARTESIAN_POINT('',(77.650008355358,24.753861998693,0.));
#7025 = CARTESIAN_POINT('',(77.655464004369,24.753190434978,0.));
#7026 = CARTESIAN_POINT('',(77.660886781056,24.75251084884,0.));
#7027 = CARTESIAN_POINT('',(77.666276186368,24.751823166487,0.));
#7028 = CARTESIAN_POINT('',(77.671631712241,24.751127313822,0.));
#7029 = CARTESIAN_POINT('',(77.676952841596,24.750423216445,0.));
#7030 = ORIENTED_EDGE('',*,*,#7031,.F.);
#7031 = EDGE_CURVE('',#7032,#7011,#7034,.T.);
#7032 = VERTEX_POINT('',#7033);
#7033 = CARTESIAN_POINT('',(76.08430471584,24.797629987908,0.));
#7034 = LINE('',#7035,#7036);
#7035 = CARTESIAN_POINT('',(38.279733978235,24.797629987908,0.));
#7036 = VECTOR('',#7037,1.);
#7037 = DIRECTION('',(1.,0.,0.));
#7038 = ORIENTED_EDGE('',*,*,#7039,.F.);
#7039 = EDGE_CURVE('',#7040,#7032,#7042,.T.);
#7040 = VERTEX_POINT('',#7041);
#7041 = CARTESIAN_POINT('',(75.656348246675,24.821620314389,0.));
#7042 = LINE('',#7043,#7044);
#7043 = CARTESIAN_POINT('',(37.960082383207,26.934792541817,
    -2.22044604925E-16));
#7044 = VECTOR('',#7045,1.);
#7045 = DIRECTION('',(0.998432451351,-5.596999275206E-02,0.));
#7046 = ORIENTED_EDGE('',*,*,#7047,.F.);
#7047 = EDGE_CURVE('',#7048,#7040,#7050,.T.);
#7048 = VERTEX_POINT('',#7049);
#7049 = CARTESIAN_POINT('',(75.58515114873,24.726432889964,0.));
#7050 = LINE('',#7051,#7052);
#7051 = CARTESIAN_POINT('',(63.806969468277,8.979516078053,
    -2.22044604925E-16));
#7052 = VECTOR('',#7053,1.);
#7053 = DIRECTION('',(0.598957825591,0.80078057117,0.));
#7054 = ORIENTED_EDGE('',*,*,#7055,.F.);
#7055 = EDGE_CURVE('',#7056,#7048,#7058,.T.);
#7056 = VERTEX_POINT('',#7057);
#7057 = CARTESIAN_POINT('',(75.58515114873,21.231584038694,0.));
#7058 = LINE('',#7059,#7060);
#7059 = CARTESIAN_POINT('',(75.58515114873,28.363216444982,0.));
#7060 = VECTOR('',#7061,1.);
#7061 = DIRECTION('',(0.,1.,0.));
#7062 = ORIENTED_EDGE('',*,*,#7063,.F.);
#7063 = EDGE_CURVE('',#7064,#7056,#7066,.T.);
#7064 = VERTEX_POINT('',#7065);
#7065 = CARTESIAN_POINT('',(75.537170495768,20.399661426844,0.));
#7066 = B_SPLINE_CURVE_WITH_KNOTS('',7,(#7067,#7068,#7069,#7070,#7071,
    #7072,#7073,#7074),.UNSPECIFIED.,.F.,.F.,(8,8),(0.,1.),
  .PIECEWISE_BEZIER_KNOTS.);
#7067 = CARTESIAN_POINT('',(75.537170495768,20.399661426844,0.));
#7068 = CARTESIAN_POINT('',(75.553027613911,20.486108296723,0.));
#7069 = CARTESIAN_POINT('',(75.565049560366,20.587986968793,0.));
#7070 = CARTESIAN_POINT('',(75.573791385452,20.701900046749,0.));
#7071 = CARTESIAN_POINT('',(75.579778357806,20.824981824989,0.));
#7072 = CARTESIAN_POINT('',(75.583447171907,20.955104244581,0.));
#7073 = CARTESIAN_POINT('',(75.58515114873,21.090857477598,0.));
#7074 = CARTESIAN_POINT('',(75.58515114873,21.231584038694,0.));
#7075 = ORIENTED_EDGE('',*,*,#7076,.F.);
#7076 = EDGE_CURVE('',#7077,#7064,#7079,.T.);
#7077 = VERTEX_POINT('',#7078);
#7078 = CARTESIAN_POINT('',(75.537170495768,19.82931076179,0.));
#7079 = LINE('',#7080,#7081);
#7080 = CARTESIAN_POINT('',(75.537170495768,26.199830713422,0.));
#7081 = VECTOR('',#7082,1.);
#7082 = DIRECTION('',(0.,1.,0.));
#7083 = ORIENTED_EDGE('',*,*,#7084,.F.);
#7084 = EDGE_CURVE('',#7085,#7077,#7087,.T.);
#7085 = VERTEX_POINT('',#7086);
#7086 = CARTESIAN_POINT('',(75.632357920193,18.807013301088,0.));
#7087 = LINE('',#7088,#7089);
#7088 = CARTESIAN_POINT('',(74.650798170389,29.348805410772,0.));
#7089 = VECTOR('',#7090,1.);
#7090 = DIRECTION('',(-9.271026108158E-02,0.995693129177,-0.));
#7091 = ORIENTED_EDGE('',*,*,#7092,.F.);
#7092 = EDGE_CURVE('',#7093,#7085,#7095,.T.);
#7093 = VERTEX_POINT('',#7094);
#7094 = CARTESIAN_POINT('',(75.703555018138,16.072889963724,0.));
#7095 = B_SPLINE_CURVE_WITH_KNOTS('',8,(#7096,#7097,#7098,#7099,#7100,
    #7101,#7102,#7103,#7104,#7105,#7106,#7107,#7108,#7109,#7110,#7111),
  .UNSPECIFIED.,.F.,.F.,(9,7,9),(0.,0.778634677277,1.),.UNSPECIFIED.);
#7096 = CARTESIAN_POINT('',(75.703555018138,16.072889963724,0.));
#7097 = CARTESIAN_POINT('',(75.703555018138,16.346355833147,0.));
#7098 = CARTESIAN_POINT('',(75.70259783039,16.618892517908,0.));
#7099 = CARTESIAN_POINT('',(75.700559193989,16.890476488561,0.));
#7100 = CARTESIAN_POINT('',(75.697273904698,17.160955507048,0.));
#7101 = CARTESIAN_POINT('',(75.692544310922,17.430061035902,0.));
#7102 = CARTESIAN_POINT('',(75.686069780058,17.69732697782,0.));
#7103 = CARTESIAN_POINT('',(75.677480678599,17.962129884697,0.));
#7104 = CARTESIAN_POINT('',(75.662772957004,18.297618404816,0.));
#7105 = CARTESIAN_POINT('',(75.659286162297,18.371585200638,0.));
#7106 = CARTESIAN_POINT('',(75.655551326202,18.445226570944,0.));
#7107 = CARTESIAN_POINT('',(75.651548960592,18.518507792079,0.));
#7108 = CARTESIAN_POINT('',(75.647256862735,18.591385775318,0.));
#7109 = CARTESIAN_POINT('',(75.642649283942,18.663807888268,0.));
#7110 = CARTESIAN_POINT('',(75.637695519542,18.73570993588,0.));
#7111 = CARTESIAN_POINT('',(75.632357920193,18.807013301088,0.));
#7112 = ORIENTED_EDGE('',*,*,#7113,.F.);
#7113 = EDGE_CURVE('',#7114,#7093,#7116,.T.);
#7114 = VERTEX_POINT('',#7115);
#7115 = CARTESIAN_POINT('',(76.060314389359,11.912503022975,0.));
#7116 = B_SPLINE_CURVE_WITH_KNOTS('',8,(#7117,#7118,#7119,#7120,#7121,
    #7122,#7123,#7124,#7125,#7126,#7127,#7128,#7129,#7130,#7131,#7132),
  .UNSPECIFIED.,.F.,.F.,(9,7,9),(0.,0.344034132305,1.),.UNSPECIFIED.);
#7117 = CARTESIAN_POINT('',(76.060314389359,11.912503022975,0.));
#7118 = CARTESIAN_POINT('',(76.019824886203,12.080854115045,0.));
#7119 = CARTESIAN_POINT('',(75.984907243045,12.252339101473,0.));
#7120 = CARTESIAN_POINT('',(75.95416076553,12.425954584858,0.));
#7121 = CARTESIAN_POINT('',(75.926878883436,12.601116112022,0.));
#7122 = CARTESIAN_POINT('',(75.902481371425,12.777393707359,0.));
#7123 = CARTESIAN_POINT('',(75.880576733892,12.954544475605,0.));
#7124 = CARTESIAN_POINT('',(75.860831386652,13.132446520759,0.));
#7125 = CARTESIAN_POINT('',(75.808961147491,13.651769501645,0.));
#7126 = CARTESIAN_POINT('',(75.781896429041,13.994659226035,0.));
#7127 = CARTESIAN_POINT('',(75.760022394292,14.339056988587,0.));
#7128 = CARTESIAN_POINT('',(75.742445996278,14.684537675083,0.));
#7129 = CARTESIAN_POINT('',(75.728450020277,15.030791573186,0.));
#7130 = CARTESIAN_POINT('',(75.71755393482,15.377642990739,0.));
#7131 = CARTESIAN_POINT('',(75.709357765058,15.725005926587,0.));
#7132 = CARTESIAN_POINT('',(75.703555018138,16.072889963724,0.));
#7133 = ORIENTED_EDGE('',*,*,#7134,.F.);
#7134 = EDGE_CURVE('',#7135,#7114,#7137,.T.);
#7135 = VERTEX_POINT('',#7136);
#7136 = CARTESIAN_POINT('',(76.607448609432,11.032599758162,0.));
#7137 = B_SPLINE_CURVE_WITH_KNOTS('',6,(#7138,#7139,#7140,#7141,#7142,
    #7143,#7144,#7145,#7146,#7147,#7148,#7149),.UNSPECIFIED.,.F.,.F.,(7,
    5,7),(0.,0.521300468408,1.),.UNSPECIFIED.);
#7138 = CARTESIAN_POINT('',(76.607448609432,11.032599758162,0.));
#7139 = CARTESIAN_POINT('',(76.533462839209,11.069592643273,0.));
#7140 = CARTESIAN_POINT('',(76.464581935054,11.117769723284,0.));
#7141 = CARTESIAN_POINT('',(76.401706819761,11.176508164061,0.));
#7142 = CARTESIAN_POINT('',(76.34495954429,11.244381164339,0.));
#7143 = CARTESIAN_POINT('',(76.29410923004,11.319822184213,0.));
#7144 = CARTESIAN_POINT('',(76.2071080838,11.476339712421,0.));
#7145 = CARTESIAN_POINT('',(76.170071757049,11.556495126265,0.));
#7146 = CARTESIAN_POINT('',(76.137276811289,11.640919382727,0.));
#7147 = CARTESIAN_POINT('',(76.108305666573,11.728780197637,0.));
#7148 = CARTESIAN_POINT('',(76.082768801829,11.819447760133,0.));
#7149 = CARTESIAN_POINT('',(76.060314389359,11.912503022975,0.));
#7150 = ORIENTED_EDGE('',*,*,#7151,.F.);
#7151 = EDGE_CURVE('',#7152,#7135,#7154,.T.);
#7152 = VERTEX_POINT('',#7153);
#7153 = CARTESIAN_POINT('',(79.388778718259,11.056590084643,0.));
#7154 = LINE('',#7155,#7156);
#7155 = CARTESIAN_POINT('',(38.396994143554,10.703015982858,0.));
#7156 = VECTOR('',#7157,1.);
#7157 = DIRECTION('',(-0.999962802563,-8.625166076645E-03,0.));
#7158 = ORIENTED_EDGE('',*,*,#7159,.F.);
#7159 = EDGE_CURVE('',#7160,#7152,#7162,.T.);
#7160 = VERTEX_POINT('',#7161);
#7161 = CARTESIAN_POINT('',(80.41107617896,11.080580411125,0.));
#7162 = B_SPLINE_CURVE_WITH_KNOTS('',7,(#7163,#7164,#7165,#7166,#7167,
    #7168,#7169,#7170),.UNSPECIFIED.,.F.,.F.,(8,8),(0.,1.),
  .PIECEWISE_BEZIER_KNOTS.);
#7163 = CARTESIAN_POINT('',(80.41107617896,11.080580411125,0.));
#7164 = CARTESIAN_POINT('',(80.246997033444,11.080580411125,0.));
#7165 = CARTESIAN_POINT('',(80.087082219572,11.079729883412,0.));
#7166 = CARTESIAN_POINT('',(79.931810195913,11.077901889988,0.));
#7167 = CARTESIAN_POINT('',(79.782254386717,11.074927311695,0.));
#7168 = CARTESIAN_POINT('',(79.640147693454,11.07058421176,0.));
#7169 = CARTESIAN_POINT('',(79.50787385466,11.064598651299,0.));
#7170 = CARTESIAN_POINT('',(79.388778718259,11.056590084643,0.));
#7171 = ORIENTED_EDGE('',*,*,#7172,.F.);
#7172 = EDGE_CURVE('',#7173,#7160,#7175,.T.);
#7173 = VERTEX_POINT('',#7174);
#7174 = CARTESIAN_POINT('',(81.551777509069,11.080580411125,0.));
#7175 = LINE('',#7176,#7177);
#7176 = CARTESIAN_POINT('',(40.20553808948,11.080580411125,0.));
#7177 = VECTOR('',#7178,1.);
#7178 = DIRECTION('',(-1.,0.,0.));
#7179 = ORIENTED_EDGE('',*,*,#7180,.F.);
#7180 = EDGE_CURVE('',#7181,#7173,#7183,.T.);
#7181 = VERTEX_POINT('',#7182);
#7182 = CARTESIAN_POINT('',(81.992116082225,11.128561064087,0.));
#7183 = B_SPLINE_CURVE_WITH_KNOTS('',6,(#7184,#7185,#7186,#7187,#7188,
    #7189,#7190),.UNSPECIFIED.,.F.,.F.,(7,7),(0.,1.),
  .PIECEWISE_BEZIER_KNOTS.);
#7184 = CARTESIAN_POINT('',(81.992116082225,11.128561064087,0.));
#7185 = CARTESIAN_POINT('',(81.893220274471,11.121173666399,0.));
#7186 = CARTESIAN_POINT('',(81.802459289035,11.113535576687,0.));
#7187 = CARTESIAN_POINT('',(81.72119970575,11.105639314369,0.));
#7188 = CARTESIAN_POINT('',(81.651149324442,11.097492358401,0.));
#7189 = CARTESIAN_POINT('',(81.594202008014,11.089120407666,0.));
#7190 = CARTESIAN_POINT('',(81.551777509069,11.080580411125,0.));
#7191 = ORIENTED_EDGE('',*,*,#7192,.F.);
#7192 = EDGE_CURVE('',#7193,#7181,#7195,.T.);
#7193 = VERTEX_POINT('',#7194);
#7194 = CARTESIAN_POINT('',(82.479661426844,11.246964933495,0.));
#7195 = B_SPLINE_CURVE_WITH_KNOTS('',6,(#7196,#7197,#7198,#7199,#7200,
    #7201,#7202),.UNSPECIFIED.,.F.,.F.,(7,7),(0.,1.),
  .PIECEWISE_BEZIER_KNOTS.);
#7196 = CARTESIAN_POINT('',(82.479661426844,11.246964933495,0.));
#7197 = CARTESIAN_POINT('',(82.421524043844,11.21370494229,0.));
#7198 = CARTESIAN_POINT('',(82.352854482459,11.186178348967,0.));
#7199 = CARTESIAN_POINT('',(82.2745149716,11.164266369777,0.));
#7200 = CARTESIAN_POINT('',(82.187594119712,11.147630095794,0.));
#7201 = CARTESIAN_POINT('',(82.093151326258,11.135864816668,0.));
#7202 = CARTESIAN_POINT('',(81.992116082225,11.128561064087,0.));
#7203 = ORIENTED_EDGE('',*,*,#7204,.F.);
#7204 = EDGE_CURVE('',#7205,#7193,#7207,.T.);
#7205 = VERTEX_POINT('',#7206);
#7206 = CARTESIAN_POINT('',(82.680870616687,11.568125755744,0.));
#7207 = B_SPLINE_CURVE_WITH_KNOTS('',5,(#7208,#7209,#7210,#7211,#7212,
    #7213,#7214,#7215,#7216,#7217),.UNSPECIFIED.,.F.,.F.,(6,4,6),(0.,
    0.864699834693,1.),.UNSPECIFIED.);
#7208 = CARTESIAN_POINT('',(82.680870616687,11.568125755744,0.));
#7209 = CARTESIAN_POINT('',(82.660788415441,11.498895009345,0.));
#7210 = CARTESIAN_POINT('',(82.634437745658,11.435195799116,0.));
#7211 = CARTESIAN_POINT('',(82.60165497268,11.377428780602,0.));
#7212 = CARTESIAN_POINT('',(82.562407862502,11.325891661813,0.));
#7213 = CARTESIAN_POINT('',(82.509717791951,11.273664658411,0.));
#7214 = CARTESIAN_POINT('',(82.502434177695,11.26675439931,0.));
#7215 = CARTESIAN_POINT('',(82.494996470615,11.26000074504,0.));
#7216 = CARTESIAN_POINT('',(82.487405309717,11.253404140449,0.));
#7217 = CARTESIAN_POINT('',(82.479661426844,11.246964933495,0.));
#7218 = ORIENTED_EDGE('',*,*,#7219,.F.);
#7219 = EDGE_CURVE('',#7220,#7205,#7222,.T.);
#7220 = VERTEX_POINT('',#7221);
#7221 = CARTESIAN_POINT('',(82.74045949214,12.150084643289,0.));
#7222 = B_SPLINE_CURVE_WITH_KNOTS('',6,(#7223,#7224,#7225,#7226,#7227,
    #7228,#7229),.UNSPECIFIED.,.F.,.F.,(7,7),(0.,1.),
  .PIECEWISE_BEZIER_KNOTS.);
#7223 = CARTESIAN_POINT('',(82.74045949214,12.150084643289,0.));
#7224 = CARTESIAN_POINT('',(82.74045949214,12.032849915071,0.));
#7225 = CARTESIAN_POINT('',(82.737056202264,11.922069187723,0.));
#7226 = CARTESIAN_POINT('',(82.729844584497,11.818774449979,0.));
#7227 = CARTESIAN_POINT('',(82.718368113049,11.724311311332,0.));
#7228 = CARTESIAN_POINT('',(82.702153485387,11.640266388609,0.));
#7229 = CARTESIAN_POINT('',(82.680870616687,11.568125755744,0.));
#7230 = ORIENTED_EDGE('',*,*,#7231,.F.);
#7231 = EDGE_CURVE('',#7232,#7220,#7234,.T.);
#7232 = VERTEX_POINT('',#7233);
#7233 = CARTESIAN_POINT('',(82.717243047158,12.34045949214,0.));
#7234 = LINE('',#7235,#7236);
#7235 = CARTESIAN_POINT('',(80.941589581405,26.900817911319,0.));
#7236 = VECTOR('',#7237,1.);
#7237 = DIRECTION('',(0.121054375311,-0.992645877551,0.));
#7238 = ORIENTED_EDGE('',*,*,#7239,.F.);
#7239 = EDGE_CURVE('',#7240,#7232,#7242,.T.);
#7240 = VERTEX_POINT('',#7241);
#7241 = CARTESIAN_POINT('',(82.717243047158,12.626021765417,0.));
#7242 = LINE('',#7243,#7244);
#7243 = CARTESIAN_POINT('',(82.717243047158,22.17022974607,0.));
#7244 = VECTOR('',#7245,1.);
#7245 = DIRECTION('',(0.,-1.,0.));
#7246 = ORIENTED_EDGE('',*,*,#7247,.F.);
#7247 = EDGE_CURVE('',#7248,#7240,#7250,.T.);
#7248 = VERTEX_POINT('',#7249);
#7249 = CARTESIAN_POINT('',(82.646045949214,12.958790810157,0.));
#7250 = B_SPLINE_CURVE_WITH_KNOTS('',5,(#7251,#7252,#7253,#7254,#7255,
    #7256),.UNSPECIFIED.,.F.,.F.,(6,6),(0.,1.),
  .PIECEWISE_BEZIER_KNOTS.);
#7251 = CARTESIAN_POINT('',(82.646045949214,12.958790810157,0.));
#7252 = CARTESIAN_POINT('',(82.646045949214,12.892035243068,0.));
#7253 = CARTESIAN_POINT('',(82.653208881086,12.825278844072,0.));
#7254 = CARTESIAN_POINT('',(82.667535168264,12.75862627026,0.));
#7255 = CARTESIAN_POINT('',(82.688935093428,12.692176222505,0.));
#7256 = CARTESIAN_POINT('',(82.717243047158,12.626021765417,0.));
#7257 = ORIENTED_EDGE('',*,*,#7258,.F.);
#7258 = EDGE_CURVE('',#7259,#7248,#7261,.T.);
#7259 = VERTEX_POINT('',#7260);
#7260 = CARTESIAN_POINT('',(82.622055622733,13.33876662636,0.));
#7261 = B_SPLINE_CURVE_WITH_KNOTS('',4,(#7262,#7263,#7264,#7265,#7266,
    #7267,#7268,#7269),.UNSPECIFIED.,.F.,.F.,(5,3,5),(0.,0.359809506016,
    1.),.UNSPECIFIED.);
#7262 = CARTESIAN_POINT('',(82.622055622733,13.33876662636,0.));
#7263 = CARTESIAN_POINT('',(82.617740759519,13.304526098922,0.));
#7264 = CARTESIAN_POINT('',(82.614974641303,13.270275426503,0.));
#7265 = CARTESIAN_POINT('',(82.613764428919,13.236027923314,0.));
#7266 = CARTESIAN_POINT('',(82.614724930733,13.140891767898,0.));
#7267 = CARTESIAN_POINT('',(82.620265175958,13.080038888207,0.));
#7268 = CARTESIAN_POINT('',(82.630729724965,13.019314599527,0.));
#7269 = CARTESIAN_POINT('',(82.646045949214,12.958790810157,0.));
#7270 = ORIENTED_EDGE('',*,*,#7271,.F.);
#7271 = EDGE_CURVE('',#7272,#7259,#7274,.T.);
#7272 = VERTEX_POINT('',#7273);
#7273 = CARTESIAN_POINT('',(82.622055622733,13.695525997582,0.));
#7274 = LINE('',#7275,#7276);
#7275 = CARTESIAN_POINT('',(82.622055622733,22.66938331318,0.));
#7276 = VECTOR('',#7277,1.);
#7277 = DIRECTION('',(0.,-1.,0.));
#7278 = ORIENTED_EDGE('',*,*,#7279,.F.);
#7279 = EDGE_CURVE('',#7280,#7272,#7282,.T.);
#7280 = VERTEX_POINT('',#7281);
#7281 = CARTESIAN_POINT('',(82.646045949214,14.028295042322,0.));
#7282 = B_SPLINE_CURVE_WITH_KNOTS('',5,(#7283,#7284,#7285,#7286,#7287,
    #7288),.UNSPECIFIED.,.F.,.F.,(6,6),(0.,1.),
  .PIECEWISE_BEZIER_KNOTS.);
#7283 = CARTESIAN_POINT('',(82.646045949214,14.028295042322,0.));
#7284 = CARTESIAN_POINT('',(82.646045949214,13.945362999575,0.));
#7285 = CARTESIAN_POINT('',(82.64378543198,13.869952655772,0.));
#7286 = CARTESIAN_POINT('',(82.639115001392,13.802742978764,0.));
#7287 = CARTESIAN_POINT('',(82.631898089159,13.744420830795,0.));
#7288 = CARTESIAN_POINT('',(82.622055622733,13.695525997582,0.));
#7289 = ORIENTED_EDGE('',*,*,#7290,.F.);
#7290 = EDGE_CURVE('',#7291,#7280,#7293,.T.);
#7291 = VERTEX_POINT('',#7292);
#7292 = CARTESIAN_POINT('',(82.669262394196,14.218669891173,0.));
#7293 = LINE('',#7294,#7295);
#7294 = CARTESIAN_POINT('',(83.120268800209,17.916922420478,0.));
#7295 = VECTOR('',#7296,1.);
#7296 = DIRECTION('',(-0.121054375311,-0.992645877551,0.));
#7297 = ORIENTED_EDGE('',*,*,#7298,.F.);
#7298 = EDGE_CURVE('',#7299,#7291,#7301,.T.);
#7299 = VERTEX_POINT('',#7300);
#7300 = CARTESIAN_POINT('',(82.669262394196,14.765030229746,0.));
#7301 = LINE('',#7302,#7303);
#7302 = CARTESIAN_POINT('',(82.669262394196,23.109334945586,0.));
#7303 = VECTOR('',#7304,1.);
#7304 = DIRECTION('',(0.,-1.,0.));
#7305 = ORIENTED_EDGE('',*,*,#7306,.F.);
#7306 = EDGE_CURVE('',#7307,#7299,#7309,.T.);
#7307 = VERTEX_POINT('',#7308);
#7308 = CARTESIAN_POINT('',(82.693252720677,15.525755743652,0.));
#7309 = LINE('',#7310,#7311);
#7310 = CARTESIAN_POINT('',(82.899686830819,22.071714784613,
    -2.22044604925E-16));
#7311 = VECTOR('',#7312,1.);
#7312 = DIRECTION('',(-3.152044387395E-02,-0.999503107358,0.));
#7313 = ORIENTED_EDGE('',*,*,#7314,.F.);
#7314 = EDGE_CURVE('',#7315,#7307,#7317,.T.);
#7315 = VERTEX_POINT('',#7316);
#7316 = CARTESIAN_POINT('',(82.717243047158,16.192067714631,0.));
#7317 = B_SPLINE_CURVE_WITH_KNOTS('',6,(#7318,#7319,#7320,#7321,#7322,
    #7323,#7324),.UNSPECIFIED.,.F.,.F.,(7,7),(0.,1.),
  .PIECEWISE_BEZIER_KNOTS.);
#7318 = CARTESIAN_POINT('',(82.717243047158,16.192067714631,0.));
#7319 = CARTESIAN_POINT('',(82.717243047158,16.061419562062,0.));
#7320 = CARTESIAN_POINT('',(82.715901593482,15.936921226981,0.));
#7321 = CARTESIAN_POINT('',(82.713046861882,15.819554213439,0.));
#7322 = CARTESIAN_POINT('',(82.708473270021,15.710704972337,0.));
#7323 = CARTESIAN_POINT('',(82.701947028874,15.612137902508,0.));
#7324 = CARTESIAN_POINT('',(82.693252720677,15.525755743652,0.));
#7325 = ORIENTED_EDGE('',*,*,#7326,.F.);
#7326 = EDGE_CURVE('',#7327,#7315,#7329,.T.);
#7327 = VERTEX_POINT('',#7328);
#7328 = CARTESIAN_POINT('',(82.835646916566,16.643240628779,0.));
#7329 = B_SPLINE_CURVE_WITH_KNOTS('',6,(#7330,#7331,#7332,#7333,#7334,
    #7335,#7336),.UNSPECIFIED.,.F.,.F.,(7,7),(0.,1.),
  .PIECEWISE_BEZIER_KNOTS.);
#7330 = CARTESIAN_POINT('',(82.835646916566,16.643240628779,0.));
#7331 = CARTESIAN_POINT('',(82.81026630588,16.601031569704,0.));
#7332 = CARTESIAN_POINT('',(82.787200390065,16.543284062214,0.));
#7333 = CARTESIAN_POINT('',(82.766518200807,16.471508863183,0.));
#7334 = CARTESIAN_POINT('',(82.748088349492,16.387836692208,0.));
#7335 = CARTESIAN_POINT('',(82.731729242122,16.294183515193,0.));
#7336 = CARTESIAN_POINT('',(82.717243047158,16.192067714631,0.));
#7337 = ORIENTED_EDGE('',*,*,#7338,.F.);
#7338 = EDGE_CURVE('',#7339,#7327,#7341,.T.);
#7339 = VERTEX_POINT('',#7340);
#7340 = CARTESIAN_POINT('',(82.811656590085,17.,0.));
#7341 = B_SPLINE_CURVE_WITH_KNOTS('',4,(#7342,#7343,#7344,#7345,#7346),
  .UNSPECIFIED.,.F.,.F.,(5,5),(0.,1.),.PIECEWISE_BEZIER_KNOTS.);
#7342 = CARTESIAN_POINT('',(82.811656590085,17.,0.));
#7343 = CARTESIAN_POINT('',(82.823551691489,16.905606614665,0.));
#7344 = CARTESIAN_POINT('',(82.831585478583,16.814585558289,0.));
#7345 = CARTESIAN_POINT('',(82.835646916566,16.727084815983,0.));
#7346 = CARTESIAN_POINT('',(82.835646916566,16.643240628779,0.));
#7347 = ORIENTED_EDGE('',*,*,#7348,.F.);
#7348 = EDGE_CURVE('',#7349,#7339,#7351,.T.);
#7349 = VERTEX_POINT('',#7350);
#7350 = CARTESIAN_POINT('',(82.788440145103,17.380749697703,0.));
#7351 = B_SPLINE_CURVE_WITH_KNOTS('',4,(#7352,#7353,#7354,#7355,#7356),
  .UNSPECIFIED.,.F.,.F.,(5,5),(0.,1.),.PIECEWISE_BEZIER_KNOTS.);
#7352 = CARTESIAN_POINT('',(82.788440145103,17.380749697703,0.));
#7353 = CARTESIAN_POINT('',(82.788440145103,17.285532411224,0.));
#7354 = CARTESIAN_POINT('',(82.792311984969,17.190315106774,0.));
#7355 = CARTESIAN_POINT('',(82.800055643222,17.095127764275,0.));
#7356 = CARTESIAN_POINT('',(82.811656590085,17.,0.));
#7357 = ORIENTED_EDGE('',*,*,#7358,.F.);
#7358 = EDGE_CURVE('',#7359,#7349,#7361,.T.);
#7359 = VERTEX_POINT('',#7360);
#7360 = CARTESIAN_POINT('',(82.764449818622,18.236662636034,0.));
#7361 = B_SPLINE_CURVE_WITH_KNOTS('',6,(#7362,#7363,#7364,#7365,#7366,
    #7367,#7368),.UNSPECIFIED.,.F.,.F.,(7,7),(0.,1.),
  .PIECEWISE_BEZIER_KNOTS.);
#7362 = CARTESIAN_POINT('',(82.764449818622,18.236662636034,0.));
#7363 = CARTESIAN_POINT('',(82.764449818622,18.070739153536,0.));
#7364 = CARTESIAN_POINT('',(82.76566466591,17.911327740385,0.));
#7365 = CARTESIAN_POINT('',(82.768314055881,17.759523647781,0.));
#7366 = CARTESIAN_POINT('',(82.772708197836,17.617751005458,0.));
#7367 = CARTESIAN_POINT('',(82.779253670429,17.489802042222,0.));
#7368 = CARTESIAN_POINT('',(82.788440145103,17.380749697703,0.));
#7369 = ORIENTED_EDGE('',*,*,#7370,.F.);
#7370 = EDGE_CURVE('',#7371,#7359,#7373,.T.);
#7371 = VERTEX_POINT('',#7372);
#7372 = CARTESIAN_POINT('',(82.788440145103,19.044594921403,0.));
#7373 = B_SPLINE_CURVE_WITH_KNOTS('',7,(#7374,#7375,#7376,#7377,#7378,
    #7379,#7380,#7381),.UNSPECIFIED.,.F.,.F.,(8,8),(0.,1.),
  .PIECEWISE_BEZIER_KNOTS.);
#7374 = CARTESIAN_POINT('',(82.788440145103,19.044594921403,0.));
#7375 = CARTESIAN_POINT('',(82.780594720116,18.959054481228,0.));
#7376 = CARTESIAN_POINT('',(82.774603831247,18.859649667059,0.));
#7377 = CARTESIAN_POINT('',(82.770213813742,18.749214784836,0.));
#7378 = CARTESIAN_POINT('',(82.767186328743,18.630153412952,0.));
#7379 = CARTESIAN_POINT('',(82.765320066362,18.504296172875,0.));
#7380 = CARTESIAN_POINT('',(82.764449818622,18.372907519686,0.));
#7381 = CARTESIAN_POINT('',(82.764449818622,18.236662636034,0.));
#7382 = ORIENTED_EDGE('',*,*,#7383,.F.);
#7383 = EDGE_CURVE('',#7384,#7371,#7386,.T.);
#7384 = VERTEX_POINT('',#7385);
#7385 = CARTESIAN_POINT('',(82.90761789601,19.82931076179,0.));
#7386 = B_SPLINE_CURVE_WITH_KNOTS('',5,(#7387,#7388,#7389,#7390,#7391,
    #7392),.UNSPECIFIED.,.F.,.F.,(6,6),(0.,1.),
  .PIECEWISE_BEZIER_KNOTS.);
#7387 = CARTESIAN_POINT('',(82.90761789601,19.82931076179,0.));
#7388 = CARTESIAN_POINT('',(82.861003094972,19.671304747883,0.));
#7389 = CARTESIAN_POINT('',(82.825153347926,19.513381173547,0.));
#7390 = CARTESIAN_POINT('',(82.800771345369,19.355955573106,0.));
#7391 = CARTESIAN_POINT('',(82.788440145103,19.199512877351,0.));
#7392 = CARTESIAN_POINT('',(82.788440145103,19.044594921403,0.));
#7393 = ORIENTED_EDGE('',*,*,#7394,.F.);
#7394 = EDGE_CURVE('',#7395,#7384,#7397,.T.);
#7395 = VERTEX_POINT('',#7396);
#7396 = CARTESIAN_POINT('',(83.453978234583,19.924498186215,0.));
#7397 = B_SPLINE_CURVE_WITH_KNOTS('',5,(#7398,#7399,#7400,#7401,#7402,
    #7403),.UNSPECIFIED.,.F.,.F.,(6,6),(0.,1.),
  .PIECEWISE_BEZIER_KNOTS.);
#7398 = CARTESIAN_POINT('',(83.453978234583,19.924498186215,0.));
#7399 = CARTESIAN_POINT('',(83.333607680855,19.924498186215,0.));
#7400 = CARTESIAN_POINT('',(83.218125983717,19.91545718774,0.));
#7401 = CARTESIAN_POINT('',(83.108203388631,19.896813809627,0.));
#7402 = CARTESIAN_POINT('',(83.004515367928,19.868132875946,0.));
#7403 = CARTESIAN_POINT('',(82.90761789601,19.82931076179,0.));
#7404 = ORIENTED_EDGE('',*,*,#7405,.F.);
#7405 = EDGE_CURVE('',#7406,#7395,#7408,.T.);
#7406 = VERTEX_POINT('',#7407);
#7407 = CARTESIAN_POINT('',(85.082224909311,19.900507859734,0.));
#7408 = B_SPLINE_CURVE_WITH_KNOTS('',4,(#7409,#7410,#7411,#7412,#7413),
  .UNSPECIFIED.,.F.,.F.,(5,5),(0.,1.),.PIECEWISE_BEZIER_KNOTS.);
#7409 = CARTESIAN_POINT('',(85.082224909311,19.900507859734,0.));
#7410 = CARTESIAN_POINT('',(84.671352101746,19.91219323316,0.));
#7411 = CARTESIAN_POINT('',(84.262823137804,19.920281716232,0.));
#7412 = CARTESIAN_POINT('',(83.856908502766,19.924498186215,0.));
#7413 = CARTESIAN_POINT('',(83.453978234583,19.924498186215,0.));
#7414 = ORIENTED_EDGE('',*,*,#7415,.F.);
#7415 = EDGE_CURVE('',#7416,#7406,#7418,.T.);
#7416 = VERTEX_POINT('',#7417);
#7417 = CARTESIAN_POINT('',(86.592067714631,19.758113663845,0.));
#7418 = B_SPLINE_CURVE_WITH_KNOTS('',6,(#7419,#7420,#7421,#7422,#7423,
    #7424,#7425),.UNSPECIFIED.,.F.,.F.,(7,7),(0.,1.),
  .PIECEWISE_BEZIER_KNOTS.);
#7419 = CARTESIAN_POINT('',(86.592067714631,19.758113663845,0.));
#7420 = CARTESIAN_POINT('',(86.352158009705,19.80079527414,0.));
#7421 = CARTESIAN_POINT('',(86.106250540509,19.83470341882,0.));
#7422 = CARTESIAN_POINT('',(85.855512159061,19.860851357058,0.));
#7423 = CARTESIAN_POINT('',(85.600849992995,19.880079342091,0.));
#7424 = CARTESIAN_POINT('',(85.342938433108,19.893099867765,0.));
#7425 = CARTESIAN_POINT('',(85.082224909311,19.900507859734,0.));
#7426 = ORIENTED_EDGE('',*,*,#7427,.F.);
#7427 = EDGE_CURVE('',#7428,#7416,#7430,.T.);
#7428 = VERTEX_POINT('',#7429);
#7429 = CARTESIAN_POINT('',(86.865247883918,19.947714631197,0.));
#7430 = B_SPLINE_CURVE_WITH_KNOTS('',5,(#7431,#7432,#7433,#7434,#7435,
    #7436),.UNSPECIFIED.,.F.,.F.,(6,6),(0.,1.),
  .PIECEWISE_BEZIER_KNOTS.);
#7431 = CARTESIAN_POINT('',(86.865247883918,19.947714631197,0.));
#7432 = CARTESIAN_POINT('',(86.814327364082,19.882934088211,0.));
#7433 = CARTESIAN_POINT('',(86.761359340476,19.830512306781,0.));
#7434 = CARTESIAN_POINT('',(86.706475490914,19.791728185051,0.));
#7435 = CARTESIAN_POINT('',(86.64991128146,19.767544680176,0.));
#7436 = CARTESIAN_POINT('',(86.592067714631,19.758113663845,0.));
#7437 = ORIENTED_EDGE('',*,*,#7438,.F.);
#7438 = EDGE_CURVE('',#7439,#7428,#7441,.T.);
#7439 = VERTEX_POINT('',#7440);
#7440 = CARTESIAN_POINT('',(86.996033857316,20.233276904474,0.));
#7441 = B_SPLINE_CURVE_WITH_KNOTS('',5,(#7442,#7443,#7444,#7445,#7446,
    #7447),.UNSPECIFIED.,.F.,.F.,(6,6),(0.,1.),
  .PIECEWISE_BEZIER_KNOTS.);
#7442 = CARTESIAN_POINT('',(86.996033857316,20.233276904474,0.));
#7443 = CARTESIAN_POINT('',(86.996033857316,20.184535891412,0.));
#7444 = CARTESIAN_POINT('',(86.982361001612,20.131120663763,0.));
#7445 = CARTESIAN_POINT('',(86.955311903552,20.073459071863,0.));
#7446 = CARTESIAN_POINT('',(86.915883810962,20.012133118265,0.));
#7447 = CARTESIAN_POINT('',(86.865247883918,19.947714631197,0.));
#7448 = ORIENTED_EDGE('',*,*,#7449,.F.);
#7449 = EDGE_CURVE('',#7450,#7439,#7452,.T.);
#7450 = VERTEX_POINT('',#7451);
#7451 = CARTESIAN_POINT('',(86.829649334946,24.322466747279,0.));
#7452 = LINE('',#7453,#7454);
#7453 = CARTESIAN_POINT('',(86.685146577734,27.873874045453,0.));
#7454 = VECTOR('',#7455,1.);
#7455 = DIRECTION('',(4.065523190236E-02,-0.999173234289,0.));
#7456 = ORIENTED_EDGE('',*,*,#7457,.F.);
#7457 = EDGE_CURVE('',#7458,#7450,#7460,.T.);
#7458 = VERTEX_POINT('',#7459);
#7459 = CARTESIAN_POINT('',(86.640048367594,24.512841596131,0.));
#7460 = B_SPLINE_CURVE_WITH_KNOTS('',4,(#7461,#7462,#7463,#7464,#7465,
    #7466,#7467,#7468),.UNSPECIFIED.,.F.,.F.,(5,3,5),(0.,0.501014271739,
    1.),.UNSPECIFIED.);
#7461 = CARTESIAN_POINT('',(86.640048367594,24.512841596131,0.));
#7462 = CARTESIAN_POINT('',(86.675519936397,24.500889219686,0.));
#7463 = CARTESIAN_POINT('',(86.707249530819,24.484965400269,0.));
#7464 = CARTESIAN_POINT('',(86.735044784999,24.465002346398,0.));
#7465 = CARTESIAN_POINT('',(86.782529316876,24.417228740787,0.));
#7466 = CARTESIAN_POINT('',(86.802251581762,24.389449678755,0.));
#7467 = CARTESIAN_POINT('',(86.817935768713,24.357799471652,0.));
#7468 = CARTESIAN_POINT('',(86.829649334946,24.322466747279,0.));
#7469 = ORIENTED_EDGE('',*,*,#7470,.F.);
#7470 = EDGE_CURVE('',#7471,#7458,#7473,.T.);
#7471 = VERTEX_POINT('',#7472);
#7472 = CARTESIAN_POINT('',(85.522563482467,24.750423216445,0.));
#7473 = B_SPLINE_CURVE_WITH_KNOTS('',5,(#7474,#7475,#7476,#7477,#7478,
    #7479,#7480,#7481,#7482,#7483),.UNSPECIFIED.,.F.,.F.,(6,4,6),(0.,
    0.54416381679,1.),.UNSPECIFIED.);
#7474 = CARTESIAN_POINT('',(85.522563482467,24.750423216445,0.));
#7475 = CARTESIAN_POINT('',(85.658353340118,24.74128209682,0.));
#7476 = CARTESIAN_POINT('',(85.791664979208,24.728624800909,0.));
#7477 = CARTESIAN_POINT('',(85.922024423824,24.711993584281,0.));
#7478 = CARTESIAN_POINT('',(86.048675400119,24.690820552889,0.));
#7479 = CARTESIAN_POINT('',(86.272664565682,24.642280754633,0.));
#7480 = CARTESIAN_POINT('',(86.371405481464,24.616480540179,0.));
#7481 = CARTESIAN_POINT('',(86.466169745795,24.586600643437,0.));
#7482 = CARTESIAN_POINT('',(86.556064455936,24.552183963925,0.));
#7483 = CARTESIAN_POINT('',(86.640048367594,24.512841596131,0.));
#7484 = ORIENTED_EDGE('',*,*,#7485,.F.);
#7485 = EDGE_CURVE('',#7486,#7471,#7488,.T.);
#7486 = VERTEX_POINT('',#7487);
#7487 = CARTESIAN_POINT('',(84.262684401451,24.892817412334,0.));
#7488 = B_SPLINE_CURVE_WITH_KNOTS('',7,(#7489,#7490,#7491,#7492,#7493,
    #7494,#7495,#7496,#7497,#7498,#7499,#7500,#7501,#7502),
  .UNSPECIFIED.,.F.,.F.,(8,6,8),(0.,0.507226282046,1.),.UNSPECIFIED.);
#7489 = CARTESIAN_POINT('',(84.262684401451,24.892817412334,0.));
#7490 = CARTESIAN_POINT('',(84.324887537269,24.892817412334,0.));
#7491 = CARTESIAN_POINT('',(84.397880225639,24.889446778481,0.));
#7492 = CARTESIAN_POINT('',(84.478369252736,24.883565143454,0.));
#7493 = CARTESIAN_POINT('',(84.564118704259,24.875758683137,0.));
#7494 = CARTESIAN_POINT('',(84.653577552145,24.866468696322,0.));
#7495 = CARTESIAN_POINT('',(84.745935016405,24.855974351647,0.));
#7496 = CARTESIAN_POINT('',(84.933432067187,24.833193276279,0.));
#7497 = CARTESIAN_POINT('',(85.028118658288,24.821002450112,0.));
#7498 = CARTESIAN_POINT('',(85.124588515943,24.808029850645,0.));
#7499 = CARTESIAN_POINT('',(85.222485784428,24.794402120722,0.));
#7500 = CARTESIAN_POINT('',(85.321554889123,24.780213380239,0.));
#7501 = CARTESIAN_POINT('',(85.421615136422,24.76553671984,0.));
#7502 = CARTESIAN_POINT('',(85.522563482467,24.750423216445,0.));
#7503 = ORIENTED_EDGE('',*,*,#7504,.F.);
#7504 = EDGE_CURVE('',#7505,#7486,#7507,.T.);
#7505 = VERTEX_POINT('',#7506);
#7506 = CARTESIAN_POINT('',(83.857944377267,24.892817412334,0.));
#7507 = LINE('',#7508,#7509);
#7508 = CARTESIAN_POINT('',(42.131342200726,24.892817412334,0.));
#7509 = VECTOR('',#7510,1.);
#7510 = DIRECTION('',(1.,0.,0.));
#7511 = ORIENTED_EDGE('',*,*,#7512,.F.);
#7512 = EDGE_CURVE('',#7513,#7505,#7515,.T.);
#7513 = VERTEX_POINT('',#7514);
#7514 = CARTESIAN_POINT('',(83.145199516324,24.916807738815,0.));
#7515 = B_SPLINE_CURVE_WITH_KNOTS('',6,(#7516,#7517,#7518,#7519,#7520,
    #7521,#7522),.UNSPECIFIED.,.F.,.F.,(7,7),(0.,1.),
  .PIECEWISE_BEZIER_KNOTS.);
#7516 = CARTESIAN_POINT('',(83.145199516324,24.916807738815,0.));
#7517 = CARTESIAN_POINT('',(83.233366767972,24.907904856727,0.));
#7518 = CARTESIAN_POINT('',(83.337516734461,24.901353007979,0.));
#7519 = CARTESIAN_POINT('',(83.45447543635,24.89685534661,0.));
#7520 = CARTESIAN_POINT('',(83.581412592079,24.894096197155,0.));
#7521 = CARTESIAN_POINT('',(83.71630891668,24.892817412334,0.));
#7522 = CARTESIAN_POINT('',(83.857944377267,24.892817412334,0.));
#7523 = ORIENTED_EDGE('',*,*,#7524,.F.);
#7524 = EDGE_CURVE('',#7525,#7513,#7527,.T.);
#7525 = VERTEX_POINT('',#7526);
#7526 = CARTESIAN_POINT('',(82.479661426844,24.964014510278,0.));
#7527 = B_SPLINE_CURVE_WITH_KNOTS('',7,(#7528,#7529,#7530,#7531,#7532,
    #7533,#7534,#7535),.UNSPECIFIED.,.F.,.F.,(8,8),(0.,1.),
  .PIECEWISE_BEZIER_KNOTS.);
#7528 = CARTESIAN_POINT('',(82.479661426844,24.964014510278,0.));
#7529 = CARTESIAN_POINT('',(82.541002299946,24.964014510278,0.));
#7530 = CARTESIAN_POINT('',(82.617529804309,24.961132137563,0.));
#7531 = CARTESIAN_POINT('',(82.706654983017,24.955756405909,0.));
#7532 = CARTESIAN_POINT('',(82.805774059777,24.948316649181,0.));
#7533 = CARTESIAN_POINT('',(82.912808963482,24.939172467611,0.));
#7534 = CARTESIAN_POINT('',(83.026239084907,24.928607066159,0.));
#7535 = CARTESIAN_POINT('',(83.145199516324,24.916807738815,0.));
#7536 = ORIENTED_EDGE('',*,*,#7537,.F.);
#7537 = EDGE_CURVE('',#6924,#7525,#7538,.T.);
#7538 = LINE('',#7539,#7540);
#7539 = CARTESIAN_POINT('',(41.682362864397,22.124295352799,
    -2.22044604925E-16));
#7540 = VECTOR('',#7541,1.);
#7541 = DIRECTION('',(0.997586299555,6.943756145393E-02,0.));
#7542 = FACE_BOUND('',#7543,.T.);
#7543 = EDGE_LOOP('',(#7544,#7568,#7579,#7592,#7604,#7615,#7628,#7636,
    #7647,#7662,#7670,#7681,#7692,#7703,#7714,#7725,#7735,#7746,#7754,
    #7762,#7773,#7785,#7793,#7801,#7820,#7832,#7844,#7852,#7860,#7868,
    #7876,#7888,#7901,#7911,#7960,#7981,#7998,#8006,#8014,#8035,#8046,
    #8057,#8067,#8077,#8088,#8099,#8112,#8120,#8128,#8138,#8149,#8157,
    #8170,#8181,#8193,#8204,#8215,#8227,#8242,#8250,#8262,#8270,#8282,
    #8290,#8298,#8309,#8331,#8341,#8354,#8362,#8375,#8388,#8407,#8418,
    #8431,#8444,#8452,#8460,#8488,#8499,#8509,#8530,#8538,#8549,#8562,
    #8570,#8578,#8589,#8597,#8618,#8626,#8638));
#7544 = ORIENTED_EDGE('',*,*,#7545,.F.);
#7545 = EDGE_CURVE('',#7546,#7548,#7550,.T.);
#7546 = VERTEX_POINT('',#7547);
#7547 = CARTESIAN_POINT('',(11.027956469166,24.369673518742,0.));
#7548 = VERTEX_POINT('',#7549);
#7549 = CARTESIAN_POINT('',(11.455912938331,24.845610640871,0.));
#7550 = B_SPLINE_CURVE_WITH_KNOTS('',6,(#7551,#7552,#7553,#7554,#7555,
    #7556,#7557,#7558,#7559,#7560,#7561,#7562,#7563,#7564,#7565,#7566,
    #7567),.UNSPECIFIED.,.F.,.F.,(7,5,5,7),(0.,0.322669910758,
    0.786166765541,1.),.UNSPECIFIED.);
#7551 = CARTESIAN_POINT('',(11.027956469166,24.369673518742,0.));
#7552 = CARTESIAN_POINT('',(11.039059023217,24.414301432086,0.));
#7553 = CARTESIAN_POINT('',(11.051429287939,24.457459951766,0.));
#7554 = CARTESIAN_POINT('',(11.065162796662,24.49896259092,0.));
#7555 = CARTESIAN_POINT('',(11.080359809637,24.538576426652,0.));
#7556 = CARTESIAN_POINT('',(11.097113801243,24.576037617906,0.));
#7557 = CARTESIAN_POINT('',(11.141910593266,24.661384515253,0.));
#7558 = CARTESIAN_POINT('',(11.171707661658,24.706720883561,0.));
#7559 = CARTESIAN_POINT('',(11.205079911422,24.746162169931,0.));
#7560 = CARTESIAN_POINT('',(11.242108874294,24.778814630426,0.));
#7561 = CARTESIAN_POINT('',(11.282672996376,24.803992435906,0.));
#7562 = CARTESIAN_POINT('',(11.346414320837,24.829600930563,0.));
#7563 = CARTESIAN_POINT('',(11.367192021633,24.836058262297,0.));
#7564 = CARTESIAN_POINT('',(11.388581595602,24.840870836474,0.));
#7565 = CARTESIAN_POINT('',(11.410534396016,24.844045683912,0.));
#7566 = CARTESIAN_POINT('',(11.432997089818,24.845610640871,0.));
#7567 = CARTESIAN_POINT('',(11.455912938331,24.845610640871,0.));
#7568 = ORIENTED_EDGE('',*,*,#7569,.F.);
#7569 = EDGE_CURVE('',#7570,#7546,#7572,.T.);
#7570 = VERTEX_POINT('',#7571);
#7571 = CARTESIAN_POINT('',(11.003966142684,24.132091898428,0.));
#7572 = B_SPLINE_CURVE_WITH_KNOTS('',5,(#7573,#7574,#7575,#7576,#7577,
    #7578),.UNSPECIFIED.,.F.,.F.,(6,6),(0.,1.),
  .PIECEWISE_BEZIER_KNOTS.);
#7573 = CARTESIAN_POINT('',(11.003966142684,24.132091898428,0.));
#7574 = CARTESIAN_POINT('',(11.003966142684,24.197109663417,0.));
#7575 = CARTESIAN_POINT('',(11.006255756668,24.253951076569,0.));
#7576 = CARTESIAN_POINT('',(11.010962652449,24.301991512673,0.));
#7577 = CARTESIAN_POINT('',(11.018186004677,24.34067730155,0.));
#7578 = CARTESIAN_POINT('',(11.027956469166,24.369673518742,0.));
#7579 = ORIENTED_EDGE('',*,*,#7580,.F.);
#7580 = EDGE_CURVE('',#7581,#7570,#7583,.T.);
#7581 = VERTEX_POINT('',#7582);
#7582 = CARTESIAN_POINT('',(11.09915356711,23.419347037485,0.));
#7583 = B_SPLINE_CURVE_WITH_KNOTS('',7,(#7584,#7585,#7586,#7587,#7588,
    #7589,#7590,#7591),.UNSPECIFIED.,.F.,.F.,(8,8),(0.,1.),
  .PIECEWISE_BEZIER_KNOTS.);
#7584 = CARTESIAN_POINT('',(11.09915356711,23.419347037485,0.));
#7585 = CARTESIAN_POINT('',(11.074977082496,23.54003290377,0.));
#7586 = CARTESIAN_POINT('',(11.053496713859,23.656200680597,0.));
#7587 = CARTESIAN_POINT('',(11.035084245293,23.767172640861,0.));
#7588 = CARTESIAN_POINT('',(11.020252941823,23.871857744742,0.));
#7589 = CARTESIAN_POINT('',(11.009634986778,23.968794658877,0.));
#7590 = CARTESIAN_POINT('',(11.003966142684,24.056180036337,0.));
#7591 = CARTESIAN_POINT('',(11.003966142684,24.132091898428,0.));
#7592 = ORIENTED_EDGE('',*,*,#7593,.F.);
#7593 = EDGE_CURVE('',#7594,#7581,#7596,.T.);
#7594 = VERTEX_POINT('',#7595);
#7595 = CARTESIAN_POINT('',(11.181958887545,22.931801692866,0.));
#7596 = B_SPLINE_CURVE_WITH_KNOTS('',6,(#7597,#7598,#7599,#7600,#7601,
    #7602,#7603),.UNSPECIFIED.,.F.,.F.,(7,7),(0.,1.),
  .PIECEWISE_BEZIER_KNOTS.);
#7597 = CARTESIAN_POINT('',(11.181958887545,22.931801692866,0.));
#7598 = CARTESIAN_POINT('',(11.16949196542,22.994136303492,0.));
#7599 = CARTESIAN_POINT('',(11.156392157586,23.06504544846,0.));
#7600 = CARTESIAN_POINT('',(11.142738093807,23.143775563413,0.));
#7601 = CARTESIAN_POINT('',(11.128605281376,23.229537505978,0.));
#7602 = CARTESIAN_POINT('',(11.114059356967,23.32160415318,0.));
#7603 = CARTESIAN_POINT('',(11.09915356711,23.419347037485,0.));
#7604 = ORIENTED_EDGE('',*,*,#7605,.F.);
#7605 = EDGE_CURVE('',#7606,#7594,#7608,.T.);
#7606 = VERTEX_POINT('',#7607);
#7607 = CARTESIAN_POINT('',(11.241547762999,22.65784764208,0.));
#7608 = B_SPLINE_CURVE_WITH_KNOTS('',5,(#7609,#7610,#7611,#7612,#7613,
    #7614),.UNSPECIFIED.,.F.,.F.,(6,6),(0.,1.),
  .PIECEWISE_BEZIER_KNOTS.);
#7609 = CARTESIAN_POINT('',(11.241547762999,22.65784764208,0.));
#7610 = CARTESIAN_POINT('',(11.23175835606,22.696689482513,0.));
#7611 = CARTESIAN_POINT('',(11.220839981596,22.74391556657,0.));
#7612 = CARTESIAN_POINT('',(11.208851979898,22.799163913089,0.));
#7613 = CARTESIAN_POINT('',(11.195866995724,22.861958801793,0.));
#7614 = CARTESIAN_POINT('',(11.181958887545,22.931801692866,0.));
#7615 = ORIENTED_EDGE('',*,*,#7616,.F.);
#7616 = EDGE_CURVE('',#7617,#7606,#7619,.T.);
#7617 = VERTEX_POINT('',#7618);
#7618 = CARTESIAN_POINT('',(12.644594921403,16.762418379686,0.));
#7619 = B_SPLINE_CURVE_WITH_KNOTS('',7,(#7620,#7621,#7622,#7623,#7624,
    #7625,#7626,#7627),.UNSPECIFIED.,.F.,.F.,(8,8),(0.,1.),
  .PIECEWISE_BEZIER_KNOTS.);
#7620 = CARTESIAN_POINT('',(12.644594921403,16.762418379686,0.));
#7621 = CARTESIAN_POINT('',(12.419011886826,17.594619765379,0.));
#7622 = CARTESIAN_POINT('',(12.20433529296,18.431501213752,0.));
#7623 = CARTESIAN_POINT('',(11.998463757609,19.271940069098,0.));
#7624 = CARTESIAN_POINT('',(11.800136466332,20.115227125436,0.));
#7625 = CARTESIAN_POINT('',(11.608357075365,20.960842812319,0.));
#7626 = CARTESIAN_POINT('',(11.422370795579,21.808450077974,0.));
#7627 = CARTESIAN_POINT('',(11.241547762999,22.65784764208,0.));
#7628 = ORIENTED_EDGE('',*,*,#7629,.F.);
#7629 = EDGE_CURVE('',#7630,#7617,#7632,.T.);
#7630 = VERTEX_POINT('',#7631);
#7631 = CARTESIAN_POINT('',(14.308440145103,9.249576783555,0.));
#7632 = LINE('',#7633,#7634);
#7633 = CARTESIAN_POINT('',(10.740579517961,25.359712117645,0.));
#7634 = VECTOR('',#7635,1.);
#7635 = DIRECTION('',(-0.216227587987,0.976342987988,-0.));
#7636 = ORIENTED_EDGE('',*,*,#7637,.F.);
#7637 = EDGE_CURVE('',#7638,#7630,#7640,.T.);
#7638 = VERTEX_POINT('',#7639);
#7639 = CARTESIAN_POINT('',(14.379637243047,9.107182587666,0.));
#7640 = B_SPLINE_CURVE_WITH_KNOTS('',5,(#7641,#7642,#7643,#7644,#7645,
    #7646),.UNSPECIFIED.,.F.,.F.,(6,6),(0.,1.),
  .PIECEWISE_BEZIER_KNOTS.);
#7641 = CARTESIAN_POINT('',(14.379637243047,9.107182587666,0.));
#7642 = CARTESIAN_POINT('',(14.351548969239,9.144735388519,0.));
#7643 = CARTESIAN_POINT('',(14.3301329077,9.177959823451,0.));
#7644 = CARTESIAN_POINT('',(14.315692752999,9.206615633429,0.));
#7645 = CARTESIAN_POINT('',(14.308440145103,9.230518664411,0.));
#7646 = CARTESIAN_POINT('',(14.308440145103,9.249576783555,0.));
#7647 = ORIENTED_EDGE('',*,*,#7648,.F.);
#7648 = EDGE_CURVE('',#7649,#7638,#7651,.T.);
#7649 = VERTEX_POINT('',#7650);
#7650 = CARTESIAN_POINT('',(14.546021765417,8.988004836759,0.));
#7651 = B_SPLINE_CURVE_WITH_KNOTS('',5,(#7652,#7653,#7654,#7655,#7656,
    #7657,#7658,#7659,#7660,#7661),.UNSPECIFIED.,.F.,.F.,(6,4,6),(0.,
    9.974256318234E-02,1.),.UNSPECIFIED.);
#7652 = CARTESIAN_POINT('',(14.546021765417,8.988004836759,0.));
#7653 = CARTESIAN_POINT('',(14.542214552499,8.988964378227,0.));
#7654 = CARTESIAN_POINT('',(14.538431115349,8.989995159341,0.));
#7655 = CARTESIAN_POINT('',(14.534671528209,8.991097178516,0.));
#7656 = CARTESIAN_POINT('',(14.530935861896,8.992270423831,0.));
#7657 = CARTESIAN_POINT('',(14.493723282024,9.004747035264,0.));
#7658 = CARTESIAN_POINT('',(14.462176192804,9.021779963031,0.));
#7659 = CARTESIAN_POINT('',(14.432633724419,9.044597227482,0.));
#7660 = CARTESIAN_POINT('',(14.405120206328,9.073112973715,0.));
#7661 = CARTESIAN_POINT('',(14.379637243047,9.107182587666,0.));
#7662 = ORIENTED_EDGE('',*,*,#7663,.F.);
#7663 = EDGE_CURVE('',#7664,#7649,#7666,.T.);
#7664 = VERTEX_POINT('',#7665);
#7665 = CARTESIAN_POINT('',(14.665199516324,8.988004836759,0.));
#7666 = LINE('',#7667,#7668);
#7667 = CARTESIAN_POINT('',(7.273010882709,8.988004836759,0.));
#7668 = VECTOR('',#7669,1.);
#7669 = DIRECTION('',(-1.,0.,0.));
#7670 = ORIENTED_EDGE('',*,*,#7671,.F.);
#7671 = EDGE_CURVE('',#7672,#7664,#7674,.T.);
#7672 = VERTEX_POINT('',#7673);
#7673 = CARTESIAN_POINT('',(14.736396614268,9.011995163241,0.));
#7674 = B_SPLINE_CURVE_WITH_KNOTS('',5,(#7675,#7676,#7677,#7678,#7679,
    #7680),.UNSPECIFIED.,.F.,.F.,(6,6),(0.,1.),
  .PIECEWISE_BEZIER_KNOTS.);
#7675 = CARTESIAN_POINT('',(14.736396614268,9.011995163241,0.));
#7676 = CARTESIAN_POINT('',(14.708096526615,9.011995163241,0.));
#7677 = CARTESIAN_POINT('',(14.686686711008,9.009626157576,0.));
#7678 = CARTESIAN_POINT('',(14.672356209804,9.004841123844,0.));
#7679 = CARTESIAN_POINT('',(14.665199516324,8.997625869912,0.));
#7680 = CARTESIAN_POINT('',(14.665199516324,8.988004836759,0.));
#7681 = ORIENTED_EDGE('',*,*,#7682,.F.);
#7682 = EDGE_CURVE('',#7683,#7672,#7685,.T.);
#7683 = VERTEX_POINT('',#7684);
#7684 = CARTESIAN_POINT('',(15.377944377267,8.940798065296,0.));
#7685 = B_SPLINE_CURVE_WITH_KNOTS('',5,(#7686,#7687,#7688,#7689,#7690,
    #7691),.UNSPECIFIED.,.F.,.F.,(6,6),(0.,1.),
  .PIECEWISE_BEZIER_KNOTS.);
#7686 = CARTESIAN_POINT('',(15.377944377267,8.940798065296,0.));
#7687 = CARTESIAN_POINT('',(15.240666600204,8.968253620709,0.));
#7688 = CARTESIAN_POINT('',(15.107323270381,8.989613906875,0.));
#7689 = CARTESIAN_POINT('',(14.978422088853,9.004374707546,0.));
#7690 = CARTESIAN_POINT('',(14.854568345996,9.011995163241,0.));
#7691 = CARTESIAN_POINT('',(14.736396614268,9.011995163241,0.));
#7692 = ORIENTED_EDGE('',*,*,#7693,.F.);
#7693 = EDGE_CURVE('',#7694,#7683,#7696,.T.);
#7694 = VERTEX_POINT('',#7695);
#7695 = CARTESIAN_POINT('',(16.020266021765,8.869600967352,0.));
#7696 = B_SPLINE_CURVE_WITH_KNOTS('',5,(#7697,#7698,#7699,#7700,#7701,
    #7702),.UNSPECIFIED.,.F.,.F.,(6,6),(0.,1.),
  .PIECEWISE_BEZIER_KNOTS.);
#7697 = CARTESIAN_POINT('',(16.020266021765,8.869600967352,0.));
#7698 = CARTESIAN_POINT('',(15.902051924135,8.869600967352,0.));
#7699 = CARTESIAN_POINT('',(15.778089312139,8.877226893454,0.));
#7700 = CARTESIAN_POINT('',(15.649023816576,8.891992802807,0.));
#7701 = CARTESIAN_POINT('',(15.515470589166,8.913352487217,0.));
#7702 = CARTESIAN_POINT('',(15.377944377267,8.940798065296,0.));
#7703 = ORIENTED_EDGE('',*,*,#7704,.F.);
#7704 = EDGE_CURVE('',#7705,#7694,#7707,.T.);
#7705 = VERTEX_POINT('',#7706);
#7706 = CARTESIAN_POINT('',(16.994582829504,8.940798065296,0.));
#7707 = B_SPLINE_CURVE_WITH_KNOTS('',5,(#7708,#7709,#7710,#7711,#7712,
    #7713),.UNSPECIFIED.,.F.,.F.,(6,6),(0.,1.),
  .PIECEWISE_BEZIER_KNOTS.);
#7708 = CARTESIAN_POINT('',(16.994582829504,8.940798065296,0.));
#7709 = CARTESIAN_POINT('',(16.808182484083,8.911383259501,0.));
#7710 = CARTESIAN_POINT('',(16.616981934809,8.89001811111,0.));
#7711 = CARTESIAN_POINT('',(16.421584456951,8.876252934306,0.));
#7712 = CARTESIAN_POINT('',(16.222530994325,8.869600967352,0.));
#7713 = CARTESIAN_POINT('',(16.020266021765,8.869600967352,0.));
#7714 = ORIENTED_EDGE('',*,*,#7715,.F.);
#7715 = EDGE_CURVE('',#7716,#7705,#7718,.T.);
#7716 = VERTEX_POINT('',#7717);
#7717 = CARTESIAN_POINT('',(17.470519951632,8.964788391778,0.));
#7718 = B_SPLINE_CURVE_WITH_KNOTS('',5,(#7719,#7720,#7721,#7722,#7723,
    #7724),.UNSPECIFIED.,.F.,.F.,(6,6),(0.,1.),
  .PIECEWISE_BEZIER_KNOTS.);
#7719 = CARTESIAN_POINT('',(17.470519951632,8.964788391778,0.));
#7720 = CARTESIAN_POINT('',(17.367882163114,8.955374866795,0.));
#7721 = CARTESIAN_POINT('',(17.268767379137,8.948176422012,0.));
#7722 = CARTESIAN_POINT('',(17.173374214741,8.943286421321,0.));
#7723 = CARTESIAN_POINT('',(17.081910470256,8.940798065296,0.));
#7724 = CARTESIAN_POINT('',(16.994582829504,8.940798065296,0.));
#7725 = ORIENTED_EDGE('',*,*,#7726,.F.);
#7726 = EDGE_CURVE('',#7727,#7716,#7729,.T.);
#7727 = VERTEX_POINT('',#7728);
#7728 = CARTESIAN_POINT('',(18.016880290206,8.988004836759,0.));
#7729 = B_SPLINE_CURVE_WITH_KNOTS('',4,(#7730,#7731,#7732,#7733,#7734),
  .UNSPECIFIED.,.F.,.F.,(5,5),(0.,1.),.PIECEWISE_BEZIER_KNOTS.);
#7730 = CARTESIAN_POINT('',(18.016880290206,8.988004836759,0.));
#7731 = CARTESIAN_POINT('',(17.87583901846,8.988004836759,0.));
#7732 = CARTESIAN_POINT('',(17.73766397159,8.984208720909,0.));
#7733 = CARTESIAN_POINT('',(17.602506678443,8.976503190015,0.));
#7734 = CARTESIAN_POINT('',(17.470519951632,8.964788391778,0.));
#7735 = ORIENTED_EDGE('',*,*,#7736,.F.);
#7736 = EDGE_CURVE('',#7737,#7727,#7739,.T.);
#7737 = VERTEX_POINT('',#7738);
#7738 = CARTESIAN_POINT('',(18.231245465538,8.940798065296,0.));
#7739 = B_SPLINE_CURVE_WITH_KNOTS('',5,(#7740,#7741,#7742,#7743,#7744,
    #7745),.UNSPECIFIED.,.F.,.F.,(6,6),(0.,1.),
  .PIECEWISE_BEZIER_KNOTS.);
#7740 = CARTESIAN_POINT('',(18.231245465538,8.940798065296,0.));
#7741 = CARTESIAN_POINT('',(18.183947791866,8.959532858114,0.));
#7742 = CARTESIAN_POINT('',(18.138787497012,8.973709453954,0.));
#7743 = CARTESIAN_POINT('',(18.095845058359,8.983225601567,0.));
#7744 = CARTESIAN_POINT('',(18.055190680971,8.988004836759,0.));
#7745 = CARTESIAN_POINT('',(18.016880290206,8.988004836759,0.));
#7746 = ORIENTED_EDGE('',*,*,#7747,.F.);
#7747 = EDGE_CURVE('',#7748,#7737,#7750,.T.);
#7748 = VERTEX_POINT('',#7749);
#7749 = CARTESIAN_POINT('',(19.205562273277,8.940798065296,0.));
#7750 = LINE('',#7751,#7752);
#7751 = CARTESIAN_POINT('',(9.115622732769,8.940798065296,0.));
#7752 = VECTOR('',#7753,1.);
#7753 = DIRECTION('',(-1.,0.,0.));
#7754 = ORIENTED_EDGE('',*,*,#7755,.F.);
#7755 = EDGE_CURVE('',#7756,#7748,#7758,.T.);
#7756 = VERTEX_POINT('',#7757);
#7757 = CARTESIAN_POINT('',(19.776686819831,8.916807738815,0.));
#7758 = LINE('',#7759,#7760);
#7759 = CARTESIAN_POINT('',(9.136242270135,9.363764081688,0.));
#7760 = VECTOR('',#7761,1.);
#7761 = DIRECTION('',(-0.999118938117,4.196841067973E-02,-0.));
#7762 = ORIENTED_EDGE('',*,*,#7763,.F.);
#7763 = EDGE_CURVE('',#7764,#7756,#7766,.T.);
#7764 = VERTEX_POINT('',#7765);
#7765 = CARTESIAN_POINT('',(20.180652962515,8.893591293833,0.));
#7766 = B_SPLINE_CURVE_WITH_KNOTS('',5,(#7767,#7768,#7769,#7770,#7771,
    #7772),.UNSPECIFIED.,.F.,.F.,(6,6),(0.,1.),
  .PIECEWISE_BEZIER_KNOTS.);
#7767 = CARTESIAN_POINT('',(20.180652962515,8.893591293833,0.));
#7768 = CARTESIAN_POINT('',(20.087991775842,8.893591293833,0.));
#7769 = CARTESIAN_POINT('',(20.000852481863,8.895798543326,0.));
#7770 = CARTESIAN_POINT('',(19.919644058446,8.900331675288,0.));
#7771 = CARTESIAN_POINT('',(19.844791749535,8.907304725368,0.));
#7772 = CARTESIAN_POINT('',(19.776686819831,8.916807738815,0.));
#7773 = ORIENTED_EDGE('',*,*,#7774,.F.);
#7774 = EDGE_CURVE('',#7775,#7764,#7777,.T.);
#7775 = VERTEX_POINT('',#7776);
#7776 = CARTESIAN_POINT('',(20.371027811366,8.869600967352,0.));
#7777 = B_SPLINE_CURVE_WITH_KNOTS('',6,(#7778,#7779,#7780,#7781,#7782,
    #7783,#7784),.UNSPECIFIED.,.F.,.F.,(7,7),(0.,1.),
  .PIECEWISE_BEZIER_KNOTS.);
#7778 = CARTESIAN_POINT('',(20.371027811366,8.869600967352,0.));
#7779 = CARTESIAN_POINT('',(20.371027811366,8.877780202539,0.));
#7780 = CARTESIAN_POINT('',(20.357750520744,8.884292751807,0.));
#7781 = CARTESIAN_POINT('',(20.331155552443,8.889062433589,0.));
#7782 = CARTESIAN_POINT('',(20.29197676532,8.892127104798,0.));
#7783 = CARTESIAN_POINT('',(20.241370173019,8.893591293833,0.));
#7784 = CARTESIAN_POINT('',(20.180652962515,8.893591293833,0.));
#7785 = ORIENTED_EDGE('',*,*,#7786,.F.);
#7786 = EDGE_CURVE('',#7787,#7775,#7789,.T.);
#7787 = VERTEX_POINT('',#7788);
#7788 = CARTESIAN_POINT('',(20.74603456357,8.869600967352,0.));
#7789 = LINE('',#7790,#7791);
#7790 = CARTESIAN_POINT('',(10.185513905683,8.869600967352,0.));
#7791 = VECTOR('',#7792,1.);
#7792 = DIRECTION('',(-1.,0.,0.));
#7793 = ORIENTED_EDGE('',*,*,#7794,.F.);
#7794 = EDGE_CURVE('',#7795,#7787,#7797,.T.);
#7795 = VERTEX_POINT('',#7796);
#7796 = CARTESIAN_POINT('',(20.74603456357,16.057968442388,
    -2.22044604925E-16));
#7797 = LINE('',#7798,#7799);
#7798 = CARTESIAN_POINT('',(20.74603456357,24.416244120741,0.));
#7799 = VECTOR('',#7800,1.);
#7800 = DIRECTION('',(0.,-1.,0.));
#7801 = ORIENTED_EDGE('',*,*,#7802,.F.);
#7802 = EDGE_CURVE('',#7803,#7795,#7805,.T.);
#7803 = VERTEX_POINT('',#7804);
#7804 = CARTESIAN_POINT('',(20.655816203144,16.548053204353,0.));
#7805 = B_SPLINE_CURVE_WITH_KNOTS('',7,(#7806,#7807,#7808,#7809,#7810,
    #7811,#7812,#7813,#7814,#7815,#7816,#7817,#7818,#7819),
  .UNSPECIFIED.,.F.,.F.,(8,6,8),(0.,0.378052820236,1.),.UNSPECIFIED.);
#7806 = CARTESIAN_POINT('',(20.655816203144,16.548053204353,0.));
#7807 = CARTESIAN_POINT('',(20.659030814053,16.532135695497,0.));
#7808 = CARTESIAN_POINT('',(20.662675302969,16.513559957631,0.));
#7809 = CARTESIAN_POINT('',(20.666667515311,16.492809798547,0.));
#7810 = CARTESIAN_POINT('',(20.670935486942,16.47031390403,0.));
#7811 = CARTESIAN_POINT('',(20.675422332959,16.446415108584,0.));
#7812 = CARTESIAN_POINT('',(20.680088430478,16.421356639035,0.));
#7813 = CARTESIAN_POINT('',(20.692844491714,16.352394561228,0.));
#7814 = CARTESIAN_POINT('',(20.701183541033,16.306858510098,0.));
#7815 = CARTESIAN_POINT('',(20.709810183913,16.259420056641,0.));
#7816 = CARTESIAN_POINT('',(20.718650355492,16.210543262162,0.));
#7817 = CARTESIAN_POINT('',(20.727651247655,16.160563687808,0.));
#7818 = CARTESIAN_POINT('',(20.736783134052,16.109676592216,0.));
#7819 = CARTESIAN_POINT('',(20.746034739819,16.057967457296,0.));
#7820 = ORIENTED_EDGE('',*,*,#7821,.F.);
#7821 = EDGE_CURVE('',#7822,#7803,#7824,.T.);
#7822 = VERTEX_POINT('',#7823);
#7823 = CARTESIAN_POINT('',(20.537412333736,17.33276904474,0.));
#7824 = B_SPLINE_CURVE_WITH_KNOTS('',6,(#7825,#7826,#7827,#7828,#7829,
    #7830,#7831),.UNSPECIFIED.,.F.,.F.,(7,7),(0.,1.),
  .PIECEWISE_BEZIER_KNOTS.);
#7825 = CARTESIAN_POINT('',(20.537412333736,17.33276904474,0.));
#7826 = CARTESIAN_POINT('',(20.565075666636,17.179486970638,0.));
#7827 = CARTESIAN_POINT('',(20.590392802612,17.032579533773,0.));
#7828 = CARTESIAN_POINT('',(20.612950225414,16.893182458972,0.));
#7829 = CARTESIAN_POINT('',(20.632057765704,16.763547414401,0.));
#7830 = CARTESIAN_POINT('',(20.646732815816,16.647091427477,0.));
#7831 = CARTESIAN_POINT('',(20.655816203144,16.548053204353,0.));
#7832 = ORIENTED_EDGE('',*,*,#7833,.F.);
#7833 = EDGE_CURVE('',#7834,#7822,#7836,.T.);
#7834 = VERTEX_POINT('',#7835);
#7835 = CARTESIAN_POINT('',(20.442224909311,17.83192261185,0.));
#7836 = B_SPLINE_CURVE_WITH_KNOTS('',6,(#7837,#7838,#7839,#7840,#7841,
    #7842,#7843),.UNSPECIFIED.,.F.,.F.,(7,7),(0.,1.),
  .PIECEWISE_BEZIER_KNOTS.);
#7837 = CARTESIAN_POINT('',(20.442224909311,17.83192261185,0.));
#7838 = CARTESIAN_POINT('',(20.456916674665,17.728357708534,0.));
#7839 = CARTESIAN_POINT('',(20.47207096248,17.631518674445,0.));
#7840 = CARTESIAN_POINT('',(20.487705947237,17.54234342123,0.));
#7841 = CARTESIAN_POINT('',(20.503824279428,17.461982810572,0.));
#7842 = CARTESIAN_POINT('',(20.520409369282,17.391730937605,0.));
#7843 = CARTESIAN_POINT('',(20.537412333736,17.33276904474,0.));
#7844 = ORIENTED_EDGE('',*,*,#7845,.F.);
#7845 = EDGE_CURVE('',#7846,#7834,#7848,.T.);
#7846 = VERTEX_POINT('',#7847);
#7847 = CARTESIAN_POINT('',(20.251850060459,18.925417170496,0.));
#7848 = LINE('',#7849,#7850);
#7849 = CARTESIAN_POINT('',(18.944504337099,26.434683459556,
    -2.22044604925E-16));
#7850 = VECTOR('',#7851,1.);
#7851 = DIRECTION('',(0.171517717424,-0.98518103545,0.));
#7852 = ORIENTED_EDGE('',*,*,#7853,.F.);
#7853 = EDGE_CURVE('',#7854,#7846,#7856,.T.);
#7854 = VERTEX_POINT('',#7855);
#7855 = CARTESIAN_POINT('',(21.464522370012,18.925417170496,0.));
#7856 = LINE('',#7857,#7858);
#7857 = CARTESIAN_POINT('',(10.12592503023,18.925417170496,0.));
#7858 = VECTOR('',#7859,1.);
#7859 = DIRECTION('',(-1.,0.,0.));
#7860 = ORIENTED_EDGE('',*,*,#7861,.F.);
#7861 = EDGE_CURVE('',#7862,#7854,#7864,.T.);
#7862 = VERTEX_POINT('',#7863);
#7863 = CARTESIAN_POINT('',(21.630906892382,18.878210399033,0.));
#7864 = LINE('',#7865,#7866);
#7865 = CARTESIAN_POINT('',(9.815234135091,22.230564065055,
    -2.22044604925E-16));
#7866 = VECTOR('',#7867,1.);
#7867 = DIRECTION('',(-0.962028866252,0.272947724844,-0.));
#7868 = ORIENTED_EDGE('',*,*,#7869,.F.);
#7869 = EDGE_CURVE('',#7870,#7862,#7872,.T.);
#7870 = VERTEX_POINT('',#7871);
#7871 = CARTESIAN_POINT('',(21.678113663845,18.878210399033,0.));
#7872 = LINE('',#7873,#7874);
#7873 = CARTESIAN_POINT('',(10.815453446191,18.878210399033,0.));
#7874 = VECTOR('',#7875,1.);
#7875 = DIRECTION('',(-1.,0.,0.));
#7876 = ORIENTED_EDGE('',*,*,#7877,.F.);
#7877 = EDGE_CURVE('',#7878,#7870,#7880,.T.);
#7878 = VERTEX_POINT('',#7879);
#7879 = CARTESIAN_POINT('',(22.106070133011,18.925417170496,0.));
#7880 = B_SPLINE_CURVE_WITH_KNOTS('',6,(#7881,#7882,#7883,#7884,#7885,
    #7886,#7887),.UNSPECIFIED.,.F.,.F.,(7,7),(0.,1.),
  .PIECEWISE_BEZIER_KNOTS.);
#7881 = CARTESIAN_POINT('',(22.106070133011,18.925417170496,0.));
#7882 = CARTESIAN_POINT('',(22.056434091304,18.908961743626,0.));
#7883 = CARTESIAN_POINT('',(21.997053796848,18.896177908944,0.));
#7884 = CARTESIAN_POINT('',(21.928655251581,18.886944406947,0.));
#7885 = CARTESIAN_POINT('',(21.852129762825,18.881038867153,0.));
#7886 = CARTESIAN_POINT('',(21.768353971941,18.878210399033,0.));
#7887 = CARTESIAN_POINT('',(21.678113663845,18.878210399033,0.));
#7888 = ORIENTED_EDGE('',*,*,#7889,.F.);
#7889 = EDGE_CURVE('',#7890,#7878,#7892,.T.);
#7890 = VERTEX_POINT('',#7891);
#7891 = CARTESIAN_POINT('',(22.284062877872,18.961789600967,0.));
#7892 = B_SPLINE_CURVE_WITH_KNOTS('',4,(#7893,#7894,#7895,#7896,#7897,
    #7898,#7899,#7900),.UNSPECIFIED.,.F.,.F.,(5,3,5),(0.,0.199909349098,
    1.),.UNSPECIFIED.);
#7893 = CARTESIAN_POINT('',(22.284062877872,18.961789600967,0.));
#7894 = CARTESIAN_POINT('',(22.275782984852,18.958152638613,0.));
#7895 = CARTESIAN_POINT('',(22.26741992086,18.95475784218,0.));
#7896 = CARTESIAN_POINT('',(22.25897397273,18.951605434078,0.));
#7897 = CARTESIAN_POINT('',(22.216312100084,18.937049296042,0.));
#7898 = CARTESIAN_POINT('',(22.180856262053,18.929287473579,0.));
#7899 = CARTESIAN_POINT('',(22.144098917911,18.925417170496,0.));
#7900 = CARTESIAN_POINT('',(22.106070133011,18.925417170496,0.));
#7901 = ORIENTED_EDGE('',*,*,#7902,.F.);
#7902 = EDGE_CURVE('',#7903,#7890,#7905,.T.);
#7903 = VERTEX_POINT('',#7904);
#7904 = CARTESIAN_POINT('',(22.438839177751,19.020604594921,0.));
#7905 = B_SPLINE_CURVE_WITH_KNOTS('',4,(#7906,#7907,#7908,#7909,#7910),
  .UNSPECIFIED.,.F.,.F.,(5,5),(0.,1.),.PIECEWISE_BEZIER_KNOTS.);
#7906 = CARTESIAN_POINT('',(22.438839177751,19.020604594921,0.));
#7907 = CARTESIAN_POINT('',(22.403152254886,19.008967554857,0.));
#7908 = CARTESIAN_POINT('',(22.365445920124,18.995274348666,0.));
#7909 = CARTESIAN_POINT('',(22.325741159766,18.979541461774,0.));
#7910 = CARTESIAN_POINT('',(22.284062877872,18.961789600967,0.));
#7911 = ORIENTED_EDGE('',*,*,#7912,.T.);
#7912 = EDGE_CURVE('',#7903,#7913,#7915,.T.);
#7913 = VERTEX_POINT('',#7914);
#7914 = CARTESIAN_POINT('',(22.272454655381,17.855912938331,0.));
#7915 = B_SPLINE_CURVE_WITH_KNOTS('',8,(#7916,#7917,#7918,#7919,#7920,
    #7921,#7922,#7923,#7924,#7925,#7926,#7927,#7928,#7929,#7930,#7931,
    #7932,#7933,#7934,#7935,#7936,#7937,#7938,#7939,#7940,#7941,#7942,
    #7943,#7944,#7945,#7946,#7947,#7948,#7949,#7950,#7951,#7952,#7953,
    #7954,#7955,#7956,#7957,#7958,#7959),.UNSPECIFIED.,.F.,.F.,(9,7,7,7,
    7,7,9),(0.,0.518530991506,0.804901967183,0.878435439498,
    0.946533034794,0.966839814914,1.),.UNSPECIFIED.);
#7916 = CARTESIAN_POINT('',(22.438839177751,19.020604594921,0.));
#7917 = CARTESIAN_POINT('',(22.425019339461,18.923865726891,0.));
#7918 = CARTESIAN_POINT('',(22.411314791011,18.827933887741,0.));
#7919 = CARTESIAN_POINT('',(22.397727565632,18.732823310089,0.));
#7920 = CARTESIAN_POINT('',(22.384277270789,18.638671246186,0.));
#7921 = CARTESIAN_POINT('',(22.370998845795,18.54572227123,0.));
#7922 = CARTESIAN_POINT('',(22.357953817398,18.454407072453,0.));
#7923 = CARTESIAN_POINT('',(22.345223276736,18.365293287814,0.));
#7924 = CARTESIAN_POINT('',(22.326177327442,18.231971642756,0.));
#7925 = CARTESIAN_POINT('',(22.319562463763,18.185667597007,0.));
#7926 = CARTESIAN_POINT('',(22.313116269056,18.140544234059,0.));
#7927 = CARTESIAN_POINT('',(22.306870075802,18.09682088128,0.));
#7928 = CARTESIAN_POINT('',(22.300882750812,18.054909606348,0.));
#7929 = CARTESIAN_POINT('',(22.295240055434,18.0154107387,0.));
#7930 = CARTESIAN_POINT('',(22.290058109827,17.979137119455,0.));
#7931 = CARTESIAN_POINT('',(22.284328579366,17.939030406224,0.));
#7932 = CARTESIAN_POINT('',(22.283199849031,17.931129293884,0.));
#7933 = CARTESIAN_POINT('',(22.282115975438,17.923542178728,0.));
#7934 = CARTESIAN_POINT('',(22.28108025382,17.916292127406,0.));
#7935 = CARTESIAN_POINT('',(22.280096234177,17.909403989907,0.));
#7936 = CARTESIAN_POINT('',(22.279167645302,17.902903867776,0.));
#7937 = CARTESIAN_POINT('',(22.278298318811,17.89681858234,0.));
#7938 = CARTESIAN_POINT('',(22.27674550537,17.885948888253,0.));
#7939 = CARTESIAN_POINT('',(22.276053018401,17.881101479475,0.));
#7940 = CARTESIAN_POINT('',(22.275417755594,17.876654639821,0.));
#7941 = CARTESIAN_POINT('',(22.274842818618,17.872630080993,0.));
#7942 = CARTESIAN_POINT('',(22.274331186976,17.869048659499,0.));
#7943 = CARTESIAN_POINT('',(22.273885597474,17.865929532985,0.));
#7944 = CARTESIAN_POINT('',(22.273508423701,17.86328931657,0.));
#7945 = CARTESIAN_POINT('',(22.273110047057,17.860500680064,0.));
#7946 = CARTESIAN_POINT('',(22.273024789477,17.859903877006,0.));
#7947 = CARTESIAN_POINT('',(22.272945832822,17.859351180419,0.));
#7948 = CARTESIAN_POINT('',(22.272873222585,17.858842908759,0.));
#7949 = CARTESIAN_POINT('',(22.272806999694,17.858379348521,0.));
#7950 = CARTESIAN_POINT('',(22.272747200511,17.85796075424,0.));
#7951 = CARTESIAN_POINT('',(22.272693856832,17.857587348491,0.));
#7952 = CARTESIAN_POINT('',(22.272570473784,17.856723667152,0.));
#7953 = CARTESIAN_POINT('',(22.272562049566,17.85666527868,0.));
#7954 = CARTESIAN_POINT('',(22.272537120183,17.856487797323,0.));
#7955 = CARTESIAN_POINT('',(22.272523389688,17.856398622309,0.));
#7956 = CARTESIAN_POINT('',(22.272456016647,17.855917480802,0.));
#7957 = CARTESIAN_POINT('',(22.272453994757,17.855911588928,0.));
#7958 = CARTESIAN_POINT('',(22.272454842182,17.855913125132,0.));
#7959 = CARTESIAN_POINT('',(22.272454655381,17.855912938331,0.));
#7960 = ORIENTED_EDGE('',*,*,#7961,.F.);
#7961 = EDGE_CURVE('',#7962,#7913,#7964,.T.);
#7962 = VERTEX_POINT('',#7963);
#7963 = CARTESIAN_POINT('',(22.034873035067,16.596033857316,0.));
#7964 = B_SPLINE_CURVE_WITH_KNOTS('',8,(#7965,#7966,#7967,#7968,#7969,
    #7970,#7971,#7972,#7973,#7974,#7975,#7976,#7977,#7978,#7979,#7980),
  .UNSPECIFIED.,.F.,.F.,(9,7,9),(0.,0.729879597736,1.),.UNSPECIFIED.);
#7965 = CARTESIAN_POINT('',(22.034873035067,16.596033857316,0.));
#7966 = CARTESIAN_POINT('',(22.058241944677,16.726247595519,0.));
#7967 = CARTESIAN_POINT('',(22.081439912292,16.854787898007,0.));
#7968 = CARTESIAN_POINT('',(22.104472785731,16.981590648444,0.));
#7969 = CARTESIAN_POINT('',(22.127310110813,17.106355010746,0.));
#7970 = CARTESIAN_POINT('',(22.149887041596,17.228558086169,0.));
#7971 = CARTESIAN_POINT('',(22.172092239986,17.347349201135,0.));
#7972 = CARTESIAN_POINT('',(22.193773426189,17.46159732915,0.));
#7973 = CARTESIAN_POINT('',(22.222428039295,17.609356387435,0.));
#7974 = CARTESIAN_POINT('',(22.230057819455,17.648364474528,0.));
#7975 = CARTESIAN_POINT('',(22.237564695118,17.686373456787,0.));
#7976 = CARTESIAN_POINT('',(22.244931039189,17.723257712252,0.));
#7977 = CARTESIAN_POINT('',(22.252134013831,17.758859894307,0.));
#7978 = CARTESIAN_POINT('',(22.259145497786,17.792990373312,0.));
#7979 = CARTESIAN_POINT('',(22.265932013688,17.825426678244,0.));
#7980 = CARTESIAN_POINT('',(22.272454655381,17.855912938331,0.));
#7981 = ORIENTED_EDGE('',*,*,#7982,.F.);
#7982 = EDGE_CURVE('',#7983,#7962,#7985,.T.);
#7983 = VERTEX_POINT('',#7984);
#7984 = CARTESIAN_POINT('',(21.94603456357,16.124698029127,
    -2.22044604925E-16));
#7985 = B_SPLINE_CURVE_WITH_KNOTS('',6,(#7986,#7987,#7988,#7989,#7990,
    #7991,#7992,#7993,#7994,#7995,#7996,#7997),.UNSPECIFIED.,.F.,.F.,(7,
    5,7),(0.,0.649393957148,1.),.UNSPECIFIED.);
#7986 = CARTESIAN_POINT('',(21.946034416859,16.124697235295,0.));
#7987 = CARTESIAN_POINT('',(21.957358156969,16.185968317425,0.));
#7988 = CARTESIAN_POINT('',(21.968431944126,16.245711675391,0.));
#7989 = CARTESIAN_POINT('',(21.979216864341,16.30368869482,0.));
#7990 = CARTESIAN_POINT('',(21.989630557509,16.35941459051,0.));
#7991 = CARTESIAN_POINT('',(21.999548619925,16.412166564764,0.));
#7992 = CARTESIAN_POINT('',(22.013764419273,16.487115000315,0.));
#7993 = CARTESIAN_POINT('',(22.018545594763,16.512187548425,0.));
#7994 = CARTESIAN_POINT('',(22.023093664993,16.535880866103,0.));
#7995 = CARTESIAN_POINT('',(22.027366203126,16.557952428964,0.));
#7996 = CARTESIAN_POINT('',(22.031311743671,16.578110636684,0.));
#7997 = CARTESIAN_POINT('',(22.034873035067,16.596033857316,0.));
#7998 = ORIENTED_EDGE('',*,*,#7999,.T.);
#7999 = EDGE_CURVE('',#7983,#8000,#8002,.T.);
#8000 = VERTEX_POINT('',#8001);
#8001 = CARTESIAN_POINT('',(21.94603456357,8.869600967352,0.));
#8002 = LINE('',#8003,#8004);
#8003 = CARTESIAN_POINT('',(21.94603456357,24.416244120741,0.));
#8004 = VECTOR('',#8005,1.);
#8005 = DIRECTION('',(0.,-1.,0.));
#8006 = ORIENTED_EDGE('',*,*,#8007,.F.);
#8007 = EDGE_CURVE('',#8008,#8000,#8010,.T.);
#8008 = VERTEX_POINT('',#8009);
#8009 = CARTESIAN_POINT('',(22.558016928658,8.869600967352,0.));
#8010 = LINE('',#8011,#8012);
#8011 = CARTESIAN_POINT('',(10.779854897219,8.869600967352,0.));
#8012 = VECTOR('',#8013,1.);
#8013 = DIRECTION('',(-1.,0.,0.));
#8014 = ORIENTED_EDGE('',*,*,#8015,.F.);
#8015 = EDGE_CURVE('',#8016,#8008,#8018,.T.);
#8016 = VERTEX_POINT('',#8017);
#8017 = CARTESIAN_POINT('',(24.317049576784,8.916807738815,0.));
#8018 = B_SPLINE_CURVE_WITH_KNOTS('',8,(#8019,#8020,#8021,#8022,#8023,
    #8024,#8025,#8026,#8027,#8028,#8029,#8030,#8031,#8032,#8033,#8034),
  .UNSPECIFIED.,.F.,.F.,(9,7,9),(0.,0.336134297894,1.),.UNSPECIFIED.);
#8019 = CARTESIAN_POINT('',(24.317049576784,8.916807738815,0.));
#8020 = CARTESIAN_POINT('',(24.261399989871,8.910669176787,0.));
#8021 = CARTESIAN_POINT('',(24.200776680979,8.905400436099,0.));
#8022 = CARTESIAN_POINT('',(24.136560143064,8.900820748498,0.));
#8023 = CARTESIAN_POINT('',(24.069662260245,8.89681801267,0.));
#8024 = CARTESIAN_POINT('',(24.000741610499,8.893304556655,0.));
#8025 = CARTESIAN_POINT('',(23.930247729291,8.890207440245,0.));
#8026 = CARTESIAN_POINT('',(23.858409365162,8.887470616022,0.));
#8027 = CARTESIAN_POINT('',(23.64085463373,8.880258176319,0.));
#8028 = CARTESIAN_POINT('',(23.492066341222,8.876711477051,0.));
#8029 = CARTESIAN_POINT('',(23.340366398132,8.874057098061,0.));
#8030 = CARTESIAN_POINT('',(23.18652356821,8.872133856555,0.));
#8031 = CARTESIAN_POINT('',(23.031124689787,8.870804942671,0.));
#8032 = CARTESIAN_POINT('',(22.874487075112,8.86998485583,0.));
#8033 = CARTESIAN_POINT('',(22.716784161269,8.869600967352,0.));
#8034 = CARTESIAN_POINT('',(22.558016928658,8.869600967352,0.));
#8035 = ORIENTED_EDGE('',*,*,#8036,.F.);
#8036 = EDGE_CURVE('',#8037,#8016,#8039,.T.);
#8037 = VERTEX_POINT('',#8038);
#8038 = CARTESIAN_POINT('',(24.519032648126,8.929189842805,0.));
#8039 = B_SPLINE_CURVE_WITH_KNOTS('',5,(#8040,#8041,#8042,#8043,#8044,
    #8045),.UNSPECIFIED.,.F.,.F.,(6,6),(0.,1.),
  .PIECEWISE_BEZIER_KNOTS.);
#8040 = CARTESIAN_POINT('',(24.519032648126,8.929189842805,0.));
#8041 = CARTESIAN_POINT('',(24.467380618308,8.924299709805,0.));
#8042 = CARTESIAN_POINT('',(24.421158129772,8.92058071238,0.));
#8043 = CARTESIAN_POINT('',(24.380579928354,8.918072480114,0.));
#8044 = CARTESIAN_POINT('',(24.345831878751,8.916807738815,0.));
#8045 = CARTESIAN_POINT('',(24.317049576784,8.916807738815,0.));
#8046 = ORIENTED_EDGE('',*,*,#8047,.F.);
#8047 = EDGE_CURVE('',#8048,#8037,#8050,.T.);
#8048 = VERTEX_POINT('',#8049);
#8049 = CARTESIAN_POINT('',(24.673808948005,8.988004836759,0.));
#8050 = B_SPLINE_CURVE_WITH_KNOTS('',5,(#8051,#8052,#8053,#8054,#8055,
    #8056),.UNSPECIFIED.,.F.,.F.,(6,6),(0.,1.),
  .PIECEWISE_BEZIER_KNOTS.);
#8051 = CARTESIAN_POINT('',(24.673808948005,8.988004836759,0.));
#8052 = CARTESIAN_POINT('',(24.664116858504,8.968933305806,0.));
#8053 = CARTESIAN_POINT('',(24.643538386942,8.953508595693,0.));
#8054 = CARTESIAN_POINT('',(24.612152306864,8.941804764896,0.));
#8055 = CARTESIAN_POINT('',(24.570422682062,8.933751088421,0.));
#8056 = CARTESIAN_POINT('',(24.519032648126,8.929189842805,0.));
#8057 = ORIENTED_EDGE('',*,*,#8058,.F.);
#8058 = EDGE_CURVE('',#8059,#8048,#8061,.T.);
#8059 = VERTEX_POINT('',#8060);
#8060 = CARTESIAN_POINT('',(25.006577992745,8.964788391778,0.));
#8061 = B_SPLINE_CURVE_WITH_KNOTS('',4,(#8062,#8063,#8064,#8065,#8066),
  .UNSPECIFIED.,.F.,.F.,(5,5),(0.,1.),.PIECEWISE_BEZIER_KNOTS.);
#8062 = CARTESIAN_POINT('',(25.006577992745,8.964788391778,0.));
#8063 = CARTESIAN_POINT('',(24.923439478271,8.976389114727,0.));
#8064 = CARTESIAN_POINT('',(24.840247293173,8.984132921807,0.));
#8065 = CARTESIAN_POINT('',(24.757028112239,8.988004836759,0.));
#8066 = CARTESIAN_POINT('',(24.673808948005,8.988004836759,0.));
#8067 = ORIENTED_EDGE('',*,*,#8068,.F.);
#8068 = EDGE_CURVE('',#8069,#8059,#8071,.T.);
#8069 = VERTEX_POINT('',#8070);
#8070 = CARTESIAN_POINT('',(25.315356711004,8.940798065296,0.));
#8071 = B_SPLINE_CURVE_WITH_KNOTS('',4,(#8072,#8073,#8074,#8075,#8076),
  .UNSPECIFIED.,.F.,.F.,(5,5),(0.,1.),.PIECEWISE_BEZIER_KNOTS.);
#8072 = CARTESIAN_POINT('',(25.315356711004,8.940798065296,0.));
#8073 = CARTESIAN_POINT('',(25.243661523123,8.940798065296,0.));
#8074 = CARTESIAN_POINT('',(25.168215824419,8.944852727124,0.));
#8075 = CARTESIAN_POINT('',(25.089141771277,8.952883846966,0.));
#8076 = CARTESIAN_POINT('',(25.006577992745,8.964788391778,0.));
#8077 = ORIENTED_EDGE('',*,*,#8078,.F.);
#8078 = EDGE_CURVE('',#8079,#8069,#8081,.T.);
#8079 = VERTEX_POINT('',#8080);
#8080 = CARTESIAN_POINT('',(25.957678355502,8.869600967352,0.));
#8081 = B_SPLINE_CURVE_WITH_KNOTS('',5,(#8082,#8083,#8084,#8085,#8086,
    #8087),.UNSPECIFIED.,.F.,.F.,(6,6),(0.,1.),
  .PIECEWISE_BEZIER_KNOTS.);
#8082 = CARTESIAN_POINT('',(25.957678355502,8.869600967352,0.));
#8083 = CARTESIAN_POINT('',(25.832250814759,8.869600967352,0.));
#8084 = CARTESIAN_POINT('',(25.70510044802,8.876906646984,0.));
#8085 = CARTESIAN_POINT('',(25.576434984855,8.891364211588,0.));
#8086 = CARTESIAN_POINT('',(25.44645694178,8.912748713595,0.));
#8087 = CARTESIAN_POINT('',(25.315356711004,8.940798065296,0.));
#8088 = ORIENTED_EDGE('',*,*,#8089,.F.);
#8089 = EDGE_CURVE('',#8090,#8079,#8092,.T.);
#8090 = VERTEX_POINT('',#8091);
#8091 = CARTESIAN_POINT('',(26.242466747279,8.940798065296,0.));
#8092 = B_SPLINE_CURVE_WITH_KNOTS('',5,(#8093,#8094,#8095,#8096,#8097,
    #8098),.UNSPECIFIED.,.F.,.F.,(6,6),(0.,1.),
  .PIECEWISE_BEZIER_KNOTS.);
#8093 = CARTESIAN_POINT('',(26.242466747279,8.940798065296,0.));
#8094 = CARTESIAN_POINT('',(26.185860073841,8.912494728577,0.));
#8095 = CARTESIAN_POINT('',(26.128993687692,8.891093754531,0.));
#8096 = CARTESIAN_POINT('',(26.071949228012,8.876765081295,0.));
#8097 = CARTESIAN_POINT('',(26.014813416831,8.869600967352,0.));
#8098 = CARTESIAN_POINT('',(25.957678355502,8.869600967352,0.));
#8099 = ORIENTED_EDGE('',*,*,#8100,.F.);
#8100 = EDGE_CURVE('',#8101,#8090,#8103,.T.);
#8101 = VERTEX_POINT('',#8102);
#8102 = CARTESIAN_POINT('',(26.552019347037,9.011995163241,0.));
#8103 = B_SPLINE_CURVE_WITH_KNOTS('',4,(#8104,#8105,#8106,#8107,#8108,
    #8109,#8110,#8111),.UNSPECIFIED.,.F.,.F.,(5,3,5),(0.,0.688275100217,
    1.),.UNSPECIFIED.);
#8104 = CARTESIAN_POINT('',(26.552019347037,9.011995163241,0.));
#8105 = CARTESIAN_POINT('',(26.494966179146,9.011995163241,0.));
#8106 = CARTESIAN_POINT('',(26.439551095896,9.006414420013,0.));
#8107 = CARTESIAN_POINT('',(26.385888571642,8.995171954007,0.));
#8108 = CARTESIAN_POINT('',(26.310591699162,8.970650494651,0.));
#8109 = CARTESIAN_POINT('',(26.287496655249,8.961850669232,0.));
#8110 = CARTESIAN_POINT('',(26.264786269709,8.951897503477,0.));
#8111 = CARTESIAN_POINT('',(26.242466747279,8.940798065296,0.));
#8112 = ORIENTED_EDGE('',*,*,#8113,.F.);
#8113 = EDGE_CURVE('',#8114,#8101,#8116,.T.);
#8114 = VERTEX_POINT('',#8115);
#8115 = CARTESIAN_POINT('',(26.670423216445,8.988004836759,0.));
#8116 = LINE('',#8117,#8118);
#8117 = CARTESIAN_POINT('',(11.562517339743,12.049083805242,
    -2.22044604925E-16));
#8118 = VECTOR('',#8119,1.);
#8119 = DIRECTION('',(-0.980084827963,0.198579278868,-0.));
#8120 = ORIENTED_EDGE('',*,*,#8121,.F.);
#8121 = EDGE_CURVE('',#8122,#8114,#8124,.T.);
#8122 = VERTEX_POINT('',#8123);
#8123 = CARTESIAN_POINT('',(26.742394195889,8.988004836759,0.));
#8124 = LINE('',#8125,#8126);
#8125 = CARTESIAN_POINT('',(13.335211608222,8.988004836759,0.));
#8126 = VECTOR('',#8127,1.);
#8127 = DIRECTION('',(-1.,0.,0.));
#8128 = ORIENTED_EDGE('',*,*,#8129,.F.);
#8129 = EDGE_CURVE('',#8130,#8122,#8132,.T.);
#8130 = VERTEX_POINT('',#8131);
#8131 = CARTESIAN_POINT('',(26.896396614268,9.119564691657,0.));
#8132 = B_SPLINE_CURVE_WITH_KNOTS('',4,(#8133,#8134,#8135,#8136,#8137),
  .UNSPECIFIED.,.F.,.F.,(5,5),(0.,1.),.PIECEWISE_BEZIER_KNOTS.);
#8133 = CARTESIAN_POINT('',(26.896396614268,9.119564691657,0.));
#8134 = CARTESIAN_POINT('',(26.855267326564,9.078051018086,0.));
#8135 = CARTESIAN_POINT('',(26.8158439536,9.042186965748,0.));
#8136 = CARTESIAN_POINT('',(26.778199508955,9.012134504261,0.));
#8137 = CARTESIAN_POINT('',(26.742394195889,8.988004836759,0.));
#8138 = ORIENTED_EDGE('',*,*,#8139,.F.);
#8139 = EDGE_CURVE('',#8140,#8130,#8142,.T.);
#8140 = VERTEX_POINT('',#8141);
#8141 = CARTESIAN_POINT('',(26.979975816203,9.249576783555,0.));
#8142 = B_SPLINE_CURVE_WITH_KNOTS('',5,(#8143,#8144,#8145,#8146,#8147,
    #8148),.UNSPECIFIED.,.F.,.F.,(6,6),(0.,1.),
  .PIECEWISE_BEZIER_KNOTS.);
#8143 = CARTESIAN_POINT('',(26.979975816203,9.249576783555,0.));
#8144 = CARTESIAN_POINT('',(26.979975816203,9.230529460682,0.));
#8145 = CARTESIAN_POINT('',(26.971471534924,9.207891328889,0.));
#8146 = CARTESIAN_POINT('',(26.954519026926,9.18174081594,0.));
#8147 = CARTESIAN_POINT('',(26.929369064524,9.152231841447,0.));
#8148 = CARTESIAN_POINT('',(26.896396614268,9.119564691657,0.));
#8149 = ORIENTED_EDGE('',*,*,#8150,.F.);
#8150 = EDGE_CURVE('',#8151,#8140,#8153,.T.);
#8151 = VERTEX_POINT('',#8152);
#8152 = CARTESIAN_POINT('',(28.643821039903,16.762418379686,0.));
#8153 = LINE('',#8154,#8155);
#8154 = CARTESIAN_POINT('',(28.750706897205,17.245045311166,0.));
#8155 = VECTOR('',#8156,1.);
#8156 = DIRECTION('',(-0.216227587987,-0.976342987988,0.));
#8157 = ORIENTED_EDGE('',*,*,#8158,.F.);
#8158 = EDGE_CURVE('',#8159,#8151,#8161,.T.);
#8159 = VERTEX_POINT('',#8160);
#8160 = CARTESIAN_POINT('',(30.022877871826,22.65784764208,0.));
#8161 = B_SPLINE_CURVE_WITH_KNOTS('',4,(#8162,#8163,#8164,#8165,#8166,
    #8167,#8168,#8169),.UNSPECIFIED.,.F.,.F.,(5,3,5),(0.,0.511714021459,
    1.),.UNSPECIFIED.);
#8162 = CARTESIAN_POINT('',(30.022877871826,22.65784764208,0.));
#8163 = CARTESIAN_POINT('',(29.871814078997,21.897045761798,0.));
#8164 = CARTESIAN_POINT('',(29.712825426088,21.138111381657,0.));
#8165 = CARTESIAN_POINT('',(29.545406424188,20.381295541289,0.));
#8166 = CARTESIAN_POINT('',(29.200568464017,18.907122937146,0.));
#8167 = CARTESIAN_POINT('',(29.023957720194,18.189547542146,0.));
#8168 = CARTESIAN_POINT('',(28.838586553445,17.47451121353,0.));
#8169 = CARTESIAN_POINT('',(28.643821039903,16.762418379686,0.));
#8170 = ORIENTED_EDGE('',*,*,#8171,.F.);
#8171 = EDGE_CURVE('',#8172,#8159,#8174,.T.);
#8172 = VERTEX_POINT('',#8173);
#8173 = CARTESIAN_POINT('',(30.118065296252,22.967400241838,0.));
#8174 = B_SPLINE_CURVE_WITH_KNOTS('',5,(#8175,#8176,#8177,#8178,#8179,
    #8180),.UNSPECIFIED.,.F.,.F.,(6,6),(0.,1.),
  .PIECEWISE_BEZIER_KNOTS.);
#8175 = CARTESIAN_POINT('',(30.118065296252,22.967400241838,0.));
#8176 = CARTESIAN_POINT('',(30.080643250789,22.901987723347,0.));
#8177 = CARTESIAN_POINT('',(30.052000267995,22.83809064432,0.));
#8178 = CARTESIAN_POINT('',(30.032625392942,22.775949291249,0.));
#8179 = CARTESIAN_POINT('',(30.022877871826,22.715798863248,0.));
#8180 = CARTESIAN_POINT('',(30.022877871826,22.65784764208,0.));
#8181 = ORIENTED_EDGE('',*,*,#8182,.F.);
#8182 = EDGE_CURVE('',#8183,#8172,#8185,.T.);
#8183 = VERTEX_POINT('',#8184);
#8184 = CARTESIAN_POINT('',(30.188488512696,23.419347037485,0.));
#8185 = B_SPLINE_CURVE_WITH_KNOTS('',6,(#8186,#8187,#8188,#8189,#8190,
    #8191,#8192),.UNSPECIFIED.,.F.,.F.,(7,7),(0.,1.),
  .PIECEWISE_BEZIER_KNOTS.);
#8186 = CARTESIAN_POINT('',(30.188488512696,23.419347037485,0.));
#8187 = CARTESIAN_POINT('',(30.173487906904,23.32860566802,0.));
#8188 = CARTESIAN_POINT('',(30.159639525695,23.243262517171,0.));
#8189 = CARTESIAN_POINT('',(30.147052184054,23.163857420154,0.));
#8190 = CARTESIAN_POINT('',(30.135846018415,23.09099449677,0.));
#8191 = CARTESIAN_POINT('',(30.126145763789,23.025310259189,0.));
#8192 = CARTESIAN_POINT('',(30.118065296252,22.967400241838,0.));
#8193 = ORIENTED_EDGE('',*,*,#8194,.F.);
#8194 = EDGE_CURVE('',#8195,#8183,#8197,.T.);
#8195 = VERTEX_POINT('',#8196);
#8196 = CARTESIAN_POINT('',(30.236469165659,23.894510278114,0.));
#8197 = B_SPLINE_CURVE_WITH_KNOTS('',5,(#8198,#8199,#8200,#8201,#8202,
    #8203),.UNSPECIFIED.,.F.,.F.,(6,6),(0.,1.),
  .PIECEWISE_BEZIER_KNOTS.);
#8198 = CARTESIAN_POINT('',(30.236469165659,23.894510278114,0.));
#8199 = CARTESIAN_POINT('',(30.236469165659,23.815543808174,0.));
#8200 = CARTESIAN_POINT('',(30.231309365644,23.727711284194,0.));
#8201 = CARTESIAN_POINT('',(30.221327715089,23.631840151202,0.));
#8202 = CARTESIAN_POINT('',(30.206929157093,23.528801184871,0.));
#8203 = CARTESIAN_POINT('',(30.188488512696,23.419347037485,0.));
#8204 = ORIENTED_EDGE('',*,*,#8205,.F.);
#8205 = EDGE_CURVE('',#8206,#8195,#8208,.T.);
#8206 = VERTEX_POINT('',#8207);
#8207 = CARTESIAN_POINT('',(30.26045949214,24.156082224909,0.));
#8208 = B_SPLINE_CURVE_WITH_KNOTS('',5,(#8209,#8210,#8211,#8212,#8213,
    #8214),.UNSPECIFIED.,.F.,.F.,(6,6),(0.,1.),
  .PIECEWISE_BEZIER_KNOTS.);
#8209 = CARTESIAN_POINT('',(30.26045949214,24.156082224909,0.));
#8210 = CARTESIAN_POINT('',(30.26045949214,24.090736766422,0.));
#8211 = CARTESIAN_POINT('',(30.258146765801,24.031569842664,0.));
#8212 = CARTESIAN_POINT('',(30.253424438833,23.978939296858,0.));
#8213 = CARTESIAN_POINT('',(30.246213049529,23.933171494759,0.));
#8214 = CARTESIAN_POINT('',(30.236469165659,23.894510278114,0.));
#8215 = ORIENTED_EDGE('',*,*,#8216,.F.);
#8216 = EDGE_CURVE('',#8217,#8206,#8219,.T.);
#8217 = VERTEX_POINT('',#8218);
#8218 = CARTESIAN_POINT('',(30.118065296252,24.702442563482,0.));
#8219 = B_SPLINE_CURVE_WITH_KNOTS('',6,(#8220,#8221,#8222,#8223,#8224,
    #8225,#8226),.UNSPECIFIED.,.F.,.F.,(7,7),(0.,1.),
  .PIECEWISE_BEZIER_KNOTS.);
#8220 = CARTESIAN_POINT('',(30.118065296252,24.702442563482,0.));
#8221 = CARTESIAN_POINT('',(30.166755935139,24.629406605152,0.));
#8222 = CARTESIAN_POINT('',(30.205300769223,24.548244086532,0.));
#8223 = CARTESIAN_POINT('',(30.233518283199,24.459507456388,0.));
#8224 = CARTESIAN_POINT('',(30.251712990356,24.363985357294,0.));
#8225 = CARTESIAN_POINT('',(30.26045949214,24.262554745629,0.));
#8226 = CARTESIAN_POINT('',(30.26045949214,24.156082224909,0.));
#8227 = ORIENTED_EDGE('',*,*,#8228,.F.);
#8228 = EDGE_CURVE('',#8229,#8217,#8231,.T.);
#8229 = VERTEX_POINT('',#8230);
#8230 = CARTESIAN_POINT('',(29.832503022975,24.845610640871,0.));
#8231 = B_SPLINE_CURVE_WITH_KNOTS('',5,(#8232,#8233,#8234,#8235,#8236,
    #8237,#8238,#8239,#8240,#8241),.UNSPECIFIED.,.F.,.F.,(6,4,6),(0.,
    0.613946112448,1.),.UNSPECIFIED.);
#8232 = CARTESIAN_POINT('',(29.832503022975,24.845610640871,0.));
#8233 = CARTESIAN_POINT('',(29.878573540904,24.845610640871,0.));
#8234 = CARTESIAN_POINT('',(29.921604163937,24.840370390976,0.));
#8235 = CARTESIAN_POINT('',(29.961330102598,24.829687718247,0.));
#8236 = CARTESIAN_POINT('',(29.997545325561,24.813475521452,0.));
#8237 = CARTESIAN_POINT('',(30.050626171185,24.778190656194,0.));
#8238 = CARTESIAN_POINT('',(30.069685089607,24.762412824662,0.));
#8239 = CARTESIAN_POINT('',(30.087283046542,24.744498293728,0.));
#8240 = CARTESIAN_POINT('',(30.103408323431,24.724487603903,0.));
#8241 = CARTESIAN_POINT('',(30.118065296252,24.702442563482,0.));
#8242 = ORIENTED_EDGE('',*,*,#8243,.F.);
#8243 = EDGE_CURVE('',#8244,#8229,#8246,.T.);
#8244 = VERTEX_POINT('',#8245);
#8245 = CARTESIAN_POINT('',(29.523724304716,24.845610640871,0.));
#8246 = LINE('',#8247,#8248);
#8247 = CARTESIAN_POINT('',(14.916251511487,24.845610640871,0.));
#8248 = VECTOR('',#8249,1.);
#8249 = DIRECTION('',(1.,0.,0.));
#8250 = ORIENTED_EDGE('',*,*,#8251,.F.);
#8251 = EDGE_CURVE('',#8252,#8244,#8254,.T.);
#8252 = VERTEX_POINT('',#8253);
#8253 = CARTESIAN_POINT('',(28.976590084643,24.821620314389,0.));
#8254 = B_SPLINE_CURVE_WITH_KNOTS('',6,(#8255,#8256,#8257,#8258,#8259,
    #8260,#8261),.UNSPECIFIED.,.F.,.F.,(7,7),(0.,1.),
  .PIECEWISE_BEZIER_KNOTS.);
#8255 = CARTESIAN_POINT('',(28.976590084643,24.821620314389,0.));
#8256 = CARTESIAN_POINT('',(29.044333008769,24.83015702434,0.));
#8257 = CARTESIAN_POINT('',(29.123136478812,24.836671918701,0.));
#8258 = CARTESIAN_POINT('',(29.211715578156,24.841302343425,0.));
#8259 = CARTESIAN_POINT('',(29.308734606624,24.844225209415,0.));
#8260 = CARTESIAN_POINT('',(29.413041507178,24.845610640871,0.));
#8261 = CARTESIAN_POINT('',(29.523724304716,24.845610640871,0.));
#8262 = ORIENTED_EDGE('',*,*,#8263,.F.);
#8263 = EDGE_CURVE('',#8264,#8252,#8266,.T.);
#8264 = VERTEX_POINT('',#8265);
#8265 = CARTESIAN_POINT('',(27.288754534462,24.821620314389,0.));
#8266 = LINE('',#8267,#8268);
#8267 = CARTESIAN_POINT('',(14.488295042322,24.821620314389,0.));
#8268 = VECTOR('',#8269,1.);
#8269 = DIRECTION('',(1.,0.,0.));
#8270 = ORIENTED_EDGE('',*,*,#8271,.F.);
#8271 = EDGE_CURVE('',#8272,#8264,#8274,.T.);
#8272 = VERTEX_POINT('',#8273);
#8273 = CARTESIAN_POINT('',(27.098379685611,24.797629987908,0.));
#8274 = B_SPLINE_CURVE_WITH_KNOTS('',6,(#8275,#8276,#8277,#8278,#8279,
    #8280,#8281),.UNSPECIFIED.,.F.,.F.,(7,7),(0.,1.),
  .PIECEWISE_BEZIER_KNOTS.);
#8275 = CARTESIAN_POINT('',(27.098379685611,24.797629987908,0.));
#8276 = CARTESIAN_POINT('',(27.098379685611,24.805809223095,0.));
#8277 = CARTESIAN_POINT('',(27.111656976233,24.812321772363,0.));
#8278 = CARTESIAN_POINT('',(27.138251944534,24.817091454145,0.));
#8279 = CARTESIAN_POINT('',(27.177430731657,24.820156125355,0.));
#8280 = CARTESIAN_POINT('',(27.228037323958,24.821620314389,0.));
#8281 = CARTESIAN_POINT('',(27.288754534462,24.821620314389,0.));
#8282 = ORIENTED_EDGE('',*,*,#8283,.F.);
#8283 = EDGE_CURVE('',#8284,#8272,#8286,.T.);
#8284 = VERTEX_POINT('',#8285);
#8285 = CARTESIAN_POINT('',(25.600918984281,24.797629987908,0.));
#8286 = LINE('',#8287,#8288);
#8287 = CARTESIAN_POINT('',(13.549189842805,24.797629987908,0.));
#8288 = VECTOR('',#8289,1.);
#8289 = DIRECTION('',(1.,0.,0.));
#8290 = ORIENTED_EDGE('',*,*,#8291,.F.);
#8291 = EDGE_CURVE('',#8292,#8284,#8294,.T.);
#8292 = VERTEX_POINT('',#8293);
#8293 = CARTESIAN_POINT('',(25.600918984281,24.750423216445,0.));
#8294 = LINE('',#8295,#8296);
#8295 = CARTESIAN_POINT('',(25.600918984281,28.398814993954,0.));
#8296 = VECTOR('',#8297,1.);
#8297 = DIRECTION('',(0.,1.,0.));
#8298 = ORIENTED_EDGE('',*,*,#8299,.F.);
#8299 = EDGE_CURVE('',#8300,#8292,#8302,.T.);
#8300 = VERTEX_POINT('',#8301);
#8301 = CARTESIAN_POINT('',(25.363337363966,24.702442563482,0.));
#8302 = B_SPLINE_CURVE_WITH_KNOTS('',5,(#8303,#8304,#8305,#8306,#8307,
    #8308),.UNSPECIFIED.,.F.,.F.,(6,6),(0.,1.),
  .PIECEWISE_BEZIER_KNOTS.);
#8303 = CARTESIAN_POINT('',(25.363337363966,24.702442563482,0.));
#8304 = CARTESIAN_POINT('',(25.419742383619,24.702442563482,0.));
#8305 = CARTESIAN_POINT('',(25.471865815633,24.707147971044,0.));
#8306 = CARTESIAN_POINT('',(25.519525939822,24.716674874051,0.));
#8307 = CARTESIAN_POINT('',(25.562575875124,24.731095795569,0.));
#8308 = CARTESIAN_POINT('',(25.600918984281,24.750423216445,0.));
#8309 = ORIENTED_EDGE('',*,*,#8310,.F.);
#8310 = EDGE_CURVE('',#8311,#8300,#8313,.T.);
#8311 = VERTEX_POINT('',#8312);
#8312 = CARTESIAN_POINT('',(25.350955259976,24.714824667473,0.));
#8313 = B_SPLINE_CURVE_WITH_KNOTS('',6,(#8314,#8315,#8316,#8317,#8318,
    #8319,#8320,#8321,#8322,#8323,#8324,#8325,#8326,#8327,#8328,#8329,
    #8330),.UNSPECIFIED.,.F.,.F.,(7,5,5,7),(0.,0.974776064693,
    0.983744525124,1.),.UNSPECIFIED.);
#8314 = CARTESIAN_POINT('',(25.350955259976,24.714824667473,0.));
#8315 = CARTESIAN_POINT('',(25.354990195664,24.710789731784,0.));
#8316 = CARTESIAN_POINT('',(25.358237183714,24.707542743735,0.));
#8317 = CARTESIAN_POINT('',(25.360695278779,24.70508464867,0.));
#8318 = CARTESIAN_POINT('',(25.362363843409,24.703416084039,0.));
#8319 = CARTESIAN_POINT('',(25.363242548047,24.702537379401,0.));
#8320 = CARTESIAN_POINT('',(25.363332188247,24.702447739202,0.));
#8321 = CARTESIAN_POINT('',(25.363332938602,24.702446988846,0.));
#8322 = CARTESIAN_POINT('',(25.363333622094,24.702446305354,0.));
#8323 = CARTESIAN_POINT('',(25.363334238723,24.702445688726,0.));
#8324 = CARTESIAN_POINT('',(25.363334788489,24.70244513896,0.));
#8325 = CARTESIAN_POINT('',(25.363336146658,24.702443780791,0.));
#8326 = CARTESIAN_POINT('',(25.363336389561,24.702443537888,0.));
#8327 = CARTESIAN_POINT('',(25.36333576348,24.702444163969,0.));
#8328 = CARTESIAN_POINT('',(25.36333714159,24.702442785859,0.));
#8329 = CARTESIAN_POINT('',(25.363337363966,24.702442563482,0.));
#8330 = CARTESIAN_POINT('',(25.363337363966,24.702442563482,0.));
#8331 = ORIENTED_EDGE('',*,*,#8332,.F.);
#8332 = EDGE_CURVE('',#8333,#8311,#8335,.T.);
#8333 = VERTEX_POINT('',#8334);
#8334 = CARTESIAN_POINT('',(25.315356711004,24.750423216445,0.));
#8335 = B_SPLINE_CURVE_WITH_KNOTS('',4,(#8336,#8337,#8338,#8339,#8340),
  .UNSPECIFIED.,.F.,.F.,(5,5),(0.,1.),.PIECEWISE_BEZIER_KNOTS.);
#8336 = CARTESIAN_POINT('',(25.315356711004,24.750423216445,0.));
#8337 = CARTESIAN_POINT('',(25.327340120241,24.738439807207,0.));
#8338 = CARTESIAN_POINT('',(25.337273331327,24.728506596121,0.));
#8339 = CARTESIAN_POINT('',(25.345146632706,24.720633294743,0.));
#8340 = CARTESIAN_POINT('',(25.350955259976,24.714824667473,0.));
#8341 = ORIENTED_EDGE('',*,*,#8342,.F.);
#8342 = EDGE_CURVE('',#8343,#8333,#8345,.T.);
#8343 = VERTEX_POINT('',#8344);
#8344 = CARTESIAN_POINT('',(25.268149939541,24.797629987908,0.));
#8345 = B_SPLINE_CURVE_WITH_KNOTS('',4,(#8346,#8347,#8348,#8349,#8350,
    #8351,#8352,#8353),.UNSPECIFIED.,.F.,.F.,(5,3,5),(0.,0.500000000031,
    1.),.UNSPECIFIED.);
#8346 = CARTESIAN_POINT('',(25.268149939541,24.797629987908,0.));
#8347 = CARTESIAN_POINT('',(25.279934236567,24.797629987908,0.));
#8348 = CARTESIAN_POINT('',(25.2897747311,24.79566884562,0.));
#8349 = CARTESIAN_POINT('',(25.297649811735,24.791733501445,0.));
#8350 = CARTESIAN_POINT('',(25.30946022454,24.77992308864,0.));
#8351 = CARTESIAN_POINT('',(25.313395568717,24.772048007998,0.));
#8352 = CARTESIAN_POINT('',(25.315356711004,24.762207513471,0.));
#8353 = CARTESIAN_POINT('',(25.315356711004,24.750423216445,0.));
#8354 = ORIENTED_EDGE('',*,*,#8355,.F.);
#8355 = EDGE_CURVE('',#8356,#8343,#8358,.T.);
#8356 = VERTEX_POINT('',#8357);
#8357 = CARTESIAN_POINT('',(25.006577992745,24.797629987908,0.));
#8358 = LINE('',#8359,#8360);
#8359 = CARTESIAN_POINT('',(12.63407496977,24.797629987908,0.));
#8360 = VECTOR('',#8361,1.);
#8361 = DIRECTION('',(1.,0.,0.));
#8362 = ORIENTED_EDGE('',*,*,#8363,.F.);
#8363 = EDGE_CURVE('',#8364,#8356,#8366,.T.);
#8364 = VERTEX_POINT('',#8365);
#8365 = CARTESIAN_POINT('',(24.531414752116,24.750423216445,0.));
#8366 = B_SPLINE_CURVE_WITH_KNOTS('',7,(#8367,#8368,#8369,#8370,#8371,
    #8372,#8373,#8374),.UNSPECIFIED.,.F.,.F.,(8,8),(0.,1.),
  .PIECEWISE_BEZIER_KNOTS.);
#8367 = CARTESIAN_POINT('',(24.531414752116,24.750423216445,0.));
#8368 = CARTESIAN_POINT('',(24.623822054278,24.750423216445,0.));
#8369 = CARTESIAN_POINT('',(24.710060041015,24.752278763574,0.));
#8370 = CARTESIAN_POINT('',(24.789132724536,24.756216665552,0.));
#8371 = CARTESIAN_POINT('',(24.859757186987,24.76249280671,0.));
#8372 = CARTESIAN_POINT('',(24.920469132996,24.771365009195,0.));
#8373 = CARTESIAN_POINT('',(24.969777078002,24.783053002198,0.));
#8374 = CARTESIAN_POINT('',(25.006577992745,24.797629987908,0.));
#8375 = ORIENTED_EDGE('',*,*,#8376,.F.);
#8376 = EDGE_CURVE('',#8377,#8364,#8379,.T.);
#8377 = VERTEX_POINT('',#8378);
#8378 = CARTESIAN_POINT('',(23.413929866989,24.702442563482,0.));
#8379 = B_SPLINE_CURVE_WITH_KNOTS('',7,(#8380,#8381,#8382,#8383,#8384,
    #8385,#8386,#8387),.UNSPECIFIED.,.F.,.F.,(8,8),(0.,1.),
  .PIECEWISE_BEZIER_KNOTS.);
#8380 = CARTESIAN_POINT('',(23.413929866989,24.702442563482,0.));
#8381 = CARTESIAN_POINT('',(23.549119633429,24.702442563482,0.));
#8382 = CARTESIAN_POINT('',(23.696380513203,24.70557700751,0.));
#8383 = CARTESIAN_POINT('',(23.852517655004,24.71116663921,0.));
#8384 = CARTESIAN_POINT('',(24.015358347913,24.718753360085,0.));
#8385 = CARTESIAN_POINT('',(24.183331216585,24.7279795454,0.));
#8386 = CARTESIAN_POINT('',(24.355487494893,24.738592967044,0.));
#8387 = CARTESIAN_POINT('',(24.531414752116,24.750423216445,0.));
#8388 = ORIENTED_EDGE('',*,*,#8389,.F.);
#8389 = EDGE_CURVE('',#8390,#8377,#8392,.T.);
#8390 = VERTEX_POINT('',#8391);
#8391 = CARTESIAN_POINT('',(23.115985489722,23.847303506651,0.));
#8392 = B_SPLINE_CURVE_WITH_KNOTS('',7,(#8393,#8394,#8395,#8396,#8397,
    #8398,#8399,#8400,#8401,#8402,#8403,#8404,#8405,#8406),
  .UNSPECIFIED.,.F.,.F.,(8,6,8),(0.,0.948419274264,1.),.UNSPECIFIED.);
#8393 = CARTESIAN_POINT('',(23.115985489722,23.847303506651,0.));
#8394 = CARTESIAN_POINT('',(23.150539815367,23.99053118645,0.));
#8395 = CARTESIAN_POINT('',(23.186449283809,24.128331844592,0.));
#8396 = CARTESIAN_POINT('',(23.22408766127,24.260310101772,0.));
#8397 = CARTESIAN_POINT('',(23.263735760241,24.384698643348,0.));
#8398 = CARTESIAN_POINT('',(23.305577870624,24.498387218643,0.));
#8399 = CARTESIAN_POINT('',(23.349714264577,24.596848086419,0.));
#8400 = CARTESIAN_POINT('',(23.398656900042,24.678525140084,0.));
#8401 = CARTESIAN_POINT('',(23.401187529395,24.682674970493,0.));
#8402 = CARTESIAN_POINT('',(23.403724218612,24.686760685572,0.));
#8403 = CARTESIAN_POINT('',(23.406266887703,24.690781297047,0.));
#8404 = CARTESIAN_POINT('',(23.408815449525,24.694735812401,0.));
#8405 = CARTESIAN_POINT('',(23.411369809773,24.698623234879,0.));
#8406 = CARTESIAN_POINT('',(23.413929866989,24.702442563482,0.));
#8407 = ORIENTED_EDGE('',*,*,#8408,.F.);
#8408 = EDGE_CURVE('',#8409,#8390,#8411,.T.);
#8409 = VERTEX_POINT('',#8410);
#8410 = CARTESIAN_POINT('',(22.795598548972,22.420266021765,0.));
#8411 = B_SPLINE_CURVE_WITH_KNOTS('',5,(#8412,#8413,#8414,#8415,#8416,
    #8417),.UNSPECIFIED.,.F.,.F.,(6,6),(0.,1.),
  .PIECEWISE_BEZIER_KNOTS.);
#8412 = CARTESIAN_POINT('',(22.795598548972,22.420266021765,0.));
#8413 = CARTESIAN_POINT('',(22.857995940883,22.714549535243,0.));
#8414 = CARTESIAN_POINT('',(22.921165229227,23.00509119227,0.));
#8415 = CARTESIAN_POINT('',(22.985175211103,23.291329109511,0.));
#8416 = CARTESIAN_POINT('',(23.050088865726,23.572458290988,0.));
#8417 = CARTESIAN_POINT('',(23.115985489722,23.847303506651,0.));
#8418 = ORIENTED_EDGE('',*,*,#8419,.F.);
#8419 = EDGE_CURVE('',#8420,#8409,#8422,.T.);
#8420 = VERTEX_POINT('',#8421);
#8421 = CARTESIAN_POINT('',(22.700411124547,21.897122128174,0.));
#8422 = B_SPLINE_CURVE_WITH_KNOTS('',7,(#8423,#8424,#8425,#8426,#8427,
    #8428,#8429,#8430),.UNSPECIFIED.,.F.,.F.,(8,8),(0.,1.),
  .PIECEWISE_BEZIER_KNOTS.);
#8423 = CARTESIAN_POINT('',(22.700411124547,21.897122128174,0.));
#8424 = CARTESIAN_POINT('',(22.71536374639,21.941738822384,0.));
#8425 = CARTESIAN_POINT('',(22.729926086987,21.998737623119,0.));
#8426 = CARTESIAN_POINT('',(22.744027233186,22.066776416765,0.));
#8427 = CARTESIAN_POINT('',(22.757639133147,22.144277775586,0.));
#8428 = CARTESIAN_POINT('',(22.770758435022,22.229788489457,0.));
#8429 = CARTESIAN_POINT('',(22.783401122098,22.322086733322,0.));
#8430 = CARTESIAN_POINT('',(22.795598548972,22.420266021765,0.));
#8431 = ORIENTED_EDGE('',*,*,#8432,.F.);
#8432 = EDGE_CURVE('',#8433,#8420,#8435,.T.);
#8433 = VERTEX_POINT('',#8434);
#8434 = CARTESIAN_POINT('',(21.393325272068,21.9923095526,0.));
#8435 = B_SPLINE_CURVE_WITH_KNOTS('',7,(#8436,#8437,#8438,#8439,#8440,
    #8441,#8442,#8443),.UNSPECIFIED.,.F.,.F.,(8,8),(0.,1.),
  .PIECEWISE_BEZIER_KNOTS.);
#8436 = CARTESIAN_POINT('',(21.393325272068,21.9923095526,0.));
#8437 = CARTESIAN_POINT('',(21.594233551326,21.9923095526,0.));
#8438 = CARTESIAN_POINT('',(21.791874672082,21.98887622284,0.));
#8439 = CARTESIAN_POINT('',(21.985880880403,21.981523838703,0.));
#8440 = CARTESIAN_POINT('',(22.1754096698,21.969621223277,0.));
#8441 = CARTESIAN_POINT('',(22.359083927751,21.95234258231,0.));
#8442 = CARTESIAN_POINT('',(22.5349948565,21.928666625802,0.));
#8443 = CARTESIAN_POINT('',(22.700411124547,21.897122128174,0.));
#8444 = ORIENTED_EDGE('',*,*,#8445,.F.);
#8445 = EDGE_CURVE('',#8446,#8433,#8448,.T.);
#8446 = VERTEX_POINT('',#8447);
#8447 = CARTESIAN_POINT('',(19.966287787183,21.9923095526,0.));
#8448 = LINE('',#8449,#8450);
#8449 = CARTESIAN_POINT('',(10.696662636034,21.9923095526,0.));
#8450 = VECTOR('',#8451,1.);
#8451 = DIRECTION('',(1.,0.,0.));
#8452 = ORIENTED_EDGE('',*,*,#8453,.F.);
#8453 = EDGE_CURVE('',#8454,#8446,#8456,.T.);
#8454 = VERTEX_POINT('',#8455);
#8455 = CARTESIAN_POINT('',(19.799903264813,22.753035066505,0.));
#8456 = LINE('',#8457,#8458);
#8457 = CARTESIAN_POINT('',(18.466053227182,28.851521517624,0.));
#8458 = VECTOR('',#8459,1.);
#8459 = DIRECTION('',(0.213667240649,-0.976906500272,0.));
#8460 = ORIENTED_EDGE('',*,*,#8461,.F.);
#8461 = EDGE_CURVE('',#8462,#8454,#8464,.T.);
#8462 = VERTEX_POINT('',#8463);
#8463 = CARTESIAN_POINT('',(19.300749697703,24.702442563482,0.));
#8464 = B_SPLINE_CURVE_WITH_KNOTS('',8,(#8465,#8466,#8467,#8468,#8469,
    #8470,#8471,#8472,#8473,#8474,#8475,#8476,#8477,#8478,#8479,#8480,
    #8481,#8482,#8483,#8484,#8485,#8486,#8487),.UNSPECIFIED.,.F.,.F.,(9,
    7,7,9),(0.,0.12096553757,0.432195620743,1.),.UNSPECIFIED.);
#8465 = CARTESIAN_POINT('',(19.300749697703,24.702442563482,0.));
#8466 = CARTESIAN_POINT('',(19.310720497355,24.682541495883,0.));
#8467 = CARTESIAN_POINT('',(19.320545084928,24.66143855503,0.));
#8468 = CARTESIAN_POINT('',(19.33022301764,24.639307591531,0.));
#8469 = CARTESIAN_POINT('',(19.33975533527,24.616295624959,0.));
#8470 = CARTESIAN_POINT('',(19.349144816717,24.592524495555,0.));
#8471 = CARTESIAN_POINT('',(19.358396236543,24.568092515931,0.));
#8472 = CARTESIAN_POINT('',(19.367516621531,24.543076122765,0.));
#8473 = CARTESIAN_POINT('',(19.399668580422,24.451808295652,0.));
#8474 = CARTESIAN_POINT('',(19.421976971332,24.382702883103,0.));
#8475 = CARTESIAN_POINT('',(19.443601005491,24.31118928748,0.));
#8476 = CARTESIAN_POINT('',(19.464621095465,24.237863597219,0.));
#8477 = CARTESIAN_POINT('',(19.48510213826,24.163149110214,0.));
#8478 = CARTESIAN_POINT('',(19.50510779098,24.087337459871,0.));
#8479 = CARTESIAN_POINT('',(19.524697245203,24.010576181086,0.));
#8480 = CARTESIAN_POINT('',(19.579038115267,23.79122565386,0.));
#8481 = CARTESIAN_POINT('',(19.612888800308,23.646883291483,0.));
#8482 = CARTESIAN_POINT('',(19.645777325388,23.50066326118,0.));
#8483 = CARTESIAN_POINT('',(19.677845065233,23.353010348515,0.));
#8484 = CARTESIAN_POINT('',(19.709209942086,23.204258310695,0.));
#8485 = CARTESIAN_POINT('',(19.739956800783,23.054610122175,0.));
#8486 = CARTESIAN_POINT('',(19.770164319414,22.904189405526,0.));
#8487 = CARTESIAN_POINT('',(19.799903264813,22.753035066505,0.));
#8488 = ORIENTED_EDGE('',*,*,#8489,.F.);
#8489 = EDGE_CURVE('',#8490,#8462,#8492,.T.);
#8490 = VERTEX_POINT('',#8491);
#8491 = CARTESIAN_POINT('',(19.063168077388,24.750423216445,0.));
#8492 = B_SPLINE_CURVE_WITH_KNOTS('',5,(#8493,#8494,#8495,#8496,#8497,
    #8498),.UNSPECIFIED.,.F.,.F.,(6,6),(0.,1.),
  .PIECEWISE_BEZIER_KNOTS.);
#8493 = CARTESIAN_POINT('',(19.063168077388,24.750423216445,0.));
#8494 = CARTESIAN_POINT('',(19.119333558425,24.731497891313,0.));
#8495 = CARTESIAN_POINT('',(19.1713676629,24.717083471915,0.));
#8496 = CARTESIAN_POINT('',(19.219063466576,24.707351555419,0.));
#8497 = CARTESIAN_POINT('',(19.26223716297,24.702442563482,0.));
#8498 = CARTESIAN_POINT('',(19.300749697703,24.702442563482,0.));
#8499 = ORIENTED_EDGE('',*,*,#8500,.F.);
#8500 = EDGE_CURVE('',#8501,#8490,#8503,.T.);
#8501 = VERTEX_POINT('',#8502);
#8502 = CARTESIAN_POINT('',(18.979588875453,24.786021765417,0.));
#8503 = B_SPLINE_CURVE_WITH_KNOTS('',4,(#8504,#8505,#8506,#8507,#8508),
  .UNSPECIFIED.,.F.,.F.,(5,5),(0.,1.),.PIECEWISE_BEZIER_KNOTS.);
#8504 = CARTESIAN_POINT('',(18.979588875453,24.786021765417,0.));
#8505 = CARTESIAN_POINT('',(18.997797781785,24.780210412333,0.));
#8506 = CARTESIAN_POINT('',(19.017803926993,24.772334366543,0.));
#8507 = CARTESIAN_POINT('',(19.039598253957,24.762401323434,0.));
#8508 = CARTESIAN_POINT('',(19.063168077388,24.750423216445,0.));
#8509 = ORIENTED_EDGE('',*,*,#8510,.T.);
#8510 = EDGE_CURVE('',#8501,#8511,#8513,.T.);
#8511 = VERTEX_POINT('',#8512);
#8512 = CARTESIAN_POINT('',(18.943990326481,24.797629987908,0.));
#8513 = B_SPLINE_CURVE_WITH_KNOTS('',8,(#8514,#8515,#8516,#8517,#8518,
    #8519,#8520,#8521,#8522,#8523,#8524,#8525,#8526,#8527,#8528,#8529),
  .UNSPECIFIED.,.F.,.F.,(9,7,9),(0.,0.789535397798,1.),.UNSPECIFIED.);
#8514 = CARTESIAN_POINT('',(18.979588875453,24.786021765417,0.));
#8515 = CARTESIAN_POINT('',(18.97187729274,24.788536411954,0.));
#8516 = CARTESIAN_POINT('',(18.965114965124,24.790741518786,0.));
#8517 = CARTESIAN_POINT('',(18.959304971451,24.79263608194,0.));
#8518 = CARTESIAN_POINT('',(18.954449859478,24.794219270627,0.));
#8519 = CARTESIAN_POINT('',(18.950551645872,24.795490427237,0.));
#8520 = CARTESIAN_POINT('',(18.947611816211,24.796449067344,0.));
#8521 = CARTESIAN_POINT('',(18.945631324987,24.7970948797,0.));
#8522 = CARTESIAN_POINT('',(18.944338502156,24.797516452362,0.));
#8523 = CARTESIAN_POINT('',(18.944330232818,24.79751914346,0.));
#8524 = CARTESIAN_POINT('',(18.94424716768,24.797546256088,0.));
#8525 = CARTESIAN_POINT('',(18.944227576623,24.797552586086,0.));
#8526 = CARTESIAN_POINT('',(18.943990452292,24.797629987062,0.));
#8527 = CARTESIAN_POINT('',(18.943990276049,24.797629978389,0.));
#8528 = CARTESIAN_POINT('',(18.943990333145,24.797629994572,0.));
#8529 = CARTESIAN_POINT('',(18.943990326481,24.797629987908,0.));
#8530 = ORIENTED_EDGE('',*,*,#8531,.F.);
#8531 = EDGE_CURVE('',#8532,#8511,#8534,.T.);
#8532 = VERTEX_POINT('',#8533);
#8533 = CARTESIAN_POINT('',(18.848802902056,24.797629987908,0.));
#8534 = LINE('',#8535,#8536);
#8535 = CARTESIAN_POINT('',(9.471995163241,24.797629987908,0.));
#8536 = VECTOR('',#8537,1.);
#8537 = DIRECTION('',(1.,0.,0.));
#8538 = ORIENTED_EDGE('',*,*,#8539,.F.);
#8539 = EDGE_CURVE('',#8540,#8532,#8542,.T.);
#8540 = VERTEX_POINT('',#8541);
#8541 = CARTESIAN_POINT('',(18.635211608222,24.750423216445,0.));
#8542 = B_SPLINE_CURVE_WITH_KNOTS('',5,(#8543,#8544,#8545,#8546,#8547,
    #8548),.UNSPECIFIED.,.F.,.F.,(6,6),(0.,1.),
  .PIECEWISE_BEZIER_KNOTS.);
#8543 = CARTESIAN_POINT('',(18.635211608222,24.750423216445,0.));
#8544 = CARTESIAN_POINT('',(18.663979919099,24.769497857352,0.));
#8545 = CARTESIAN_POINT('',(18.699933872093,24.783702610336,0.));
#8546 = CARTESIAN_POINT('',(18.742922692935,24.793044187221,0.));
#8547 = CARTESIAN_POINT('',(18.79266487507,24.797629987908,0.));
#8548 = CARTESIAN_POINT('',(18.848802902056,24.797629987908,0.));
#8549 = ORIENTED_EDGE('',*,*,#8550,.F.);
#8550 = EDGE_CURVE('',#8551,#8540,#8553,.T.);
#8551 = VERTEX_POINT('',#8552);
#8552 = CARTESIAN_POINT('',(18.516033857316,24.702442563482,0.));
#8553 = B_SPLINE_CURVE_WITH_KNOTS('',4,(#8554,#8555,#8556,#8557,#8558,
    #8559,#8560,#8561),.UNSPECIFIED.,.F.,.F.,(5,3,5),(0.,0.610101737485,
    1.),.UNSPECIFIED.);
#8554 = CARTESIAN_POINT('',(18.516033857316,24.702442563482,0.));
#8555 = CARTESIAN_POINT('',(18.537953766789,24.702442563482,0.));
#8556 = CARTESIAN_POINT('',(18.558373367766,24.705409683212,0.));
#8557 = CARTESIAN_POINT('',(18.577267510576,24.711362975518,0.));
#8558 = CARTESIAN_POINT('',(18.605715519826,24.726005105483,0.));
#8559 = CARTESIAN_POINT('',(18.616179238563,24.732931069647,0.));
#8560 = CARTESIAN_POINT('',(18.626011608074,24.741072396622,0.));
#8561 = CARTESIAN_POINT('',(18.635211608222,24.750423216445,0.));
#8562 = ORIENTED_EDGE('',*,*,#8563,.F.);
#8563 = EDGE_CURVE('',#8564,#8551,#8566,.T.);
#8564 = VERTEX_POINT('',#8565);
#8565 = CARTESIAN_POINT('',(17.446529625151,24.750423216445,0.));
#8566 = LINE('',#8567,#8568);
#8567 = CARTESIAN_POINT('',(9.113248002319,25.124275213996,
    -2.22044604925E-16));
#8568 = VECTOR('',#8569,1.);
#8569 = DIRECTION('',(0.99899519372,-4.481743994983E-02,0.));
#8570 = ORIENTED_EDGE('',*,*,#8571,.F.);
#8571 = EDGE_CURVE('',#8572,#8564,#8574,.T.);
#8572 = VERTEX_POINT('',#8573);
#8573 = CARTESIAN_POINT('',(16.709794437727,24.750423216445,0.));
#8574 = LINE('',#8575,#8576);
#8575 = CARTESIAN_POINT('',(8.723264812576,24.750423216445,0.));
#8576 = VECTOR('',#8577,1.);
#8577 = DIRECTION('',(1.,0.,0.));
#8578 = ORIENTED_EDGE('',*,*,#8579,.F.);
#8579 = EDGE_CURVE('',#8580,#8572,#8582,.T.);
#8580 = VERTEX_POINT('',#8581);
#8581 = CARTESIAN_POINT('',(16.471438935913,24.797629987908,0.));
#8582 = B_SPLINE_CURVE_WITH_KNOTS('',5,(#8583,#8584,#8585,#8586,#8587,
    #8588),.UNSPECIFIED.,.F.,.F.,(6,6),(0.,1.),
  .PIECEWISE_BEZIER_KNOTS.);
#8583 = CARTESIAN_POINT('',(16.471438935913,24.797629987908,0.));
#8584 = CARTESIAN_POINT('',(16.528135164223,24.797629987908,0.));
#8585 = CARTESIAN_POINT('',(16.580485515892,24.793002977584,0.));
#8586 = CARTESIAN_POINT('',(16.628304305179,24.783632436097,0.));
#8587 = CARTESIAN_POINT('',(16.671440623722,24.769444213634,0.));
#8588 = CARTESIAN_POINT('',(16.709794437727,24.750423216445,0.));
#8589 = ORIENTED_EDGE('',*,*,#8590,.F.);
#8590 = EDGE_CURVE('',#8591,#8580,#8593,.T.);
#8591 = VERTEX_POINT('',#8592);
#8592 = CARTESIAN_POINT('',(13.975671100363,24.797629987908,0.));
#8593 = LINE('',#8594,#8595);
#8594 = CARTESIAN_POINT('',(8.235719467956,24.797629987908,0.));
#8595 = VECTOR('',#8596,1.);
#8596 = DIRECTION('',(1.,0.,0.));
#8597 = ORIENTED_EDGE('',*,*,#8598,.F.);
#8598 = EDGE_CURVE('',#8599,#8591,#8601,.T.);
#8599 = VERTEX_POINT('',#8600);
#8600 = CARTESIAN_POINT('',(12.905392986699,24.821620314389,0.));
#8601 = B_SPLINE_CURVE_WITH_KNOTS('',8,(#8602,#8603,#8604,#8605,#8606,
    #8607,#8608,#8609,#8610,#8611,#8612,#8613,#8614,#8615,#8616,#8617),
  .UNSPECIFIED.,.F.,.F.,(9,7,9),(0.,0.752829067991,1.),.UNSPECIFIED.);
#8602 = CARTESIAN_POINT('',(12.905392986699,24.821620314389,0.));
#8603 = CARTESIAN_POINT('',(13.024065036883,24.821620314389,0.));
#8604 = CARTESIAN_POINT('',(13.140650886171,24.821325090588,0.));
#8605 = CARTESIAN_POINT('',(13.255063493523,24.820694383987,0.));
#8606 = CARTESIAN_POINT('',(13.366908085008,24.819673205444,0.));
#8607 = CARTESIAN_POINT('',(13.475492902869,24.818192761993,0.));
#8608 = CARTESIAN_POINT('',(13.579732478602,24.816159060413,0.));
#8609 = CARTESIAN_POINT('',(13.678184069015,24.813456953964,0.));
#8610 = CARTESIAN_POINT('',(13.798330614559,24.808730333759,0.));
#8611 = CARTESIAN_POINT('',(13.827143642338,24.807470553929,0.));
#8612 = CARTESIAN_POINT('',(13.854990378542,24.806113172125,0.));
#8613 = CARTESIAN_POINT('',(13.881769923055,24.804651674033,0.));
#8614 = CARTESIAN_POINT('',(13.907365095694,24.80307931615,0.));
#8615 = CARTESIAN_POINT('',(13.931644470531,24.80138930564,0.));
#8616 = CARTESIAN_POINT('',(13.954464410228,24.799574980199,0.));
#8617 = CARTESIAN_POINT('',(13.975671100363,24.797629987908,0.));
#8618 = ORIENTED_EDGE('',*,*,#8619,.F.);
#8619 = EDGE_CURVE('',#8620,#8599,#8622,.T.);
#8620 = VERTEX_POINT('',#8621);
#8621 = CARTESIAN_POINT('',(12.287835550181,24.821620314389,0.));
#8622 = LINE('',#8623,#8624);
#8623 = CARTESIAN_POINT('',(6.452696493349,24.821620314389,0.));
#8624 = VECTOR('',#8625,1.);
#8625 = DIRECTION('',(1.,0.,0.));
#8626 = ORIENTED_EDGE('',*,*,#8627,.F.);
#8627 = EDGE_CURVE('',#8628,#8620,#8630,.T.);
#8628 = VERTEX_POINT('',#8629);
#8629 = CARTESIAN_POINT('',(11.740701330109,24.845610640871,0.));
#8630 = B_SPLINE_CURVE_WITH_KNOTS('',6,(#8631,#8632,#8633,#8634,#8635,
    #8636,#8637),.UNSPECIFIED.,.F.,.F.,(7,7),(0.,1.),
  .PIECEWISE_BEZIER_KNOTS.);
#8631 = CARTESIAN_POINT('',(11.740701330109,24.845610640871,0.));
#8632 = CARTESIAN_POINT('',(11.851384126981,24.845610640871,0.));
#8633 = CARTESIAN_POINT('',(11.955691027312,24.84422520941,0.));
#8634 = CARTESIAN_POINT('',(12.052710060512,24.841302343491,0.));
#8635 = CARTESIAN_POINT('',(12.141289159738,24.836671918367,0.));
#8636 = CARTESIAN_POINT('',(12.220092627376,24.830157024174,0.));
#8637 = CARTESIAN_POINT('',(12.287835550181,24.821620314389,0.));
#8638 = ORIENTED_EDGE('',*,*,#8639,.F.);
#8639 = EDGE_CURVE('',#7548,#8628,#8640,.T.);
#8640 = LINE('',#8641,#8642);
#8641 = CARTESIAN_POINT('',(5.870350665054,24.845610640871,0.));
#8642 = VECTOR('',#8643,1.);
#8643 = DIRECTION('',(1.,0.,0.));
#8644 = PLANE('',#8645);
#8645 = AXIS2_PLACEMENT_3D('',#8646,#8647,#8648);
#8646 = CARTESIAN_POINT('',(0.,32.,0.));
#8647 = DIRECTION('',(0.,0.,-1.));
#8648 = DIRECTION('',(1.,0.,0.));
#8649 = ADVANCED_FACE('',(#8650),#8661,.F.);
#8650 = FACE_BOUND('',#8651,.F.);
#8651 = EDGE_LOOP('',(#8652,#8653,#8659,#8660));
#8652 = ORIENTED_EDGE('',*,*,#993,.T.);
#8653 = ORIENTED_EDGE('',*,*,#8654,.T.);
#8654 = EDGE_CURVE('',#981,#5309,#8655,.T.);
#8655 = LINE('',#8656,#8657);
#8656 = CARTESIAN_POINT('',(44.185683192261,25.035211608222,1.3));
#8657 = VECTOR('',#8658,1.);
#8658 = DIRECTION('',(0.,0.,-1.));
#8659 = ORIENTED_EDGE('',*,*,#5321,.F.);
#8660 = ORIENTED_EDGE('',*,*,#4326,.F.);
#8661 = SURFACE_OF_LINEAR_EXTRUSION('',#8662,#8666);
#8662 = B_SPLINE_CURVE_WITH_KNOTS('',2,(#8663,#8664,#8665),
  .UNSPECIFIED.,.F.,.F.,(3,3),(0.,1.),.PIECEWISE_BEZIER_KNOTS.);
#8663 = CARTESIAN_POINT('',(44.185683192261,25.035211608222,1.3));
#8664 = CARTESIAN_POINT('',(43.972091898428,25.154389359129,1.3));
#8665 = CARTESIAN_POINT('',(43.924111245466,25.083192261185,1.3));
#8666 = VECTOR('',#8667,1.);
#8667 = DIRECTION('',(-0.,0.,1.));
#8668 = ADVANCED_FACE('',(#8669),#8680,.F.);
#8669 = FACE_BOUND('',#8670,.F.);
#8670 = EDGE_LOOP('',(#8671,#8672,#8678,#8679));
#8671 = ORIENTED_EDGE('',*,*,#980,.T.);
#8672 = ORIENTED_EDGE('',*,*,#8673,.T.);
#8673 = EDGE_CURVE('',#968,#5296,#8674,.T.);
#8674 = LINE('',#8675,#8676);
#8675 = CARTESIAN_POINT('',(45.493542926239,24.464860943168,1.3));
#8676 = VECTOR('',#8677,1.);
#8677 = DIRECTION('',(0.,0.,-1.));
#8678 = ORIENTED_EDGE('',*,*,#5308,.F.);
#8679 = ORIENTED_EDGE('',*,*,#8654,.F.);
#8680 = SURFACE_OF_LINEAR_EXTRUSION('',#8681,#8685);
#8681 = B_SPLINE_CURVE_WITH_KNOTS('',2,(#8682,#8683,#8684),
  .UNSPECIFIED.,.F.,.F.,(3,3),(0.,1.),.PIECEWISE_BEZIER_KNOTS.);
#8682 = CARTESIAN_POINT('',(45.493542926239,24.464860943168,1.3));
#8683 = CARTESIAN_POINT('',(44.732817412334,24.868827085852,1.3));
#8684 = CARTESIAN_POINT('',(44.185683192261,25.035211608222,1.3));
#8685 = VECTOR('',#8686,1.);
#8686 = DIRECTION('',(-0.,0.,1.));
#8687 = ADVANCED_FACE('',(#8688),#8699,.F.);
#8688 = FACE_BOUND('',#8689,.F.);
#8689 = EDGE_LOOP('',(#8690,#8691,#8697,#8698));
#8690 = ORIENTED_EDGE('',*,*,#967,.T.);
#8691 = ORIENTED_EDGE('',*,*,#8692,.T.);
#8692 = EDGE_CURVE('',#957,#5285,#8693,.T.);
#8693 = LINE('',#8694,#8695);
#8694 = CARTESIAN_POINT('',(46.801402660218,23.680145102781,1.3));
#8695 = VECTOR('',#8696,1.);
#8696 = DIRECTION('',(0.,0.,-1.));
#8697 = ORIENTED_EDGE('',*,*,#5295,.F.);
#8698 = ORIENTED_EDGE('',*,*,#8673,.F.);
#8699 = SURFACE_OF_LINEAR_EXTRUSION('',#8700,#8704);
#8700 = B_SPLINE_CURVE_WITH_KNOTS('',2,(#8701,#8702,#8703),
  .UNSPECIFIED.,.F.,.F.,(3,3),(0.,1.),.PIECEWISE_BEZIER_KNOTS.);
#8701 = CARTESIAN_POINT('',(46.801402660218,23.680145102781,1.3));
#8702 = CARTESIAN_POINT('',(46.325465538089,24.060894800484,1.3));
#8703 = CARTESIAN_POINT('',(45.493542926239,24.464860943168,1.3));
#8704 = VECTOR('',#8705,1.);
#8705 = DIRECTION('',(-0.,0.,1.));
#8706 = ADVANCED_FACE('',(#8707),#8718,.F.);
#8707 = FACE_BOUND('',#8708,.F.);
#8708 = EDGE_LOOP('',(#8709,#8710,#8716,#8717));
#8709 = ORIENTED_EDGE('',*,*,#956,.T.);
#8710 = ORIENTED_EDGE('',*,*,#8711,.T.);
#8711 = EDGE_CURVE('',#936,#5264,#8712,.T.);
#8712 = LINE('',#8713,#8714);
#8713 = CARTESIAN_POINT('',(47.086191051995,23.442563482467,1.3));
#8714 = VECTOR('',#8715,1.);
#8715 = DIRECTION('',(0.,0.,-1.));
#8716 = ORIENTED_EDGE('',*,*,#5284,.F.);
#8717 = ORIENTED_EDGE('',*,*,#8692,.F.);
#8718 = SURFACE_OF_LINEAR_EXTRUSION('',#8719,#8723);
#8719 = B_SPLINE_CURVE_WITH_KNOTS('',2,(#8720,#8721,#8722),
  .UNSPECIFIED.,.F.,.F.,(3,3),(0.,1.),.PIECEWISE_BEZIER_KNOTS.);
#8720 = CARTESIAN_POINT('',(47.086191051995,23.442563482467,1.3));
#8721 = CARTESIAN_POINT('',(46.967787182588,23.561741233374,1.3));
#8722 = CARTESIAN_POINT('',(46.801402660218,23.680145102781,1.3));
#8723 = VECTOR('',#8724,1.);
#8724 = DIRECTION('',(-0.,0.,1.));
#8725 = ADVANCED_FACE('',(#8726),#8737,.F.);
#8726 = FACE_BOUND('',#8727,.F.);
#8727 = EDGE_LOOP('',(#8728,#8729,#8735,#8736));
#8728 = ORIENTED_EDGE('',*,*,#935,.T.);
#8729 = ORIENTED_EDGE('',*,*,#8730,.T.);
#8730 = EDGE_CURVE('',#925,#5253,#8731,.T.);
#8731 = LINE('',#8732,#8733);
#8732 = CARTESIAN_POINT('',(48.203675937122,22.610640870617,1.3));
#8733 = VECTOR('',#8734,1.);
#8734 = DIRECTION('',(0.,0.,-1.));
#8735 = ORIENTED_EDGE('',*,*,#5263,.F.);
#8736 = ORIENTED_EDGE('',*,*,#8711,.F.);
#8737 = SURFACE_OF_LINEAR_EXTRUSION('',#8738,#8742);
#8738 = B_SPLINE_CURVE_WITH_KNOTS('',2,(#8739,#8740,#8741),
  .UNSPECIFIED.,.F.,.F.,(3,3),(0.,1.),.PIECEWISE_BEZIER_KNOTS.);
#8739 = CARTESIAN_POINT('',(48.203675937122,22.610640870617,1.3));
#8740 = CARTESIAN_POINT('',(48.013301088271,22.896203143894,1.3));
#8741 = CARTESIAN_POINT('',(47.086191051995,23.442563482467,1.3));
#8742 = VECTOR('',#8743,1.);
#8743 = DIRECTION('',(-0.,0.,1.));
#8744 = ADVANCED_FACE('',(#8745),#8756,.F.);
#8745 = FACE_BOUND('',#8746,.F.);
#8746 = EDGE_LOOP('',(#8747,#8748,#8754,#8755));
#8747 = ORIENTED_EDGE('',*,*,#924,.T.);
#8748 = ORIENTED_EDGE('',*,*,#8749,.T.);
#8749 = EDGE_CURVE('',#914,#5242,#8750,.T.);
#8750 = LINE('',#8751,#8752);
#8751 = CARTESIAN_POINT('',(48.239274486094,22.456638452237,1.3));
#8752 = VECTOR('',#8753,1.);
#8753 = DIRECTION('',(0.,0.,-1.));
#8754 = ORIENTED_EDGE('',*,*,#5252,.F.);
#8755 = ORIENTED_EDGE('',*,*,#8730,.F.);
#8756 = SURFACE_OF_LINEAR_EXTRUSION('',#8757,#8761);
#8757 = B_SPLINE_CURVE_WITH_KNOTS('',2,(#8758,#8759,#8760),
  .UNSPECIFIED.,.F.,.F.,(3,3),(0.,1.),.PIECEWISE_BEZIER_KNOTS.);
#8758 = CARTESIAN_POINT('',(48.239274486094,22.456638452237,1.3));
#8759 = CARTESIAN_POINT('',(48.250882708585,22.515453446191,1.3));
#8760 = CARTESIAN_POINT('',(48.203675937122,22.610640870617,1.3));
#8761 = VECTOR('',#8762,1.);
#8762 = DIRECTION('',(-0.,0.,1.));
#8763 = ADVANCED_FACE('',(#8764),#8775,.F.);
#8764 = FACE_BOUND('',#8765,.F.);
#8765 = EDGE_LOOP('',(#8766,#8767,#8773,#8774));
#8766 = ORIENTED_EDGE('',*,*,#913,.T.);
#8767 = ORIENTED_EDGE('',*,*,#8768,.T.);
#8768 = EDGE_CURVE('',#901,#5229,#8769,.T.);
#8769 = LINE('',#8770,#8771);
#8770 = CARTESIAN_POINT('',(48.108488512696,22.349068923821,1.3));
#8771 = VECTOR('',#8772,1.);
#8772 = DIRECTION('',(0.,0.,-1.));
#8773 = ORIENTED_EDGE('',*,*,#5241,.F.);
#8774 = ORIENTED_EDGE('',*,*,#8749,.F.);
#8775 = SURFACE_OF_LINEAR_EXTRUSION('',#8776,#8780);
#8776 = B_SPLINE_CURVE_WITH_KNOTS('',2,(#8777,#8778,#8779),
  .UNSPECIFIED.,.F.,.F.,(3,3),(0.,1.),.PIECEWISE_BEZIER_KNOTS.);
#8777 = CARTESIAN_POINT('',(48.108488512696,22.349068923821,1.3));
#8778 = CARTESIAN_POINT('',(48.227666263603,22.397049576784,1.3));
#8779 = CARTESIAN_POINT('',(48.239274486094,22.456638452237,1.3));
#8780 = VECTOR('',#8781,1.);
#8781 = DIRECTION('',(-0.,0.,1.));
#8782 = ADVANCED_FACE('',(#8783),#8794,.F.);
#8783 = FACE_BOUND('',#8784,.F.);
#8784 = EDGE_LOOP('',(#8785,#8786,#8792,#8793));
#8785 = ORIENTED_EDGE('',*,*,#900,.T.);
#8786 = ORIENTED_EDGE('',*,*,#8787,.T.);
#8787 = EDGE_CURVE('',#889,#5217,#8788,.T.);
#8788 = LINE('',#8789,#8790);
#8789 = CARTESIAN_POINT('',(47.918113663845,21.945102781137,1.3));
#8790 = VECTOR('',#8791,1.);
#8791 = DIRECTION('',(0.,0.,-1.));
#8792 = ORIENTED_EDGE('',*,*,#5228,.F.);
#8793 = ORIENTED_EDGE('',*,*,#8768,.F.);
#8794 = SURFACE_OF_LINEAR_EXTRUSION('',#8795,#8799);
#8795 = B_SPLINE_CURVE_WITH_KNOTS('',2,(#8796,#8797,#8798),
  .UNSPECIFIED.,.F.,.F.,(3,3),(0.,1.),.PIECEWISE_BEZIER_KNOTS.);
#8796 = CARTESIAN_POINT('',(47.918113663845,21.945102781137,1.3));
#8797 = CARTESIAN_POINT('',(47.942103990326,22.040290205562,1.3));
#8798 = CARTESIAN_POINT('',(48.108488512696,22.349068923821,1.3));
#8799 = VECTOR('',#8800,1.);
#8800 = DIRECTION('',(-0.,0.,1.));
#8801 = ADVANCED_FACE('',(#8802),#8813,.F.);
#8802 = FACE_BOUND('',#8803,.F.);
#8803 = EDGE_LOOP('',(#8804,#8805,#8811,#8812));
#8804 = ORIENTED_EDGE('',*,*,#888,.T.);
#8805 = ORIENTED_EDGE('',*,*,#8806,.T.);
#8806 = EDGE_CURVE('',#878,#5206,#8807,.T.);
#8807 = LINE('',#8808,#8809);
#8808 = CARTESIAN_POINT('',(46.872599758162,20.590036275695,1.3));
#8809 = VECTOR('',#8810,1.);
#8810 = DIRECTION('',(0.,0.,-1.));
#8811 = ORIENTED_EDGE('',*,*,#5216,.F.);
#8812 = ORIENTED_EDGE('',*,*,#8787,.F.);
#8813 = SURFACE_OF_LINEAR_EXTRUSION('',#8814,#8818);
#8814 = B_SPLINE_CURVE_WITH_KNOTS('',2,(#8815,#8816,#8817),
  .UNSPECIFIED.,.F.,.F.,(3,3),(0.,1.),.PIECEWISE_BEZIER_KNOTS.);
#8815 = CARTESIAN_POINT('',(46.872599758162,20.590036275695,1.3));
#8816 = CARTESIAN_POINT('',(47.32377267231,21.208367593712,1.3));
#8817 = CARTESIAN_POINT('',(47.918113663845,21.945102781137,1.3));
#8818 = VECTOR('',#8819,1.);
#8819 = DIRECTION('',(-0.,0.,1.));
#8820 = ADVANCED_FACE('',(#8821),#8832,.F.);
#8821 = FACE_BOUND('',#8822,.F.);
#8822 = EDGE_LOOP('',(#8823,#8824,#8830,#8831));
#8823 = ORIENTED_EDGE('',*,*,#877,.T.);
#8824 = ORIENTED_EDGE('',*,*,#8825,.T.);
#8825 = EDGE_CURVE('',#868,#5196,#8826,.T.);
#8826 = LINE('',#8827,#8828);
#8827 = CARTESIAN_POINT('',(46.551438935913,20.186070133011,1.3));
#8828 = VECTOR('',#8829,1.);
#8829 = DIRECTION('',(0.,0.,-1.));
#8830 = ORIENTED_EDGE('',*,*,#5205,.F.);
#8831 = ORIENTED_EDGE('',*,*,#8806,.F.);
#8832 = SURFACE_OF_LINEAR_EXTRUSION('',#8833,#8837);
#8833 = B_SPLINE_CURVE_WITH_KNOTS('',2,(#8834,#8835,#8836),
  .UNSPECIFIED.,.F.,.F.,(3,3),(0.,1.),.PIECEWISE_BEZIER_KNOTS.);
#8834 = CARTESIAN_POINT('',(46.551438935913,20.186070133011,1.3));
#8835 = CARTESIAN_POINT('',(46.682224909311,20.375671100363,1.3));
#8836 = CARTESIAN_POINT('',(46.872599758162,20.590036275695,1.3));
#8837 = VECTOR('',#8838,1.);
#8838 = DIRECTION('',(-0.,0.,1.));
#8839 = ADVANCED_FACE('',(#8840),#8851,.F.);
#8840 = FACE_BOUND('',#8841,.F.);
#8841 = EDGE_LOOP('',(#8842,#8843,#8849,#8850));
#8842 = ORIENTED_EDGE('',*,*,#867,.T.);
#8843 = ORIENTED_EDGE('',*,*,#8844,.T.);
#8844 = EDGE_CURVE('',#840,#5168,#8845,.T.);
#8845 = LINE('',#8846,#8847);
#8846 = CARTESIAN_POINT('',(46.278258766626,19.82931076179,1.3));
#8847 = VECTOR('',#8848,1.);
#8848 = DIRECTION('',(0.,0.,-1.));
#8849 = ORIENTED_EDGE('',*,*,#5195,.F.);
#8850 = ORIENTED_EDGE('',*,*,#8825,.F.);
#8851 = SURFACE_OF_LINEAR_EXTRUSION('',#8852,#8856);
#8852 = B_SPLINE_CURVE_WITH_KNOTS('',2,(#8853,#8854,#8855),
  .UNSPECIFIED.,.F.,.F.,(3,3),(0.,1.),.PIECEWISE_BEZIER_KNOTS.);
#8853 = CARTESIAN_POINT('',(46.278258766626,19.82931076179,1.3));
#8854 = CARTESIAN_POINT('',(46.420652962515,19.99569528416,1.3));
#8855 = CARTESIAN_POINT('',(46.551438935913,20.186070133011,1.3));
#8856 = VECTOR('',#8857,1.);
#8857 = DIRECTION('',(-0.,0.,1.));
#8858 = ADVANCED_FACE('',(#8859),#8870,.F.);
#8859 = FACE_BOUND('',#8860,.F.);
#8860 = EDGE_LOOP('',(#8861,#8862,#8868,#8869));
#8861 = ORIENTED_EDGE('',*,*,#839,.T.);
#8862 = ORIENTED_EDGE('',*,*,#8863,.T.);
#8863 = EDGE_CURVE('',#825,#5153,#8864,.T.);
#8864 = LINE('',#8865,#8866);
#8865 = CARTESIAN_POINT('',(45.445562273277,18.403047158404,1.3));
#8866 = VECTOR('',#8867,1.);
#8867 = DIRECTION('',(0.,0.,-1.));
#8868 = ORIENTED_EDGE('',*,*,#5167,.F.);
#8869 = ORIENTED_EDGE('',*,*,#8844,.F.);
#8870 = SURFACE_OF_LINEAR_EXTRUSION('',#8871,#8875);
#8871 = B_SPLINE_CURVE_WITH_KNOTS('',2,(#8872,#8873,#8874),
  .UNSPECIFIED.,.F.,.F.,(3,3),(0.,1.),.PIECEWISE_BEZIER_KNOTS.);
#8872 = CARTESIAN_POINT('',(45.445562273277,18.403047158404,1.3));
#8873 = CARTESIAN_POINT('',(45.588730350665,18.759032648126,1.3));
#8874 = CARTESIAN_POINT('',(46.278258766626,19.82931076179,1.3));
#8875 = VECTOR('',#8876,1.);
#8876 = DIRECTION('',(-0.,0.,1.));
#8877 = ADVANCED_FACE('',(#8878),#8889,.F.);
#8878 = FACE_BOUND('',#8879,.F.);
#8879 = EDGE_LOOP('',(#8880,#8881,#8887,#8888));
#8880 = ORIENTED_EDGE('',*,*,#824,.T.);
#8881 = ORIENTED_EDGE('',*,*,#8882,.T.);
#8882 = EDGE_CURVE('',#806,#5134,#8883,.T.);
#8883 = LINE('',#8884,#8885);
#8884 = CARTESIAN_POINT('',(46.611027811366,17.570350665054,1.3));
#8885 = VECTOR('',#8886,1.);
#8886 = DIRECTION('',(0.,0.,-1.));
#8887 = ORIENTED_EDGE('',*,*,#5152,.F.);
#8888 = ORIENTED_EDGE('',*,*,#8863,.F.);
#8889 = SURFACE_OF_LINEAR_EXTRUSION('',#8890,#8894);
#8890 = B_SPLINE_CURVE_WITH_KNOTS('',2,(#8891,#8892,#8893),
  .UNSPECIFIED.,.F.,.F.,(3,3),(0.,1.),.PIECEWISE_BEZIER_KNOTS.);
#8891 = CARTESIAN_POINT('',(46.611027811366,17.570350665054,1.3));
#8892 = CARTESIAN_POINT('',(46.111874244256,18.070278113664,1.3));
#8893 = CARTESIAN_POINT('',(45.445562273277,18.403047158404,1.3));
#8894 = VECTOR('',#8895,1.);
#8895 = DIRECTION('',(-0.,0.,1.));
#8896 = ADVANCED_FACE('',(#8897),#8910,.F.);
#8897 = FACE_BOUND('',#8898,.F.);
#8898 = EDGE_LOOP('',(#8899,#8900,#8908,#8909));
#8899 = ORIENTED_EDGE('',*,*,#805,.T.);
#8900 = ORIENTED_EDGE('',*,*,#8901,.F.);
#8901 = EDGE_CURVE('',#5126,#798,#8902,.T.);
#8902 = B_SPLINE_CURVE_WITH_KNOTS('',4,(#8903,#8904,#8905,#8906,#8907),
  .UNSPECIFIED.,.F.,.F.,(5,5),(0.,1.),.PIECEWISE_BEZIER_KNOTS.);
#8903 = CARTESIAN_POINT('',(47.352095217713,15.753042627218,-1.E-01));
#8904 = CARTESIAN_POINT('',(47.352095217713,15.753042627218,
    0.249999999965));
#8905 = CARTESIAN_POINT('',(47.352095217713,15.753042627218,0.6));
#8906 = CARTESIAN_POINT('',(47.352095217713,15.753042627218,
    0.950000000035));
#8907 = CARTESIAN_POINT('',(47.352095217713,15.753042627218,1.3));
#8908 = ORIENTED_EDGE('',*,*,#5133,.F.);
#8909 = ORIENTED_EDGE('',*,*,#8882,.F.);
#8910 = SURFACE_OF_LINEAR_EXTRUSION('',#8911,#8915);
#8911 = B_SPLINE_CURVE_WITH_KNOTS('',2,(#8912,#8913,#8914),
  .UNSPECIFIED.,.F.,.F.,(3,3),(0.,1.),.PIECEWISE_BEZIER_KNOTS.);
#8912 = CARTESIAN_POINT('',(47.371753325272,15.3361547763,1.3));
#8913 = CARTESIAN_POINT('',(47.371753325272,16.66723095526,1.3));
#8914 = CARTESIAN_POINT('',(46.611027811366,17.570350665054,1.3));
#8915 = VECTOR('',#8916,1.);
#8916 = DIRECTION('',(-0.,0.,1.));
#8917 = ADVANCED_FACE('',(#8918),#8931,.F.);
#8918 = FACE_BOUND('',#8919,.F.);
#8919 = EDGE_LOOP('',(#8920,#8921,#8922,#8923));
#8920 = ORIENTED_EDGE('',*,*,#5125,.F.);
#8921 = ORIENTED_EDGE('',*,*,#8901,.T.);
#8922 = ORIENTED_EDGE('',*,*,#797,.T.);
#8923 = ORIENTED_EDGE('',*,*,#8924,.F.);
#8924 = EDGE_CURVE('',#5116,#788,#8925,.T.);
#8925 = B_SPLINE_CURVE_WITH_KNOTS('',4,(#8926,#8927,#8928,#8929,#8930),
  .UNSPECIFIED.,.F.,.F.,(5,5),(0.,1.),.PIECEWISE_BEZIER_KNOTS.);
#8926 = CARTESIAN_POINT('',(41.824832409561,15.753042627218,-1.E-01));
#8927 = CARTESIAN_POINT('',(41.824832409561,15.753042627218,
    0.249999999965));
#8928 = CARTESIAN_POINT('',(41.824832409561,15.753042627218,0.6));
#8929 = CARTESIAN_POINT('',(41.824832409561,15.753042627218,
    0.950000000035));
#8930 = CARTESIAN_POINT('',(41.824832409561,15.753042627218,1.3));
#8931 = PLANE('',#8932);
#8932 = AXIS2_PLACEMENT_3D('',#8933,#8934,#8935);
#8933 = CARTESIAN_POINT('',(40.691105611324,15.753042627218,1.3));
#8934 = DIRECTION('',(0.,-1.,0.));
#8935 = DIRECTION('',(0.,0.,-1.));
#8936 = ADVANCED_FACE('',(#8937),#8948,.F.);
#8937 = FACE_BOUND('',#8938,.F.);
#8938 = EDGE_LOOP('',(#8939,#8940,#8946,#8947));
#8939 = ORIENTED_EDGE('',*,*,#787,.T.);
#8940 = ORIENTED_EDGE('',*,*,#8941,.T.);
#8941 = EDGE_CURVE('',#777,#5105,#8942,.T.);
#8942 = LINE('',#8943,#8944);
#8943 = CARTESIAN_POINT('',(41.761112454655,15.83530834341,1.3));
#8944 = VECTOR('',#8945,1.);
#8945 = DIRECTION('',(0.,0.,-1.));
#8946 = ORIENTED_EDGE('',*,*,#5115,.F.);
#8947 = ORIENTED_EDGE('',*,*,#8924,.T.);
#8948 = SURFACE_OF_LINEAR_EXTRUSION('',#8949,#8953);
#8949 = B_SPLINE_CURVE_WITH_KNOTS('',2,(#8950,#8951,#8952),
  .UNSPECIFIED.,.F.,.F.,(3,3),(0.,1.),.PIECEWISE_BEZIER_KNOTS.);
#8950 = CARTESIAN_POINT('',(41.761112454655,15.83530834341,1.3));
#8951 = CARTESIAN_POINT('',(42.022684401451,15.525755743652,1.3));
#8952 = CARTESIAN_POINT('',(42.022684401451,15.121789600967,1.3));
#8953 = VECTOR('',#8954,1.);
#8954 = DIRECTION('',(-0.,0.,1.));
#8955 = ADVANCED_FACE('',(#8956),#8967,.F.);
#8956 = FACE_BOUND('',#8957,.F.);
#8957 = EDGE_LOOP('',(#8958,#8959,#8965,#8966));
#8958 = ORIENTED_EDGE('',*,*,#776,.T.);
#8959 = ORIENTED_EDGE('',*,*,#8960,.T.);
#8960 = EDGE_CURVE('',#764,#5092,#8961,.T.);
#8961 = LINE('',#8962,#8963);
#8962 = CARTESIAN_POINT('',(41.142781136638,16.310471584039,1.3));
#8963 = VECTOR('',#8964,1.);
#8964 = DIRECTION('',(0.,0.,-1.));
#8965 = ORIENTED_EDGE('',*,*,#5104,.F.);
#8966 = ORIENTED_EDGE('',*,*,#8941,.F.);
#8967 = SURFACE_OF_LINEAR_EXTRUSION('',#8968,#8972);
#8968 = B_SPLINE_CURVE_WITH_KNOTS('',2,(#8969,#8970,#8971),
  .UNSPECIFIED.,.F.,.F.,(3,3),(0.,1.),.PIECEWISE_BEZIER_KNOTS.);
#8969 = CARTESIAN_POINT('',(41.142781136638,16.310471584039,1.3));
#8970 = CARTESIAN_POINT('',(41.49954050786,16.096880290206,1.3));
#8971 = CARTESIAN_POINT('',(41.761112454655,15.83530834341,1.3));
#8972 = VECTOR('',#8973,1.);
#8973 = DIRECTION('',(-0.,0.,1.));
#8974 = ADVANCED_FACE('',(#8975),#8986,.F.);
#8975 = FACE_BOUND('',#8976,.F.);
#8976 = EDGE_LOOP('',(#8977,#8978,#8984,#8985));
#8977 = ORIENTED_EDGE('',*,*,#763,.T.);
#8978 = ORIENTED_EDGE('',*,*,#8979,.T.);
#8979 = EDGE_CURVE('',#752,#5080,#8980,.T.);
#8980 = LINE('',#8981,#8982);
#8981 = CARTESIAN_POINT('',(40.430036275695,16.596033857316,1.3));
#8982 = VECTOR('',#8983,1.);
#8983 = DIRECTION('',(0.,0.,-1.));
#8984 = ORIENTED_EDGE('',*,*,#5091,.F.);
#8985 = ORIENTED_EDGE('',*,*,#8960,.F.);
#8986 = SURFACE_OF_LINEAR_EXTRUSION('',#8987,#8991);
#8987 = B_SPLINE_CURVE_WITH_KNOTS('',2,(#8988,#8989,#8990),
  .UNSPECIFIED.,.F.,.F.,(3,3),(0.,1.),.PIECEWISE_BEZIER_KNOTS.);
#8988 = CARTESIAN_POINT('',(40.430036275695,16.596033857316,1.3));
#8989 = CARTESIAN_POINT('',(40.929189842805,16.453639661427,1.3));
#8990 = CARTESIAN_POINT('',(41.142781136638,16.310471584039,1.3));
#8991 = VECTOR('',#8992,1.);
#8992 = DIRECTION('',(-0.,0.,1.));
#8993 = ADVANCED_FACE('',(#8994),#9005,.F.);
#8994 = FACE_BOUND('',#8995,.F.);
#8995 = EDGE_LOOP('',(#8996,#8997,#9003,#9004));
#8996 = ORIENTED_EDGE('',*,*,#751,.T.);
#8997 = ORIENTED_EDGE('',*,*,#8998,.T.);
#8998 = EDGE_CURVE('',#731,#5059,#8999,.T.);
#8999 = LINE('',#9000,#9001);
#9000 = CARTESIAN_POINT('',(39.597339782346,16.714437726723,1.3));
#9001 = VECTOR('',#9002,1.);
#9002 = DIRECTION('',(0.,0.,-1.));
#9003 = ORIENTED_EDGE('',*,*,#5079,.F.);
#9004 = ORIENTED_EDGE('',*,*,#8979,.F.);
#9005 = SURFACE_OF_LINEAR_EXTRUSION('',#9006,#9010);
#9006 = B_SPLINE_CURVE_WITH_KNOTS('',2,(#9007,#9008,#9009),
  .UNSPECIFIED.,.F.,.F.,(3,3),(0.,1.),.PIECEWISE_BEZIER_KNOTS.);
#9007 = CARTESIAN_POINT('',(39.597339782346,16.714437726723,1.3));
#9008 = CARTESIAN_POINT('',(39.906892382104,16.714437726723,1.3));
#9009 = CARTESIAN_POINT('',(40.430036275695,16.596033857316,1.3));
#9010 = VECTOR('',#9011,1.);
#9011 = DIRECTION('',(-0.,0.,1.));
#9012 = ADVANCED_FACE('',(#9013),#9024,.F.);
#9013 = FACE_BOUND('',#9014,.F.);
#9014 = EDGE_LOOP('',(#9015,#9016,#9022,#9023));
#9015 = ORIENTED_EDGE('',*,*,#730,.T.);
#9016 = ORIENTED_EDGE('',*,*,#9017,.T.);
#9017 = EDGE_CURVE('',#723,#5051,#9018,.T.);
#9018 = LINE('',#9019,#9020);
#9019 = CARTESIAN_POINT('',(39.645320435308,15.240967351874,1.3));
#9020 = VECTOR('',#9021,1.);
#9021 = DIRECTION('',(0.,0.,-1.));
#9022 = ORIENTED_EDGE('',*,*,#5058,.F.);
#9023 = ORIENTED_EDGE('',*,*,#8998,.F.);
#9024 = SURFACE_OF_LINEAR_EXTRUSION('',#9025,#9029);
#9025 = B_SPLINE_CURVE_WITH_KNOTS('',2,(#9026,#9027,#9028),
  .UNSPECIFIED.,.F.,.F.,(3,3),(0.,1.),.PIECEWISE_BEZIER_KNOTS.);
#9026 = CARTESIAN_POINT('',(39.645320435308,15.240967351874,1.3));
#9027 = CARTESIAN_POINT('',(39.597339782346,15.716130592503,1.3));
#9028 = CARTESIAN_POINT('',(39.597339782346,16.714437726723,1.3));
#9029 = VECTOR('',#9030,1.);
#9030 = DIRECTION('',(-0.,0.,1.));
#9031 = ADVANCED_FACE('',(#9032),#9043,.F.);
#9032 = FACE_BOUND('',#9033,.F.);
#9033 = EDGE_LOOP('',(#9034,#9035,#9041,#9042));
#9034 = ORIENTED_EDGE('',*,*,#722,.T.);
#9035 = ORIENTED_EDGE('',*,*,#9036,.T.);
#9036 = EDGE_CURVE('',#710,#5038,#9037,.T.);
#9037 = LINE('',#9038,#9039);
#9038 = CARTESIAN_POINT('',(39.66931076179,14.741813784764,1.3));
#9039 = VECTOR('',#9040,1.);
#9040 = DIRECTION('',(0.,0.,-1.));
#9041 = ORIENTED_EDGE('',*,*,#5050,.F.);
#9042 = ORIENTED_EDGE('',*,*,#9017,.F.);
#9043 = PLANE('',#9044);
#9044 = AXIS2_PLACEMENT_3D('',#9045,#9046,#9047);
#9045 = CARTESIAN_POINT('',(39.66931076179,14.741813784764,1.3));
#9046 = DIRECTION('',(0.998847018452,4.800660088686E-02,0.));
#9047 = DIRECTION('',(-4.800660088686E-02,0.998847018452,-0.));
#9048 = ADVANCED_FACE('',(#9049),#9060,.F.);
#9049 = FACE_BOUND('',#9050,.F.);
#9050 = EDGE_LOOP('',(#9051,#9052,#9058,#9059));
#9051 = ORIENTED_EDGE('',*,*,#709,.T.);
#9052 = ORIENTED_EDGE('',*,*,#9053,.T.);
#9053 = EDGE_CURVE('',#702,#5030,#9054,.T.);
#9054 = LINE('',#9055,#9056);
#9055 = CARTESIAN_POINT('',(39.716517533253,13.766723095526,1.3));
#9056 = VECTOR('',#9057,1.);
#9057 = DIRECTION('',(0.,0.,-1.));
#9058 = ORIENTED_EDGE('',*,*,#5037,.F.);
#9059 = ORIENTED_EDGE('',*,*,#9036,.F.);
#9060 = SURFACE_OF_LINEAR_EXTRUSION('',#9061,#9065);
#9061 = B_SPLINE_CURVE_WITH_KNOTS('',2,(#9062,#9063,#9064),
  .UNSPECIFIED.,.F.,.F.,(3,3),(0.,1.),.PIECEWISE_BEZIER_KNOTS.);
#9062 = CARTESIAN_POINT('',(39.716517533253,13.766723095526,1.3));
#9063 = CARTESIAN_POINT('',(39.716517533253,14.076275695284,1.3));
#9064 = CARTESIAN_POINT('',(39.66931076179,14.741813784764,1.3));
#9065 = VECTOR('',#9066,1.);
#9066 = DIRECTION('',(-0.,0.,1.));
#9067 = ADVANCED_FACE('',(#9068),#9079,.F.);
#9068 = FACE_BOUND('',#9069,.F.);
#9069 = EDGE_LOOP('',(#9070,#9071,#9077,#9078));
#9070 = ORIENTED_EDGE('',*,*,#701,.T.);
#9071 = ORIENTED_EDGE('',*,*,#9072,.T.);
#9072 = EDGE_CURVE('',#685,#5013,#9073,.T.);
#9073 = LINE('',#9074,#9075);
#9074 = CARTESIAN_POINT('',(40.738814993954,13.766723095526,1.3));
#9075 = VECTOR('',#9076,1.);
#9076 = DIRECTION('',(0.,0.,-1.));
#9077 = ORIENTED_EDGE('',*,*,#5029,.F.);
#9078 = ORIENTED_EDGE('',*,*,#9053,.F.);
#9079 = PLANE('',#9080);
#9080 = AXIS2_PLACEMENT_3D('',#9081,#9082,#9083);
#9081 = CARTESIAN_POINT('',(40.738814993954,13.766723095526,1.3));
#9082 = DIRECTION('',(0.,1.,0.));
#9083 = DIRECTION('',(-1.,0.,0.));
#9084 = ADVANCED_FACE('',(#9085),#9096,.F.);
#9085 = FACE_BOUND('',#9086,.F.);
#9086 = EDGE_LOOP('',(#9087,#9088,#9094,#9095));
#9087 = ORIENTED_EDGE('',*,*,#684,.T.);
#9088 = ORIENTED_EDGE('',*,*,#9089,.T.);
#9089 = EDGE_CURVE('',#670,#4998,#9090,.T.);
#9090 = LINE('',#9091,#9092);
#9091 = CARTESIAN_POINT('',(41.618718258767,14.052285368803,1.3));
#9092 = VECTOR('',#9093,1.);
#9093 = DIRECTION('',(0.,0.,-1.));
#9094 = ORIENTED_EDGE('',*,*,#5012,.F.);
#9095 = ORIENTED_EDGE('',*,*,#9072,.F.);
#9096 = SURFACE_OF_LINEAR_EXTRUSION('',#9097,#9101);
#9097 = B_SPLINE_CURVE_WITH_KNOTS('',2,(#9098,#9099,#9100),
  .UNSPECIFIED.,.F.,.F.,(3,3),(0.,1.),.PIECEWISE_BEZIER_KNOTS.);
#9098 = CARTESIAN_POINT('',(41.618718258767,14.052285368803,1.3));
#9099 = CARTESIAN_POINT('',(41.261958887545,13.766723095526,1.3));
#9100 = CARTESIAN_POINT('',(40.738814993954,13.766723095526,1.3));
#9101 = VECTOR('',#9102,1.);
#9102 = DIRECTION('',(-0.,0.,1.));
#9103 = ADVANCED_FACE('',(#9104),#9117,.F.);
#9104 = FACE_BOUND('',#9105,.F.);
#9105 = EDGE_LOOP('',(#9106,#9107,#9115,#9116));
#9106 = ORIENTED_EDGE('',*,*,#669,.T.);
#9107 = ORIENTED_EDGE('',*,*,#9108,.F.);
#9108 = EDGE_CURVE('',#4990,#662,#9109,.T.);
#9109 = B_SPLINE_CURVE_WITH_KNOTS('',4,(#9110,#9111,#9112,#9113,#9114),
  .UNSPECIFIED.,.F.,.F.,(5,5),(0.,1.),.PIECEWISE_BEZIER_KNOTS.);
#9110 = CARTESIAN_POINT('',(41.933125155575,14.553042627218,-1.E-01));
#9111 = CARTESIAN_POINT('',(41.933125155575,14.553042627218,
    0.249999999965));
#9112 = CARTESIAN_POINT('',(41.933125155575,14.553042627218,0.6));
#9113 = CARTESIAN_POINT('',(41.933125155575,14.553042627218,
    0.950000000035));
#9114 = CARTESIAN_POINT('',(41.933125155575,14.553042627218,1.3));
#9115 = ORIENTED_EDGE('',*,*,#4997,.F.);
#9116 = ORIENTED_EDGE('',*,*,#9089,.F.);
#9117 = SURFACE_OF_LINEAR_EXTRUSION('',#9118,#9122);
#9118 = B_SPLINE_CURVE_WITH_KNOTS('',2,(#9119,#9120,#9121),
  .UNSPECIFIED.,.F.,.F.,(3,3),(0.,1.),.PIECEWISE_BEZIER_KNOTS.);
#9119 = CARTESIAN_POINT('',(42.022684401451,15.121789600967,1.3));
#9120 = CARTESIAN_POINT('',(42.022684401451,14.456251511487,1.3));
#9121 = CARTESIAN_POINT('',(41.618718258767,14.052285368803,1.3));
#9122 = VECTOR('',#9123,1.);
#9123 = DIRECTION('',(-0.,0.,1.));
#9124 = ADVANCED_FACE('',(#9125),#9138,.T.);
#9125 = FACE_BOUND('',#9126,.T.);
#9126 = EDGE_LOOP('',(#9127,#9128,#9129,#9130));
#9127 = ORIENTED_EDGE('',*,*,#661,.T.);
#9128 = ORIENTED_EDGE('',*,*,#9108,.F.);
#9129 = ORIENTED_EDGE('',*,*,#4989,.F.);
#9130 = ORIENTED_EDGE('',*,*,#9131,.T.);
#9131 = EDGE_CURVE('',#4979,#651,#9132,.T.);
#9132 = B_SPLINE_CURVE_WITH_KNOTS('',4,(#9133,#9134,#9135,#9136,#9137),
  .UNSPECIFIED.,.F.,.F.,(5,5),(0.,1.),.PIECEWISE_BEZIER_KNOTS.);
#9133 = CARTESIAN_POINT('',(47.320171630318,14.553042627218,-1.E-01));
#9134 = CARTESIAN_POINT('',(47.320171630318,14.553042627218,
    0.249999999965));
#9135 = CARTESIAN_POINT('',(47.320171630318,14.553042627218,0.6));
#9136 = CARTESIAN_POINT('',(47.320171630318,14.553042627218,
    0.950000000035));
#9137 = CARTESIAN_POINT('',(47.320171630318,14.553042627218,1.3));
#9138 = PLANE('',#9139);
#9139 = AXIS2_PLACEMENT_3D('',#9140,#9141,#9142);
#9140 = CARTESIAN_POINT('',(40.691105611324,14.553042627218,1.3));
#9141 = DIRECTION('',(0.,-1.,0.));
#9142 = DIRECTION('',(0.,0.,-1.));
#9143 = ADVANCED_FACE('',(#9144),#9155,.F.);
#9144 = FACE_BOUND('',#9145,.F.);
#9145 = EDGE_LOOP('',(#9146,#9147,#9153,#9154));
#9146 = ORIENTED_EDGE('',*,*,#650,.T.);
#9147 = ORIENTED_EDGE('',*,*,#9148,.T.);
#9148 = EDGE_CURVE('',#636,#4964,#9149,.T.);
#9149 = LINE('',#9150,#9151);
#9150 = CARTESIAN_POINT('',(47.16977025393,13.898282950423,1.3));
#9151 = VECTOR('',#9152,1.);
#9152 = DIRECTION('',(0.,0.,-1.));
#9153 = ORIENTED_EDGE('',*,*,#4978,.F.);
#9154 = ORIENTED_EDGE('',*,*,#9131,.T.);
#9155 = SURFACE_OF_LINEAR_EXTRUSION('',#9156,#9160);
#9156 = B_SPLINE_CURVE_WITH_KNOTS('',2,(#9157,#9158,#9159),
  .UNSPECIFIED.,.F.,.F.,(3,3),(0.,1.),.PIECEWISE_BEZIER_KNOTS.);
#9157 = CARTESIAN_POINT('',(47.16977025393,13.898282950423,1.3));
#9158 = CARTESIAN_POINT('',(47.371753325272,14.50423216445,1.3));
#9159 = CARTESIAN_POINT('',(47.371753325272,15.3361547763,1.3));
#9160 = VECTOR('',#9161,1.);
#9161 = DIRECTION('',(-0.,0.,1.));
#9162 = ADVANCED_FACE('',(#9163),#9174,.F.);
#9163 = FACE_BOUND('',#9164,.F.);
#9164 = EDGE_LOOP('',(#9165,#9166,#9172,#9173));
#9165 = ORIENTED_EDGE('',*,*,#635,.T.);
#9166 = ORIENTED_EDGE('',*,*,#9167,.T.);
#9167 = EDGE_CURVE('',#611,#4939,#9168,.T.);
#9168 = LINE('',#9169,#9170);
#9169 = CARTESIAN_POINT('',(46.491850060459,12.83961305925,1.3));
#9170 = VECTOR('',#9171,1.);
#9171 = DIRECTION('',(0.,0.,-1.));
#9172 = ORIENTED_EDGE('',*,*,#4963,.F.);
#9173 = ORIENTED_EDGE('',*,*,#9148,.F.);
#9174 = SURFACE_OF_LINEAR_EXTRUSION('',#9175,#9179);
#9175 = B_SPLINE_CURVE_WITH_KNOTS('',2,(#9176,#9177,#9178),
  .UNSPECIFIED.,.F.,.F.,(3,3),(0.,1.),.PIECEWISE_BEZIER_KNOTS.);
#9176 = CARTESIAN_POINT('',(46.491850060459,12.83961305925,1.3));
#9177 = CARTESIAN_POINT('',(46.967787182588,13.291559854897,1.3));
#9178 = CARTESIAN_POINT('',(47.16977025393,13.898282950423,1.3));
#9179 = VECTOR('',#9180,1.);
#9180 = DIRECTION('',(-0.,0.,1.));
#9181 = ADVANCED_FACE('',(#9182),#9193,.F.);
#9182 = FACE_BOUND('',#9183,.F.);
#9183 = EDGE_LOOP('',(#9184,#9185,#9191,#9192));
#9184 = ORIENTED_EDGE('',*,*,#610,.T.);
#9185 = ORIENTED_EDGE('',*,*,#9186,.T.);
#9186 = EDGE_CURVE('',#586,#4914,#9187,.T.);
#9187 = LINE('',#9188,#9189);
#9188 = CARTESIAN_POINT('',(42.688222490931,11.532527206771,1.3));
#9189 = VECTOR('',#9190,1.);
#9190 = DIRECTION('',(0.,0.,-1.));
#9191 = ORIENTED_EDGE('',*,*,#4938,.F.);
#9192 = ORIENTED_EDGE('',*,*,#9167,.F.);
#9193 = SURFACE_OF_LINEAR_EXTRUSION('',#9194,#9198);
#9194 = B_SPLINE_CURVE_WITH_KNOTS('',2,(#9195,#9196,#9197),
  .UNSPECIFIED.,.F.,.F.,(3,3),(0.,1.),.PIECEWISE_BEZIER_KNOTS.);
#9195 = CARTESIAN_POINT('',(42.688222490931,11.532527206771,1.3));
#9196 = CARTESIAN_POINT('',(45.398355501814,11.912503022975,1.3));
#9197 = CARTESIAN_POINT('',(46.491850060459,12.83961305925,1.3));
#9198 = VECTOR('',#9199,1.);
#9199 = DIRECTION('',(-0.,0.,1.));
#9200 = ADVANCED_FACE('',(#9201),#9212,.F.);
#9201 = FACE_BOUND('',#9202,.F.);
#9202 = EDGE_LOOP('',(#9203,#9204,#9210,#9211));
#9203 = ORIENTED_EDGE('',*,*,#585,.T.);
#9204 = ORIENTED_EDGE('',*,*,#9205,.T.);
#9205 = EDGE_CURVE('',#573,#4901,#9206,.T.);
#9206 = LINE('',#9207,#9208);
#9207 = CARTESIAN_POINT('',(34.367448609432,11.151777509069,1.3));
#9208 = VECTOR('',#9209,1.);
#9209 = DIRECTION('',(0.,0.,-1.));
#9210 = ORIENTED_EDGE('',*,*,#4913,.F.);
#9211 = ORIENTED_EDGE('',*,*,#9186,.F.);
#9212 = SURFACE_OF_LINEAR_EXTRUSION('',#9213,#9217);
#9213 = B_SPLINE_CURVE_WITH_KNOTS('',2,(#9214,#9215,#9216),
  .UNSPECIFIED.,.F.,.F.,(3,3),(0.,1.),.PIECEWISE_BEZIER_KNOTS.);
#9214 = CARTESIAN_POINT('',(34.367448609432,11.151777509069,1.3));
#9215 = CARTESIAN_POINT('',(39.930108827086,11.151777509069,1.3));
#9216 = CARTESIAN_POINT('',(42.688222490931,11.532527206771,1.3));
#9217 = VECTOR('',#9218,1.);
#9218 = DIRECTION('',(-0.,0.,1.));
#9219 = ADVANCED_FACE('',(#9220),#9231,.F.);
#9220 = FACE_BOUND('',#9221,.F.);
#9221 = EDGE_LOOP('',(#9222,#9223,#9229,#9230));
#9222 = ORIENTED_EDGE('',*,*,#572,.T.);
#9223 = ORIENTED_EDGE('',*,*,#9224,.T.);
#9224 = EDGE_CURVE('',#546,#4874,#9225,.T.);
#9225 = LINE('',#9226,#9227);
#9226 = CARTESIAN_POINT('',(33.487545344619,11.246964933495,1.3));
#9227 = VECTOR('',#9228,1.);
#9228 = DIRECTION('',(0.,0.,-1.));
#9229 = ORIENTED_EDGE('',*,*,#4900,.F.);
#9230 = ORIENTED_EDGE('',*,*,#9205,.F.);
#9231 = SURFACE_OF_LINEAR_EXTRUSION('',#9232,#9236);
#9232 = B_SPLINE_CURVE_WITH_KNOTS('',2,(#9233,#9234,#9235),
  .UNSPECIFIED.,.F.,.F.,(3,3),(0.,1.),.PIECEWISE_BEZIER_KNOTS.);
#9233 = CARTESIAN_POINT('',(33.487545344619,11.246964933495,1.3));
#9234 = CARTESIAN_POINT('',(33.797097944377,11.151777509069,1.3));
#9235 = CARTESIAN_POINT('',(34.367448609432,11.151777509069,1.3));
#9236 = VECTOR('',#9237,1.);
#9237 = DIRECTION('',(-0.,0.,1.));
#9238 = ADVANCED_FACE('',(#9239),#9250,.F.);
#9239 = FACE_BOUND('',#9240,.F.);
#9240 = EDGE_LOOP('',(#9241,#9242,#9248,#9249));
#9241 = ORIENTED_EDGE('',*,*,#545,.T.);
#9242 = ORIENTED_EDGE('',*,*,#9243,.T.);
#9243 = EDGE_CURVE('',#535,#4863,#9244,.T.);
#9244 = LINE('',#9245,#9246);
#9245 = CARTESIAN_POINT('',(32.893204353083,11.722128174123,1.3));
#9246 = VECTOR('',#9247,1.);
#9247 = DIRECTION('',(0.,0.,-1.));
#9248 = ORIENTED_EDGE('',*,*,#4873,.F.);
#9249 = ORIENTED_EDGE('',*,*,#9224,.F.);
#9250 = SURFACE_OF_LINEAR_EXTRUSION('',#9251,#9255);
#9251 = B_SPLINE_CURVE_WITH_KNOTS('',2,(#9252,#9253,#9254),
  .UNSPECIFIED.,.F.,.F.,(3,3),(0.,1.),.PIECEWISE_BEZIER_KNOTS.);
#9252 = CARTESIAN_POINT('',(32.893204353083,11.722128174123,1.3));
#9253 = CARTESIAN_POINT('',(32.893204353083,11.389359129383,1.3));
#9254 = CARTESIAN_POINT('',(33.487545344619,11.246964933495,1.3));
#9255 = VECTOR('',#9256,1.);
#9256 = DIRECTION('',(-0.,0.,1.));
#9257 = ADVANCED_FACE('',(#9258),#9269,.F.);
#9258 = FACE_BOUND('',#9259,.F.);
#9259 = EDGE_LOOP('',(#9260,#9261,#9267,#9268));
#9260 = ORIENTED_EDGE('',*,*,#534,.T.);
#9261 = ORIENTED_EDGE('',*,*,#9262,.T.);
#9262 = EDGE_CURVE('',#527,#4855,#9263,.T.);
#9263 = LINE('',#9264,#9265);
#9264 = CARTESIAN_POINT('',(32.964401451028,11.865296251511,1.3));
#9265 = VECTOR('',#9266,1.);
#9266 = DIRECTION('',(0.,0.,-1.));
#9267 = ORIENTED_EDGE('',*,*,#4862,.F.);
#9268 = ORIENTED_EDGE('',*,*,#9243,.F.);
#9269 = SURFACE_OF_LINEAR_EXTRUSION('',#9270,#9274);
#9270 = B_SPLINE_CURVE_WITH_KNOTS('',2,(#9271,#9272,#9273),
  .UNSPECIFIED.,.F.,.F.,(3,3),(0.,1.),.PIECEWISE_BEZIER_KNOTS.);
#9271 = CARTESIAN_POINT('',(32.964401451028,11.865296251511,1.3));
#9272 = CARTESIAN_POINT('',(32.893204353083,11.793325272068,1.3));
#9273 = CARTESIAN_POINT('',(32.893204353083,11.722128174123,1.3));
#9274 = VECTOR('',#9275,1.);
#9275 = DIRECTION('',(-0.,0.,1.));
#9276 = ADVANCED_FACE('',(#9277),#9293,.F.);
#9277 = FACE_BOUND('',#9278,.F.);
#9278 = EDGE_LOOP('',(#9279,#9280,#9286,#9287));
#9279 = ORIENTED_EDGE('',*,*,#514,.T.);
#9280 = ORIENTED_EDGE('',*,*,#9281,.T.);
#9281 = EDGE_CURVE('',#507,#4835,#9282,.T.);
#9282 = LINE('',#9283,#9284);
#9283 = CARTESIAN_POINT('',(32.988391777509,12.744425634825,1.3));
#9284 = VECTOR('',#9285,1.);
#9285 = DIRECTION('',(0.,0.,-1.));
#9286 = ORIENTED_EDGE('',*,*,#4842,.F.);
#9287 = ORIENTED_EDGE('',*,*,#9288,.F.);
#9288 = EDGE_CURVE('',#515,#4843,#9289,.T.);
#9289 = LINE('',#9290,#9291);
#9290 = CARTESIAN_POINT('',(32.964401451028,12.435646916566,1.3));
#9291 = VECTOR('',#9292,1.);
#9292 = DIRECTION('',(0.,0.,-1.));
#9293 = SURFACE_OF_LINEAR_EXTRUSION('',#9294,#9298);
#9294 = B_SPLINE_CURVE_WITH_KNOTS('',2,(#9295,#9296,#9297),
  .UNSPECIFIED.,.F.,.F.,(3,3),(0.,1.),.PIECEWISE_BEZIER_KNOTS.);
#9295 = CARTESIAN_POINT('',(32.988391777509,12.744425634825,1.3));
#9296 = CARTESIAN_POINT('',(32.964401451028,12.67322853688,1.3));
#9297 = CARTESIAN_POINT('',(32.964401451028,12.435646916566,1.3));
#9298 = VECTOR('',#9299,1.);
#9299 = DIRECTION('',(-0.,0.,1.));
#9300 = ADVANCED_FACE('',(#9301),#9312,.F.);
#9301 = FACE_BOUND('',#9302,.F.);
#9302 = EDGE_LOOP('',(#9303,#9304,#9310,#9311));
#9303 = ORIENTED_EDGE('',*,*,#506,.T.);
#9304 = ORIENTED_EDGE('',*,*,#9305,.T.);
#9305 = EDGE_CURVE('',#497,#4825,#9306,.T.);
#9306 = LINE('',#9307,#9308);
#9307 = CARTESIAN_POINT('',(32.988391777509,12.982007255139,1.3));
#9308 = VECTOR('',#9309,1.);
#9309 = DIRECTION('',(0.,0.,-1.));
#9310 = ORIENTED_EDGE('',*,*,#4834,.F.);
#9311 = ORIENTED_EDGE('',*,*,#9281,.F.);
#9312 = PLANE('',#9313);
#9313 = AXIS2_PLACEMENT_3D('',#9314,#9315,#9316);
#9314 = CARTESIAN_POINT('',(32.988391777509,12.982007255139,1.3));
#9315 = DIRECTION('',(-1.,0.,0.));
#9316 = DIRECTION('',(0.,-1.,0.));
#9317 = ADVANCED_FACE('',(#9318),#9329,.F.);
#9318 = FACE_BOUND('',#9319,.F.);
#9319 = EDGE_LOOP('',(#9320,#9321,#9327,#9328));
#9320 = ORIENTED_EDGE('',*,*,#496,.T.);
#9321 = ORIENTED_EDGE('',*,*,#9322,.T.);
#9322 = EDGE_CURVE('',#485,#4813,#9323,.T.);
#9323 = LINE('',#9324,#9325);
#9324 = CARTESIAN_POINT('',(32.941185006046,14.33707376058,1.3));
#9325 = VECTOR('',#9326,1.);
#9326 = DIRECTION('',(0.,0.,-1.));
#9327 = ORIENTED_EDGE('',*,*,#4824,.F.);
#9328 = ORIENTED_EDGE('',*,*,#9305,.F.);
#9329 = SURFACE_OF_LINEAR_EXTRUSION('',#9330,#9334);
#9330 = B_SPLINE_CURVE_WITH_KNOTS('',2,(#9331,#9332,#9333),
  .UNSPECIFIED.,.F.,.F.,(3,3),(0.,1.),.PIECEWISE_BEZIER_KNOTS.);
#9331 = CARTESIAN_POINT('',(32.941185006046,14.33707376058,1.3));
#9332 = CARTESIAN_POINT('',(32.988391777509,13.624328899637,1.3));
#9333 = CARTESIAN_POINT('',(32.988391777509,12.982007255139,1.3));
#9334 = VECTOR('',#9335,1.);
#9335 = DIRECTION('',(-0.,0.,1.));
#9336 = ADVANCED_FACE('',(#9337),#9348,.F.);
#9337 = FACE_BOUND('',#9338,.F.);
#9338 = EDGE_LOOP('',(#9339,#9340,#9346,#9347));
#9339 = ORIENTED_EDGE('',*,*,#484,.T.);
#9340 = ORIENTED_EDGE('',*,*,#9341,.T.);
#9341 = EDGE_CURVE('',#477,#4805,#9342,.T.);
#9342 = LINE('',#9343,#9344);
#9343 = CARTESIAN_POINT('',(32.917194679565,14.83700120919,1.3));
#9344 = VECTOR('',#9345,1.);
#9345 = DIRECTION('',(0.,0.,-1.));
#9346 = ORIENTED_EDGE('',*,*,#4812,.F.);
#9347 = ORIENTED_EDGE('',*,*,#9322,.F.);
#9348 = SURFACE_OF_LINEAR_EXTRUSION('',#9349,#9353);
#9349 = B_SPLINE_CURVE_WITH_KNOTS('',2,(#9350,#9351,#9352),
  .UNSPECIFIED.,.F.,.F.,(3,3),(0.,1.),.PIECEWISE_BEZIER_KNOTS.);
#9350 = CARTESIAN_POINT('',(32.917194679565,14.83700120919,1.3));
#9351 = CARTESIAN_POINT('',(32.941185006046,14.67061668682,1.3));
#9352 = CARTESIAN_POINT('',(32.941185006046,14.33707376058,1.3));
#9353 = VECTOR('',#9354,1.);
#9354 = DIRECTION('',(-0.,0.,1.));
#9355 = ADVANCED_FACE('',(#9356),#9367,.F.);
#9356 = FACE_BOUND('',#9357,.F.);
#9357 = EDGE_LOOP('',(#9358,#9359,#9365,#9366));
#9358 = ORIENTED_EDGE('',*,*,#476,.T.);
#9359 = ORIENTED_EDGE('',*,*,#9360,.T.);
#9360 = EDGE_CURVE('',#469,#4797,#9361,.T.);
#9361 = LINE('',#9362,#9363);
#9362 = CARTESIAN_POINT('',(32.893204353083,15.431342200726,1.3));
#9363 = VECTOR('',#9364,1.);
#9364 = DIRECTION('',(0.,0.,-1.));
#9365 = ORIENTED_EDGE('',*,*,#4804,.F.);
#9366 = ORIENTED_EDGE('',*,*,#9341,.F.);
#9367 = PLANE('',#9368);
#9368 = AXIS2_PLACEMENT_3D('',#9369,#9370,#9371);
#9369 = CARTESIAN_POINT('',(32.893204353083,15.431342200726,1.3));
#9370 = DIRECTION('',(-0.999186344338,-4.033174046156E-02,0.));
#9371 = DIRECTION('',(4.033174046156E-02,-0.999186344338,0.));
#9372 = ADVANCED_FACE('',(#9373),#9384,.F.);
#9373 = FACE_BOUND('',#9374,.F.);
#9374 = EDGE_LOOP('',(#9375,#9376,#9382,#9383));
#9375 = ORIENTED_EDGE('',*,*,#468,.T.);
#9376 = ORIENTED_EDGE('',*,*,#9377,.T.);
#9377 = EDGE_CURVE('',#458,#4786,#9378,.T.);
#9378 = LINE('',#9379,#9380);
#9379 = CARTESIAN_POINT('',(32.893204353083,15.573736396614,1.3));
#9380 = VECTOR('',#9381,1.);
#9381 = DIRECTION('',(0.,0.,-1.));
#9382 = ORIENTED_EDGE('',*,*,#4796,.F.);
#9383 = ORIENTED_EDGE('',*,*,#9360,.F.);
#9384 = PLANE('',#9385);
#9385 = AXIS2_PLACEMENT_3D('',#9386,#9387,#9388);
#9386 = CARTESIAN_POINT('',(32.893204353083,15.573736396614,1.3));
#9387 = DIRECTION('',(-1.,0.,0.));
#9388 = DIRECTION('',(0.,-1.,0.));
#9389 = ADVANCED_FACE('',(#9390),#9401,.F.);
#9390 = FACE_BOUND('',#9391,.F.);
#9391 = EDGE_LOOP('',(#9392,#9393,#9399,#9400));
#9392 = ORIENTED_EDGE('',*,*,#457,.T.);
#9393 = ORIENTED_EDGE('',*,*,#9394,.T.);
#9394 = EDGE_CURVE('',#450,#4778,#9395,.T.);
#9395 = LINE('',#9396,#9397);
#9396 = CARTESIAN_POINT('',(32.941185006046,15.83530834341,1.3));
#9397 = VECTOR('',#9398,1.);
#9398 = DIRECTION('',(0.,0.,-1.));
#9399 = ORIENTED_EDGE('',*,*,#4785,.F.);
#9400 = ORIENTED_EDGE('',*,*,#9377,.F.);
#9401 = SURFACE_OF_LINEAR_EXTRUSION('',#9402,#9406);
#9402 = B_SPLINE_CURVE_WITH_KNOTS('',2,(#9403,#9404,#9405),
  .UNSPECIFIED.,.F.,.F.,(3,3),(0.,1.),.PIECEWISE_BEZIER_KNOTS.);
#9403 = CARTESIAN_POINT('',(32.941185006046,15.83530834341,1.3));
#9404 = CARTESIAN_POINT('',(32.941185006046,15.66892382104,1.3));
#9405 = CARTESIAN_POINT('',(32.893204353083,15.573736396614,1.3));
#9406 = VECTOR('',#9407,1.);
#9407 = DIRECTION('',(-0.,0.,1.));
#9408 = ADVANCED_FACE('',(#9409),#9420,.F.);
#9409 = FACE_BOUND('',#9410,.F.);
#9410 = EDGE_LOOP('',(#9411,#9412,#9418,#9419));
#9411 = ORIENTED_EDGE('',*,*,#449,.T.);
#9412 = ORIENTED_EDGE('',*,*,#9413,.T.);
#9413 = EDGE_CURVE('',#442,#4770,#9414,.T.);
#9414 = LINE('',#9415,#9416);
#9415 = CARTESIAN_POINT('',(32.941185006046,16.072889963724,1.3));
#9416 = VECTOR('',#9417,1.);
#9417 = DIRECTION('',(0.,0.,-1.));
#9418 = ORIENTED_EDGE('',*,*,#4777,.F.);
#9419 = ORIENTED_EDGE('',*,*,#9394,.F.);
#9420 = PLANE('',#9421);
#9421 = AXIS2_PLACEMENT_3D('',#9422,#9423,#9424);
#9422 = CARTESIAN_POINT('',(32.941185006046,16.072889963724,1.3));
#9423 = DIRECTION('',(-1.,0.,0.));
#9424 = DIRECTION('',(0.,-1.,0.));
#9425 = ADVANCED_FACE('',(#9426),#9437,.F.);
#9426 = FACE_BOUND('',#9427,.F.);
#9427 = EDGE_LOOP('',(#9428,#9429,#9435,#9436));
#9428 = ORIENTED_EDGE('',*,*,#441,.T.);
#9429 = ORIENTED_EDGE('',*,*,#9430,.T.);
#9430 = EDGE_CURVE('',#432,#4760,#9431,.T.);
#9431 = LINE('',#9432,#9433);
#9432 = CARTESIAN_POINT('',(32.964401451028,16.263264812576,1.3));
#9433 = VECTOR('',#9434,1.);
#9434 = DIRECTION('',(0.,0.,-1.));
#9435 = ORIENTED_EDGE('',*,*,#4769,.F.);
#9436 = ORIENTED_EDGE('',*,*,#9413,.F.);
#9437 = PLANE('',#9438);
#9438 = AXIS2_PLACEMENT_3D('',#9439,#9440,#9441);
#9439 = CARTESIAN_POINT('',(32.964401451028,16.263264812576,1.3));
#9440 = DIRECTION('',(-0.992645877551,0.121054375311,-0.));
#9441 = DIRECTION('',(-0.121054375311,-0.992645877551,0.));
#9442 = ADVANCED_FACE('',(#9443),#9454,.F.);
#9443 = FACE_BOUND('',#9444,.F.);
#9444 = EDGE_LOOP('',(#9445,#9446,#9452,#9453));
#9445 = ORIENTED_EDGE('',*,*,#431,.T.);
#9446 = ORIENTED_EDGE('',*,*,#9447,.T.);
#9447 = EDGE_CURVE('',#424,#4752,#9448,.T.);
#9448 = LINE('',#9449,#9450);
#9449 = CARTESIAN_POINT('',(32.941185006046,16.476856106409,1.3));
#9450 = VECTOR('',#9451,1.);
#9451 = DIRECTION('',(0.,0.,-1.));
#9452 = ORIENTED_EDGE('',*,*,#4759,.F.);
#9453 = ORIENTED_EDGE('',*,*,#9430,.F.);
#9454 = SURFACE_OF_LINEAR_EXTRUSION('',#9455,#9459);
#9455 = B_SPLINE_CURVE_WITH_KNOTS('',2,(#9456,#9457,#9458),
  .UNSPECIFIED.,.F.,.F.,(3,3),(0.,1.),.PIECEWISE_BEZIER_KNOTS.);
#9456 = CARTESIAN_POINT('',(32.941185006046,16.476856106409,1.3));
#9457 = CARTESIAN_POINT('',(32.964401451028,16.381668681983,1.3));
#9458 = CARTESIAN_POINT('',(32.964401451028,16.263264812576,1.3));
#9459 = VECTOR('',#9460,1.);
#9460 = DIRECTION('',(-0.,0.,1.));
#9461 = ADVANCED_FACE('',(#9462),#9473,.F.);
#9462 = FACE_BOUND('',#9463,.F.);
#9463 = EDGE_LOOP('',(#9464,#9465,#9471,#9472));
#9464 = ORIENTED_EDGE('',*,*,#423,.T.);
#9465 = ORIENTED_EDGE('',*,*,#9466,.T.);
#9466 = EDGE_CURVE('',#412,#4740,#9467,.T.);
#9467 = LINE('',#9468,#9469);
#9468 = CARTESIAN_POINT('',(32.941185006046,16.881596130593,1.3));
#9469 = VECTOR('',#9470,1.);
#9470 = DIRECTION('',(0.,0.,-1.));
#9471 = ORIENTED_EDGE('',*,*,#4751,.F.);
#9472 = ORIENTED_EDGE('',*,*,#9447,.F.);
#9473 = PLANE('',#9474);
#9474 = AXIS2_PLACEMENT_3D('',#9475,#9476,#9477);
#9475 = CARTESIAN_POINT('',(32.941185006046,16.881596130593,1.3));
#9476 = DIRECTION('',(-1.,0.,0.));
#9477 = DIRECTION('',(0.,-1.,0.));
#9478 = ADVANCED_FACE('',(#9479),#9490,.F.);
#9479 = FACE_BOUND('',#9480,.F.);
#9480 = EDGE_LOOP('',(#9481,#9482,#9488,#9489));
#9481 = ORIENTED_EDGE('',*,*,#411,.T.);
#9482 = ORIENTED_EDGE('',*,*,#9483,.T.);
#9483 = EDGE_CURVE('',#404,#4732,#9484,.T.);
#9484 = LINE('',#9485,#9486);
#9485 = CARTESIAN_POINT('',(32.893204353083,17.261571946796,1.3));
#9486 = VECTOR('',#9487,1.);
#9487 = DIRECTION('',(0.,0.,-1.));
#9488 = ORIENTED_EDGE('',*,*,#4739,.F.);
#9489 = ORIENTED_EDGE('',*,*,#9466,.F.);
#9490 = SURFACE_OF_LINEAR_EXTRUSION('',#9491,#9495);
#9491 = B_SPLINE_CURVE_WITH_KNOTS('',2,(#9492,#9493,#9494),
  .UNSPECIFIED.,.F.,.F.,(3,3),(0.,1.),.PIECEWISE_BEZIER_KNOTS.);
#9492 = CARTESIAN_POINT('',(32.893204353083,17.261571946796,1.3));
#9493 = CARTESIAN_POINT('',(32.941185006046,17.142394195889,1.3));
#9494 = CARTESIAN_POINT('',(32.941185006046,16.881596130593,1.3));
#9495 = VECTOR('',#9496,1.);
#9496 = DIRECTION('',(-0.,0.,1.));
#9497 = ADVANCED_FACE('',(#9498),#9509,.F.);
#9498 = FACE_BOUND('',#9499,.F.);
#9499 = EDGE_LOOP('',(#9500,#9501,#9507,#9508));
#9500 = ORIENTED_EDGE('',*,*,#403,.T.);
#9501 = ORIENTED_EDGE('',*,*,#9502,.T.);
#9502 = EDGE_CURVE('',#392,#4720,#9503,.T.);
#9503 = LINE('',#9504,#9505);
#9504 = CARTESIAN_POINT('',(32.893204353083,17.475937122128,1.3));
#9505 = VECTOR('',#9506,1.);
#9506 = DIRECTION('',(0.,0.,-1.));
#9507 = ORIENTED_EDGE('',*,*,#4731,.F.);
#9508 = ORIENTED_EDGE('',*,*,#9483,.F.);
#9509 = PLANE('',#9510);
#9510 = AXIS2_PLACEMENT_3D('',#9511,#9512,#9513);
#9511 = CARTESIAN_POINT('',(32.893204353083,17.475937122128,1.3));
#9512 = DIRECTION('',(-1.,0.,0.));
#9513 = DIRECTION('',(0.,-1.,0.));
#9514 = ADVANCED_FACE('',(#9515),#9526,.F.);
#9515 = FACE_BOUND('',#9516,.F.);
#9516 = EDGE_LOOP('',(#9517,#9518,#9524,#9525));
#9517 = ORIENTED_EDGE('',*,*,#391,.T.);
#9518 = ORIENTED_EDGE('',*,*,#9519,.T.);
#9519 = EDGE_CURVE('',#384,#4712,#9520,.T.);
#9520 = LINE('',#9521,#9522);
#9521 = CARTESIAN_POINT('',(32.917194679565,18.070278113664,1.3));
#9522 = VECTOR('',#9523,1.);
#9523 = DIRECTION('',(0.,0.,-1.));
#9524 = ORIENTED_EDGE('',*,*,#4719,.F.);
#9525 = ORIENTED_EDGE('',*,*,#9502,.F.);
#9526 = SURFACE_OF_LINEAR_EXTRUSION('',#9527,#9531);
#9527 = B_SPLINE_CURVE_WITH_KNOTS('',2,(#9528,#9529,#9530),
  .UNSPECIFIED.,.F.,.F.,(3,3),(0.,1.),.PIECEWISE_BEZIER_KNOTS.);
#9528 = CARTESIAN_POINT('',(32.917194679565,18.070278113664,1.3));
#9529 = CARTESIAN_POINT('',(32.893204353083,17.855912938331,1.3));
#9530 = CARTESIAN_POINT('',(32.893204353083,17.475937122128,1.3));
#9531 = VECTOR('',#9532,1.);
#9532 = DIRECTION('',(-0.,0.,1.));
#9533 = ADVANCED_FACE('',(#9534),#9545,.F.);
#9534 = FACE_BOUND('',#9535,.F.);
#9535 = EDGE_LOOP('',(#9536,#9537,#9543,#9544));
#9536 = ORIENTED_EDGE('',*,*,#383,.T.);
#9537 = ORIENTED_EDGE('',*,*,#9538,.T.);
#9538 = EDGE_CURVE('',#376,#4704,#9539,.T.);
#9539 = LINE('',#9540,#9541);
#9540 = CARTESIAN_POINT('',(32.941185006046,18.783022974607,1.3));
#9541 = VECTOR('',#9542,1.);
#9542 = DIRECTION('',(0.,0.,-1.));
#9543 = ORIENTED_EDGE('',*,*,#4711,.F.);
#9544 = ORIENTED_EDGE('',*,*,#9519,.F.);
#9545 = PLANE('',#9546);
#9546 = AXIS2_PLACEMENT_3D('',#9547,#9548,#9549);
#9547 = CARTESIAN_POINT('',(32.941185006046,18.783022974607,1.3));
#9548 = DIRECTION('',(-0.999434014502,3.364001568901E-02,-0.));
#9549 = DIRECTION('',(-3.364001568901E-02,-0.999434014502,0.));
#9550 = ADVANCED_FACE('',(#9551),#9562,.F.);
#9551 = FACE_BOUND('',#9552,.F.);
#9552 = EDGE_LOOP('',(#9553,#9554,#9560,#9561));
#9553 = ORIENTED_EDGE('',*,*,#375,.T.);
#9554 = ORIENTED_EDGE('',*,*,#9555,.T.);
#9555 = EDGE_CURVE('',#359,#4687,#9556,.T.);
#9556 = LINE('',#9557,#9558);
#9557 = CARTESIAN_POINT('',(33.059588875453,20.090882708585,1.3));
#9558 = VECTOR('',#9559,1.);
#9559 = DIRECTION('',(0.,0.,-1.));
#9560 = ORIENTED_EDGE('',*,*,#4703,.F.);
#9561 = ORIENTED_EDGE('',*,*,#9538,.F.);
#9562 = PLANE('',#9563);
#9563 = AXIS2_PLACEMENT_3D('',#9564,#9565,#9566);
#9564 = CARTESIAN_POINT('',(33.059588875453,20.090882708585,1.3));
#9565 = DIRECTION('',(-0.995926949646,9.016380076677E-02,-0.));
#9566 = DIRECTION('',(-9.016380076677E-02,-0.995926949646,0.));
#9567 = ADVANCED_FACE('',(#9568),#9579,.F.);
#9568 = FACE_BOUND('',#9569,.F.);
#9569 = EDGE_LOOP('',(#9570,#9571,#9577,#9578));
#9570 = ORIENTED_EDGE('',*,*,#358,.T.);
#9571 = ORIENTED_EDGE('',*,*,#9572,.T.);
#9572 = EDGE_CURVE('',#338,#4666,#9573,.T.);
#9573 = LINE('',#9574,#9575);
#9574 = CARTESIAN_POINT('',(33.107569528416,20.82761789601,1.3));
#9575 = VECTOR('',#9576,1.);
#9576 = DIRECTION('',(0.,0.,-1.));
#9577 = ORIENTED_EDGE('',*,*,#4686,.F.);
#9578 = ORIENTED_EDGE('',*,*,#9555,.F.);
#9579 = SURFACE_OF_LINEAR_EXTRUSION('',#9580,#9584);
#9580 = B_SPLINE_CURVE_WITH_KNOTS('',2,(#9581,#9582,#9583),
  .UNSPECIFIED.,.F.,.F.,(3,3),(0.,1.),.PIECEWISE_BEZIER_KNOTS.);
#9581 = CARTESIAN_POINT('',(33.107569528416,20.82761789601,1.3));
#9582 = CARTESIAN_POINT('',(33.059588875453,20.257267230955,1.3));
#9583 = CARTESIAN_POINT('',(33.059588875453,20.090882708585,1.3));
#9584 = VECTOR('',#9585,1.);
#9585 = DIRECTION('',(-0.,0.,1.));
#9586 = ADVANCED_FACE('',(#9587),#9598,.F.);
#9587 = FACE_BOUND('',#9588,.F.);
#9588 = EDGE_LOOP('',(#9589,#9590,#9596,#9597));
#9589 = ORIENTED_EDGE('',*,*,#337,.T.);
#9590 = ORIENTED_EDGE('',*,*,#9591,.T.);
#9591 = EDGE_CURVE('',#317,#4645,#9592,.T.);
#9592 = LINE('',#9593,#9594);
#9593 = CARTESIAN_POINT('',(33.225973397823,22.705828295042,1.3));
#9594 = VECTOR('',#9595,1.);
#9595 = DIRECTION('',(0.,0.,-1.));
#9596 = ORIENTED_EDGE('',*,*,#4665,.F.);
#9597 = ORIENTED_EDGE('',*,*,#9572,.F.);
#9598 = SURFACE_OF_LINEAR_EXTRUSION('',#9599,#9603);
#9599 = B_SPLINE_CURVE_WITH_KNOTS('',2,(#9600,#9601,#9602),
  .UNSPECIFIED.,.F.,.F.,(3,3),(0.,1.),.PIECEWISE_BEZIER_KNOTS.);
#9600 = CARTESIAN_POINT('',(33.225973397823,22.705828295042,1.3));
#9601 = CARTESIAN_POINT('',(33.131559854897,21.421958887545,1.3));
#9602 = CARTESIAN_POINT('',(33.107569528416,20.82761789601,1.3));
#9603 = VECTOR('',#9604,1.);
#9604 = DIRECTION('',(-0.,0.,1.));
#9605 = ADVANCED_FACE('',(#9606),#9617,.F.);
#9606 = FACE_BOUND('',#9607,.F.);
#9607 = EDGE_LOOP('',(#9608,#9609,#9615,#9616));
#9608 = ORIENTED_EDGE('',*,*,#316,.T.);
#9609 = ORIENTED_EDGE('',*,*,#9610,.T.);
#9610 = EDGE_CURVE('',#306,#4634,#9611,.T.);
#9611 = LINE('',#9612,#9613);
#9612 = CARTESIAN_POINT('',(33.34515114873,24.156082224909,1.3));
#9613 = VECTOR('',#9614,1.);
#9614 = DIRECTION('',(0.,0.,-1.));
#9615 = ORIENTED_EDGE('',*,*,#4644,.F.);
#9616 = ORIENTED_EDGE('',*,*,#9591,.F.);
#9617 = SURFACE_OF_LINEAR_EXTRUSION('',#9618,#9622);
#9618 = B_SPLINE_CURVE_WITH_KNOTS('',2,(#9619,#9620,#9621),
  .UNSPECIFIED.,.F.,.F.,(3,3),(0.,1.),.PIECEWISE_BEZIER_KNOTS.);
#9619 = CARTESIAN_POINT('',(33.34515114873,24.156082224909,1.3));
#9620 = CARTESIAN_POINT('',(33.273954050786,23.157775090689,1.3));
#9621 = CARTESIAN_POINT('',(33.225973397823,22.705828295042,1.3));
#9622 = VECTOR('',#9623,1.);
#9623 = DIRECTION('',(-0.,0.,1.));
#9624 = ADVANCED_FACE('',(#9625),#9636,.F.);
#9625 = FACE_BOUND('',#9626,.F.);
#9626 = EDGE_LOOP('',(#9627,#9628,#9634,#9635));
#9627 = ORIENTED_EDGE('',*,*,#305,.T.);
#9628 = ORIENTED_EDGE('',*,*,#9629,.T.);
#9629 = EDGE_CURVE('',#291,#4619,#9630,.T.);
#9630 = LINE('',#9631,#9632);
#9631 = CARTESIAN_POINT('',(33.356759371221,24.298476420798,1.3));
#9632 = VECTOR('',#9633,1.);
#9633 = DIRECTION('',(0.,0.,-1.));
#9634 = ORIENTED_EDGE('',*,*,#4633,.F.);
#9635 = ORIENTED_EDGE('',*,*,#9610,.F.);
#9636 = SURFACE_OF_LINEAR_EXTRUSION('',#9637,#9641);
#9637 = B_SPLINE_CURVE_WITH_KNOTS('',2,(#9638,#9639,#9640),
  .UNSPECIFIED.,.F.,.F.,(3,3),(0.,1.),.PIECEWISE_BEZIER_KNOTS.);
#9638 = CARTESIAN_POINT('',(33.356759371221,24.298476420798,1.3));
#9639 = CARTESIAN_POINT('',(33.34515114873,24.203288996372,1.3));
#9640 = CARTESIAN_POINT('',(33.34515114873,24.156082224909,1.3));
#9641 = VECTOR('',#9642,1.);
#9642 = DIRECTION('',(-0.,0.,1.));
#9643 = ADVANCED_FACE('',(#9644),#9655,.F.);
#9644 = FACE_BOUND('',#9645,.F.);
#9645 = EDGE_LOOP('',(#9646,#9647,#9653,#9654));
#9646 = ORIENTED_EDGE('',*,*,#290,.T.);
#9647 = ORIENTED_EDGE('',*,*,#9648,.T.);
#9648 = EDGE_CURVE('',#283,#4611,#9649,.T.);
#9649 = LINE('',#9650,#9651);
#9650 = CARTESIAN_POINT('',(33.416348246675,24.393663845224,1.3));
#9651 = VECTOR('',#9652,1.);
#9652 = DIRECTION('',(0.,0.,-1.));
#9653 = ORIENTED_EDGE('',*,*,#4618,.F.);
#9654 = ORIENTED_EDGE('',*,*,#9629,.F.);
#9655 = SURFACE_OF_LINEAR_EXTRUSION('',#9656,#9660);
#9656 = B_SPLINE_CURVE_WITH_KNOTS('',2,(#9657,#9658,#9659),
  .UNSPECIFIED.,.F.,.F.,(3,3),(0.,1.),.PIECEWISE_BEZIER_KNOTS.);
#9657 = CARTESIAN_POINT('',(33.416348246675,24.393663845224,1.3));
#9658 = CARTESIAN_POINT('',(33.369141475212,24.393663845224,1.3));
#9659 = CARTESIAN_POINT('',(33.356759371221,24.298476420798,1.3));
#9660 = VECTOR('',#9661,1.);
#9661 = DIRECTION('',(-0.,0.,1.));
#9662 = ADVANCED_FACE('',(#9663),#9674,.F.);
#9663 = FACE_BOUND('',#9664,.F.);
#9664 = EDGE_LOOP('',(#9665,#9666,#9672,#9673));
#9665 = ORIENTED_EDGE('',*,*,#282,.T.);
#9666 = ORIENTED_EDGE('',*,*,#9667,.T.);
#9667 = EDGE_CURVE('',#275,#4603,#9668,.T.);
#9668 = LINE('',#9669,#9670);
#9669 = CARTESIAN_POINT('',(33.464328899637,24.560048367594,1.3));
#9670 = VECTOR('',#9671,1.);
#9671 = DIRECTION('',(0.,0.,-1.));
#9672 = ORIENTED_EDGE('',*,*,#4610,.F.);
#9673 = ORIENTED_EDGE('',*,*,#9648,.F.);
#9674 = PLANE('',#9675);
#9675 = AXIS2_PLACEMENT_3D('',#9676,#9677,#9678);
#9676 = CARTESIAN_POINT('',(33.464328899637,24.560048367594,1.3));
#9677 = DIRECTION('',(-0.960846474829,0.27708130902,-0.));
#9678 = DIRECTION('',(-0.27708130902,-0.960846474829,0.));
#9679 = ADVANCED_FACE('',(#9680),#9691,.F.);
#9680 = FACE_BOUND('',#9681,.F.);
#9681 = EDGE_LOOP('',(#9682,#9683,#9689,#9690));
#9682 = ORIENTED_EDGE('',*,*,#274,.T.);
#9683 = ORIENTED_EDGE('',*,*,#9684,.T.);
#9684 = EDGE_CURVE('',#267,#4595,#9685,.T.);
#9685 = LINE('',#9686,#9687);
#9686 = CARTESIAN_POINT('',(34.201064087062,24.797629987908,1.3));
#9687 = VECTOR('',#9688,1.);
#9688 = DIRECTION('',(0.,0.,-1.));
#9689 = ORIENTED_EDGE('',*,*,#4602,.F.);
#9690 = ORIENTED_EDGE('',*,*,#9667,.F.);
#9691 = PLANE('',#9692);
#9692 = AXIS2_PLACEMENT_3D('',#9693,#9694,#9695);
#9693 = CARTESIAN_POINT('',(34.201064087062,24.797629987908,1.3));
#9694 = DIRECTION('',(-0.30691514969,0.951736881124,-0.));
#9695 = DIRECTION('',(-0.951736881124,-0.30691514969,0.));
#9696 = ADVANCED_FACE('',(#9697),#9708,.F.);
#9697 = FACE_BOUND('',#9698,.F.);
#9698 = EDGE_LOOP('',(#9699,#9700,#9706,#9707));
#9699 = ORIENTED_EDGE('',*,*,#266,.T.);
#9700 = ORIENTED_EDGE('',*,*,#9701,.T.);
#9701 = EDGE_CURVE('',#255,#4583,#9702,.T.);
#9702 = LINE('',#9703,#9704);
#9703 = CARTESIAN_POINT('',(34.367448609432,24.797629987908,1.3));
#9704 = VECTOR('',#9705,1.);
#9705 = DIRECTION('',(0.,0.,-1.));
#9706 = ORIENTED_EDGE('',*,*,#4594,.F.);
#9707 = ORIENTED_EDGE('',*,*,#9684,.F.);
#9708 = PLANE('',#9709);
#9709 = AXIS2_PLACEMENT_3D('',#9710,#9711,#9712);
#9710 = CARTESIAN_POINT('',(34.367448609432,24.797629987908,1.3));
#9711 = DIRECTION('',(0.,1.,0.));
#9712 = DIRECTION('',(-1.,0.,0.));
#9713 = ADVANCED_FACE('',(#9714),#9725,.F.);
#9714 = FACE_BOUND('',#9715,.F.);
#9715 = EDGE_LOOP('',(#9716,#9717,#9723,#9724));
#9716 = ORIENTED_EDGE('',*,*,#254,.T.);
#9717 = ORIENTED_EDGE('',*,*,#9718,.T.);
#9718 = EDGE_CURVE('',#247,#4575,#9719,.T.);
#9719 = LINE('',#9720,#9721);
#9720 = CARTESIAN_POINT('',(34.747424425635,24.821620314389,1.3));
#9721 = VECTOR('',#9722,1.);
#9722 = DIRECTION('',(0.,0.,-1.));
#9723 = ORIENTED_EDGE('',*,*,#4582,.F.);
#9724 = ORIENTED_EDGE('',*,*,#9701,.F.);
#9725 = SURFACE_OF_LINEAR_EXTRUSION('',#9726,#9730);
#9726 = B_SPLINE_CURVE_WITH_KNOTS('',2,(#9727,#9728,#9729),
  .UNSPECIFIED.,.F.,.F.,(3,3),(0.,1.),.PIECEWISE_BEZIER_KNOTS.);
#9727 = CARTESIAN_POINT('',(34.747424425635,24.821620314389,1.3));
#9728 = CARTESIAN_POINT('',(34.486626360339,24.821620314389,1.3));
#9729 = CARTESIAN_POINT('',(34.367448609432,24.797629987908,1.3));
#9730 = VECTOR('',#9731,1.);
#9731 = DIRECTION('',(-0.,0.,1.));
#9732 = ADVANCED_FACE('',(#9733),#9749,.F.);
#9733 = FACE_BOUND('',#9734,.F.);
#9734 = EDGE_LOOP('',(#9735,#9736,#9742,#9743));
#9735 = ORIENTED_EDGE('',*,*,#225,.T.);
#9736 = ORIENTED_EDGE('',*,*,#9737,.T.);
#9737 = EDGE_CURVE('',#218,#4546,#9738,.T.);
#9738 = LINE('',#9739,#9740);
#9739 = CARTESIAN_POINT('',(39.359758162031,24.631245465538,1.3));
#9740 = VECTOR('',#9741,1.);
#9741 = DIRECTION('',(0.,0.,-1.));
#9742 = ORIENTED_EDGE('',*,*,#4553,.F.);
#9743 = ORIENTED_EDGE('',*,*,#9744,.F.);
#9744 = EDGE_CURVE('',#226,#4554,#9745,.T.);
#9745 = LINE('',#9746,#9747);
#9746 = CARTESIAN_POINT('',(35.556130592503,24.821620314389,1.3));
#9747 = VECTOR('',#9748,1.);
#9748 = DIRECTION('',(0.,0.,-1.));
#9749 = SURFACE_OF_LINEAR_EXTRUSION('',#9750,#9754);
#9750 = B_SPLINE_CURVE_WITH_KNOTS('',2,(#9751,#9752,#9753),
  .UNSPECIFIED.,.F.,.F.,(3,3),(0.,1.),.PIECEWISE_BEZIER_KNOTS.);
#9751 = CARTESIAN_POINT('',(39.359758162031,24.631245465538,1.3));
#9752 = CARTESIAN_POINT('',(36.744812575574,24.821620314389,1.3));
#9753 = CARTESIAN_POINT('',(35.556130592503,24.821620314389,1.3));
#9754 = VECTOR('',#9755,1.);
#9755 = DIRECTION('',(-0.,0.,1.));
#9756 = ADVANCED_FACE('',(#9757),#9773,.F.);
#9757 = FACE_BOUND('',#9758,.F.);
#9758 = EDGE_LOOP('',(#9759,#9760,#9766,#9767));
#9759 = ORIENTED_EDGE('',*,*,#205,.T.);
#9760 = ORIENTED_EDGE('',*,*,#9761,.T.);
#9761 = EDGE_CURVE('',#198,#4526,#9762,.T.);
#9762 = LINE('',#9763,#9764);
#9763 = CARTESIAN_POINT('',(39.716517533253,24.369673518742,1.3));
#9764 = VECTOR('',#9765,1.);
#9765 = DIRECTION('',(0.,0.,-1.));
#9766 = ORIENTED_EDGE('',*,*,#4533,.F.);
#9767 = ORIENTED_EDGE('',*,*,#9768,.F.);
#9768 = EDGE_CURVE('',#206,#4534,#9769,.T.);
#9769 = LINE('',#9770,#9771);
#9770 = CARTESIAN_POINT('',(39.597339782346,24.631245465538,1.3));
#9771 = VECTOR('',#9772,1.);
#9772 = DIRECTION('',(0.,0.,-1.));
#9773 = SURFACE_OF_LINEAR_EXTRUSION('',#9774,#9778);
#9774 = B_SPLINE_CURVE_WITH_KNOTS('',2,(#9775,#9776,#9777),
  .UNSPECIFIED.,.F.,.F.,(3,3),(0.,1.),.PIECEWISE_BEZIER_KNOTS.);
#9775 = CARTESIAN_POINT('',(39.716517533253,24.369673518742,1.3));
#9776 = CARTESIAN_POINT('',(39.621330108827,24.631245465538,1.3));
#9777 = CARTESIAN_POINT('',(39.597339782346,24.631245465538,1.3));
#9778 = VECTOR('',#9779,1.);
#9779 = DIRECTION('',(-0.,0.,1.));
#9780 = ADVANCED_FACE('',(#9781),#9792,.F.);
#9781 = FACE_BOUND('',#9782,.F.);
#9782 = EDGE_LOOP('',(#9783,#9784,#9790,#9791));
#9783 = ORIENTED_EDGE('',*,*,#197,.T.);
#9784 = ORIENTED_EDGE('',*,*,#9785,.T.);
#9785 = EDGE_CURVE('',#185,#4513,#9786,.T.);
#9786 = LINE('',#9787,#9788);
#9787 = CARTESIAN_POINT('',(39.740507859734,23.656928657799,1.3));
#9788 = VECTOR('',#9789,1.);
#9789 = DIRECTION('',(0.,0.,-1.));
#9790 = ORIENTED_EDGE('',*,*,#4525,.F.);
#9791 = ORIENTED_EDGE('',*,*,#9761,.F.);
#9792 = PLANE('',#9793);
#9793 = AXIS2_PLACEMENT_3D('',#9794,#9795,#9796);
#9794 = CARTESIAN_POINT('',(39.740507859734,23.656928657799,1.3));
#9795 = DIRECTION('',(0.999434014502,3.364001568901E-02,0.));
#9796 = DIRECTION('',(-3.364001568901E-02,0.999434014502,-0.));
#9797 = ADVANCED_FACE('',(#9798),#9809,.F.);
#9798 = FACE_BOUND('',#9799,.F.);
#9799 = EDGE_LOOP('',(#9800,#9801,#9807,#9808));
#9800 = ORIENTED_EDGE('',*,*,#184,.T.);
#9801 = ORIENTED_EDGE('',*,*,#9802,.T.);
#9802 = EDGE_CURVE('',#157,#4485,#9803,.T.);
#9803 = LINE('',#9804,#9805);
#9804 = CARTESIAN_POINT('',(39.83569528416,21.588343409915,1.3));
#9805 = VECTOR('',#9806,1.);
#9806 = DIRECTION('',(0.,0.,-1.));
#9807 = ORIENTED_EDGE('',*,*,#4512,.F.);
#9808 = ORIENTED_EDGE('',*,*,#9785,.F.);
#9809 = SURFACE_OF_LINEAR_EXTRUSION('',#9810,#9814);
#9810 = B_SPLINE_CURVE_WITH_KNOTS('',2,(#9811,#9812,#9813),
  .UNSPECIFIED.,.F.,.F.,(3,3),(0.,1.),.PIECEWISE_BEZIER_KNOTS.);
#9811 = CARTESIAN_POINT('',(39.83569528416,21.588343409915,1.3));
#9812 = CARTESIAN_POINT('',(39.83569528416,22.468246674728,1.3));
#9813 = CARTESIAN_POINT('',(39.740507859734,23.656928657799,1.3));
#9814 = VECTOR('',#9815,1.);
#9815 = DIRECTION('',(-0.,0.,1.));
#9816 = ADVANCED_FACE('',(#9817),#9828,.F.);
#9817 = FACE_BOUND('',#9818,.F.);
#9818 = EDGE_LOOP('',(#9819,#9820,#9826,#9827));
#9819 = ORIENTED_EDGE('',*,*,#156,.T.);
#9820 = ORIENTED_EDGE('',*,*,#9821,.T.);
#9821 = EDGE_CURVE('',#149,#4477,#9822,.T.);
#9822 = LINE('',#9823,#9824);
#9823 = CARTESIAN_POINT('',(39.858911729141,19.924498186215,1.3));
#9824 = VECTOR('',#9825,1.);
#9825 = DIRECTION('',(0.,0.,-1.));
#9826 = ORIENTED_EDGE('',*,*,#4484,.F.);
#9827 = ORIENTED_EDGE('',*,*,#9802,.F.);
#9828 = SURFACE_OF_LINEAR_EXTRUSION('',#9829,#9833);
#9829 = B_SPLINE_CURVE_WITH_KNOTS('',2,(#9830,#9831,#9832),
  .UNSPECIFIED.,.F.,.F.,(3,3),(0.,1.),.PIECEWISE_BEZIER_KNOTS.);
#9830 = CARTESIAN_POINT('',(39.858911729141,19.924498186215,1.3));
#9831 = CARTESIAN_POINT('',(39.83569528416,20.233276904474,1.3));
#9832 = CARTESIAN_POINT('',(39.83569528416,21.588343409915,1.3));
#9833 = VECTOR('',#9834,1.);
#9834 = DIRECTION('',(-0.,0.,1.));
#9835 = ADVANCED_FACE('',(#9836),#9847,.F.);
#9836 = FACE_BOUND('',#9837,.F.);
#9837 = EDGE_LOOP('',(#9838,#9839,#9845,#9846));
#9838 = ORIENTED_EDGE('',*,*,#148,.T.);
#9839 = ORIENTED_EDGE('',*,*,#9840,.T.);
#9840 = EDGE_CURVE('',#141,#4469,#9841,.T.);
#9841 = LINE('',#9842,#9843);
#9842 = CARTESIAN_POINT('',(39.954099153567,19.876517533253,1.3));
#9843 = VECTOR('',#9844,1.);
#9844 = DIRECTION('',(0.,0.,-1.));
#9845 = ORIENTED_EDGE('',*,*,#4476,.F.);
#9846 = ORIENTED_EDGE('',*,*,#9821,.F.);
#9847 = PLANE('',#9848);
#9848 = AXIS2_PLACEMENT_3D('',#9849,#9850,#9851);
#9849 = CARTESIAN_POINT('',(39.954099153567,19.876517533253,1.3));
#9850 = DIRECTION('',(0.450115207469,0.892970492237,0.));
#9851 = DIRECTION('',(-0.892970492237,0.450115207469,-0.));
#9852 = ADVANCED_FACE('',(#9853),#9864,.F.);
#9853 = FACE_BOUND('',#9854,.F.);
#9854 = EDGE_LOOP('',(#9855,#9856,#9862,#9863));
#9855 = ORIENTED_EDGE('',*,*,#140,.T.);
#9856 = ORIENTED_EDGE('',*,*,#9857,.T.);
#9857 = EDGE_CURVE('',#119,#4447,#9858,.T.);
#9858 = LINE('',#9859,#9860);
#9859 = CARTESIAN_POINT('',(40.073276904474,19.876517533253,1.3));
#9860 = VECTOR('',#9861,1.);
#9861 = DIRECTION('',(0.,0.,-1.));
#9862 = ORIENTED_EDGE('',*,*,#4468,.F.);
#9863 = ORIENTED_EDGE('',*,*,#9840,.F.);
#9864 = PLANE('',#9865);
#9865 = AXIS2_PLACEMENT_3D('',#9866,#9867,#9868);
#9866 = CARTESIAN_POINT('',(40.073276904474,19.876517533253,1.3));
#9867 = DIRECTION('',(0.,1.,0.));
#9868 = DIRECTION('',(-1.,0.,0.));
#9869 = ADVANCED_FACE('',(#9870),#9881,.F.);
#9870 = FACE_BOUND('',#9871,.F.);
#9871 = EDGE_LOOP('',(#9872,#9873,#9879,#9880));
#9872 = ORIENTED_EDGE('',*,*,#118,.F.);
#9873 = ORIENTED_EDGE('',*,*,#9874,.T.);
#9874 = EDGE_CURVE('',#109,#4437,#9875,.T.);
#9875 = LINE('',#9876,#9877);
#9876 = CARTESIAN_POINT('',(40.084885126965,19.888899637243,1.3));
#9877 = VECTOR('',#9878,1.);
#9878 = DIRECTION('',(0.,0.,-1.));
#9879 = ORIENTED_EDGE('',*,*,#4446,.T.);
#9880 = ORIENTED_EDGE('',*,*,#9857,.F.);
#9881 = SURFACE_OF_LINEAR_EXTRUSION('',#9882,#9886);
#9882 = B_SPLINE_CURVE_WITH_KNOTS('',2,(#9883,#9884,#9885),
  .UNSPECIFIED.,.F.,.F.,(3,3),(0.,1.),.PIECEWISE_BEZIER_KNOTS.);
#9883 = CARTESIAN_POINT('',(40.084885126965,19.888899637243,1.3));
#9884 = CARTESIAN_POINT('',(40.073276904474,19.876517533253,1.3));
#9885 = CARTESIAN_POINT('',(40.073276904474,19.876517533253,1.3));
#9886 = VECTOR('',#9887,1.);
#9887 = DIRECTION('',(-0.,0.,1.));
#9888 = ADVANCED_FACE('',(#9889),#9900,.F.);
#9889 = FACE_BOUND('',#9890,.F.);
#9890 = EDGE_LOOP('',(#9891,#9892,#9898,#9899));
#9891 = ORIENTED_EDGE('',*,*,#108,.T.);
#9892 = ORIENTED_EDGE('',*,*,#9893,.T.);
#9893 = EDGE_CURVE('',#101,#4429,#9894,.T.);
#9894 = LINE('',#9895,#9896);
#9895 = CARTESIAN_POINT('',(40.120483675937,19.924498186215,1.3));
#9896 = VECTOR('',#9897,1.);
#9897 = DIRECTION('',(0.,0.,-1.));
#9898 = ORIENTED_EDGE('',*,*,#4436,.F.);
#9899 = ORIENTED_EDGE('',*,*,#9874,.F.);
#9900 = SURFACE_OF_LINEAR_EXTRUSION('',#9901,#9905);
#9901 = B_SPLINE_CURVE_WITH_KNOTS('',2,(#9902,#9903,#9904),
  .UNSPECIFIED.,.F.,.F.,(3,3),(0.,1.),.PIECEWISE_BEZIER_KNOTS.);
#9902 = CARTESIAN_POINT('',(40.120483675937,19.924498186215,1.3));
#9903 = CARTESIAN_POINT('',(40.096493349456,19.900507859734,1.3));
#9904 = CARTESIAN_POINT('',(40.084885126965,19.888899637243,1.3));
#9905 = VECTOR('',#9906,1.);
#9906 = DIRECTION('',(-0.,0.,1.));
#9907 = ADVANCED_FACE('',(#9908),#9919,.F.);
#9908 = FACE_BOUND('',#9909,.F.);
#9909 = EDGE_LOOP('',(#9910,#9911,#9917,#9918));
#9910 = ORIENTED_EDGE('',*,*,#100,.T.);
#9911 = ORIENTED_EDGE('',*,*,#9912,.T.);
#9912 = EDGE_CURVE('',#73,#4401,#9913,.T.);
#9913 = LINE('',#9914,#9915);
#9914 = CARTESIAN_POINT('',(40.524449818622,20.566045949214,1.3));
#9915 = VECTOR('',#9916,1.);
#9916 = DIRECTION('',(0.,0.,-1.));
#9917 = ORIENTED_EDGE('',*,*,#4428,.F.);
#9918 = ORIENTED_EDGE('',*,*,#9893,.F.);
#9919 = PLANE('',#9920);
#9920 = AXIS2_PLACEMENT_3D('',#9921,#9922,#9923);
#9921 = CARTESIAN_POINT('',(40.524449818622,20.566045949214,1.3));
#9922 = DIRECTION('',(-0.84621579345,0.5328403428,-0.));
#9923 = DIRECTION('',(-0.5328403428,-0.84621579345,0.));
#9924 = ADVANCED_FACE('',(#9925),#9931,.F.);
#9925 = FACE_BOUND('',#9926,.F.);
#9926 = EDGE_LOOP('',(#9927,#9928,#9929,#9930));
#9927 = ORIENTED_EDGE('',*,*,#72,.T.);
#9928 = ORIENTED_EDGE('',*,*,#4349,.T.);
#9929 = ORIENTED_EDGE('',*,*,#4400,.F.);
#9930 = ORIENTED_EDGE('',*,*,#9912,.F.);
#9931 = SURFACE_OF_LINEAR_EXTRUSION('',#9932,#9936);
#9932 = B_SPLINE_CURVE_WITH_KNOTS('',2,(#9933,#9934,#9935),
  .UNSPECIFIED.,.F.,.F.,(3,3),(0.,1.),.PIECEWISE_BEZIER_KNOTS.);
#9933 = CARTESIAN_POINT('',(42.141088270859,23.014607013301,1.3));
#9934 = CARTESIAN_POINT('',(41.618718258767,22.32507859734,1.3));
#9935 = CARTESIAN_POINT('',(40.524449818622,20.566045949214,1.3));
#9936 = VECTOR('',#9937,1.);
#9937 = DIRECTION('',(-0.,0.,1.));
#9938 = ADVANCED_FACE('',(#9939),#9955,.F.);
#9939 = FACE_BOUND('',#9940,.F.);
#9940 = EDGE_LOOP('',(#9941,#9942,#9948,#9949));
#9941 = ORIENTED_EDGE('',*,*,#1010,.T.);
#9942 = ORIENTED_EDGE('',*,*,#9943,.T.);
#9943 = EDGE_CURVE('',#1013,#5341,#9944,.T.);
#9944 = LINE('',#9945,#9946);
#9945 = CARTESIAN_POINT('',(51.674534461911,25.130399032648,1.3));
#9946 = VECTOR('',#9947,1.);
#9947 = DIRECTION('',(0.,0.,-1.));
#9948 = ORIENTED_EDGE('',*,*,#5338,.F.);
#9949 = ORIENTED_EDGE('',*,*,#9950,.F.);
#9950 = EDGE_CURVE('',#1011,#5339,#9951,.T.);
#9951 = LINE('',#9952,#9953);
#9952 = CARTESIAN_POINT('',(51.128174123337,24.274486094317,1.3));
#9953 = VECTOR('',#9954,1.);
#9954 = DIRECTION('',(0.,0.,-1.));
#9955 = SURFACE_OF_LINEAR_EXTRUSION('',#9956,#9960);
#9956 = B_SPLINE_CURVE_WITH_KNOTS('',2,(#9957,#9958,#9959),
  .UNSPECIFIED.,.F.,.F.,(3,3),(0.,1.),.PIECEWISE_BEZIER_KNOTS.);
#9957 = CARTESIAN_POINT('',(51.674534461911,25.130399032648,1.3));
#9958 = CARTESIAN_POINT('',(51.246577992745,25.130399032648,1.3));
#9959 = CARTESIAN_POINT('',(51.128174123337,24.274486094317,1.3));
#9960 = VECTOR('',#9961,1.);
#9961 = DIRECTION('',(-0.,0.,1.));
#9962 = ADVANCED_FACE('',(#9963),#9974,.F.);
#9963 = FACE_BOUND('',#9964,.F.);
#9964 = EDGE_LOOP('',(#9965,#9966,#9972,#9973));
#9965 = ORIENTED_EDGE('',*,*,#1538,.T.);
#9966 = ORIENTED_EDGE('',*,*,#9967,.T.);
#9967 = EDGE_CURVE('',#1531,#5859,#9968,.T.);
#9968 = LINE('',#9969,#9970);
#9969 = CARTESIAN_POINT('',(52.221668681983,25.083192261185,1.3));
#9970 = VECTOR('',#9971,1.);
#9971 = DIRECTION('',(0.,0.,-1.));
#9972 = ORIENTED_EDGE('',*,*,#5866,.F.);
#9973 = ORIENTED_EDGE('',*,*,#9943,.F.);
#9974 = PLANE('',#9975);
#9975 = AXIS2_PLACEMENT_3D('',#9976,#9977,#9978);
#9976 = CARTESIAN_POINT('',(52.221668681983,25.083192261185,1.3));
#9977 = DIRECTION('',(8.596069346243E-02,0.996298529146,0.));
#9978 = DIRECTION('',(-0.996298529146,8.596069346243E-02,-0.));
#9979 = ADVANCED_FACE('',(#9980),#9991,.F.);
#9980 = FACE_BOUND('',#9981,.F.);
#9981 = EDGE_LOOP('',(#9982,#9983,#9989,#9990));
#9982 = ORIENTED_EDGE('',*,*,#1530,.T.);
#9983 = ORIENTED_EDGE('',*,*,#9984,.T.);
#9984 = EDGE_CURVE('',#1523,#5851,#9985,.T.);
#9985 = LINE('',#9986,#9987);
#9986 = CARTESIAN_POINT('',(52.792019347037,25.011995163241,1.3));
#9987 = VECTOR('',#9988,1.);
#9988 = DIRECTION('',(0.,0.,-1.));
#9989 = ORIENTED_EDGE('',*,*,#5858,.F.);
#9990 = ORIENTED_EDGE('',*,*,#9967,.F.);
#9991 = PLANE('',#9992);
#9992 = AXIS2_PLACEMENT_3D('',#9993,#9994,#9995);
#9993 = CARTESIAN_POINT('',(52.792019347037,25.011995163241,1.3));
#9994 = DIRECTION('',(0.123869021794,0.99229857676,0.));
#9995 = DIRECTION('',(-0.99229857676,0.123869021794,-0.));
#9996 = ADVANCED_FACE('',(#9997),#10008,.F.);
#9997 = FACE_BOUND('',#9998,.F.);
#9998 = EDGE_LOOP('',(#9999,#10000,#10006,#10007));
#9999 = ORIENTED_EDGE('',*,*,#1522,.T.);
#10000 = ORIENTED_EDGE('',*,*,#10001,.T.);
#10001 = EDGE_CURVE('',#1515,#5843,#10002,.T.);
#10002 = LINE('',#10003,#10004);
#10003 = CARTESIAN_POINT('',(53.410350665054,24.892817412334,1.3));
#10004 = VECTOR('',#10005,1.);
#10005 = DIRECTION('',(0.,0.,-1.));
#10006 = ORIENTED_EDGE('',*,*,#5850,.F.);
#10007 = ORIENTED_EDGE('',*,*,#9984,.F.);
#10008 = PLANE('',#10009);
#10009 = AXIS2_PLACEMENT_3D('',#10010,#10011,#10012);
#10010 = CARTESIAN_POINT('',(53.410350665054,24.892817412334,1.3));
#10011 = DIRECTION('',(0.189257610056,0.981927470354,0.));
#10012 = DIRECTION('',(-0.981927470354,0.189257610056,-0.));
#10013 = ADVANCED_FACE('',(#10014),#10030,.F.);
#10014 = FACE_BOUND('',#10015,.F.);
#10015 = EDGE_LOOP('',(#10016,#10017,#10023,#10024));
#10016 = ORIENTED_EDGE('',*,*,#1499,.T.);
#10017 = ORIENTED_EDGE('',*,*,#10018,.T.);
#10018 = EDGE_CURVE('',#1492,#5820,#10019,.T.);
#10019 = LINE('',#10020,#10021);
#10020 = CARTESIAN_POINT('',(55.66853688029,24.797629987908,1.3));
#10021 = VECTOR('',#10022,1.);
#10022 = DIRECTION('',(0.,0.,-1.));
#10023 = ORIENTED_EDGE('',*,*,#5827,.F.);
#10024 = ORIENTED_EDGE('',*,*,#10025,.F.);
#10025 = EDGE_CURVE('',#1500,#5828,#10026,.T.);
#10026 = LINE('',#10027,#10028);
#10027 = CARTESIAN_POINT('',(55.526142684401,24.892817412334,1.3));
#10028 = VECTOR('',#10029,1.);
#10029 = DIRECTION('',(0.,0.,-1.));
#10030 = SURFACE_OF_LINEAR_EXTRUSION('',#10031,#10035);
#10031 = B_SPLINE_CURVE_WITH_KNOTS('',2,(#10032,#10033,#10034),
  .UNSPECIFIED.,.F.,.F.,(3,3),(0.,1.),.PIECEWISE_BEZIER_KNOTS.);
#10032 = CARTESIAN_POINT('',(55.66853688029,24.797629987908,1.3));
#10033 = CARTESIAN_POINT('',(55.549359129383,24.797629987908,1.3));
#10034 = CARTESIAN_POINT('',(55.526142684401,24.892817412334,1.3));
#10035 = VECTOR('',#10036,1.);
#10036 = DIRECTION('',(-0.,0.,1.));
#10037 = ADVANCED_FACE('',(#10038),#10049,.F.);
#10038 = FACE_BOUND('',#10039,.F.);
#10039 = EDGE_LOOP('',(#10040,#10041,#10047,#10048));
#10040 = ORIENTED_EDGE('',*,*,#1491,.T.);
#10041 = ORIENTED_EDGE('',*,*,#10042,.T.);
#10042 = EDGE_CURVE('',#1479,#5807,#10043,.T.);
#10043 = LINE('',#10044,#10045);
#10044 = CARTESIAN_POINT('',(56.00130592503,24.821620314389,1.3));
#10045 = VECTOR('',#10046,1.);
#10046 = DIRECTION('',(0.,0.,-1.));
#10047 = ORIENTED_EDGE('',*,*,#5819,.F.);
#10048 = ORIENTED_EDGE('',*,*,#10018,.F.);
#10049 = PLANE('',#10050);
#10050 = AXIS2_PLACEMENT_3D('',#10051,#10052,#10053);
#10051 = CARTESIAN_POINT('',(56.00130592503,24.821620314389,1.3));
#10052 = DIRECTION('',(-7.190640211685E-02,0.997411384201,-0.));
#10053 = DIRECTION('',(-0.997411384201,-7.190640211685E-02,0.));
#10054 = ADVANCED_FACE('',(#10055),#10066,.F.);
#10055 = FACE_BOUND('',#10056,.F.);
#10056 = EDGE_LOOP('',(#10057,#10058,#10064,#10065));
#10057 = ORIENTED_EDGE('',*,*,#1478,.T.);
#10058 = ORIENTED_EDGE('',*,*,#10059,.T.);
#10059 = EDGE_CURVE('',#1468,#5796,#10060,.T.);
#10060 = LINE('',#10061,#10062);
#10061 = CARTESIAN_POINT('',(56.548440145103,24.892817412334,1.3));
#10062 = VECTOR('',#10063,1.);
#10063 = DIRECTION('',(0.,0.,-1.));
#10064 = ORIENTED_EDGE('',*,*,#5806,.F.);
#10065 = ORIENTED_EDGE('',*,*,#10042,.F.);
#10066 = SURFACE_OF_LINEAR_EXTRUSION('',#10067,#10071);
#10067 = B_SPLINE_CURVE_WITH_KNOTS('',2,(#10068,#10069,#10070),
  .UNSPECIFIED.,.F.,.F.,(3,3),(0.,1.),.PIECEWISE_BEZIER_KNOTS.);
#10068 = CARTESIAN_POINT('',(56.548440145103,24.892817412334,1.3));
#10069 = CARTESIAN_POINT('',(56.429262394196,24.892817412334,1.3));
#10070 = CARTESIAN_POINT('',(56.00130592503,24.821620314389,1.3));
#10071 = VECTOR('',#10072,1.);
#10072 = DIRECTION('',(-0.,0.,1.));
#10073 = ADVANCED_FACE('',(#10074),#10085,.F.);
#10074 = FACE_BOUND('',#10075,.F.);
#10075 = EDGE_LOOP('',(#10076,#10077,#10083,#10084));
#10076 = ORIENTED_EDGE('',*,*,#1467,.T.);
#10077 = ORIENTED_EDGE('',*,*,#10078,.T.);
#10078 = EDGE_CURVE('',#1460,#5788,#10079,.T.);
#10079 = LINE('',#10080,#10081);
#10080 = CARTESIAN_POINT('',(56.714824667473,24.821620314389,1.3));
#10081 = VECTOR('',#10082,1.);
#10082 = DIRECTION('',(0.,0.,-1.));
#10083 = ORIENTED_EDGE('',*,*,#5795,.F.);
#10084 = ORIENTED_EDGE('',*,*,#10059,.F.);
#10085 = SURFACE_OF_LINEAR_EXTRUSION('',#10086,#10090);
#10086 = B_SPLINE_CURVE_WITH_KNOTS('',2,(#10087,#10088,#10089),
  .UNSPECIFIED.,.F.,.F.,(3,3),(0.,1.),.PIECEWISE_BEZIER_KNOTS.);
#10087 = CARTESIAN_POINT('',(56.714824667473,24.821620314389,1.3));
#10088 = CARTESIAN_POINT('',(56.571656590085,24.868827085852,1.3));
#10089 = CARTESIAN_POINT('',(56.548440145103,24.892817412334,1.3));
#10090 = VECTOR('',#10091,1.);
#10091 = DIRECTION('',(-0.,0.,1.));
#10092 = ADVANCED_FACE('',(#10093),#10104,.F.);
#10093 = FACE_BOUND('',#10094,.F.);
#10094 = EDGE_LOOP('',(#10095,#10096,#10102,#10103));
#10095 = ORIENTED_EDGE('',*,*,#1459,.T.);
#10096 = ORIENTED_EDGE('',*,*,#10097,.T.);
#10097 = EDGE_CURVE('',#1447,#5775,#10098,.T.);
#10098 = LINE('',#10099,#10100);
#10099 = CARTESIAN_POINT('',(56.83322853688,24.821620314389,1.3));
#10100 = VECTOR('',#10101,1.);
#10101 = DIRECTION('',(0.,0.,-1.));
#10102 = ORIENTED_EDGE('',*,*,#5787,.F.);
#10103 = ORIENTED_EDGE('',*,*,#10078,.F.);
#10104 = PLANE('',#10105);
#10105 = AXIS2_PLACEMENT_3D('',#10106,#10107,#10108);
#10106 = CARTESIAN_POINT('',(56.83322853688,24.821620314389,1.3));
#10107 = DIRECTION('',(0.,1.,0.));
#10108 = DIRECTION('',(-1.,0.,0.));
#10109 = ADVANCED_FACE('',(#10110),#10121,.F.);
#10110 = FACE_BOUND('',#10111,.F.);
#10111 = EDGE_LOOP('',(#10112,#10113,#10119,#10120));
#10112 = ORIENTED_EDGE('',*,*,#1446,.T.);
#10113 = ORIENTED_EDGE('',*,*,#10114,.T.);
#10114 = EDGE_CURVE('',#1439,#5767,#10115,.T.);
#10115 = LINE('',#10116,#10117);
#10116 = CARTESIAN_POINT('',(56.881209189843,24.797629987908,1.3));
#10117 = VECTOR('',#10118,1.);
#10118 = DIRECTION('',(0.,0.,-1.));
#10119 = ORIENTED_EDGE('',*,*,#5774,.F.);
#10120 = ORIENTED_EDGE('',*,*,#10097,.F.);
#10121 = SURFACE_OF_LINEAR_EXTRUSION('',#10122,#10126);
#10122 = B_SPLINE_CURVE_WITH_KNOTS('',2,(#10123,#10124,#10125),
  .UNSPECIFIED.,.F.,.F.,(3,3),(0.,1.),.PIECEWISE_BEZIER_KNOTS.);
#10123 = CARTESIAN_POINT('',(56.881209189843,24.797629987908,1.3));
#10124 = CARTESIAN_POINT('',(56.83322853688,24.797629987908,1.3));
#10125 = CARTESIAN_POINT('',(56.83322853688,24.821620314389,1.3));
#10126 = VECTOR('',#10127,1.);
#10127 = DIRECTION('',(-0.,0.,1.));
#10128 = ADVANCED_FACE('',(#10129),#10140,.F.);
#10129 = FACE_BOUND('',#10130,.F.);
#10130 = EDGE_LOOP('',(#10131,#10132,#10138,#10139));
#10131 = ORIENTED_EDGE('',*,*,#1438,.T.);
#10132 = ORIENTED_EDGE('',*,*,#10133,.T.);
#10133 = EDGE_CURVE('',#1431,#5759,#10134,.T.);
#10134 = LINE('',#10135,#10136);
#10135 = CARTESIAN_POINT('',(56.952406287787,24.821620314389,1.3));
#10136 = VECTOR('',#10137,1.);
#10137 = DIRECTION('',(0.,0.,-1.));
#10138 = ORIENTED_EDGE('',*,*,#5766,.F.);
#10139 = ORIENTED_EDGE('',*,*,#10114,.F.);
#10140 = PLANE('',#10141);
#10141 = AXIS2_PLACEMENT_3D('',#10142,#10143,#10144);
#10142 = CARTESIAN_POINT('',(56.952406287787,24.821620314389,1.3));
#10143 = DIRECTION('',(-0.319316245627,0.947648212829,-0.));
#10144 = DIRECTION('',(-0.947648212829,-0.319316245627,0.));
#10145 = ADVANCED_FACE('',(#10146),#10157,.F.);
#10146 = FACE_BOUND('',#10147,.F.);
#10147 = EDGE_LOOP('',(#10148,#10149,#10155,#10156));
#10148 = ORIENTED_EDGE('',*,*,#1430,.T.);
#10149 = ORIENTED_EDGE('',*,*,#10150,.T.);
#10150 = EDGE_CURVE('',#1412,#5740,#10151,.T.);
#10151 = LINE('',#10152,#10153);
#10152 = CARTESIAN_POINT('',(56.976396614268,24.845610640871,1.3));
#10153 = VECTOR('',#10154,1.);
#10154 = DIRECTION('',(0.,0.,-1.));
#10155 = ORIENTED_EDGE('',*,*,#5758,.F.);
#10156 = ORIENTED_EDGE('',*,*,#10133,.F.);
#10157 = PLANE('',#10158);
#10158 = AXIS2_PLACEMENT_3D('',#10159,#10160,#10161);
#10159 = CARTESIAN_POINT('',(56.976396614268,24.845610640871,1.3));
#10160 = DIRECTION('',(-0.707106781187,0.707106781187,-0.));
#10161 = DIRECTION('',(-0.707106781187,-0.707106781187,0.));
#10162 = ADVANCED_FACE('',(#10163),#10174,.F.);
#10163 = FACE_BOUND('',#10164,.F.);
#10164 = EDGE_LOOP('',(#10165,#10166,#10172,#10173));
#10165 = ORIENTED_EDGE('',*,*,#1411,.T.);
#10166 = ORIENTED_EDGE('',*,*,#10167,.T.);
#10167 = EDGE_CURVE('',#1400,#5728,#10168,.T.);
#10168 = LINE('',#10169,#10170);
#10169 = CARTESIAN_POINT('',(57.427569528416,24.679226118501,1.3));
#10170 = VECTOR('',#10171,1.);
#10171 = DIRECTION('',(0.,0.,-1.));
#10172 = ORIENTED_EDGE('',*,*,#5739,.F.);
#10173 = ORIENTED_EDGE('',*,*,#10150,.F.);
#10174 = SURFACE_OF_LINEAR_EXTRUSION('',#10175,#10179);
#10175 = B_SPLINE_CURVE_WITH_KNOTS('',2,(#10176,#10177,#10178),
  .UNSPECIFIED.,.F.,.F.,(3,3),(0.,1.),.PIECEWISE_BEZIER_KNOTS.);
#10176 = CARTESIAN_POINT('',(57.427569528416,24.679226118501,1.3));
#10177 = CARTESIAN_POINT('',(57.285175332527,24.845610640871,1.3));
#10178 = CARTESIAN_POINT('',(56.976396614268,24.845610640871,1.3));
#10179 = VECTOR('',#10180,1.);
#10180 = DIRECTION('',(-0.,0.,1.));
#10181 = ADVANCED_FACE('',(#10182),#10193,.F.);
#10182 = FACE_BOUND('',#10183,.F.);
#10183 = EDGE_LOOP('',(#10184,#10185,#10191,#10192));
#10184 = ORIENTED_EDGE('',*,*,#1399,.T.);
#10185 = ORIENTED_EDGE('',*,*,#10186,.T.);
#10186 = EDGE_CURVE('',#1388,#5716,#10187,.T.);
#10187 = LINE('',#10188,#10189);
#10188 = CARTESIAN_POINT('',(57.582345828295,24.215671100363,1.3));
#10189 = VECTOR('',#10190,1.);
#10190 = DIRECTION('',(0.,0.,-1.));
#10191 = ORIENTED_EDGE('',*,*,#5727,.F.);
#10192 = ORIENTED_EDGE('',*,*,#10167,.F.);
#10193 = SURFACE_OF_LINEAR_EXTRUSION('',#10194,#10198);
#10194 = B_SPLINE_CURVE_WITH_KNOTS('',2,(#10195,#10196,#10197),
  .UNSPECIFIED.,.F.,.F.,(3,3),(0.,1.),.PIECEWISE_BEZIER_KNOTS.);
#10195 = CARTESIAN_POINT('',(57.582345828295,24.215671100363,1.3));
#10196 = CARTESIAN_POINT('',(57.546747279323,24.512841596131,1.3));
#10197 = CARTESIAN_POINT('',(57.427569528416,24.679226118501,1.3));
#10198 = VECTOR('',#10199,1.);
#10199 = DIRECTION('',(-0.,0.,1.));
#10200 = ADVANCED_FACE('',(#10201),#10212,.F.);
#10201 = FACE_BOUND('',#10202,.F.);
#10202 = EDGE_LOOP('',(#10203,#10204,#10210,#10211));
#10203 = ORIENTED_EDGE('',*,*,#1387,.T.);
#10204 = ORIENTED_EDGE('',*,*,#10205,.T.);
#10205 = EDGE_CURVE('',#1377,#5705,#10206,.T.);
#10206 = LINE('',#10207,#10208);
#10207 = CARTESIAN_POINT('',(57.617944377267,23.419347037485,1.3));
#10208 = VECTOR('',#10209,1.);
#10209 = DIRECTION('',(0.,0.,-1.));
#10210 = ORIENTED_EDGE('',*,*,#5715,.F.);
#10211 = ORIENTED_EDGE('',*,*,#10186,.F.);
#10212 = SURFACE_OF_LINEAR_EXTRUSION('',#10213,#10217);
#10213 = B_SPLINE_CURVE_WITH_KNOTS('',2,(#10214,#10215,#10216),
  .UNSPECIFIED.,.F.,.F.,(3,3),(0.,1.),.PIECEWISE_BEZIER_KNOTS.);
#10214 = CARTESIAN_POINT('',(57.617944377267,23.419347037485,1.3));
#10215 = CARTESIAN_POINT('',(57.617944377267,23.918500604595,1.3));
#10216 = CARTESIAN_POINT('',(57.582345828295,24.215671100363,1.3));
#10217 = VECTOR('',#10218,1.);
#10218 = DIRECTION('',(-0.,0.,1.));
#10219 = ADVANCED_FACE('',(#10220),#10231,.F.);
#10220 = FACE_BOUND('',#10221,.F.);
#10221 = EDGE_LOOP('',(#10222,#10223,#10229,#10230));
#10222 = ORIENTED_EDGE('',*,*,#1376,.T.);
#10223 = ORIENTED_EDGE('',*,*,#10224,.T.);
#10224 = EDGE_CURVE('',#1369,#5697,#10225,.T.);
#10225 = LINE('',#10226,#10227);
#10226 = CARTESIAN_POINT('',(57.66592503023,22.444256348247,1.3));
#10227 = VECTOR('',#10228,1.);
#10228 = DIRECTION('',(0.,0.,-1.));
#10229 = ORIENTED_EDGE('',*,*,#5704,.F.);
#10230 = ORIENTED_EDGE('',*,*,#10205,.F.);
#10231 = SURFACE_OF_LINEAR_EXTRUSION('',#10232,#10236);
#10232 = B_SPLINE_CURVE_WITH_KNOTS('',2,(#10233,#10234,#10235),
  .UNSPECIFIED.,.F.,.F.,(3,3),(0.,1.),.PIECEWISE_BEZIER_KNOTS.);
#10233 = CARTESIAN_POINT('',(57.66592503023,22.444256348247,1.3));
#10234 = CARTESIAN_POINT('',(57.593954050786,23.038597339782,1.3));
#10235 = CARTESIAN_POINT('',(57.617944377267,23.419347037485,1.3));
#10236 = VECTOR('',#10237,1.);
#10237 = DIRECTION('',(-0.,0.,1.));
#10238 = ADVANCED_FACE('',(#10239),#10250,.F.);
#10239 = FACE_BOUND('',#10240,.F.);
#10240 = EDGE_LOOP('',(#10241,#10242,#10248,#10249));
#10241 = ORIENTED_EDGE('',*,*,#1368,.T.);
#10242 = ORIENTED_EDGE('',*,*,#10243,.T.);
#10243 = EDGE_CURVE('',#1361,#5689,#10244,.T.);
#10244 = LINE('',#10245,#10246);
#10245 = CARTESIAN_POINT('',(57.737122128174,21.541136638452,1.3));
#10246 = VECTOR('',#10247,1.);
#10247 = DIRECTION('',(0.,0.,-1.));
#10248 = ORIENTED_EDGE('',*,*,#5696,.F.);
#10249 = ORIENTED_EDGE('',*,*,#10224,.F.);
#10250 = PLANE('',#10251);
#10251 = AXIS2_PLACEMENT_3D('',#10252,#10253,#10254);
#10252 = CARTESIAN_POINT('',(57.737122128174,21.541136638452,1.3));
#10253 = DIRECTION('',(0.996906961194,7.859078014551E-02,0.));
#10254 = DIRECTION('',(-7.859078014551E-02,0.996906961194,-0.));
#10255 = ADVANCED_FACE('',(#10256),#10267,.F.);
#10256 = FACE_BOUND('',#10257,.F.);
#10257 = EDGE_LOOP('',(#10258,#10259,#10265,#10266));
#10258 = ORIENTED_EDGE('',*,*,#1360,.T.);
#10259 = ORIENTED_EDGE('',*,*,#10260,.T.);
#10260 = EDGE_CURVE('',#1347,#5675,#10261,.T.);
#10261 = LINE('',#10262,#10263);
#10262 = CARTESIAN_POINT('',(57.737122128174,16.904812575574,1.3));
#10263 = VECTOR('',#10264,1.);
#10264 = DIRECTION('',(0.,0.,-1.));
#10265 = ORIENTED_EDGE('',*,*,#5688,.F.);
#10266 = ORIENTED_EDGE('',*,*,#10243,.F.);
#10267 = PLANE('',#10268);
#10268 = AXIS2_PLACEMENT_3D('',#10269,#10270,#10271);
#10269 = CARTESIAN_POINT('',(57.737122128174,16.904812575574,1.3));
#10270 = DIRECTION('',(1.,0.,0.));
#10271 = DIRECTION('',(0.,1.,0.));
#10272 = ADVANCED_FACE('',(#10273),#10284,.F.);
#10273 = FACE_BOUND('',#10274,.F.);
#10274 = EDGE_LOOP('',(#10275,#10276,#10282,#10283));
#10275 = ORIENTED_EDGE('',*,*,#1346,.T.);
#10276 = ORIENTED_EDGE('',*,*,#10277,.T.);
#10277 = EDGE_CURVE('',#1336,#5664,#10278,.T.);
#10278 = LINE('',#10279,#10280);
#10279 = CARTESIAN_POINT('',(57.808319226118,15.549746070133,1.3));
#10280 = VECTOR('',#10281,1.);
#10281 = DIRECTION('',(0.,0.,-1.));
#10282 = ORIENTED_EDGE('',*,*,#5674,.F.);
#10283 = ORIENTED_EDGE('',*,*,#10260,.F.);
#10284 = SURFACE_OF_LINEAR_EXTRUSION('',#10285,#10289);
#10285 = B_SPLINE_CURVE_WITH_KNOTS('',2,(#10286,#10287,#10288),
  .UNSPECIFIED.,.F.,.F.,(3,3),(0.,1.),.PIECEWISE_BEZIER_KNOTS.);
#10286 = CARTESIAN_POINT('',(57.808319226118,15.549746070133,1.3));
#10287 = CARTESIAN_POINT('',(57.737122128174,16.405659008464,1.3));
#10288 = CARTESIAN_POINT('',(57.737122128174,16.904812575574,1.3));
#10289 = VECTOR('',#10290,1.);
#10290 = DIRECTION('',(-0.,0.,1.));
#10291 = ADVANCED_FACE('',(#10292),#10303,.F.);
#10292 = FACE_BOUND('',#10293,.F.);
#10293 = EDGE_LOOP('',(#10294,#10295,#10301,#10302));
#10294 = ORIENTED_EDGE('',*,*,#1335,.T.);
#10295 = ORIENTED_EDGE('',*,*,#10296,.T.);
#10296 = EDGE_CURVE('',#1325,#5653,#10297,.T.);
#10297 = LINE('',#10298,#10299);
#10298 = CARTESIAN_POINT('',(57.867908101572,15.205368802902,1.3));
#10299 = VECTOR('',#10300,1.);
#10300 = DIRECTION('',(0.,0.,-1.));
#10301 = ORIENTED_EDGE('',*,*,#5663,.F.);
#10302 = ORIENTED_EDGE('',*,*,#10277,.F.);
#10303 = SURFACE_OF_LINEAR_EXTRUSION('',#10304,#10308);
#10304 = B_SPLINE_CURVE_WITH_KNOTS('',2,(#10305,#10306,#10307),
  .UNSPECIFIED.,.F.,.F.,(3,3),(0.,1.),.PIECEWISE_BEZIER_KNOTS.);
#10305 = CARTESIAN_POINT('',(57.867908101572,15.205368802902,1.3));
#10306 = CARTESIAN_POINT('',(57.8323095526,15.3361547763,1.3));
#10307 = CARTESIAN_POINT('',(57.808319226118,15.549746070133,1.3));
#10308 = VECTOR('',#10309,1.);
#10309 = DIRECTION('',(-0.,0.,1.));
#10310 = ADVANCED_FACE('',(#10311),#10322,.F.);
#10311 = FACE_BOUND('',#10312,.F.);
#10312 = EDGE_LOOP('',(#10313,#10314,#10320,#10321));
#10313 = ORIENTED_EDGE('',*,*,#1324,.T.);
#10314 = ORIENTED_EDGE('',*,*,#10315,.T.);
#10315 = EDGE_CURVE('',#1317,#5645,#10316,.T.);
#10316 = LINE('',#10317,#10318);
#10317 = CARTESIAN_POINT('',(57.903506650544,15.050592503023,1.3));
#10318 = VECTOR('',#10319,1.);
#10319 = DIRECTION('',(0.,0.,-1.));
#10320 = ORIENTED_EDGE('',*,*,#5652,.F.);
#10321 = ORIENTED_EDGE('',*,*,#10296,.F.);
#10322 = SURFACE_OF_LINEAR_EXTRUSION('',#10323,#10327);
#10323 = B_SPLINE_CURVE_WITH_KNOTS('',2,(#10324,#10325,#10326),
  .UNSPECIFIED.,.F.,.F.,(3,3),(0.,1.),.PIECEWISE_BEZIER_KNOTS.);
#10324 = CARTESIAN_POINT('',(57.903506650544,15.050592503023,1.3));
#10325 = CARTESIAN_POINT('',(57.903506650544,15.074582829504,1.3));
#10326 = CARTESIAN_POINT('',(57.867908101572,15.205368802902,1.3));
#10327 = VECTOR('',#10328,1.);
#10328 = DIRECTION('',(-0.,0.,1.));
#10329 = ADVANCED_FACE('',(#10330),#10341,.F.);
#10330 = FACE_BOUND('',#10331,.F.);
#10331 = EDGE_LOOP('',(#10332,#10333,#10339,#10340));
#10332 = ORIENTED_EDGE('',*,*,#1316,.T.);
#10333 = ORIENTED_EDGE('',*,*,#10334,.T.);
#10334 = EDGE_CURVE('',#1309,#5637,#10335,.T.);
#10335 = LINE('',#10336,#10337);
#10336 = CARTESIAN_POINT('',(57.8323095526,10.961402660218,1.3));
#10337 = VECTOR('',#10338,1.);
#10338 = DIRECTION('',(0.,0.,-1.));
#10339 = ORIENTED_EDGE('',*,*,#5644,.F.);
#10340 = ORIENTED_EDGE('',*,*,#10315,.F.);
#10341 = PLANE('',#10342);
#10342 = AXIS2_PLACEMENT_3D('',#10343,#10344,#10345);
#10343 = CARTESIAN_POINT('',(57.8323095526,10.961402660218,1.3));
#10344 = DIRECTION('',(0.999848462083,-1.740841379856E-02,0.));
#10345 = DIRECTION('',(1.740841379856E-02,0.999848462083,0.));
#10346 = ADVANCED_FACE('',(#10347),#10358,.F.);
#10347 = FACE_BOUND('',#10348,.F.);
#10348 = EDGE_LOOP('',(#10349,#10350,#10356,#10357));
#10349 = ORIENTED_EDGE('',*,*,#1308,.T.);
#10350 = ORIENTED_EDGE('',*,*,#10351,.T.);
#10351 = EDGE_CURVE('',#1298,#5626,#10352,.T.);
#10352 = LINE('',#10353,#10354);
#10353 = CARTESIAN_POINT('',(56.072503022975,10.961402660218,1.3));
#10354 = VECTOR('',#10355,1.);
#10355 = DIRECTION('',(0.,0.,-1.));
#10356 = ORIENTED_EDGE('',*,*,#5636,.F.);
#10357 = ORIENTED_EDGE('',*,*,#10334,.F.);
#10358 = PLANE('',#10359);
#10359 = AXIS2_PLACEMENT_3D('',#10360,#10361,#10362);
#10360 = CARTESIAN_POINT('',(56.072503022975,10.961402660218,1.3));
#10361 = DIRECTION('',(0.,-1.,0.));
#10362 = DIRECTION('',(1.,0.,0.));
#10363 = ADVANCED_FACE('',(#10364),#10375,.F.);
#10364 = FACE_BOUND('',#10365,.F.);
#10365 = EDGE_LOOP('',(#10366,#10367,#10373,#10374));
#10366 = ORIENTED_EDGE('',*,*,#1297,.T.);
#10367 = ORIENTED_EDGE('',*,*,#10368,.T.);
#10368 = EDGE_CURVE('',#1288,#5616,#10369,.T.);
#10369 = LINE('',#10370,#10371);
#10370 = CARTESIAN_POINT('',(55.930108827086,10.925804111245,1.3));
#10371 = VECTOR('',#10372,1.);
#10372 = DIRECTION('',(0.,0.,-1.));
#10373 = ORIENTED_EDGE('',*,*,#5625,.F.);
#10374 = ORIENTED_EDGE('',*,*,#10351,.F.);
#10375 = SURFACE_OF_LINEAR_EXTRUSION('',#10376,#10380);
#10376 = B_SPLINE_CURVE_WITH_KNOTS('',2,(#10377,#10378,#10379),
  .UNSPECIFIED.,.F.,.F.,(3,3),(0.,1.),.PIECEWISE_BEZIER_KNOTS.);
#10377 = CARTESIAN_POINT('',(55.930108827086,10.925804111245,1.3));
#10378 = CARTESIAN_POINT('',(56.025296251511,10.961402660218,1.3));
#10379 = CARTESIAN_POINT('',(56.072503022975,10.961402660218,1.3));
#10380 = VECTOR('',#10381,1.);
#10381 = DIRECTION('',(-0.,0.,1.));
#10382 = ADVANCED_FACE('',(#10383),#10394,.F.);
#10383 = FACE_BOUND('',#10384,.F.);
#10384 = EDGE_LOOP('',(#10385,#10386,#10392,#10393));
#10385 = ORIENTED_EDGE('',*,*,#1287,.T.);
#10386 = ORIENTED_EDGE('',*,*,#10387,.T.);
#10387 = EDGE_CURVE('',#1269,#5597,#10388,.T.);
#10388 = LINE('',#10389,#10390);
#10389 = CARTESIAN_POINT('',(55.763724304716,10.890205562273,1.3));
#10390 = VECTOR('',#10391,1.);
#10391 = DIRECTION('',(0.,0.,-1.));
#10392 = ORIENTED_EDGE('',*,*,#5615,.F.);
#10393 = ORIENTED_EDGE('',*,*,#10368,.F.);
#10394 = SURFACE_OF_LINEAR_EXTRUSION('',#10395,#10399);
#10395 = B_SPLINE_CURVE_WITH_KNOTS('',2,(#10396,#10397,#10398),
  .UNSPECIFIED.,.F.,.F.,(3,3),(0.,1.),.PIECEWISE_BEZIER_KNOTS.);
#10396 = CARTESIAN_POINT('',(55.763724304716,10.890205562273,1.3));
#10397 = CARTESIAN_POINT('',(55.83492140266,10.890205562273,1.3));
#10398 = CARTESIAN_POINT('',(55.930108827086,10.925804111245,1.3));
#10399 = VECTOR('',#10400,1.);
#10400 = DIRECTION('',(-0.,0.,1.));
#10401 = ADVANCED_FACE('',(#10402),#10413,.F.);
#10402 = FACE_BOUND('',#10403,.F.);
#10403 = EDGE_LOOP('',(#10404,#10405,#10411,#10412));
#10404 = ORIENTED_EDGE('',*,*,#1268,.F.);
#10405 = ORIENTED_EDGE('',*,*,#10406,.T.);
#10406 = EDGE_CURVE('',#1259,#5587,#10407,.T.);
#10407 = LINE('',#10408,#10409);
#10408 = CARTESIAN_POINT('',(55.739733978235,10.890205562273,1.3));
#10409 = VECTOR('',#10410,1.);
#10410 = DIRECTION('',(0.,0.,-1.));
#10411 = ORIENTED_EDGE('',*,*,#5596,.T.);
#10412 = ORIENTED_EDGE('',*,*,#10387,.F.);
#10413 = SURFACE_OF_LINEAR_EXTRUSION('',#10414,#10418);
#10414 = B_SPLINE_CURVE_WITH_KNOTS('',2,(#10415,#10416,#10417),
  .UNSPECIFIED.,.F.,.F.,(3,3),(0.,1.),.PIECEWISE_BEZIER_KNOTS.);
#10415 = CARTESIAN_POINT('',(55.739733978235,10.890205562273,1.3));
#10416 = CARTESIAN_POINT('',(55.763724304716,10.890205562273,1.3));
#10417 = CARTESIAN_POINT('',(55.763724304716,10.890205562273,1.3));
#10418 = VECTOR('',#10419,1.);
#10419 = DIRECTION('',(-0.,0.,1.));
#10420 = ADVANCED_FACE('',(#10421),#10432,.F.);
#10421 = FACE_BOUND('',#10422,.F.);
#10422 = EDGE_LOOP('',(#10423,#10424,#10430,#10431));
#10423 = ORIENTED_EDGE('',*,*,#1258,.T.);
#10424 = ORIENTED_EDGE('',*,*,#10425,.T.);
#10425 = EDGE_CURVE('',#1248,#5576,#10426,.T.);
#10426 = LINE('',#10427,#10428);
#10427 = CARTESIAN_POINT('',(55.692527206771,10.914195888755,1.3));
#10428 = VECTOR('',#10429,1.);
#10429 = DIRECTION('',(0.,0.,-1.));
#10430 = ORIENTED_EDGE('',*,*,#5586,.F.);
#10431 = ORIENTED_EDGE('',*,*,#10406,.F.);
#10432 = SURFACE_OF_LINEAR_EXTRUSION('',#10433,#10437);
#10433 = B_SPLINE_CURVE_WITH_KNOTS('',2,(#10434,#10435,#10436),
  .UNSPECIFIED.,.F.,.F.,(3,3),(0.,1.),.PIECEWISE_BEZIER_KNOTS.);
#10434 = CARTESIAN_POINT('',(55.692527206771,10.914195888755,1.3));
#10435 = CARTESIAN_POINT('',(55.716517533253,10.890205562273,1.3));
#10436 = CARTESIAN_POINT('',(55.739733978235,10.890205562273,1.3));
#10437 = VECTOR('',#10438,1.);
#10438 = DIRECTION('',(-0.,0.,1.));
#10439 = ADVANCED_FACE('',(#10440),#10451,.F.);
#10440 = FACE_BOUND('',#10441,.F.);
#10441 = EDGE_LOOP('',(#10442,#10443,#10449,#10450));
#10442 = ORIENTED_EDGE('',*,*,#1247,.T.);
#10443 = ORIENTED_EDGE('',*,*,#10444,.T.);
#10444 = EDGE_CURVE('',#1237,#5565,#10445,.T.);
#10445 = LINE('',#10446,#10447);
#10446 = CARTESIAN_POINT('',(55.549359129383,10.938186215236,1.3));
#10447 = VECTOR('',#10448,1.);
#10448 = DIRECTION('',(0.,0.,-1.));
#10449 = ORIENTED_EDGE('',*,*,#5575,.F.);
#10450 = ORIENTED_EDGE('',*,*,#10425,.F.);
#10451 = SURFACE_OF_LINEAR_EXTRUSION('',#10452,#10456);
#10452 = B_SPLINE_CURVE_WITH_KNOTS('',2,(#10453,#10454,#10455),
  .UNSPECIFIED.,.F.,.F.,(3,3),(0.,1.),.PIECEWISE_BEZIER_KNOTS.);
#10453 = CARTESIAN_POINT('',(55.549359129383,10.938186215236,1.3));
#10454 = CARTESIAN_POINT('',(55.597339782346,10.914195888755,1.3));
#10455 = CARTESIAN_POINT('',(55.692527206771,10.914195888755,1.3));
#10456 = VECTOR('',#10457,1.);
#10457 = DIRECTION('',(-0.,0.,1.));
#10458 = ADVANCED_FACE('',(#10459),#10470,.F.);
#10459 = FACE_BOUND('',#10460,.F.);
#10460 = EDGE_LOOP('',(#10461,#10462,#10468,#10469));
#10461 = ORIENTED_EDGE('',*,*,#1236,.T.);
#10462 = ORIENTED_EDGE('',*,*,#10463,.T.);
#10463 = EDGE_CURVE('',#1229,#5557,#10464,.T.);
#10464 = LINE('',#10465,#10466);
#10465 = CARTESIAN_POINT('',(55.430955259976,10.961402660218,1.3));
#10466 = VECTOR('',#10467,1.);
#10467 = DIRECTION('',(0.,0.,-1.));
#10468 = ORIENTED_EDGE('',*,*,#5564,.F.);
#10469 = ORIENTED_EDGE('',*,*,#10444,.F.);
#10470 = SURFACE_OF_LINEAR_EXTRUSION('',#10471,#10475);
#10471 = B_SPLINE_CURVE_WITH_KNOTS('',2,(#10472,#10473,#10474),
  .UNSPECIFIED.,.F.,.F.,(3,3),(0.,1.),.PIECEWISE_BEZIER_KNOTS.);
#10472 = CARTESIAN_POINT('',(55.430955259976,10.961402660218,1.3));
#10473 = CARTESIAN_POINT('',(55.454945586457,10.938186215236,1.3));
#10474 = CARTESIAN_POINT('',(55.549359129383,10.938186215236,1.3));
#10475 = VECTOR('',#10476,1.);
#10476 = DIRECTION('',(-0.,0.,1.));
#10477 = ADVANCED_FACE('',(#10478),#10489,.F.);
#10478 = FACE_BOUND('',#10479,.F.);
#10479 = EDGE_LOOP('',(#10480,#10481,#10487,#10488));
#10480 = ORIENTED_EDGE('',*,*,#1228,.T.);
#10481 = ORIENTED_EDGE('',*,*,#10482,.T.);
#10482 = EDGE_CURVE('',#1216,#5544,#10483,.T.);
#10483 = LINE('',#10484,#10485);
#10484 = CARTESIAN_POINT('',(55.33576783555,10.961402660218,1.3));
#10485 = VECTOR('',#10486,1.);
#10486 = DIRECTION('',(0.,0.,-1.));
#10487 = ORIENTED_EDGE('',*,*,#5556,.F.);
#10488 = ORIENTED_EDGE('',*,*,#10463,.F.);
#10489 = PLANE('',#10490);
#10490 = AXIS2_PLACEMENT_3D('',#10491,#10492,#10493);
#10491 = CARTESIAN_POINT('',(55.33576783555,10.961402660218,1.3));
#10492 = DIRECTION('',(0.,-1.,0.));
#10493 = DIRECTION('',(1.,0.,0.));
#10494 = ADVANCED_FACE('',(#10495),#10506,.F.);
#10495 = FACE_BOUND('',#10496,.F.);
#10496 = EDGE_LOOP('',(#10497,#10498,#10504,#10505));
#10497 = ORIENTED_EDGE('',*,*,#1215,.T.);
#10498 = ORIENTED_EDGE('',*,*,#10499,.T.);
#10499 = EDGE_CURVE('',#1208,#5536,#10500,.T.);
#10500 = LINE('',#10501,#10502);
#10501 = CARTESIAN_POINT('',(55.16938331318,10.890205562273,1.3));
#10502 = VECTOR('',#10503,1.);
#10503 = DIRECTION('',(0.,0.,-1.));
#10504 = ORIENTED_EDGE('',*,*,#5543,.F.);
#10505 = ORIENTED_EDGE('',*,*,#10482,.F.);
#10506 = SURFACE_OF_LINEAR_EXTRUSION('',#10507,#10511);
#10507 = B_SPLINE_CURVE_WITH_KNOTS('',2,(#10508,#10509,#10510),
  .UNSPECIFIED.,.F.,.F.,(3,3),(0.,1.),.PIECEWISE_BEZIER_KNOTS.);
#10508 = CARTESIAN_POINT('',(55.16938331318,10.890205562273,1.3));
#10509 = CARTESIAN_POINT('',(55.240580411125,10.961402660218,1.3));
#10510 = CARTESIAN_POINT('',(55.33576783555,10.961402660218,1.3));
#10511 = VECTOR('',#10512,1.);
#10512 = DIRECTION('',(-0.,0.,1.));
#10513 = ADVANCED_FACE('',(#10514),#10525,.F.);
#10514 = FACE_BOUND('',#10515,.F.);
#10515 = EDGE_LOOP('',(#10516,#10517,#10523,#10524));
#10516 = ORIENTED_EDGE('',*,*,#1207,.T.);
#10517 = ORIENTED_EDGE('',*,*,#10518,.T.);
#10518 = EDGE_CURVE('',#1200,#5528,#10519,.T.);
#10519 = LINE('',#10520,#10521);
#10520 = CARTESIAN_POINT('',(54.123095525998,10.890205562273,1.3));
#10521 = VECTOR('',#10522,1.);
#10522 = DIRECTION('',(0.,0.,-1.));
#10523 = ORIENTED_EDGE('',*,*,#5535,.F.);
#10524 = ORIENTED_EDGE('',*,*,#10499,.F.);
#10525 = PLANE('',#10526);
#10526 = AXIS2_PLACEMENT_3D('',#10527,#10528,#10529);
#10527 = CARTESIAN_POINT('',(54.123095525998,10.890205562273,1.3));
#10528 = DIRECTION('',(0.,-1.,0.));
#10529 = DIRECTION('',(1.,0.,0.));
#10530 = ADVANCED_FACE('',(#10531),#10542,.F.);
#10531 = FACE_BOUND('',#10532,.F.);
#10532 = EDGE_LOOP('',(#10533,#10534,#10540,#10541));
#10533 = ORIENTED_EDGE('',*,*,#1199,.T.);
#10534 = ORIENTED_EDGE('',*,*,#10535,.T.);
#10535 = EDGE_CURVE('',#1179,#5507,#10536,.T.);
#10536 = LINE('',#10537,#10538);
#10537 = CARTESIAN_POINT('',(54.027908101572,10.961402660218,1.3));
#10538 = VECTOR('',#10539,1.);
#10539 = DIRECTION('',(0.,0.,-1.));
#10540 = ORIENTED_EDGE('',*,*,#5527,.F.);
#10541 = ORIENTED_EDGE('',*,*,#10518,.F.);
#10542 = PLANE('',#10543);
#10543 = AXIS2_PLACEMENT_3D('',#10544,#10545,#10546);
#10544 = CARTESIAN_POINT('',(54.027908101572,10.961402660218,1.3));
#10545 = DIRECTION('',(-0.598957825591,-0.80078057117,0.));
#10546 = DIRECTION('',(0.80078057117,-0.598957825591,0.));
#10547 = ADVANCED_FACE('',(#10548),#10559,.F.);
#10548 = FACE_BOUND('',#10549,.F.);
#10549 = EDGE_LOOP('',(#10550,#10551,#10557,#10558));
#10550 = ORIENTED_EDGE('',*,*,#1178,.T.);
#10551 = ORIENTED_EDGE('',*,*,#10552,.T.);
#10552 = EDGE_CURVE('',#1167,#5495,#10553,.T.);
#10553 = LINE('',#10554,#10555);
#10554 = CARTESIAN_POINT('',(52.911197097944,10.914195888755,1.3));
#10555 = VECTOR('',#10556,1.);
#10556 = DIRECTION('',(0.,0.,-1.));
#10557 = ORIENTED_EDGE('',*,*,#5506,.F.);
#10558 = ORIENTED_EDGE('',*,*,#10535,.F.);
#10559 = SURFACE_OF_LINEAR_EXTRUSION('',#10560,#10564);
#10560 = B_SPLINE_CURVE_WITH_KNOTS('',2,(#10561,#10562,#10563),
  .UNSPECIFIED.,.F.,.F.,(3,3),(0.,1.),.PIECEWISE_BEZIER_KNOTS.);
#10561 = CARTESIAN_POINT('',(52.911197097944,10.914195888755,1.3));
#10562 = CARTESIAN_POINT('',(53.267182587666,10.961402660218,1.3));
#10563 = CARTESIAN_POINT('',(54.027908101572,10.961402660218,1.3));
#10564 = VECTOR('',#10565,1.);
#10565 = DIRECTION('',(-0.,0.,1.));
#10566 = ADVANCED_FACE('',(#10567),#10578,.F.);
#10567 = FACE_BOUND('',#10568,.F.);
#10568 = EDGE_LOOP('',(#10569,#10570,#10576,#10577));
#10569 = ORIENTED_EDGE('',*,*,#1166,.T.);
#10570 = ORIENTED_EDGE('',*,*,#10571,.T.);
#10571 = EDGE_CURVE('',#1156,#5484,#10572,.T.);
#10572 = LINE('',#10573,#10574);
#10573 = CARTESIAN_POINT('',(52.411269649335,10.878597339782,1.3));
#10574 = VECTOR('',#10575,1.);
#10575 = DIRECTION('',(0.,0.,-1.));
#10576 = ORIENTED_EDGE('',*,*,#5494,.F.);
#10577 = ORIENTED_EDGE('',*,*,#10552,.F.);
#10578 = SURFACE_OF_LINEAR_EXTRUSION('',#10579,#10583);
#10579 = B_SPLINE_CURVE_WITH_KNOTS('',2,(#10580,#10581,#10582),
  .UNSPECIFIED.,.F.,.F.,(3,3),(0.,1.),.PIECEWISE_BEZIER_KNOTS.);
#10580 = CARTESIAN_POINT('',(52.411269649335,10.878597339782,1.3));
#10581 = CARTESIAN_POINT('',(52.744812575574,10.914195888755,1.3));
#10582 = CARTESIAN_POINT('',(52.911197097944,10.914195888755,1.3));
#10583 = VECTOR('',#10584,1.);
#10584 = DIRECTION('',(-0.,0.,1.));
#10585 = ADVANCED_FACE('',(#10586),#10597,.F.);
#10586 = FACE_BOUND('',#10587,.F.);
#10587 = EDGE_LOOP('',(#10588,#10589,#10595,#10596));
#10588 = ORIENTED_EDGE('',*,*,#1155,.T.);
#10589 = ORIENTED_EDGE('',*,*,#10590,.T.);
#10590 = EDGE_CURVE('',#1144,#5472,#10591,.T.);
#10591 = LINE('',#10592,#10593);
#10592 = CARTESIAN_POINT('',(51.793712212817,10.84299879081,1.3));
#10593 = VECTOR('',#10594,1.);
#10594 = DIRECTION('',(0.,0.,-1.));
#10595 = ORIENTED_EDGE('',*,*,#5483,.F.);
#10596 = ORIENTED_EDGE('',*,*,#10571,.F.);
#10597 = SURFACE_OF_LINEAR_EXTRUSION('',#10598,#10602);
#10598 = B_SPLINE_CURVE_WITH_KNOTS('',2,(#10599,#10600,#10601),
  .UNSPECIFIED.,.F.,.F.,(3,3),(0.,1.),.PIECEWISE_BEZIER_KNOTS.);
#10599 = CARTESIAN_POINT('',(51.793712212817,10.84299879081,1.3));
#10600 = CARTESIAN_POINT('',(52.078500604595,10.84299879081,1.3));
#10601 = CARTESIAN_POINT('',(52.411269649335,10.878597339782,1.3));
#10602 = VECTOR('',#10603,1.);
#10603 = DIRECTION('',(-0.,0.,1.));
#10604 = ADVANCED_FACE('',(#10605),#10616,.F.);
#10605 = FACE_BOUND('',#10606,.F.);
#10606 = EDGE_LOOP('',(#10607,#10608,#10614,#10615));
#10607 = ORIENTED_EDGE('',*,*,#1143,.T.);
#10608 = ORIENTED_EDGE('',*,*,#10609,.T.);
#10609 = EDGE_CURVE('',#1122,#5450,#10610,.T.);
#10610 = LINE('',#10611,#10612);
#10611 = CARTESIAN_POINT('',(51.128174123337,10.914195888755,1.3));
#10612 = VECTOR('',#10613,1.);
#10613 = DIRECTION('',(0.,0.,-1.));
#10614 = ORIENTED_EDGE('',*,*,#5471,.F.);
#10615 = ORIENTED_EDGE('',*,*,#10590,.F.);
#10616 = SURFACE_OF_LINEAR_EXTRUSION('',#10617,#10621);
#10617 = B_SPLINE_CURVE_WITH_KNOTS('',2,(#10618,#10619,#10620),
  .UNSPECIFIED.,.F.,.F.,(3,3),(0.,1.),.PIECEWISE_BEZIER_KNOTS.);
#10618 = CARTESIAN_POINT('',(51.128174123337,10.914195888755,1.3));
#10619 = CARTESIAN_POINT('',(51.365755743652,10.84299879081,1.3));
#10620 = CARTESIAN_POINT('',(51.793712212817,10.84299879081,1.3));
#10621 = VECTOR('',#10622,1.);
#10622 = DIRECTION('',(-0.,0.,1.));
#10623 = ADVANCED_FACE('',(#10624),#10635,.F.);
#10624 = FACE_BOUND('',#10625,.F.);
#10625 = EDGE_LOOP('',(#10626,#10627,#10633,#10634));
#10626 = ORIENTED_EDGE('',*,*,#1121,.T.);
#10627 = ORIENTED_EDGE('',*,*,#10628,.T.);
#10628 = EDGE_CURVE('',#1114,#5442,#10629,.T.);
#10629 = LINE('',#10630,#10631);
#10630 = CARTESIAN_POINT('',(50.700217654172,11.198984280532,1.3));
#10631 = VECTOR('',#10632,1.);
#10632 = DIRECTION('',(0.,0.,-1.));
#10633 = ORIENTED_EDGE('',*,*,#5449,.F.);
#10634 = ORIENTED_EDGE('',*,*,#10609,.F.);
#10635 = SURFACE_OF_LINEAR_EXTRUSION('',#10636,#10640);
#10636 = B_SPLINE_CURVE_WITH_KNOTS('',2,(#10637,#10638,#10639),
  .UNSPECIFIED.,.F.,.F.,(3,3),(0.,1.),.PIECEWISE_BEZIER_KNOTS.);
#10637 = CARTESIAN_POINT('',(50.700217654172,11.198984280532,1.3));
#10638 = CARTESIAN_POINT('',(50.700217654172,11.00938331318,1.3));
#10639 = CARTESIAN_POINT('',(51.128174123337,10.914195888755,1.3));
#10640 = VECTOR('',#10641,1.);
#10641 = DIRECTION('',(-0.,0.,1.));
#10642 = ADVANCED_FACE('',(#10643),#10654,.F.);
#10643 = FACE_BOUND('',#10644,.F.);
#10644 = EDGE_LOOP('',(#10645,#10646,#10652,#10653));
#10645 = ORIENTED_EDGE('',*,*,#1113,.T.);
#10646 = ORIENTED_EDGE('',*,*,#10647,.T.);
#10647 = EDGE_CURVE('',#1093,#5421,#10648,.T.);
#10648 = LINE('',#10649,#10650);
#10649 = CARTESIAN_POINT('',(50.700217654172,16.976009673519,1.3));
#10650 = VECTOR('',#10651,1.);
#10651 = DIRECTION('',(0.,0.,-1.));
#10652 = ORIENTED_EDGE('',*,*,#5441,.F.);
#10653 = ORIENTED_EDGE('',*,*,#10628,.F.);
#10654 = PLANE('',#10655);
#10655 = AXIS2_PLACEMENT_3D('',#10656,#10657,#10658);
#10656 = CARTESIAN_POINT('',(50.700217654172,16.976009673519,1.3));
#10657 = DIRECTION('',(-1.,0.,0.));
#10658 = DIRECTION('',(0.,-1.,0.));
#10659 = ADVANCED_FACE('',(#10660),#10671,.F.);
#10660 = FACE_BOUND('',#10661,.F.);
#10661 = EDGE_LOOP('',(#10662,#10663,#10669,#10670));
#10662 = ORIENTED_EDGE('',*,*,#1092,.T.);
#10663 = ORIENTED_EDGE('',*,*,#10664,.T.);
#10664 = EDGE_CURVE('',#1085,#5413,#10665,.T.);
#10665 = LINE('',#10666,#10667);
#10666 = CARTESIAN_POINT('',(50.84261185006,20.066892382104,1.3));
#10667 = VECTOR('',#10668,1.);
#10668 = DIRECTION('',(0.,0.,-1.));
#10669 = ORIENTED_EDGE('',*,*,#5420,.F.);
#10670 = ORIENTED_EDGE('',*,*,#10647,.F.);
#10671 = SURFACE_OF_LINEAR_EXTRUSION('',#10672,#10676);
#10672 = B_SPLINE_CURVE_WITH_KNOTS('',2,(#10673,#10674,#10675),
  .UNSPECIFIED.,.F.,.F.,(3,3),(0.,1.),.PIECEWISE_BEZIER_KNOTS.);
#10673 = CARTESIAN_POINT('',(50.84261185006,20.066892382104,1.3));
#10674 = CARTESIAN_POINT('',(50.700217654172,17.975090689238,1.3));
#10675 = CARTESIAN_POINT('',(50.700217654172,16.976009673519,1.3));
#10676 = VECTOR('',#10677,1.);
#10677 = DIRECTION('',(-0.,0.,1.));
#10678 = ADVANCED_FACE('',(#10679),#10690,.F.);
#10679 = FACE_BOUND('',#10680,.F.);
#10680 = EDGE_LOOP('',(#10681,#10682,#10688,#10689));
#10681 = ORIENTED_EDGE('',*,*,#1084,.T.);
#10682 = ORIENTED_EDGE('',*,*,#10683,.T.);
#10683 = EDGE_CURVE('',#1064,#5392,#10684,.T.);
#10684 = LINE('',#10685,#10686);
#10685 = CARTESIAN_POINT('',(50.913808948005,20.970012091898,1.3));
#10686 = VECTOR('',#10687,1.);
#10687 = DIRECTION('',(0.,0.,-1.));
#10688 = ORIENTED_EDGE('',*,*,#5412,.F.);
#10689 = ORIENTED_EDGE('',*,*,#10664,.F.);
#10690 = PLANE('',#10691);
#10691 = AXIS2_PLACEMENT_3D('',#10692,#10693,#10694);
#10692 = CARTESIAN_POINT('',(50.913808948005,20.970012091898,1.3));
#10693 = DIRECTION('',(-0.996906961194,7.859078014551E-02,-0.));
#10694 = DIRECTION('',(-7.859078014551E-02,-0.996906961194,0.));
#10695 = ADVANCED_FACE('',(#10696),#10707,.F.);
#10696 = FACE_BOUND('',#10697,.F.);
#10697 = EDGE_LOOP('',(#10698,#10699,#10705,#10706));
#10698 = ORIENTED_EDGE('',*,*,#1063,.T.);
#10699 = ORIENTED_EDGE('',*,*,#10700,.T.);
#10700 = EDGE_CURVE('',#1051,#5379,#10701,.T.);
#10701 = LINE('',#10702,#10703);
#10702 = CARTESIAN_POINT('',(51.032986698912,23.157775090689,1.3));
#10703 = VECTOR('',#10704,1.);
#10704 = DIRECTION('',(0.,0.,-1.));
#10705 = ORIENTED_EDGE('',*,*,#5391,.F.);
#10706 = ORIENTED_EDGE('',*,*,#10683,.F.);
#10707 = SURFACE_OF_LINEAR_EXTRUSION('',#10708,#10712);
#10708 = B_SPLINE_CURVE_WITH_KNOTS('',2,(#10709,#10710,#10711),
  .UNSPECIFIED.,.F.,.F.,(3,3),(0.,1.),.PIECEWISE_BEZIER_KNOTS.);
#10709 = CARTESIAN_POINT('',(51.032986698912,23.157775090689,1.3));
#10710 = CARTESIAN_POINT('',(51.00899637243,22.468246674728,1.3));
#10711 = CARTESIAN_POINT('',(50.913808948005,20.970012091898,1.3));
#10712 = VECTOR('',#10713,1.);
#10713 = DIRECTION('',(-0.,0.,1.));
#10714 = ADVANCED_FACE('',(#10715),#10726,.F.);
#10715 = FACE_BOUND('',#10716,.F.);
#10716 = EDGE_LOOP('',(#10717,#10718,#10724,#10725));
#10717 = ORIENTED_EDGE('',*,*,#1050,.T.);
#10718 = ORIENTED_EDGE('',*,*,#10719,.T.);
#10719 = EDGE_CURVE('',#1040,#5368,#10720,.T.);
#10720 = LINE('',#10721,#10722);
#10721 = CARTESIAN_POINT('',(51.056203143894,23.632938331318,1.3));
#10722 = VECTOR('',#10723,1.);
#10723 = DIRECTION('',(0.,0.,-1.));
#10724 = ORIENTED_EDGE('',*,*,#5378,.F.);
#10725 = ORIENTED_EDGE('',*,*,#10700,.F.);
#10726 = SURFACE_OF_LINEAR_EXTRUSION('',#10727,#10731);
#10727 = B_SPLINE_CURVE_WITH_KNOTS('',2,(#10728,#10729,#10730),
  .UNSPECIFIED.,.F.,.F.,(3,3),(0.,1.),.PIECEWISE_BEZIER_KNOTS.);
#10728 = CARTESIAN_POINT('',(51.056203143894,23.632938331318,1.3));
#10729 = CARTESIAN_POINT('',(51.056203143894,23.252188633615,1.3));
#10730 = CARTESIAN_POINT('',(51.032986698912,23.157775090689,1.3));
#10731 = VECTOR('',#10732,1.);
#10732 = DIRECTION('',(-0.,0.,1.));
#10733 = ADVANCED_FACE('',(#10734),#10740,.F.);
#10734 = FACE_BOUND('',#10735,.F.);
#10735 = EDGE_LOOP('',(#10736,#10737,#10738,#10739));
#10736 = ORIENTED_EDGE('',*,*,#1039,.T.);
#10737 = ORIENTED_EDGE('',*,*,#9950,.T.);
#10738 = ORIENTED_EDGE('',*,*,#5367,.F.);
#10739 = ORIENTED_EDGE('',*,*,#10719,.F.);
#10740 = SURFACE_OF_LINEAR_EXTRUSION('',#10741,#10745);
#10741 = B_SPLINE_CURVE_WITH_KNOTS('',2,(#10742,#10743,#10744),
  .UNSPECIFIED.,.F.,.F.,(3,3),(0.,1.),.PIECEWISE_BEZIER_KNOTS.);
#10742 = CARTESIAN_POINT('',(51.128174123337,24.274486094317,1.3));
#10743 = CARTESIAN_POINT('',(51.056203143894,23.918500604595,1.3));
#10744 = CARTESIAN_POINT('',(51.056203143894,23.632938331318,1.3));
#10745 = VECTOR('',#10746,1.);
#10746 = DIRECTION('',(-0.,0.,1.));
#10747 = ADVANCED_FACE('',(#10748),#10764,.F.);
#10748 = FACE_BOUND('',#10749,.F.);
#10749 = EDGE_LOOP('',(#10750,#10751,#10757,#10758));
#10750 = ORIENTED_EDGE('',*,*,#1546,.T.);
#10751 = ORIENTED_EDGE('',*,*,#10752,.T.);
#10752 = EDGE_CURVE('',#1549,#5877,#10753,.T.);
#10753 = LINE('',#10754,#10755);
#10754 = CARTESIAN_POINT('',(61.431632406288,24.726432889964,1.3));
#10755 = VECTOR('',#10756,1.);
#10756 = DIRECTION('',(0.,0.,-1.));
#10757 = ORIENTED_EDGE('',*,*,#5874,.F.);
#10758 = ORIENTED_EDGE('',*,*,#10759,.F.);
#10759 = EDGE_CURVE('',#1547,#5875,#10760,.T.);
#10760 = LINE('',#10761,#10762);
#10761 = CARTESIAN_POINT('',(61.360435308343,24.631245465538,1.3));
#10762 = VECTOR('',#10763,1.);
#10763 = DIRECTION('',(0.,0.,-1.));
#10764 = SURFACE_OF_LINEAR_EXTRUSION('',#10765,#10769);
#10765 = B_SPLINE_CURVE_WITH_KNOTS('',2,(#10766,#10767,#10768),
  .UNSPECIFIED.,.F.,.F.,(3,3),(0.,1.),.PIECEWISE_BEZIER_KNOTS.);
#10766 = CARTESIAN_POINT('',(61.431632406288,24.726432889964,1.3));
#10767 = CARTESIAN_POINT('',(61.384425634825,24.726432889964,1.3));
#10768 = CARTESIAN_POINT('',(61.360435308343,24.631245465538,1.3));
#10769 = VECTOR('',#10770,1.);
#10770 = DIRECTION('',(-0.,0.,1.));
#10771 = ADVANCED_FACE('',(#10772),#10783,.F.);
#10772 = FACE_BOUND('',#10773,.F.);
#10773 = EDGE_LOOP('',(#10774,#10775,#10781,#10782));
#10774 = ORIENTED_EDGE('',*,*,#2585,.T.);
#10775 = ORIENTED_EDGE('',*,*,#10776,.T.);
#10776 = EDGE_CURVE('',#2567,#6895,#10777,.T.);
#10777 = LINE('',#10778,#10779);
#10778 = CARTESIAN_POINT('',(68.9676904474,24.726432889964,1.3));
#10779 = VECTOR('',#10780,1.);
#10780 = DIRECTION('',(0.,0.,-1.));
#10781 = ORIENTED_EDGE('',*,*,#6913,.F.);
#10782 = ORIENTED_EDGE('',*,*,#10752,.F.);
#10783 = PLANE('',#10784);
#10784 = AXIS2_PLACEMENT_3D('',#10785,#10786,#10787);
#10785 = CARTESIAN_POINT('',(68.9676904474,24.726432889964,1.3));
#10786 = DIRECTION('',(0.,1.,0.));
#10787 = DIRECTION('',(-1.,0.,0.));
#10788 = ADVANCED_FACE('',(#10789),#10800,.F.);
#10789 = FACE_BOUND('',#10790,.F.);
#10790 = EDGE_LOOP('',(#10791,#10792,#10798,#10799));
#10791 = ORIENTED_EDGE('',*,*,#2566,.T.);
#10792 = ORIENTED_EDGE('',*,*,#10793,.T.);
#10793 = EDGE_CURVE('',#2559,#6887,#10794,.T.);
#10794 = LINE('',#10795,#10796);
#10795 = CARTESIAN_POINT('',(70.204353083434,24.560048367594,1.3));
#10796 = VECTOR('',#10797,1.);
#10797 = DIRECTION('',(0.,0.,-1.));
#10798 = ORIENTED_EDGE('',*,*,#6894,.F.);
#10799 = ORIENTED_EDGE('',*,*,#10776,.F.);
#10800 = SURFACE_OF_LINEAR_EXTRUSION('',#10801,#10805);
#10801 = B_SPLINE_CURVE_WITH_KNOTS('',2,(#10802,#10803,#10804),
  .UNSPECIFIED.,.F.,.F.,(3,3),(0.,1.),.PIECEWISE_BEZIER_KNOTS.);
#10802 = CARTESIAN_POINT('',(70.204353083434,24.560048367594,1.3));
#10803 = CARTESIAN_POINT('',(69.324449818622,24.560048367594,1.3));
#10804 = CARTESIAN_POINT('',(68.9676904474,24.726432889964,1.3));
#10805 = VECTOR('',#10806,1.);
#10806 = DIRECTION('',(-0.,0.,1.));
#10807 = ADVANCED_FACE('',(#10808),#10819,.F.);
#10808 = FACE_BOUND('',#10809,.F.);
#10809 = EDGE_LOOP('',(#10810,#10811,#10817,#10818));
#10810 = ORIENTED_EDGE('',*,*,#2558,.T.);
#10811 = ORIENTED_EDGE('',*,*,#10812,.T.);
#10812 = EDGE_CURVE('',#2548,#6876,#10813,.T.);
#10813 = LINE('',#10814,#10815);
#10814 = CARTESIAN_POINT('',(70.394727932285,24.584038694075,1.3));
#10815 = VECTOR('',#10816,1.);
#10816 = DIRECTION('',(0.,0.,-1.));
#10817 = ORIENTED_EDGE('',*,*,#6886,.F.);
#10818 = ORIENTED_EDGE('',*,*,#10793,.F.);
#10819 = PLANE('',#10820);
#10820 = AXIS2_PLACEMENT_3D('',#10821,#10822,#10823);
#10821 = CARTESIAN_POINT('',(70.394727932285,24.584038694075,1.3));
#10822 = DIRECTION('',(-0.125027446277,0.992153283358,-0.));
#10823 = DIRECTION('',(-0.992153283358,-0.125027446277,0.));
#10824 = ADVANCED_FACE('',(#10825),#10836,.F.);
#10825 = FACE_BOUND('',#10826,.F.);
#10826 = EDGE_LOOP('',(#10827,#10828,#10834,#10835));
#10827 = ORIENTED_EDGE('',*,*,#2547,.T.);
#10828 = ORIENTED_EDGE('',*,*,#10829,.T.);
#10829 = EDGE_CURVE('',#2540,#6868,#10830,.T.);
#10830 = LINE('',#10831,#10832);
#10831 = CARTESIAN_POINT('',(70.537122128174,24.631245465538,1.3));
#10832 = VECTOR('',#10833,1.);
#10833 = DIRECTION('',(0.,0.,-1.));
#10834 = ORIENTED_EDGE('',*,*,#6875,.F.);
#10835 = ORIENTED_EDGE('',*,*,#10812,.F.);
#10836 = SURFACE_OF_LINEAR_EXTRUSION('',#10837,#10841);
#10837 = B_SPLINE_CURVE_WITH_KNOTS('',2,(#10838,#10839,#10840),
  .UNSPECIFIED.,.F.,.F.,(3,3),(0.,1.),.PIECEWISE_BEZIER_KNOTS.);
#10838 = CARTESIAN_POINT('',(70.537122128174,24.631245465538,1.3));
#10839 = CARTESIAN_POINT('',(70.441934703748,24.631245465538,1.3));
#10840 = CARTESIAN_POINT('',(70.394727932285,24.584038694075,1.3));
#10841 = VECTOR('',#10842,1.);
#10842 = DIRECTION('',(-0.,0.,1.));
#10843 = ADVANCED_FACE('',(#10844),#10855,.F.);
#10844 = FACE_BOUND('',#10845,.F.);
#10845 = EDGE_LOOP('',(#10846,#10847,#10853,#10854));
#10846 = ORIENTED_EDGE('',*,*,#2539,.T.);
#10847 = ORIENTED_EDGE('',*,*,#10848,.T.);
#10848 = EDGE_CURVE('',#2532,#6860,#10849,.T.);
#10849 = LINE('',#10850,#10851);
#10850 = CARTESIAN_POINT('',(70.893881499395,24.631245465538,1.3));
#10851 = VECTOR('',#10852,1.);
#10852 = DIRECTION('',(0.,0.,-1.));
#10853 = ORIENTED_EDGE('',*,*,#6867,.F.);
#10854 = ORIENTED_EDGE('',*,*,#10829,.F.);
#10855 = PLANE('',#10856);
#10856 = AXIS2_PLACEMENT_3D('',#10857,#10858,#10859);
#10857 = CARTESIAN_POINT('',(70.893881499395,24.631245465538,1.3));
#10858 = DIRECTION('',(0.,1.,0.));
#10859 = DIRECTION('',(-1.,0.,0.));
#10860 = ADVANCED_FACE('',(#10861),#10872,.F.);
#10861 = FACE_BOUND('',#10862,.F.);
#10862 = EDGE_LOOP('',(#10863,#10864,#10870,#10871));
#10863 = ORIENTED_EDGE('',*,*,#2531,.T.);
#10864 = ORIENTED_EDGE('',*,*,#10865,.T.);
#10865 = EDGE_CURVE('',#2524,#6852,#10866,.T.);
#10866 = LINE('',#10867,#10868);
#10867 = CARTESIAN_POINT('',(71.178669891173,24.608029020556,1.3));
#10868 = VECTOR('',#10869,1.);
#10869 = DIRECTION('',(0.,0.,-1.));
#10870 = ORIENTED_EDGE('',*,*,#6859,.F.);
#10871 = ORIENTED_EDGE('',*,*,#10848,.F.);
#10872 = PLANE('',#10873);
#10873 = AXIS2_PLACEMENT_3D('',#10874,#10875,#10876);
#10874 = CARTESIAN_POINT('',(71.178669891173,24.608029020556,1.3));
#10875 = DIRECTION('',(8.125219355671E-02,0.996693574296,0.));
#10876 = DIRECTION('',(-0.996693574296,8.125219355671E-02,-0.));
#10877 = ADVANCED_FACE('',(#10878),#10889,.F.);
#10878 = FACE_BOUND('',#10879,.F.);
#10879 = EDGE_LOOP('',(#10880,#10881,#10887,#10888));
#10880 = ORIENTED_EDGE('',*,*,#2523,.T.);
#10881 = ORIENTED_EDGE('',*,*,#10882,.T.);
#10882 = EDGE_CURVE('',#2514,#6842,#10883,.T.);
#10883 = LINE('',#10884,#10885);
#10884 = CARTESIAN_POINT('',(71.178669891173,24.726432889964,1.3));
#10885 = VECTOR('',#10886,1.);
#10886 = DIRECTION('',(0.,0.,-1.));
#10887 = ORIENTED_EDGE('',*,*,#6851,.F.);
#10888 = ORIENTED_EDGE('',*,*,#10865,.F.);
#10889 = PLANE('',#10890);
#10890 = AXIS2_PLACEMENT_3D('',#10891,#10892,#10893);
#10891 = CARTESIAN_POINT('',(71.178669891173,24.726432889964,1.3));
#10892 = DIRECTION('',(-1.,0.,0.));
#10893 = DIRECTION('',(0.,-1.,0.));
#10894 = ADVANCED_FACE('',(#10895),#10906,.F.);
#10895 = FACE_BOUND('',#10896,.F.);
#10896 = EDGE_LOOP('',(#10897,#10898,#10904,#10905));
#10897 = ORIENTED_EDGE('',*,*,#2513,.T.);
#10898 = ORIENTED_EDGE('',*,*,#10899,.T.);
#10899 = EDGE_CURVE('',#2503,#6831,#10900,.T.);
#10900 = LINE('',#10901,#10902);
#10901 = CARTESIAN_POINT('',(71.345054413543,24.632019347037,1.3));
#10902 = VECTOR('',#10903,1.);
#10903 = DIRECTION('',(0.,0.,-1.));
#10904 = ORIENTED_EDGE('',*,*,#6841,.F.);
#10905 = ORIENTED_EDGE('',*,*,#10882,.F.);
#10906 = SURFACE_OF_LINEAR_EXTRUSION('',#10907,#10911);
#10907 = B_SPLINE_CURVE_WITH_KNOTS('',2,(#10908,#10909,#10910),
  .UNSPECIFIED.,.F.,.F.,(3,3),(0.,1.),.PIECEWISE_BEZIER_KNOTS.);
#10908 = CARTESIAN_POINT('',(71.345054413543,24.632019347037,1.3));
#10909 = CARTESIAN_POINT('',(71.249866989117,24.679226118501,1.3));
#10910 = CARTESIAN_POINT('',(71.178669891173,24.726432889964,1.3));
#10911 = VECTOR('',#10912,1.);
#10912 = DIRECTION('',(-0.,0.,1.));
#10913 = ADVANCED_FACE('',(#10914),#10925,.F.);
#10914 = FACE_BOUND('',#10915,.F.);
#10915 = EDGE_LOOP('',(#10916,#10917,#10923,#10924));
#10916 = ORIENTED_EDGE('',*,*,#2502,.T.);
#10917 = ORIENTED_EDGE('',*,*,#10918,.T.);
#10918 = EDGE_CURVE('',#2490,#6818,#10919,.T.);
#10919 = LINE('',#10920,#10921);
#10920 = CARTESIAN_POINT('',(71.488222490931,24.560048367594,1.3));
#10921 = VECTOR('',#10922,1.);
#10922 = DIRECTION('',(0.,0.,-1.));
#10923 = ORIENTED_EDGE('',*,*,#6830,.F.);
#10924 = ORIENTED_EDGE('',*,*,#10899,.F.);
#10925 = SURFACE_OF_LINEAR_EXTRUSION('',#10926,#10930);
#10926 = B_SPLINE_CURVE_WITH_KNOTS('',2,(#10927,#10928,#10929),
  .UNSPECIFIED.,.F.,.F.,(3,3),(0.,1.),.PIECEWISE_BEZIER_KNOTS.);
#10927 = CARTESIAN_POINT('',(71.488222490931,24.560048367594,1.3));
#10928 = CARTESIAN_POINT('',(71.440241837969,24.584038694075,1.3));
#10929 = CARTESIAN_POINT('',(71.345054413543,24.632019347037,1.3));
#10930 = VECTOR('',#10931,1.);
#10931 = DIRECTION('',(-0.,0.,1.));
#10932 = ADVANCED_FACE('',(#10933),#10944,.F.);
#10933 = FACE_BOUND('',#10934,.F.);
#10934 = EDGE_LOOP('',(#10935,#10936,#10942,#10943));
#10935 = ORIENTED_EDGE('',*,*,#2489,.T.);
#10936 = ORIENTED_EDGE('',*,*,#10937,.T.);
#10937 = EDGE_CURVE('',#2478,#6806,#10938,.T.);
#10938 = LINE('',#10939,#10940);
#10939 = CARTESIAN_POINT('',(71.654607013301,24.608029020556,1.3));
#10940 = VECTOR('',#10941,1.);
#10941 = DIRECTION('',(0.,0.,-1.));
#10942 = ORIENTED_EDGE('',*,*,#6817,.F.);
#10943 = ORIENTED_EDGE('',*,*,#10918,.F.);
#10944 = SURFACE_OF_LINEAR_EXTRUSION('',#10945,#10949);
#10945 = B_SPLINE_CURVE_WITH_KNOTS('',2,(#10946,#10947,#10948),
  .UNSPECIFIED.,.F.,.F.,(3,3),(0.,1.),.PIECEWISE_BEZIER_KNOTS.);
#10946 = CARTESIAN_POINT('',(71.654607013301,24.608029020556,1.3));
#10947 = CARTESIAN_POINT('',(71.583409915357,24.560048367594,1.3));
#10948 = CARTESIAN_POINT('',(71.488222490931,24.560048367594,1.3));
#10949 = VECTOR('',#10950,1.);
#10950 = DIRECTION('',(-0.,0.,1.));
#10951 = ADVANCED_FACE('',(#10952),#10963,.F.);
#10952 = FACE_BOUND('',#10953,.F.);
#10953 = EDGE_LOOP('',(#10954,#10955,#10961,#10962));
#10954 = ORIENTED_EDGE('',*,*,#2477,.T.);
#10955 = ORIENTED_EDGE('',*,*,#10956,.T.);
#10956 = EDGE_CURVE('',#2470,#6798,#10957,.T.);
#10957 = LINE('',#10958,#10959);
#10958 = CARTESIAN_POINT('',(71.987376058041,24.631245465538,1.3));
#10959 = VECTOR('',#10960,1.);
#10960 = DIRECTION('',(0.,0.,-1.));
#10961 = ORIENTED_EDGE('',*,*,#6805,.F.);
#10962 = ORIENTED_EDGE('',*,*,#10937,.F.);
#10963 = SURFACE_OF_LINEAR_EXTRUSION('',#10964,#10968);
#10964 = B_SPLINE_CURVE_WITH_KNOTS('',2,(#10965,#10966,#10967),
  .UNSPECIFIED.,.F.,.F.,(3,3),(0.,1.),.PIECEWISE_BEZIER_KNOTS.);
#10965 = CARTESIAN_POINT('',(71.987376058041,24.631245465538,1.3));
#10966 = CARTESIAN_POINT('',(71.725804111245,24.631245465538,1.3));
#10967 = CARTESIAN_POINT('',(71.654607013301,24.608029020556,1.3));
#10968 = VECTOR('',#10969,1.);
#10969 = DIRECTION('',(-0.,0.,1.));
#10970 = ADVANCED_FACE('',(#10971),#10987,.F.);
#10971 = FACE_BOUND('',#10972,.F.);
#10972 = EDGE_LOOP('',(#10973,#10974,#10980,#10981));
#10973 = ORIENTED_EDGE('',*,*,#2461,.T.);
#10974 = ORIENTED_EDGE('',*,*,#10975,.T.);
#10975 = EDGE_CURVE('',#2454,#6782,#10976,.T.);
#10976 = LINE('',#10977,#10978);
#10977 = CARTESIAN_POINT('',(72.415332527207,24.464860943168,1.3));
#10978 = VECTOR('',#10979,1.);
#10979 = DIRECTION('',(0.,0.,-1.));
#10980 = ORIENTED_EDGE('',*,*,#6789,.F.);
#10981 = ORIENTED_EDGE('',*,*,#10982,.F.);
#10982 = EDGE_CURVE('',#2462,#6790,#10983,.T.);
#10983 = LINE('',#10984,#10985);
#10984 = CARTESIAN_POINT('',(72.224957678356,24.631245465538,1.3));
#10985 = VECTOR('',#10986,1.);
#10986 = DIRECTION('',(0.,0.,-1.));
#10987 = PLANE('',#10988);
#10988 = AXIS2_PLACEMENT_3D('',#10989,#10990,#10991);
#10989 = CARTESIAN_POINT('',(72.415332527207,24.464860943168,1.3));
#10990 = DIRECTION('',(0.658071111654,0.752955783567,0.));
#10991 = DIRECTION('',(-0.752955783567,0.658071111654,-0.));
#10992 = ADVANCED_FACE('',(#10993),#11009,.F.);
#10993 = FACE_BOUND('',#10994,.F.);
#10994 = EDGE_LOOP('',(#10995,#10996,#11002,#11003));
#10995 = ORIENTED_EDGE('',*,*,#2445,.T.);
#10996 = ORIENTED_EDGE('',*,*,#10997,.T.);
#10997 = EDGE_CURVE('',#2435,#6763,#10998,.T.);
#10998 = LINE('',#10999,#11000);
#10999 = CARTESIAN_POINT('',(72.248948004837,23.038597339782,1.3));
#11000 = VECTOR('',#11001,1.);
#11001 = DIRECTION('',(0.,0.,-1.));
#11002 = ORIENTED_EDGE('',*,*,#6773,.F.);
#11003 = ORIENTED_EDGE('',*,*,#11004,.F.);
#11004 = EDGE_CURVE('',#2446,#6774,#11005,.T.);
#11005 = LINE('',#11006,#11007);
#11006 = CARTESIAN_POINT('',(72.415332527207,23.728125755744,1.3));
#11007 = VECTOR('',#11008,1.);
#11008 = DIRECTION('',(0.,0.,-1.));
#11009 = PLANE('',#11010);
#11010 = AXIS2_PLACEMENT_3D('',#11011,#11012,#11013);
#11011 = CARTESIAN_POINT('',(72.248948004837,23.038597339782,1.3));
#11012 = DIRECTION('',(0.972099368095,-0.234569432256,0.));
#11013 = DIRECTION('',(0.234569432256,0.972099368095,0.));
#11014 = ADVANCED_FACE('',(#11015),#11026,.F.);
#11015 = FACE_BOUND('',#11016,.F.);
#11016 = EDGE_LOOP('',(#11017,#11018,#11024,#11025));
#11017 = ORIENTED_EDGE('',*,*,#2434,.T.);
#11018 = ORIENTED_EDGE('',*,*,#11019,.T.);
#11019 = EDGE_CURVE('',#2425,#6753,#11020,.T.);
#11020 = LINE('',#11021,#11022);
#11021 = CARTESIAN_POINT('',(72.105779927449,22.373059250302,1.3));
#11022 = VECTOR('',#11023,1.);
#11023 = DIRECTION('',(0.,0.,-1.));
#11024 = ORIENTED_EDGE('',*,*,#6762,.F.);
#11025 = ORIENTED_EDGE('',*,*,#10997,.F.);
#11026 = SURFACE_OF_LINEAR_EXTRUSION('',#11027,#11031);
#11027 = B_SPLINE_CURVE_WITH_KNOTS('',2,(#11028,#11029,#11030),
  .UNSPECIFIED.,.F.,.F.,(3,3),(0.,1.),.PIECEWISE_BEZIER_KNOTS.);
#11028 = CARTESIAN_POINT('',(72.105779927449,22.373059250302,1.3));
#11029 = CARTESIAN_POINT('',(72.153760580411,22.729818621524,1.3));
#11030 = CARTESIAN_POINT('',(72.248948004837,23.038597339782,1.3));
#11031 = VECTOR('',#11032,1.);
#11032 = DIRECTION('',(-0.,0.,1.));
#11033 = ADVANCED_FACE('',(#11034),#11045,.F.);
#11034 = FACE_BOUND('',#11035,.F.);
#11035 = EDGE_LOOP('',(#11036,#11037,#11043,#11044));
#11036 = ORIENTED_EDGE('',*,*,#2424,.T.);
#11037 = ORIENTED_EDGE('',*,*,#11038,.T.);
#11038 = EDGE_CURVE('',#2414,#6742,#11039,.T.);
#11039 = LINE('',#11040,#11041);
#11040 = CARTESIAN_POINT('',(72.058573155985,22.063506650544,1.3));
#11041 = VECTOR('',#11042,1.);
#11042 = DIRECTION('',(0.,0.,-1.));
#11043 = ORIENTED_EDGE('',*,*,#6752,.F.);
#11044 = ORIENTED_EDGE('',*,*,#11019,.F.);
#11045 = SURFACE_OF_LINEAR_EXTRUSION('',#11046,#11050);
#11046 = B_SPLINE_CURVE_WITH_KNOTS('',2,(#11047,#11048,#11049),
  .UNSPECIFIED.,.F.,.F.,(3,3),(0.,1.),.PIECEWISE_BEZIER_KNOTS.);
#11047 = CARTESIAN_POINT('',(72.058573155985,22.063506650544,1.3));
#11048 = CARTESIAN_POINT('',(72.105779927449,22.206674727932,1.3));
#11049 = CARTESIAN_POINT('',(72.105779927449,22.373059250302,1.3));
#11050 = VECTOR('',#11051,1.);
#11051 = DIRECTION('',(-0.,0.,1.));
#11052 = ADVANCED_FACE('',(#11053),#11064,.F.);
#11053 = FACE_BOUND('',#11054,.F.);
#11054 = EDGE_LOOP('',(#11055,#11056,#11062,#11063));
#11055 = ORIENTED_EDGE('',*,*,#2413,.T.);
#11056 = ORIENTED_EDGE('',*,*,#11057,.T.);
#11057 = EDGE_CURVE('',#2399,#6727,#11058,.T.);
#11058 = LINE('',#11059,#11060);
#11059 = CARTESIAN_POINT('',(72.010592503023,21.814316807739,1.3));
#11060 = VECTOR('',#11061,1.);
#11061 = DIRECTION('',(0.,0.,-1.));
#11062 = ORIENTED_EDGE('',*,*,#6741,.F.);
#11063 = ORIENTED_EDGE('',*,*,#11038,.F.);
#11064 = SURFACE_OF_LINEAR_EXTRUSION('',#11065,#11069);
#11065 = B_SPLINE_CURVE_WITH_KNOTS('',2,(#11066,#11067,#11068),
  .UNSPECIFIED.,.F.,.F.,(3,3),(0.,1.),.PIECEWISE_BEZIER_KNOTS.);
#11066 = CARTESIAN_POINT('',(72.010592503023,21.814316807739,1.3));
#11067 = CARTESIAN_POINT('',(72.058573155985,21.921112454655,1.3));
#11068 = CARTESIAN_POINT('',(72.058573155985,22.063506650544,1.3));
#11069 = VECTOR('',#11070,1.);
#11070 = DIRECTION('',(-0.,0.,1.));
#11071 = ADVANCED_FACE('',(#11072),#11083,.F.);
#11072 = FACE_BOUND('',#11073,.F.);
#11073 = EDGE_LOOP('',(#11074,#11075,#11081,#11082));
#11074 = ORIENTED_EDGE('',*,*,#2398,.T.);
#11075 = ORIENTED_EDGE('',*,*,#11076,.T.);
#11076 = EDGE_CURVE('',#2389,#6717,#11077,.T.);
#11077 = LINE('',#11078,#11079);
#11078 = CARTESIAN_POINT('',(71.892188633615,21.707521160822,1.3));
#11079 = VECTOR('',#11080,1.);
#11080 = DIRECTION('',(0.,0.,-1.));
#11081 = ORIENTED_EDGE('',*,*,#6726,.F.);
#11082 = ORIENTED_EDGE('',*,*,#11057,.F.);
#11083 = SURFACE_OF_LINEAR_EXTRUSION('',#11084,#11088);
#11084 = B_SPLINE_CURVE_WITH_KNOTS('',2,(#11085,#11086,#11087),
  .UNSPECIFIED.,.F.,.F.,(3,3),(0.,1.),.PIECEWISE_BEZIER_KNOTS.);
#11085 = CARTESIAN_POINT('',(71.892188633615,21.707521160822,1.3));
#11086 = CARTESIAN_POINT('',(71.96338573156,21.707521160822,1.3));
#11087 = CARTESIAN_POINT('',(72.010592503023,21.814316807739,1.3));
#11088 = VECTOR('',#11089,1.);
#11089 = DIRECTION('',(-0.,0.,1.));
#11090 = ADVANCED_FACE('',(#11091),#11102,.F.);
#11091 = FACE_BOUND('',#11092,.F.);
#11092 = EDGE_LOOP('',(#11093,#11094,#11100,#11101));
#11093 = ORIENTED_EDGE('',*,*,#2388,.T.);
#11094 = ORIENTED_EDGE('',*,*,#11095,.T.);
#11095 = EDGE_CURVE('',#2379,#6707,#11096,.T.);
#11096 = LINE('',#11097,#11098);
#11097 = CARTESIAN_POINT('',(69.728415961306,21.778718258767,1.3));
#11098 = VECTOR('',#11099,1.);
#11099 = DIRECTION('',(0.,0.,-1.));
#11100 = ORIENTED_EDGE('',*,*,#6716,.F.);
#11101 = ORIENTED_EDGE('',*,*,#11076,.F.);
#11102 = SURFACE_OF_LINEAR_EXTRUSION('',#11103,#11107);
#11103 = B_SPLINE_CURVE_WITH_KNOTS('',2,(#11104,#11105,#11106),
  .UNSPECIFIED.,.F.,.F.,(3,3),(0.,1.),.PIECEWISE_BEZIER_KNOTS.);
#11104 = CARTESIAN_POINT('',(69.728415961306,21.778718258767,1.3));
#11105 = CARTESIAN_POINT('',(70.822684401451,21.707521160822,1.3));
#11106 = CARTESIAN_POINT('',(71.892188633615,21.707521160822,1.3));
#11107 = VECTOR('',#11108,1.);
#11108 = DIRECTION('',(-0.,0.,1.));
#11109 = ADVANCED_FACE('',(#11110),#11121,.F.);
#11110 = FACE_BOUND('',#11111,.F.);
#11111 = EDGE_LOOP('',(#11112,#11113,#11119,#11120));
#11112 = ORIENTED_EDGE('',*,*,#2378,.T.);
#11113 = ORIENTED_EDGE('',*,*,#11114,.T.);
#11114 = EDGE_CURVE('',#2371,#6699,#11115,.T.);
#11115 = LINE('',#11116,#11117);
#11116 = CARTESIAN_POINT('',(67.541426844015,21.849915356711,1.3));
#11117 = VECTOR('',#11118,1.);
#11118 = DIRECTION('',(0.,0.,-1.));
#11119 = ORIENTED_EDGE('',*,*,#6706,.F.);
#11120 = ORIENTED_EDGE('',*,*,#11095,.F.);
#11121 = SURFACE_OF_LINEAR_EXTRUSION('',#11122,#11126);
#11122 = B_SPLINE_CURVE_WITH_KNOTS('',2,(#11123,#11124,#11125),
  .UNSPECIFIED.,.F.,.F.,(3,3),(0.,1.),.PIECEWISE_BEZIER_KNOTS.);
#11123 = CARTESIAN_POINT('',(67.541426844015,21.849915356711,1.3));
#11124 = CARTESIAN_POINT('',(68.611704957678,21.849915356711,1.3));
#11125 = CARTESIAN_POINT('',(69.728415961306,21.778718258767,1.3));
#11126 = VECTOR('',#11127,1.);
#11127 = DIRECTION('',(-0.,0.,1.));
#11128 = ADVANCED_FACE('',(#11129),#11145,.F.);
#11129 = FACE_BOUND('',#11130,.F.);
#11130 = EDGE_LOOP('',(#11131,#11132,#11138,#11139));
#11131 = ORIENTED_EDGE('',*,*,#2358,.T.);
#11132 = ORIENTED_EDGE('',*,*,#11133,.T.);
#11133 = EDGE_CURVE('',#2351,#6679,#11134,.T.);
#11134 = LINE('',#11135,#11136);
#11135 = CARTESIAN_POINT('',(67.565417170496,20.756420798065,1.3));
#11136 = VECTOR('',#11137,1.);
#11137 = DIRECTION('',(0.,0.,-1.));
#11138 = ORIENTED_EDGE('',*,*,#6686,.F.);
#11139 = ORIENTED_EDGE('',*,*,#11140,.F.);
#11140 = EDGE_CURVE('',#2359,#6687,#11141,.T.);
#11141 = LINE('',#11142,#11143);
#11142 = CARTESIAN_POINT('',(67.541426844015,21.255574365175,1.3));
#11143 = VECTOR('',#11144,1.);
#11144 = DIRECTION('',(0.,0.,-1.));
#11145 = SURFACE_OF_LINEAR_EXTRUSION('',#11146,#11150);
#11146 = B_SPLINE_CURVE_WITH_KNOTS('',2,(#11147,#11148,#11149),
  .UNSPECIFIED.,.F.,.F.,(3,3),(0.,1.),.PIECEWISE_BEZIER_KNOTS.);
#11147 = CARTESIAN_POINT('',(67.565417170496,20.756420798065,1.3));
#11148 = CARTESIAN_POINT('',(67.541426844015,20.922805320435,1.3));
#11149 = CARTESIAN_POINT('',(67.541426844015,21.255574365175,1.3));
#11150 = VECTOR('',#11151,1.);
#11151 = DIRECTION('',(-0.,0.,1.));
#11152 = ADVANCED_FACE('',(#11153),#11164,.F.);
#11153 = FACE_BOUND('',#11154,.F.);
#11154 = EDGE_LOOP('',(#11155,#11156,#11162,#11163));
#11155 = ORIENTED_EDGE('',*,*,#2350,.T.);
#11156 = ORIENTED_EDGE('',*,*,#11157,.T.);
#11157 = EDGE_CURVE('',#2340,#6668,#11158,.T.);
#11158 = LINE('',#11159,#11160);
#11159 = CARTESIAN_POINT('',(67.589407496977,20.233276904474,1.3));
#11160 = VECTOR('',#11161,1.);
#11161 = DIRECTION('',(0.,0.,-1.));
#11162 = ORIENTED_EDGE('',*,*,#6678,.F.);
#11163 = ORIENTED_EDGE('',*,*,#11133,.F.);
#11164 = PLANE('',#11165);
#11165 = AXIS2_PLACEMENT_3D('',#11166,#11167,#11168);
#11166 = CARTESIAN_POINT('',(67.589407496977,20.233276904474,1.3));
#11167 = DIRECTION('',(0.998950177967,4.580984543933E-02,0.));
#11168 = DIRECTION('',(-4.580984543933E-02,0.998950177967,-0.));
#11169 = ADVANCED_FACE('',(#11170),#11181,.F.);
#11170 = FACE_BOUND('',#11171,.F.);
#11171 = EDGE_LOOP('',(#11172,#11173,#11179,#11180));
#11172 = ORIENTED_EDGE('',*,*,#2339,.T.);
#11173 = ORIENTED_EDGE('',*,*,#11174,.T.);
#11174 = EDGE_CURVE('',#2332,#6660,#11175,.T.);
#11175 = LINE('',#11176,#11177);
#11176 = CARTESIAN_POINT('',(67.565417170496,20.066892382104,1.3));
#11177 = VECTOR('',#11178,1.);
#11178 = DIRECTION('',(0.,0.,-1.));
#11179 = ORIENTED_EDGE('',*,*,#6667,.F.);
#11180 = ORIENTED_EDGE('',*,*,#11157,.F.);
#11181 = SURFACE_OF_LINEAR_EXTRUSION('',#11182,#11186);
#11182 = B_SPLINE_CURVE_WITH_KNOTS('',2,(#11183,#11184,#11185),
  .UNSPECIFIED.,.F.,.F.,(3,3),(0.,1.),.PIECEWISE_BEZIER_KNOTS.);
#11183 = CARTESIAN_POINT('',(67.565417170496,20.066892382104,1.3));
#11184 = CARTESIAN_POINT('',(67.565417170496,20.186070133011,1.3));
#11185 = CARTESIAN_POINT('',(67.589407496977,20.233276904474,1.3));
#11186 = VECTOR('',#11187,1.);
#11187 = DIRECTION('',(-0.,0.,1.));
#11188 = ADVANCED_FACE('',(#11189),#11200,.F.);
#11189 = FACE_BOUND('',#11190,.F.);
#11190 = EDGE_LOOP('',(#11191,#11192,#11198,#11199));
#11191 = ORIENTED_EDGE('',*,*,#2331,.T.);
#11192 = ORIENTED_EDGE('',*,*,#11193,.T.);
#11193 = EDGE_CURVE('',#2320,#6648,#11194,.T.);
#11194 = LINE('',#11195,#11196);
#11195 = CARTESIAN_POINT('',(67.565417170496,19.971704957678,1.3));
#11196 = VECTOR('',#11197,1.);
#11197 = DIRECTION('',(0.,0.,-1.));
#11198 = ORIENTED_EDGE('',*,*,#6659,.F.);
#11199 = ORIENTED_EDGE('',*,*,#11174,.F.);
#11200 = PLANE('',#11201);
#11201 = AXIS2_PLACEMENT_3D('',#11202,#11203,#11204);
#11202 = CARTESIAN_POINT('',(67.565417170496,19.971704957678,1.3));
#11203 = DIRECTION('',(1.,0.,0.));
#11204 = DIRECTION('',(0.,1.,0.));
#11205 = ADVANCED_FACE('',(#11206),#11217,.F.);
#11206 = FACE_BOUND('',#11207,.F.);
#11207 = EDGE_LOOP('',(#11208,#11209,#11215,#11216));
#11208 = ORIENTED_EDGE('',*,*,#2319,.T.);
#11209 = ORIENTED_EDGE('',*,*,#11210,.T.);
#11210 = EDGE_CURVE('',#2305,#6633,#11211,.T.);
#11211 = LINE('',#11212,#11213);
#11212 = CARTESIAN_POINT('',(67.660604594921,19.591729141475,1.3));
#11213 = VECTOR('',#11214,1.);
#11214 = DIRECTION('',(0.,0.,-1.));
#11215 = ORIENTED_EDGE('',*,*,#6647,.F.);
#11216 = ORIENTED_EDGE('',*,*,#11193,.F.);
#11217 = SURFACE_OF_LINEAR_EXTRUSION('',#11218,#11222);
#11218 = B_SPLINE_CURVE_WITH_KNOTS('',2,(#11219,#11220,#11221),
  .UNSPECIFIED.,.F.,.F.,(3,3),(0.,1.),.PIECEWISE_BEZIER_KNOTS.);
#11219 = CARTESIAN_POINT('',(67.660604594921,19.591729141475,1.3));
#11220 = CARTESIAN_POINT('',(67.565417170496,19.710133010883,1.3));
#11221 = CARTESIAN_POINT('',(67.565417170496,19.971704957678,1.3));
#11222 = VECTOR('',#11223,1.);
#11223 = DIRECTION('',(-0.,0.,1.));
#11224 = ADVANCED_FACE('',(#11225),#11236,.F.);
#11225 = FACE_BOUND('',#11226,.F.);
#11226 = EDGE_LOOP('',(#11227,#11228,#11234,#11235));
#11227 = ORIENTED_EDGE('',*,*,#2304,.T.);
#11228 = ORIENTED_EDGE('',*,*,#11229,.T.);
#11229 = EDGE_CURVE('',#2293,#6621,#11230,.T.);
#11230 = LINE('',#11231,#11232);
#11231 = CARTESIAN_POINT('',(67.874195888755,19.412962515115,1.3));
#11232 = VECTOR('',#11233,1.);
#11233 = DIRECTION('',(0.,0.,-1.));
#11234 = ORIENTED_EDGE('',*,*,#6632,.F.);
#11235 = ORIENTED_EDGE('',*,*,#11210,.F.);
#11236 = SURFACE_OF_LINEAR_EXTRUSION('',#11237,#11241);
#11237 = B_SPLINE_CURVE_WITH_KNOTS('',2,(#11238,#11239,#11240),
  .UNSPECIFIED.,.F.,.F.,(3,3),(0.,1.),.PIECEWISE_BEZIER_KNOTS.);
#11238 = CARTESIAN_POINT('',(67.874195888755,19.412962515115,1.3));
#11239 = CARTESIAN_POINT('',(67.707811366385,19.448561064087,1.3));
#11240 = CARTESIAN_POINT('',(67.660604594921,19.591729141475,1.3));
#11241 = VECTOR('',#11242,1.);
#11242 = DIRECTION('',(-0.,0.,1.));
#11243 = ADVANCED_FACE('',(#11244),#11255,.F.);
#11244 = FACE_BOUND('',#11245,.F.);
#11245 = EDGE_LOOP('',(#11246,#11247,#11253,#11254));
#11246 = ORIENTED_EDGE('',*,*,#2292,.T.);
#11247 = ORIENTED_EDGE('',*,*,#11248,.T.);
#11248 = EDGE_CURVE('',#2285,#6613,#11249,.T.);
#11249 = LINE('',#11250,#11251);
#11250 = CARTESIAN_POINT('',(68.373349455865,19.377363966143,1.3));
#11251 = VECTOR('',#11252,1.);
#11252 = DIRECTION('',(0.,0.,-1.));
#11253 = ORIENTED_EDGE('',*,*,#6620,.F.);
#11254 = ORIENTED_EDGE('',*,*,#11229,.F.);
#11255 = SURFACE_OF_LINEAR_EXTRUSION('',#11256,#11260);
#11256 = B_SPLINE_CURVE_WITH_KNOTS('',2,(#11257,#11258,#11259),
  .UNSPECIFIED.,.F.,.F.,(3,3),(0.,1.),.PIECEWISE_BEZIER_KNOTS.);
#11257 = CARTESIAN_POINT('',(68.373349455865,19.377363966143,1.3));
#11258 = CARTESIAN_POINT('',(68.040580411125,19.377363966143,1.3));
#11259 = CARTESIAN_POINT('',(67.874195888755,19.412962515115,1.3));
#11260 = VECTOR('',#11261,1.);
#11261 = DIRECTION('',(-0.,0.,1.));
#11262 = ADVANCED_FACE('',(#11263),#11279,.F.);
#11263 = FACE_BOUND('',#11264,.F.);
#11264 = EDGE_LOOP('',(#11265,#11266,#11272,#11273));
#11265 = ORIENTED_EDGE('',*,*,#2263,.T.);
#11266 = ORIENTED_EDGE('',*,*,#11267,.T.);
#11267 = EDGE_CURVE('',#2232,#6560,#11268,.T.);
#11268 = LINE('',#11269,#11270);
#11269 = CARTESIAN_POINT('',(71.844207980653,19.282176541717,1.3));
#11270 = VECTOR('',#11271,1.);
#11271 = DIRECTION('',(0.,0.,-1.));
#11272 = ORIENTED_EDGE('',*,*,#6591,.F.);
#11273 = ORIENTED_EDGE('',*,*,#11274,.F.);
#11274 = EDGE_CURVE('',#2264,#6592,#11275,.T.);
#11275 = LINE('',#11276,#11277);
#11276 = CARTESIAN_POINT('',(70.109165659008,19.377363966143,1.3));
#11277 = VECTOR('',#11278,1.);
#11278 = DIRECTION('',(0.,0.,-1.));
#11279 = SURFACE_OF_LINEAR_EXTRUSION('',#11280,#11284);
#11280 = B_SPLINE_CURVE_WITH_KNOTS('',2,(#11281,#11282,#11283),
  .UNSPECIFIED.,.F.,.F.,(3,3),(0.,1.),.PIECEWISE_BEZIER_KNOTS.);
#11281 = CARTESIAN_POINT('',(71.844207980653,19.282176541717,1.3));
#11282 = CARTESIAN_POINT('',(71.393035066505,19.377363966143,1.3));
#11283 = CARTESIAN_POINT('',(70.109165659008,19.377363966143,1.3));
#11284 = VECTOR('',#11285,1.);
#11285 = DIRECTION('',(-0.,0.,1.));
#11286 = ADVANCED_FACE('',(#11287),#11298,.F.);
#11287 = FACE_BOUND('',#11288,.F.);
#11288 = EDGE_LOOP('',(#11289,#11290,#11296,#11297));
#11289 = ORIENTED_EDGE('',*,*,#2231,.T.);
#11290 = ORIENTED_EDGE('',*,*,#11291,.T.);
#11291 = EDGE_CURVE('',#2224,#6552,#11292,.T.);
#11292 = LINE('',#11293,#11294);
#11293 = CARTESIAN_POINT('',(72.557726723096,18.783022974607,1.3));
#11294 = VECTOR('',#11295,1.);
#11295 = DIRECTION('',(0.,0.,-1.));
#11296 = ORIENTED_EDGE('',*,*,#6559,.F.);
#11297 = ORIENTED_EDGE('',*,*,#11267,.F.);
#11298 = SURFACE_OF_LINEAR_EXTRUSION('',#11299,#11303);
#11299 = B_SPLINE_CURVE_WITH_KNOTS('',2,(#11300,#11301,#11302),
  .UNSPECIFIED.,.F.,.F.,(3,3),(0.,1.),.PIECEWISE_BEZIER_KNOTS.);
#11300 = CARTESIAN_POINT('',(72.557726723096,18.783022974607,1.3));
#11301 = CARTESIAN_POINT('',(72.62892382104,19.16377267231,1.3));
#11302 = CARTESIAN_POINT('',(71.844207980653,19.282176541717,1.3));
#11303 = VECTOR('',#11304,1.);
#11304 = DIRECTION('',(-0.,0.,1.));
#11305 = ADVANCED_FACE('',(#11306),#11317,.F.);
#11306 = FACE_BOUND('',#11307,.F.);
#11307 = EDGE_LOOP('',(#11308,#11309,#11315,#11316));
#11308 = ORIENTED_EDGE('',*,*,#2223,.T.);
#11309 = ORIENTED_EDGE('',*,*,#11310,.T.);
#11310 = EDGE_CURVE('',#2213,#6541,#11311,.T.);
#11311 = LINE('',#11312,#11313);
#11312 = CARTESIAN_POINT('',(72.058573155985,17.214365175333,1.3));
#11313 = VECTOR('',#11314,1.);
#11314 = DIRECTION('',(0.,0.,-1.));
#11315 = ORIENTED_EDGE('',*,*,#6551,.F.);
#11316 = ORIENTED_EDGE('',*,*,#11291,.F.);
#11317 = PLANE('',#11318);
#11318 = AXIS2_PLACEMENT_3D('',#11319,#11320,#11321);
#11319 = CARTESIAN_POINT('',(72.058573155985,17.214365175333,1.3));
#11320 = DIRECTION('',(0.95291960572,-0.303223061514,0.));
#11321 = DIRECTION('',(0.303223061514,0.95291960572,0.));
#11322 = ADVANCED_FACE('',(#11323),#11334,.F.);
#11323 = FACE_BOUND('',#11324,.F.);
#11324 = EDGE_LOOP('',(#11325,#11326,#11332,#11333));
#11325 = ORIENTED_EDGE('',*,*,#2212,.T.);
#11326 = ORIENTED_EDGE('',*,*,#11327,.T.);
#11327 = EDGE_CURVE('',#2198,#6526,#11328,.T.);
#11328 = LINE('',#11329,#11330);
#11329 = CARTESIAN_POINT('',(71.939395405079,16.904812575574,1.3));
#11330 = VECTOR('',#11331,1.);
#11331 = DIRECTION('',(0.,0.,-1.));
#11332 = ORIENTED_EDGE('',*,*,#6540,.F.);
#11333 = ORIENTED_EDGE('',*,*,#11310,.F.);
#11334 = SURFACE_OF_LINEAR_EXTRUSION('',#11335,#11339);
#11335 = B_SPLINE_CURVE_WITH_KNOTS('',2,(#11336,#11337,#11338),
  .UNSPECIFIED.,.F.,.F.,(3,3),(0.,1.),.PIECEWISE_BEZIER_KNOTS.);
#11336 = CARTESIAN_POINT('',(71.939395405079,16.904812575574,1.3));
#11337 = CARTESIAN_POINT('',(72.058573155985,17.071197097944,1.3));
#11338 = CARTESIAN_POINT('',(72.058573155985,17.214365175333,1.3));
#11339 = VECTOR('',#11340,1.);
#11340 = DIRECTION('',(-0.,0.,1.));
#11341 = ADVANCED_FACE('',(#11342),#11353,.F.);
#11342 = FACE_BOUND('',#11343,.F.);
#11343 = EDGE_LOOP('',(#11344,#11345,#11351,#11352));
#11344 = ORIENTED_EDGE('',*,*,#2197,.T.);
#11345 = ORIENTED_EDGE('',*,*,#11346,.T.);
#11346 = EDGE_CURVE('',#2185,#6513,#11347,.T.);
#11347 = LINE('',#11348,#11349);
#11348 = CARTESIAN_POINT('',(71.606626360339,16.762418379686,1.3));
#11349 = VECTOR('',#11350,1.);
#11350 = DIRECTION('',(0.,0.,-1.));
#11351 = ORIENTED_EDGE('',*,*,#6525,.F.);
#11352 = ORIENTED_EDGE('',*,*,#11327,.F.);
#11353 = SURFACE_OF_LINEAR_EXTRUSION('',#11354,#11358);
#11354 = B_SPLINE_CURVE_WITH_KNOTS('',2,(#11355,#11356,#11357),
  .UNSPECIFIED.,.F.,.F.,(3,3),(0.,1.),.PIECEWISE_BEZIER_KNOTS.);
#11355 = CARTESIAN_POINT('',(71.606626360339,16.762418379686,1.3));
#11356 = CARTESIAN_POINT('',(71.844207980653,16.762418379686,1.3));
#11357 = CARTESIAN_POINT('',(71.939395405079,16.904812575574,1.3));
#11358 = VECTOR('',#11359,1.);
#11359 = DIRECTION('',(-0.,0.,1.));
#11360 = ADVANCED_FACE('',(#11361),#11372,.F.);
#11361 = FACE_BOUND('',#11362,.F.);
#11362 = EDGE_LOOP('',(#11363,#11364,#11370,#11371));
#11363 = ORIENTED_EDGE('',*,*,#2184,.T.);
#11364 = ORIENTED_EDGE('',*,*,#11365,.T.);
#11365 = EDGE_CURVE('',#2173,#6501,#11366,.T.);
#11366 = LINE('',#11367,#11368);
#11367 = CARTESIAN_POINT('',(71.036275695284,16.620024183797,1.3));
#11368 = VECTOR('',#11369,1.);
#11369 = DIRECTION('',(0.,0.,-1.));
#11370 = ORIENTED_EDGE('',*,*,#6512,.F.);
#11371 = ORIENTED_EDGE('',*,*,#11346,.F.);
#11372 = SURFACE_OF_LINEAR_EXTRUSION('',#11373,#11377);
#11373 = B_SPLINE_CURVE_WITH_KNOTS('',2,(#11374,#11375,#11376),
  .UNSPECIFIED.,.F.,.F.,(3,3),(0.,1.),.PIECEWISE_BEZIER_KNOTS.);
#11374 = CARTESIAN_POINT('',(71.036275695284,16.620024183797,1.3));
#11375 = CARTESIAN_POINT('',(71.178669891173,16.691221281741,1.3));
#11376 = CARTESIAN_POINT('',(71.606626360339,16.762418379686,1.3));
#11377 = VECTOR('',#11378,1.);
#11378 = DIRECTION('',(-0.,0.,1.));
#11379 = ADVANCED_FACE('',(#11380),#11391,.F.);
#11380 = FACE_BOUND('',#11381,.F.);
#11381 = EDGE_LOOP('',(#11382,#11383,#11389,#11390));
#11382 = ORIENTED_EDGE('',*,*,#2172,.T.);
#11383 = ORIENTED_EDGE('',*,*,#11384,.T.);
#11384 = EDGE_CURVE('',#2163,#6491,#11385,.T.);
#11385 = LINE('',#11386,#11387);
#11386 = CARTESIAN_POINT('',(70.679516324063,16.548053204353,1.3));
#11387 = VECTOR('',#11388,1.);
#11388 = DIRECTION('',(0.,0.,-1.));
#11389 = ORIENTED_EDGE('',*,*,#6500,.F.);
#11390 = ORIENTED_EDGE('',*,*,#11365,.F.);
#11391 = SURFACE_OF_LINEAR_EXTRUSION('',#11392,#11396);
#11392 = B_SPLINE_CURVE_WITH_KNOTS('',2,(#11393,#11394,#11395),
  .UNSPECIFIED.,.F.,.F.,(3,3),(0.,1.),.PIECEWISE_BEZIER_KNOTS.);
#11393 = CARTESIAN_POINT('',(70.679516324063,16.548053204353,1.3));
#11394 = CARTESIAN_POINT('',(70.917097944377,16.548053204353,1.3));
#11395 = CARTESIAN_POINT('',(71.036275695284,16.620024183797,1.3));
#11396 = VECTOR('',#11397,1.);
#11397 = DIRECTION('',(-0.,0.,1.));
#11398 = ADVANCED_FACE('',(#11399),#11410,.F.);
#11399 = FACE_BOUND('',#11400,.F.);
#11400 = EDGE_LOOP('',(#11401,#11402,#11408,#11409));
#11401 = ORIENTED_EDGE('',*,*,#2162,.T.);
#11402 = ORIENTED_EDGE('',*,*,#11403,.T.);
#11403 = EDGE_CURVE('',#2150,#6478,#11404,.T.);
#11404 = LINE('',#11405,#11406);
#11405 = CARTESIAN_POINT('',(70.584328899637,16.572043530834,1.3));
#11406 = VECTOR('',#11407,1.);
#11407 = DIRECTION('',(0.,0.,-1.));
#11408 = ORIENTED_EDGE('',*,*,#6490,.F.);
#11409 = ORIENTED_EDGE('',*,*,#11384,.F.);
#11410 = SURFACE_OF_LINEAR_EXTRUSION('',#11411,#11415);
#11411 = B_SPLINE_CURVE_WITH_KNOTS('',2,(#11412,#11413,#11414),
  .UNSPECIFIED.,.F.,.F.,(3,3),(0.,1.),.PIECEWISE_BEZIER_KNOTS.);
#11412 = CARTESIAN_POINT('',(70.584328899637,16.572043530834,1.3));
#11413 = CARTESIAN_POINT('',(70.6323095526,16.548053204353,1.3));
#11414 = CARTESIAN_POINT('',(70.679516324063,16.548053204353,1.3));
#11415 = VECTOR('',#11416,1.);
#11416 = DIRECTION('',(-0.,0.,1.));
#11417 = ADVANCED_FACE('',(#11418),#11429,.F.);
#11418 = FACE_BOUND('',#11419,.F.);
#11419 = EDGE_LOOP('',(#11420,#11421,#11427,#11428));
#11420 = ORIENTED_EDGE('',*,*,#2149,.T.);
#11421 = ORIENTED_EDGE('',*,*,#11422,.T.);
#11422 = EDGE_CURVE('',#2142,#6470,#11423,.T.);
#11423 = LINE('',#11424,#11425);
#11424 = CARTESIAN_POINT('',(70.513131801693,16.643240628779,1.3));
#11425 = VECTOR('',#11426,1.);
#11426 = DIRECTION('',(0.,0.,-1.));
#11427 = ORIENTED_EDGE('',*,*,#6477,.F.);
#11428 = ORIENTED_EDGE('',*,*,#11403,.F.);
#11429 = SURFACE_OF_LINEAR_EXTRUSION('',#11430,#11434);
#11430 = B_SPLINE_CURVE_WITH_KNOTS('',2,(#11431,#11432,#11433),
  .UNSPECIFIED.,.F.,.F.,(3,3),(0.,1.),.PIECEWISE_BEZIER_KNOTS.);
#11431 = CARTESIAN_POINT('',(70.513131801693,16.643240628779,1.3));
#11432 = CARTESIAN_POINT('',(70.537122128174,16.596033857316,1.3));
#11433 = CARTESIAN_POINT('',(70.584328899637,16.572043530834,1.3));
#11434 = VECTOR('',#11435,1.);
#11435 = DIRECTION('',(-0.,0.,1.));
#11436 = ADVANCED_FACE('',(#11437),#11448,.F.);
#11437 = FACE_BOUND('',#11438,.F.);
#11438 = EDGE_LOOP('',(#11439,#11440,#11446,#11447));
#11439 = ORIENTED_EDGE('',*,*,#2141,.T.);
#11440 = ORIENTED_EDGE('',*,*,#11441,.T.);
#11441 = EDGE_CURVE('',#2132,#6460,#11442,.T.);
#11442 = LINE('',#11443,#11444);
#11443 = CARTESIAN_POINT('',(68.492527206771,16.643240628779,1.3));
#11444 = VECTOR('',#11445,1.);
#11445 = DIRECTION('',(0.,0.,-1.));
#11446 = ORIENTED_EDGE('',*,*,#6469,.F.);
#11447 = ORIENTED_EDGE('',*,*,#11422,.F.);
#11448 = PLANE('',#11449);
#11449 = AXIS2_PLACEMENT_3D('',#11450,#11451,#11452);
#11450 = CARTESIAN_POINT('',(68.492527206771,16.643240628779,1.3));
#11451 = DIRECTION('',(0.,-1.,0.));
#11452 = DIRECTION('',(1.,0.,0.));
#11453 = ADVANCED_FACE('',(#11454),#11465,.F.);
#11454 = FACE_BOUND('',#11455,.F.);
#11455 = EDGE_LOOP('',(#11456,#11457,#11463,#11464));
#11456 = ORIENTED_EDGE('',*,*,#2131,.T.);
#11457 = ORIENTED_EDGE('',*,*,#11458,.T.);
#11458 = EDGE_CURVE('',#2122,#6450,#11459,.T.);
#11459 = LINE('',#11460,#11461);
#11460 = CARTESIAN_POINT('',(68.373349455865,16.572043530834,1.3));
#11461 = VECTOR('',#11462,1.);
#11462 = DIRECTION('',(0.,0.,-1.));
#11463 = ORIENTED_EDGE('',*,*,#6459,.F.);
#11464 = ORIENTED_EDGE('',*,*,#11441,.F.);
#11465 = SURFACE_OF_LINEAR_EXTRUSION('',#11466,#11470);
#11466 = B_SPLINE_CURVE_WITH_KNOTS('',2,(#11467,#11468,#11469),
  .UNSPECIFIED.,.F.,.F.,(3,3),(0.,1.),.PIECEWISE_BEZIER_KNOTS.);
#11467 = CARTESIAN_POINT('',(68.373349455865,16.572043530834,1.3));
#11468 = CARTESIAN_POINT('',(68.445320435308,16.596033857316,1.3));
#11469 = CARTESIAN_POINT('',(68.492527206771,16.643240628779,1.3));
#11470 = VECTOR('',#11471,1.);
#11471 = DIRECTION('',(-0.,0.,1.));
#11472 = ADVANCED_FACE('',(#11473),#11484,.F.);
#11473 = FACE_BOUND('',#11474,.F.);
#11474 = EDGE_LOOP('',(#11475,#11476,#11482,#11483));
#11475 = ORIENTED_EDGE('',*,*,#2121,.T.);
#11476 = ORIENTED_EDGE('',*,*,#11477,.T.);
#11477 = EDGE_CURVE('',#2109,#6437,#11478,.T.);
#11478 = LINE('',#11479,#11480);
#11479 = CARTESIAN_POINT('',(68.254945586457,16.548053204353,1.3));
#11480 = VECTOR('',#11481,1.);
#11481 = DIRECTION('',(0.,0.,-1.));
#11482 = ORIENTED_EDGE('',*,*,#6449,.F.);
#11483 = ORIENTED_EDGE('',*,*,#11458,.F.);
#11484 = SURFACE_OF_LINEAR_EXTRUSION('',#11485,#11489);
#11485 = B_SPLINE_CURVE_WITH_KNOTS('',2,(#11486,#11487,#11488),
  .UNSPECIFIED.,.F.,.F.,(3,3),(0.,1.),.PIECEWISE_BEZIER_KNOTS.);
#11486 = CARTESIAN_POINT('',(68.254945586457,16.548053204353,1.3));
#11487 = CARTESIAN_POINT('',(68.30215235792,16.548053204353,1.3));
#11488 = CARTESIAN_POINT('',(68.373349455865,16.572043530834,1.3));
#11489 = VECTOR('',#11490,1.);
#11490 = DIRECTION('',(-0.,0.,1.));
#11491 = ADVANCED_FACE('',(#11492),#11503,.F.);
#11492 = FACE_BOUND('',#11493,.F.);
#11493 = EDGE_LOOP('',(#11494,#11495,#11501,#11502));
#11494 = ORIENTED_EDGE('',*,*,#2108,.T.);
#11495 = ORIENTED_EDGE('',*,*,#11496,.T.);
#11496 = EDGE_CURVE('',#2098,#6426,#11497,.T.);
#11497 = LINE('',#11498,#11499);
#11498 = CARTESIAN_POINT('',(68.017363966143,16.643240628779,1.3));
#11499 = VECTOR('',#11500,1.);
#11500 = DIRECTION('',(0.,0.,-1.));
#11501 = ORIENTED_EDGE('',*,*,#6436,.F.);
#11502 = ORIENTED_EDGE('',*,*,#11477,.F.);
#11503 = SURFACE_OF_LINEAR_EXTRUSION('',#11504,#11508);
#11504 = B_SPLINE_CURVE_WITH_KNOTS('',2,(#11505,#11506,#11507),
  .UNSPECIFIED.,.F.,.F.,(3,3),(0.,1.),.PIECEWISE_BEZIER_KNOTS.);
#11505 = CARTESIAN_POINT('',(68.017363966143,16.643240628779,1.3));
#11506 = CARTESIAN_POINT('',(68.159758162031,16.643240628779,1.3));
#11507 = CARTESIAN_POINT('',(68.254945586457,16.548053204353,1.3));
#11508 = VECTOR('',#11509,1.);
#11509 = DIRECTION('',(-0.,0.,1.));
#11510 = ADVANCED_FACE('',(#11511),#11522,.F.);
#11511 = FACE_BOUND('',#11512,.F.);
#11512 = EDGE_LOOP('',(#11513,#11514,#11520,#11521));
#11513 = ORIENTED_EDGE('',*,*,#2097,.T.);
#11514 = ORIENTED_EDGE('',*,*,#11515,.T.);
#11515 = EDGE_CURVE('',#2086,#6414,#11516,.T.);
#11516 = LINE('',#11517,#11518);
#11517 = CARTESIAN_POINT('',(67.743409915357,16.548827085852,1.3));
#11518 = VECTOR('',#11519,1.);
#11519 = DIRECTION('',(0.,0.,-1.));
#11520 = ORIENTED_EDGE('',*,*,#6425,.F.);
#11521 = ORIENTED_EDGE('',*,*,#11496,.F.);
#11522 = SURFACE_OF_LINEAR_EXTRUSION('',#11523,#11527);
#11523 = B_SPLINE_CURVE_WITH_KNOTS('',2,(#11524,#11525,#11526),
  .UNSPECIFIED.,.F.,.F.,(3,3),(0.,1.),.PIECEWISE_BEZIER_KNOTS.);
#11524 = CARTESIAN_POINT('',(67.743409915357,16.548827085852,1.3));
#11525 = CARTESIAN_POINT('',(67.826989117291,16.643240628779,1.3));
#11526 = CARTESIAN_POINT('',(68.017363966143,16.643240628779,1.3));
#11527 = VECTOR('',#11528,1.);
#11528 = DIRECTION('',(-0.,0.,1.));
#11529 = ADVANCED_FACE('',(#11530),#11541,.F.);
#11530 = FACE_BOUND('',#11531,.F.);
#11531 = EDGE_LOOP('',(#11532,#11533,#11539,#11540));
#11532 = ORIENTED_EDGE('',*,*,#2085,.T.);
#11533 = ORIENTED_EDGE('',*,*,#11534,.T.);
#11534 = EDGE_CURVE('',#2075,#6403,#11535,.T.);
#11535 = LINE('',#11536,#11537);
#11536 = CARTESIAN_POINT('',(67.660604594921,16.192067714631,1.3));
#11537 = VECTOR('',#11538,1.);
#11538 = DIRECTION('',(0.,0.,-1.));
#11539 = ORIENTED_EDGE('',*,*,#6413,.F.);
#11540 = ORIENTED_EDGE('',*,*,#11515,.F.);
#11541 = SURFACE_OF_LINEAR_EXTRUSION('',#11542,#11546);
#11542 = B_SPLINE_CURVE_WITH_KNOTS('',2,(#11543,#11544,#11545),
  .UNSPECIFIED.,.F.,.F.,(3,3),(0.,1.),.PIECEWISE_BEZIER_KNOTS.);
#11543 = CARTESIAN_POINT('',(67.660604594921,16.192067714631,1.3));
#11544 = CARTESIAN_POINT('',(67.660604594921,16.453639661427,1.3));
#11545 = CARTESIAN_POINT('',(67.743409915357,16.548827085852,1.3));
#11546 = VECTOR('',#11547,1.);
#11547 = DIRECTION('',(-0.,0.,1.));
#11548 = ADVANCED_FACE('',(#11549),#11560,.F.);
#11549 = FACE_BOUND('',#11550,.F.);
#11550 = EDGE_LOOP('',(#11551,#11552,#11558,#11559));
#11551 = ORIENTED_EDGE('',*,*,#2074,.T.);
#11552 = ORIENTED_EDGE('',*,*,#11553,.T.);
#11553 = EDGE_CURVE('',#2063,#6391,#11554,.T.);
#11554 = LINE('',#11555,#11556);
#11555 = CARTESIAN_POINT('',(67.683821039903,15.716130592503,1.3));
#11556 = VECTOR('',#11557,1.);
#11557 = DIRECTION('',(0.,0.,-1.));
#11558 = ORIENTED_EDGE('',*,*,#6402,.F.);
#11559 = ORIENTED_EDGE('',*,*,#11534,.F.);
#11560 = SURFACE_OF_LINEAR_EXTRUSION('',#11561,#11565);
#11561 = B_SPLINE_CURVE_WITH_KNOTS('',2,(#11562,#11563,#11564),
  .UNSPECIFIED.,.F.,.F.,(3,3),(0.,1.),.PIECEWISE_BEZIER_KNOTS.);
#11562 = CARTESIAN_POINT('',(67.683821039903,15.716130592503,1.3));
#11563 = CARTESIAN_POINT('',(67.660604594921,15.930495767836,1.3));
#11564 = CARTESIAN_POINT('',(67.660604594921,16.192067714631,1.3));
#11565 = VECTOR('',#11566,1.);
#11566 = DIRECTION('',(-0.,0.,1.));
#11567 = ADVANCED_FACE('',(#11568),#11579,.F.);
#11568 = FACE_BOUND('',#11569,.F.);
#11569 = EDGE_LOOP('',(#11570,#11571,#11577,#11578));
#11570 = ORIENTED_EDGE('',*,*,#2062,.T.);
#11571 = ORIENTED_EDGE('',*,*,#11572,.T.);
#11572 = EDGE_CURVE('',#2051,#6379,#11573,.T.);
#11573 = LINE('',#11574,#11575);
#11574 = CARTESIAN_POINT('',(67.898186215236,14.598645707376,1.3));
#11575 = VECTOR('',#11576,1.);
#11576 = DIRECTION('',(0.,0.,-1.));
#11577 = ORIENTED_EDGE('',*,*,#6390,.F.);
#11578 = ORIENTED_EDGE('',*,*,#11553,.F.);
#11579 = SURFACE_OF_LINEAR_EXTRUSION('',#11580,#11584);
#11580 = B_SPLINE_CURVE_WITH_KNOTS('',2,(#11581,#11582,#11583),
  .UNSPECIFIED.,.F.,.F.,(3,3),(0.,1.),.PIECEWISE_BEZIER_KNOTS.);
#11581 = CARTESIAN_POINT('',(67.898186215236,14.598645707376,1.3));
#11582 = CARTESIAN_POINT('',(67.731801692866,15.00338573156,1.3));
#11583 = CARTESIAN_POINT('',(67.683821039903,15.716130592503,1.3));
#11584 = VECTOR('',#11585,1.);
#11585 = DIRECTION('',(-0.,0.,1.));
#11586 = ADVANCED_FACE('',(#11587),#11598,.F.);
#11587 = FACE_BOUND('',#11588,.F.);
#11588 = EDGE_LOOP('',(#11589,#11590,#11596,#11597));
#11589 = ORIENTED_EDGE('',*,*,#2050,.T.);
#11590 = ORIENTED_EDGE('',*,*,#11591,.T.);
#11591 = EDGE_CURVE('',#2043,#6371,#11592,.T.);
#11592 = LINE('',#11593,#11594);
#11593 = CARTESIAN_POINT('',(68.064570737606,14.361064087062,1.3));
#11594 = VECTOR('',#11595,1.);
#11595 = DIRECTION('',(0.,0.,-1.));
#11596 = ORIENTED_EDGE('',*,*,#6378,.F.);
#11597 = ORIENTED_EDGE('',*,*,#11572,.F.);
#11598 = SURFACE_OF_LINEAR_EXTRUSION('',#11599,#11603);
#11599 = B_SPLINE_CURVE_WITH_KNOTS('',2,(#11600,#11601,#11602),
  .UNSPECIFIED.,.F.,.F.,(3,3),(0.,1.),.PIECEWISE_BEZIER_KNOTS.);
#11600 = CARTESIAN_POINT('',(68.064570737606,14.361064087062,1.3));
#11601 = CARTESIAN_POINT('',(67.96938331318,14.361064087062,1.3));
#11602 = CARTESIAN_POINT('',(67.898186215236,14.598645707376,1.3));
#11603 = VECTOR('',#11604,1.);
#11604 = DIRECTION('',(-0.,0.,1.));
#11605 = ADVANCED_FACE('',(#11606),#11617,.F.);
#11606 = FACE_BOUND('',#11607,.F.);
#11607 = EDGE_LOOP('',(#11608,#11609,#11615,#11616));
#11608 = ORIENTED_EDGE('',*,*,#2042,.T.);
#11609 = ORIENTED_EDGE('',*,*,#11610,.T.);
#11610 = EDGE_CURVE('',#2030,#6358,#11611,.T.);
#11611 = LINE('',#11612,#11613);
#11612 = CARTESIAN_POINT('',(68.064570737606,14.409044740024,1.3));
#11613 = VECTOR('',#11614,1.);
#11614 = DIRECTION('',(0.,0.,-1.));
#11615 = ORIENTED_EDGE('',*,*,#6370,.F.);
#11616 = ORIENTED_EDGE('',*,*,#11591,.F.);
#11617 = PLANE('',#11618);
#11618 = AXIS2_PLACEMENT_3D('',#11619,#11620,#11621);
#11619 = CARTESIAN_POINT('',(68.064570737606,14.409044740024,1.3));
#11620 = DIRECTION('',(-1.,0.,0.));
#11621 = DIRECTION('',(0.,-1.,0.));
#11622 = ADVANCED_FACE('',(#11623),#11634,.F.);
#11623 = FACE_BOUND('',#11624,.F.);
#11624 = EDGE_LOOP('',(#11625,#11626,#11632,#11633));
#11625 = ORIENTED_EDGE('',*,*,#2029,.T.);
#11626 = ORIENTED_EDGE('',*,*,#11627,.T.);
#11627 = EDGE_CURVE('',#2009,#6337,#11628,.T.);
#11628 = LINE('',#11629,#11630);
#11629 = CARTESIAN_POINT('',(68.563724304716,14.265876662636,1.3));
#11630 = VECTOR('',#11631,1.);
#11631 = DIRECTION('',(0.,0.,-1.));
#11632 = ORIENTED_EDGE('',*,*,#6357,.F.);
#11633 = ORIENTED_EDGE('',*,*,#11610,.F.);
#11634 = SURFACE_OF_LINEAR_EXTRUSION('',#11635,#11639);
#11635 = B_SPLINE_CURVE_WITH_KNOTS('',2,(#11636,#11637,#11638),
  .UNSPECIFIED.,.F.,.F.,(3,3),(0.,1.),.PIECEWISE_BEZIER_KNOTS.);
#11636 = CARTESIAN_POINT('',(68.563724304716,14.265876662636,1.3));
#11637 = CARTESIAN_POINT('',(68.30215235792,14.289866989117,1.3));
#11638 = CARTESIAN_POINT('',(68.064570737606,14.409044740024,1.3));
#11639 = VECTOR('',#11640,1.);
#11640 = DIRECTION('',(-0.,0.,1.));
#11641 = ADVANCED_FACE('',(#11642),#11653,.F.);
#11642 = FACE_BOUND('',#11643,.F.);
#11643 = EDGE_LOOP('',(#11644,#11645,#11651,#11652));
#11644 = ORIENTED_EDGE('',*,*,#2008,.T.);
#11645 = ORIENTED_EDGE('',*,*,#11646,.T.);
#11646 = EDGE_CURVE('',#1998,#6326,#11647,.T.);
#11647 = LINE('',#11648,#11649);
#11648 = CARTESIAN_POINT('',(70.037968561064,14.218669891173,1.3));
#11649 = VECTOR('',#11650,1.);
#11650 = DIRECTION('',(0.,0.,-1.));
#11651 = ORIENTED_EDGE('',*,*,#6336,.F.);
#11652 = ORIENTED_EDGE('',*,*,#11627,.F.);
#11653 = SURFACE_OF_LINEAR_EXTRUSION('',#11654,#11658);
#11654 = B_SPLINE_CURVE_WITH_KNOTS('',2,(#11655,#11656,#11657),
  .UNSPECIFIED.,.F.,.F.,(3,3),(0.,1.),.PIECEWISE_BEZIER_KNOTS.);
#11655 = CARTESIAN_POINT('',(70.037968561064,14.218669891173,1.3));
#11656 = CARTESIAN_POINT('',(69.015671100363,14.218669891173,1.3));
#11657 = CARTESIAN_POINT('',(68.563724304716,14.265876662636,1.3));
#11658 = VECTOR('',#11659,1.);
#11659 = DIRECTION('',(-0.,0.,1.));
#11660 = ADVANCED_FACE('',(#11661),#11672,.F.);
#11661 = FACE_BOUND('',#11662,.F.);
#11662 = EDGE_LOOP('',(#11663,#11664,#11670,#11671));
#11663 = ORIENTED_EDGE('',*,*,#1997,.T.);
#11664 = ORIENTED_EDGE('',*,*,#11665,.T.);
#11665 = EDGE_CURVE('',#1986,#6314,#11666,.T.);
#11666 = LINE('',#11667,#11668);
#11667 = CARTESIAN_POINT('',(70.667908101572,14.17146311971,1.3));
#11668 = VECTOR('',#11669,1.);
#11669 = DIRECTION('',(0.,0.,-1.));
#11670 = ORIENTED_EDGE('',*,*,#6325,.F.);
#11671 = ORIENTED_EDGE('',*,*,#11646,.F.);
#11672 = SURFACE_OF_LINEAR_EXTRUSION('',#11673,#11677);
#11673 = B_SPLINE_CURVE_WITH_KNOTS('',2,(#11674,#11675,#11676),
  .UNSPECIFIED.,.F.,.F.,(3,3),(0.,1.),.PIECEWISE_BEZIER_KNOTS.);
#11674 = CARTESIAN_POINT('',(70.667908101572,14.17146311971,1.3));
#11675 = CARTESIAN_POINT('',(70.394727932285,14.218669891173,1.3));
#11676 = CARTESIAN_POINT('',(70.037968561064,14.218669891173,1.3));
#11677 = VECTOR('',#11678,1.);
#11678 = DIRECTION('',(-0.,0.,1.));
#11679 = ADVANCED_FACE('',(#11680),#11691,.F.);
#11680 = FACE_BOUND('',#11681,.F.);
#11681 = EDGE_LOOP('',(#11682,#11683,#11689,#11690));
#11682 = ORIENTED_EDGE('',*,*,#1985,.T.);
#11683 = ORIENTED_EDGE('',*,*,#11684,.T.);
#11684 = EDGE_CURVE('',#1975,#6303,#11685,.T.);
#11685 = LINE('',#11686,#11687);
#11686 = CARTESIAN_POINT('',(71.036275695284,14.099492140266,1.3));
#11687 = VECTOR('',#11688,1.);
#11688 = DIRECTION('',(0.,0.,-1.));
#11689 = ORIENTED_EDGE('',*,*,#6313,.F.);
#11690 = ORIENTED_EDGE('',*,*,#11665,.F.);
#11691 = SURFACE_OF_LINEAR_EXTRUSION('',#11692,#11696);
#11692 = B_SPLINE_CURVE_WITH_KNOTS('',2,(#11693,#11694,#11695),
  .UNSPECIFIED.,.F.,.F.,(3,3),(0.,1.),.PIECEWISE_BEZIER_KNOTS.);
#11693 = CARTESIAN_POINT('',(71.036275695284,14.099492140266,1.3));
#11694 = CARTESIAN_POINT('',(70.941088270859,14.123482466747,1.3));
#11695 = CARTESIAN_POINT('',(70.667908101572,14.17146311971,1.3));
#11696 = VECTOR('',#11697,1.);
#11697 = DIRECTION('',(-0.,0.,1.));
#11698 = ADVANCED_FACE('',(#11699),#11710,.F.);
#11699 = FACE_BOUND('',#11700,.F.);
#11700 = EDGE_LOOP('',(#11701,#11702,#11708,#11709));
#11701 = ORIENTED_EDGE('',*,*,#1974,.T.);
#11702 = ORIENTED_EDGE('',*,*,#11703,.T.);
#11703 = EDGE_CURVE('',#1964,#6292,#11704,.T.);
#11704 = LINE('',#11705,#11706);
#11705 = CARTESIAN_POINT('',(71.535429262394,14.028295042322,1.3));
#11706 = VECTOR('',#11707,1.);
#11707 = DIRECTION('',(0.,0.,-1.));
#11708 = ORIENTED_EDGE('',*,*,#6302,.F.);
#11709 = ORIENTED_EDGE('',*,*,#11684,.F.);
#11710 = SURFACE_OF_LINEAR_EXTRUSION('',#11711,#11715);
#11711 = B_SPLINE_CURVE_WITH_KNOTS('',2,(#11712,#11713,#11714),
  .UNSPECIFIED.,.F.,.F.,(3,3),(0.,1.),.PIECEWISE_BEZIER_KNOTS.);
#11712 = CARTESIAN_POINT('',(71.535429262394,14.028295042322,1.3));
#11713 = CARTESIAN_POINT('',(71.321837968561,14.028295042322,1.3));
#11714 = CARTESIAN_POINT('',(71.036275695284,14.099492140266,1.3));
#11715 = VECTOR('',#11716,1.);
#11716 = DIRECTION('',(-0.,0.,1.));
#11717 = ADVANCED_FACE('',(#11718),#11729,.F.);
#11718 = FACE_BOUND('',#11719,.F.);
#11719 = EDGE_LOOP('',(#11720,#11721,#11727,#11728));
#11720 = ORIENTED_EDGE('',*,*,#1963,.T.);
#11721 = ORIENTED_EDGE('',*,*,#11722,.T.);
#11722 = EDGE_CURVE('',#1949,#6277,#11723,.T.);
#11723 = LINE('',#11724,#11725);
#11724 = CARTESIAN_POINT('',(71.749794437727,14.052285368803,1.3));
#11725 = VECTOR('',#11726,1.);
#11726 = DIRECTION('',(0.,0.,-1.));
#11727 = ORIENTED_EDGE('',*,*,#6291,.F.);
#11728 = ORIENTED_EDGE('',*,*,#11703,.F.);
#11729 = SURFACE_OF_LINEAR_EXTRUSION('',#11730,#11734);
#11730 = B_SPLINE_CURVE_WITH_KNOTS('',2,(#11731,#11732,#11733),
  .UNSPECIFIED.,.F.,.F.,(3,3),(0.,1.),.PIECEWISE_BEZIER_KNOTS.);
#11731 = CARTESIAN_POINT('',(71.749794437727,14.052285368803,1.3));
#11732 = CARTESIAN_POINT('',(71.701813784764,14.028295042322,1.3));
#11733 = CARTESIAN_POINT('',(71.535429262394,14.028295042322,1.3));
#11734 = VECTOR('',#11735,1.);
#11735 = DIRECTION('',(-0.,0.,1.));
#11736 = ADVANCED_FACE('',(#11737),#11748,.F.);
#11737 = FACE_BOUND('',#11738,.F.);
#11738 = EDGE_LOOP('',(#11739,#11740,#11746,#11747));
#11739 = ORIENTED_EDGE('',*,*,#1948,.T.);
#11740 = ORIENTED_EDGE('',*,*,#11741,.T.);
#11741 = EDGE_CURVE('',#1936,#6264,#11742,.T.);
#11742 = LINE('',#11743,#11744);
#11743 = CARTESIAN_POINT('',(71.987376058041,14.123482466747,1.3));
#11744 = VECTOR('',#11745,1.);
#11745 = DIRECTION('',(0.,0.,-1.));
#11746 = ORIENTED_EDGE('',*,*,#6276,.F.);
#11747 = ORIENTED_EDGE('',*,*,#11722,.F.);
#11748 = SURFACE_OF_LINEAR_EXTRUSION('',#11749,#11753);
#11749 = B_SPLINE_CURVE_WITH_KNOTS('',2,(#11750,#11751,#11752),
  .UNSPECIFIED.,.F.,.F.,(3,3),(0.,1.),.PIECEWISE_BEZIER_KNOTS.);
#11750 = CARTESIAN_POINT('',(71.987376058041,14.123482466747,1.3));
#11751 = CARTESIAN_POINT('',(71.844207980653,14.123482466747,1.3));
#11752 = CARTESIAN_POINT('',(71.749794437727,14.052285368803,1.3));
#11753 = VECTOR('',#11754,1.);
#11754 = DIRECTION('',(-0.,0.,1.));
#11755 = ADVANCED_FACE('',(#11756),#11767,.F.);
#11756 = FACE_BOUND('',#11757,.F.);
#11757 = EDGE_LOOP('',(#11758,#11759,#11765,#11766));
#11758 = ORIENTED_EDGE('',*,*,#1935,.T.);
#11759 = ORIENTED_EDGE('',*,*,#11760,.T.);
#11760 = EDGE_CURVE('',#1925,#6253,#11761,.T.);
#11761 = LINE('',#11762,#11763);
#11762 = CARTESIAN_POINT('',(72.2961547763,14.052285368803,1.3));
#11763 = VECTOR('',#11764,1.);
#11764 = DIRECTION('',(0.,0.,-1.));
#11765 = ORIENTED_EDGE('',*,*,#6263,.F.);
#11766 = ORIENTED_EDGE('',*,*,#11741,.F.);
#11767 = SURFACE_OF_LINEAR_EXTRUSION('',#11768,#11772);
#11768 = B_SPLINE_CURVE_WITH_KNOTS('',2,(#11769,#11770,#11771),
  .UNSPECIFIED.,.F.,.F.,(3,3),(0.,1.),.PIECEWISE_BEZIER_KNOTS.);
#11769 = CARTESIAN_POINT('',(72.2961547763,14.052285368803,1.3));
#11770 = CARTESIAN_POINT('',(72.153760580411,14.123482466747,1.3));
#11771 = CARTESIAN_POINT('',(71.987376058041,14.123482466747,1.3));
#11772 = VECTOR('',#11773,1.);
#11773 = DIRECTION('',(-0.,0.,1.));
#11774 = ADVANCED_FACE('',(#11775),#11786,.F.);
#11775 = FACE_BOUND('',#11776,.F.);
#11776 = EDGE_LOOP('',(#11777,#11778,#11784,#11785));
#11777 = ORIENTED_EDGE('',*,*,#1924,.T.);
#11778 = ORIENTED_EDGE('',*,*,#11779,.T.);
#11779 = EDGE_CURVE('',#1917,#6245,#11780,.T.);
#11780 = LINE('',#11781,#11782);
#11781 = CARTESIAN_POINT('',(72.557726723096,14.028295042322,1.3));
#11782 = VECTOR('',#11783,1.);
#11783 = DIRECTION('',(0.,0.,-1.));
#11784 = ORIENTED_EDGE('',*,*,#6252,.F.);
#11785 = ORIENTED_EDGE('',*,*,#11760,.F.);
#11786 = SURFACE_OF_LINEAR_EXTRUSION('',#11787,#11791);
#11787 = B_SPLINE_CURVE_WITH_KNOTS('',2,(#11788,#11789,#11790),
  .UNSPECIFIED.,.F.,.F.,(3,3),(0.,1.),.PIECEWISE_BEZIER_KNOTS.);
#11788 = CARTESIAN_POINT('',(72.557726723096,14.028295042322,1.3));
#11789 = CARTESIAN_POINT('',(72.438548972189,14.00430471584,1.3));
#11790 = CARTESIAN_POINT('',(72.2961547763,14.052285368803,1.3));
#11791 = VECTOR('',#11792,1.);
#11792 = DIRECTION('',(-0.,0.,1.));
#11793 = ADVANCED_FACE('',(#11794),#11805,.F.);
#11794 = FACE_BOUND('',#11795,.F.);
#11795 = EDGE_LOOP('',(#11796,#11797,#11803,#11804));
#11796 = ORIENTED_EDGE('',*,*,#1916,.T.);
#11797 = ORIENTED_EDGE('',*,*,#11798,.T.);
#11798 = EDGE_CURVE('',#1906,#6234,#11799,.T.);
#11799 = LINE('',#11800,#11801);
#11800 = CARTESIAN_POINT('',(72.652914147521,14.052285368803,1.3));
#11801 = VECTOR('',#11802,1.);
#11802 = DIRECTION('',(0.,0.,-1.));
#11803 = ORIENTED_EDGE('',*,*,#6244,.F.);
#11804 = ORIENTED_EDGE('',*,*,#11779,.F.);
#11805 = PLANE('',#11806);
#11806 = AXIS2_PLACEMENT_3D('',#11807,#11808,#11809);
#11807 = CARTESIAN_POINT('',(72.652914147521,14.052285368803,1.3));
#11808 = DIRECTION('',(-0.244390135281,0.969676988372,-0.));
#11809 = DIRECTION('',(-0.969676988372,-0.244390135281,0.));
#11810 = ADVANCED_FACE('',(#11811),#11822,.F.);
#11811 = FACE_BOUND('',#11812,.F.);
#11812 = EDGE_LOOP('',(#11813,#11814,#11820,#11821));
#11813 = ORIENTED_EDGE('',*,*,#1905,.T.);
#11814 = ORIENTED_EDGE('',*,*,#11815,.T.);
#11815 = EDGE_CURVE('',#1883,#6211,#11816,.T.);
#11816 = LINE('',#11817,#11818);
#11817 = CARTESIAN_POINT('',(72.724111245466,14.123482466747,1.3));
#11818 = VECTOR('',#11819,1.);
#11819 = DIRECTION('',(0.,0.,-1.));
#11820 = ORIENTED_EDGE('',*,*,#6233,.F.);
#11821 = ORIENTED_EDGE('',*,*,#11798,.F.);
#11822 = SURFACE_OF_LINEAR_EXTRUSION('',#11823,#11827);
#11823 = B_SPLINE_CURVE_WITH_KNOTS('',2,(#11824,#11825,#11826),
  .UNSPECIFIED.,.F.,.F.,(3,3),(0.,1.),.PIECEWISE_BEZIER_KNOTS.);
#11824 = CARTESIAN_POINT('',(72.724111245466,14.123482466747,1.3));
#11825 = CARTESIAN_POINT('',(72.700120918984,14.123482466747,1.3));
#11826 = CARTESIAN_POINT('',(72.652914147521,14.052285368803,1.3));
#11827 = VECTOR('',#11828,1.);
#11828 = DIRECTION('',(-0.,0.,1.));
#11829 = ADVANCED_FACE('',(#11830),#11841,.F.);
#11830 = FACE_BOUND('',#11831,.F.);
#11831 = EDGE_LOOP('',(#11832,#11833,#11839,#11840));
#11832 = ORIENTED_EDGE('',*,*,#1882,.T.);
#11833 = ORIENTED_EDGE('',*,*,#11834,.T.);
#11834 = EDGE_CURVE('',#1869,#6197,#11835,.T.);
#11835 = LINE('',#11836,#11837);
#11836 = CARTESIAN_POINT('',(72.96169286578,13.457944377267,1.3));
#11837 = VECTOR('',#11838,1.);
#11838 = DIRECTION('',(0.,0.,-1.));
#11839 = ORIENTED_EDGE('',*,*,#6210,.F.);
#11840 = ORIENTED_EDGE('',*,*,#11815,.F.);
#11841 = SURFACE_OF_LINEAR_EXTRUSION('',#11842,#11846);
#11842 = B_SPLINE_CURVE_WITH_KNOTS('',2,(#11843,#11844,#11845),
  .UNSPECIFIED.,.F.,.F.,(3,3),(0.,1.),.PIECEWISE_BEZIER_KNOTS.);
#11843 = CARTESIAN_POINT('',(72.96169286578,13.457944377267,1.3));
#11844 = CARTESIAN_POINT('',(72.96169286578,14.123482466747,1.3));
#11845 = CARTESIAN_POINT('',(72.724111245466,14.123482466747,1.3));
#11846 = VECTOR('',#11847,1.);
#11847 = DIRECTION('',(-0.,0.,1.));
#11848 = ADVANCED_FACE('',(#11849),#11860,.F.);
#11849 = FACE_BOUND('',#11850,.F.);
#11850 = EDGE_LOOP('',(#11851,#11852,#11858,#11859));
#11851 = ORIENTED_EDGE('',*,*,#1868,.T.);
#11852 = ORIENTED_EDGE('',*,*,#11853,.T.);
#11853 = EDGE_CURVE('',#1857,#6185,#11854,.T.);
#11854 = LINE('',#11855,#11856);
#11855 = CARTESIAN_POINT('',(72.79530834341,12.67322853688,1.3));
#11856 = VECTOR('',#11857,1.);
#11857 = DIRECTION('',(0.,0.,-1.));
#11858 = ORIENTED_EDGE('',*,*,#6196,.F.);
#11859 = ORIENTED_EDGE('',*,*,#11834,.F.);
#11860 = SURFACE_OF_LINEAR_EXTRUSION('',#11861,#11865);
#11861 = B_SPLINE_CURVE_WITH_KNOTS('',2,(#11862,#11863,#11864),
  .UNSPECIFIED.,.F.,.F.,(3,3),(0.,1.),.PIECEWISE_BEZIER_KNOTS.);
#11862 = CARTESIAN_POINT('',(72.79530834341,12.67322853688,1.3));
#11863 = CARTESIAN_POINT('',(72.890495767836,13.267569528416,1.3));
#11864 = CARTESIAN_POINT('',(72.96169286578,13.457944377267,1.3));
#11865 = VECTOR('',#11866,1.);
#11866 = DIRECTION('',(-0.,0.,1.));
#11867 = ADVANCED_FACE('',(#11868),#11879,.F.);
#11868 = FACE_BOUND('',#11869,.F.);
#11869 = EDGE_LOOP('',(#11870,#11871,#11877,#11878));
#11870 = ORIENTED_EDGE('',*,*,#1856,.T.);
#11871 = ORIENTED_EDGE('',*,*,#11872,.T.);
#11872 = EDGE_CURVE('',#1845,#6173,#11873,.T.);
#11873 = LINE('',#11874,#11875);
#11874 = CARTESIAN_POINT('',(72.652914147521,11.912503022975,1.3));
#11875 = VECTOR('',#11876,1.);
#11876 = DIRECTION('',(0.,0.,-1.));
#11877 = ORIENTED_EDGE('',*,*,#6184,.F.);
#11878 = ORIENTED_EDGE('',*,*,#11853,.F.);
#11879 = SURFACE_OF_LINEAR_EXTRUSION('',#11880,#11884);
#11880 = B_SPLINE_CURVE_WITH_KNOTS('',2,(#11881,#11882,#11883),
  .UNSPECIFIED.,.F.,.F.,(3,3),(0.,1.),.PIECEWISE_BEZIER_KNOTS.);
#11881 = CARTESIAN_POINT('',(72.652914147521,11.912503022975,1.3));
#11882 = CARTESIAN_POINT('',(72.748101571947,12.221281741233,1.3));
#11883 = CARTESIAN_POINT('',(72.79530834341,12.67322853688,1.3));
#11884 = VECTOR('',#11885,1.);
#11885 = DIRECTION('',(-0.,0.,1.));
#11886 = ADVANCED_FACE('',(#11887),#11898,.F.);
#11887 = FACE_BOUND('',#11888,.F.);
#11888 = EDGE_LOOP('',(#11889,#11890,#11896,#11897));
#11889 = ORIENTED_EDGE('',*,*,#1844,.T.);
#11890 = ORIENTED_EDGE('',*,*,#11891,.T.);
#11891 = EDGE_CURVE('',#1830,#6158,#11892,.T.);
#11892 = LINE('',#11893,#11894);
#11893 = CARTESIAN_POINT('',(72.474147521161,11.294945586457,1.3));
#11894 = VECTOR('',#11895,1.);
#11895 = DIRECTION('',(0.,0.,-1.));
#11896 = ORIENTED_EDGE('',*,*,#6172,.F.);
#11897 = ORIENTED_EDGE('',*,*,#11872,.F.);
#11898 = SURFACE_OF_LINEAR_EXTRUSION('',#11899,#11903);
#11899 = B_SPLINE_CURVE_WITH_KNOTS('',2,(#11900,#11901,#11902),
  .UNSPECIFIED.,.F.,.F.,(3,3),(0.,1.),.PIECEWISE_BEZIER_KNOTS.);
#11900 = CARTESIAN_POINT('',(72.474147521161,11.294945586457,1.3));
#11901 = CARTESIAN_POINT('',(72.581717049577,11.50853688029,1.3));
#11902 = CARTESIAN_POINT('',(72.652914147521,11.912503022975,1.3));
#11903 = VECTOR('',#11904,1.);
#11904 = DIRECTION('',(-0.,0.,1.));
#11905 = ADVANCED_FACE('',(#11906),#11917,.F.);
#11906 = FACE_BOUND('',#11907,.F.);
#11907 = EDGE_LOOP('',(#11908,#11909,#11915,#11916));
#11908 = ORIENTED_EDGE('',*,*,#1829,.T.);
#11909 = ORIENTED_EDGE('',*,*,#11910,.T.);
#11910 = EDGE_CURVE('',#1822,#6150,#11911,.T.);
#11911 = LINE('',#11912,#11913);
#11912 = CARTESIAN_POINT('',(72.177750906892,11.080580411125,1.3));
#11913 = VECTOR('',#11914,1.);
#11914 = DIRECTION('',(0.,0.,-1.));
#11915 = ORIENTED_EDGE('',*,*,#6157,.F.);
#11916 = ORIENTED_EDGE('',*,*,#11891,.F.);
#11917 = SURFACE_OF_LINEAR_EXTRUSION('',#11918,#11922);
#11918 = B_SPLINE_CURVE_WITH_KNOTS('',2,(#11919,#11920,#11921),
  .UNSPECIFIED.,.F.,.F.,(3,3),(0.,1.),.PIECEWISE_BEZIER_KNOTS.);
#11919 = CARTESIAN_POINT('',(72.177750906892,11.080580411125,1.3));
#11920 = CARTESIAN_POINT('',(72.367351874244,11.080580411125,1.3));
#11921 = CARTESIAN_POINT('',(72.474147521161,11.294945586457,1.3));
#11922 = VECTOR('',#11923,1.);
#11923 = DIRECTION('',(-0.,0.,1.));
#11924 = ADVANCED_FACE('',(#11925),#11936,.F.);
#11925 = FACE_BOUND('',#11926,.F.);
#11926 = EDGE_LOOP('',(#11927,#11928,#11934,#11935));
#11927 = ORIENTED_EDGE('',*,*,#1821,.T.);
#11928 = ORIENTED_EDGE('',*,*,#11929,.T.);
#11929 = EDGE_CURVE('',#1811,#6139,#11930,.T.);
#11930 = LINE('',#11931,#11932);
#11931 = CARTESIAN_POINT('',(71.417025392987,11.080580411125,1.3));
#11932 = VECTOR('',#11933,1.);
#11933 = DIRECTION('',(0.,0.,-1.));
#11934 = ORIENTED_EDGE('',*,*,#6149,.F.);
#11935 = ORIENTED_EDGE('',*,*,#11910,.F.);
#11936 = PLANE('',#11937);
#11937 = AXIS2_PLACEMENT_3D('',#11938,#11939,#11940);
#11938 = CARTESIAN_POINT('',(71.417025392987,11.080580411125,1.3));
#11939 = DIRECTION('',(0.,-1.,0.));
#11940 = DIRECTION('',(1.,0.,0.));
#11941 = ADVANCED_FACE('',(#11942),#11953,.F.);
#11942 = FACE_BOUND('',#11943,.F.);
#11943 = EDGE_LOOP('',(#11944,#11945,#11951,#11952));
#11944 = ORIENTED_EDGE('',*,*,#1810,.T.);
#11945 = ORIENTED_EDGE('',*,*,#11946,.T.);
#11946 = EDGE_CURVE('',#1798,#6126,#11947,.T.);
#11947 = LINE('',#11948,#11949);
#11948 = CARTESIAN_POINT('',(71.29784764208,11.00938331318,1.3));
#11949 = VECTOR('',#11950,1.);
#11950 = DIRECTION('',(0.,0.,-1.));
#11951 = ORIENTED_EDGE('',*,*,#6138,.F.);
#11952 = ORIENTED_EDGE('',*,*,#11929,.F.);
#11953 = SURFACE_OF_LINEAR_EXTRUSION('',#11954,#11958);
#11954 = B_SPLINE_CURVE_WITH_KNOTS('',2,(#11955,#11956,#11957),
  .UNSPECIFIED.,.F.,.F.,(3,3),(0.,1.),.PIECEWISE_BEZIER_KNOTS.);
#11955 = CARTESIAN_POINT('',(71.29784764208,11.00938331318,1.3));
#11956 = CARTESIAN_POINT('',(71.345054413543,11.00938331318,1.3));
#11957 = CARTESIAN_POINT('',(71.417025392987,11.080580411125,1.3));
#11958 = VECTOR('',#11959,1.);
#11959 = DIRECTION('',(-0.,0.,1.));
#11960 = ADVANCED_FACE('',(#11961),#11972,.F.);
#11961 = FACE_BOUND('',#11962,.F.);
#11962 = EDGE_LOOP('',(#11963,#11964,#11970,#11971));
#11963 = ORIENTED_EDGE('',*,*,#1797,.T.);
#11964 = ORIENTED_EDGE('',*,*,#11965,.T.);
#11965 = EDGE_CURVE('',#1787,#6115,#11966,.T.);
#11966 = LINE('',#11967,#11968);
#11967 = CARTESIAN_POINT('',(69.277243047158,11.057363966143,1.3));
#11968 = VECTOR('',#11969,1.);
#11969 = DIRECTION('',(0.,0.,-1.));
#11970 = ORIENTED_EDGE('',*,*,#6125,.F.);
#11971 = ORIENTED_EDGE('',*,*,#11946,.F.);
#11972 = SURFACE_OF_LINEAR_EXTRUSION('',#11973,#11977);
#11973 = B_SPLINE_CURVE_WITH_KNOTS('',2,(#11974,#11975,#11976),
  .UNSPECIFIED.,.F.,.F.,(3,3),(0.,1.),.PIECEWISE_BEZIER_KNOTS.);
#11974 = CARTESIAN_POINT('',(69.277243047158,11.057363966143,1.3));
#11975 = CARTESIAN_POINT('',(70.109165659008,11.00938331318,1.3));
#11976 = CARTESIAN_POINT('',(71.29784764208,11.00938331318,1.3));
#11977 = VECTOR('',#11978,1.);
#11978 = DIRECTION('',(-0.,0.,1.));
#11979 = ADVANCED_FACE('',(#11980),#11991,.F.);
#11980 = FACE_BOUND('',#11981,.F.);
#11981 = EDGE_LOOP('',(#11982,#11983,#11989,#11990));
#11982 = ORIENTED_EDGE('',*,*,#1786,.T.);
#11983 = ORIENTED_EDGE('',*,*,#11984,.T.);
#11984 = EDGE_CURVE('',#1779,#6107,#11985,.T.);
#11985 = LINE('',#11986,#11987);
#11986 = CARTESIAN_POINT('',(67.660604594921,11.270955259976,1.3));
#11987 = VECTOR('',#11988,1.);
#11988 = DIRECTION('',(0.,0.,-1.));
#11989 = ORIENTED_EDGE('',*,*,#6114,.F.);
#11990 = ORIENTED_EDGE('',*,*,#11965,.F.);
#11991 = SURFACE_OF_LINEAR_EXTRUSION('',#11992,#11996);
#11992 = B_SPLINE_CURVE_WITH_KNOTS('',2,(#11993,#11994,#11995),
  .UNSPECIFIED.,.F.,.F.,(3,3),(0.,1.),.PIECEWISE_BEZIER_KNOTS.);
#11993 = CARTESIAN_POINT('',(67.660604594921,11.270955259976,1.3));
#11994 = CARTESIAN_POINT('',(68.445320435308,11.104570737606,1.3));
#11995 = CARTESIAN_POINT('',(69.277243047158,11.057363966143,1.3));
#11996 = VECTOR('',#11997,1.);
#11997 = DIRECTION('',(-0.,0.,1.));
#11998 = ADVANCED_FACE('',(#11999),#12010,.F.);
#11999 = FACE_BOUND('',#12000,.F.);
#12000 = EDGE_LOOP('',(#12001,#12002,#12008,#12009));
#12001 = ORIENTED_EDGE('',*,*,#1778,.T.);
#12002 = ORIENTED_EDGE('',*,*,#12003,.T.);
#12003 = EDGE_CURVE('',#1771,#6099,#12004,.T.);
#12004 = LINE('',#12005,#12006);
#12005 = CARTESIAN_POINT('',(67.541426844015,11.17576783555,1.3));
#12006 = VECTOR('',#12007,1.);
#12007 = DIRECTION('',(0.,0.,-1.));
#12008 = ORIENTED_EDGE('',*,*,#6106,.F.);
#12009 = ORIENTED_EDGE('',*,*,#11984,.F.);
#12010 = PLANE('',#12011);
#12011 = AXIS2_PLACEMENT_3D('',#12012,#12013,#12014);
#12012 = CARTESIAN_POINT('',(67.541426844015,11.17576783555,1.3));
#12013 = DIRECTION('',(0.62407609663,-0.781363568139,0.));
#12014 = DIRECTION('',(0.781363568139,0.62407609663,0.));
#12015 = ADVANCED_FACE('',(#12016),#12027,.F.);
#12016 = FACE_BOUND('',#12017,.F.);
#12017 = EDGE_LOOP('',(#12018,#12019,#12025,#12026));
#12018 = ORIENTED_EDGE('',*,*,#1770,.T.);
#12019 = ORIENTED_EDGE('',*,*,#12020,.T.);
#12020 = EDGE_CURVE('',#1760,#6088,#12021,.T.);
#12021 = LINE('',#12022,#12023);
#12022 = CARTESIAN_POINT('',(67.184667472793,11.17576783555,1.3));
#12023 = VECTOR('',#12024,1.);
#12024 = DIRECTION('',(0.,0.,-1.));
#12025 = ORIENTED_EDGE('',*,*,#6098,.F.);
#12026 = ORIENTED_EDGE('',*,*,#12003,.F.);
#12027 = PLANE('',#12028);
#12028 = AXIS2_PLACEMENT_3D('',#12029,#12030,#12031);
#12029 = CARTESIAN_POINT('',(67.184667472793,11.17576783555,1.3));
#12030 = DIRECTION('',(0.,-1.,0.));
#12031 = DIRECTION('',(1.,0.,0.));
#12032 = ADVANCED_FACE('',(#12033),#12044,.F.);
#12033 = FACE_BOUND('',#12034,.F.);
#12034 = EDGE_LOOP('',(#12035,#12036,#12042,#12043));
#12035 = ORIENTED_EDGE('',*,*,#1759,.T.);
#12036 = ORIENTED_EDGE('',*,*,#12037,.T.);
#12037 = EDGE_CURVE('',#1750,#6078,#12038,.T.);
#12038 = LINE('',#12039,#12040);
#12039 = CARTESIAN_POINT('',(66.828681983071,11.198984280532,1.3));
#12040 = VECTOR('',#12041,1.);
#12041 = DIRECTION('',(0.,0.,-1.));
#12042 = ORIENTED_EDGE('',*,*,#6087,.F.);
#12043 = ORIENTED_EDGE('',*,*,#12020,.F.);
#12044 = SURFACE_OF_LINEAR_EXTRUSION('',#12045,#12049);
#12045 = B_SPLINE_CURVE_WITH_KNOTS('',2,(#12046,#12047,#12048),
  .UNSPECIFIED.,.F.,.F.,(3,3),(0.,1.),.PIECEWISE_BEZIER_KNOTS.);
#12046 = CARTESIAN_POINT('',(66.828681983071,11.198984280532,1.3));
#12047 = CARTESIAN_POINT('',(67.066263603386,11.198984280532,1.3));
#12048 = CARTESIAN_POINT('',(67.184667472793,11.17576783555,1.3));
#12049 = VECTOR('',#12050,1.);
#12050 = DIRECTION('',(-0.,0.,1.));
#12051 = ADVANCED_FACE('',(#12052),#12063,.F.);
#12052 = FACE_BOUND('',#12053,.F.);
#12053 = EDGE_LOOP('',(#12054,#12055,#12061,#12062));
#12054 = ORIENTED_EDGE('',*,*,#1749,.T.);
#12055 = ORIENTED_EDGE('',*,*,#12056,.T.);
#12056 = EDGE_CURVE('',#1729,#6057,#12057,.T.);
#12057 = LINE('',#12058,#12059);
#12058 = CARTESIAN_POINT('',(64.807303506651,11.127787182588,1.3));
#12059 = VECTOR('',#12060,1.);
#12060 = DIRECTION('',(0.,0.,-1.));
#12061 = ORIENTED_EDGE('',*,*,#6077,.F.);
#12062 = ORIENTED_EDGE('',*,*,#12037,.F.);
#12063 = SURFACE_OF_LINEAR_EXTRUSION('',#12064,#12068);
#12064 = B_SPLINE_CURVE_WITH_KNOTS('',2,(#12065,#12066,#12067),
  .UNSPECIFIED.,.F.,.F.,(3,3),(0.,1.),.PIECEWISE_BEZIER_KNOTS.);
#12065 = CARTESIAN_POINT('',(64.807303506651,11.127787182588,1.3));
#12066 = CARTESIAN_POINT('',(65.80638452237,11.198984280532,1.3));
#12067 = CARTESIAN_POINT('',(66.828681983071,11.198984280532,1.3));
#12068 = VECTOR('',#12069,1.);
#12069 = DIRECTION('',(-0.,0.,1.));
#12070 = ADVANCED_FACE('',(#12071),#12082,.F.);
#12071 = FACE_BOUND('',#12072,.F.);
#12072 = EDGE_LOOP('',(#12073,#12074,#12080,#12081));
#12073 = ORIENTED_EDGE('',*,*,#1728,.T.);
#12074 = ORIENTED_EDGE('',*,*,#12075,.T.);
#12075 = EDGE_CURVE('',#1721,#6049,#12076,.T.);
#12076 = LINE('',#12077,#12078);
#12077 = CARTESIAN_POINT('',(62.786698911729,11.080580411125,1.3));
#12078 = VECTOR('',#12079,1.);
#12079 = DIRECTION('',(0.,0.,-1.));
#12080 = ORIENTED_EDGE('',*,*,#6056,.F.);
#12081 = ORIENTED_EDGE('',*,*,#12056,.F.);
#12082 = SURFACE_OF_LINEAR_EXTRUSION('',#12083,#12087);
#12083 = B_SPLINE_CURVE_WITH_KNOTS('',2,(#12084,#12085,#12086),
  .UNSPECIFIED.,.F.,.F.,(3,3),(0.,1.),.PIECEWISE_BEZIER_KNOTS.);
#12084 = CARTESIAN_POINT('',(62.786698911729,11.080580411125,1.3));
#12085 = CARTESIAN_POINT('',(64.141765417171,11.080580411125,1.3));
#12086 = CARTESIAN_POINT('',(64.807303506651,11.127787182588,1.3));
#12087 = VECTOR('',#12088,1.);
#12088 = DIRECTION('',(-0.,0.,1.));
#12089 = ADVANCED_FACE('',(#12090),#12106,.F.);
#12090 = FACE_BOUND('',#12091,.F.);
#12091 = EDGE_LOOP('',(#12092,#12093,#12099,#12100));
#12092 = ORIENTED_EDGE('',*,*,#1689,.T.);
#12093 = ORIENTED_EDGE('',*,*,#12094,.T.);
#12094 = EDGE_CURVE('',#1669,#5997,#12095,.T.);
#12095 = LINE('',#12096,#12097);
#12096 = CARTESIAN_POINT('',(60.670906892382,11.50853688029,1.3));
#12097 = VECTOR('',#12098,1.);
#12098 = DIRECTION('',(0.,0.,-1.));
#12099 = ORIENTED_EDGE('',*,*,#6017,.F.);
#12100 = ORIENTED_EDGE('',*,*,#12101,.F.);
#12101 = EDGE_CURVE('',#1690,#6018,#12102,.T.);
#12102 = LINE('',#12103,#12104);
#12103 = CARTESIAN_POINT('',(61.47961305925,11.080580411125,1.3));
#12104 = VECTOR('',#12105,1.);
#12105 = DIRECTION('',(0.,0.,-1.));
#12106 = SURFACE_OF_LINEAR_EXTRUSION('',#12107,#12111);
#12107 = B_SPLINE_CURVE_WITH_KNOTS('',2,(#12108,#12109,#12110),
  .UNSPECIFIED.,.F.,.F.,(3,3),(0.,1.),.PIECEWISE_BEZIER_KNOTS.);
#12108 = CARTESIAN_POINT('',(60.670906892382,11.50853688029,1.3));
#12109 = CARTESIAN_POINT('',(60.670906892382,11.222974607013,1.3));
#12110 = CARTESIAN_POINT('',(61.47961305925,11.080580411125,1.3));
#12111 = VECTOR('',#12112,1.);
#12112 = DIRECTION('',(-0.,0.,1.));
#12113 = ADVANCED_FACE('',(#12114),#12125,.F.);
#12114 = FACE_BOUND('',#12115,.F.);
#12115 = EDGE_LOOP('',(#12116,#12117,#12123,#12124));
#12116 = ORIENTED_EDGE('',*,*,#1668,.T.);
#12117 = ORIENTED_EDGE('',*,*,#12118,.T.);
#12118 = EDGE_CURVE('',#1648,#5976,#12119,.T.);
#12119 = LINE('',#12120,#12121);
#12120 = CARTESIAN_POINT('',(60.528512696493,16.714437726723,1.3));
#12121 = VECTOR('',#12122,1.);
#12122 = DIRECTION('',(0.,0.,-1.));
#12123 = ORIENTED_EDGE('',*,*,#5996,.F.);
#12124 = ORIENTED_EDGE('',*,*,#12094,.F.);
#12125 = SURFACE_OF_LINEAR_EXTRUSION('',#12126,#12130);
#12126 = B_SPLINE_CURVE_WITH_KNOTS('',2,(#12127,#12128,#12129),
  .UNSPECIFIED.,.F.,.F.,(3,3),(0.,1.),.PIECEWISE_BEZIER_KNOTS.);
#12127 = CARTESIAN_POINT('',(60.528512696493,16.714437726723,1.3));
#12128 = CARTESIAN_POINT('',(60.528512696493,13.33876662636,1.3));
#12129 = CARTESIAN_POINT('',(60.670906892382,11.50853688029,1.3));
#12130 = VECTOR('',#12131,1.);
#12131 = DIRECTION('',(-0.,0.,1.));
#12132 = ADVANCED_FACE('',(#12133),#12144,.F.);
#12133 = FACE_BOUND('',#12134,.F.);
#12134 = EDGE_LOOP('',(#12135,#12136,#12142,#12143));
#12135 = ORIENTED_EDGE('',*,*,#1647,.T.);
#12136 = ORIENTED_EDGE('',*,*,#12137,.T.);
#12137 = EDGE_CURVE('',#1635,#5963,#12138,.T.);
#12138 = LINE('',#12139,#12140);
#12139 = CARTESIAN_POINT('',(60.551729141475,18.403047158404,1.3));
#12140 = VECTOR('',#12141,1.);
#12141 = DIRECTION('',(0.,0.,-1.));
#12142 = ORIENTED_EDGE('',*,*,#5975,.F.);
#12143 = ORIENTED_EDGE('',*,*,#12118,.F.);
#12144 = SURFACE_OF_LINEAR_EXTRUSION('',#12145,#12149);
#12145 = B_SPLINE_CURVE_WITH_KNOTS('',2,(#12146,#12147,#12148),
  .UNSPECIFIED.,.F.,.F.,(3,3),(0.,1.),.PIECEWISE_BEZIER_KNOTS.);
#12146 = CARTESIAN_POINT('',(60.551729141475,18.403047158404,1.3));
#12147 = CARTESIAN_POINT('',(60.528512696493,17.975090689238,1.3));
#12148 = CARTESIAN_POINT('',(60.528512696493,16.714437726723,1.3));
#12149 = VECTOR('',#12150,1.);
#12150 = DIRECTION('',(-0.,0.,1.));
#12151 = ADVANCED_FACE('',(#12152),#12163,.F.);
#12152 = FACE_BOUND('',#12153,.F.);
#12153 = EDGE_LOOP('',(#12154,#12155,#12161,#12162));
#12154 = ORIENTED_EDGE('',*,*,#1634,.T.);
#12155 = ORIENTED_EDGE('',*,*,#12156,.T.);
#12156 = EDGE_CURVE('',#1627,#5955,#12157,.T.);
#12157 = LINE('',#12158,#12159);
#12158 = CARTESIAN_POINT('',(60.575719467956,19.519758162031,1.3));
#12159 = VECTOR('',#12160,1.);
#12160 = DIRECTION('',(0.,0.,-1.));
#12161 = ORIENTED_EDGE('',*,*,#5962,.F.);
#12162 = ORIENTED_EDGE('',*,*,#12137,.F.);
#12163 = SURFACE_OF_LINEAR_EXTRUSION('',#12164,#12168);
#12164 = B_SPLINE_CURVE_WITH_KNOTS('',2,(#12165,#12166,#12167),
  .UNSPECIFIED.,.F.,.F.,(3,3),(0.,1.),.PIECEWISE_BEZIER_KNOTS.);
#12165 = CARTESIAN_POINT('',(60.575719467956,19.519758162031,1.3));
#12166 = CARTESIAN_POINT('',(60.575719467956,18.807013301088,1.3));
#12167 = CARTESIAN_POINT('',(60.551729141475,18.403047158404,1.3));
#12168 = VECTOR('',#12169,1.);
#12169 = DIRECTION('',(-0.,0.,1.));
#12170 = ADVANCED_FACE('',(#12171),#12182,.F.);
#12171 = FACE_BOUND('',#12172,.F.);
#12172 = EDGE_LOOP('',(#12173,#12174,#12180,#12181));
#12173 = ORIENTED_EDGE('',*,*,#1626,.T.);
#12174 = ORIENTED_EDGE('',*,*,#12175,.T.);
#12175 = EDGE_CURVE('',#1615,#5943,#12176,.T.);
#12176 = LINE('',#12177,#12178);
#12177 = CARTESIAN_POINT('',(60.575719467956,20.090882708585,1.3));
#12178 = VECTOR('',#12179,1.);
#12179 = DIRECTION('',(0.,0.,-1.));
#12180 = ORIENTED_EDGE('',*,*,#5954,.F.);
#12181 = ORIENTED_EDGE('',*,*,#12156,.F.);
#12182 = PLANE('',#12183);
#12183 = AXIS2_PLACEMENT_3D('',#12184,#12185,#12186);
#12184 = CARTESIAN_POINT('',(60.575719467956,20.090882708585,1.3));
#12185 = DIRECTION('',(-1.,0.,0.));
#12186 = DIRECTION('',(0.,-1.,0.));
#12187 = ADVANCED_FACE('',(#12188),#12199,.F.);
#12188 = FACE_BOUND('',#12189,.F.);
#12189 = EDGE_LOOP('',(#12190,#12191,#12197,#12198));
#12190 = ORIENTED_EDGE('',*,*,#1614,.T.);
#12191 = ORIENTED_EDGE('',*,*,#12192,.T.);
#12192 = EDGE_CURVE('',#1601,#5929,#12193,.T.);
#12193 = LINE('',#12194,#12195);
#12194 = CARTESIAN_POINT('',(60.599709794438,20.874824667473,1.3));
#12195 = VECTOR('',#12196,1.);
#12196 = DIRECTION('',(0.,0.,-1.));
#12197 = ORIENTED_EDGE('',*,*,#5942,.F.);
#12198 = ORIENTED_EDGE('',*,*,#12175,.F.);
#12199 = SURFACE_OF_LINEAR_EXTRUSION('',#12200,#12204);
#12200 = B_SPLINE_CURVE_WITH_KNOTS('',2,(#12201,#12202,#12203),
  .UNSPECIFIED.,.F.,.F.,(3,3),(0.,1.),.PIECEWISE_BEZIER_KNOTS.);
#12201 = CARTESIAN_POINT('',(60.599709794438,20.874824667473,1.3));
#12202 = CARTESIAN_POINT('',(60.575719467956,20.590036275695,1.3));
#12203 = CARTESIAN_POINT('',(60.575719467956,20.090882708585,1.3));
#12204 = VECTOR('',#12205,1.);
#12205 = DIRECTION('',(-0.,0.,1.));
#12206 = ADVANCED_FACE('',(#12207),#12218,.F.);
#12207 = FACE_BOUND('',#12208,.F.);
#12208 = EDGE_LOOP('',(#12209,#12210,#12216,#12217));
#12209 = ORIENTED_EDGE('',*,*,#1600,.T.);
#12210 = ORIENTED_EDGE('',*,*,#12211,.T.);
#12211 = EDGE_CURVE('',#1586,#5914,#12212,.T.);
#12212 = LINE('',#12213,#12214);
#12213 = CARTESIAN_POINT('',(60.694897218863,22.610640870617,1.3));
#12214 = VECTOR('',#12215,1.);
#12215 = DIRECTION('',(0.,0.,-1.));
#12216 = ORIENTED_EDGE('',*,*,#5928,.F.);
#12217 = ORIENTED_EDGE('',*,*,#12192,.F.);
#12218 = SURFACE_OF_LINEAR_EXTRUSION('',#12219,#12223);
#12219 = B_SPLINE_CURVE_WITH_KNOTS('',2,(#12220,#12221,#12222),
  .UNSPECIFIED.,.F.,.F.,(3,3),(0.,1.),.PIECEWISE_BEZIER_KNOTS.);
#12220 = CARTESIAN_POINT('',(60.694897218863,22.610640870617,1.3));
#12221 = CARTESIAN_POINT('',(60.599709794438,21.517146311971,1.3));
#12222 = CARTESIAN_POINT('',(60.599709794438,20.874824667473,1.3));
#12223 = VECTOR('',#12224,1.);
#12224 = DIRECTION('',(-0.,0.,1.));
#12225 = ADVANCED_FACE('',(#12226),#12237,.F.);
#12226 = FACE_BOUND('',#12227,.F.);
#12227 = EDGE_LOOP('',(#12228,#12229,#12235,#12236));
#12228 = ORIENTED_EDGE('',*,*,#1585,.T.);
#12229 = ORIENTED_EDGE('',*,*,#12230,.T.);
#12230 = EDGE_CURVE('',#1575,#5903,#12231,.T.);
#12231 = LINE('',#12232,#12233);
#12232 = CARTESIAN_POINT('',(61.003675937122,23.799322853688,1.3));
#12233 = VECTOR('',#12234,1.);
#12234 = DIRECTION('',(0.,0.,-1.));
#12235 = ORIENTED_EDGE('',*,*,#5913,.F.);
#12236 = ORIENTED_EDGE('',*,*,#12211,.F.);
#12237 = SURFACE_OF_LINEAR_EXTRUSION('',#12238,#12242);
#12238 = B_SPLINE_CURVE_WITH_KNOTS('',2,(#12239,#12240,#12241),
  .UNSPECIFIED.,.F.,.F.,(3,3),(0.,1.),.PIECEWISE_BEZIER_KNOTS.);
#12239 = CARTESIAN_POINT('',(61.003675937122,23.799322853688,1.3));
#12240 = CARTESIAN_POINT('',(60.790084643289,23.371366384522,1.3));
#12241 = CARTESIAN_POINT('',(60.694897218863,22.610640870617,1.3));
#12242 = VECTOR('',#12243,1.);
#12243 = DIRECTION('',(-0.,0.,1.));
#12244 = ADVANCED_FACE('',(#12245),#12256,.F.);
#12245 = FACE_BOUND('',#12246,.F.);
#12246 = EDGE_LOOP('',(#12247,#12248,#12254,#12255));
#12247 = ORIENTED_EDGE('',*,*,#1574,.T.);
#12248 = ORIENTED_EDGE('',*,*,#12249,.T.);
#12249 = EDGE_CURVE('',#1564,#5892,#12250,.T.);
#12250 = LINE('',#12251,#12252);
#12251 = CARTESIAN_POINT('',(61.122853688029,24.108101571947,1.3));
#12252 = VECTOR('',#12253,1.);
#12253 = DIRECTION('',(0.,0.,-1.));
#12254 = ORIENTED_EDGE('',*,*,#5902,.F.);
#12255 = ORIENTED_EDGE('',*,*,#12230,.F.);
#12256 = SURFACE_OF_LINEAR_EXTRUSION('',#12257,#12261);
#12257 = B_SPLINE_CURVE_WITH_KNOTS('',2,(#12258,#12259,#12260),
  .UNSPECIFIED.,.F.,.F.,(3,3),(0.,1.),.PIECEWISE_BEZIER_KNOTS.);
#12258 = CARTESIAN_POINT('',(61.122853688029,24.108101571947,1.3));
#12259 = CARTESIAN_POINT('',(61.051656590085,23.989697702539,1.3));
#12260 = CARTESIAN_POINT('',(61.003675937122,23.799322853688,1.3));
#12261 = VECTOR('',#12262,1.);
#12262 = DIRECTION('',(-0.,0.,1.));
#12263 = ADVANCED_FACE('',(#12264),#12270,.F.);
#12264 = FACE_BOUND('',#12265,.F.);
#12265 = EDGE_LOOP('',(#12266,#12267,#12268,#12269));
#12266 = ORIENTED_EDGE('',*,*,#1563,.T.);
#12267 = ORIENTED_EDGE('',*,*,#10759,.T.);
#12268 = ORIENTED_EDGE('',*,*,#5891,.F.);
#12269 = ORIENTED_EDGE('',*,*,#12249,.F.);
#12270 = SURFACE_OF_LINEAR_EXTRUSION('',#12271,#12275);
#12271 = B_SPLINE_CURVE_WITH_KNOTS('',2,(#12272,#12273,#12274),
  .UNSPECIFIED.,.F.,.F.,(3,3),(0.,1.),.PIECEWISE_BEZIER_KNOTS.);
#12272 = CARTESIAN_POINT('',(61.360435308343,24.631245465538,1.3));
#12273 = CARTESIAN_POINT('',(61.194050785973,24.417654171705,1.3));
#12274 = CARTESIAN_POINT('',(61.122853688029,24.108101571947,1.3));
#12275 = VECTOR('',#12276,1.);
#12276 = DIRECTION('',(-0.,0.,1.));
#12277 = ADVANCED_FACE('',(#12278),#12294,.F.);
#12278 = FACE_BOUND('',#12279,.F.);
#12279 = EDGE_LOOP('',(#12280,#12281,#12287,#12288));
#12280 = ORIENTED_EDGE('',*,*,#2593,.T.);
#12281 = ORIENTED_EDGE('',*,*,#12282,.T.);
#12282 = EDGE_CURVE('',#2596,#6924,#12283,.T.);
#12283 = LINE('',#12284,#12285);
#12284 = CARTESIAN_POINT('',(82.146118500605,24.940798065296,1.3));
#12285 = VECTOR('',#12286,1.);
#12286 = DIRECTION('',(0.,0.,-1.));
#12287 = ORIENTED_EDGE('',*,*,#6921,.F.);
#12288 = ORIENTED_EDGE('',*,*,#12289,.F.);
#12289 = EDGE_CURVE('',#2594,#6922,#12290,.T.);
#12290 = LINE('',#12291,#12292);
#12291 = CARTESIAN_POINT('',(81.837339782346,24.892817412334,1.3));
#12292 = VECTOR('',#12293,1.);
#12293 = DIRECTION('',(0.,0.,-1.));
#12294 = PLANE('',#12295);
#12295 = AXIS2_PLACEMENT_3D('',#12296,#12297,#12298);
#12296 = CARTESIAN_POINT('',(82.146118500605,24.940798065296,1.3));
#12297 = DIRECTION('',(-0.153545801922,0.988141531721,-0.));
#12298 = DIRECTION('',(-0.988141531721,-0.153545801922,0.));
#12299 = ADVANCED_FACE('',(#12300),#12311,.F.);
#12300 = FACE_BOUND('',#12301,.F.);
#12301 = EDGE_LOOP('',(#12302,#12303,#12309,#12310));
#12302 = ORIENTED_EDGE('',*,*,#3209,.T.);
#12303 = ORIENTED_EDGE('',*,*,#12304,.T.);
#12304 = EDGE_CURVE('',#3197,#7525,#12305,.T.);
#12305 = LINE('',#12306,#12307);
#12306 = CARTESIAN_POINT('',(82.479661426844,24.964014510278,1.3));
#12307 = VECTOR('',#12308,1.);
#12308 = DIRECTION('',(0.,0.,-1.));
#12309 = ORIENTED_EDGE('',*,*,#7537,.F.);
#12310 = ORIENTED_EDGE('',*,*,#12282,.F.);
#12311 = PLANE('',#12312);
#12312 = AXIS2_PLACEMENT_3D('',#12313,#12314,#12315);
#12313 = CARTESIAN_POINT('',(82.479661426844,24.964014510278,1.3));
#12314 = DIRECTION('',(-6.943756145393E-02,0.997586299555,-0.));
#12315 = DIRECTION('',(-0.997586299555,-6.943756145393E-02,0.));
#12316 = ADVANCED_FACE('',(#12317),#12328,.F.);
#12317 = FACE_BOUND('',#12318,.F.);
#12318 = EDGE_LOOP('',(#12319,#12320,#12326,#12327));
#12319 = ORIENTED_EDGE('',*,*,#3196,.T.);
#12320 = ORIENTED_EDGE('',*,*,#12321,.T.);
#12321 = EDGE_CURVE('',#3185,#7513,#12322,.T.);
#12322 = LINE('',#12323,#12324);
#12323 = CARTESIAN_POINT('',(83.145199516324,24.916807738815,1.3));
#12324 = VECTOR('',#12325,1.);
#12325 = DIRECTION('',(0.,0.,-1.));
#12326 = ORIENTED_EDGE('',*,*,#7524,.F.);
#12327 = ORIENTED_EDGE('',*,*,#12304,.F.);
#12328 = SURFACE_OF_LINEAR_EXTRUSION('',#12329,#12333);
#12329 = B_SPLINE_CURVE_WITH_KNOTS('',2,(#12330,#12331,#12332),
  .UNSPECIFIED.,.F.,.F.,(3,3),(0.,1.),.PIECEWISE_BEZIER_KNOTS.);
#12330 = CARTESIAN_POINT('',(83.145199516324,24.916807738815,1.3));
#12331 = CARTESIAN_POINT('',(82.669262394196,24.964014510278,1.3));
#12332 = CARTESIAN_POINT('',(82.479661426844,24.964014510278,1.3));
#12333 = VECTOR('',#12334,1.);
#12334 = DIRECTION('',(-0.,0.,1.));
#12335 = ADVANCED_FACE('',(#12336),#12347,.F.);
#12336 = FACE_BOUND('',#12337,.F.);
#12337 = EDGE_LOOP('',(#12338,#12339,#12345,#12346));
#12338 = ORIENTED_EDGE('',*,*,#3184,.T.);
#12339 = ORIENTED_EDGE('',*,*,#12340,.T.);
#12340 = EDGE_CURVE('',#3177,#7505,#12341,.T.);
#12341 = LINE('',#12342,#12343);
#12342 = CARTESIAN_POINT('',(83.857944377267,24.892817412334,1.3));
#12343 = VECTOR('',#12344,1.);
#12344 = DIRECTION('',(0.,0.,-1.));
#12345 = ORIENTED_EDGE('',*,*,#7512,.F.);
#12346 = ORIENTED_EDGE('',*,*,#12321,.F.);
#12347 = SURFACE_OF_LINEAR_EXTRUSION('',#12348,#12352);
#12348 = B_SPLINE_CURVE_WITH_KNOTS('',2,(#12349,#12350,#12351),
  .UNSPECIFIED.,.F.,.F.,(3,3),(0.,1.),.PIECEWISE_BEZIER_KNOTS.);
#12349 = CARTESIAN_POINT('',(83.857944377267,24.892817412334,1.3));
#12350 = CARTESIAN_POINT('',(83.382781136638,24.892817412334,1.3));
#12351 = CARTESIAN_POINT('',(83.145199516324,24.916807738815,1.3));
#12352 = VECTOR('',#12353,1.);
#12353 = DIRECTION('',(-0.,0.,1.));
#12354 = ADVANCED_FACE('',(#12355),#12366,.F.);
#12355 = FACE_BOUND('',#12356,.F.);
#12356 = EDGE_LOOP('',(#12357,#12358,#12364,#12365));
#12357 = ORIENTED_EDGE('',*,*,#3176,.T.);
#12358 = ORIENTED_EDGE('',*,*,#12359,.T.);
#12359 = EDGE_CURVE('',#3158,#7486,#12360,.T.);
#12360 = LINE('',#12361,#12362);
#12361 = CARTESIAN_POINT('',(84.262684401451,24.892817412334,1.3));
#12362 = VECTOR('',#12363,1.);
#12363 = DIRECTION('',(0.,0.,-1.));
#12364 = ORIENTED_EDGE('',*,*,#7504,.F.);
#12365 = ORIENTED_EDGE('',*,*,#12340,.F.);
#12366 = PLANE('',#12367);
#12367 = AXIS2_PLACEMENT_3D('',#12368,#12369,#12370);
#12368 = CARTESIAN_POINT('',(84.262684401451,24.892817412334,1.3));
#12369 = DIRECTION('',(0.,1.,0.));
#12370 = DIRECTION('',(-1.,0.,0.));
#12371 = ADVANCED_FACE('',(#12372),#12383,.F.);
#12372 = FACE_BOUND('',#12373,.F.);
#12373 = EDGE_LOOP('',(#12374,#12375,#12381,#12382));
#12374 = ORIENTED_EDGE('',*,*,#3157,.T.);
#12375 = ORIENTED_EDGE('',*,*,#12376,.T.);
#12376 = EDGE_CURVE('',#3143,#7471,#12377,.T.);
#12377 = LINE('',#12378,#12379);
#12378 = CARTESIAN_POINT('',(85.522563482467,24.750423216445,1.3));
#12379 = VECTOR('',#12380,1.);
#12380 = DIRECTION('',(0.,0.,-1.));
#12381 = ORIENTED_EDGE('',*,*,#7485,.F.);
#12382 = ORIENTED_EDGE('',*,*,#12359,.F.);
#12383 = SURFACE_OF_LINEAR_EXTRUSION('',#12384,#12388);
#12384 = B_SPLINE_CURVE_WITH_KNOTS('',2,(#12385,#12386,#12387),
  .UNSPECIFIED.,.F.,.F.,(3,3),(0.,1.),.PIECEWISE_BEZIER_KNOTS.);
#12385 = CARTESIAN_POINT('',(85.522563482467,24.750423216445,1.3));
#12386 = CARTESIAN_POINT('',(84.57146311971,24.892817412334,1.3));
#12387 = CARTESIAN_POINT('',(84.262684401451,24.892817412334,1.3));
#12388 = VECTOR('',#12389,1.);
#12389 = DIRECTION('',(-0.,0.,1.));
#12390 = ADVANCED_FACE('',(#12391),#12402,.F.);
#12391 = FACE_BOUND('',#12392,.F.);
#12392 = EDGE_LOOP('',(#12393,#12394,#12400,#12401));
#12393 = ORIENTED_EDGE('',*,*,#3142,.T.);
#12394 = ORIENTED_EDGE('',*,*,#12395,.T.);
#12395 = EDGE_CURVE('',#3130,#7458,#12396,.T.);
#12396 = LINE('',#12397,#12398);
#12397 = CARTESIAN_POINT('',(86.640048367594,24.512841596131,1.3));
#12398 = VECTOR('',#12399,1.);
#12399 = DIRECTION('',(0.,0.,-1.));
#12400 = ORIENTED_EDGE('',*,*,#7470,.F.);
#12401 = ORIENTED_EDGE('',*,*,#12376,.F.);
#12402 = SURFACE_OF_LINEAR_EXTRUSION('',#12403,#12407);
#12403 = B_SPLINE_CURVE_WITH_KNOTS('',2,(#12404,#12405,#12406),
  .UNSPECIFIED.,.F.,.F.,(3,3),(0.,1.),.PIECEWISE_BEZIER_KNOTS.);
#12404 = CARTESIAN_POINT('',(86.640048367594,24.512841596131,1.3));
#12405 = CARTESIAN_POINT('',(86.23530834341,24.702442563482,1.3));
#12406 = CARTESIAN_POINT('',(85.522563482467,24.750423216445,1.3));
#12407 = VECTOR('',#12408,1.);
#12408 = DIRECTION('',(-0.,0.,1.));
#12409 = ADVANCED_FACE('',(#12410),#12421,.F.);
#12410 = FACE_BOUND('',#12411,.F.);
#12411 = EDGE_LOOP('',(#12412,#12413,#12419,#12420));
#12412 = ORIENTED_EDGE('',*,*,#3129,.T.);
#12413 = ORIENTED_EDGE('',*,*,#12414,.T.);
#12414 = EDGE_CURVE('',#3122,#7450,#12415,.T.);
#12415 = LINE('',#12416,#12417);
#12416 = CARTESIAN_POINT('',(86.829649334946,24.322466747279,1.3));
#12417 = VECTOR('',#12418,1.);
#12418 = DIRECTION('',(0.,0.,-1.));
#12419 = ORIENTED_EDGE('',*,*,#7457,.F.);
#12420 = ORIENTED_EDGE('',*,*,#12395,.F.);
#12421 = SURFACE_OF_LINEAR_EXTRUSION('',#12422,#12426);
#12422 = B_SPLINE_CURVE_WITH_KNOTS('',2,(#12423,#12424,#12425),
  .UNSPECIFIED.,.F.,.F.,(3,3),(0.,1.),.PIECEWISE_BEZIER_KNOTS.);
#12423 = CARTESIAN_POINT('',(86.829649334946,24.322466747279,1.3));
#12424 = CARTESIAN_POINT('',(86.782442563482,24.464860943168,1.3));
#12425 = CARTESIAN_POINT('',(86.640048367594,24.512841596131,1.3));
#12426 = VECTOR('',#12427,1.);
#12427 = DIRECTION('',(-0.,0.,1.));
#12428 = ADVANCED_FACE('',(#12429),#12440,.F.);
#12429 = FACE_BOUND('',#12430,.F.);
#12430 = EDGE_LOOP('',(#12431,#12432,#12438,#12439));
#12431 = ORIENTED_EDGE('',*,*,#3121,.T.);
#12432 = ORIENTED_EDGE('',*,*,#12433,.T.);
#12433 = EDGE_CURVE('',#3111,#7439,#12434,.T.);
#12434 = LINE('',#12435,#12436);
#12435 = CARTESIAN_POINT('',(86.996033857316,20.233276904474,1.3));
#12436 = VECTOR('',#12437,1.);
#12437 = DIRECTION('',(0.,0.,-1.));
#12438 = ORIENTED_EDGE('',*,*,#7449,.F.);
#12439 = ORIENTED_EDGE('',*,*,#12414,.F.);
#12440 = PLANE('',#12441);
#12441 = AXIS2_PLACEMENT_3D('',#12442,#12443,#12444);
#12442 = CARTESIAN_POINT('',(86.996033857316,20.233276904474,1.3));
#12443 = DIRECTION('',(0.999173234289,4.065523190236E-02,0.));
#12444 = DIRECTION('',(-4.065523190236E-02,0.999173234289,-0.));
#12445 = ADVANCED_FACE('',(#12446),#12457,.F.);
#12446 = FACE_BOUND('',#12447,.F.);
#12447 = EDGE_LOOP('',(#12448,#12449,#12455,#12456));
#12448 = ORIENTED_EDGE('',*,*,#3110,.T.);
#12449 = ORIENTED_EDGE('',*,*,#12450,.T.);
#12450 = EDGE_CURVE('',#3100,#7428,#12451,.T.);
#12451 = LINE('',#12452,#12453);
#12452 = CARTESIAN_POINT('',(86.865247883918,19.947714631197,1.3));
#12453 = VECTOR('',#12454,1.);
#12454 = DIRECTION('',(0.,0.,-1.));
#12455 = ORIENTED_EDGE('',*,*,#7438,.F.);
#12456 = ORIENTED_EDGE('',*,*,#12433,.F.);
#12457 = SURFACE_OF_LINEAR_EXTRUSION('',#12458,#12462);
#12458 = B_SPLINE_CURVE_WITH_KNOTS('',2,(#12459,#12460,#12461),
  .UNSPECIFIED.,.F.,.F.,(3,3),(0.,1.),.PIECEWISE_BEZIER_KNOTS.);
#12459 = CARTESIAN_POINT('',(86.865247883918,19.947714631197,1.3));
#12460 = CARTESIAN_POINT('',(86.996033857316,20.114099153567,1.3));
#12461 = CARTESIAN_POINT('',(86.996033857316,20.233276904474,1.3));
#12462 = VECTOR('',#12463,1.);
#12463 = DIRECTION('',(-0.,0.,1.));
#12464 = ADVANCED_FACE('',(#12465),#12476,.F.);
#12465 = FACE_BOUND('',#12466,.F.);
#12466 = EDGE_LOOP('',(#12467,#12468,#12474,#12475));
#12467 = ORIENTED_EDGE('',*,*,#3099,.T.);
#12468 = ORIENTED_EDGE('',*,*,#12469,.T.);
#12469 = EDGE_CURVE('',#3088,#7416,#12470,.T.);
#12470 = LINE('',#12471,#12472);
#12471 = CARTESIAN_POINT('',(86.592067714631,19.758113663845,1.3));
#12472 = VECTOR('',#12473,1.);
#12473 = DIRECTION('',(0.,0.,-1.));
#12474 = ORIENTED_EDGE('',*,*,#7427,.F.);
#12475 = ORIENTED_EDGE('',*,*,#12450,.F.);
#12476 = SURFACE_OF_LINEAR_EXTRUSION('',#12477,#12481);
#12477 = B_SPLINE_CURVE_WITH_KNOTS('',2,(#12478,#12479,#12480),
  .UNSPECIFIED.,.F.,.F.,(3,3),(0.,1.),.PIECEWISE_BEZIER_KNOTS.);
#12478 = CARTESIAN_POINT('',(86.592067714631,19.758113663845,1.3));
#12479 = CARTESIAN_POINT('',(86.73446191052,19.781330108827,1.3));
#12480 = CARTESIAN_POINT('',(86.865247883918,19.947714631197,1.3));
#12481 = VECTOR('',#12482,1.);
#12482 = DIRECTION('',(-0.,0.,1.));
#12483 = ADVANCED_FACE('',(#12484),#12495,.F.);
#12484 = FACE_BOUND('',#12485,.F.);
#12485 = EDGE_LOOP('',(#12486,#12487,#12493,#12494));
#12486 = ORIENTED_EDGE('',*,*,#3087,.T.);
#12487 = ORIENTED_EDGE('',*,*,#12488,.T.);
#12488 = EDGE_CURVE('',#3078,#7406,#12489,.T.);
#12489 = LINE('',#12490,#12491);
#12490 = CARTESIAN_POINT('',(85.082224909311,19.900507859734,1.3));
#12491 = VECTOR('',#12492,1.);
#12492 = DIRECTION('',(0.,0.,-1.));
#12493 = ORIENTED_EDGE('',*,*,#7415,.F.);
#12494 = ORIENTED_EDGE('',*,*,#12469,.F.);
#12495 = SURFACE_OF_LINEAR_EXTRUSION('',#12496,#12500);
#12496 = B_SPLINE_CURVE_WITH_KNOTS('',2,(#12497,#12498,#12499),
  .UNSPECIFIED.,.F.,.F.,(3,3),(0.,1.),.PIECEWISE_BEZIER_KNOTS.);
#12497 = CARTESIAN_POINT('',(85.082224909311,19.900507859734,1.3));
#12498 = CARTESIAN_POINT('',(85.926529625151,19.876517533253,1.3));
#12499 = CARTESIAN_POINT('',(86.592067714631,19.758113663845,1.3));
#12500 = VECTOR('',#12501,1.);
#12501 = DIRECTION('',(-0.,0.,1.));
#12502 = ADVANCED_FACE('',(#12503),#12514,.F.);
#12503 = FACE_BOUND('',#12504,.F.);
#12504 = EDGE_LOOP('',(#12505,#12506,#12512,#12513));
#12505 = ORIENTED_EDGE('',*,*,#3077,.T.);
#12506 = ORIENTED_EDGE('',*,*,#12507,.T.);
#12507 = EDGE_CURVE('',#3067,#7395,#12508,.T.);
#12508 = LINE('',#12509,#12510);
#12509 = CARTESIAN_POINT('',(83.453978234583,19.924498186215,1.3));
#12510 = VECTOR('',#12511,1.);
#12511 = DIRECTION('',(0.,0.,-1.));
#12512 = ORIENTED_EDGE('',*,*,#7405,.F.);
#12513 = ORIENTED_EDGE('',*,*,#12488,.F.);
#12514 = SURFACE_OF_LINEAR_EXTRUSION('',#12515,#12519);
#12515 = B_SPLINE_CURVE_WITH_KNOTS('',2,(#12516,#12517,#12518),
  .UNSPECIFIED.,.F.,.F.,(3,3),(0.,1.),.PIECEWISE_BEZIER_KNOTS.);
#12516 = CARTESIAN_POINT('',(83.453978234583,19.924498186215,1.3));
#12517 = CARTESIAN_POINT('',(84.23869407497,19.924498186215,1.3));
#12518 = CARTESIAN_POINT('',(85.082224909311,19.900507859734,1.3));
#12519 = VECTOR('',#12520,1.);
#12520 = DIRECTION('',(-0.,0.,1.));
#12521 = ADVANCED_FACE('',(#12522),#12533,.F.);
#12522 = FACE_BOUND('',#12523,.F.);
#12523 = EDGE_LOOP('',(#12524,#12525,#12531,#12532));
#12524 = ORIENTED_EDGE('',*,*,#3066,.T.);
#12525 = ORIENTED_EDGE('',*,*,#12526,.T.);
#12526 = EDGE_CURVE('',#3056,#7384,#12527,.T.);
#12527 = LINE('',#12528,#12529);
#12528 = CARTESIAN_POINT('',(82.90761789601,19.82931076179,1.3));
#12529 = VECTOR('',#12530,1.);
#12530 = DIRECTION('',(0.,0.,-1.));
#12531 = ORIENTED_EDGE('',*,*,#7394,.F.);
#12532 = ORIENTED_EDGE('',*,*,#12507,.F.);
#12533 = SURFACE_OF_LINEAR_EXTRUSION('',#12534,#12538);
#12534 = B_SPLINE_CURVE_WITH_KNOTS('',2,(#12535,#12536,#12537),
  .UNSPECIFIED.,.F.,.F.,(3,3),(0.,1.),.PIECEWISE_BEZIER_KNOTS.);
#12535 = CARTESIAN_POINT('',(82.90761789601,19.82931076179,1.3));
#12536 = CARTESIAN_POINT('',(83.145199516324,19.924498186215,1.3));
#12537 = CARTESIAN_POINT('',(83.453978234583,19.924498186215,1.3));
#12538 = VECTOR('',#12539,1.);
#12539 = DIRECTION('',(-0.,0.,1.));
#12540 = ADVANCED_FACE('',(#12541),#12552,.F.);
#12541 = FACE_BOUND('',#12542,.F.);
#12542 = EDGE_LOOP('',(#12543,#12544,#12550,#12551));
#12543 = ORIENTED_EDGE('',*,*,#3055,.T.);
#12544 = ORIENTED_EDGE('',*,*,#12545,.T.);
#12545 = EDGE_CURVE('',#3043,#7371,#12546,.T.);
#12546 = LINE('',#12547,#12548);
#12547 = CARTESIAN_POINT('',(82.788440145103,19.044594921403,1.3));
#12548 = VECTOR('',#12549,1.);
#12549 = DIRECTION('',(0.,0.,-1.));
#12550 = ORIENTED_EDGE('',*,*,#7383,.F.);
#12551 = ORIENTED_EDGE('',*,*,#12526,.F.);
#12552 = SURFACE_OF_LINEAR_EXTRUSION('',#12553,#12557);
#12553 = B_SPLINE_CURVE_WITH_KNOTS('',2,(#12554,#12555,#12556),
  .UNSPECIFIED.,.F.,.F.,(3,3),(0.,1.),.PIECEWISE_BEZIER_KNOTS.);
#12554 = CARTESIAN_POINT('',(82.788440145103,19.044594921403,1.3));
#12555 = CARTESIAN_POINT('',(82.788440145103,19.425344619105,1.3));
#12556 = CARTESIAN_POINT('',(82.90761789601,19.82931076179,1.3));
#12557 = VECTOR('',#12558,1.);
#12558 = DIRECTION('',(-0.,0.,1.));
#12559 = ADVANCED_FACE('',(#12560),#12571,.F.);
#12560 = FACE_BOUND('',#12561,.F.);
#12561 = EDGE_LOOP('',(#12562,#12563,#12569,#12570));
#12562 = ORIENTED_EDGE('',*,*,#3042,.T.);
#12563 = ORIENTED_EDGE('',*,*,#12564,.T.);
#12564 = EDGE_CURVE('',#3031,#7359,#12565,.T.);
#12565 = LINE('',#12566,#12567);
#12566 = CARTESIAN_POINT('',(82.764449818622,18.236662636034,1.3));
#12567 = VECTOR('',#12568,1.);
#12568 = DIRECTION('',(0.,0.,-1.));
#12569 = ORIENTED_EDGE('',*,*,#7370,.F.);
#12570 = ORIENTED_EDGE('',*,*,#12545,.F.);
#12571 = SURFACE_OF_LINEAR_EXTRUSION('',#12572,#12576);
#12572 = B_SPLINE_CURVE_WITH_KNOTS('',2,(#12573,#12574,#12575),
  .UNSPECIFIED.,.F.,.F.,(3,3),(0.,1.),.PIECEWISE_BEZIER_KNOTS.);
#12573 = CARTESIAN_POINT('',(82.764449818622,18.236662636034,1.3));
#12574 = CARTESIAN_POINT('',(82.764449818622,18.783022974607,1.3));
#12575 = CARTESIAN_POINT('',(82.788440145103,19.044594921403,1.3));
#12576 = VECTOR('',#12577,1.);
#12577 = DIRECTION('',(-0.,0.,1.));
#12578 = ADVANCED_FACE('',(#12579),#12590,.F.);
#12579 = FACE_BOUND('',#12580,.F.);
#12580 = EDGE_LOOP('',(#12581,#12582,#12588,#12589));
#12581 = ORIENTED_EDGE('',*,*,#3030,.T.);
#12582 = ORIENTED_EDGE('',*,*,#12583,.T.);
#12583 = EDGE_CURVE('',#3021,#7349,#12584,.T.);
#12584 = LINE('',#12585,#12586);
#12585 = CARTESIAN_POINT('',(82.788440145103,17.380749697703,1.3));
#12586 = VECTOR('',#12587,1.);
#12587 = DIRECTION('',(0.,0.,-1.));
#12588 = ORIENTED_EDGE('',*,*,#7358,.F.);
#12589 = ORIENTED_EDGE('',*,*,#12564,.F.);
#12590 = SURFACE_OF_LINEAR_EXTRUSION('',#12591,#12595);
#12591 = B_SPLINE_CURVE_WITH_KNOTS('',2,(#12592,#12593,#12594),
  .UNSPECIFIED.,.F.,.F.,(3,3),(0.,1.),.PIECEWISE_BEZIER_KNOTS.);
#12592 = CARTESIAN_POINT('',(82.788440145103,17.380749697703,1.3));
#12593 = CARTESIAN_POINT('',(82.764449818622,17.66553808948,1.3));
#12594 = CARTESIAN_POINT('',(82.764449818622,18.236662636034,1.3));
#12595 = VECTOR('',#12596,1.);
#12596 = DIRECTION('',(-0.,0.,1.));
#12597 = ADVANCED_FACE('',(#12598),#12609,.F.);
#12598 = FACE_BOUND('',#12599,.F.);
#12599 = EDGE_LOOP('',(#12600,#12601,#12607,#12608));
#12600 = ORIENTED_EDGE('',*,*,#3020,.T.);
#12601 = ORIENTED_EDGE('',*,*,#12602,.T.);
#12602 = EDGE_CURVE('',#3011,#7339,#12603,.T.);
#12603 = LINE('',#12604,#12605);
#12604 = CARTESIAN_POINT('',(82.811656590085,17.,1.3));
#12605 = VECTOR('',#12606,1.);
#12606 = DIRECTION('',(0.,0.,-1.));
#12607 = ORIENTED_EDGE('',*,*,#7348,.F.);
#12608 = ORIENTED_EDGE('',*,*,#12583,.F.);
#12609 = SURFACE_OF_LINEAR_EXTRUSION('',#12610,#12614);
#12610 = B_SPLINE_CURVE_WITH_KNOTS('',2,(#12611,#12612,#12613),
  .UNSPECIFIED.,.F.,.F.,(3,3),(0.,1.),.PIECEWISE_BEZIER_KNOTS.);
#12611 = CARTESIAN_POINT('',(82.811656590085,17.,1.3));
#12612 = CARTESIAN_POINT('',(82.788440145103,17.190374848851,1.3));
#12613 = CARTESIAN_POINT('',(82.788440145103,17.380749697703,1.3));
#12614 = VECTOR('',#12615,1.);
#12615 = DIRECTION('',(-0.,0.,1.));
#12616 = ADVANCED_FACE('',(#12617),#12628,.F.);
#12617 = FACE_BOUND('',#12618,.F.);
#12618 = EDGE_LOOP('',(#12619,#12620,#12626,#12627));
#12619 = ORIENTED_EDGE('',*,*,#3010,.T.);
#12620 = ORIENTED_EDGE('',*,*,#12621,.T.);
#12621 = EDGE_CURVE('',#2999,#7327,#12622,.T.);
#12622 = LINE('',#12623,#12624);
#12623 = CARTESIAN_POINT('',(82.835646916566,16.643240628779,1.3));
#12624 = VECTOR('',#12625,1.);
#12625 = DIRECTION('',(0.,0.,-1.));
#12626 = ORIENTED_EDGE('',*,*,#7338,.F.);
#12627 = ORIENTED_EDGE('',*,*,#12602,.F.);
#12628 = SURFACE_OF_LINEAR_EXTRUSION('',#12629,#12633);
#12629 = B_SPLINE_CURVE_WITH_KNOTS('',2,(#12630,#12631,#12632),
  .UNSPECIFIED.,.F.,.F.,(3,3),(0.,1.),.PIECEWISE_BEZIER_KNOTS.);
#12630 = CARTESIAN_POINT('',(82.835646916566,16.643240628779,1.3));
#12631 = CARTESIAN_POINT('',(82.835646916566,16.809625151149,1.3));
#12632 = CARTESIAN_POINT('',(82.811656590085,17.,1.3));
#12633 = VECTOR('',#12634,1.);
#12634 = DIRECTION('',(-0.,0.,1.));
#12635 = ADVANCED_FACE('',(#12636),#12647,.F.);
#12636 = FACE_BOUND('',#12637,.F.);
#12637 = EDGE_LOOP('',(#12638,#12639,#12645,#12646));
#12638 = ORIENTED_EDGE('',*,*,#2998,.T.);
#12639 = ORIENTED_EDGE('',*,*,#12640,.T.);
#12640 = EDGE_CURVE('',#2987,#7315,#12641,.T.);
#12641 = LINE('',#12642,#12643);
#12642 = CARTESIAN_POINT('',(82.717243047158,16.192067714631,1.3));
#12643 = VECTOR('',#12644,1.);
#12644 = DIRECTION('',(0.,0.,-1.));
#12645 = ORIENTED_EDGE('',*,*,#7326,.F.);
#12646 = ORIENTED_EDGE('',*,*,#12621,.F.);
#12647 = SURFACE_OF_LINEAR_EXTRUSION('',#12648,#12652);
#12648 = B_SPLINE_CURVE_WITH_KNOTS('',2,(#12649,#12650,#12651),
  .UNSPECIFIED.,.F.,.F.,(3,3),(0.,1.),.PIECEWISE_BEZIER_KNOTS.);
#12649 = CARTESIAN_POINT('',(82.717243047158,16.192067714631,1.3));
#12650 = CARTESIAN_POINT('',(82.764449818622,16.524836759371,1.3));
#12651 = CARTESIAN_POINT('',(82.835646916566,16.643240628779,1.3));
#12652 = VECTOR('',#12653,1.);
#12653 = DIRECTION('',(-0.,0.,1.));
#12654 = ADVANCED_FACE('',(#12655),#12666,.F.);
#12655 = FACE_BOUND('',#12656,.F.);
#12656 = EDGE_LOOP('',(#12657,#12658,#12664,#12665));
#12657 = ORIENTED_EDGE('',*,*,#2986,.T.);
#12658 = ORIENTED_EDGE('',*,*,#12659,.T.);
#12659 = EDGE_CURVE('',#2979,#7307,#12660,.T.);
#12660 = LINE('',#12661,#12662);
#12661 = CARTESIAN_POINT('',(82.693252720677,15.525755743652,1.3));
#12662 = VECTOR('',#12663,1.);
#12663 = DIRECTION('',(0.,0.,-1.));
#12664 = ORIENTED_EDGE('',*,*,#7314,.F.);
#12665 = ORIENTED_EDGE('',*,*,#12640,.F.);
#12666 = SURFACE_OF_LINEAR_EXTRUSION('',#12667,#12671);
#12667 = B_SPLINE_CURVE_WITH_KNOTS('',2,(#12668,#12669,#12670),
  .UNSPECIFIED.,.F.,.F.,(3,3),(0.,1.),.PIECEWISE_BEZIER_KNOTS.);
#12668 = CARTESIAN_POINT('',(82.693252720677,15.525755743652,1.3));
#12669 = CARTESIAN_POINT('',(82.717243047158,15.764111245466,1.3));
#12670 = CARTESIAN_POINT('',(82.717243047158,16.192067714631,1.3));
#12671 = VECTOR('',#12672,1.);
#12672 = DIRECTION('',(-0.,0.,1.));
#12673 = ADVANCED_FACE('',(#12674),#12685,.F.);
#12674 = FACE_BOUND('',#12675,.F.);
#12675 = EDGE_LOOP('',(#12676,#12677,#12683,#12684));
#12676 = ORIENTED_EDGE('',*,*,#2978,.T.);
#12677 = ORIENTED_EDGE('',*,*,#12678,.T.);
#12678 = EDGE_CURVE('',#2971,#7299,#12679,.T.);
#12679 = LINE('',#12680,#12681);
#12680 = CARTESIAN_POINT('',(82.669262394196,14.765030229746,1.3));
#12681 = VECTOR('',#12682,1.);
#12682 = DIRECTION('',(0.,0.,-1.));
#12683 = ORIENTED_EDGE('',*,*,#7306,.F.);
#12684 = ORIENTED_EDGE('',*,*,#12659,.F.);
#12685 = PLANE('',#12686);
#12686 = AXIS2_PLACEMENT_3D('',#12687,#12688,#12689);
#12687 = CARTESIAN_POINT('',(82.669262394196,14.765030229746,1.3));
#12688 = DIRECTION('',(0.999503107358,-3.152044387395E-02,0.));
#12689 = DIRECTION('',(3.152044387395E-02,0.999503107358,0.));
#12690 = ADVANCED_FACE('',(#12691),#12702,.F.);
#12691 = FACE_BOUND('',#12692,.F.);
#12692 = EDGE_LOOP('',(#12693,#12694,#12700,#12701));
#12693 = ORIENTED_EDGE('',*,*,#2970,.T.);
#12694 = ORIENTED_EDGE('',*,*,#12695,.T.);
#12695 = EDGE_CURVE('',#2963,#7291,#12696,.T.);
#12696 = LINE('',#12697,#12698);
#12697 = CARTESIAN_POINT('',(82.669262394196,14.218669891173,1.3));
#12698 = VECTOR('',#12699,1.);
#12699 = DIRECTION('',(0.,0.,-1.));
#12700 = ORIENTED_EDGE('',*,*,#7298,.F.);
#12701 = ORIENTED_EDGE('',*,*,#12678,.F.);
#12702 = PLANE('',#12703);
#12703 = AXIS2_PLACEMENT_3D('',#12704,#12705,#12706);
#12704 = CARTESIAN_POINT('',(82.669262394196,14.218669891173,1.3));
#12705 = DIRECTION('',(1.,0.,0.));
#12706 = DIRECTION('',(0.,1.,0.));
#12707 = ADVANCED_FACE('',(#12708),#12719,.F.);
#12708 = FACE_BOUND('',#12709,.F.);
#12709 = EDGE_LOOP('',(#12710,#12711,#12717,#12718));
#12710 = ORIENTED_EDGE('',*,*,#2962,.T.);
#12711 = ORIENTED_EDGE('',*,*,#12712,.T.);
#12712 = EDGE_CURVE('',#2952,#7280,#12713,.T.);
#12713 = LINE('',#12714,#12715);
#12714 = CARTESIAN_POINT('',(82.646045949214,14.028295042322,1.3));
#12715 = VECTOR('',#12716,1.);
#12716 = DIRECTION('',(0.,0.,-1.));
#12717 = ORIENTED_EDGE('',*,*,#7290,.F.);
#12718 = ORIENTED_EDGE('',*,*,#12695,.F.);
#12719 = PLANE('',#12720);
#12720 = AXIS2_PLACEMENT_3D('',#12721,#12722,#12723);
#12721 = CARTESIAN_POINT('',(82.646045949214,14.028295042322,1.3));
#12722 = DIRECTION('',(0.992645877551,-0.121054375311,0.));
#12723 = DIRECTION('',(0.121054375311,0.992645877551,0.));
#12724 = ADVANCED_FACE('',(#12725),#12736,.F.);
#12725 = FACE_BOUND('',#12726,.F.);
#12726 = EDGE_LOOP('',(#12727,#12728,#12734,#12735));
#12727 = ORIENTED_EDGE('',*,*,#2951,.T.);
#12728 = ORIENTED_EDGE('',*,*,#12729,.T.);
#12729 = EDGE_CURVE('',#2944,#7272,#12730,.T.);
#12730 = LINE('',#12731,#12732);
#12731 = CARTESIAN_POINT('',(82.622055622733,13.695525997582,1.3));
#12732 = VECTOR('',#12733,1.);
#12733 = DIRECTION('',(0.,0.,-1.));
#12734 = ORIENTED_EDGE('',*,*,#7279,.F.);
#12735 = ORIENTED_EDGE('',*,*,#12712,.F.);
#12736 = SURFACE_OF_LINEAR_EXTRUSION('',#12737,#12741);
#12737 = B_SPLINE_CURVE_WITH_KNOTS('',2,(#12738,#12739,#12740),
  .UNSPECIFIED.,.F.,.F.,(3,3),(0.,1.),.PIECEWISE_BEZIER_KNOTS.);
#12738 = CARTESIAN_POINT('',(82.622055622733,13.695525997582,1.3));
#12739 = CARTESIAN_POINT('',(82.646045949214,13.814703748489,1.3));
#12740 = CARTESIAN_POINT('',(82.646045949214,14.028295042322,1.3));
#12741 = VECTOR('',#12742,1.);
#12742 = DIRECTION('',(-0.,0.,1.));
#12743 = ADVANCED_FACE('',(#12744),#12755,.F.);
#12744 = FACE_BOUND('',#12745,.F.);
#12745 = EDGE_LOOP('',(#12746,#12747,#12753,#12754));
#12746 = ORIENTED_EDGE('',*,*,#2943,.T.);
#12747 = ORIENTED_EDGE('',*,*,#12748,.T.);
#12748 = EDGE_CURVE('',#2931,#7259,#12749,.T.);
#12749 = LINE('',#12750,#12751);
#12750 = CARTESIAN_POINT('',(82.622055622733,13.33876662636,1.3));
#12751 = VECTOR('',#12752,1.);
#12752 = DIRECTION('',(0.,0.,-1.));
#12753 = ORIENTED_EDGE('',*,*,#7271,.F.);
#12754 = ORIENTED_EDGE('',*,*,#12729,.F.);
#12755 = PLANE('',#12756);
#12756 = AXIS2_PLACEMENT_3D('',#12757,#12758,#12759);
#12757 = CARTESIAN_POINT('',(82.622055622733,13.33876662636,1.3));
#12758 = DIRECTION('',(1.,0.,0.));
#12759 = DIRECTION('',(0.,1.,0.));
#12760 = ADVANCED_FACE('',(#12761),#12772,.F.);
#12761 = FACE_BOUND('',#12762,.F.);
#12762 = EDGE_LOOP('',(#12763,#12764,#12770,#12771));
#12763 = ORIENTED_EDGE('',*,*,#2930,.T.);
#12764 = ORIENTED_EDGE('',*,*,#12765,.T.);
#12765 = EDGE_CURVE('',#2920,#7248,#12766,.T.);
#12766 = LINE('',#12767,#12768);
#12767 = CARTESIAN_POINT('',(82.646045949214,12.958790810157,1.3));
#12768 = VECTOR('',#12769,1.);
#12769 = DIRECTION('',(0.,0.,-1.));
#12770 = ORIENTED_EDGE('',*,*,#7258,.F.);
#12771 = ORIENTED_EDGE('',*,*,#12748,.F.);
#12772 = SURFACE_OF_LINEAR_EXTRUSION('',#12773,#12777);
#12773 = B_SPLINE_CURVE_WITH_KNOTS('',2,(#12774,#12775,#12776),
  .UNSPECIFIED.,.F.,.F.,(3,3),(0.,1.),.PIECEWISE_BEZIER_KNOTS.);
#12774 = CARTESIAN_POINT('',(82.646045949214,12.958790810157,1.3));
#12775 = CARTESIAN_POINT('',(82.598065296252,13.148391777509,1.3));
#12776 = CARTESIAN_POINT('',(82.622055622733,13.33876662636,1.3));
#12777 = VECTOR('',#12778,1.);
#12778 = DIRECTION('',(-0.,0.,1.));
#12779 = ADVANCED_FACE('',(#12780),#12791,.F.);
#12780 = FACE_BOUND('',#12781,.F.);
#12781 = EDGE_LOOP('',(#12782,#12783,#12789,#12790));
#12782 = ORIENTED_EDGE('',*,*,#2919,.T.);
#12783 = ORIENTED_EDGE('',*,*,#12784,.T.);
#12784 = EDGE_CURVE('',#2912,#7240,#12785,.T.);
#12785 = LINE('',#12786,#12787);
#12786 = CARTESIAN_POINT('',(82.717243047158,12.626021765417,1.3));
#12787 = VECTOR('',#12788,1.);
#12788 = DIRECTION('',(0.,0.,-1.));
#12789 = ORIENTED_EDGE('',*,*,#7247,.F.);
#12790 = ORIENTED_EDGE('',*,*,#12765,.F.);
#12791 = SURFACE_OF_LINEAR_EXTRUSION('',#12792,#12796);
#12792 = B_SPLINE_CURVE_WITH_KNOTS('',2,(#12793,#12794,#12795),
  .UNSPECIFIED.,.F.,.F.,(3,3),(0.,1.),.PIECEWISE_BEZIER_KNOTS.);
#12793 = CARTESIAN_POINT('',(82.717243047158,12.626021765417,1.3));
#12794 = CARTESIAN_POINT('',(82.646045949214,12.792406287787,1.3));
#12795 = CARTESIAN_POINT('',(82.646045949214,12.958790810157,1.3));
#12796 = VECTOR('',#12797,1.);
#12797 = DIRECTION('',(-0.,0.,1.));
#12798 = ADVANCED_FACE('',(#12799),#12810,.F.);
#12799 = FACE_BOUND('',#12800,.F.);
#12800 = EDGE_LOOP('',(#12801,#12802,#12808,#12809));
#12801 = ORIENTED_EDGE('',*,*,#2911,.T.);
#12802 = ORIENTED_EDGE('',*,*,#12803,.T.);
#12803 = EDGE_CURVE('',#2904,#7232,#12804,.T.);
#12804 = LINE('',#12805,#12806);
#12805 = CARTESIAN_POINT('',(82.717243047158,12.34045949214,1.3));
#12806 = VECTOR('',#12807,1.);
#12807 = DIRECTION('',(0.,0.,-1.));
#12808 = ORIENTED_EDGE('',*,*,#7239,.F.);
#12809 = ORIENTED_EDGE('',*,*,#12784,.F.);
#12810 = PLANE('',#12811);
#12811 = AXIS2_PLACEMENT_3D('',#12812,#12813,#12814);
#12812 = CARTESIAN_POINT('',(82.717243047158,12.34045949214,1.3));
#12813 = DIRECTION('',(1.,0.,0.));
#12814 = DIRECTION('',(0.,1.,0.));
#12815 = ADVANCED_FACE('',(#12816),#12827,.F.);
#12816 = FACE_BOUND('',#12817,.F.);
#12817 = EDGE_LOOP('',(#12818,#12819,#12825,#12826));
#12818 = ORIENTED_EDGE('',*,*,#2903,.T.);
#12819 = ORIENTED_EDGE('',*,*,#12820,.T.);
#12820 = EDGE_CURVE('',#2892,#7220,#12821,.T.);
#12821 = LINE('',#12822,#12823);
#12822 = CARTESIAN_POINT('',(82.74045949214,12.150084643289,1.3));
#12823 = VECTOR('',#12824,1.);
#12824 = DIRECTION('',(0.,0.,-1.));
#12825 = ORIENTED_EDGE('',*,*,#7231,.F.);
#12826 = ORIENTED_EDGE('',*,*,#12803,.F.);
#12827 = PLANE('',#12828);
#12828 = AXIS2_PLACEMENT_3D('',#12829,#12830,#12831);
#12829 = CARTESIAN_POINT('',(82.74045949214,12.150084643289,1.3));
#12830 = DIRECTION('',(0.992645877551,0.121054375311,0.));
#12831 = DIRECTION('',(-0.121054375311,0.992645877551,-0.));
#12832 = ADVANCED_FACE('',(#12833),#12844,.F.);
#12833 = FACE_BOUND('',#12834,.F.);
#12834 = EDGE_LOOP('',(#12835,#12836,#12842,#12843));
#12835 = ORIENTED_EDGE('',*,*,#2891,.T.);
#12836 = ORIENTED_EDGE('',*,*,#12837,.T.);
#12837 = EDGE_CURVE('',#2877,#7205,#12838,.T.);
#12838 = LINE('',#12839,#12840);
#12839 = CARTESIAN_POINT('',(82.680870616687,11.568125755744,1.3));
#12840 = VECTOR('',#12841,1.);
#12841 = DIRECTION('',(0.,0.,-1.));
#12842 = ORIENTED_EDGE('',*,*,#7219,.F.);
#12843 = ORIENTED_EDGE('',*,*,#12820,.F.);
#12844 = SURFACE_OF_LINEAR_EXTRUSION('',#12845,#12849);
#12845 = B_SPLINE_CURVE_WITH_KNOTS('',2,(#12846,#12847,#12848),
  .UNSPECIFIED.,.F.,.F.,(3,3),(0.,1.),.PIECEWISE_BEZIER_KNOTS.);
#12846 = CARTESIAN_POINT('',(82.680870616687,11.568125755744,1.3));
#12847 = CARTESIAN_POINT('',(82.74045949214,11.770108827086,1.3));
#12848 = CARTESIAN_POINT('',(82.74045949214,12.150084643289,1.3));
#12849 = VECTOR('',#12850,1.);
#12850 = DIRECTION('',(-0.,0.,1.));
#12851 = ADVANCED_FACE('',(#12852),#12863,.F.);
#12852 = FACE_BOUND('',#12853,.F.);
#12853 = EDGE_LOOP('',(#12854,#12855,#12861,#12862));
#12854 = ORIENTED_EDGE('',*,*,#2876,.T.);
#12855 = ORIENTED_EDGE('',*,*,#12856,.T.);
#12856 = EDGE_CURVE('',#2865,#7193,#12857,.T.);
#12857 = LINE('',#12858,#12859);
#12858 = CARTESIAN_POINT('',(82.479661426844,11.246964933495,1.3));
#12859 = VECTOR('',#12860,1.);
#12860 = DIRECTION('',(0.,0.,-1.));
#12861 = ORIENTED_EDGE('',*,*,#7204,.F.);
#12862 = ORIENTED_EDGE('',*,*,#12837,.F.);
#12863 = SURFACE_OF_LINEAR_EXTRUSION('',#12864,#12868);
#12864 = B_SPLINE_CURVE_WITH_KNOTS('',2,(#12865,#12866,#12867),
  .UNSPECIFIED.,.F.,.F.,(3,3),(0.,1.),.PIECEWISE_BEZIER_KNOTS.);
#12865 = CARTESIAN_POINT('',(82.479661426844,11.246964933495,1.3));
#12866 = CARTESIAN_POINT('',(82.622055622733,11.365368802902,1.3));
#12867 = CARTESIAN_POINT('',(82.680870616687,11.568125755744,1.3));
#12868 = VECTOR('',#12869,1.);
#12869 = DIRECTION('',(-0.,0.,1.));
#12870 = ADVANCED_FACE('',(#12871),#12882,.F.);
#12871 = FACE_BOUND('',#12872,.F.);
#12872 = EDGE_LOOP('',(#12873,#12874,#12880,#12881));
#12873 = ORIENTED_EDGE('',*,*,#2864,.T.);
#12874 = ORIENTED_EDGE('',*,*,#12875,.T.);
#12875 = EDGE_CURVE('',#2853,#7181,#12876,.T.);
#12876 = LINE('',#12877,#12878);
#12877 = CARTESIAN_POINT('',(81.992116082225,11.128561064087,1.3));
#12878 = VECTOR('',#12879,1.);
#12879 = DIRECTION('',(0.,0.,-1.));
#12880 = ORIENTED_EDGE('',*,*,#7192,.F.);
#12881 = ORIENTED_EDGE('',*,*,#12856,.F.);
#12882 = SURFACE_OF_LINEAR_EXTRUSION('',#12883,#12887);
#12883 = B_SPLINE_CURVE_WITH_KNOTS('',2,(#12884,#12885,#12886),
  .UNSPECIFIED.,.F.,.F.,(3,3),(0.,1.),.PIECEWISE_BEZIER_KNOTS.);
#12884 = CARTESIAN_POINT('',(81.992116082225,11.128561064087,1.3));
#12885 = CARTESIAN_POINT('',(82.313276904474,11.151777509069,1.3));
#12886 = CARTESIAN_POINT('',(82.479661426844,11.246964933495,1.3));
#12887 = VECTOR('',#12888,1.);
#12888 = DIRECTION('',(-0.,0.,1.));
#12889 = ADVANCED_FACE('',(#12890),#12901,.F.);
#12890 = FACE_BOUND('',#12891,.F.);
#12891 = EDGE_LOOP('',(#12892,#12893,#12899,#12900));
#12892 = ORIENTED_EDGE('',*,*,#2852,.T.);
#12893 = ORIENTED_EDGE('',*,*,#12894,.T.);
#12894 = EDGE_CURVE('',#2845,#7173,#12895,.T.);
#12895 = LINE('',#12896,#12897);
#12896 = CARTESIAN_POINT('',(81.551777509069,11.080580411125,1.3));
#12897 = VECTOR('',#12898,1.);
#12898 = DIRECTION('',(0.,0.,-1.));
#12899 = ORIENTED_EDGE('',*,*,#7180,.F.);
#12900 = ORIENTED_EDGE('',*,*,#12875,.F.);
#12901 = SURFACE_OF_LINEAR_EXTRUSION('',#12902,#12906);
#12902 = B_SPLINE_CURVE_WITH_KNOTS('',2,(#12903,#12904,#12905),
  .UNSPECIFIED.,.F.,.F.,(3,3),(0.,1.),.PIECEWISE_BEZIER_KNOTS.);
#12903 = CARTESIAN_POINT('',(81.551777509069,11.080580411125,1.3));
#12904 = CARTESIAN_POINT('',(81.670955259976,11.104570737606,1.3));
#12905 = CARTESIAN_POINT('',(81.992116082225,11.128561064087,1.3));
#12906 = VECTOR('',#12907,1.);
#12907 = DIRECTION('',(-0.,0.,1.));
#12908 = ADVANCED_FACE('',(#12909),#12920,.F.);
#12909 = FACE_BOUND('',#12910,.F.);
#12910 = EDGE_LOOP('',(#12911,#12912,#12918,#12919));
#12911 = ORIENTED_EDGE('',*,*,#2844,.T.);
#12912 = ORIENTED_EDGE('',*,*,#12913,.T.);
#12913 = EDGE_CURVE('',#2832,#7160,#12914,.T.);
#12914 = LINE('',#12915,#12916);
#12915 = CARTESIAN_POINT('',(80.41107617896,11.080580411125,1.3));
#12916 = VECTOR('',#12917,1.);
#12917 = DIRECTION('',(0.,0.,-1.));
#12918 = ORIENTED_EDGE('',*,*,#7172,.F.);
#12919 = ORIENTED_EDGE('',*,*,#12894,.F.);
#12920 = PLANE('',#12921);
#12921 = AXIS2_PLACEMENT_3D('',#12922,#12923,#12924);
#12922 = CARTESIAN_POINT('',(80.41107617896,11.080580411125,1.3));
#12923 = DIRECTION('',(0.,-1.,0.));
#12924 = DIRECTION('',(1.,0.,0.));
#12925 = ADVANCED_FACE('',(#12926),#12937,.F.);
#12926 = FACE_BOUND('',#12927,.F.);
#12927 = EDGE_LOOP('',(#12928,#12929,#12935,#12936));
#12928 = ORIENTED_EDGE('',*,*,#2831,.T.);
#12929 = ORIENTED_EDGE('',*,*,#12930,.T.);
#12930 = EDGE_CURVE('',#2824,#7152,#12931,.T.);
#12931 = LINE('',#12932,#12933);
#12932 = CARTESIAN_POINT('',(79.388778718259,11.056590084643,1.3));
#12933 = VECTOR('',#12934,1.);
#12934 = DIRECTION('',(0.,0.,-1.));
#12935 = ORIENTED_EDGE('',*,*,#7159,.F.);
#12936 = ORIENTED_EDGE('',*,*,#12913,.F.);
#12937 = SURFACE_OF_LINEAR_EXTRUSION('',#12938,#12942);
#12938 = B_SPLINE_CURVE_WITH_KNOTS('',2,(#12939,#12940,#12941),
  .UNSPECIFIED.,.F.,.F.,(3,3),(0.,1.),.PIECEWISE_BEZIER_KNOTS.);
#12939 = CARTESIAN_POINT('',(79.388778718259,11.056590084643,1.3));
#12940 = CARTESIAN_POINT('',(79.74553808948,11.080580411125,1.3));
#12941 = CARTESIAN_POINT('',(80.41107617896,11.080580411125,1.3));
#12942 = VECTOR('',#12943,1.);
#12943 = DIRECTION('',(-0.,0.,1.));
#12944 = ADVANCED_FACE('',(#12945),#12956,.F.);
#12945 = FACE_BOUND('',#12946,.F.);
#12946 = EDGE_LOOP('',(#12947,#12948,#12954,#12955));
#12947 = ORIENTED_EDGE('',*,*,#2823,.T.);
#12948 = ORIENTED_EDGE('',*,*,#12949,.T.);
#12949 = EDGE_CURVE('',#2807,#7135,#12950,.T.);
#12950 = LINE('',#12951,#12952);
#12951 = CARTESIAN_POINT('',(76.607448609432,11.032599758162,1.3));
#12952 = VECTOR('',#12953,1.);
#12953 = DIRECTION('',(0.,0.,-1.));
#12954 = ORIENTED_EDGE('',*,*,#7151,.F.);
#12955 = ORIENTED_EDGE('',*,*,#12930,.F.);
#12956 = PLANE('',#12957);
#12957 = AXIS2_PLACEMENT_3D('',#12958,#12959,#12960);
#12958 = CARTESIAN_POINT('',(76.607448609432,11.032599758162,1.3));
#12959 = DIRECTION('',(8.625166076645E-03,-0.999962802563,0.));
#12960 = DIRECTION('',(0.999962802563,8.625166076645E-03,0.));
#12961 = ADVANCED_FACE('',(#12962),#12973,.F.);
#12962 = FACE_BOUND('',#12963,.F.);
#12963 = EDGE_LOOP('',(#12964,#12965,#12971,#12972));
#12964 = ORIENTED_EDGE('',*,*,#2806,.T.);
#12965 = ORIENTED_EDGE('',*,*,#12966,.T.);
#12966 = EDGE_CURVE('',#2786,#7114,#12967,.T.);
#12967 = LINE('',#12968,#12969);
#12968 = CARTESIAN_POINT('',(76.060314389359,11.912503022975,1.3));
#12969 = VECTOR('',#12970,1.);
#12970 = DIRECTION('',(0.,0.,-1.));
#12971 = ORIENTED_EDGE('',*,*,#7134,.F.);
#12972 = ORIENTED_EDGE('',*,*,#12949,.F.);
#12973 = SURFACE_OF_LINEAR_EXTRUSION('',#12974,#12978);
#12974 = B_SPLINE_CURVE_WITH_KNOTS('',2,(#12975,#12976,#12977),
  .UNSPECIFIED.,.F.,.F.,(3,3),(0.,1.),.PIECEWISE_BEZIER_KNOTS.);
#12975 = CARTESIAN_POINT('',(76.060314389359,11.912503022975,1.3));
#12976 = CARTESIAN_POINT('',(76.226698911729,11.222974607013,1.3));
#12977 = CARTESIAN_POINT('',(76.607448609432,11.032599758162,1.3));
#12978 = VECTOR('',#12979,1.);
#12979 = DIRECTION('',(-0.,0.,1.));
#12980 = ADVANCED_FACE('',(#12981),#12992,.F.);
#12981 = FACE_BOUND('',#12982,.F.);
#12982 = EDGE_LOOP('',(#12983,#12984,#12990,#12991));
#12983 = ORIENTED_EDGE('',*,*,#2785,.T.);
#12984 = ORIENTED_EDGE('',*,*,#12985,.T.);
#12985 = EDGE_CURVE('',#2765,#7093,#12986,.T.);
#12986 = LINE('',#12987,#12988);
#12987 = CARTESIAN_POINT('',(75.703555018138,16.072889963724,1.3));
#12988 = VECTOR('',#12989,1.);
#12989 = DIRECTION('',(0.,0.,-1.));
#12990 = ORIENTED_EDGE('',*,*,#7113,.F.);
#12991 = ORIENTED_EDGE('',*,*,#12966,.F.);
#12992 = SURFACE_OF_LINEAR_EXTRUSION('',#12993,#12997);
#12993 = B_SPLINE_CURVE_WITH_KNOTS('',2,(#12994,#12995,#12996),
  .UNSPECIFIED.,.F.,.F.,(3,3),(0.,1.),.PIECEWISE_BEZIER_KNOTS.);
#12994 = CARTESIAN_POINT('',(75.703555018138,16.072889963724,1.3));
#12995 = CARTESIAN_POINT('',(75.7515356711,13.196372430472,1.3));
#12996 = CARTESIAN_POINT('',(76.060314389359,11.912503022975,1.3));
#12997 = VECTOR('',#12998,1.);
#12998 = DIRECTION('',(-0.,0.,1.));
#12999 = ADVANCED_FACE('',(#13000),#13011,.F.);
#13000 = FACE_BOUND('',#13001,.F.);
#13001 = EDGE_LOOP('',(#13002,#13003,#13009,#13010));
#13002 = ORIENTED_EDGE('',*,*,#2764,.T.);
#13003 = ORIENTED_EDGE('',*,*,#13004,.T.);
#13004 = EDGE_CURVE('',#2757,#7085,#13005,.T.);
#13005 = LINE('',#13006,#13007);
#13006 = CARTESIAN_POINT('',(75.632357920193,18.807013301088,1.3));
#13007 = VECTOR('',#13008,1.);
#13008 = DIRECTION('',(0.,0.,-1.));
#13009 = ORIENTED_EDGE('',*,*,#7092,.F.);
#13010 = ORIENTED_EDGE('',*,*,#12985,.F.);
#13011 = SURFACE_OF_LINEAR_EXTRUSION('',#13012,#13016);
#13012 = B_SPLINE_CURVE_WITH_KNOTS('',2,(#13013,#13014,#13015),
  .UNSPECIFIED.,.F.,.F.,(3,3),(0.,1.),.PIECEWISE_BEZIER_KNOTS.);
#13013 = CARTESIAN_POINT('',(75.632357920193,18.807013301088,1.3));
#13014 = CARTESIAN_POINT('',(75.703555018138,17.855912938331,1.3));
#13015 = CARTESIAN_POINT('',(75.703555018138,16.072889963724,1.3));
#13016 = VECTOR('',#13017,1.);
#13017 = DIRECTION('',(-0.,0.,1.));
#13018 = ADVANCED_FACE('',(#13019),#13030,.F.);
#13019 = FACE_BOUND('',#13020,.F.);
#13020 = EDGE_LOOP('',(#13021,#13022,#13028,#13029));
#13021 = ORIENTED_EDGE('',*,*,#2756,.T.);
#13022 = ORIENTED_EDGE('',*,*,#13023,.T.);
#13023 = EDGE_CURVE('',#2749,#7077,#13024,.T.);
#13024 = LINE('',#13025,#13026);
#13025 = CARTESIAN_POINT('',(75.537170495768,19.82931076179,1.3));
#13026 = VECTOR('',#13027,1.);
#13027 = DIRECTION('',(0.,0.,-1.));
#13028 = ORIENTED_EDGE('',*,*,#7084,.F.);
#13029 = ORIENTED_EDGE('',*,*,#13004,.F.);
#13030 = PLANE('',#13031);
#13031 = AXIS2_PLACEMENT_3D('',#13032,#13033,#13034);
#13032 = CARTESIAN_POINT('',(75.537170495768,19.82931076179,1.3));
#13033 = DIRECTION('',(-0.995693129177,-9.271026108158E-02,0.));
#13034 = DIRECTION('',(9.271026108158E-02,-0.995693129177,0.));
#13035 = ADVANCED_FACE('',(#13036),#13047,.F.);
#13036 = FACE_BOUND('',#13037,.F.);
#13037 = EDGE_LOOP('',(#13038,#13039,#13045,#13046));
#13038 = ORIENTED_EDGE('',*,*,#2748,.T.);
#13039 = ORIENTED_EDGE('',*,*,#13040,.T.);
#13040 = EDGE_CURVE('',#2736,#7064,#13041,.T.);
#13041 = LINE('',#13042,#13043);
#13042 = CARTESIAN_POINT('',(75.537170495768,20.399661426844,1.3));
#13043 = VECTOR('',#13044,1.);
#13044 = DIRECTION('',(0.,0.,-1.));
#13045 = ORIENTED_EDGE('',*,*,#7076,.F.);
#13046 = ORIENTED_EDGE('',*,*,#13023,.F.);
#13047 = PLANE('',#13048);
#13048 = AXIS2_PLACEMENT_3D('',#13049,#13050,#13051);
#13049 = CARTESIAN_POINT('',(75.537170495768,20.399661426844,1.3));
#13050 = DIRECTION('',(-1.,0.,0.));
#13051 = DIRECTION('',(0.,-1.,0.));
#13052 = ADVANCED_FACE('',(#13053),#13064,.F.);
#13053 = FACE_BOUND('',#13054,.F.);
#13054 = EDGE_LOOP('',(#13055,#13056,#13062,#13063));
#13055 = ORIENTED_EDGE('',*,*,#2735,.T.);
#13056 = ORIENTED_EDGE('',*,*,#13057,.T.);
#13057 = EDGE_CURVE('',#2728,#7056,#13058,.T.);
#13058 = LINE('',#13059,#13060);
#13059 = CARTESIAN_POINT('',(75.58515114873,21.231584038694,1.3));
#13060 = VECTOR('',#13061,1.);
#13061 = DIRECTION('',(0.,0.,-1.));
#13062 = ORIENTED_EDGE('',*,*,#7063,.F.);
#13063 = ORIENTED_EDGE('',*,*,#13040,.F.);
#13064 = SURFACE_OF_LINEAR_EXTRUSION('',#13065,#13069);
#13065 = B_SPLINE_CURVE_WITH_KNOTS('',2,(#13066,#13067,#13068),
  .UNSPECIFIED.,.F.,.F.,(3,3),(0.,1.),.PIECEWISE_BEZIER_KNOTS.);
#13066 = CARTESIAN_POINT('',(75.58515114873,21.231584038694,1.3));
#13067 = CARTESIAN_POINT('',(75.58515114873,20.66123337364,1.3));
#13068 = CARTESIAN_POINT('',(75.537170495768,20.399661426844,1.3));
#13069 = VECTOR('',#13070,1.);
#13070 = DIRECTION('',(-0.,0.,1.));
#13071 = ADVANCED_FACE('',(#13072),#13088,.F.);
#13072 = FACE_BOUND('',#13073,.F.);
#13073 = EDGE_LOOP('',(#13074,#13075,#13081,#13082));
#13074 = ORIENTED_EDGE('',*,*,#2719,.T.);
#13075 = ORIENTED_EDGE('',*,*,#13076,.T.);
#13076 = EDGE_CURVE('',#2712,#7040,#13077,.T.);
#13077 = LINE('',#13078,#13079);
#13078 = CARTESIAN_POINT('',(75.656348246675,24.821620314389,1.3));
#13079 = VECTOR('',#13080,1.);
#13080 = DIRECTION('',(0.,0.,-1.));
#13081 = ORIENTED_EDGE('',*,*,#7047,.F.);
#13082 = ORIENTED_EDGE('',*,*,#13083,.F.);
#13083 = EDGE_CURVE('',#2720,#7048,#13084,.T.);
#13084 = LINE('',#13085,#13086);
#13085 = CARTESIAN_POINT('',(75.58515114873,24.726432889964,1.3));
#13086 = VECTOR('',#13087,1.);
#13087 = DIRECTION('',(0.,0.,-1.));
#13088 = PLANE('',#13089);
#13089 = AXIS2_PLACEMENT_3D('',#13090,#13091,#13092);
#13090 = CARTESIAN_POINT('',(75.656348246675,24.821620314389,1.3));
#13091 = DIRECTION('',(-0.80078057117,0.598957825591,-0.));
#13092 = DIRECTION('',(-0.598957825591,-0.80078057117,0.));
#13093 = ADVANCED_FACE('',(#13094),#13105,.F.);
#13094 = FACE_BOUND('',#13095,.F.);
#13095 = EDGE_LOOP('',(#13096,#13097,#13103,#13104));
#13096 = ORIENTED_EDGE('',*,*,#2711,.T.);
#13097 = ORIENTED_EDGE('',*,*,#13098,.T.);
#13098 = EDGE_CURVE('',#2704,#7032,#13099,.T.);
#13099 = LINE('',#13100,#13101);
#13100 = CARTESIAN_POINT('',(76.08430471584,24.797629987908,1.3));
#13101 = VECTOR('',#13102,1.);
#13102 = DIRECTION('',(0.,0.,-1.));
#13103 = ORIENTED_EDGE('',*,*,#7039,.F.);
#13104 = ORIENTED_EDGE('',*,*,#13076,.F.);
#13105 = PLANE('',#13106);
#13106 = AXIS2_PLACEMENT_3D('',#13107,#13108,#13109);
#13107 = CARTESIAN_POINT('',(76.08430471584,24.797629987908,1.3));
#13108 = DIRECTION('',(5.596999275206E-02,0.998432451351,0.));
#13109 = DIRECTION('',(-0.998432451351,5.596999275206E-02,-0.));
#13110 = ADVANCED_FACE('',(#13111),#13122,.F.);
#13111 = FACE_BOUND('',#13112,.F.);
#13112 = EDGE_LOOP('',(#13113,#13114,#13120,#13121));
#13113 = ORIENTED_EDGE('',*,*,#2703,.T.);
#13114 = ORIENTED_EDGE('',*,*,#13115,.T.);
#13115 = EDGE_CURVE('',#2683,#7011,#13116,.T.);
#13116 = LINE('',#13117,#13118);
#13117 = CARTESIAN_POINT('',(76.559467956469,24.797629987908,1.3));
#13118 = VECTOR('',#13119,1.);
#13119 = DIRECTION('',(0.,0.,-1.));
#13120 = ORIENTED_EDGE('',*,*,#7031,.F.);
#13121 = ORIENTED_EDGE('',*,*,#13098,.F.);
#13122 = PLANE('',#13123);
#13123 = AXIS2_PLACEMENT_3D('',#13124,#13125,#13126);
#13124 = CARTESIAN_POINT('',(76.559467956469,24.797629987908,1.3));
#13125 = DIRECTION('',(0.,1.,0.));
#13126 = DIRECTION('',(-1.,0.,0.));
#13127 = ADVANCED_FACE('',(#13128),#13139,.F.);
#13128 = FACE_BOUND('',#13129,.F.);
#13129 = EDGE_LOOP('',(#13130,#13131,#13137,#13138));
#13130 = ORIENTED_EDGE('',*,*,#2682,.T.);
#13131 = ORIENTED_EDGE('',*,*,#13132,.T.);
#13132 = EDGE_CURVE('',#2669,#6997,#13133,.T.);
#13133 = LINE('',#13134,#13135);
#13134 = CARTESIAN_POINT('',(77.676952841596,24.750423216445,1.3));
#13135 = VECTOR('',#13136,1.);
#13136 = DIRECTION('',(0.,0.,-1.));
#13137 = ORIENTED_EDGE('',*,*,#7010,.F.);
#13138 = ORIENTED_EDGE('',*,*,#13115,.F.);
#13139 = SURFACE_OF_LINEAR_EXTRUSION('',#13140,#13144);
#13140 = B_SPLINE_CURVE_WITH_KNOTS('',2,(#13141,#13142,#13143),
  .UNSPECIFIED.,.F.,.F.,(3,3),(0.,1.),.PIECEWISE_BEZIER_KNOTS.);
#13141 = CARTESIAN_POINT('',(77.676952841596,24.750423216445,1.3));
#13142 = CARTESIAN_POINT('',(77.320193470375,24.797629987908,1.3));
#13143 = CARTESIAN_POINT('',(76.559467956469,24.797629987908,1.3));
#13144 = VECTOR('',#13145,1.);
#13145 = DIRECTION('',(-0.,0.,1.));
#13146 = ADVANCED_FACE('',(#13147),#13158,.F.);
#13147 = FACE_BOUND('',#13148,.F.);
#13148 = EDGE_LOOP('',(#13149,#13150,#13156,#13157));
#13149 = ORIENTED_EDGE('',*,*,#2668,.T.);
#13150 = ORIENTED_EDGE('',*,*,#13151,.T.);
#13151 = EDGE_CURVE('',#2661,#6989,#13152,.T.);
#13152 = LINE('',#13153,#13154);
#13153 = CARTESIAN_POINT('',(78.794437726723,24.726432889964,1.3));
#13154 = VECTOR('',#13155,1.);
#13155 = DIRECTION('',(0.,0.,-1.));
#13156 = ORIENTED_EDGE('',*,*,#6996,.F.);
#13157 = ORIENTED_EDGE('',*,*,#13132,.F.);
#13158 = SURFACE_OF_LINEAR_EXTRUSION('',#13159,#13163);
#13159 = B_SPLINE_CURVE_WITH_KNOTS('',2,(#13160,#13161,#13162),
  .UNSPECIFIED.,.F.,.F.,(3,3),(0.,1.),.PIECEWISE_BEZIER_KNOTS.);
#13160 = CARTESIAN_POINT('',(78.794437726723,24.726432889964,1.3));
#13161 = CARTESIAN_POINT('',(78.033712212817,24.726432889964,1.3));
#13162 = CARTESIAN_POINT('',(77.676952841596,24.750423216445,1.3));
#13163 = VECTOR('',#13164,1.);
#13164 = DIRECTION('',(-0.,0.,1.));
#13165 = ADVANCED_FACE('',(#13166),#13177,.F.);
#13166 = FACE_BOUND('',#13167,.F.);
#13167 = EDGE_LOOP('',(#13168,#13169,#13175,#13176));
#13168 = ORIENTED_EDGE('',*,*,#2660,.T.);
#13169 = ORIENTED_EDGE('',*,*,#13170,.T.);
#13170 = EDGE_CURVE('',#2653,#6981,#13171,.T.);
#13171 = LINE('',#13172,#13173);
#13172 = CARTESIAN_POINT('',(79.032019347037,24.750423216445,1.3));
#13173 = VECTOR('',#13174,1.);
#13174 = DIRECTION('',(0.,0.,-1.));
#13175 = ORIENTED_EDGE('',*,*,#6988,.F.);
#13176 = ORIENTED_EDGE('',*,*,#13151,.F.);
#13177 = PLANE('',#13178);
#13178 = AXIS2_PLACEMENT_3D('',#13179,#13180,#13181);
#13179 = CARTESIAN_POINT('',(79.032019347037,24.750423216445,1.3));
#13180 = DIRECTION('',(-0.100466300698,0.994940461748,-0.));
#13181 = DIRECTION('',(-0.994940461748,-0.100466300698,0.));
#13182 = ADVANCED_FACE('',(#13183),#13194,.F.);
#13183 = FACE_BOUND('',#13184,.F.);
#13184 = EDGE_LOOP('',(#13185,#13186,#13192,#13193));
#13185 = ORIENTED_EDGE('',*,*,#2652,.T.);
#13186 = ORIENTED_EDGE('',*,*,#13187,.T.);
#13187 = EDGE_CURVE('',#2643,#6971,#13188,.T.);
#13188 = LINE('',#13189,#13190);
#13189 = CARTESIAN_POINT('',(79.555163240629,24.750423216445,1.3));
#13190 = VECTOR('',#13191,1.);
#13191 = DIRECTION('',(0.,0.,-1.));
#13192 = ORIENTED_EDGE('',*,*,#6980,.F.);
#13193 = ORIENTED_EDGE('',*,*,#13170,.F.);
#13194 = PLANE('',#13195);
#13195 = AXIS2_PLACEMENT_3D('',#13196,#13197,#13198);
#13196 = CARTESIAN_POINT('',(79.555163240629,24.750423216445,1.3));
#13197 = DIRECTION('',(0.,1.,0.));
#13198 = DIRECTION('',(-1.,0.,0.));
#13199 = ADVANCED_FACE('',(#13200),#13211,.F.);
#13200 = FACE_BOUND('',#13201,.F.);
#13201 = EDGE_LOOP('',(#13202,#13203,#13209,#13210));
#13202 = ORIENTED_EDGE('',*,*,#2642,.T.);
#13203 = ORIENTED_EDGE('',*,*,#13204,.T.);
#13204 = EDGE_CURVE('',#2633,#6961,#13205,.T.);
#13205 = LINE('',#13206,#13207);
#13206 = CARTESIAN_POINT('',(79.863941958888,24.774413542926,1.3));
#13207 = VECTOR('',#13208,1.);
#13208 = DIRECTION('',(0.,0.,-1.));
#13209 = ORIENTED_EDGE('',*,*,#6970,.F.);
#13210 = ORIENTED_EDGE('',*,*,#13187,.F.);
#13211 = SURFACE_OF_LINEAR_EXTRUSION('',#13212,#13216);
#13212 = B_SPLINE_CURVE_WITH_KNOTS('',2,(#13213,#13214,#13215),
  .UNSPECIFIED.,.F.,.F.,(3,3),(0.,1.),.PIECEWISE_BEZIER_KNOTS.);
#13213 = CARTESIAN_POINT('',(79.863941958888,24.774413542926,1.3));
#13214 = CARTESIAN_POINT('',(79.697557436518,24.750423216445,1.3));
#13215 = CARTESIAN_POINT('',(79.555163240629,24.750423216445,1.3));
#13216 = VECTOR('',#13217,1.);
#13217 = DIRECTION('',(-0.,0.,1.));
#13218 = ADVANCED_FACE('',(#13219),#13230,.F.);
#13219 = FACE_BOUND('',#13220,.F.);
#13220 = EDGE_LOOP('',(#13221,#13222,#13228,#13229));
#13221 = ORIENTED_EDGE('',*,*,#2632,.T.);
#13222 = ORIENTED_EDGE('',*,*,#13223,.T.);
#13223 = EDGE_CURVE('',#2612,#6940,#13224,.T.);
#13224 = LINE('',#13225,#13226);
#13225 = CARTESIAN_POINT('',(80.220701330109,24.797629987908,1.3));
#13226 = VECTOR('',#13227,1.);
#13227 = DIRECTION('',(0.,0.,-1.));
#13228 = ORIENTED_EDGE('',*,*,#6960,.F.);
#13229 = ORIENTED_EDGE('',*,*,#13204,.F.);
#13230 = SURFACE_OF_LINEAR_EXTRUSION('',#13231,#13235);
#13231 = B_SPLINE_CURVE_WITH_KNOTS('',2,(#13232,#13233,#13234),
  .UNSPECIFIED.,.F.,.F.,(3,3),(0.,1.),.PIECEWISE_BEZIER_KNOTS.);
#13232 = CARTESIAN_POINT('',(80.220701330109,24.797629987908,1.3));
#13233 = CARTESIAN_POINT('',(80.030326481258,24.797629987908,1.3));
#13234 = CARTESIAN_POINT('',(79.863941958888,24.774413542926,1.3));
#13235 = VECTOR('',#13236,1.);
#13236 = DIRECTION('',(-0.,0.,1.));
#13237 = ADVANCED_FACE('',(#13238),#13249,.F.);
#13238 = FACE_BOUND('',#13239,.F.);
#13239 = EDGE_LOOP('',(#13240,#13241,#13247,#13248));
#13240 = ORIENTED_EDGE('',*,*,#2611,.T.);
#13241 = ORIENTED_EDGE('',*,*,#13242,.T.);
#13242 = EDGE_CURVE('',#2604,#6932,#13243,.T.);
#13243 = LINE('',#13244,#13245);
#13244 = CARTESIAN_POINT('',(81.457363966143,24.892817412334,1.3));
#13245 = VECTOR('',#13246,1.);
#13246 = DIRECTION('',(0.,0.,-1.));
#13247 = ORIENTED_EDGE('',*,*,#6939,.F.);
#13248 = ORIENTED_EDGE('',*,*,#13223,.F.);
#13249 = SURFACE_OF_LINEAR_EXTRUSION('',#13250,#13254);
#13250 = B_SPLINE_CURVE_WITH_KNOTS('',2,(#13251,#13252,#13253),
  .UNSPECIFIED.,.F.,.F.,(3,3),(0.,1.),.PIECEWISE_BEZIER_KNOTS.);
#13251 = CARTESIAN_POINT('',(81.457363966143,24.892817412334,1.3));
#13252 = CARTESIAN_POINT('',(81.100604594921,24.845610640871,1.3));
#13253 = CARTESIAN_POINT('',(80.220701330109,24.797629987908,1.3));
#13254 = VECTOR('',#13255,1.);
#13255 = DIRECTION('',(-0.,0.,1.));
#13256 = ADVANCED_FACE('',(#13257),#13263,.F.);
#13257 = FACE_BOUND('',#13258,.F.);
#13258 = EDGE_LOOP('',(#13259,#13260,#13261,#13262));
#13259 = ORIENTED_EDGE('',*,*,#2603,.T.);
#13260 = ORIENTED_EDGE('',*,*,#12289,.T.);
#13261 = ORIENTED_EDGE('',*,*,#6931,.F.);
#13262 = ORIENTED_EDGE('',*,*,#13242,.F.);
#13263 = PLANE('',#13264);
#13264 = AXIS2_PLACEMENT_3D('',#13265,#13266,#13267);
#13265 = CARTESIAN_POINT('',(81.837339782346,24.892817412334,1.3));
#13266 = DIRECTION('',(0.,1.,0.));
#13267 = DIRECTION('',(-1.,0.,0.));
#13268 = ADVANCED_FACE('',(#13269),#13285,.F.);
#13269 = FACE_BOUND('',#13270,.F.);
#13270 = EDGE_LOOP('',(#13271,#13272,#13278,#13279));
#13271 = ORIENTED_EDGE('',*,*,#3217,.T.);
#13272 = ORIENTED_EDGE('',*,*,#13273,.T.);
#13273 = EDGE_CURVE('',#3220,#7548,#13274,.T.);
#13274 = LINE('',#13275,#13276);
#13275 = CARTESIAN_POINT('',(11.455912938331,24.845610640871,1.3));
#13276 = VECTOR('',#13277,1.);
#13277 = DIRECTION('',(0.,0.,-1.));
#13278 = ORIENTED_EDGE('',*,*,#7545,.F.);
#13279 = ORIENTED_EDGE('',*,*,#13280,.F.);
#13280 = EDGE_CURVE('',#3218,#7546,#13281,.T.);
#13281 = LINE('',#13282,#13283);
#13282 = CARTESIAN_POINT('',(11.027956469166,24.369673518742,1.3));
#13283 = VECTOR('',#13284,1.);
#13284 = DIRECTION('',(0.,0.,-1.));
#13285 = SURFACE_OF_LINEAR_EXTRUSION('',#13286,#13290);
#13286 = B_SPLINE_CURVE_WITH_KNOTS('',2,(#13287,#13288,#13289),
  .UNSPECIFIED.,.F.,.F.,(3,3),(0.,1.),.PIECEWISE_BEZIER_KNOTS.);
#13287 = CARTESIAN_POINT('',(11.455912938331,24.845610640871,1.3));
#13288 = CARTESIAN_POINT('',(11.146360338573,24.845610640871,1.3));
#13289 = CARTESIAN_POINT('',(11.027956469166,24.369673518742,1.3));
#13290 = VECTOR('',#13291,1.);
#13291 = DIRECTION('',(-0.,0.,1.));
#13292 = ADVANCED_FACE('',(#13293),#13304,.F.);
#13293 = FACE_BOUND('',#13294,.F.);
#13294 = EDGE_LOOP('',(#13295,#13296,#13302,#13303));
#13295 = ORIENTED_EDGE('',*,*,#4311,.T.);
#13296 = ORIENTED_EDGE('',*,*,#13297,.T.);
#13297 = EDGE_CURVE('',#4300,#8628,#13298,.T.);
#13298 = LINE('',#13299,#13300);
#13299 = CARTESIAN_POINT('',(11.740701330109,24.845610640871,1.3));
#13300 = VECTOR('',#13301,1.);
#13301 = DIRECTION('',(0.,0.,-1.));
#13302 = ORIENTED_EDGE('',*,*,#8639,.F.);
#13303 = ORIENTED_EDGE('',*,*,#13273,.F.);
#13304 = PLANE('',#13305);
#13305 = AXIS2_PLACEMENT_3D('',#13306,#13307,#13308);
#13306 = CARTESIAN_POINT('',(11.740701330109,24.845610640871,1.3));
#13307 = DIRECTION('',(0.,1.,0.));
#13308 = DIRECTION('',(-1.,0.,0.));
#13309 = ADVANCED_FACE('',(#13310),#13321,.F.);
#13310 = FACE_BOUND('',#13311,.F.);
#13311 = EDGE_LOOP('',(#13312,#13313,#13319,#13320));
#13312 = ORIENTED_EDGE('',*,*,#4299,.T.);
#13313 = ORIENTED_EDGE('',*,*,#13314,.T.);
#13314 = EDGE_CURVE('',#4292,#8620,#13315,.T.);
#13315 = LINE('',#13316,#13317);
#13316 = CARTESIAN_POINT('',(12.287835550181,24.821620314389,1.3));
#13317 = VECTOR('',#13318,1.);
#13318 = DIRECTION('',(0.,0.,-1.));
#13319 = ORIENTED_EDGE('',*,*,#8627,.F.);
#13320 = ORIENTED_EDGE('',*,*,#13297,.F.);
#13321 = SURFACE_OF_LINEAR_EXTRUSION('',#13322,#13326);
#13322 = B_SPLINE_CURVE_WITH_KNOTS('',2,(#13323,#13324,#13325),
  .UNSPECIFIED.,.F.,.F.,(3,3),(0.,1.),.PIECEWISE_BEZIER_KNOTS.);
#13323 = CARTESIAN_POINT('',(12.287835550181,24.821620314389,1.3));
#13324 = CARTESIAN_POINT('',(12.09746070133,24.845610640871,1.3));
#13325 = CARTESIAN_POINT('',(11.740701330109,24.845610640871,1.3));
#13326 = VECTOR('',#13327,1.);
#13327 = DIRECTION('',(-0.,0.,1.));
#13328 = ADVANCED_FACE('',(#13329),#13340,.F.);
#13329 = FACE_BOUND('',#13330,.F.);
#13330 = EDGE_LOOP('',(#13331,#13332,#13338,#13339));
#13331 = ORIENTED_EDGE('',*,*,#4291,.T.);
#13332 = ORIENTED_EDGE('',*,*,#13333,.T.);
#13333 = EDGE_CURVE('',#4271,#8599,#13334,.T.);
#13334 = LINE('',#13335,#13336);
#13335 = CARTESIAN_POINT('',(12.905392986699,24.821620314389,1.3));
#13336 = VECTOR('',#13337,1.);
#13337 = DIRECTION('',(0.,0.,-1.));
#13338 = ORIENTED_EDGE('',*,*,#8619,.F.);
#13339 = ORIENTED_EDGE('',*,*,#13314,.F.);
#13340 = PLANE('',#13341);
#13341 = AXIS2_PLACEMENT_3D('',#13342,#13343,#13344);
#13342 = CARTESIAN_POINT('',(12.905392986699,24.821620314389,1.3));
#13343 = DIRECTION('',(0.,1.,0.));
#13344 = DIRECTION('',(-1.,0.,0.));
#13345 = ADVANCED_FACE('',(#13346),#13357,.F.);
#13346 = FACE_BOUND('',#13347,.F.);
#13347 = EDGE_LOOP('',(#13348,#13349,#13355,#13356));
#13348 = ORIENTED_EDGE('',*,*,#4270,.T.);
#13349 = ORIENTED_EDGE('',*,*,#13350,.T.);
#13350 = EDGE_CURVE('',#4263,#8591,#13351,.T.);
#13351 = LINE('',#13352,#13353);
#13352 = CARTESIAN_POINT('',(13.975671100363,24.797629987908,1.3));
#13353 = VECTOR('',#13354,1.);
#13354 = DIRECTION('',(0.,0.,-1.));
#13355 = ORIENTED_EDGE('',*,*,#8598,.F.);
#13356 = ORIENTED_EDGE('',*,*,#13333,.F.);
#13357 = SURFACE_OF_LINEAR_EXTRUSION('',#13358,#13362);
#13358 = B_SPLINE_CURVE_WITH_KNOTS('',2,(#13359,#13360,#13361),
  .UNSPECIFIED.,.F.,.F.,(3,3),(0.,1.),.PIECEWISE_BEZIER_KNOTS.);
#13359 = CARTESIAN_POINT('',(13.975671100363,24.797629987908,1.3));
#13360 = CARTESIAN_POINT('',(13.714099153567,24.821620314389,1.3));
#13361 = CARTESIAN_POINT('',(12.905392986699,24.821620314389,1.3));
#13362 = VECTOR('',#13363,1.);
#13363 = DIRECTION('',(-0.,0.,1.));
#13364 = ADVANCED_FACE('',(#13365),#13381,.F.);
#13365 = FACE_BOUND('',#13366,.F.);
#13366 = EDGE_LOOP('',(#13367,#13368,#13374,#13375));
#13367 = ORIENTED_EDGE('',*,*,#4251,.T.);
#13368 = ORIENTED_EDGE('',*,*,#13369,.T.);
#13369 = EDGE_CURVE('',#4244,#8572,#13370,.T.);
#13370 = LINE('',#13371,#13372);
#13371 = CARTESIAN_POINT('',(16.709794437727,24.750423216445,1.3));
#13372 = VECTOR('',#13373,1.);
#13373 = DIRECTION('',(0.,0.,-1.));
#13374 = ORIENTED_EDGE('',*,*,#8579,.F.);
#13375 = ORIENTED_EDGE('',*,*,#13376,.F.);
#13376 = EDGE_CURVE('',#4252,#8580,#13377,.T.);
#13377 = LINE('',#13378,#13379);
#13378 = CARTESIAN_POINT('',(16.471438935913,24.797629987908,1.3));
#13379 = VECTOR('',#13380,1.);
#13380 = DIRECTION('',(0.,0.,-1.));
#13381 = SURFACE_OF_LINEAR_EXTRUSION('',#13382,#13386);
#13382 = B_SPLINE_CURVE_WITH_KNOTS('',2,(#13383,#13384,#13385),
  .UNSPECIFIED.,.F.,.F.,(3,3),(0.,1.),.PIECEWISE_BEZIER_KNOTS.);
#13383 = CARTESIAN_POINT('',(16.709794437727,24.750423216445,1.3));
#13384 = CARTESIAN_POINT('',(16.614607013301,24.797629987908,1.3));
#13385 = CARTESIAN_POINT('',(16.471438935913,24.797629987908,1.3));
#13386 = VECTOR('',#13387,1.);
#13387 = DIRECTION('',(-0.,0.,1.));
#13388 = ADVANCED_FACE('',(#13389),#13405,.F.);
#13389 = FACE_BOUND('',#13390,.F.);
#13390 = EDGE_LOOP('',(#13391,#13392,#13398,#13399));
#13391 = ORIENTED_EDGE('',*,*,#4235,.T.);
#13392 = ORIENTED_EDGE('',*,*,#13393,.T.);
#13393 = EDGE_CURVE('',#4223,#8551,#13394,.T.);
#13394 = LINE('',#13395,#13396);
#13395 = CARTESIAN_POINT('',(18.516033857316,24.702442563482,1.3));
#13396 = VECTOR('',#13397,1.);
#13397 = DIRECTION('',(0.,0.,-1.));
#13398 = ORIENTED_EDGE('',*,*,#8563,.F.);
#13399 = ORIENTED_EDGE('',*,*,#13400,.F.);
#13400 = EDGE_CURVE('',#4236,#8564,#13401,.T.);
#13401 = LINE('',#13402,#13403);
#13402 = CARTESIAN_POINT('',(17.446529625151,24.750423216445,1.3));
#13403 = VECTOR('',#13404,1.);
#13404 = DIRECTION('',(0.,0.,-1.));
#13405 = PLANE('',#13406);
#13406 = AXIS2_PLACEMENT_3D('',#13407,#13408,#13409);
#13407 = CARTESIAN_POINT('',(18.516033857316,24.702442563482,1.3));
#13408 = DIRECTION('',(4.481743994983E-02,0.99899519372,0.));
#13409 = DIRECTION('',(-0.99899519372,4.481743994983E-02,-0.));
#13410 = ADVANCED_FACE('',(#13411),#13422,.F.);
#13411 = FACE_BOUND('',#13412,.F.);
#13412 = EDGE_LOOP('',(#13413,#13414,#13420,#13421));
#13413 = ORIENTED_EDGE('',*,*,#4222,.T.);
#13414 = ORIENTED_EDGE('',*,*,#13415,.T.);
#13415 = EDGE_CURVE('',#4212,#8540,#13416,.T.);
#13416 = LINE('',#13417,#13418);
#13417 = CARTESIAN_POINT('',(18.635211608222,24.750423216445,1.3));
#13418 = VECTOR('',#13419,1.);
#13419 = DIRECTION('',(0.,0.,-1.));
#13420 = ORIENTED_EDGE('',*,*,#8550,.F.);
#13421 = ORIENTED_EDGE('',*,*,#13393,.F.);
#13422 = SURFACE_OF_LINEAR_EXTRUSION('',#13423,#13427);
#13423 = B_SPLINE_CURVE_WITH_KNOTS('',2,(#13424,#13425,#13426),
  .UNSPECIFIED.,.F.,.F.,(3,3),(0.,1.),.PIECEWISE_BEZIER_KNOTS.);
#13424 = CARTESIAN_POINT('',(18.635211608222,24.750423216445,1.3));
#13425 = CARTESIAN_POINT('',(18.588004836759,24.702442563482,1.3));
#13426 = CARTESIAN_POINT('',(18.516033857316,24.702442563482,1.3));
#13427 = VECTOR('',#13428,1.);
#13428 = DIRECTION('',(-0.,0.,1.));
#13429 = ADVANCED_FACE('',(#13430),#13441,.F.);
#13430 = FACE_BOUND('',#13431,.F.);
#13431 = EDGE_LOOP('',(#13432,#13433,#13439,#13440));
#13432 = ORIENTED_EDGE('',*,*,#4211,.T.);
#13433 = ORIENTED_EDGE('',*,*,#13434,.T.);
#13434 = EDGE_CURVE('',#4204,#8532,#13435,.T.);
#13435 = LINE('',#13436,#13437);
#13436 = CARTESIAN_POINT('',(18.848802902056,24.797629987908,1.3));
#13437 = VECTOR('',#13438,1.);
#13438 = DIRECTION('',(0.,0.,-1.));
#13439 = ORIENTED_EDGE('',*,*,#8539,.F.);
#13440 = ORIENTED_EDGE('',*,*,#13415,.F.);
#13441 = SURFACE_OF_LINEAR_EXTRUSION('',#13442,#13446);
#13442 = B_SPLINE_CURVE_WITH_KNOTS('',2,(#13443,#13444,#13445),
  .UNSPECIFIED.,.F.,.F.,(3,3),(0.,1.),.PIECEWISE_BEZIER_KNOTS.);
#13443 = CARTESIAN_POINT('',(18.848802902056,24.797629987908,1.3));
#13444 = CARTESIAN_POINT('',(18.706408706167,24.797629987908,1.3));
#13445 = CARTESIAN_POINT('',(18.635211608222,24.750423216445,1.3));
#13446 = VECTOR('',#13447,1.);
#13447 = DIRECTION('',(-0.,0.,1.));
#13448 = ADVANCED_FACE('',(#13449),#13460,.F.);
#13449 = FACE_BOUND('',#13450,.F.);
#13450 = EDGE_LOOP('',(#13451,#13452,#13458,#13459));
#13451 = ORIENTED_EDGE('',*,*,#4203,.T.);
#13452 = ORIENTED_EDGE('',*,*,#13453,.T.);
#13453 = EDGE_CURVE('',#4183,#8511,#13454,.T.);
#13454 = LINE('',#13455,#13456);
#13455 = CARTESIAN_POINT('',(18.943990326481,24.797629987908,1.3));
#13456 = VECTOR('',#13457,1.);
#13457 = DIRECTION('',(0.,0.,-1.));
#13458 = ORIENTED_EDGE('',*,*,#8531,.F.);
#13459 = ORIENTED_EDGE('',*,*,#13434,.F.);
#13460 = PLANE('',#13461);
#13461 = AXIS2_PLACEMENT_3D('',#13462,#13463,#13464);
#13462 = CARTESIAN_POINT('',(18.943990326481,24.797629987908,1.3));
#13463 = DIRECTION('',(0.,1.,0.));
#13464 = DIRECTION('',(-1.,0.,0.));
#13465 = ADVANCED_FACE('',(#13466),#13477,.F.);
#13466 = FACE_BOUND('',#13467,.F.);
#13467 = EDGE_LOOP('',(#13468,#13469,#13475,#13476));
#13468 = ORIENTED_EDGE('',*,*,#4182,.F.);
#13469 = ORIENTED_EDGE('',*,*,#13470,.T.);
#13470 = EDGE_CURVE('',#4173,#8501,#13471,.T.);
#13471 = LINE('',#13472,#13473);
#13472 = CARTESIAN_POINT('',(18.979588875453,24.786021765417,1.3));
#13473 = VECTOR('',#13474,1.);
#13474 = DIRECTION('',(0.,0.,-1.));
#13475 = ORIENTED_EDGE('',*,*,#8510,.T.);
#13476 = ORIENTED_EDGE('',*,*,#13453,.F.);
#13477 = SURFACE_OF_LINEAR_EXTRUSION('',#13478,#13482);
#13478 = B_SPLINE_CURVE_WITH_KNOTS('',2,(#13479,#13480,#13481),
  .UNSPECIFIED.,.F.,.F.,(3,3),(0.,1.),.PIECEWISE_BEZIER_KNOTS.);
#13479 = CARTESIAN_POINT('',(18.979588875453,24.786021765417,1.3));
#13480 = CARTESIAN_POINT('',(18.943990326481,24.797629987908,1.3));
#13481 = CARTESIAN_POINT('',(18.943990326481,24.797629987908,1.3));
#13482 = VECTOR('',#13483,1.);
#13483 = DIRECTION('',(-0.,0.,1.));
#13484 = ADVANCED_FACE('',(#13485),#13496,.F.);
#13485 = FACE_BOUND('',#13486,.F.);
#13486 = EDGE_LOOP('',(#13487,#13488,#13494,#13495));
#13487 = ORIENTED_EDGE('',*,*,#4172,.T.);
#13488 = ORIENTED_EDGE('',*,*,#13489,.T.);
#13489 = EDGE_CURVE('',#4162,#8490,#13490,.T.);
#13490 = LINE('',#13491,#13492);
#13491 = CARTESIAN_POINT('',(19.063168077388,24.750423216445,1.3));
#13492 = VECTOR('',#13493,1.);
#13493 = DIRECTION('',(0.,0.,-1.));
#13494 = ORIENTED_EDGE('',*,*,#8500,.F.);
#13495 = ORIENTED_EDGE('',*,*,#13470,.F.);
#13496 = SURFACE_OF_LINEAR_EXTRUSION('',#13497,#13501);
#13497 = B_SPLINE_CURVE_WITH_KNOTS('',2,(#13498,#13499,#13500),
  .UNSPECIFIED.,.F.,.F.,(3,3),(0.,1.),.PIECEWISE_BEZIER_KNOTS.);
#13498 = CARTESIAN_POINT('',(19.063168077388,24.750423216445,1.3));
#13499 = CARTESIAN_POINT('',(19.015961305925,24.774413542926,1.3));
#13500 = CARTESIAN_POINT('',(18.979588875453,24.786021765417,1.3));
#13501 = VECTOR('',#13502,1.);
#13502 = DIRECTION('',(-0.,0.,1.));
#13503 = ADVANCED_FACE('',(#13504),#13515,.F.);
#13504 = FACE_BOUND('',#13505,.F.);
#13505 = EDGE_LOOP('',(#13506,#13507,#13513,#13514));
#13506 = ORIENTED_EDGE('',*,*,#4161,.T.);
#13507 = ORIENTED_EDGE('',*,*,#13508,.T.);
#13508 = EDGE_CURVE('',#4134,#8462,#13509,.T.);
#13509 = LINE('',#13510,#13511);
#13510 = CARTESIAN_POINT('',(19.300749697703,24.702442563482,1.3));
#13511 = VECTOR('',#13512,1.);
#13512 = DIRECTION('',(0.,0.,-1.));
#13513 = ORIENTED_EDGE('',*,*,#8489,.F.);
#13514 = ORIENTED_EDGE('',*,*,#13489,.F.);
#13515 = SURFACE_OF_LINEAR_EXTRUSION('',#13516,#13520);
#13516 = B_SPLINE_CURVE_WITH_KNOTS('',2,(#13517,#13518,#13519),
  .UNSPECIFIED.,.F.,.F.,(3,3),(0.,1.),.PIECEWISE_BEZIER_KNOTS.);
#13517 = CARTESIAN_POINT('',(19.300749697703,24.702442563482,1.3));
#13518 = CARTESIAN_POINT('',(19.205562273277,24.702442563482,1.3));
#13519 = CARTESIAN_POINT('',(19.063168077388,24.750423216445,1.3));
#13520 = VECTOR('',#13521,1.);
#13521 = DIRECTION('',(-0.,0.,1.));
#13522 = ADVANCED_FACE('',(#13523),#13534,.F.);
#13523 = FACE_BOUND('',#13524,.F.);
#13524 = EDGE_LOOP('',(#13525,#13526,#13532,#13533));
#13525 = ORIENTED_EDGE('',*,*,#4133,.T.);
#13526 = ORIENTED_EDGE('',*,*,#13527,.T.);
#13527 = EDGE_CURVE('',#4126,#8454,#13528,.T.);
#13528 = LINE('',#13529,#13530);
#13529 = CARTESIAN_POINT('',(19.799903264813,22.753035066505,1.3));
#13530 = VECTOR('',#13531,1.);
#13531 = DIRECTION('',(0.,0.,-1.));
#13532 = ORIENTED_EDGE('',*,*,#8461,.F.);
#13533 = ORIENTED_EDGE('',*,*,#13508,.F.);
#13534 = SURFACE_OF_LINEAR_EXTRUSION('',#13535,#13539);
#13535 = B_SPLINE_CURVE_WITH_KNOTS('',2,(#13536,#13537,#13538),
  .UNSPECIFIED.,.F.,.F.,(3,3),(0.,1.),.PIECEWISE_BEZIER_KNOTS.);
#13536 = CARTESIAN_POINT('',(19.799903264813,22.753035066505,1.3));
#13537 = CARTESIAN_POINT('',(19.491124546554,24.322466747279,1.3));
#13538 = CARTESIAN_POINT('',(19.300749697703,24.702442563482,1.3));
#13539 = VECTOR('',#13540,1.);
#13540 = DIRECTION('',(-0.,0.,1.));
#13541 = ADVANCED_FACE('',(#13542),#13553,.F.);
#13542 = FACE_BOUND('',#13543,.F.);
#13543 = EDGE_LOOP('',(#13544,#13545,#13551,#13552));
#13544 = ORIENTED_EDGE('',*,*,#4125,.T.);
#13545 = ORIENTED_EDGE('',*,*,#13546,.T.);
#13546 = EDGE_CURVE('',#4118,#8446,#13547,.T.);
#13547 = LINE('',#13548,#13549);
#13548 = CARTESIAN_POINT('',(19.966287787183,21.9923095526,1.3));
#13549 = VECTOR('',#13550,1.);
#13550 = DIRECTION('',(0.,0.,-1.));
#13551 = ORIENTED_EDGE('',*,*,#8453,.F.);
#13552 = ORIENTED_EDGE('',*,*,#13527,.F.);
#13553 = PLANE('',#13554);
#13554 = AXIS2_PLACEMENT_3D('',#13555,#13556,#13557);
#13555 = CARTESIAN_POINT('',(19.966287787183,21.9923095526,1.3));
#13556 = DIRECTION('',(0.976906500272,0.213667240649,0.));
#13557 = DIRECTION('',(-0.213667240649,0.976906500272,-0.));
#13558 = ADVANCED_FACE('',(#13559),#13575,.F.);
#13559 = FACE_BOUND('',#13560,.F.);
#13560 = EDGE_LOOP('',(#13561,#13562,#13568,#13569));
#13561 = ORIENTED_EDGE('',*,*,#4104,.T.);
#13562 = ORIENTED_EDGE('',*,*,#13563,.T.);
#13563 = EDGE_CURVE('',#4092,#8420,#13564,.T.);
#13564 = LINE('',#13565,#13566);
#13565 = CARTESIAN_POINT('',(22.700411124547,21.897122128174,1.3));
#13566 = VECTOR('',#13567,1.);
#13567 = DIRECTION('',(0.,0.,-1.));
#13568 = ORIENTED_EDGE('',*,*,#8432,.F.);
#13569 = ORIENTED_EDGE('',*,*,#13570,.F.);
#13570 = EDGE_CURVE('',#4105,#8433,#13571,.T.);
#13571 = LINE('',#13572,#13573);
#13572 = CARTESIAN_POINT('',(21.393325272068,21.9923095526,1.3));
#13573 = VECTOR('',#13574,1.);
#13574 = DIRECTION('',(0.,0.,-1.));
#13575 = SURFACE_OF_LINEAR_EXTRUSION('',#13576,#13580);
#13576 = B_SPLINE_CURVE_WITH_KNOTS('',2,(#13577,#13578,#13579),
  .UNSPECIFIED.,.F.,.F.,(3,3),(0.,1.),.PIECEWISE_BEZIER_KNOTS.);
#13577 = CARTESIAN_POINT('',(22.700411124547,21.897122128174,1.3));
#13578 = CARTESIAN_POINT('',(22.201257557437,21.9923095526,1.3));
#13579 = CARTESIAN_POINT('',(21.393325272068,21.9923095526,1.3));
#13580 = VECTOR('',#13581,1.);
#13581 = DIRECTION('',(-0.,0.,1.));
#13582 = ADVANCED_FACE('',(#13583),#13594,.F.);
#13583 = FACE_BOUND('',#13584,.F.);
#13584 = EDGE_LOOP('',(#13585,#13586,#13592,#13593));
#13585 = ORIENTED_EDGE('',*,*,#4091,.T.);
#13586 = ORIENTED_EDGE('',*,*,#13587,.T.);
#13587 = EDGE_CURVE('',#4081,#8409,#13588,.T.);
#13588 = LINE('',#13589,#13590);
#13589 = CARTESIAN_POINT('',(22.795598548972,22.420266021765,1.3));
#13590 = VECTOR('',#13591,1.);
#13591 = DIRECTION('',(0.,0.,-1.));
#13592 = ORIENTED_EDGE('',*,*,#8419,.F.);
#13593 = ORIENTED_EDGE('',*,*,#13563,.F.);
#13594 = SURFACE_OF_LINEAR_EXTRUSION('',#13595,#13599);
#13595 = B_SPLINE_CURVE_WITH_KNOTS('',2,(#13596,#13597,#13598),
  .UNSPECIFIED.,.F.,.F.,(3,3),(0.,1.),.PIECEWISE_BEZIER_KNOTS.);
#13596 = CARTESIAN_POINT('',(22.795598548972,22.420266021765,1.3));
#13597 = CARTESIAN_POINT('',(22.748391777509,22.040290205562,1.3));
#13598 = CARTESIAN_POINT('',(22.700411124547,21.897122128174,1.3));
#13599 = VECTOR('',#13600,1.);
#13600 = DIRECTION('',(-0.,0.,1.));
#13601 = ADVANCED_FACE('',(#13602),#13613,.F.);
#13602 = FACE_BOUND('',#13603,.F.);
#13603 = EDGE_LOOP('',(#13604,#13605,#13611,#13612));
#13604 = ORIENTED_EDGE('',*,*,#4080,.T.);
#13605 = ORIENTED_EDGE('',*,*,#13606,.T.);
#13606 = EDGE_CURVE('',#4062,#8390,#13607,.T.);
#13607 = LINE('',#13608,#13609);
#13608 = CARTESIAN_POINT('',(23.115985489722,23.847303506651,1.3));
#13609 = VECTOR('',#13610,1.);
#13610 = DIRECTION('',(0.,0.,-1.));
#13611 = ORIENTED_EDGE('',*,*,#8408,.F.);
#13612 = ORIENTED_EDGE('',*,*,#13587,.F.);
#13613 = SURFACE_OF_LINEAR_EXTRUSION('',#13614,#13618);
#13614 = B_SPLINE_CURVE_WITH_KNOTS('',2,(#13615,#13616,#13617),
  .UNSPECIFIED.,.F.,.F.,(3,3),(0.,1.),.PIECEWISE_BEZIER_KNOTS.);
#13615 = CARTESIAN_POINT('',(23.115985489722,23.847303506651,1.3));
#13616 = CARTESIAN_POINT('',(22.961983071342,23.204981862152,1.3));
#13617 = CARTESIAN_POINT('',(22.795598548972,22.420266021765,1.3));
#13618 = VECTOR('',#13619,1.);
#13619 = DIRECTION('',(-0.,0.,1.));
#13620 = ADVANCED_FACE('',(#13621),#13632,.F.);
#13621 = FACE_BOUND('',#13622,.F.);
#13622 = EDGE_LOOP('',(#13623,#13624,#13630,#13631));
#13623 = ORIENTED_EDGE('',*,*,#4061,.T.);
#13624 = ORIENTED_EDGE('',*,*,#13625,.T.);
#13625 = EDGE_CURVE('',#4049,#8377,#13626,.T.);
#13626 = LINE('',#13627,#13628);
#13627 = CARTESIAN_POINT('',(23.413929866989,24.702442563482,1.3));
#13628 = VECTOR('',#13629,1.);
#13629 = DIRECTION('',(0.,0.,-1.));
#13630 = ORIENTED_EDGE('',*,*,#8389,.F.);
#13631 = ORIENTED_EDGE('',*,*,#13606,.F.);
#13632 = SURFACE_OF_LINEAR_EXTRUSION('',#13633,#13637);
#13633 = B_SPLINE_CURVE_WITH_KNOTS('',2,(#13634,#13635,#13636),
  .UNSPECIFIED.,.F.,.F.,(3,3),(0.,1.),.PIECEWISE_BEZIER_KNOTS.);
#13634 = CARTESIAN_POINT('',(23.413929866989,24.702442563482,1.3));
#13635 = CARTESIAN_POINT('',(23.270761789601,24.488851269649,1.3));
#13636 = CARTESIAN_POINT('',(23.115985489722,23.847303506651,1.3));
#13637 = VECTOR('',#13638,1.);
#13638 = DIRECTION('',(-0.,0.,1.));
#13639 = ADVANCED_FACE('',(#13640),#13651,.F.);
#13640 = FACE_BOUND('',#13641,.F.);
#13641 = EDGE_LOOP('',(#13642,#13643,#13649,#13650));
#13642 = ORIENTED_EDGE('',*,*,#4048,.T.);
#13643 = ORIENTED_EDGE('',*,*,#13644,.T.);
#13644 = EDGE_CURVE('',#4036,#8364,#13645,.T.);
#13645 = LINE('',#13646,#13647);
#13646 = CARTESIAN_POINT('',(24.531414752116,24.750423216445,1.3));
#13647 = VECTOR('',#13648,1.);
#13648 = DIRECTION('',(0.,0.,-1.));
#13649 = ORIENTED_EDGE('',*,*,#8376,.F.);
#13650 = ORIENTED_EDGE('',*,*,#13625,.F.);
#13651 = SURFACE_OF_LINEAR_EXTRUSION('',#13652,#13656);
#13652 = B_SPLINE_CURVE_WITH_KNOTS('',2,(#13653,#13654,#13655),
  .UNSPECIFIED.,.F.,.F.,(3,3),(0.,1.),.PIECEWISE_BEZIER_KNOTS.);
#13653 = CARTESIAN_POINT('',(24.531414752116,24.750423216445,1.3));
#13654 = CARTESIAN_POINT('',(23.817896009674,24.702442563482,1.3));
#13655 = CARTESIAN_POINT('',(23.413929866989,24.702442563482,1.3));
#13656 = VECTOR('',#13657,1.);
#13657 = DIRECTION('',(-0.,0.,1.));
#13658 = ADVANCED_FACE('',(#13659),#13670,.F.);
#13659 = FACE_BOUND('',#13660,.F.);
#13660 = EDGE_LOOP('',(#13661,#13662,#13668,#13669));
#13661 = ORIENTED_EDGE('',*,*,#4035,.T.);
#13662 = ORIENTED_EDGE('',*,*,#13663,.T.);
#13663 = EDGE_CURVE('',#4028,#8356,#13664,.T.);
#13664 = LINE('',#13665,#13666);
#13665 = CARTESIAN_POINT('',(25.006577992745,24.797629987908,1.3));
#13666 = VECTOR('',#13667,1.);
#13667 = DIRECTION('',(0.,0.,-1.));
#13668 = ORIENTED_EDGE('',*,*,#8363,.F.);
#13669 = ORIENTED_EDGE('',*,*,#13644,.F.);
#13670 = SURFACE_OF_LINEAR_EXTRUSION('',#13671,#13675);
#13671 = B_SPLINE_CURVE_WITH_KNOTS('',2,(#13672,#13673,#13674),
  .UNSPECIFIED.,.F.,.F.,(3,3),(0.,1.),.PIECEWISE_BEZIER_KNOTS.);
#13672 = CARTESIAN_POINT('',(25.006577992745,24.797629987908,1.3));
#13673 = CARTESIAN_POINT('',(24.887400241838,24.750423216445,1.3));
#13674 = CARTESIAN_POINT('',(24.531414752116,24.750423216445,1.3));
#13675 = VECTOR('',#13676,1.);
#13676 = DIRECTION('',(-0.,0.,1.));
#13677 = ADVANCED_FACE('',(#13678),#13694,.F.);
#13678 = FACE_BOUND('',#13679,.F.);
#13679 = EDGE_LOOP('',(#13680,#13681,#13687,#13688));
#13680 = ORIENTED_EDGE('',*,*,#4014,.T.);
#13681 = ORIENTED_EDGE('',*,*,#13682,.T.);
#13682 = EDGE_CURVE('',#4005,#8333,#13683,.T.);
#13683 = LINE('',#13684,#13685);
#13684 = CARTESIAN_POINT('',(25.315356711004,24.750423216445,1.3));
#13685 = VECTOR('',#13686,1.);
#13686 = DIRECTION('',(0.,0.,-1.));
#13687 = ORIENTED_EDGE('',*,*,#8342,.F.);
#13688 = ORIENTED_EDGE('',*,*,#13689,.F.);
#13689 = EDGE_CURVE('',#4015,#8343,#13690,.T.);
#13690 = LINE('',#13691,#13692);
#13691 = CARTESIAN_POINT('',(25.268149939541,24.797629987908,1.3));
#13692 = VECTOR('',#13693,1.);
#13693 = DIRECTION('',(0.,0.,-1.));
#13694 = SURFACE_OF_LINEAR_EXTRUSION('',#13695,#13699);
#13695 = B_SPLINE_CURVE_WITH_KNOTS('',2,(#13696,#13697,#13698),
  .UNSPECIFIED.,.F.,.F.,(3,3),(0.,1.),.PIECEWISE_BEZIER_KNOTS.);
#13696 = CARTESIAN_POINT('',(25.315356711004,24.750423216445,1.3));
#13697 = CARTESIAN_POINT('',(25.315356711004,24.797629987908,1.3));
#13698 = CARTESIAN_POINT('',(25.268149939541,24.797629987908,1.3));
#13699 = VECTOR('',#13700,1.);
#13700 = DIRECTION('',(-0.,0.,1.));
#13701 = ADVANCED_FACE('',(#13702),#13713,.F.);
#13702 = FACE_BOUND('',#13703,.F.);
#13703 = EDGE_LOOP('',(#13704,#13705,#13711,#13712));
#13704 = ORIENTED_EDGE('',*,*,#4004,.T.);
#13705 = ORIENTED_EDGE('',*,*,#13706,.T.);
#13706 = EDGE_CURVE('',#3983,#8311,#13707,.T.);
#13707 = LINE('',#13708,#13709);
#13708 = CARTESIAN_POINT('',(25.350955259976,24.714824667473,1.3));
#13709 = VECTOR('',#13710,1.);
#13710 = DIRECTION('',(0.,0.,-1.));
#13711 = ORIENTED_EDGE('',*,*,#8332,.F.);
#13712 = ORIENTED_EDGE('',*,*,#13682,.F.);
#13713 = SURFACE_OF_LINEAR_EXTRUSION('',#13714,#13718);
#13714 = B_SPLINE_CURVE_WITH_KNOTS('',2,(#13715,#13716,#13717),
  .UNSPECIFIED.,.F.,.F.,(3,3),(0.,1.),.PIECEWISE_BEZIER_KNOTS.);
#13715 = CARTESIAN_POINT('',(25.350955259976,24.714824667473,1.3));
#13716 = CARTESIAN_POINT('',(25.339347037485,24.726432889964,1.3));
#13717 = CARTESIAN_POINT('',(25.315356711004,24.750423216445,1.3));
#13718 = VECTOR('',#13719,1.);
#13719 = DIRECTION('',(-0.,0.,1.));
#13720 = ADVANCED_FACE('',(#13721),#13732,.F.);
#13721 = FACE_BOUND('',#13722,.F.);
#13722 = EDGE_LOOP('',(#13723,#13724,#13730,#13731));
#13723 = ORIENTED_EDGE('',*,*,#3982,.T.);
#13724 = ORIENTED_EDGE('',*,*,#13725,.T.);
#13725 = EDGE_CURVE('',#3972,#8300,#13726,.T.);
#13726 = LINE('',#13727,#13728);
#13727 = CARTESIAN_POINT('',(25.363337363966,24.702442563482,1.3));
#13728 = VECTOR('',#13729,1.);
#13729 = DIRECTION('',(0.,0.,-1.));
#13730 = ORIENTED_EDGE('',*,*,#8310,.F.);
#13731 = ORIENTED_EDGE('',*,*,#13706,.F.);
#13732 = SURFACE_OF_LINEAR_EXTRUSION('',#13733,#13737);
#13733 = B_SPLINE_CURVE_WITH_KNOTS('',2,(#13734,#13735,#13736),
  .UNSPECIFIED.,.F.,.F.,(3,3),(0.,1.),.PIECEWISE_BEZIER_KNOTS.);
#13734 = CARTESIAN_POINT('',(25.363337363966,24.702442563482,1.3));
#13735 = CARTESIAN_POINT('',(25.363337363966,24.702442563482,1.3));
#13736 = CARTESIAN_POINT('',(25.350955259976,24.714824667473,1.3));
#13737 = VECTOR('',#13738,1.);
#13738 = DIRECTION('',(-0.,0.,1.));
#13739 = ADVANCED_FACE('',(#13740),#13751,.F.);
#13740 = FACE_BOUND('',#13741,.F.);
#13741 = EDGE_LOOP('',(#13742,#13743,#13749,#13750));
#13742 = ORIENTED_EDGE('',*,*,#3971,.T.);
#13743 = ORIENTED_EDGE('',*,*,#13744,.T.);
#13744 = EDGE_CURVE('',#3964,#8292,#13745,.T.);
#13745 = LINE('',#13746,#13747);
#13746 = CARTESIAN_POINT('',(25.600918984281,24.750423216445,1.3));
#13747 = VECTOR('',#13748,1.);
#13748 = DIRECTION('',(0.,0.,-1.));
#13749 = ORIENTED_EDGE('',*,*,#8299,.F.);
#13750 = ORIENTED_EDGE('',*,*,#13725,.F.);
#13751 = SURFACE_OF_LINEAR_EXTRUSION('',#13752,#13756);
#13752 = B_SPLINE_CURVE_WITH_KNOTS('',2,(#13753,#13754,#13755),
  .UNSPECIFIED.,.F.,.F.,(3,3),(0.,1.),.PIECEWISE_BEZIER_KNOTS.);
#13753 = CARTESIAN_POINT('',(25.600918984281,24.750423216445,1.3));
#13754 = CARTESIAN_POINT('',(25.505731559855,24.702442563482,1.3));
#13755 = CARTESIAN_POINT('',(25.363337363966,24.702442563482,1.3));
#13756 = VECTOR('',#13757,1.);
#13757 = DIRECTION('',(-0.,0.,1.));
#13758 = ADVANCED_FACE('',(#13759),#13770,.F.);
#13759 = FACE_BOUND('',#13760,.F.);
#13760 = EDGE_LOOP('',(#13761,#13762,#13768,#13769));
#13761 = ORIENTED_EDGE('',*,*,#3963,.T.);
#13762 = ORIENTED_EDGE('',*,*,#13763,.T.);
#13763 = EDGE_CURVE('',#3956,#8284,#13764,.T.);
#13764 = LINE('',#13765,#13766);
#13765 = CARTESIAN_POINT('',(25.600918984281,24.797629987908,1.3));
#13766 = VECTOR('',#13767,1.);
#13767 = DIRECTION('',(0.,0.,-1.));
#13768 = ORIENTED_EDGE('',*,*,#8291,.F.);
#13769 = ORIENTED_EDGE('',*,*,#13744,.F.);
#13770 = PLANE('',#13771);
#13771 = AXIS2_PLACEMENT_3D('',#13772,#13773,#13774);
#13772 = CARTESIAN_POINT('',(25.600918984281,24.797629987908,1.3));
#13773 = DIRECTION('',(-1.,0.,0.));
#13774 = DIRECTION('',(0.,-1.,0.));
#13775 = ADVANCED_FACE('',(#13776),#13787,.F.);
#13776 = FACE_BOUND('',#13777,.F.);
#13777 = EDGE_LOOP('',(#13778,#13779,#13785,#13786));
#13778 = ORIENTED_EDGE('',*,*,#3955,.T.);
#13779 = ORIENTED_EDGE('',*,*,#13780,.T.);
#13780 = EDGE_CURVE('',#3944,#8272,#13781,.T.);
#13781 = LINE('',#13782,#13783);
#13782 = CARTESIAN_POINT('',(27.098379685611,24.797629987908,1.3));
#13783 = VECTOR('',#13784,1.);
#13784 = DIRECTION('',(0.,0.,-1.));
#13785 = ORIENTED_EDGE('',*,*,#8283,.F.);
#13786 = ORIENTED_EDGE('',*,*,#13763,.F.);
#13787 = PLANE('',#13788);
#13788 = AXIS2_PLACEMENT_3D('',#13789,#13790,#13791);
#13789 = CARTESIAN_POINT('',(27.098379685611,24.797629987908,1.3));
#13790 = DIRECTION('',(0.,1.,0.));
#13791 = DIRECTION('',(-1.,0.,0.));
#13792 = ADVANCED_FACE('',(#13793),#13804,.F.);
#13793 = FACE_BOUND('',#13794,.F.);
#13794 = EDGE_LOOP('',(#13795,#13796,#13802,#13803));
#13795 = ORIENTED_EDGE('',*,*,#3943,.T.);
#13796 = ORIENTED_EDGE('',*,*,#13797,.T.);
#13797 = EDGE_CURVE('',#3936,#8264,#13798,.T.);
#13798 = LINE('',#13799,#13800);
#13799 = CARTESIAN_POINT('',(27.288754534462,24.821620314389,1.3));
#13800 = VECTOR('',#13801,1.);
#13801 = DIRECTION('',(0.,0.,-1.));
#13802 = ORIENTED_EDGE('',*,*,#8271,.F.);
#13803 = ORIENTED_EDGE('',*,*,#13780,.F.);
#13804 = SURFACE_OF_LINEAR_EXTRUSION('',#13805,#13809);
#13805 = B_SPLINE_CURVE_WITH_KNOTS('',2,(#13806,#13807,#13808),
  .UNSPECIFIED.,.F.,.F.,(3,3),(0.,1.),.PIECEWISE_BEZIER_KNOTS.);
#13806 = CARTESIAN_POINT('',(27.288754534462,24.821620314389,1.3));
#13807 = CARTESIAN_POINT('',(27.098379685611,24.821620314389,1.3));
#13808 = CARTESIAN_POINT('',(27.098379685611,24.797629987908,1.3));
#13809 = VECTOR('',#13810,1.);
#13810 = DIRECTION('',(-0.,0.,1.));
#13811 = ADVANCED_FACE('',(#13812),#13828,.F.);
#13812 = FACE_BOUND('',#13813,.F.);
#13813 = EDGE_LOOP('',(#13814,#13815,#13821,#13822));
#13814 = ORIENTED_EDGE('',*,*,#3923,.T.);
#13815 = ORIENTED_EDGE('',*,*,#13816,.T.);
#13816 = EDGE_CURVE('',#3916,#8244,#13817,.T.);
#13817 = LINE('',#13818,#13819);
#13818 = CARTESIAN_POINT('',(29.523724304716,24.845610640871,1.3));
#13819 = VECTOR('',#13820,1.);
#13820 = DIRECTION('',(0.,0.,-1.));
#13821 = ORIENTED_EDGE('',*,*,#8251,.F.);
#13822 = ORIENTED_EDGE('',*,*,#13823,.F.);
#13823 = EDGE_CURVE('',#3924,#8252,#13824,.T.);
#13824 = LINE('',#13825,#13826);
#13825 = CARTESIAN_POINT('',(28.976590084643,24.821620314389,1.3));
#13826 = VECTOR('',#13827,1.);
#13827 = DIRECTION('',(0.,0.,-1.));
#13828 = SURFACE_OF_LINEAR_EXTRUSION('',#13829,#13833);
#13829 = B_SPLINE_CURVE_WITH_KNOTS('',2,(#13830,#13831,#13832),
  .UNSPECIFIED.,.F.,.F.,(3,3),(0.,1.),.PIECEWISE_BEZIER_KNOTS.);
#13830 = CARTESIAN_POINT('',(29.523724304716,24.845610640871,1.3));
#13831 = CARTESIAN_POINT('',(29.166964933495,24.845610640871,1.3));
#13832 = CARTESIAN_POINT('',(28.976590084643,24.821620314389,1.3));
#13833 = VECTOR('',#13834,1.);
#13834 = DIRECTION('',(-0.,0.,1.));
#13835 = ADVANCED_FACE('',(#13836),#13847,.F.);
#13836 = FACE_BOUND('',#13837,.F.);
#13837 = EDGE_LOOP('',(#13838,#13839,#13845,#13846));
#13838 = ORIENTED_EDGE('',*,*,#3915,.T.);
#13839 = ORIENTED_EDGE('',*,*,#13840,.T.);
#13840 = EDGE_CURVE('',#3901,#8229,#13841,.T.);
#13841 = LINE('',#13842,#13843);
#13842 = CARTESIAN_POINT('',(29.832503022975,24.845610640871,1.3));
#13843 = VECTOR('',#13844,1.);
#13844 = DIRECTION('',(0.,0.,-1.));
#13845 = ORIENTED_EDGE('',*,*,#8243,.F.);
#13846 = ORIENTED_EDGE('',*,*,#13816,.F.);
#13847 = PLANE('',#13848);
#13848 = AXIS2_PLACEMENT_3D('',#13849,#13850,#13851);
#13849 = CARTESIAN_POINT('',(29.832503022975,24.845610640871,1.3));
#13850 = DIRECTION('',(0.,1.,0.));
#13851 = DIRECTION('',(-1.,0.,0.));
#13852 = ADVANCED_FACE('',(#13853),#13864,.F.);
#13853 = FACE_BOUND('',#13854,.F.);
#13854 = EDGE_LOOP('',(#13855,#13856,#13862,#13863));
#13855 = ORIENTED_EDGE('',*,*,#3900,.T.);
#13856 = ORIENTED_EDGE('',*,*,#13857,.T.);
#13857 = EDGE_CURVE('',#3889,#8217,#13858,.T.);
#13858 = LINE('',#13859,#13860);
#13859 = CARTESIAN_POINT('',(30.118065296252,24.702442563482,1.3));
#13860 = VECTOR('',#13861,1.);
#13861 = DIRECTION('',(0.,0.,-1.));
#13862 = ORIENTED_EDGE('',*,*,#8228,.F.);
#13863 = ORIENTED_EDGE('',*,*,#13840,.F.);
#13864 = SURFACE_OF_LINEAR_EXTRUSION('',#13865,#13869);
#13865 = B_SPLINE_CURVE_WITH_KNOTS('',2,(#13866,#13867,#13868),
  .UNSPECIFIED.,.F.,.F.,(3,3),(0.,1.),.PIECEWISE_BEZIER_KNOTS.);
#13866 = CARTESIAN_POINT('',(30.118065296252,24.702442563482,1.3));
#13867 = CARTESIAN_POINT('',(30.022877871826,24.845610640871,1.3));
#13868 = CARTESIAN_POINT('',(29.832503022975,24.845610640871,1.3));
#13869 = VECTOR('',#13870,1.);
#13870 = DIRECTION('',(-0.,0.,1.));
#13871 = ADVANCED_FACE('',(#13872),#13883,.F.);
#13872 = FACE_BOUND('',#13873,.F.);
#13873 = EDGE_LOOP('',(#13874,#13875,#13881,#13882));
#13874 = ORIENTED_EDGE('',*,*,#3888,.T.);
#13875 = ORIENTED_EDGE('',*,*,#13876,.T.);
#13876 = EDGE_CURVE('',#3878,#8206,#13877,.T.);
#13877 = LINE('',#13878,#13879);
#13878 = CARTESIAN_POINT('',(30.26045949214,24.156082224909,1.3));
#13879 = VECTOR('',#13880,1.);
#13880 = DIRECTION('',(0.,0.,-1.));
#13881 = ORIENTED_EDGE('',*,*,#8216,.F.);
#13882 = ORIENTED_EDGE('',*,*,#13857,.F.);
#13883 = SURFACE_OF_LINEAR_EXTRUSION('',#13884,#13888);
#13884 = B_SPLINE_CURVE_WITH_KNOTS('',2,(#13885,#13886,#13887),
  .UNSPECIFIED.,.F.,.F.,(3,3),(0.,1.),.PIECEWISE_BEZIER_KNOTS.);
#13885 = CARTESIAN_POINT('',(30.26045949214,24.156082224909,1.3));
#13886 = CARTESIAN_POINT('',(30.26045949214,24.488851269649,1.3));
#13887 = CARTESIAN_POINT('',(30.118065296252,24.702442563482,1.3));
#13888 = VECTOR('',#13889,1.);
#13889 = DIRECTION('',(-0.,0.,1.));
#13890 = ADVANCED_FACE('',(#13891),#13902,.F.);
#13891 = FACE_BOUND('',#13892,.F.);
#13892 = EDGE_LOOP('',(#13893,#13894,#13900,#13901));
#13893 = ORIENTED_EDGE('',*,*,#3877,.T.);
#13894 = ORIENTED_EDGE('',*,*,#13895,.T.);
#13895 = EDGE_CURVE('',#3867,#8195,#13896,.T.);
#13896 = LINE('',#13897,#13898);
#13897 = CARTESIAN_POINT('',(30.236469165659,23.894510278114,1.3));
#13898 = VECTOR('',#13899,1.);
#13899 = DIRECTION('',(0.,0.,-1.));
#13900 = ORIENTED_EDGE('',*,*,#8205,.F.);
#13901 = ORIENTED_EDGE('',*,*,#13876,.F.);
#13902 = SURFACE_OF_LINEAR_EXTRUSION('',#13903,#13907);
#13903 = B_SPLINE_CURVE_WITH_KNOTS('',2,(#13904,#13905,#13906),
  .UNSPECIFIED.,.F.,.F.,(3,3),(0.,1.),.PIECEWISE_BEZIER_KNOTS.);
#13904 = CARTESIAN_POINT('',(30.236469165659,23.894510278114,1.3));
#13905 = CARTESIAN_POINT('',(30.26045949214,23.989697702539,1.3));
#13906 = CARTESIAN_POINT('',(30.26045949214,24.156082224909,1.3));
#13907 = VECTOR('',#13908,1.);
#13908 = DIRECTION('',(-0.,0.,1.));
#13909 = ADVANCED_FACE('',(#13910),#13921,.F.);
#13910 = FACE_BOUND('',#13911,.F.);
#13911 = EDGE_LOOP('',(#13912,#13913,#13919,#13920));
#13912 = ORIENTED_EDGE('',*,*,#3866,.T.);
#13913 = ORIENTED_EDGE('',*,*,#13914,.T.);
#13914 = EDGE_CURVE('',#3855,#8183,#13915,.T.);
#13915 = LINE('',#13916,#13917);
#13916 = CARTESIAN_POINT('',(30.188488512696,23.419347037485,1.3));
#13917 = VECTOR('',#13918,1.);
#13918 = DIRECTION('',(0.,0.,-1.));
#13919 = ORIENTED_EDGE('',*,*,#8194,.F.);
#13920 = ORIENTED_EDGE('',*,*,#13895,.F.);
#13921 = SURFACE_OF_LINEAR_EXTRUSION('',#13922,#13926);
#13922 = B_SPLINE_CURVE_WITH_KNOTS('',2,(#13923,#13924,#13925),
  .UNSPECIFIED.,.F.,.F.,(3,3),(0.,1.),.PIECEWISE_BEZIER_KNOTS.);
#13923 = CARTESIAN_POINT('',(30.188488512696,23.419347037485,1.3));
#13924 = CARTESIAN_POINT('',(30.236469165659,23.704135429262,1.3));
#13925 = CARTESIAN_POINT('',(30.236469165659,23.894510278114,1.3));
#13926 = VECTOR('',#13927,1.);
#13927 = DIRECTION('',(-0.,0.,1.));
#13928 = ADVANCED_FACE('',(#13929),#13940,.F.);
#13929 = FACE_BOUND('',#13930,.F.);
#13930 = EDGE_LOOP('',(#13931,#13932,#13938,#13939));
#13931 = ORIENTED_EDGE('',*,*,#3854,.T.);
#13932 = ORIENTED_EDGE('',*,*,#13933,.T.);
#13933 = EDGE_CURVE('',#3844,#8172,#13934,.T.);
#13934 = LINE('',#13935,#13936);
#13935 = CARTESIAN_POINT('',(30.118065296252,22.967400241838,1.3));
#13936 = VECTOR('',#13937,1.);
#13937 = DIRECTION('',(0.,0.,-1.));
#13938 = ORIENTED_EDGE('',*,*,#8182,.F.);
#13939 = ORIENTED_EDGE('',*,*,#13914,.F.);
#13940 = SURFACE_OF_LINEAR_EXTRUSION('',#13941,#13945);
#13941 = B_SPLINE_CURVE_WITH_KNOTS('',2,(#13942,#13943,#13944),
  .UNSPECIFIED.,.F.,.F.,(3,3),(0.,1.),.PIECEWISE_BEZIER_KNOTS.);
#13942 = CARTESIAN_POINT('',(30.118065296252,22.967400241838,1.3));
#13943 = CARTESIAN_POINT('',(30.141281741233,23.133784764208,1.3));
#13944 = CARTESIAN_POINT('',(30.188488512696,23.419347037485,1.3));
#13945 = VECTOR('',#13946,1.);
#13946 = DIRECTION('',(-0.,0.,1.));
#13947 = ADVANCED_FACE('',(#13948),#13959,.F.);
#13948 = FACE_BOUND('',#13949,.F.);
#13949 = EDGE_LOOP('',(#13950,#13951,#13957,#13958));
#13950 = ORIENTED_EDGE('',*,*,#3843,.T.);
#13951 = ORIENTED_EDGE('',*,*,#13952,.T.);
#13952 = EDGE_CURVE('',#3831,#8159,#13953,.T.);
#13953 = LINE('',#13954,#13955);
#13954 = CARTESIAN_POINT('',(30.022877871826,22.65784764208,1.3));
#13955 = VECTOR('',#13956,1.);
#13956 = DIRECTION('',(0.,0.,-1.));
#13957 = ORIENTED_EDGE('',*,*,#8171,.F.);
#13958 = ORIENTED_EDGE('',*,*,#13933,.F.);
#13959 = SURFACE_OF_LINEAR_EXTRUSION('',#13960,#13964);
#13960 = B_SPLINE_CURVE_WITH_KNOTS('',2,(#13961,#13962,#13963),
  .UNSPECIFIED.,.F.,.F.,(3,3),(0.,1.),.PIECEWISE_BEZIER_KNOTS.);
#13961 = CARTESIAN_POINT('',(30.022877871826,22.65784764208,1.3));
#13962 = CARTESIAN_POINT('',(30.022877871826,22.801015719468,1.3));
#13963 = CARTESIAN_POINT('',(30.118065296252,22.967400241838,1.3));
#13964 = VECTOR('',#13965,1.);
#13965 = DIRECTION('',(-0.,0.,1.));
#13966 = ADVANCED_FACE('',(#13967),#13978,.F.);
#13967 = FACE_BOUND('',#13968,.F.);
#13968 = EDGE_LOOP('',(#13969,#13970,#13976,#13977));
#13969 = ORIENTED_EDGE('',*,*,#3830,.T.);
#13970 = ORIENTED_EDGE('',*,*,#13971,.T.);
#13971 = EDGE_CURVE('',#3823,#8151,#13972,.T.);
#13972 = LINE('',#13973,#13974);
#13973 = CARTESIAN_POINT('',(28.643821039903,16.762418379686,1.3));
#13974 = VECTOR('',#13975,1.);
#13975 = DIRECTION('',(0.,0.,-1.));
#13976 = ORIENTED_EDGE('',*,*,#8158,.F.);
#13977 = ORIENTED_EDGE('',*,*,#13952,.F.);
#13978 = SURFACE_OF_LINEAR_EXTRUSION('',#13979,#13983);
#13979 = B_SPLINE_CURVE_WITH_KNOTS('',2,(#13980,#13981,#13982),
  .UNSPECIFIED.,.F.,.F.,(3,3),(0.,1.),.PIECEWISE_BEZIER_KNOTS.);
#13980 = CARTESIAN_POINT('',(28.643821039903,16.762418379686,1.3));
#13981 = CARTESIAN_POINT('',(29.404546553809,19.543748488513,1.3));
#13982 = CARTESIAN_POINT('',(30.022877871826,22.65784764208,1.3));
#13983 = VECTOR('',#13984,1.);
#13984 = DIRECTION('',(-0.,0.,1.));
#13985 = ADVANCED_FACE('',(#13986),#13997,.F.);
#13986 = FACE_BOUND('',#13987,.F.);
#13987 = EDGE_LOOP('',(#13988,#13989,#13995,#13996));
#13988 = ORIENTED_EDGE('',*,*,#3822,.T.);
#13989 = ORIENTED_EDGE('',*,*,#13990,.T.);
#13990 = EDGE_CURVE('',#3812,#8140,#13991,.T.);
#13991 = LINE('',#13992,#13993);
#13992 = CARTESIAN_POINT('',(26.979975816203,9.249576783555,1.3));
#13993 = VECTOR('',#13994,1.);
#13994 = DIRECTION('',(0.,0.,-1.));
#13995 = ORIENTED_EDGE('',*,*,#8150,.F.);
#13996 = ORIENTED_EDGE('',*,*,#13971,.F.);
#13997 = PLANE('',#13998);
#13998 = AXIS2_PLACEMENT_3D('',#13999,#14000,#14001);
#13999 = CARTESIAN_POINT('',(26.979975816203,9.249576783555,1.3));
#14000 = DIRECTION('',(0.976342987988,-0.216227587987,0.));
#14001 = DIRECTION('',(0.216227587987,0.976342987988,0.));
#14002 = ADVANCED_FACE('',(#14003),#14014,.F.);
#14003 = FACE_BOUND('',#14004,.F.);
#14004 = EDGE_LOOP('',(#14005,#14006,#14012,#14013));
#14005 = ORIENTED_EDGE('',*,*,#3811,.T.);
#14006 = ORIENTED_EDGE('',*,*,#14007,.T.);
#14007 = EDGE_CURVE('',#3802,#8130,#14008,.T.);
#14008 = LINE('',#14009,#14010);
#14009 = CARTESIAN_POINT('',(26.896396614268,9.119564691657,1.3));
#14010 = VECTOR('',#14011,1.);
#14011 = DIRECTION('',(0.,0.,-1.));
#14012 = ORIENTED_EDGE('',*,*,#8139,.F.);
#14013 = ORIENTED_EDGE('',*,*,#13990,.F.);
#14014 = SURFACE_OF_LINEAR_EXTRUSION('',#14015,#14019);
#14015 = B_SPLINE_CURVE_WITH_KNOTS('',2,(#14016,#14017,#14018),
  .UNSPECIFIED.,.F.,.F.,(3,3),(0.,1.),.PIECEWISE_BEZIER_KNOTS.);
#14016 = CARTESIAN_POINT('',(26.896396614268,9.119564691657,1.3));
#14017 = CARTESIAN_POINT('',(26.979975816203,9.202370012092,1.3));
#14018 = CARTESIAN_POINT('',(26.979975816203,9.249576783555,1.3));
#14019 = VECTOR('',#14020,1.);
#14020 = DIRECTION('',(-0.,0.,1.));
#14021 = ADVANCED_FACE('',(#14022),#14033,.F.);
#14022 = FACE_BOUND('',#14023,.F.);
#14023 = EDGE_LOOP('',(#14024,#14025,#14031,#14032));
#14024 = ORIENTED_EDGE('',*,*,#3801,.T.);
#14025 = ORIENTED_EDGE('',*,*,#14026,.T.);
#14026 = EDGE_CURVE('',#3794,#8122,#14027,.T.);
#14027 = LINE('',#14028,#14029);
#14028 = CARTESIAN_POINT('',(26.742394195889,8.988004836759,1.3));
#14029 = VECTOR('',#14030,1.);
#14030 = DIRECTION('',(0.,0.,-1.));
#14031 = ORIENTED_EDGE('',*,*,#8129,.F.);
#14032 = ORIENTED_EDGE('',*,*,#14007,.F.);
#14033 = SURFACE_OF_LINEAR_EXTRUSION('',#14034,#14038);
#14034 = B_SPLINE_CURVE_WITH_KNOTS('',2,(#14035,#14036,#14037),
  .UNSPECIFIED.,.F.,.F.,(3,3),(0.,1.),.PIECEWISE_BEZIER_KNOTS.);
#14035 = CARTESIAN_POINT('',(26.742394195889,8.988004836759,1.3));
#14036 = CARTESIAN_POINT('',(26.813591293833,9.035985489722,1.3));
#14037 = CARTESIAN_POINT('',(26.896396614268,9.119564691657,1.3));
#14038 = VECTOR('',#14039,1.);
#14039 = DIRECTION('',(-0.,0.,1.));
#14040 = ADVANCED_FACE('',(#14041),#14052,.F.);
#14041 = FACE_BOUND('',#14042,.F.);
#14042 = EDGE_LOOP('',(#14043,#14044,#14050,#14051));
#14043 = ORIENTED_EDGE('',*,*,#3793,.T.);
#14044 = ORIENTED_EDGE('',*,*,#14045,.T.);
#14045 = EDGE_CURVE('',#3786,#8114,#14046,.T.);
#14046 = LINE('',#14047,#14048);
#14047 = CARTESIAN_POINT('',(26.670423216445,8.988004836759,1.3));
#14048 = VECTOR('',#14049,1.);
#14049 = DIRECTION('',(0.,0.,-1.));
#14050 = ORIENTED_EDGE('',*,*,#8121,.F.);
#14051 = ORIENTED_EDGE('',*,*,#14026,.F.);
#14052 = PLANE('',#14053);
#14053 = AXIS2_PLACEMENT_3D('',#14054,#14055,#14056);
#14054 = CARTESIAN_POINT('',(26.670423216445,8.988004836759,1.3));
#14055 = DIRECTION('',(0.,-1.,0.));
#14056 = DIRECTION('',(1.,0.,0.));
#14057 = ADVANCED_FACE('',(#14058),#14069,.F.);
#14058 = FACE_BOUND('',#14059,.F.);
#14059 = EDGE_LOOP('',(#14060,#14061,#14067,#14068));
#14060 = ORIENTED_EDGE('',*,*,#3785,.T.);
#14061 = ORIENTED_EDGE('',*,*,#14062,.T.);
#14062 = EDGE_CURVE('',#3773,#8101,#14063,.T.);
#14063 = LINE('',#14064,#14065);
#14064 = CARTESIAN_POINT('',(26.552019347037,9.011995163241,1.3));
#14065 = VECTOR('',#14066,1.);
#14066 = DIRECTION('',(0.,0.,-1.));
#14067 = ORIENTED_EDGE('',*,*,#8113,.F.);
#14068 = ORIENTED_EDGE('',*,*,#14045,.F.);
#14069 = PLANE('',#14070);
#14070 = AXIS2_PLACEMENT_3D('',#14071,#14072,#14073);
#14071 = CARTESIAN_POINT('',(26.552019347037,9.011995163241,1.3));
#14072 = DIRECTION('',(-0.198579278868,-0.980084827963,0.));
#14073 = DIRECTION('',(0.980084827963,-0.198579278868,0.));
#14074 = ADVANCED_FACE('',(#14075),#14086,.F.);
#14075 = FACE_BOUND('',#14076,.F.);
#14076 = EDGE_LOOP('',(#14077,#14078,#14084,#14085));
#14077 = ORIENTED_EDGE('',*,*,#3772,.T.);
#14078 = ORIENTED_EDGE('',*,*,#14079,.T.);
#14079 = EDGE_CURVE('',#3762,#8090,#14080,.T.);
#14080 = LINE('',#14081,#14082);
#14081 = CARTESIAN_POINT('',(26.242466747279,8.940798065296,1.3));
#14082 = VECTOR('',#14083,1.);
#14083 = DIRECTION('',(0.,0.,-1.));
#14084 = ORIENTED_EDGE('',*,*,#8100,.F.);
#14085 = ORIENTED_EDGE('',*,*,#14062,.F.);
#14086 = SURFACE_OF_LINEAR_EXTRUSION('',#14087,#14091);
#14087 = B_SPLINE_CURVE_WITH_KNOTS('',2,(#14088,#14089,#14090),
  .UNSPECIFIED.,.F.,.F.,(3,3),(0.,1.),.PIECEWISE_BEZIER_KNOTS.);
#14088 = CARTESIAN_POINT('',(26.242466747279,8.940798065296,1.3));
#14089 = CARTESIAN_POINT('',(26.385634824667,9.011995163241,1.3));
#14090 = CARTESIAN_POINT('',(26.552019347037,9.011995163241,1.3));
#14091 = VECTOR('',#14092,1.);
#14092 = DIRECTION('',(-0.,0.,1.));
#14093 = ADVANCED_FACE('',(#14094),#14105,.F.);
#14094 = FACE_BOUND('',#14095,.F.);
#14095 = EDGE_LOOP('',(#14096,#14097,#14103,#14104));
#14096 = ORIENTED_EDGE('',*,*,#3761,.T.);
#14097 = ORIENTED_EDGE('',*,*,#14098,.T.);
#14098 = EDGE_CURVE('',#3751,#8079,#14099,.T.);
#14099 = LINE('',#14100,#14101);
#14100 = CARTESIAN_POINT('',(25.957678355502,8.869600967352,1.3));
#14101 = VECTOR('',#14102,1.);
#14102 = DIRECTION('',(0.,0.,-1.));
#14103 = ORIENTED_EDGE('',*,*,#8089,.F.);
#14104 = ORIENTED_EDGE('',*,*,#14079,.F.);
#14105 = SURFACE_OF_LINEAR_EXTRUSION('',#14106,#14110);
#14106 = B_SPLINE_CURVE_WITH_KNOTS('',2,(#14107,#14108,#14109),
  .UNSPECIFIED.,.F.,.F.,(3,3),(0.,1.),.PIECEWISE_BEZIER_KNOTS.);
#14107 = CARTESIAN_POINT('',(25.957678355502,8.869600967352,1.3));
#14108 = CARTESIAN_POINT('',(26.100072551391,8.869600967352,1.3));
#14109 = CARTESIAN_POINT('',(26.242466747279,8.940798065296,1.3));
#14110 = VECTOR('',#14111,1.);
#14111 = DIRECTION('',(-0.,0.,1.));
#14112 = ADVANCED_FACE('',(#14113),#14124,.F.);
#14113 = FACE_BOUND('',#14114,.F.);
#14114 = EDGE_LOOP('',(#14115,#14116,#14122,#14123));
#14115 = ORIENTED_EDGE('',*,*,#3750,.T.);
#14116 = ORIENTED_EDGE('',*,*,#14117,.T.);
#14117 = EDGE_CURVE('',#3741,#8069,#14118,.T.);
#14118 = LINE('',#14119,#14120);
#14119 = CARTESIAN_POINT('',(25.315356711004,8.940798065296,1.3));
#14120 = VECTOR('',#14121,1.);
#14121 = DIRECTION('',(0.,0.,-1.));
#14122 = ORIENTED_EDGE('',*,*,#8078,.F.);
#14123 = ORIENTED_EDGE('',*,*,#14098,.F.);
#14124 = SURFACE_OF_LINEAR_EXTRUSION('',#14125,#14129);
#14125 = B_SPLINE_CURVE_WITH_KNOTS('',2,(#14126,#14127,#14128),
  .UNSPECIFIED.,.F.,.F.,(3,3),(0.,1.),.PIECEWISE_BEZIER_KNOTS.);
#14126 = CARTESIAN_POINT('',(25.315356711004,8.940798065296,1.3));
#14127 = CARTESIAN_POINT('',(25.648125755744,8.869600967352,1.3));
#14128 = CARTESIAN_POINT('',(25.957678355502,8.869600967352,1.3));
#14129 = VECTOR('',#14130,1.);
#14130 = DIRECTION('',(-0.,0.,1.));
#14131 = ADVANCED_FACE('',(#14132),#14143,.F.);
#14132 = FACE_BOUND('',#14133,.F.);
#14133 = EDGE_LOOP('',(#14134,#14135,#14141,#14142));
#14134 = ORIENTED_EDGE('',*,*,#3740,.T.);
#14135 = ORIENTED_EDGE('',*,*,#14136,.T.);
#14136 = EDGE_CURVE('',#3731,#8059,#14137,.T.);
#14137 = LINE('',#14138,#14139);
#14138 = CARTESIAN_POINT('',(25.006577992745,8.964788391778,1.3));
#14139 = VECTOR('',#14140,1.);
#14140 = DIRECTION('',(0.,0.,-1.));
#14141 = ORIENTED_EDGE('',*,*,#8068,.F.);
#14142 = ORIENTED_EDGE('',*,*,#14117,.F.);
#14143 = SURFACE_OF_LINEAR_EXTRUSION('',#14144,#14148);
#14144 = B_SPLINE_CURVE_WITH_KNOTS('',2,(#14145,#14146,#14147),
  .UNSPECIFIED.,.F.,.F.,(3,3),(0.,1.),.PIECEWISE_BEZIER_KNOTS.);
#14145 = CARTESIAN_POINT('',(25.006577992745,8.964788391778,1.3));
#14146 = CARTESIAN_POINT('',(25.172962515115,8.940798065296,1.3));
#14147 = CARTESIAN_POINT('',(25.315356711004,8.940798065296,1.3));
#14148 = VECTOR('',#14149,1.);
#14149 = DIRECTION('',(-0.,0.,1.));
#14150 = ADVANCED_FACE('',(#14151),#14162,.F.);
#14151 = FACE_BOUND('',#14152,.F.);
#14152 = EDGE_LOOP('',(#14153,#14154,#14160,#14161));
#14153 = ORIENTED_EDGE('',*,*,#3730,.T.);
#14154 = ORIENTED_EDGE('',*,*,#14155,.T.);
#14155 = EDGE_CURVE('',#3720,#8048,#14156,.T.);
#14156 = LINE('',#14157,#14158);
#14157 = CARTESIAN_POINT('',(24.673808948005,8.988004836759,1.3));
#14158 = VECTOR('',#14159,1.);
#14159 = DIRECTION('',(0.,0.,-1.));
#14160 = ORIENTED_EDGE('',*,*,#8058,.F.);
#14161 = ORIENTED_EDGE('',*,*,#14136,.F.);
#14162 = SURFACE_OF_LINEAR_EXTRUSION('',#14163,#14167);
#14163 = B_SPLINE_CURVE_WITH_KNOTS('',2,(#14164,#14165,#14166),
  .UNSPECIFIED.,.F.,.F.,(3,3),(0.,1.),.PIECEWISE_BEZIER_KNOTS.);
#14164 = CARTESIAN_POINT('',(24.673808948005,8.988004836759,1.3));
#14165 = CARTESIAN_POINT('',(24.840193470375,8.988004836759,1.3));
#14166 = CARTESIAN_POINT('',(25.006577992745,8.964788391778,1.3));
#14167 = VECTOR('',#14168,1.);
#14168 = DIRECTION('',(-0.,0.,1.));
#14169 = ADVANCED_FACE('',(#14170),#14181,.F.);
#14170 = FACE_BOUND('',#14171,.F.);
#14171 = EDGE_LOOP('',(#14172,#14173,#14179,#14180));
#14172 = ORIENTED_EDGE('',*,*,#3719,.T.);
#14173 = ORIENTED_EDGE('',*,*,#14174,.T.);
#14174 = EDGE_CURVE('',#3709,#8037,#14175,.T.);
#14175 = LINE('',#14176,#14177);
#14176 = CARTESIAN_POINT('',(24.519032648126,8.929189842805,1.3));
#14177 = VECTOR('',#14178,1.);
#14178 = DIRECTION('',(0.,0.,-1.));
#14179 = ORIENTED_EDGE('',*,*,#8047,.F.);
#14180 = ORIENTED_EDGE('',*,*,#14155,.F.);
#14181 = SURFACE_OF_LINEAR_EXTRUSION('',#14182,#14186);
#14182 = B_SPLINE_CURVE_WITH_KNOTS('',2,(#14183,#14184,#14185),
  .UNSPECIFIED.,.F.,.F.,(3,3),(0.,1.),.PIECEWISE_BEZIER_KNOTS.);
#14183 = CARTESIAN_POINT('',(24.519032648126,8.929189842805,1.3));
#14184 = CARTESIAN_POINT('',(24.649818621524,8.940798065296,1.3));
#14185 = CARTESIAN_POINT('',(24.673808948005,8.988004836759,1.3));
#14186 = VECTOR('',#14187,1.);
#14187 = DIRECTION('',(-0.,0.,1.));
#14188 = ADVANCED_FACE('',(#14189),#14200,.F.);
#14189 = FACE_BOUND('',#14190,.F.);
#14190 = EDGE_LOOP('',(#14191,#14192,#14198,#14199));
#14191 = ORIENTED_EDGE('',*,*,#3708,.T.);
#14192 = ORIENTED_EDGE('',*,*,#14193,.T.);
#14193 = EDGE_CURVE('',#3688,#8016,#14194,.T.);
#14194 = LINE('',#14195,#14196);
#14195 = CARTESIAN_POINT('',(24.317049576784,8.916807738815,1.3));
#14196 = VECTOR('',#14197,1.);
#14197 = DIRECTION('',(0.,0.,-1.));
#14198 = ORIENTED_EDGE('',*,*,#8036,.F.);
#14199 = ORIENTED_EDGE('',*,*,#14174,.F.);
#14200 = SURFACE_OF_LINEAR_EXTRUSION('',#14201,#14205);
#14201 = B_SPLINE_CURVE_WITH_KNOTS('',2,(#14202,#14203,#14204),
  .UNSPECIFIED.,.F.,.F.,(3,3),(0.,1.),.PIECEWISE_BEZIER_KNOTS.);
#14202 = CARTESIAN_POINT('',(24.317049576784,8.916807738815,1.3));
#14203 = CARTESIAN_POINT('',(24.388246674728,8.916807738815,1.3));
#14204 = CARTESIAN_POINT('',(24.519032648126,8.929189842805,1.3));
#14205 = VECTOR('',#14206,1.);
#14206 = DIRECTION('',(-0.,0.,1.));
#14207 = ADVANCED_FACE('',(#14208),#14219,.F.);
#14208 = FACE_BOUND('',#14209,.F.);
#14209 = EDGE_LOOP('',(#14210,#14211,#14217,#14218));
#14210 = ORIENTED_EDGE('',*,*,#3687,.T.);
#14211 = ORIENTED_EDGE('',*,*,#14212,.T.);
#14212 = EDGE_CURVE('',#3680,#8008,#14213,.T.);
#14213 = LINE('',#14214,#14215);
#14214 = CARTESIAN_POINT('',(22.558016928658,8.869600967352,1.3));
#14215 = VECTOR('',#14216,1.);
#14216 = DIRECTION('',(0.,0.,-1.));
#14217 = ORIENTED_EDGE('',*,*,#8015,.F.);
#14218 = ORIENTED_EDGE('',*,*,#14193,.F.);
#14219 = SURFACE_OF_LINEAR_EXTRUSION('',#14220,#14224);
#14220 = B_SPLINE_CURVE_WITH_KNOTS('',2,(#14221,#14222,#14223),
  .UNSPECIFIED.,.F.,.F.,(3,3),(0.,1.),.PIECEWISE_BEZIER_KNOTS.);
#14221 = CARTESIAN_POINT('',(22.558016928658,8.869600967352,1.3));
#14222 = CARTESIAN_POINT('',(23.889093107618,8.869600967352,1.3));
#14223 = CARTESIAN_POINT('',(24.317049576784,8.916807738815,1.3));
#14224 = VECTOR('',#14225,1.);
#14225 = DIRECTION('',(-0.,0.,1.));
#14226 = ADVANCED_FACE('',(#14227),#14238,.F.);
#14227 = FACE_BOUND('',#14228,.F.);
#14228 = EDGE_LOOP('',(#14229,#14230,#14236,#14237));
#14229 = ORIENTED_EDGE('',*,*,#3679,.T.);
#14230 = ORIENTED_EDGE('',*,*,#14231,.F.);
#14231 = EDGE_CURVE('',#8000,#3672,#14232,.T.);
#14232 = LINE('',#14233,#14234);
#14233 = CARTESIAN_POINT('',(21.94603456357,8.869600967352,1.3));
#14234 = VECTOR('',#14235,1.);
#14235 = DIRECTION('',(0.,-0.,1.));
#14236 = ORIENTED_EDGE('',*,*,#8007,.F.);
#14237 = ORIENTED_EDGE('',*,*,#14212,.F.);
#14238 = PLANE('',#14239);
#14239 = AXIS2_PLACEMENT_3D('',#14240,#14241,#14242);
#14240 = CARTESIAN_POINT('',(21.559709794438,8.869600967352,1.3));
#14241 = DIRECTION('',(0.,-1.,0.));
#14242 = DIRECTION('',(1.,0.,0.));
#14243 = ADVANCED_FACE('',(#14244),#14257,.T.);
#14244 = FACE_BOUND('',#14245,.T.);
#14245 = EDGE_LOOP('',(#14246,#14247,#14255,#14256));
#14246 = ORIENTED_EDGE('',*,*,#7999,.F.);
#14247 = ORIENTED_EDGE('',*,*,#14248,.T.);
#14248 = EDGE_CURVE('',#7983,#3655,#14249,.T.);
#14249 = B_SPLINE_CURVE_WITH_KNOTS('',4,(#14250,#14251,#14252,#14253,
    #14254),.UNSPECIFIED.,.F.,.F.,(5,5),(0.,1.),
  .PIECEWISE_BEZIER_KNOTS.);
#14250 = CARTESIAN_POINT('',(21.94603456357,16.124698029127,-1.E-01));
#14251 = CARTESIAN_POINT('',(21.94603456357,16.124698029127,
    0.249999999965));
#14252 = CARTESIAN_POINT('',(21.94603456357,16.124698029127,0.6));
#14253 = CARTESIAN_POINT('',(21.94603456357,16.124698029127,
    0.950000000035));
#14254 = CARTESIAN_POINT('',(21.94603456357,16.124698029127,1.3));
#14255 = ORIENTED_EDGE('',*,*,#3671,.T.);
#14256 = ORIENTED_EDGE('',*,*,#14231,.F.);
#14257 = PLANE('',#14258);
#14258 = AXIS2_PLACEMENT_3D('',#14259,#14260,#14261);
#14259 = CARTESIAN_POINT('',(21.94603456357,16.832488241482,1.3));
#14260 = DIRECTION('',(1.,0.,0.));
#14261 = DIRECTION('',(0.,0.,-1.));
#14262 = ADVANCED_FACE('',(#14263),#14274,.F.);
#14263 = FACE_BOUND('',#14264,.F.);
#14264 = EDGE_LOOP('',(#14265,#14266,#14272,#14273));
#14265 = ORIENTED_EDGE('',*,*,#3654,.T.);
#14266 = ORIENTED_EDGE('',*,*,#14267,.T.);
#14267 = EDGE_CURVE('',#3634,#7962,#14268,.T.);
#14268 = LINE('',#14269,#14270);
#14269 = CARTESIAN_POINT('',(22.034873035067,16.596033857316,1.3));
#14270 = VECTOR('',#14271,1.);
#14271 = DIRECTION('',(0.,0.,-1.));
#14272 = ORIENTED_EDGE('',*,*,#7982,.F.);
#14273 = ORIENTED_EDGE('',*,*,#14248,.T.);
#14274 = SURFACE_OF_LINEAR_EXTRUSION('',#14275,#14279);
#14275 = B_SPLINE_CURVE_WITH_KNOTS('',2,(#14276,#14277,#14278),
  .UNSPECIFIED.,.F.,.F.,(3,3),(0.,1.),.PIECEWISE_BEZIER_KNOTS.);
#14276 = CARTESIAN_POINT('',(22.034873035067,16.596033857316,1.3));
#14277 = CARTESIAN_POINT('',(21.987666263603,16.358452237001,1.3));
#14278 = CARTESIAN_POINT('',(21.797291414752,15.312164449819,1.3));
#14279 = VECTOR('',#14280,1.);
#14280 = DIRECTION('',(-0.,0.,1.));
#14281 = ADVANCED_FACE('',(#14282),#14293,.F.);
#14282 = FACE_BOUND('',#14283,.F.);
#14283 = EDGE_LOOP('',(#14284,#14285,#14291,#14292));
#14284 = ORIENTED_EDGE('',*,*,#3633,.T.);
#14285 = ORIENTED_EDGE('',*,*,#14286,.T.);
#14286 = EDGE_CURVE('',#3585,#7913,#14287,.T.);
#14287 = LINE('',#14288,#14289);
#14288 = CARTESIAN_POINT('',(22.272454655381,17.855912938331,1.3));
#14289 = VECTOR('',#14290,1.);
#14290 = DIRECTION('',(0.,0.,-1.));
#14291 = ORIENTED_EDGE('',*,*,#7961,.F.);
#14292 = ORIENTED_EDGE('',*,*,#14267,.F.);
#14293 = SURFACE_OF_LINEAR_EXTRUSION('',#14294,#14298);
#14294 = B_SPLINE_CURVE_WITH_KNOTS('',2,(#14295,#14296,#14297),
  .UNSPECIFIED.,.F.,.F.,(3,3),(0.,1.),.PIECEWISE_BEZIER_KNOTS.);
#14295 = CARTESIAN_POINT('',(22.272454655381,17.855912938331,1.3));
#14296 = CARTESIAN_POINT('',(22.201257557437,17.523143893591,1.3));
#14297 = CARTESIAN_POINT('',(22.034873035067,16.596033857316,1.3));
#14298 = VECTOR('',#14299,1.);
#14299 = DIRECTION('',(-0.,0.,1.));
#14300 = ADVANCED_FACE('',(#14301),#14312,.F.);
#14301 = FACE_BOUND('',#14302,.F.);
#14302 = EDGE_LOOP('',(#14303,#14304,#14310,#14311));
#14303 = ORIENTED_EDGE('',*,*,#3584,.F.);
#14304 = ORIENTED_EDGE('',*,*,#14305,.T.);
#14305 = EDGE_CURVE('',#3575,#7903,#14306,.T.);
#14306 = LINE('',#14307,#14308);
#14307 = CARTESIAN_POINT('',(22.438839177751,19.020604594921,1.3));
#14308 = VECTOR('',#14309,1.);
#14309 = DIRECTION('',(0.,0.,-1.));
#14310 = ORIENTED_EDGE('',*,*,#7912,.T.);
#14311 = ORIENTED_EDGE('',*,*,#14286,.F.);
#14312 = SURFACE_OF_LINEAR_EXTRUSION('',#14313,#14317);
#14313 = B_SPLINE_CURVE_WITH_KNOTS('',2,(#14314,#14315,#14316),
  .UNSPECIFIED.,.F.,.F.,(3,3),(0.,1.),.PIECEWISE_BEZIER_KNOTS.);
#14314 = CARTESIAN_POINT('',(22.438839177751,19.020604594921,1.3));
#14315 = CARTESIAN_POINT('',(22.272454655381,17.855912938331,1.3));
#14316 = CARTESIAN_POINT('',(22.272454655381,17.855912938331,1.3));
#14317 = VECTOR('',#14318,1.);
#14318 = DIRECTION('',(-0.,0.,1.));
#14319 = ADVANCED_FACE('',(#14320),#14331,.F.);
#14320 = FACE_BOUND('',#14321,.F.);
#14321 = EDGE_LOOP('',(#14322,#14323,#14329,#14330));
#14322 = ORIENTED_EDGE('',*,*,#3574,.T.);
#14323 = ORIENTED_EDGE('',*,*,#14324,.T.);
#14324 = EDGE_CURVE('',#3562,#7890,#14325,.T.);
#14325 = LINE('',#14326,#14327);
#14326 = CARTESIAN_POINT('',(22.284062877872,18.961789600967,1.3));
#14327 = VECTOR('',#14328,1.);
#14328 = DIRECTION('',(0.,0.,-1.));
#14329 = ORIENTED_EDGE('',*,*,#7902,.F.);
#14330 = ORIENTED_EDGE('',*,*,#14305,.F.);
#14331 = SURFACE_OF_LINEAR_EXTRUSION('',#14332,#14336);
#14332 = B_SPLINE_CURVE_WITH_KNOTS('',2,(#14333,#14334,#14335),
  .UNSPECIFIED.,.F.,.F.,(3,3),(0.,1.),.PIECEWISE_BEZIER_KNOTS.);
#14333 = CARTESIAN_POINT('',(22.284062877872,18.961789600967,1.3));
#14334 = CARTESIAN_POINT('',(22.367642079807,18.99738814994,1.3));
#14335 = CARTESIAN_POINT('',(22.438839177751,19.020604594921,1.3));
#14336 = VECTOR('',#14337,1.);
#14337 = DIRECTION('',(-0.,0.,1.));
#14338 = ADVANCED_FACE('',(#14339),#14350,.F.);
#14339 = FACE_BOUND('',#14340,.F.);
#14340 = EDGE_LOOP('',(#14341,#14342,#14348,#14349));
#14341 = ORIENTED_EDGE('',*,*,#3561,.T.);
#14342 = ORIENTED_EDGE('',*,*,#14343,.T.);
#14343 = EDGE_CURVE('',#3550,#7878,#14344,.T.);
#14344 = LINE('',#14345,#14346);
#14345 = CARTESIAN_POINT('',(22.106070133011,18.925417170496,1.3));
#14346 = VECTOR('',#14347,1.);
#14347 = DIRECTION('',(0.,0.,-1.));
#14348 = ORIENTED_EDGE('',*,*,#7889,.F.);
#14349 = ORIENTED_EDGE('',*,*,#14324,.F.);
#14350 = SURFACE_OF_LINEAR_EXTRUSION('',#14351,#14355);
#14351 = B_SPLINE_CURVE_WITH_KNOTS('',2,(#14352,#14353,#14354),
  .UNSPECIFIED.,.F.,.F.,(3,3),(0.,1.),.PIECEWISE_BEZIER_KNOTS.);
#14352 = CARTESIAN_POINT('',(22.106070133011,18.925417170496,1.3));
#14353 = CARTESIAN_POINT('',(22.201257557437,18.925417170496,1.3));
#14354 = CARTESIAN_POINT('',(22.284062877872,18.961789600967,1.3));
#14355 = VECTOR('',#14356,1.);
#14356 = DIRECTION('',(-0.,0.,1.));
#14357 = ADVANCED_FACE('',(#14358),#14369,.F.);
#14358 = FACE_BOUND('',#14359,.F.);
#14359 = EDGE_LOOP('',(#14360,#14361,#14367,#14368));
#14360 = ORIENTED_EDGE('',*,*,#3549,.T.);
#14361 = ORIENTED_EDGE('',*,*,#14362,.T.);
#14362 = EDGE_CURVE('',#3542,#7870,#14363,.T.);
#14363 = LINE('',#14364,#14365);
#14364 = CARTESIAN_POINT('',(21.678113663845,18.878210399033,1.3));
#14365 = VECTOR('',#14366,1.);
#14366 = DIRECTION('',(0.,0.,-1.));
#14367 = ORIENTED_EDGE('',*,*,#7877,.F.);
#14368 = ORIENTED_EDGE('',*,*,#14343,.F.);
#14369 = SURFACE_OF_LINEAR_EXTRUSION('',#14370,#14374);
#14370 = B_SPLINE_CURVE_WITH_KNOTS('',2,(#14371,#14372,#14373),
  .UNSPECIFIED.,.F.,.F.,(3,3),(0.,1.),.PIECEWISE_BEZIER_KNOTS.);
#14371 = CARTESIAN_POINT('',(21.678113663845,18.878210399033,1.3));
#14372 = CARTESIAN_POINT('',(21.963675937122,18.878210399033,1.3));
#14373 = CARTESIAN_POINT('',(22.106070133011,18.925417170496,1.3));
#14374 = VECTOR('',#14375,1.);
#14375 = DIRECTION('',(-0.,0.,1.));
#14376 = ADVANCED_FACE('',(#14377),#14388,.F.);
#14377 = FACE_BOUND('',#14378,.F.);
#14378 = EDGE_LOOP('',(#14379,#14380,#14386,#14387));
#14379 = ORIENTED_EDGE('',*,*,#3541,.T.);
#14380 = ORIENTED_EDGE('',*,*,#14381,.T.);
#14381 = EDGE_CURVE('',#3534,#7862,#14382,.T.);
#14382 = LINE('',#14383,#14384);
#14383 = CARTESIAN_POINT('',(21.630906892382,18.878210399033,1.3));
#14384 = VECTOR('',#14385,1.);
#14385 = DIRECTION('',(0.,0.,-1.));
#14386 = ORIENTED_EDGE('',*,*,#7869,.F.);
#14387 = ORIENTED_EDGE('',*,*,#14362,.F.);
#14388 = PLANE('',#14389);
#14389 = AXIS2_PLACEMENT_3D('',#14390,#14391,#14392);
#14390 = CARTESIAN_POINT('',(21.630906892382,18.878210399033,1.3));
#14391 = DIRECTION('',(0.,-1.,0.));
#14392 = DIRECTION('',(1.,0.,0.));
#14393 = ADVANCED_FACE('',(#14394),#14405,.F.);
#14394 = FACE_BOUND('',#14395,.F.);
#14395 = EDGE_LOOP('',(#14396,#14397,#14403,#14404));
#14396 = ORIENTED_EDGE('',*,*,#3533,.T.);
#14397 = ORIENTED_EDGE('',*,*,#14398,.T.);
#14398 = EDGE_CURVE('',#3526,#7854,#14399,.T.);
#14399 = LINE('',#14400,#14401);
#14400 = CARTESIAN_POINT('',(21.464522370012,18.925417170496,1.3));
#14401 = VECTOR('',#14402,1.);
#14402 = DIRECTION('',(0.,0.,-1.));
#14403 = ORIENTED_EDGE('',*,*,#7861,.F.);
#14404 = ORIENTED_EDGE('',*,*,#14381,.F.);
#14405 = PLANE('',#14406);
#14406 = AXIS2_PLACEMENT_3D('',#14407,#14408,#14409);
#14407 = CARTESIAN_POINT('',(21.464522370012,18.925417170496,1.3));
#14408 = DIRECTION('',(-0.272947724844,-0.962028866252,0.));
#14409 = DIRECTION('',(0.962028866252,-0.272947724844,0.));
#14410 = ADVANCED_FACE('',(#14411),#14422,.F.);
#14411 = FACE_BOUND('',#14412,.F.);
#14412 = EDGE_LOOP('',(#14413,#14414,#14420,#14421));
#14413 = ORIENTED_EDGE('',*,*,#3525,.T.);
#14414 = ORIENTED_EDGE('',*,*,#14415,.T.);
#14415 = EDGE_CURVE('',#3518,#7846,#14416,.T.);
#14416 = LINE('',#14417,#14418);
#14417 = CARTESIAN_POINT('',(20.251850060459,18.925417170496,1.3));
#14418 = VECTOR('',#14419,1.);
#14419 = DIRECTION('',(0.,0.,-1.));
#14420 = ORIENTED_EDGE('',*,*,#7853,.F.);
#14421 = ORIENTED_EDGE('',*,*,#14398,.F.);
#14422 = PLANE('',#14423);
#14423 = AXIS2_PLACEMENT_3D('',#14424,#14425,#14426);
#14424 = CARTESIAN_POINT('',(20.251850060459,18.925417170496,1.3));
#14425 = DIRECTION('',(0.,-1.,0.));
#14426 = DIRECTION('',(1.,0.,0.));
#14427 = ADVANCED_FACE('',(#14428),#14439,.F.);
#14428 = FACE_BOUND('',#14429,.F.);
#14429 = EDGE_LOOP('',(#14430,#14431,#14437,#14438));
#14430 = ORIENTED_EDGE('',*,*,#3517,.T.);
#14431 = ORIENTED_EDGE('',*,*,#14432,.T.);
#14432 = EDGE_CURVE('',#3506,#7834,#14433,.T.);
#14433 = LINE('',#14434,#14435);
#14434 = CARTESIAN_POINT('',(20.442224909311,17.83192261185,1.3));
#14435 = VECTOR('',#14436,1.);
#14436 = DIRECTION('',(0.,0.,-1.));
#14437 = ORIENTED_EDGE('',*,*,#7845,.F.);
#14438 = ORIENTED_EDGE('',*,*,#14415,.F.);
#14439 = PLANE('',#14440);
#14440 = AXIS2_PLACEMENT_3D('',#14441,#14442,#14443);
#14441 = CARTESIAN_POINT('',(20.442224909311,17.83192261185,1.3));
#14442 = DIRECTION('',(0.98518103545,0.171517717424,0.));
#14443 = DIRECTION('',(-0.171517717424,0.98518103545,-0.));
#14444 = ADVANCED_FACE('',(#14445),#14456,.F.);
#14445 = FACE_BOUND('',#14446,.F.);
#14446 = EDGE_LOOP('',(#14447,#14448,#14454,#14455));
#14447 = ORIENTED_EDGE('',*,*,#3505,.T.);
#14448 = ORIENTED_EDGE('',*,*,#14449,.T.);
#14449 = EDGE_CURVE('',#3494,#7822,#14450,.T.);
#14450 = LINE('',#14451,#14452);
#14451 = CARTESIAN_POINT('',(20.537412333736,17.33276904474,1.3));
#14452 = VECTOR('',#14453,1.);
#14453 = DIRECTION('',(0.,0.,-1.));
#14454 = ORIENTED_EDGE('',*,*,#7833,.F.);
#14455 = ORIENTED_EDGE('',*,*,#14432,.F.);
#14456 = SURFACE_OF_LINEAR_EXTRUSION('',#14457,#14461);
#14457 = B_SPLINE_CURVE_WITH_KNOTS('',2,(#14458,#14459,#14460),
  .UNSPECIFIED.,.F.,.F.,(3,3),(0.,1.),.PIECEWISE_BEZIER_KNOTS.);
#14458 = CARTESIAN_POINT('',(20.537412333736,17.33276904474,1.3));
#14459 = CARTESIAN_POINT('',(20.489431680774,17.49915356711,1.3));
#14460 = CARTESIAN_POINT('',(20.442224909311,17.83192261185,1.3));
#14461 = VECTOR('',#14462,1.);
#14462 = DIRECTION('',(-0.,0.,1.));
#14463 = ADVANCED_FACE('',(#14464),#14475,.F.);
#14464 = FACE_BOUND('',#14465,.F.);
#14465 = EDGE_LOOP('',(#14466,#14467,#14473,#14474));
#14466 = ORIENTED_EDGE('',*,*,#3493,.T.);
#14467 = ORIENTED_EDGE('',*,*,#14468,.T.);
#14468 = EDGE_CURVE('',#3475,#7803,#14469,.T.);
#14469 = LINE('',#14470,#14471);
#14470 = CARTESIAN_POINT('',(20.655816203144,16.548053204353,1.3));
#14471 = VECTOR('',#14472,1.);
#14472 = DIRECTION('',(0.,0.,-1.));
#14473 = ORIENTED_EDGE('',*,*,#7821,.F.);
#14474 = ORIENTED_EDGE('',*,*,#14449,.F.);
#14475 = SURFACE_OF_LINEAR_EXTRUSION('',#14476,#14480);
#14476 = B_SPLINE_CURVE_WITH_KNOTS('',2,(#14477,#14478,#14479),
  .UNSPECIFIED.,.F.,.F.,(3,3),(0.,1.),.PIECEWISE_BEZIER_KNOTS.);
#14477 = CARTESIAN_POINT('',(20.655816203144,16.548053204353,1.3));
#14478 = CARTESIAN_POINT('',(20.631825876663,16.809625151149,1.3));
#14479 = CARTESIAN_POINT('',(20.537412333736,17.33276904474,1.3));
#14480 = VECTOR('',#14481,1.);
#14481 = DIRECTION('',(-0.,0.,1.));
#14482 = ADVANCED_FACE('',(#14483),#14496,.F.);
#14483 = FACE_BOUND('',#14484,.F.);
#14484 = EDGE_LOOP('',(#14485,#14486,#14494,#14495));
#14485 = ORIENTED_EDGE('',*,*,#3474,.T.);
#14486 = ORIENTED_EDGE('',*,*,#14487,.F.);
#14487 = EDGE_CURVE('',#7795,#3467,#14488,.T.);
#14488 = B_SPLINE_CURVE_WITH_KNOTS('',4,(#14489,#14490,#14491,#14492,
    #14493),.UNSPECIFIED.,.F.,.F.,(5,5),(0.,1.),
  .PIECEWISE_BEZIER_KNOTS.);
#14489 = CARTESIAN_POINT('',(20.74603456357,16.057968442388,-1.E-01));
#14490 = CARTESIAN_POINT('',(20.74603456357,16.057968442388,
    0.249999999965));
#14491 = CARTESIAN_POINT('',(20.74603456357,16.057968442388,0.6));
#14492 = CARTESIAN_POINT('',(20.74603456357,16.057968442388,
    0.950000000035));
#14493 = CARTESIAN_POINT('',(20.74603456357,16.057968442388,1.3));
#14494 = ORIENTED_EDGE('',*,*,#7802,.F.);
#14495 = ORIENTED_EDGE('',*,*,#14468,.F.);
#14496 = SURFACE_OF_LINEAR_EXTRUSION('',#14497,#14501);
#14497 = B_SPLINE_CURVE_WITH_KNOTS('',2,(#14498,#14499,#14500),
  .UNSPECIFIED.,.F.,.F.,(3,3),(0.,1.),.PIECEWISE_BEZIER_KNOTS.);
#14498 = CARTESIAN_POINT('',(20.965368802902,14.813010882709,1.3));
#14499 = CARTESIAN_POINT('',(20.703796856106,16.310471584039,1.3));
#14500 = CARTESIAN_POINT('',(20.655816203144,16.548053204353,1.3));
#14501 = VECTOR('',#14502,1.);
#14502 = DIRECTION('',(-0.,0.,1.));
#14503 = ADVANCED_FACE('',(#14504),#14515,.F.);
#14504 = FACE_BOUND('',#14505,.F.);
#14505 = EDGE_LOOP('',(#14506,#14507,#14508,#14509));
#14506 = ORIENTED_EDGE('',*,*,#7794,.F.);
#14507 = ORIENTED_EDGE('',*,*,#14487,.T.);
#14508 = ORIENTED_EDGE('',*,*,#3466,.T.);
#14509 = ORIENTED_EDGE('',*,*,#14510,.F.);
#14510 = EDGE_CURVE('',#7787,#3459,#14511,.T.);
#14511 = LINE('',#14512,#14513);
#14512 = CARTESIAN_POINT('',(20.74603456357,8.869600967352,1.3));
#14513 = VECTOR('',#14514,1.);
#14514 = DIRECTION('',(0.,-0.,1.));
#14515 = PLANE('',#14516);
#14516 = AXIS2_PLACEMENT_3D('',#14517,#14518,#14519);
#14517 = CARTESIAN_POINT('',(20.74603456357,16.832488241482,1.3));
#14518 = DIRECTION('',(1.,0.,0.));
#14519 = DIRECTION('',(0.,0.,-1.));
#14520 = ADVANCED_FACE('',(#14521),#14532,.F.);
#14521 = FACE_BOUND('',#14522,.F.);
#14522 = EDGE_LOOP('',(#14523,#14524,#14530,#14531));
#14523 = ORIENTED_EDGE('',*,*,#3458,.T.);
#14524 = ORIENTED_EDGE('',*,*,#14525,.T.);
#14525 = EDGE_CURVE('',#3447,#7775,#14526,.T.);
#14526 = LINE('',#14527,#14528);
#14527 = CARTESIAN_POINT('',(20.371027811366,8.869600967352,1.3));
#14528 = VECTOR('',#14529,1.);
#14529 = DIRECTION('',(0.,0.,-1.));
#14530 = ORIENTED_EDGE('',*,*,#7786,.F.);
#14531 = ORIENTED_EDGE('',*,*,#14510,.T.);
#14532 = PLANE('',#14533);
#14533 = AXIS2_PLACEMENT_3D('',#14534,#14535,#14536);
#14534 = CARTESIAN_POINT('',(20.371027811366,8.869600967352,1.3));
#14535 = DIRECTION('',(0.,-1.,0.));
#14536 = DIRECTION('',(1.,0.,0.));
#14537 = ADVANCED_FACE('',(#14538),#14549,.F.);
#14538 = FACE_BOUND('',#14539,.F.);
#14539 = EDGE_LOOP('',(#14540,#14541,#14547,#14548));
#14540 = ORIENTED_EDGE('',*,*,#3446,.T.);
#14541 = ORIENTED_EDGE('',*,*,#14542,.T.);
#14542 = EDGE_CURVE('',#3436,#7764,#14543,.T.);
#14543 = LINE('',#14544,#14545);
#14544 = CARTESIAN_POINT('',(20.180652962515,8.893591293833,1.3));
#14545 = VECTOR('',#14546,1.);
#14546 = DIRECTION('',(0.,0.,-1.));
#14547 = ORIENTED_EDGE('',*,*,#7774,.F.);
#14548 = ORIENTED_EDGE('',*,*,#14525,.F.);
#14549 = SURFACE_OF_LINEAR_EXTRUSION('',#14550,#14554);
#14550 = B_SPLINE_CURVE_WITH_KNOTS('',2,(#14551,#14552,#14553),
  .UNSPECIFIED.,.F.,.F.,(3,3),(0.,1.),.PIECEWISE_BEZIER_KNOTS.);
#14551 = CARTESIAN_POINT('',(20.180652962515,8.893591293833,1.3));
#14552 = CARTESIAN_POINT('',(20.371027811366,8.893591293833,1.3));
#14553 = CARTESIAN_POINT('',(20.371027811366,8.869600967352,1.3));
#14554 = VECTOR('',#14555,1.);
#14555 = DIRECTION('',(-0.,0.,1.));
#14556 = ADVANCED_FACE('',(#14557),#14568,.F.);
#14557 = FACE_BOUND('',#14558,.F.);
#14558 = EDGE_LOOP('',(#14559,#14560,#14566,#14567));
#14559 = ORIENTED_EDGE('',*,*,#3435,.T.);
#14560 = ORIENTED_EDGE('',*,*,#14561,.T.);
#14561 = EDGE_CURVE('',#3428,#7756,#14562,.T.);
#14562 = LINE('',#14563,#14564);
#14563 = CARTESIAN_POINT('',(19.776686819831,8.916807738815,1.3));
#14564 = VECTOR('',#14565,1.);
#14565 = DIRECTION('',(0.,0.,-1.));
#14566 = ORIENTED_EDGE('',*,*,#7763,.F.);
#14567 = ORIENTED_EDGE('',*,*,#14542,.F.);
#14568 = SURFACE_OF_LINEAR_EXTRUSION('',#14569,#14573);
#14569 = B_SPLINE_CURVE_WITH_KNOTS('',2,(#14570,#14571,#14572),
  .UNSPECIFIED.,.F.,.F.,(3,3),(0.,1.),.PIECEWISE_BEZIER_KNOTS.);
#14570 = CARTESIAN_POINT('',(19.776686819831,8.916807738815,1.3));
#14571 = CARTESIAN_POINT('',(19.943071342201,8.893591293833,1.3));
#14572 = CARTESIAN_POINT('',(20.180652962515,8.893591293833,1.3));
#14573 = VECTOR('',#14574,1.);
#14574 = DIRECTION('',(-0.,0.,1.));
#14575 = ADVANCED_FACE('',(#14576),#14587,.F.);
#14576 = FACE_BOUND('',#14577,.F.);
#14577 = EDGE_LOOP('',(#14578,#14579,#14585,#14586));
#14578 = ORIENTED_EDGE('',*,*,#3427,.T.);
#14579 = ORIENTED_EDGE('',*,*,#14580,.T.);
#14580 = EDGE_CURVE('',#3420,#7748,#14581,.T.);
#14581 = LINE('',#14582,#14583);
#14582 = CARTESIAN_POINT('',(19.205562273277,8.940798065296,1.3));
#14583 = VECTOR('',#14584,1.);
#14584 = DIRECTION('',(0.,0.,-1.));
#14585 = ORIENTED_EDGE('',*,*,#7755,.F.);
#14586 = ORIENTED_EDGE('',*,*,#14561,.F.);
#14587 = PLANE('',#14588);
#14588 = AXIS2_PLACEMENT_3D('',#14589,#14590,#14591);
#14589 = CARTESIAN_POINT('',(19.205562273277,8.940798065296,1.3));
#14590 = DIRECTION('',(-4.196841067973E-02,-0.999118938117,0.));
#14591 = DIRECTION('',(0.999118938117,-4.196841067973E-02,0.));
#14592 = ADVANCED_FACE('',(#14593),#14609,.F.);
#14593 = FACE_BOUND('',#14594,.F.);
#14594 = EDGE_LOOP('',(#14595,#14596,#14602,#14603));
#14595 = ORIENTED_EDGE('',*,*,#3408,.T.);
#14596 = ORIENTED_EDGE('',*,*,#14597,.T.);
#14597 = EDGE_CURVE('',#3399,#7727,#14598,.T.);
#14598 = LINE('',#14599,#14600);
#14599 = CARTESIAN_POINT('',(18.016880290206,8.988004836759,1.3));
#14600 = VECTOR('',#14601,1.);
#14601 = DIRECTION('',(0.,0.,-1.));
#14602 = ORIENTED_EDGE('',*,*,#7736,.F.);
#14603 = ORIENTED_EDGE('',*,*,#14604,.F.);
#14604 = EDGE_CURVE('',#3409,#7737,#14605,.T.);
#14605 = LINE('',#14606,#14607);
#14606 = CARTESIAN_POINT('',(18.231245465538,8.940798065296,1.3));
#14607 = VECTOR('',#14608,1.);
#14608 = DIRECTION('',(0.,0.,-1.));
#14609 = SURFACE_OF_LINEAR_EXTRUSION('',#14610,#14614);
#14610 = B_SPLINE_CURVE_WITH_KNOTS('',2,(#14611,#14612,#14613),
  .UNSPECIFIED.,.F.,.F.,(3,3),(0.,1.),.PIECEWISE_BEZIER_KNOTS.);
#14611 = CARTESIAN_POINT('',(18.016880290206,8.988004836759,1.3));
#14612 = CARTESIAN_POINT('',(18.112067714631,8.988004836759,1.3));
#14613 = CARTESIAN_POINT('',(18.231245465538,8.940798065296,1.3));
#14614 = VECTOR('',#14615,1.);
#14615 = DIRECTION('',(-0.,0.,1.));
#14616 = ADVANCED_FACE('',(#14617),#14628,.F.);
#14617 = FACE_BOUND('',#14618,.F.);
#14618 = EDGE_LOOP('',(#14619,#14620,#14626,#14627));
#14619 = ORIENTED_EDGE('',*,*,#3398,.T.);
#14620 = ORIENTED_EDGE('',*,*,#14621,.T.);
#14621 = EDGE_CURVE('',#3388,#7716,#14622,.T.);
#14622 = LINE('',#14623,#14624);
#14623 = CARTESIAN_POINT('',(17.470519951632,8.964788391778,1.3));
#14624 = VECTOR('',#14625,1.);
#14625 = DIRECTION('',(0.,0.,-1.));
#14626 = ORIENTED_EDGE('',*,*,#7726,.F.);
#14627 = ORIENTED_EDGE('',*,*,#14597,.F.);
#14628 = SURFACE_OF_LINEAR_EXTRUSION('',#14629,#14633);
#14629 = B_SPLINE_CURVE_WITH_KNOTS('',2,(#14630,#14631,#14632),
  .UNSPECIFIED.,.F.,.F.,(3,3),(0.,1.),.PIECEWISE_BEZIER_KNOTS.);
#14630 = CARTESIAN_POINT('',(17.470519951632,8.964788391778,1.3));
#14631 = CARTESIAN_POINT('',(17.732091898428,8.988004836759,1.3));
#14632 = CARTESIAN_POINT('',(18.016880290206,8.988004836759,1.3));
#14633 = VECTOR('',#14634,1.);
#14634 = DIRECTION('',(-0.,0.,1.));
#14635 = ADVANCED_FACE('',(#14636),#14647,.F.);
#14636 = FACE_BOUND('',#14637,.F.);
#14637 = EDGE_LOOP('',(#14638,#14639,#14645,#14646));
#14638 = ORIENTED_EDGE('',*,*,#3387,.T.);
#14639 = ORIENTED_EDGE('',*,*,#14640,.T.);
#14640 = EDGE_CURVE('',#3377,#7705,#14641,.T.);
#14641 = LINE('',#14642,#14643);
#14642 = CARTESIAN_POINT('',(16.994582829504,8.940798065296,1.3));
#14643 = VECTOR('',#14644,1.);
#14644 = DIRECTION('',(0.,0.,-1.));
#14645 = ORIENTED_EDGE('',*,*,#7715,.F.);
#14646 = ORIENTED_EDGE('',*,*,#14621,.F.);
#14647 = SURFACE_OF_LINEAR_EXTRUSION('',#14648,#14652);
#14648 = B_SPLINE_CURVE_WITH_KNOTS('',2,(#14649,#14650,#14651),
  .UNSPECIFIED.,.F.,.F.,(3,3),(0.,1.),.PIECEWISE_BEZIER_KNOTS.);
#14649 = CARTESIAN_POINT('',(16.994582829504,8.940798065296,1.3));
#14650 = CARTESIAN_POINT('',(17.208948004837,8.940798065296,1.3));
#14651 = CARTESIAN_POINT('',(17.470519951632,8.964788391778,1.3));
#14652 = VECTOR('',#14653,1.);
#14653 = DIRECTION('',(-0.,0.,1.));
#14654 = ADVANCED_FACE('',(#14655),#14666,.F.);
#14655 = FACE_BOUND('',#14656,.F.);
#14656 = EDGE_LOOP('',(#14657,#14658,#14664,#14665));
#14657 = ORIENTED_EDGE('',*,*,#3376,.T.);
#14658 = ORIENTED_EDGE('',*,*,#14659,.T.);
#14659 = EDGE_CURVE('',#3366,#7694,#14660,.T.);
#14660 = LINE('',#14661,#14662);
#14661 = CARTESIAN_POINT('',(16.020266021765,8.869600967352,1.3));
#14662 = VECTOR('',#14663,1.);
#14663 = DIRECTION('',(0.,0.,-1.));
#14664 = ORIENTED_EDGE('',*,*,#7704,.F.);
#14665 = ORIENTED_EDGE('',*,*,#14640,.F.);
#14666 = SURFACE_OF_LINEAR_EXTRUSION('',#14667,#14671);
#14667 = B_SPLINE_CURVE_WITH_KNOTS('',2,(#14668,#14669,#14670),
  .UNSPECIFIED.,.F.,.F.,(3,3),(0.,1.),.PIECEWISE_BEZIER_KNOTS.);
#14668 = CARTESIAN_POINT('',(16.020266021765,8.869600967352,1.3));
#14669 = CARTESIAN_POINT('',(16.543409915357,8.869600967352,1.3));
#14670 = CARTESIAN_POINT('',(16.994582829504,8.940798065296,1.3));
#14671 = VECTOR('',#14672,1.);
#14672 = DIRECTION('',(-0.,0.,1.));
#14673 = ADVANCED_FACE('',(#14674),#14685,.F.);
#14674 = FACE_BOUND('',#14675,.F.);
#14675 = EDGE_LOOP('',(#14676,#14677,#14683,#14684));
#14676 = ORIENTED_EDGE('',*,*,#3365,.T.);
#14677 = ORIENTED_EDGE('',*,*,#14678,.T.);
#14678 = EDGE_CURVE('',#3355,#7683,#14679,.T.);
#14679 = LINE('',#14680,#14681);
#14680 = CARTESIAN_POINT('',(15.377944377267,8.940798065296,1.3));
#14681 = VECTOR('',#14682,1.);
#14682 = DIRECTION('',(0.,0.,-1.));
#14683 = ORIENTED_EDGE('',*,*,#7693,.F.);
#14684 = ORIENTED_EDGE('',*,*,#14659,.F.);
#14685 = SURFACE_OF_LINEAR_EXTRUSION('',#14686,#14690);
#14686 = B_SPLINE_CURVE_WITH_KNOTS('',2,(#14687,#14688,#14689),
  .UNSPECIFIED.,.F.,.F.,(3,3),(0.,1.),.PIECEWISE_BEZIER_KNOTS.);
#14687 = CARTESIAN_POINT('',(15.377944377267,8.940798065296,1.3));
#14688 = CARTESIAN_POINT('',(15.734703748489,8.869600967352,1.3));
#14689 = CARTESIAN_POINT('',(16.020266021765,8.869600967352,1.3));
#14690 = VECTOR('',#14691,1.);
#14691 = DIRECTION('',(-0.,0.,1.));
#14692 = ADVANCED_FACE('',(#14693),#14704,.F.);
#14693 = FACE_BOUND('',#14694,.F.);
#14694 = EDGE_LOOP('',(#14695,#14696,#14702,#14703));
#14695 = ORIENTED_EDGE('',*,*,#3354,.T.);
#14696 = ORIENTED_EDGE('',*,*,#14697,.T.);
#14697 = EDGE_CURVE('',#3344,#7672,#14698,.T.);
#14698 = LINE('',#14699,#14700);
#14699 = CARTESIAN_POINT('',(14.736396614268,9.011995163241,1.3));
#14700 = VECTOR('',#14701,1.);
#14701 = DIRECTION('',(0.,0.,-1.));
#14702 = ORIENTED_EDGE('',*,*,#7682,.F.);
#14703 = ORIENTED_EDGE('',*,*,#14678,.F.);
#14704 = SURFACE_OF_LINEAR_EXTRUSION('',#14705,#14709);
#14705 = B_SPLINE_CURVE_WITH_KNOTS('',2,(#14706,#14707,#14708),
  .UNSPECIFIED.,.F.,.F.,(3,3),(0.,1.),.PIECEWISE_BEZIER_KNOTS.);
#14706 = CARTESIAN_POINT('',(14.736396614268,9.011995163241,1.3));
#14707 = CARTESIAN_POINT('',(15.021958887545,9.011995163241,1.3));
#14708 = CARTESIAN_POINT('',(15.377944377267,8.940798065296,1.3));
#14709 = VECTOR('',#14710,1.);
#14710 = DIRECTION('',(-0.,0.,1.));
#14711 = ADVANCED_FACE('',(#14712),#14723,.F.);
#14712 = FACE_BOUND('',#14713,.F.);
#14713 = EDGE_LOOP('',(#14714,#14715,#14721,#14722));
#14714 = ORIENTED_EDGE('',*,*,#3343,.T.);
#14715 = ORIENTED_EDGE('',*,*,#14716,.T.);
#14716 = EDGE_CURVE('',#3336,#7664,#14717,.T.);
#14717 = LINE('',#14718,#14719);
#14718 = CARTESIAN_POINT('',(14.665199516324,8.988004836759,1.3));
#14719 = VECTOR('',#14720,1.);
#14720 = DIRECTION('',(0.,0.,-1.));
#14721 = ORIENTED_EDGE('',*,*,#7671,.F.);
#14722 = ORIENTED_EDGE('',*,*,#14697,.F.);
#14723 = SURFACE_OF_LINEAR_EXTRUSION('',#14724,#14728);
#14724 = B_SPLINE_CURVE_WITH_KNOTS('',2,(#14725,#14726,#14727),
  .UNSPECIFIED.,.F.,.F.,(3,3),(0.,1.),.PIECEWISE_BEZIER_KNOTS.);
#14725 = CARTESIAN_POINT('',(14.665199516324,8.988004836759,1.3));
#14726 = CARTESIAN_POINT('',(14.665199516324,9.011995163241,1.3));
#14727 = CARTESIAN_POINT('',(14.736396614268,9.011995163241,1.3));
#14728 = VECTOR('',#14729,1.);
#14729 = DIRECTION('',(-0.,0.,1.));
#14730 = ADVANCED_FACE('',(#14731),#14742,.F.);
#14731 = FACE_BOUND('',#14732,.F.);
#14732 = EDGE_LOOP('',(#14733,#14734,#14740,#14741));
#14733 = ORIENTED_EDGE('',*,*,#3335,.T.);
#14734 = ORIENTED_EDGE('',*,*,#14735,.T.);
#14735 = EDGE_CURVE('',#3321,#7649,#14736,.T.);
#14736 = LINE('',#14737,#14738);
#14737 = CARTESIAN_POINT('',(14.546021765417,8.988004836759,1.3));
#14738 = VECTOR('',#14739,1.);
#14739 = DIRECTION('',(0.,0.,-1.));
#14740 = ORIENTED_EDGE('',*,*,#7663,.F.);
#14741 = ORIENTED_EDGE('',*,*,#14716,.F.);
#14742 = PLANE('',#14743);
#14743 = AXIS2_PLACEMENT_3D('',#14744,#14745,#14746);
#14744 = CARTESIAN_POINT('',(14.546021765417,8.988004836759,1.3));
#14745 = DIRECTION('',(0.,-1.,0.));
#14746 = DIRECTION('',(1.,0.,0.));
#14747 = ADVANCED_FACE('',(#14748),#14759,.F.);
#14748 = FACE_BOUND('',#14749,.F.);
#14749 = EDGE_LOOP('',(#14750,#14751,#14757,#14758));
#14750 = ORIENTED_EDGE('',*,*,#3320,.T.);
#14751 = ORIENTED_EDGE('',*,*,#14752,.T.);
#14752 = EDGE_CURVE('',#3310,#7638,#14753,.T.);
#14753 = LINE('',#14754,#14755);
#14754 = CARTESIAN_POINT('',(14.379637243047,9.107182587666,1.3));
#14755 = VECTOR('',#14756,1.);
#14756 = DIRECTION('',(0.,0.,-1.));
#14757 = ORIENTED_EDGE('',*,*,#7648,.F.);
#14758 = ORIENTED_EDGE('',*,*,#14735,.F.);
#14759 = SURFACE_OF_LINEAR_EXTRUSION('',#14760,#14764);
#14760 = B_SPLINE_CURVE_WITH_KNOTS('',2,(#14761,#14762,#14763),
  .UNSPECIFIED.,.F.,.F.,(3,3),(0.,1.),.PIECEWISE_BEZIER_KNOTS.);
#14761 = CARTESIAN_POINT('',(14.379637243047,9.107182587666,1.3));
#14762 = CARTESIAN_POINT('',(14.450834340992,9.011995163241,1.3));
#14763 = CARTESIAN_POINT('',(14.546021765417,8.988004836759,1.3));
#14764 = VECTOR('',#14765,1.);
#14765 = DIRECTION('',(-0.,0.,1.));
#14766 = ADVANCED_FACE('',(#14767),#14778,.F.);
#14767 = FACE_BOUND('',#14768,.F.);
#14768 = EDGE_LOOP('',(#14769,#14770,#14776,#14777));
#14769 = ORIENTED_EDGE('',*,*,#3309,.T.);
#14770 = ORIENTED_EDGE('',*,*,#14771,.T.);
#14771 = EDGE_CURVE('',#3302,#7630,#14772,.T.);
#14772 = LINE('',#14773,#14774);
#14773 = CARTESIAN_POINT('',(14.308440145103,9.249576783555,1.3));
#14774 = VECTOR('',#14775,1.);
#14775 = DIRECTION('',(0.,0.,-1.));
#14776 = ORIENTED_EDGE('',*,*,#7637,.F.);
#14777 = ORIENTED_EDGE('',*,*,#14752,.F.);
#14778 = SURFACE_OF_LINEAR_EXTRUSION('',#14779,#14783);
#14779 = B_SPLINE_CURVE_WITH_KNOTS('',2,(#14780,#14781,#14782),
  .UNSPECIFIED.,.F.,.F.,(3,3),(0.,1.),.PIECEWISE_BEZIER_KNOTS.);
#14780 = CARTESIAN_POINT('',(14.308440145103,9.249576783555,1.3));
#14781 = CARTESIAN_POINT('',(14.308440145103,9.202370012092,1.3));
#14782 = CARTESIAN_POINT('',(14.379637243047,9.107182587666,1.3));
#14783 = VECTOR('',#14784,1.);
#14784 = DIRECTION('',(-0.,0.,1.));
#14785 = ADVANCED_FACE('',(#14786),#14797,.F.);
#14786 = FACE_BOUND('',#14787,.F.);
#14787 = EDGE_LOOP('',(#14788,#14789,#14795,#14796));
#14788 = ORIENTED_EDGE('',*,*,#3301,.T.);
#14789 = ORIENTED_EDGE('',*,*,#14790,.T.);
#14790 = EDGE_CURVE('',#3289,#7617,#14791,.T.);
#14791 = LINE('',#14792,#14793);
#14792 = CARTESIAN_POINT('',(12.644594921403,16.762418379686,1.3));
#14793 = VECTOR('',#14794,1.);
#14794 = DIRECTION('',(0.,0.,-1.));
#14795 = ORIENTED_EDGE('',*,*,#7629,.F.);
#14796 = ORIENTED_EDGE('',*,*,#14771,.F.);
#14797 = PLANE('',#14798);
#14798 = AXIS2_PLACEMENT_3D('',#14799,#14800,#14801);
#14799 = CARTESIAN_POINT('',(12.644594921403,16.762418379686,1.3));
#14800 = DIRECTION('',(-0.976342987988,-0.216227587987,0.));
#14801 = DIRECTION('',(0.216227587987,-0.976342987988,0.));
#14802 = ADVANCED_FACE('',(#14803),#14814,.F.);
#14803 = FACE_BOUND('',#14804,.F.);
#14804 = EDGE_LOOP('',(#14805,#14806,#14812,#14813));
#14805 = ORIENTED_EDGE('',*,*,#3288,.T.);
#14806 = ORIENTED_EDGE('',*,*,#14807,.T.);
#14807 = EDGE_CURVE('',#3278,#7606,#14808,.T.);
#14808 = LINE('',#14809,#14810);
#14809 = CARTESIAN_POINT('',(11.241547762999,22.65784764208,1.3));
#14810 = VECTOR('',#14811,1.);
#14811 = DIRECTION('',(0.,0.,-1.));
#14812 = ORIENTED_EDGE('',*,*,#7616,.F.);
#14813 = ORIENTED_EDGE('',*,*,#14790,.F.);
#14814 = SURFACE_OF_LINEAR_EXTRUSION('',#14815,#14819);
#14815 = B_SPLINE_CURVE_WITH_KNOTS('',2,(#14816,#14817,#14818),
  .UNSPECIFIED.,.F.,.F.,(3,3),(0.,1.),.PIECEWISE_BEZIER_KNOTS.);
#14816 = CARTESIAN_POINT('',(11.241547762999,22.65784764208,1.3));
#14817 = CARTESIAN_POINT('',(11.955066505441,19.306166868198,1.3));
#14818 = CARTESIAN_POINT('',(12.644594921403,16.762418379686,1.3));
#14819 = VECTOR('',#14820,1.);
#14820 = DIRECTION('',(-0.,0.,1.));
#14821 = ADVANCED_FACE('',(#14822),#14833,.F.);
#14822 = FACE_BOUND('',#14823,.F.);
#14823 = EDGE_LOOP('',(#14824,#14825,#14831,#14832));
#14824 = ORIENTED_EDGE('',*,*,#3277,.T.);
#14825 = ORIENTED_EDGE('',*,*,#14826,.T.);
#14826 = EDGE_CURVE('',#3266,#7594,#14827,.T.);
#14827 = LINE('',#14828,#14829);
#14828 = CARTESIAN_POINT('',(11.181958887545,22.931801692866,1.3));
#14829 = VECTOR('',#14830,1.);
#14830 = DIRECTION('',(0.,0.,-1.));
#14831 = ORIENTED_EDGE('',*,*,#7605,.F.);
#14832 = ORIENTED_EDGE('',*,*,#14807,.F.);
#14833 = SURFACE_OF_LINEAR_EXTRUSION('',#14834,#14838);
#14834 = B_SPLINE_CURVE_WITH_KNOTS('',2,(#14835,#14836,#14837),
  .UNSPECIFIED.,.F.,.F.,(3,3),(0.,1.),.PIECEWISE_BEZIER_KNOTS.);
#14835 = CARTESIAN_POINT('',(11.181958887545,22.931801692866,1.3));
#14836 = CARTESIAN_POINT('',(11.217557436518,22.753035066505,1.3));
#14837 = CARTESIAN_POINT('',(11.241547762999,22.65784764208,1.3));
#14838 = VECTOR('',#14839,1.);
#14839 = DIRECTION('',(-0.,0.,1.));
#14840 = ADVANCED_FACE('',(#14841),#14852,.F.);
#14841 = FACE_BOUND('',#14842,.F.);
#14842 = EDGE_LOOP('',(#14843,#14844,#14850,#14851));
#14843 = ORIENTED_EDGE('',*,*,#3265,.T.);
#14844 = ORIENTED_EDGE('',*,*,#14845,.T.);
#14845 = EDGE_CURVE('',#3253,#7581,#14846,.T.);
#14846 = LINE('',#14847,#14848);
#14847 = CARTESIAN_POINT('',(11.09915356711,23.419347037485,1.3));
#14848 = VECTOR('',#14849,1.);
#14849 = DIRECTION('',(0.,0.,-1.));
#14850 = ORIENTED_EDGE('',*,*,#7593,.F.);
#14851 = ORIENTED_EDGE('',*,*,#14826,.F.);
#14852 = SURFACE_OF_LINEAR_EXTRUSION('',#14853,#14857);
#14853 = B_SPLINE_CURVE_WITH_KNOTS('',2,(#14854,#14855,#14856),
  .UNSPECIFIED.,.F.,.F.,(3,3),(0.,1.),.PIECEWISE_BEZIER_KNOTS.);
#14854 = CARTESIAN_POINT('',(11.09915356711,23.419347037485,1.3));
#14855 = CARTESIAN_POINT('',(11.146360338573,23.109794437727,1.3));
#14856 = CARTESIAN_POINT('',(11.181958887545,22.931801692866,1.3));
#14857 = VECTOR('',#14858,1.);
#14858 = DIRECTION('',(-0.,0.,1.));
#14859 = ADVANCED_FACE('',(#14860),#14871,.F.);
#14860 = FACE_BOUND('',#14861,.F.);
#14861 = EDGE_LOOP('',(#14862,#14863,#14869,#14870));
#14862 = ORIENTED_EDGE('',*,*,#3252,.T.);
#14863 = ORIENTED_EDGE('',*,*,#14864,.T.);
#14864 = EDGE_CURVE('',#3242,#7570,#14865,.T.);
#14865 = LINE('',#14866,#14867);
#14866 = CARTESIAN_POINT('',(11.003966142684,24.132091898428,1.3));
#14867 = VECTOR('',#14868,1.);
#14868 = DIRECTION('',(0.,0.,-1.));
#14869 = ORIENTED_EDGE('',*,*,#7580,.F.);
#14870 = ORIENTED_EDGE('',*,*,#14845,.F.);
#14871 = SURFACE_OF_LINEAR_EXTRUSION('',#14872,#14876);
#14872 = B_SPLINE_CURVE_WITH_KNOTS('',2,(#14873,#14874,#14875),
  .UNSPECIFIED.,.F.,.F.,(3,3),(0.,1.),.PIECEWISE_BEZIER_KNOTS.);
#14873 = CARTESIAN_POINT('',(11.003966142684,24.132091898428,1.3));
#14874 = CARTESIAN_POINT('',(11.003966142684,23.894510278114,1.3));
#14875 = CARTESIAN_POINT('',(11.09915356711,23.419347037485,1.3));
#14876 = VECTOR('',#14877,1.);
#14877 = DIRECTION('',(-0.,0.,1.));
#14878 = ADVANCED_FACE('',(#14879),#14885,.F.);
#14879 = FACE_BOUND('',#14880,.F.);
#14880 = EDGE_LOOP('',(#14881,#14882,#14883,#14884));
#14881 = ORIENTED_EDGE('',*,*,#3241,.T.);
#14882 = ORIENTED_EDGE('',*,*,#13280,.T.);
#14883 = ORIENTED_EDGE('',*,*,#7569,.F.);
#14884 = ORIENTED_EDGE('',*,*,#14864,.F.);
#14885 = SURFACE_OF_LINEAR_EXTRUSION('',#14886,#14890);
#14886 = B_SPLINE_CURVE_WITH_KNOTS('',2,(#14887,#14888,#14889),
  .UNSPECIFIED.,.F.,.F.,(3,3),(0.,1.),.PIECEWISE_BEZIER_KNOTS.);
#14887 = CARTESIAN_POINT('',(11.027956469166,24.369673518742,1.3));
#14888 = CARTESIAN_POINT('',(11.003966142684,24.298476420798,1.3));
#14889 = CARTESIAN_POINT('',(11.003966142684,24.132091898428,1.3));
#14890 = VECTOR('',#14891,1.);
#14891 = DIRECTION('',(-0.,0.,1.));
#14892 = ADVANCED_FACE('',(#14893),#14918,.F.);
#14893 = FACE_BOUND('',#14894,.F.);
#14894 = EDGE_LOOP('',(#14895,#14903,#14911,#14917));
#14895 = ORIENTED_EDGE('',*,*,#14896,.F.);
#14896 = EDGE_CURVE('',#14897,#40,#14899,.T.);
#14897 = VERTEX_POINT('',#14898);
#14898 = CARTESIAN_POINT('',(107.5,2.,6.5));
#14899 = LINE('',#14900,#14901);
#14900 = CARTESIAN_POINT('',(107.5,2.,6.5));
#14901 = VECTOR('',#14902,1.);
#14902 = DIRECTION('',(0.,0.,-1.));
#14903 = ORIENTED_EDGE('',*,*,#14904,.F.);
#14904 = EDGE_CURVE('',#14905,#14897,#14907,.T.);
#14905 = VERTEX_POINT('',#14906);
#14906 = CARTESIAN_POINT('',(0.,2.,6.5));
#14907 = LINE('',#14908,#14909);
#14908 = CARTESIAN_POINT('',(0.,2.,6.5));
#14909 = VECTOR('',#14910,1.);
#14910 = DIRECTION('',(1.,0.,0.));
#14911 = ORIENTED_EDGE('',*,*,#14912,.T.);
#14912 = EDGE_CURVE('',#14905,#24,#14913,.T.);
#14913 = LINE('',#14914,#14915);
#14914 = CARTESIAN_POINT('',(0.,2.,6.5));
#14915 = VECTOR('',#14916,1.);
#14916 = DIRECTION('',(0.,0.,-1.));
#14917 = ORIENTED_EDGE('',*,*,#47,.F.);
#14918 = PLANE('',#14919);
#14919 = AXIS2_PLACEMENT_3D('',#14920,#14921,#14922);
#14920 = CARTESIAN_POINT('',(0.,2.,6.5));
#14921 = DIRECTION('',(0.,-1.,0.));
#14922 = DIRECTION('',(0.,0.,-1.));
#14923 = ADVANCED_FACE('',(#14924),#14942,.F.);
#14924 = FACE_BOUND('',#14925,.F.);
#14925 = EDGE_LOOP('',(#14926,#14934,#14940,#14941));
#14926 = ORIENTED_EDGE('',*,*,#14927,.F.);
#14927 = EDGE_CURVE('',#14928,#32,#14930,.T.);
#14928 = VERTEX_POINT('',#14929);
#14929 = CARTESIAN_POINT('',(107.5,32.,6.5));
#14930 = LINE('',#14931,#14932);
#14931 = CARTESIAN_POINT('',(107.5,32.,6.5));
#14932 = VECTOR('',#14933,1.);
#14933 = DIRECTION('',(0.,0.,-1.));
#14934 = ORIENTED_EDGE('',*,*,#14935,.T.);
#14935 = EDGE_CURVE('',#14928,#14897,#14936,.T.);
#14936 = LINE('',#14937,#14938);
#14937 = CARTESIAN_POINT('',(107.5,32.,6.5));
#14938 = VECTOR('',#14939,1.);
#14939 = DIRECTION('',(0.,-1.,0.));
#14940 = ORIENTED_EDGE('',*,*,#14896,.T.);
#14941 = ORIENTED_EDGE('',*,*,#39,.F.);
#14942 = PLANE('',#14943);
#14943 = AXIS2_PLACEMENT_3D('',#14944,#14945,#14946);
#14944 = CARTESIAN_POINT('',(107.5,32.,6.5));
#14945 = DIRECTION('',(1.,0.,0.));
#14946 = DIRECTION('',(0.,0.,-1.));
#14947 = ADVANCED_FACE('',(#14948),#14973,.T.);
#14948 = FACE_BOUND('',#14949,.T.);
#14949 = EDGE_LOOP('',(#14950,#14951,#14959,#14965,#14966,#14967));
#14950 = ORIENTED_EDGE('',*,*,#4365,.T.);
#14951 = ORIENTED_EDGE('',*,*,#14952,.F.);
#14952 = EDGE_CURVE('',#14953,#4368,#14955,.T.);
#14953 = VERTEX_POINT('',#14954);
#14954 = CARTESIAN_POINT('',(0.,0.,6.5));
#14955 = LINE('',#14956,#14957);
#14956 = CARTESIAN_POINT('',(0.,0.,1.2));
#14957 = VECTOR('',#14958,1.);
#14958 = DIRECTION('',(0.,0.,-1.));
#14959 = ORIENTED_EDGE('',*,*,#14960,.F.);
#14960 = EDGE_CURVE('',#14905,#14953,#14961,.T.);
#14961 = LINE('',#14962,#14963);
#14962 = CARTESIAN_POINT('',(0.,2.,6.5));
#14963 = VECTOR('',#14964,1.);
#14964 = DIRECTION('',(0.,-1.,0.));
#14965 = ORIENTED_EDGE('',*,*,#14912,.T.);
#14966 = ORIENTED_EDGE('',*,*,#21,.F.);
#14967 = ORIENTED_EDGE('',*,*,#14968,.T.);
#14968 = EDGE_CURVE('',#22,#4366,#14969,.T.);
#14969 = LINE('',#14970,#14971);
#14970 = CARTESIAN_POINT('',(0.,32.,1.2));
#14971 = VECTOR('',#14972,1.);
#14972 = DIRECTION('',(0.,0.,-1.));
#14973 = PLANE('',#14974);
#14974 = AXIS2_PLACEMENT_3D('',#14975,#14976,#14977);
#14975 = CARTESIAN_POINT('',(0.,13.935064935065,1.185064935065));
#14976 = DIRECTION('',(-1.,0.,0.));
#14977 = DIRECTION('',(0.,0.,1.));
#14978 = ADVANCED_FACE('',(#14979),#14997,.T.);
#14979 = FACE_BOUND('',#14980,.T.);
#14980 = EDGE_LOOP('',(#14981,#14989,#14995,#14996));
#14981 = ORIENTED_EDGE('',*,*,#14982,.F.);
#14982 = EDGE_CURVE('',#14983,#4384,#14985,.T.);
#14983 = VERTEX_POINT('',#14984);
#14984 = CARTESIAN_POINT('',(109.5,0.,6.5));
#14985 = LINE('',#14986,#14987);
#14986 = CARTESIAN_POINT('',(109.5,0.,1.2));
#14987 = VECTOR('',#14988,1.);
#14988 = DIRECTION('',(0.,0.,-1.));
#14989 = ORIENTED_EDGE('',*,*,#14990,.F.);
#14990 = EDGE_CURVE('',#14953,#14983,#14991,.T.);
#14991 = LINE('',#14992,#14993);
#14992 = CARTESIAN_POINT('',(0.,0.,6.5));
#14993 = VECTOR('',#14994,1.);
#14994 = DIRECTION('',(1.,0.,0.));
#14995 = ORIENTED_EDGE('',*,*,#14952,.T.);
#14996 = ORIENTED_EDGE('',*,*,#4391,.T.);
#14997 = PLANE('',#14998);
#14998 = AXIS2_PLACEMENT_3D('',#14999,#15000,#15001);
#14999 = CARTESIAN_POINT('',(54.75,0.,3.25));
#15000 = DIRECTION('',(0.,-1.,0.));
#15001 = DIRECTION('',(0.,0.,-1.));
#15002 = ADVANCED_FACE('',(#15003),#15023,.T.);
#15003 = FACE_BOUND('',#15004,.T.);
#15004 = EDGE_LOOP('',(#15005,#15006,#15007,#15015,#15021,#15022));
#15005 = ORIENTED_EDGE('',*,*,#31,.T.);
#15006 = ORIENTED_EDGE('',*,*,#14927,.F.);
#15007 = ORIENTED_EDGE('',*,*,#15008,.T.);
#15008 = EDGE_CURVE('',#14928,#15009,#15011,.T.);
#15009 = VERTEX_POINT('',#15010);
#15010 = CARTESIAN_POINT('',(109.5,32.,6.5));
#15011 = LINE('',#15012,#15013);
#15012 = CARTESIAN_POINT('',(107.5,32.,6.5));
#15013 = VECTOR('',#15014,1.);
#15014 = DIRECTION('',(1.,0.,0.));
#15015 = ORIENTED_EDGE('',*,*,#15016,.T.);
#15016 = EDGE_CURVE('',#15009,#4376,#15017,.T.);
#15017 = LINE('',#15018,#15019);
#15018 = CARTESIAN_POINT('',(109.5,32.,6.5));
#15019 = VECTOR('',#15020,1.);
#15020 = DIRECTION('',(0.,0.,-1.));
#15021 = ORIENTED_EDGE('',*,*,#4375,.F.);
#15022 = ORIENTED_EDGE('',*,*,#14968,.F.);
#15023 = PLANE('',#15024);
#15024 = AXIS2_PLACEMENT_3D('',#15025,#15026,#15027);
#15025 = CARTESIAN_POINT('',(57.205818965517,32.,0.794181034483));
#15026 = DIRECTION('',(-0.,1.,0.));
#15027 = DIRECTION('',(0.,0.,1.));
#15028 = ADVANCED_FACE('',(#15029),#15040,.T.);
#15029 = FACE_BOUND('',#15030,.T.);
#15030 = EDGE_LOOP('',(#15031,#15032,#15033,#15034));
#15031 = ORIENTED_EDGE('',*,*,#14982,.T.);
#15032 = ORIENTED_EDGE('',*,*,#4383,.F.);
#15033 = ORIENTED_EDGE('',*,*,#15016,.F.);
#15034 = ORIENTED_EDGE('',*,*,#15035,.T.);
#15035 = EDGE_CURVE('',#15009,#14983,#15036,.T.);
#15036 = LINE('',#15037,#15038);
#15037 = CARTESIAN_POINT('',(109.5,32.,6.5));
#15038 = VECTOR('',#15039,1.);
#15039 = DIRECTION('',(0.,-1.,0.));
#15040 = PLANE('',#15041);
#15041 = AXIS2_PLACEMENT_3D('',#15042,#15043,#15044);
#15042 = CARTESIAN_POINT('',(109.5,16.,3.25));
#15043 = DIRECTION('',(1.,0.,0.));
#15044 = DIRECTION('',(0.,0.,-1.));
#15045 = ADVANCED_FACE('',(#15046),#15052,.T.);
#15046 = FACE_BOUND('',#15047,.T.);
#15047 = EDGE_LOOP('',(#15048,#15049,#15050,#15051));
#15048 = ORIENTED_EDGE('',*,*,#526,.F.);
#15049 = ORIENTED_EDGE('',*,*,#9262,.T.);
#15050 = ORIENTED_EDGE('',*,*,#4854,.T.);
#15051 = ORIENTED_EDGE('',*,*,#9288,.F.);
#15052 = PLANE('',#15053);
#15053 = AXIS2_PLACEMENT_3D('',#15054,#15055,#15056);
#15054 = CARTESIAN_POINT('',(32.964401451028,12.150471584039,0.6));
#15055 = DIRECTION('',(1.,0.,0.));
#15056 = DIRECTION('',(0.,0.,-1.));
#15057 = ADVANCED_FACE('',(#15058),#15064,.T.);
#15058 = FACE_BOUND('',#15059,.T.);
#15059 = EDGE_LOOP('',(#15060,#15061,#15062,#15063));
#15060 = ORIENTED_EDGE('',*,*,#4262,.F.);
#15061 = ORIENTED_EDGE('',*,*,#13350,.T.);
#15062 = ORIENTED_EDGE('',*,*,#8590,.T.);
#15063 = ORIENTED_EDGE('',*,*,#13376,.F.);
#15064 = PLANE('',#15065);
#15065 = AXIS2_PLACEMENT_3D('',#15066,#15067,#15068);
#15066 = CARTESIAN_POINT('',(15.223555018138,24.797629987908,0.6));
#15067 = DIRECTION('',(0.,-1.,0.));
#15068 = DIRECTION('',(0.,0.,-1.));
#15069 = ADVANCED_FACE('',(#15070),#15076,.T.);
#15070 = FACE_BOUND('',#15071,.T.);
#15071 = EDGE_LOOP('',(#15072,#15073,#15074,#15075));
#15072 = ORIENTED_EDGE('',*,*,#4027,.F.);
#15073 = ORIENTED_EDGE('',*,*,#13663,.T.);
#15074 = ORIENTED_EDGE('',*,*,#8355,.T.);
#15075 = ORIENTED_EDGE('',*,*,#13689,.F.);
#15076 = PLANE('',#15077);
#15077 = AXIS2_PLACEMENT_3D('',#15078,#15079,#15080);
#15078 = CARTESIAN_POINT('',(25.137363966143,24.797629987908,0.6));
#15079 = DIRECTION('',(0.,-1.,0.));
#15080 = DIRECTION('',(0.,0.,-1.));
#15081 = ADVANCED_FACE('',(#15082),#15088,.T.);
#15082 = FACE_BOUND('',#15083,.T.);
#15083 = EDGE_LOOP('',(#15084,#15085,#15086,#15087));
#15084 = ORIENTED_EDGE('',*,*,#246,.F.);
#15085 = ORIENTED_EDGE('',*,*,#9718,.T.);
#15086 = ORIENTED_EDGE('',*,*,#4574,.T.);
#15087 = ORIENTED_EDGE('',*,*,#9744,.F.);
#15088 = PLANE('',#15089);
#15089 = AXIS2_PLACEMENT_3D('',#15090,#15091,#15092);
#15090 = CARTESIAN_POINT('',(35.151777509069,24.821620314389,0.6));
#15091 = DIRECTION('',(0.,-1.,0.));
#15092 = DIRECTION('',(0.,0.,-1.));
#15093 = ADVANCED_FACE('',(#15094),#15100,.T.);
#15094 = FACE_BOUND('',#15095,.T.);
#15095 = EDGE_LOOP('',(#15096,#15097,#15098,#15099));
#15096 = ORIENTED_EDGE('',*,*,#3935,.F.);
#15097 = ORIENTED_EDGE('',*,*,#13797,.T.);
#15098 = ORIENTED_EDGE('',*,*,#8263,.T.);
#15099 = ORIENTED_EDGE('',*,*,#13823,.F.);
#15100 = PLANE('',#15101);
#15101 = AXIS2_PLACEMENT_3D('',#15102,#15103,#15104);
#15102 = CARTESIAN_POINT('',(28.132672309553,24.821620314389,0.6));
#15103 = DIRECTION('',(0.,-1.,0.));
#15104 = DIRECTION('',(0.,0.,-1.));
#15105 = ADVANCED_FACE('',(#15106),#15112,.T.);
#15106 = FACE_BOUND('',#15107,.T.);
#15107 = EDGE_LOOP('',(#15108,#15109,#15110,#15111));
#15108 = ORIENTED_EDGE('',*,*,#217,.F.);
#15109 = ORIENTED_EDGE('',*,*,#9737,.T.);
#15110 = ORIENTED_EDGE('',*,*,#4545,.T.);
#15111 = ORIENTED_EDGE('',*,*,#9768,.F.);
#15112 = PLANE('',#15113);
#15113 = AXIS2_PLACEMENT_3D('',#15114,#15115,#15116);
#15114 = CARTESIAN_POINT('',(39.478548972189,24.631245465538,0.6));
#15115 = DIRECTION('',(0.,-1.,0.));
#15116 = DIRECTION('',(0.,0.,-1.));
#15117 = ADVANCED_FACE('',(#15118),#15124,.T.);
#15118 = FACE_BOUND('',#15119,.T.);
#15119 = EDGE_LOOP('',(#15120,#15121,#15122,#15123));
#15120 = ORIENTED_EDGE('',*,*,#2469,.F.);
#15121 = ORIENTED_EDGE('',*,*,#10956,.T.);
#15122 = ORIENTED_EDGE('',*,*,#6797,.T.);
#15123 = ORIENTED_EDGE('',*,*,#10982,.F.);
#15124 = PLANE('',#15125);
#15125 = AXIS2_PLACEMENT_3D('',#15126,#15127,#15128);
#15126 = CARTESIAN_POINT('',(72.106166868198,24.631245465538,0.6));
#15127 = DIRECTION('',(0.,-1.,0.));
#15128 = DIRECTION('',(0.,0.,-1.));
#15129 = ADVANCED_FACE('',(#15130),#15136,.T.);
#15130 = FACE_BOUND('',#15131,.T.);
#15131 = EDGE_LOOP('',(#15132,#15133,#15134,#15135));
#15132 = ORIENTED_EDGE('',*,*,#1514,.F.);
#15133 = ORIENTED_EDGE('',*,*,#10001,.T.);
#15134 = ORIENTED_EDGE('',*,*,#5842,.T.);
#15135 = ORIENTED_EDGE('',*,*,#10025,.F.);
#15136 = PLANE('',#15137);
#15137 = AXIS2_PLACEMENT_3D('',#15138,#15139,#15140);
#15138 = CARTESIAN_POINT('',(54.468246674728,24.892817412334,0.6));
#15139 = DIRECTION('',(0.,-1.,0.));
#15140 = DIRECTION('',(0.,0.,-1.));
#15141 = ADVANCED_FACE('',(#15142),#15148,.T.);
#15142 = FACE_BOUND('',#15143,.T.);
#15143 = EDGE_LOOP('',(#15144,#15145,#15146,#15147));
#15144 = ORIENTED_EDGE('',*,*,#2453,.F.);
#15145 = ORIENTED_EDGE('',*,*,#10975,.T.);
#15146 = ORIENTED_EDGE('',*,*,#6781,.T.);
#15147 = ORIENTED_EDGE('',*,*,#11004,.F.);
#15148 = PLANE('',#15149);
#15149 = AXIS2_PLACEMENT_3D('',#15150,#15151,#15152);
#15150 = CARTESIAN_POINT('',(72.415332527207,24.096493349456,0.6));
#15151 = DIRECTION('',(-1.,0.,0.));
#15152 = DIRECTION('',(0.,0.,1.));
#15153 = ADVANCED_FACE('',(#15154),#15160,.T.);
#15154 = FACE_BOUND('',#15155,.T.);
#15155 = EDGE_LOOP('',(#15156,#15157,#15158,#15159));
#15156 = ORIENTED_EDGE('',*,*,#2370,.F.);
#15157 = ORIENTED_EDGE('',*,*,#11114,.T.);
#15158 = ORIENTED_EDGE('',*,*,#6698,.T.);
#15159 = ORIENTED_EDGE('',*,*,#11140,.F.);
#15160 = PLANE('',#15161);
#15161 = AXIS2_PLACEMENT_3D('',#15162,#15163,#15164);
#15162 = CARTESIAN_POINT('',(67.541426844015,21.552744860943,0.6));
#15163 = DIRECTION('',(-1.,0.,0.));
#15164 = DIRECTION('',(0.,0.,1.));
#15165 = ADVANCED_FACE('',(#15166),#15172,.T.);
#15166 = FACE_BOUND('',#15167,.T.);
#15167 = EDGE_LOOP('',(#15168,#15169,#15170,#15171));
#15168 = ORIENTED_EDGE('',*,*,#2284,.F.);
#15169 = ORIENTED_EDGE('',*,*,#11248,.T.);
#15170 = ORIENTED_EDGE('',*,*,#6612,.T.);
#15171 = ORIENTED_EDGE('',*,*,#11274,.F.);
#15172 = PLANE('',#15173);
#15173 = AXIS2_PLACEMENT_3D('',#15174,#15175,#15176);
#15174 = CARTESIAN_POINT('',(69.241257557437,19.377363966143,0.6));
#15175 = DIRECTION('',(0.,-1.,0.));
#15176 = DIRECTION('',(0.,0.,-1.));
#15177 = ADVANCED_FACE('',(#15178),#15184,.T.);
#15178 = FACE_BOUND('',#15179,.T.);
#15179 = EDGE_LOOP('',(#15180,#15181,#15182,#15183));
#15180 = ORIENTED_EDGE('',*,*,#1720,.F.);
#15181 = ORIENTED_EDGE('',*,*,#12075,.T.);
#15182 = ORIENTED_EDGE('',*,*,#6048,.T.);
#15183 = ORIENTED_EDGE('',*,*,#12101,.F.);
#15184 = PLANE('',#15185);
#15185 = AXIS2_PLACEMENT_3D('',#15186,#15187,#15188);
#15186 = CARTESIAN_POINT('',(62.13315598549,11.080580411125,0.6));
#15187 = DIRECTION('',(-0.,1.,0.));
#15188 = DIRECTION('',(0.,0.,1.));
#15189 = ADVANCED_FACE('',(#15190),#15196,.T.);
#15190 = FACE_BOUND('',#15191,.T.);
#15191 = EDGE_LOOP('',(#15192,#15193,#15194,#15195));
#15192 = ORIENTED_EDGE('',*,*,#2727,.F.);
#15193 = ORIENTED_EDGE('',*,*,#13057,.T.);
#15194 = ORIENTED_EDGE('',*,*,#7055,.T.);
#15195 = ORIENTED_EDGE('',*,*,#13083,.F.);
#15196 = PLANE('',#15197);
#15197 = AXIS2_PLACEMENT_3D('',#15198,#15199,#15200);
#15198 = CARTESIAN_POINT('',(75.58515114873,22.979008464329,0.6));
#15199 = DIRECTION('',(1.,0.,0.));
#15200 = DIRECTION('',(0.,0.,-1.));
#15201 = ADVANCED_FACE('',(#15202),#15208,.T.);
#15202 = FACE_BOUND('',#15203,.T.);
#15203 = EDGE_LOOP('',(#15204,#15205,#15206,#15207));
#15204 = ORIENTED_EDGE('',*,*,#4243,.F.);
#15205 = ORIENTED_EDGE('',*,*,#13369,.T.);
#15206 = ORIENTED_EDGE('',*,*,#8571,.T.);
#15207 = ORIENTED_EDGE('',*,*,#13400,.F.);
#15208 = PLANE('',#15209);
#15209 = AXIS2_PLACEMENT_3D('',#15210,#15211,#15212);
#15210 = CARTESIAN_POINT('',(17.078162031439,24.750423216445,0.6));
#15211 = DIRECTION('',(0.,-1.,0.));
#15212 = DIRECTION('',(0.,0.,-1.));
#15213 = ADVANCED_FACE('',(#15214),#15220,.T.);
#15214 = FACE_BOUND('',#15215,.T.);
#15215 = EDGE_LOOP('',(#15216,#15217,#15218,#15219));
#15216 = ORIENTED_EDGE('',*,*,#4117,.F.);
#15217 = ORIENTED_EDGE('',*,*,#13546,.T.);
#15218 = ORIENTED_EDGE('',*,*,#8445,.T.);
#15219 = ORIENTED_EDGE('',*,*,#13570,.F.);
#15220 = PLANE('',#15221);
#15221 = AXIS2_PLACEMENT_3D('',#15222,#15223,#15224);
#15222 = CARTESIAN_POINT('',(20.679806529625,21.9923095526,0.6));
#15223 = DIRECTION('',(0.,-1.,0.));
#15224 = DIRECTION('',(0.,0.,-1.));
#15225 = ADVANCED_FACE('',(#15226),#15232,.T.);
#15226 = FACE_BOUND('',#15227,.T.);
#15227 = EDGE_LOOP('',(#15228,#15229,#15230,#15231));
#15228 = ORIENTED_EDGE('',*,*,#3419,.F.);
#15229 = ORIENTED_EDGE('',*,*,#14580,.T.);
#15230 = ORIENTED_EDGE('',*,*,#7747,.T.);
#15231 = ORIENTED_EDGE('',*,*,#14604,.F.);
#15232 = PLANE('',#15233);
#15233 = AXIS2_PLACEMENT_3D('',#15234,#15235,#15236);
#15234 = CARTESIAN_POINT('',(18.718403869407,8.940798065296,0.6));
#15235 = DIRECTION('',(-0.,1.,0.));
#15236 = DIRECTION('',(0.,0.,1.));
#15237 = ADVANCED_FACE('',(#15238),#15246,.T.);
#15238 = FACE_BOUND('',#15239,.T.);
#15239 = EDGE_LOOP('',(#15240,#15241,#15242,#15243,#15244,#15245));
#15240 = ORIENTED_EDGE('',*,*,#14960,.T.);
#15241 = ORIENTED_EDGE('',*,*,#14990,.T.);
#15242 = ORIENTED_EDGE('',*,*,#15035,.F.);
#15243 = ORIENTED_EDGE('',*,*,#15008,.F.);
#15244 = ORIENTED_EDGE('',*,*,#14935,.T.);
#15245 = ORIENTED_EDGE('',*,*,#14904,.F.);
#15246 = PLANE('',#15247);
#15247 = AXIS2_PLACEMENT_3D('',#15248,#15249,#15250);
#15248 = CARTESIAN_POINT('',(66.145759717314,4.604240282686,6.5));
#15249 = DIRECTION('',(-0.,0.,1.));
#15250 = DIRECTION('',(-1.,0.,0.));
#15251 = ( GEOMETRIC_REPRESENTATION_CONTEXT(3)
GLOBAL_UNCERTAINTY_ASSIGNED_CONTEXT((#15255))
GLOBAL_UNIT_ASSIGNED_CONTEXT((#15252,#15253,#15254))
REPRESENTATION_CONTEXT('Context #1',
  '3D Context with UNIT and UNCERTAINTY') );
#15252 = ( LENGTH_UNIT() NAMED_UNIT(*) SI_UNIT(.MILLI.,.METRE.) );
#15253 = ( NAMED_UNIT(*) PLANE_ANGLE_UNIT() SI_UNIT($,.RADIAN.) );
#15254 = ( NAMED_UNIT(*) SI_UNIT($,.STERADIAN.) SOLID_ANGLE_UNIT() );
#15255 = UNCERTAINTY_MEASURE_WITH_UNIT(LENGTH_MEASURE(5.E-06),#15252,
  'distance_accuracy_value','confusion accuracy');
#15256 = PRODUCT_RELATED_PRODUCT_CATEGORY('part',$,(#7));
ENDSEC;
END-ISO-10303-21;
