ISO-10303-21;
HEADER;
FILE_DESCRIPTION(('FreeCAD Model'),'2;1');
FILE_NAME('Open CASCADE Shape Model','2026-09-21T15:44:01',('Author'),(
    ''),'Open CASCADE STEP processor 7.8','FreeCAD','Unknown');
FILE_SCHEMA(('AUTOMOTIVE_DESIGN { 1 0 10303 214 1 1 1 1 }'));
ENDSEC;
DATA;
#1 = APPLICATION_PROTOCOL_DEFINITION('international standard',
  'automotive_design',2000,#2);
#2 = APPLICATION_CONTEXT(
  'core data for automotive mechanical design processes');
#3 = SHAPE_DEFINITION_REPRESENTATION(#4,#10);
#4 = PRODUCT_DEFINITION_SHAPE('','',#5);
#5 = PRODUCT_DEFINITION('design','',#6,#9);
#6 = PRODUCT_DEFINITION_FORMATION('','',#7);
#7 = PRODUCT('LumiDualDriver','LumiDualDriver','',(#8));
#8 = PRODUCT_CONTEXT('',#2,'mechanical');
#9 = PRODUCT_DEFINITION_CONTEXT('part definition',#2,'design');
#10 = SHAPE_REPRESENTATION('',(#11,#15,#19,#23,#27,#31,#35,#39,#43,#47,
    #51,#55,#59,#63,#67,#71,#75,#79,#83,#87,#91,#95,#99,#103,#107,#111,
    #115,#119,#123,#127,#131,#135,#139,#143,#147,#151,#155,#159,#163,
    #167,#171,#175,#179,#183,#187,#191,#195,#199,#203,#207,#211,#215,
    #219,#223,#227,#231,#235,#239,#243),#247);
#11 = AXIS2_PLACEMENT_3D('',#12,#13,#14);
#12 = CARTESIAN_POINT('',(0.,0.,0.));
#13 = DIRECTION('',(0.,0.,1.));
#14 = DIRECTION('',(1.,0.,-0.));
#15 = AXIS2_PLACEMENT_3D('',#16,#17,#18);
#16 = CARTESIAN_POINT('',(0.,0.,0.));
#17 = DIRECTION('',(0.,0.,1.));
#18 = DIRECTION('',(1.,0.,0.));
#19 = AXIS2_PLACEMENT_3D('',#20,#21,#22);
#20 = CARTESIAN_POINT('',(0.,0.,0.));
#21 = DIRECTION('',(0.,0.,1.));
#22 = DIRECTION('',(1.,0.,0.));
#23 = AXIS2_PLACEMENT_3D('',#24,#25,#26);
#24 = CARTESIAN_POINT('',(0.,0.,0.));
#25 = DIRECTION('',(0.,0.,1.));
#26 = DIRECTION('',(1.,0.,0.));
#27 = AXIS2_PLACEMENT_3D('',#28,#29,#30);
#28 = CARTESIAN_POINT('',(0.,0.,0.));
#29 = DIRECTION('',(0.,0.,1.));
#30 = DIRECTION('',(1.,0.,0.));
#31 = AXIS2_PLACEMENT_3D('',#32,#33,#34);
#32 = CARTESIAN_POINT('',(0.,0.,0.));
#33 = DIRECTION('',(0.,0.,1.));
#34 = DIRECTION('',(1.,0.,0.));
#35 = AXIS2_PLACEMENT_3D('',#36,#37,#38);
#36 = CARTESIAN_POINT('',(0.,0.,0.));
#37 = DIRECTION('',(0.,0.,1.));
#38 = DIRECTION('',(1.,0.,0.));
#39 = AXIS2_PLACEMENT_3D('',#40,#41,#42);
#40 = CARTESIAN_POINT('',(0.,0.,0.));
#41 = DIRECTION('',(0.,0.,1.));
#42 = DIRECTION('',(1.,0.,0.));
#43 = AXIS2_PLACEMENT_3D('',#44,#45,#46);
#44 = CARTESIAN_POINT('',(0.,0.,0.));
#45 = DIRECTION('',(0.,0.,1.));
#46 = DIRECTION('',(1.,0.,0.));
#47 = AXIS2_PLACEMENT_3D('',#48,#49,#50);
#48 = CARTESIAN_POINT('',(0.,0.,0.));
#49 = DIRECTION('',(0.,0.,1.));
#50 = DIRECTION('',(1.,0.,0.));
#51 = AXIS2_PLACEMENT_3D('',#52,#53,#54);
#52 = CARTESIAN_POINT('',(0.,0.,0.));
#53 = DIRECTION('',(0.,0.,1.));
#54 = DIRECTION('',(1.,0.,0.));
#55 = AXIS2_PLACEMENT_3D('',#56,#57,#58);
#56 = CARTESIAN_POINT('',(0.,0.,0.));
#57 = DIRECTION('',(0.,0.,1.));
#58 = DIRECTION('',(1.,0.,0.));
#59 = AXIS2_PLACEMENT_3D('',#60,#61,#62);
#60 = CARTESIAN_POINT('',(0.,0.,0.));
#61 = DIRECTION('',(0.,0.,1.));
#62 = DIRECTION('',(1.,0.,0.));
#63 = AXIS2_PLACEMENT_3D('',#64,#65,#66);
#64 = CARTESIAN_POINT('',(0.,0.,0.));
#65 = DIRECTION('',(0.,0.,1.));
#66 = DIRECTION('',(1.,0.,0.));
#67 = AXIS2_PLACEMENT_3D('',#68,#69,#70);
#68 = CARTESIAN_POINT('',(0.,0.,0.));
#69 = DIRECTION('',(0.,0.,1.));
#70 = DIRECTION('',(1.,0.,0.));
#71 = AXIS2_PLACEMENT_3D('',#72,#73,#74);
#72 = CARTESIAN_POINT('',(0.,0.,0.));
#73 = DIRECTION('',(0.,0.,1.));
#74 = DIRECTION('',(1.,0.,0.));
#75 = AXIS2_PLACEMENT_3D('',#76,#77,#78);
#76 = CARTESIAN_POINT('',(0.,0.,0.));
#77 = DIRECTION('',(0.,0.,1.));
#78 = DIRECTION('',(1.,0.,0.));
#79 = AXIS2_PLACEMENT_3D('',#80,#81,#82);
#80 = CARTESIAN_POINT('',(0.,0.,0.));
#81 = DIRECTION('',(0.,0.,1.));
#82 = DIRECTION('',(1.,0.,0.));
#83 = AXIS2_PLACEMENT_3D('',#84,#85,#86);
#84 = CARTESIAN_POINT('',(0.,0.,0.));
#85 = DIRECTION('',(0.,0.,1.));
#86 = DIRECTION('',(1.,0.,0.));
#87 = AXIS2_PLACEMENT_3D('',#88,#89,#90);
#88 = CARTESIAN_POINT('',(0.,0.,0.));
#89 = DIRECTION('',(0.,0.,1.));
#90 = DIRECTION('',(1.,0.,0.));
#91 = AXIS2_PLACEMENT_3D('',#92,#93,#94);
#92 = CARTESIAN_POINT('',(0.,0.,0.));
#93 = DIRECTION('',(0.,0.,1.));
#94 = DIRECTION('',(1.,0.,0.));
#95 = AXIS2_PLACEMENT_3D('',#96,#97,#98);
#96 = CARTESIAN_POINT('',(0.,0.,0.));
#97 = DIRECTION('',(0.,0.,1.));
#98 = DIRECTION('',(1.,0.,0.));
#99 = AXIS2_PLACEMENT_3D('',#100,#101,#102);
#100 = CARTESIAN_POINT('',(0.,0.,0.));
#101 = DIRECTION('',(0.,0.,1.));
#102 = DIRECTION('',(1.,0.,0.));
#103 = AXIS2_PLACEMENT_3D('',#104,#105,#106);
#104 = CARTESIAN_POINT('',(0.,0.,0.));
#105 = DIRECTION('',(0.,0.,1.));
#106 = DIRECTION('',(1.,0.,0.));
#107 = AXIS2_PLACEMENT_3D('',#108,#109,#110);
#108 = CARTESIAN_POINT('',(0.,0.,0.));
#109 = DIRECTION('',(0.,0.,1.));
#110 = DIRECTION('',(1.,0.,0.));
#111 = AXIS2_PLACEMENT_3D('',#112,#113,#114);
#112 = CARTESIAN_POINT('',(0.,0.,0.));
#113 = DIRECTION('',(0.,0.,1.));
#114 = DIRECTION('',(1.,0.,0.));
#115 = AXIS2_PLACEMENT_3D('',#116,#117,#118);
#116 = CARTESIAN_POINT('',(0.,0.,0.));
#117 = DIRECTION('',(0.,0.,1.));
#118 = DIRECTION('',(1.,0.,0.));
#119 = AXIS2_PLACEMENT_3D('',#120,#121,#122);
#120 = CARTESIAN_POINT('',(0.,0.,0.));
#121 = DIRECTION('',(0.,0.,1.));
#122 = DIRECTION('',(1.,0.,0.));
#123 = AXIS2_PLACEMENT_3D('',#124,#125,#126);
#124 = CARTESIAN_POINT('',(0.,0.,0.));
#125 = DIRECTION('',(0.,0.,1.));
#126 = DIRECTION('',(1.,0.,0.));
#127 = AXIS2_PLACEMENT_3D('',#128,#129,#130);
#128 = CARTESIAN_POINT('',(0.,0.,0.));
#129 = DIRECTION('',(0.,0.,1.));
#130 = DIRECTION('',(1.,0.,0.));
#131 = AXIS2_PLACEMENT_3D('',#132,#133,#134);
#132 = CARTESIAN_POINT('',(0.,0.,0.));
#133 = DIRECTION('',(0.,0.,1.));
#134 = DIRECTION('',(1.,0.,0.));
#135 = AXIS2_PLACEMENT_3D('',#136,#137,#138);
#136 = CARTESIAN_POINT('',(0.,0.,0.));
#137 = DIRECTION('',(0.,0.,1.));
#138 = DIRECTION('',(1.,0.,0.));
#139 = AXIS2_PLACEMENT_3D('',#140,#141,#142);
#140 = CARTESIAN_POINT('',(0.,0.,0.));
#141 = DIRECTION('',(0.,0.,1.));
#142 = DIRECTION('',(1.,0.,0.));
#143 = AXIS2_PLACEMENT_3D('',#144,#145,#146);
#144 = CARTESIAN_POINT('',(0.,0.,0.));
#145 = DIRECTION('',(0.,0.,1.));
#146 = DIRECTION('',(1.,0.,0.));
#147 = AXIS2_PLACEMENT_3D('',#148,#149,#150);
#148 = CARTESIAN_POINT('',(0.,0.,0.));
#149 = DIRECTION('',(0.,0.,1.));
#150 = DIRECTION('',(1.,0.,0.));
#151 = AXIS2_PLACEMENT_3D('',#152,#153,#154);
#152 = CARTESIAN_POINT('',(0.,0.,0.));
#153 = DIRECTION('',(0.,0.,1.));
#154 = DIRECTION('',(1.,0.,0.));
#155 = AXIS2_PLACEMENT_3D('',#156,#157,#158);
#156 = CARTESIAN_POINT('',(0.,0.,0.));
#157 = DIRECTION('',(0.,0.,1.));
#158 = DIRECTION('',(1.,0.,0.));
#159 = AXIS2_PLACEMENT_3D('',#160,#161,#162);
#160 = CARTESIAN_POINT('',(0.,0.,0.));
#161 = DIRECTION('',(0.,0.,1.));
#162 = DIRECTION('',(1.,0.,0.));
#163 = AXIS2_PLACEMENT_3D('',#164,#165,#166);
#164 = CARTESIAN_POINT('',(0.,0.,0.));
#165 = DIRECTION('',(0.,0.,1.));
#166 = DIRECTION('',(1.,0.,0.));
#167 = AXIS2_PLACEMENT_3D('',#168,#169,#170);
#168 = CARTESIAN_POINT('',(0.,0.,0.));
#169 = DIRECTION('',(0.,0.,1.));
#170 = DIRECTION('',(1.,0.,0.));
#171 = AXIS2_PLACEMENT_3D('',#172,#173,#174);
#172 = CARTESIAN_POINT('',(0.,0.,0.));
#173 = DIRECTION('',(0.,0.,1.));
#174 = DIRECTION('',(1.,0.,0.));
#175 = AXIS2_PLACEMENT_3D('',#176,#177,#178);
#176 = CARTESIAN_POINT('',(0.,0.,0.));
#177 = DIRECTION('',(0.,0.,1.));
#178 = DIRECTION('',(1.,0.,0.));
#179 = AXIS2_PLACEMENT_3D('',#180,#181,#182);
#180 = CARTESIAN_POINT('',(0.,0.,0.));
#181 = DIRECTION('',(0.,0.,1.));
#182 = DIRECTION('',(1.,0.,0.));
#183 = AXIS2_PLACEMENT_3D('',#184,#185,#186);
#184 = CARTESIAN_POINT('',(0.,0.,0.));
#185 = DIRECTION('',(0.,0.,1.));
#186 = DIRECTION('',(1.,0.,0.));
#187 = AXIS2_PLACEMENT_3D('',#188,#189,#190);
#188 = CARTESIAN_POINT('',(0.,0.,0.));
#189 = DIRECTION('',(0.,0.,1.));
#190 = DIRECTION('',(1.,0.,0.));
#191 = AXIS2_PLACEMENT_3D('',#192,#193,#194);
#192 = CARTESIAN_POINT('',(0.,0.,0.));
#193 = DIRECTION('',(0.,0.,1.));
#194 = DIRECTION('',(1.,0.,0.));
#195 = AXIS2_PLACEMENT_3D('',#196,#197,#198);
#196 = CARTESIAN_POINT('',(274.04577981815,72.064895758052,0.));
#197 = DIRECTION('',(0.,0.,1.));
#198 = DIRECTION('',(-0.995335910955,-9.646981062727E-02,0.));
#199 = AXIS2_PLACEMENT_3D('',#200,#201,#202);
#200 = CARTESIAN_POINT('',(274.04577981815,72.064895758052,0.));
#201 = DIRECTION('',(0.,0.,1.));
#202 = DIRECTION('',(-0.995335910955,-9.646981062727E-02,0.));
#203 = AXIS2_PLACEMENT_3D('',#204,#205,#206);
#204 = CARTESIAN_POINT('',(0.,0.,0.));
#205 = DIRECTION('',(0.,0.,1.));
#206 = DIRECTION('',(1.,0.,0.));
#207 = AXIS2_PLACEMENT_3D('',#208,#209,#210);
#208 = CARTESIAN_POINT('',(0.,0.,0.));
#209 = DIRECTION('',(0.,0.,1.));
#210 = DIRECTION('',(1.,0.,0.));
#211 = AXIS2_PLACEMENT_3D('',#212,#213,#214);
#212 = CARTESIAN_POINT('',(0.,0.,0.));
#213 = DIRECTION('',(0.,0.,1.));
#214 = DIRECTION('',(1.,0.,0.));
#215 = AXIS2_PLACEMENT_3D('',#216,#217,#218);
#216 = CARTESIAN_POINT('',(0.,0.,0.));
#217 = DIRECTION('',(0.,0.,1.));
#218 = DIRECTION('',(1.,0.,0.));
#219 = AXIS2_PLACEMENT_3D('',#220,#221,#222);
#220 = CARTESIAN_POINT('',(0.,0.,0.));
#221 = DIRECTION('',(0.,0.,1.));
#222 = DIRECTION('',(1.,0.,0.));
#223 = AXIS2_PLACEMENT_3D('',#224,#225,#226);
#224 = CARTESIAN_POINT('',(0.,0.,0.));
#225 = DIRECTION('',(0.,0.,1.));
#226 = DIRECTION('',(1.,0.,0.));
#227 = AXIS2_PLACEMENT_3D('',#228,#229,#230);
#228 = CARTESIAN_POINT('',(0.,0.,0.));
#229 = DIRECTION('',(0.,0.,1.));
#230 = DIRECTION('',(1.,0.,0.));
#231 = AXIS2_PLACEMENT_3D('',#232,#233,#234);
#232 = CARTESIAN_POINT('',(0.,0.,0.));
#233 = DIRECTION('',(0.,0.,1.));
#234 = DIRECTION('',(1.,0.,0.));
#235 = AXIS2_PLACEMENT_3D('',#236,#237,#238);
#236 = CARTESIAN_POINT('',(0.,0.,0.));
#237 = DIRECTION('',(0.,0.,1.));
#238 = DIRECTION('',(1.,0.,0.));
#239 = AXIS2_PLACEMENT_3D('',#240,#241,#242);
#240 = CARTESIAN_POINT('',(0.,0.,0.));
#241 = DIRECTION('',(0.,0.,1.));
#242 = DIRECTION('',(1.,0.,0.));
#243 = AXIS2_PLACEMENT_3D('',#244,#245,#246);
#244 = CARTESIAN_POINT('',(0.,0.,0.));
#245 = DIRECTION('',(0.,0.,1.));
#246 = DIRECTION('',(1.,0.,0.));
#247 = ( GEOMETRIC_REPRESENTATION_CONTEXT(3) 
GLOBAL_UNCERTAINTY_ASSIGNED_CONTEXT((#251)) GLOBAL_UNIT_ASSIGNED_CONTEXT
((#248,#249,#250)) REPRESENTATION_CONTEXT('Context #1',
  '3D Context with UNIT and UNCERTAINTY') );
#248 = ( LENGTH_UNIT() NAMED_UNIT(*) SI_UNIT(.MILLI.,.METRE.) );
#249 = ( NAMED_UNIT(*) PLANE_ANGLE_UNIT() SI_UNIT($,.RADIAN.) );
#250 = ( NAMED_UNIT(*) SI_UNIT($,.STERADIAN.) SOLID_ANGLE_UNIT() );
#251 = UNCERTAINTY_MEASURE_WITH_UNIT(LENGTH_MEASURE(1.E-07),#248,
  'distance_accuracy_value','confusion accuracy');
#252 = PRODUCT_RELATED_PRODUCT_CATEGORY('part',$,(#7));
#253 = SHAPE_DEFINITION_REPRESENTATION(#254,#260);
#254 = PRODUCT_DEFINITION_SHAPE('','',#255);
#255 = PRODUCT_DEFINITION('design','',#256,#259);
#256 = PRODUCT_DEFINITION_FORMATION('','',#257);
#257 = PRODUCT('左侧木板','左侧木板','',(#258));
#258 = PRODUCT_CONTEXT('',#2,'mechanical');
#259 = PRODUCT_DEFINITION_CONTEXT('part definition',#2,'design');
#260 = ADVANCED_BREP_SHAPE_REPRESENTATION('',(#11,#261),#411);
#261 = MANIFOLD_SOLID_BREP('',#262);
#262 = CLOSED_SHELL('',(#263,#303,#343,#365,#387,#399));
#263 = ADVANCED_FACE('',(#264),#298,.F.);
#264 = FACE_BOUND('',#265,.F.);
#265 = EDGE_LOOP('',(#266,#276,#284,#292));
#266 = ORIENTED_EDGE('',*,*,#267,.F.);
#267 = EDGE_CURVE('',#268,#270,#272,.T.);
#268 = VERTEX_POINT('',#269);
#269 = CARTESIAN_POINT('',(0.,0.,26.));
#270 = VERTEX_POINT('',#271);
#271 = CARTESIAN_POINT('',(0.,0.,150.));
#272 = LINE('',#273,#274);
#273 = CARTESIAN_POINT('',(0.,0.,26.));
#274 = VECTOR('',#275,1.);
#275 = DIRECTION('',(0.,0.,1.));
#276 = ORIENTED_EDGE('',*,*,#277,.T.);
#277 = EDGE_CURVE('',#268,#278,#280,.T.);
#278 = VERTEX_POINT('',#279);
#279 = CARTESIAN_POINT('',(0.,345.5,26.));
#280 = LINE('',#281,#282);
#281 = CARTESIAN_POINT('',(0.,0.,26.));
#282 = VECTOR('',#283,1.);
#283 = DIRECTION('',(-0.,1.,0.));
#284 = ORIENTED_EDGE('',*,*,#285,.T.);
#285 = EDGE_CURVE('',#278,#286,#288,.T.);
#286 = VERTEX_POINT('',#287);
#287 = CARTESIAN_POINT('',(0.,345.5,150.));
#288 = LINE('',#289,#290);
#289 = CARTESIAN_POINT('',(0.,345.5,26.));
#290 = VECTOR('',#291,1.);
#291 = DIRECTION('',(0.,0.,1.));
#292 = ORIENTED_EDGE('',*,*,#293,.F.);
#293 = EDGE_CURVE('',#270,#286,#294,.T.);
#294 = LINE('',#295,#296);
#295 = CARTESIAN_POINT('',(0.,0.,150.));
#296 = VECTOR('',#297,1.);
#297 = DIRECTION('',(-0.,1.,0.));
#298 = PLANE('',#299);
#299 = AXIS2_PLACEMENT_3D('',#300,#301,#302);
#300 = CARTESIAN_POINT('',(0.,0.,26.));
#301 = DIRECTION('',(1.,0.,-0.));
#302 = DIRECTION('',(0.,0.,1.));
#303 = ADVANCED_FACE('',(#304),#338,.T.);
#304 = FACE_BOUND('',#305,.T.);
#305 = EDGE_LOOP('',(#306,#316,#324,#332));
#306 = ORIENTED_EDGE('',*,*,#307,.F.);
#307 = EDGE_CURVE('',#308,#310,#312,.T.);
#308 = VERTEX_POINT('',#309);
#309 = CARTESIAN_POINT('',(12.,0.,26.));
#310 = VERTEX_POINT('',#311);
#311 = CARTESIAN_POINT('',(12.,0.,150.));
#312 = LINE('',#313,#314);
#313 = CARTESIAN_POINT('',(12.,0.,26.));
#314 = VECTOR('',#315,1.);
#315 = DIRECTION('',(0.,0.,1.));
#316 = ORIENTED_EDGE('',*,*,#317,.T.);
#317 = EDGE_CURVE('',#308,#318,#320,.T.);
#318 = VERTEX_POINT('',#319);
#319 = CARTESIAN_POINT('',(12.,345.5,26.));
#320 = LINE('',#321,#322);
#321 = CARTESIAN_POINT('',(12.,0.,26.));
#322 = VECTOR('',#323,1.);
#323 = DIRECTION('',(-0.,1.,0.));
#324 = ORIENTED_EDGE('',*,*,#325,.T.);
#325 = EDGE_CURVE('',#318,#326,#328,.T.);
#326 = VERTEX_POINT('',#327);
#327 = CARTESIAN_POINT('',(12.,345.5,150.));
#328 = LINE('',#329,#330);
#329 = CARTESIAN_POINT('',(12.,345.5,26.));
#330 = VECTOR('',#331,1.);
#331 = DIRECTION('',(0.,0.,1.));
#332 = ORIENTED_EDGE('',*,*,#333,.F.);
#333 = EDGE_CURVE('',#310,#326,#334,.T.);
#334 = LINE('',#335,#336);
#335 = CARTESIAN_POINT('',(12.,0.,150.));
#336 = VECTOR('',#337,1.);
#337 = DIRECTION('',(-0.,1.,0.));
#338 = PLANE('',#339);
#339 = AXIS2_PLACEMENT_3D('',#340,#341,#342);
#340 = CARTESIAN_POINT('',(12.,0.,26.));
#341 = DIRECTION('',(1.,0.,-0.));
#342 = DIRECTION('',(0.,0.,1.));
#343 = ADVANCED_FACE('',(#344),#360,.F.);
#344 = FACE_BOUND('',#345,.F.);
#345 = EDGE_LOOP('',(#346,#352,#353,#359));
#346 = ORIENTED_EDGE('',*,*,#347,.F.);
#347 = EDGE_CURVE('',#268,#308,#348,.T.);
#348 = LINE('',#349,#350);
#349 = CARTESIAN_POINT('',(0.,0.,26.));
#350 = VECTOR('',#351,1.);
#351 = DIRECTION('',(1.,0.,-0.));
#352 = ORIENTED_EDGE('',*,*,#267,.T.);
#353 = ORIENTED_EDGE('',*,*,#354,.T.);
#354 = EDGE_CURVE('',#270,#310,#355,.T.);
#355 = LINE('',#356,#357);
#356 = CARTESIAN_POINT('',(0.,0.,150.));
#357 = VECTOR('',#358,1.);
#358 = DIRECTION('',(1.,0.,-0.));
#359 = ORIENTED_EDGE('',*,*,#307,.F.);
#360 = PLANE('',#361);
#361 = AXIS2_PLACEMENT_3D('',#362,#363,#364);
#362 = CARTESIAN_POINT('',(0.,0.,26.));
#363 = DIRECTION('',(-0.,1.,0.));
#364 = DIRECTION('',(0.,0.,1.));
#365 = ADVANCED_FACE('',(#366),#382,.T.);
#366 = FACE_BOUND('',#367,.T.);
#367 = EDGE_LOOP('',(#368,#374,#375,#381));
#368 = ORIENTED_EDGE('',*,*,#369,.F.);
#369 = EDGE_CURVE('',#278,#318,#370,.T.);
#370 = LINE('',#371,#372);
#371 = CARTESIAN_POINT('',(0.,345.5,26.));
#372 = VECTOR('',#373,1.);
#373 = DIRECTION('',(1.,0.,-0.));
#374 = ORIENTED_EDGE('',*,*,#285,.T.);
#375 = ORIENTED_EDGE('',*,*,#376,.T.);
#376 = EDGE_CURVE('',#286,#326,#377,.T.);
#377 = LINE('',#378,#379);
#378 = CARTESIAN_POINT('',(0.,345.5,150.));
#379 = VECTOR('',#380,1.);
#380 = DIRECTION('',(1.,0.,-0.));
#381 = ORIENTED_EDGE('',*,*,#325,.F.);
#382 = PLANE('',#383);
#383 = AXIS2_PLACEMENT_3D('',#384,#385,#386);
#384 = CARTESIAN_POINT('',(0.,345.5,26.));
#385 = DIRECTION('',(-0.,1.,0.));
#386 = DIRECTION('',(0.,0.,1.));
#387 = ADVANCED_FACE('',(#388),#394,.F.);
#388 = FACE_BOUND('',#389,.F.);
#389 = EDGE_LOOP('',(#390,#391,#392,#393));
#390 = ORIENTED_EDGE('',*,*,#277,.F.);
#391 = ORIENTED_EDGE('',*,*,#347,.T.);
#392 = ORIENTED_EDGE('',*,*,#317,.T.);
#393 = ORIENTED_EDGE('',*,*,#369,.F.);
#394 = PLANE('',#395);
#395 = AXIS2_PLACEMENT_3D('',#396,#397,#398);
#396 = CARTESIAN_POINT('',(0.,0.,26.));
#397 = DIRECTION('',(0.,0.,1.));
#398 = DIRECTION('',(1.,0.,-0.));
#399 = ADVANCED_FACE('',(#400),#406,.T.);
#400 = FACE_BOUND('',#401,.T.);
#401 = EDGE_LOOP('',(#402,#403,#404,#405));
#402 = ORIENTED_EDGE('',*,*,#293,.F.);
#403 = ORIENTED_EDGE('',*,*,#354,.T.);
#404 = ORIENTED_EDGE('',*,*,#333,.T.);
#405 = ORIENTED_EDGE('',*,*,#376,.F.);
#406 = PLANE('',#407);
#407 = AXIS2_PLACEMENT_3D('',#408,#409,#410);
#408 = CARTESIAN_POINT('',(0.,0.,150.));
#409 = DIRECTION('',(0.,0.,1.));
#410 = DIRECTION('',(1.,0.,-0.));
#411 = ( GEOMETRIC_REPRESENTATION_CONTEXT(3) 
GLOBAL_UNCERTAINTY_ASSIGNED_CONTEXT((#415)) GLOBAL_UNIT_ASSIGNED_CONTEXT
((#412,#413,#414)) REPRESENTATION_CONTEXT('Context #1',
  '3D Context with UNIT and UNCERTAINTY') );
#412 = ( LENGTH_UNIT() NAMED_UNIT(*) SI_UNIT(.MILLI.,.METRE.) );
#413 = ( NAMED_UNIT(*) PLANE_ANGLE_UNIT() SI_UNIT($,.RADIAN.) );
#414 = ( NAMED_UNIT(*) SI_UNIT($,.STERADIAN.) SOLID_ANGLE_UNIT() );
#415 = UNCERTAINTY_MEASURE_WITH_UNIT(LENGTH_MEASURE(1.E-07),#412,
  'distance_accuracy_value','confusion accuracy');
#416 = CONTEXT_DEPENDENT_SHAPE_REPRESENTATION(#417,#419);
#417 = ( REPRESENTATION_RELATIONSHIP('','',#260,#10) 
REPRESENTATION_RELATIONSHIP_WITH_TRANSFORMATION(#418) 
SHAPE_REPRESENTATION_RELATIONSHIP() );
#418 = ITEM_DEFINED_TRANSFORMATION('','',#11,#15);
#419 = PRODUCT_DEFINITION_SHAPE('Placement','Placement of an item',#420
  );
#420 = NEXT_ASSEMBLY_USAGE_OCCURRENCE('125','左侧木板','',#5,#255,$
  );
#421 = PRODUCT_RELATED_PRODUCT_CATEGORY('part',$,(#257));
#422 = SHAPE_DEFINITION_REPRESENTATION(#423,#429);
#423 = PRODUCT_DEFINITION_SHAPE('','',#424);
#424 = PRODUCT_DEFINITION('design','',#425,#428);
#425 = PRODUCT_DEFINITION_FORMATION('','',#426);
#426 = PRODUCT('右侧木板','右侧木板','',(#427));
#427 = PRODUCT_CONTEXT('',#2,'mechanical');
#428 = PRODUCT_DEFINITION_CONTEXT('part definition',#2,'design');
#429 = ADVANCED_BREP_SHAPE_REPRESENTATION('',(#11,#430),#580);
#430 = MANIFOLD_SOLID_BREP('',#431);
#431 = CLOSED_SHELL('',(#432,#472,#512,#534,#556,#568));
#432 = ADVANCED_FACE('',(#433),#467,.F.);
#433 = FACE_BOUND('',#434,.F.);
#434 = EDGE_LOOP('',(#435,#445,#453,#461));
#435 = ORIENTED_EDGE('',*,*,#436,.F.);
#436 = EDGE_CURVE('',#437,#439,#441,.T.);
#437 = VERTEX_POINT('',#438);
#438 = CARTESIAN_POINT('',(436.6,0.,26.));
#439 = VERTEX_POINT('',#440);
#440 = CARTESIAN_POINT('',(436.6,0.,150.));
#441 = LINE('',#442,#443);
#442 = CARTESIAN_POINT('',(436.6,0.,26.));
#443 = VECTOR('',#444,1.);
#444 = DIRECTION('',(0.,0.,1.));
#445 = ORIENTED_EDGE('',*,*,#446,.T.);
#446 = EDGE_CURVE('',#437,#447,#449,.T.);
#447 = VERTEX_POINT('',#448);
#448 = CARTESIAN_POINT('',(436.6,345.5,26.));
#449 = LINE('',#450,#451);
#450 = CARTESIAN_POINT('',(436.6,0.,26.));
#451 = VECTOR('',#452,1.);
#452 = DIRECTION('',(-0.,1.,0.));
#453 = ORIENTED_EDGE('',*,*,#454,.T.);
#454 = EDGE_CURVE('',#447,#455,#457,.T.);
#455 = VERTEX_POINT('',#456);
#456 = CARTESIAN_POINT('',(436.6,345.5,150.));
#457 = LINE('',#458,#459);
#458 = CARTESIAN_POINT('',(436.6,345.5,26.));
#459 = VECTOR('',#460,1.);
#460 = DIRECTION('',(0.,0.,1.));
#461 = ORIENTED_EDGE('',*,*,#462,.F.);
#462 = EDGE_CURVE('',#439,#455,#463,.T.);
#463 = LINE('',#464,#465);
#464 = CARTESIAN_POINT('',(436.6,0.,150.));
#465 = VECTOR('',#466,1.);
#466 = DIRECTION('',(-0.,1.,0.));
#467 = PLANE('',#468);
#468 = AXIS2_PLACEMENT_3D('',#469,#470,#471);
#469 = CARTESIAN_POINT('',(436.6,0.,26.));
#470 = DIRECTION('',(1.,0.,-0.));
#471 = DIRECTION('',(0.,0.,1.));
#472 = ADVANCED_FACE('',(#473),#507,.T.);
#473 = FACE_BOUND('',#474,.T.);
#474 = EDGE_LOOP('',(#475,#485,#493,#501));
#475 = ORIENTED_EDGE('',*,*,#476,.F.);
#476 = EDGE_CURVE('',#477,#479,#481,.T.);
#477 = VERTEX_POINT('',#478);
#478 = CARTESIAN_POINT('',(448.6,0.,26.));
#479 = VERTEX_POINT('',#480);
#480 = CARTESIAN_POINT('',(448.6,0.,150.));
#481 = LINE('',#482,#483);
#482 = CARTESIAN_POINT('',(448.6,0.,26.));
#483 = VECTOR('',#484,1.);
#484 = DIRECTION('',(0.,0.,1.));
#485 = ORIENTED_EDGE('',*,*,#486,.T.);
#486 = EDGE_CURVE('',#477,#487,#489,.T.);
#487 = VERTEX_POINT('',#488);
#488 = CARTESIAN_POINT('',(448.6,345.5,26.));
#489 = LINE('',#490,#491);
#490 = CARTESIAN_POINT('',(448.6,0.,26.));
#491 = VECTOR('',#492,1.);
#492 = DIRECTION('',(-0.,1.,0.));
#493 = ORIENTED_EDGE('',*,*,#494,.T.);
#494 = EDGE_CURVE('',#487,#495,#497,.T.);
#495 = VERTEX_POINT('',#496);
#496 = CARTESIAN_POINT('',(448.6,345.5,150.));
#497 = LINE('',#498,#499);
#498 = CARTESIAN_POINT('',(448.6,345.5,26.));
#499 = VECTOR('',#500,1.);
#500 = DIRECTION('',(0.,0.,1.));
#501 = ORIENTED_EDGE('',*,*,#502,.F.);
#502 = EDGE_CURVE('',#479,#495,#503,.T.);
#503 = LINE('',#504,#505);
#504 = CARTESIAN_POINT('',(448.6,0.,150.));
#505 = VECTOR('',#506,1.);
#506 = DIRECTION('',(-0.,1.,0.));
#507 = PLANE('',#508);
#508 = AXIS2_PLACEMENT_3D('',#509,#510,#511);
#509 = CARTESIAN_POINT('',(448.6,0.,26.));
#510 = DIRECTION('',(1.,0.,-0.));
#511 = DIRECTION('',(0.,0.,1.));
#512 = ADVANCED_FACE('',(#513),#529,.F.);
#513 = FACE_BOUND('',#514,.F.);
#514 = EDGE_LOOP('',(#515,#521,#522,#528));
#515 = ORIENTED_EDGE('',*,*,#516,.F.);
#516 = EDGE_CURVE('',#437,#477,#517,.T.);
#517 = LINE('',#518,#519);
#518 = CARTESIAN_POINT('',(436.6,0.,26.));
#519 = VECTOR('',#520,1.);
#520 = DIRECTION('',(1.,0.,-0.));
#521 = ORIENTED_EDGE('',*,*,#436,.T.);
#522 = ORIENTED_EDGE('',*,*,#523,.T.);
#523 = EDGE_CURVE('',#439,#479,#524,.T.);
#524 = LINE('',#525,#526);
#525 = CARTESIAN_POINT('',(436.6,0.,150.));
#526 = VECTOR('',#527,1.);
#527 = DIRECTION('',(1.,0.,-0.));
#528 = ORIENTED_EDGE('',*,*,#476,.F.);
#529 = PLANE('',#530);
#530 = AXIS2_PLACEMENT_3D('',#531,#532,#533);
#531 = CARTESIAN_POINT('',(436.6,0.,26.));
#532 = DIRECTION('',(-0.,1.,0.));
#533 = DIRECTION('',(0.,0.,1.));
#534 = ADVANCED_FACE('',(#535),#551,.T.);
#535 = FACE_BOUND('',#536,.T.);
#536 = EDGE_LOOP('',(#537,#543,#544,#550));
#537 = ORIENTED_EDGE('',*,*,#538,.F.);
#538 = EDGE_CURVE('',#447,#487,#539,.T.);
#539 = LINE('',#540,#541);
#540 = CARTESIAN_POINT('',(436.6,345.5,26.));
#541 = VECTOR('',#542,1.);
#542 = DIRECTION('',(1.,0.,-0.));
#543 = ORIENTED_EDGE('',*,*,#454,.T.);
#544 = ORIENTED_EDGE('',*,*,#545,.T.);
#545 = EDGE_CURVE('',#455,#495,#546,.T.);
#546 = LINE('',#547,#548);
#547 = CARTESIAN_POINT('',(436.6,345.5,150.));
#548 = VECTOR('',#549,1.);
#549 = DIRECTION('',(1.,0.,-0.));
#550 = ORIENTED_EDGE('',*,*,#494,.F.);
#551 = PLANE('',#552);
#552 = AXIS2_PLACEMENT_3D('',#553,#554,#555);
#553 = CARTESIAN_POINT('',(436.6,345.5,26.));
#554 = DIRECTION('',(-0.,1.,0.));
#555 = DIRECTION('',(0.,0.,1.));
#556 = ADVANCED_FACE('',(#557),#563,.F.);
#557 = FACE_BOUND('',#558,.F.);
#558 = EDGE_LOOP('',(#559,#560,#561,#562));
#559 = ORIENTED_EDGE('',*,*,#446,.F.);
#560 = ORIENTED_EDGE('',*,*,#516,.T.);
#561 = ORIENTED_EDGE('',*,*,#486,.T.);
#562 = ORIENTED_EDGE('',*,*,#538,.F.);
#563 = PLANE('',#564);
#564 = AXIS2_PLACEMENT_3D('',#565,#566,#567);
#565 = CARTESIAN_POINT('',(436.6,0.,26.));
#566 = DIRECTION('',(0.,0.,1.));
#567 = DIRECTION('',(1.,0.,-0.));
#568 = ADVANCED_FACE('',(#569),#575,.T.);
#569 = FACE_BOUND('',#570,.T.);
#570 = EDGE_LOOP('',(#571,#572,#573,#574));
#571 = ORIENTED_EDGE('',*,*,#462,.F.);
#572 = ORIENTED_EDGE('',*,*,#523,.T.);
#573 = ORIENTED_EDGE('',*,*,#502,.T.);
#574 = ORIENTED_EDGE('',*,*,#545,.F.);
#575 = PLANE('',#576);
#576 = AXIS2_PLACEMENT_3D('',#577,#578,#579);
#577 = CARTESIAN_POINT('',(436.6,0.,150.));
#578 = DIRECTION('',(0.,0.,1.));
#579 = DIRECTION('',(1.,0.,-0.));
#580 = ( GEOMETRIC_REPRESENTATION_CONTEXT(3) 
GLOBAL_UNCERTAINTY_ASSIGNED_CONTEXT((#584)) GLOBAL_UNIT_ASSIGNED_CONTEXT
((#581,#582,#583)) REPRESENTATION_CONTEXT('Context #1',
  '3D Context with UNIT and UNCERTAINTY') );
#581 = ( LENGTH_UNIT() NAMED_UNIT(*) SI_UNIT(.MILLI.,.METRE.) );
#582 = ( NAMED_UNIT(*) PLANE_ANGLE_UNIT() SI_UNIT($,.RADIAN.) );
#583 = ( NAMED_UNIT(*) SI_UNIT($,.STERADIAN.) SOLID_ANGLE_UNIT() );
#584 = UNCERTAINTY_MEASURE_WITH_UNIT(LENGTH_MEASURE(1.E-07),#581,
  'distance_accuracy_value','confusion accuracy');
#585 = CONTEXT_DEPENDENT_SHAPE_REPRESENTATION(#586,#588);
#586 = ( REPRESENTATION_RELATIONSHIP('','',#429,#10) 
REPRESENTATION_RELATIONSHIP_WITH_TRANSFORMATION(#587) 
SHAPE_REPRESENTATION_RELATIONSHIP() );
#587 = ITEM_DEFINED_TRANSFORMATION('','',#11,#19);
#588 = PRODUCT_DEFINITION_SHAPE('Placement','Placement of an item',#589
  );
#589 = NEXT_ASSEMBLY_USAGE_OCCURRENCE('126','右侧木板','',#5,#424,$
  );
#590 = PRODUCT_RELATED_PRODUCT_CATEGORY('part',$,(#426));
#591 = SHAPE_DEFINITION_REPRESENTATION(#592,#598);
#592 = PRODUCT_DEFINITION_SHAPE('','',#593);
#593 = PRODUCT_DEFINITION('design','',#594,#597);
#594 = PRODUCT_DEFINITION_FORMATION('','',#595);
#595 = PRODUCT('底板','底板','',(#596));
#596 = PRODUCT_CONTEXT('',#2,'mechanical');
#597 = PRODUCT_DEFINITION_CONTEXT('part definition',#2,'design');
#598 = ADVANCED_BREP_SHAPE_REPRESENTATION('',(#11,#599),#749);
#599 = MANIFOLD_SOLID_BREP('',#600);
#600 = CLOSED_SHELL('',(#601,#641,#681,#703,#725,#737));
#601 = ADVANCED_FACE('',(#602),#636,.F.);
#602 = FACE_BOUND('',#603,.F.);
#603 = EDGE_LOOP('',(#604,#614,#622,#630));
#604 = ORIENTED_EDGE('',*,*,#605,.F.);
#605 = EDGE_CURVE('',#606,#608,#610,.T.);
#606 = VERTEX_POINT('',#607);
#607 = CARTESIAN_POINT('',(12.,0.,26.));
#608 = VERTEX_POINT('',#609);
#609 = CARTESIAN_POINT('',(12.,0.,38.));
#610 = LINE('',#611,#612);
#611 = CARTESIAN_POINT('',(12.,0.,26.));
#612 = VECTOR('',#613,1.);
#613 = DIRECTION('',(0.,0.,1.));
#614 = ORIENTED_EDGE('',*,*,#615,.T.);
#615 = EDGE_CURVE('',#606,#616,#618,.T.);
#616 = VERTEX_POINT('',#617);
#617 = CARTESIAN_POINT('',(12.,345.5,26.));
#618 = LINE('',#619,#620);
#619 = CARTESIAN_POINT('',(12.,0.,26.));
#620 = VECTOR('',#621,1.);
#621 = DIRECTION('',(-0.,1.,0.));
#622 = ORIENTED_EDGE('',*,*,#623,.T.);
#623 = EDGE_CURVE('',#616,#624,#626,.T.);
#624 = VERTEX_POINT('',#625);
#625 = CARTESIAN_POINT('',(12.,345.5,38.));
#626 = LINE('',#627,#628);
#627 = CARTESIAN_POINT('',(12.,345.5,26.));
#628 = VECTOR('',#629,1.);
#629 = DIRECTION('',(0.,0.,1.));
#630 = ORIENTED_EDGE('',*,*,#631,.F.);
#631 = EDGE_CURVE('',#608,#624,#632,.T.);
#632 = LINE('',#633,#634);
#633 = CARTESIAN_POINT('',(12.,0.,38.));
#634 = VECTOR('',#635,1.);
#635 = DIRECTION('',(-0.,1.,0.));
#636 = PLANE('',#637);
#637 = AXIS2_PLACEMENT_3D('',#638,#639,#640);
#638 = CARTESIAN_POINT('',(12.,0.,26.));
#639 = DIRECTION('',(1.,0.,-0.));
#640 = DIRECTION('',(0.,0.,1.));
#641 = ADVANCED_FACE('',(#642),#676,.T.);
#642 = FACE_BOUND('',#643,.T.);
#643 = EDGE_LOOP('',(#644,#654,#662,#670));
#644 = ORIENTED_EDGE('',*,*,#645,.F.);
#645 = EDGE_CURVE('',#646,#648,#650,.T.);
#646 = VERTEX_POINT('',#647);
#647 = CARTESIAN_POINT('',(436.6,0.,26.));
#648 = VERTEX_POINT('',#649);
#649 = CARTESIAN_POINT('',(436.6,0.,38.));
#650 = LINE('',#651,#652);
#651 = CARTESIAN_POINT('',(436.6,0.,26.));
#652 = VECTOR('',#653,1.);
#653 = DIRECTION('',(0.,0.,1.));
#654 = ORIENTED_EDGE('',*,*,#655,.T.);
#655 = EDGE_CURVE('',#646,#656,#658,.T.);
#656 = VERTEX_POINT('',#657);
#657 = CARTESIAN_POINT('',(436.6,345.5,26.));
#658 = LINE('',#659,#660);
#659 = CARTESIAN_POINT('',(436.6,0.,26.));
#660 = VECTOR('',#661,1.);
#661 = DIRECTION('',(-0.,1.,0.));
#662 = ORIENTED_EDGE('',*,*,#663,.T.);
#663 = EDGE_CURVE('',#656,#664,#666,.T.);
#664 = VERTEX_POINT('',#665);
#665 = CARTESIAN_POINT('',(436.6,345.5,38.));
#666 = LINE('',#667,#668);
#667 = CARTESIAN_POINT('',(436.6,345.5,26.));
#668 = VECTOR('',#669,1.);
#669 = DIRECTION('',(0.,0.,1.));
#670 = ORIENTED_EDGE('',*,*,#671,.F.);
#671 = EDGE_CURVE('',#648,#664,#672,.T.);
#672 = LINE('',#673,#674);
#673 = CARTESIAN_POINT('',(436.6,0.,38.));
#674 = VECTOR('',#675,1.);
#675 = DIRECTION('',(-0.,1.,0.));
#676 = PLANE('',#677);
#677 = AXIS2_PLACEMENT_3D('',#678,#679,#680);
#678 = CARTESIAN_POINT('',(436.6,0.,26.));
#679 = DIRECTION('',(1.,0.,-0.));
#680 = DIRECTION('',(0.,0.,1.));
#681 = ADVANCED_FACE('',(#682),#698,.F.);
#682 = FACE_BOUND('',#683,.F.);
#683 = EDGE_LOOP('',(#684,#690,#691,#697));
#684 = ORIENTED_EDGE('',*,*,#685,.F.);
#685 = EDGE_CURVE('',#606,#646,#686,.T.);
#686 = LINE('',#687,#688);
#687 = CARTESIAN_POINT('',(12.,0.,26.));
#688 = VECTOR('',#689,1.);
#689 = DIRECTION('',(1.,0.,-0.));
#690 = ORIENTED_EDGE('',*,*,#605,.T.);
#691 = ORIENTED_EDGE('',*,*,#692,.T.);
#692 = EDGE_CURVE('',#608,#648,#693,.T.);
#693 = LINE('',#694,#695);
#694 = CARTESIAN_POINT('',(12.,0.,38.));
#695 = VECTOR('',#696,1.);
#696 = DIRECTION('',(1.,0.,-0.));
#697 = ORIENTED_EDGE('',*,*,#645,.F.);
#698 = PLANE('',#699);
#699 = AXIS2_PLACEMENT_3D('',#700,#701,#702);
#700 = CARTESIAN_POINT('',(12.,0.,26.));
#701 = DIRECTION('',(-0.,1.,0.));
#702 = DIRECTION('',(0.,0.,1.));
#703 = ADVANCED_FACE('',(#704),#720,.T.);
#704 = FACE_BOUND('',#705,.T.);
#705 = EDGE_LOOP('',(#706,#712,#713,#719));
#706 = ORIENTED_EDGE('',*,*,#707,.F.);
#707 = EDGE_CURVE('',#616,#656,#708,.T.);
#708 = LINE('',#709,#710);
#709 = CARTESIAN_POINT('',(12.,345.5,26.));
#710 = VECTOR('',#711,1.);
#711 = DIRECTION('',(1.,0.,-0.));
#712 = ORIENTED_EDGE('',*,*,#623,.T.);
#713 = ORIENTED_EDGE('',*,*,#714,.T.);
#714 = EDGE_CURVE('',#624,#664,#715,.T.);
#715 = LINE('',#716,#717);
#716 = CARTESIAN_POINT('',(12.,345.5,38.));
#717 = VECTOR('',#718,1.);
#718 = DIRECTION('',(1.,0.,-0.));
#719 = ORIENTED_EDGE('',*,*,#663,.F.);
#720 = PLANE('',#721);
#721 = AXIS2_PLACEMENT_3D('',#722,#723,#724);
#722 = CARTESIAN_POINT('',(12.,345.5,26.));
#723 = DIRECTION('',(-0.,1.,0.));
#724 = DIRECTION('',(0.,0.,1.));
#725 = ADVANCED_FACE('',(#726),#732,.F.);
#726 = FACE_BOUND('',#727,.F.);
#727 = EDGE_LOOP('',(#728,#729,#730,#731));
#728 = ORIENTED_EDGE('',*,*,#615,.F.);
#729 = ORIENTED_EDGE('',*,*,#685,.T.);
#730 = ORIENTED_EDGE('',*,*,#655,.T.);
#731 = ORIENTED_EDGE('',*,*,#707,.F.);
#732 = PLANE('',#733);
#733 = AXIS2_PLACEMENT_3D('',#734,#735,#736);
#734 = CARTESIAN_POINT('',(12.,0.,26.));
#735 = DIRECTION('',(0.,0.,1.));
#736 = DIRECTION('',(1.,0.,-0.));
#737 = ADVANCED_FACE('',(#738),#744,.T.);
#738 = FACE_BOUND('',#739,.T.);
#739 = EDGE_LOOP('',(#740,#741,#742,#743));
#740 = ORIENTED_EDGE('',*,*,#631,.F.);
#741 = ORIENTED_EDGE('',*,*,#692,.T.);
#742 = ORIENTED_EDGE('',*,*,#671,.T.);
#743 = ORIENTED_EDGE('',*,*,#714,.F.);
#744 = PLANE('',#745);
#745 = AXIS2_PLACEMENT_3D('',#746,#747,#748);
#746 = CARTESIAN_POINT('',(12.,0.,38.));
#747 = DIRECTION('',(0.,0.,1.));
#748 = DIRECTION('',(1.,0.,-0.));
#749 = ( GEOMETRIC_REPRESENTATION_CONTEXT(3) 
GLOBAL_UNCERTAINTY_ASSIGNED_CONTEXT((#753)) GLOBAL_UNIT_ASSIGNED_CONTEXT
((#750,#751,#752)) REPRESENTATION_CONTEXT('Context #1',
  '3D Context with UNIT and UNCERTAINTY') );
#750 = ( LENGTH_UNIT() NAMED_UNIT(*) SI_UNIT(.MILLI.,.METRE.) );
#751 = ( NAMED_UNIT(*) PLANE_ANGLE_UNIT() SI_UNIT($,.RADIAN.) );
#752 = ( NAMED_UNIT(*) SI_UNIT($,.STERADIAN.) SOLID_ANGLE_UNIT() );
#753 = UNCERTAINTY_MEASURE_WITH_UNIT(LENGTH_MEASURE(1.E-07),#750,
  'distance_accuracy_value','confusion accuracy');
#754 = CONTEXT_DEPENDENT_SHAPE_REPRESENTATION(#755,#757);
#755 = ( REPRESENTATION_RELATIONSHIP('','',#598,#10) 
REPRESENTATION_RELATIONSHIP_WITH_TRANSFORMATION(#756) 
SHAPE_REPRESENTATION_RELATIONSHIP() );
#756 = ITEM_DEFINED_TRANSFORMATION('','',#11,#23);
#757 = PRODUCT_DEFINITION_SHAPE('Placement','Placement of an item',#758
  );
#758 = NEXT_ASSEMBLY_USAGE_OCCURRENCE('127','底板','',#5,#593,$);
#759 = PRODUCT_RELATED_PRODUCT_CATEGORY('part',$,(#595));
#760 = SHAPE_DEFINITION_REPRESENTATION(#761,#767);
#761 = PRODUCT_DEFINITION_SHAPE('','',#762);
#762 = PRODUCT_DEFINITION('design','',#763,#766);
#763 = PRODUCT_DEFINITION_FORMATION('','',#764);
#764 = PRODUCT('后板','后板','',(#765));
#765 = PRODUCT_CONTEXT('',#2,'mechanical');
#766 = PRODUCT_DEFINITION_CONTEXT('part definition',#2,'design');
#767 = ADVANCED_BREP_SHAPE_REPRESENTATION('',(#11,#768),#918);
#768 = MANIFOLD_SOLID_BREP('',#769);
#769 = CLOSED_SHELL('',(#770,#810,#850,#872,#894,#906));
#770 = ADVANCED_FACE('',(#771),#805,.F.);
#771 = FACE_BOUND('',#772,.F.);
#772 = EDGE_LOOP('',(#773,#783,#791,#799));
#773 = ORIENTED_EDGE('',*,*,#774,.F.);
#774 = EDGE_CURVE('',#775,#777,#779,.T.);
#775 = VERTEX_POINT('',#776);
#776 = CARTESIAN_POINT('',(12.,333.5,38.));
#777 = VERTEX_POINT('',#778);
#778 = CARTESIAN_POINT('',(12.,333.5,150.));
#779 = LINE('',#780,#781);
#780 = CARTESIAN_POINT('',(12.,333.5,38.));
#781 = VECTOR('',#782,1.);
#782 = DIRECTION('',(0.,0.,1.));
#783 = ORIENTED_EDGE('',*,*,#784,.T.);
#784 = EDGE_CURVE('',#775,#785,#787,.T.);
#785 = VERTEX_POINT('',#786);
#786 = CARTESIAN_POINT('',(12.,345.5,38.));
#787 = LINE('',#788,#789);
#788 = CARTESIAN_POINT('',(12.,333.5,38.));
#789 = VECTOR('',#790,1.);
#790 = DIRECTION('',(-0.,1.,0.));
#791 = ORIENTED_EDGE('',*,*,#792,.T.);
#792 = EDGE_CURVE('',#785,#793,#795,.T.);
#793 = VERTEX_POINT('',#794);
#794 = CARTESIAN_POINT('',(12.,345.5,150.));
#795 = LINE('',#796,#797);
#796 = CARTESIAN_POINT('',(12.,345.5,38.));
#797 = VECTOR('',#798,1.);
#798 = DIRECTION('',(0.,0.,1.));
#799 = ORIENTED_EDGE('',*,*,#800,.F.);
#800 = EDGE_CURVE('',#777,#793,#801,.T.);
#801 = LINE('',#802,#803);
#802 = CARTESIAN_POINT('',(12.,333.5,150.));
#803 = VECTOR('',#804,1.);
#804 = DIRECTION('',(-0.,1.,0.));
#805 = PLANE('',#806);
#806 = AXIS2_PLACEMENT_3D('',#807,#808,#809);
#807 = CARTESIAN_POINT('',(12.,333.5,38.));
#808 = DIRECTION('',(1.,0.,-0.));
#809 = DIRECTION('',(0.,0.,1.));
#810 = ADVANCED_FACE('',(#811),#845,.T.);
#811 = FACE_BOUND('',#812,.T.);
#812 = EDGE_LOOP('',(#813,#823,#831,#839));
#813 = ORIENTED_EDGE('',*,*,#814,.F.);
#814 = EDGE_CURVE('',#815,#817,#819,.T.);
#815 = VERTEX_POINT('',#816);
#816 = CARTESIAN_POINT('',(436.6,333.5,38.));
#817 = VERTEX_POINT('',#818);
#818 = CARTESIAN_POINT('',(436.6,333.5,150.));
#819 = LINE('',#820,#821);
#820 = CARTESIAN_POINT('',(436.6,333.5,38.));
#821 = VECTOR('',#822,1.);
#822 = DIRECTION('',(0.,0.,1.));
#823 = ORIENTED_EDGE('',*,*,#824,.T.);
#824 = EDGE_CURVE('',#815,#825,#827,.T.);
#825 = VERTEX_POINT('',#826);
#826 = CARTESIAN_POINT('',(436.6,345.5,38.));
#827 = LINE('',#828,#829);
#828 = CARTESIAN_POINT('',(436.6,333.5,38.));
#829 = VECTOR('',#830,1.);
#830 = DIRECTION('',(-0.,1.,0.));
#831 = ORIENTED_EDGE('',*,*,#832,.T.);
#832 = EDGE_CURVE('',#825,#833,#835,.T.);
#833 = VERTEX_POINT('',#834);
#834 = CARTESIAN_POINT('',(436.6,345.5,150.));
#835 = LINE('',#836,#837);
#836 = CARTESIAN_POINT('',(436.6,345.5,38.));
#837 = VECTOR('',#838,1.);
#838 = DIRECTION('',(0.,0.,1.));
#839 = ORIENTED_EDGE('',*,*,#840,.F.);
#840 = EDGE_CURVE('',#817,#833,#841,.T.);
#841 = LINE('',#842,#843);
#842 = CARTESIAN_POINT('',(436.6,333.5,150.));
#843 = VECTOR('',#844,1.);
#844 = DIRECTION('',(-0.,1.,0.));
#845 = PLANE('',#846);
#846 = AXIS2_PLACEMENT_3D('',#847,#848,#849);
#847 = CARTESIAN_POINT('',(436.6,333.5,38.));
#848 = DIRECTION('',(1.,0.,-0.));
#849 = DIRECTION('',(0.,0.,1.));
#850 = ADVANCED_FACE('',(#851),#867,.F.);
#851 = FACE_BOUND('',#852,.F.);
#852 = EDGE_LOOP('',(#853,#859,#860,#866));
#853 = ORIENTED_EDGE('',*,*,#854,.F.);
#854 = EDGE_CURVE('',#775,#815,#855,.T.);
#855 = LINE('',#856,#857);
#856 = CARTESIAN_POINT('',(12.,333.5,38.));
#857 = VECTOR('',#858,1.);
#858 = DIRECTION('',(1.,0.,-0.));
#859 = ORIENTED_EDGE('',*,*,#774,.T.);
#860 = ORIENTED_EDGE('',*,*,#861,.T.);
#861 = EDGE_CURVE('',#777,#817,#862,.T.);
#862 = LINE('',#863,#864);
#863 = CARTESIAN_POINT('',(12.,333.5,150.));
#864 = VECTOR('',#865,1.);
#865 = DIRECTION('',(1.,0.,-0.));
#866 = ORIENTED_EDGE('',*,*,#814,.F.);
#867 = PLANE('',#868);
#868 = AXIS2_PLACEMENT_3D('',#869,#870,#871);
#869 = CARTESIAN_POINT('',(12.,333.5,38.));
#870 = DIRECTION('',(-0.,1.,0.));
#871 = DIRECTION('',(0.,0.,1.));
#872 = ADVANCED_FACE('',(#873),#889,.T.);
#873 = FACE_BOUND('',#874,.T.);
#874 = EDGE_LOOP('',(#875,#881,#882,#888));
#875 = ORIENTED_EDGE('',*,*,#876,.F.);
#876 = EDGE_CURVE('',#785,#825,#877,.T.);
#877 = LINE('',#878,#879);
#878 = CARTESIAN_POINT('',(12.,345.5,38.));
#879 = VECTOR('',#880,1.);
#880 = DIRECTION('',(1.,0.,-0.));
#881 = ORIENTED_EDGE('',*,*,#792,.T.);
#882 = ORIENTED_EDGE('',*,*,#883,.T.);
#883 = EDGE_CURVE('',#793,#833,#884,.T.);
#884 = LINE('',#885,#886);
#885 = CARTESIAN_POINT('',(12.,345.5,150.));
#886 = VECTOR('',#887,1.);
#887 = DIRECTION('',(1.,0.,-0.));
#888 = ORIENTED_EDGE('',*,*,#832,.F.);
#889 = PLANE('',#890);
#890 = AXIS2_PLACEMENT_3D('',#891,#892,#893);
#891 = CARTESIAN_POINT('',(12.,345.5,38.));
#892 = DIRECTION('',(-0.,1.,0.));
#893 = DIRECTION('',(0.,0.,1.));
#894 = ADVANCED_FACE('',(#895),#901,.F.);
#895 = FACE_BOUND('',#896,.F.);
#896 = EDGE_LOOP('',(#897,#898,#899,#900));
#897 = ORIENTED_EDGE('',*,*,#784,.F.);
#898 = ORIENTED_EDGE('',*,*,#854,.T.);
#899 = ORIENTED_EDGE('',*,*,#824,.T.);
#900 = ORIENTED_EDGE('',*,*,#876,.F.);
#901 = PLANE('',#902);
#902 = AXIS2_PLACEMENT_3D('',#903,#904,#905);
#903 = CARTESIAN_POINT('',(12.,333.5,38.));
#904 = DIRECTION('',(0.,0.,1.));
#905 = DIRECTION('',(1.,0.,-0.));
#906 = ADVANCED_FACE('',(#907),#913,.T.);
#907 = FACE_BOUND('',#908,.T.);
#908 = EDGE_LOOP('',(#909,#910,#911,#912));
#909 = ORIENTED_EDGE('',*,*,#800,.F.);
#910 = ORIENTED_EDGE('',*,*,#861,.T.);
#911 = ORIENTED_EDGE('',*,*,#840,.T.);
#912 = ORIENTED_EDGE('',*,*,#883,.F.);
#913 = PLANE('',#914);
#914 = AXIS2_PLACEMENT_3D('',#915,#916,#917);
#915 = CARTESIAN_POINT('',(12.,333.5,150.));
#916 = DIRECTION('',(0.,0.,1.));
#917 = DIRECTION('',(1.,0.,-0.));
#918 = ( GEOMETRIC_REPRESENTATION_CONTEXT(3) 
GLOBAL_UNCERTAINTY_ASSIGNED_CONTEXT((#922)) GLOBAL_UNIT_ASSIGNED_CONTEXT
((#919,#920,#921)) REPRESENTATION_CONTEXT('Context #1',
  '3D Context with UNIT and UNCERTAINTY') );
#919 = ( LENGTH_UNIT() NAMED_UNIT(*) SI_UNIT(.MILLI.,.METRE.) );
#920 = ( NAMED_UNIT(*) PLANE_ANGLE_UNIT() SI_UNIT($,.RADIAN.) );
#921 = ( NAMED_UNIT(*) SI_UNIT($,.STERADIAN.) SOLID_ANGLE_UNIT() );
#922 = UNCERTAINTY_MEASURE_WITH_UNIT(LENGTH_MEASURE(1.E-07),#919,
  'distance_accuracy_value','confusion accuracy');
#923 = CONTEXT_DEPENDENT_SHAPE_REPRESENTATION(#924,#926);
#924 = ( REPRESENTATION_RELATIONSHIP('','',#767,#10) 
REPRESENTATION_RELATIONSHIP_WITH_TRANSFORMATION(#925) 
SHAPE_REPRESENTATION_RELATIONSHIP() );
#925 = ITEM_DEFINED_TRANSFORMATION('','',#11,#27);
#926 = PRODUCT_DEFINITION_SHAPE('Placement','Placement of an item',#927
  );
#927 = NEXT_ASSEMBLY_USAGE_OCCURRENCE('128','后板','',#5,#762,$);
#928 = PRODUCT_RELATED_PRODUCT_CATEGORY('part',$,(#764));
#929 = SHAPE_DEFINITION_REPRESENTATION(#930,#936);
#930 = PRODUCT_DEFINITION_SHAPE('','',#931);
#931 = PRODUCT_DEFINITION('design','',#932,#935);
#932 = PRODUCT_DEFINITION_FORMATION('','',#933);
#933 = PRODUCT('前沿银色饰条','前沿银色饰条','',(#934));
#934 = PRODUCT_CONTEXT('',#2,'mechanical');
#935 = PRODUCT_DEFINITION_CONTEXT('part definition',#2,'design');
#936 = ADVANCED_BREP_SHAPE_REPRESENTATION('',(#11,#937),#1087);
#937 = MANIFOLD_SOLID_BREP('',#938);
#938 = CLOSED_SHELL('',(#939,#979,#1019,#1041,#1063,#1075));
#939 = ADVANCED_FACE('',(#940),#974,.F.);
#940 = FACE_BOUND('',#941,.F.);
#941 = EDGE_LOOP('',(#942,#952,#960,#968));
#942 = ORIENTED_EDGE('',*,*,#943,.F.);
#943 = EDGE_CURVE('',#944,#946,#948,.T.);
#944 = VERTEX_POINT('',#945);
#945 = CARTESIAN_POINT('',(12.,0.,130.));
#946 = VERTEX_POINT('',#947);
#947 = CARTESIAN_POINT('',(12.,0.,150.));
#948 = LINE('',#949,#950);
#949 = CARTESIAN_POINT('',(12.,0.,130.));
#950 = VECTOR('',#951,1.);
#951 = DIRECTION('',(0.,0.,1.));
#952 = ORIENTED_EDGE('',*,*,#953,.T.);
#953 = EDGE_CURVE('',#944,#954,#956,.T.);
#954 = VERTEX_POINT('',#955);
#955 = CARTESIAN_POINT('',(12.,6.,130.));
#956 = LINE('',#957,#958);
#957 = CARTESIAN_POINT('',(12.,0.,130.));
#958 = VECTOR('',#959,1.);
#959 = DIRECTION('',(-0.,1.,0.));
#960 = ORIENTED_EDGE('',*,*,#961,.T.);
#961 = EDGE_CURVE('',#954,#962,#964,.T.);
#962 = VERTEX_POINT('',#963);
#963 = CARTESIAN_POINT('',(12.,6.,150.));
#964 = LINE('',#965,#966);
#965 = CARTESIAN_POINT('',(12.,6.,130.));
#966 = VECTOR('',#967,1.);
#967 = DIRECTION('',(0.,0.,1.));
#968 = ORIENTED_EDGE('',*,*,#969,.F.);
#969 = EDGE_CURVE('',#946,#962,#970,.T.);
#970 = LINE('',#971,#972);
#971 = CARTESIAN_POINT('',(12.,0.,150.));
#972 = VECTOR('',#973,1.);
#973 = DIRECTION('',(-0.,1.,0.));
#974 = PLANE('',#975);
#975 = AXIS2_PLACEMENT_3D('',#976,#977,#978);
#976 = CARTESIAN_POINT('',(12.,0.,130.));
#977 = DIRECTION('',(1.,0.,-0.));
#978 = DIRECTION('',(0.,0.,1.));
#979 = ADVANCED_FACE('',(#980),#1014,.T.);
#980 = FACE_BOUND('',#981,.T.);
#981 = EDGE_LOOP('',(#982,#992,#1000,#1008));
#982 = ORIENTED_EDGE('',*,*,#983,.F.);
#983 = EDGE_CURVE('',#984,#986,#988,.T.);
#984 = VERTEX_POINT('',#985);
#985 = CARTESIAN_POINT('',(436.6,0.,130.));
#986 = VERTEX_POINT('',#987);
#987 = CARTESIAN_POINT('',(436.6,0.,150.));
#988 = LINE('',#989,#990);
#989 = CARTESIAN_POINT('',(436.6,0.,130.));
#990 = VECTOR('',#991,1.);
#991 = DIRECTION('',(0.,0.,1.));
#992 = ORIENTED_EDGE('',*,*,#993,.T.);
#993 = EDGE_CURVE('',#984,#994,#996,.T.);
#994 = VERTEX_POINT('',#995);
#995 = CARTESIAN_POINT('',(436.6,6.,130.));
#996 = LINE('',#997,#998);
#997 = CARTESIAN_POINT('',(436.6,0.,130.));
#998 = VECTOR('',#999,1.);
#999 = DIRECTION('',(-0.,1.,0.));
#1000 = ORIENTED_EDGE('',*,*,#1001,.T.);
#1001 = EDGE_CURVE('',#994,#1002,#1004,.T.);
#1002 = VERTEX_POINT('',#1003);
#1003 = CARTESIAN_POINT('',(436.6,6.,150.));
#1004 = LINE('',#1005,#1006);
#1005 = CARTESIAN_POINT('',(436.6,6.,130.));
#1006 = VECTOR('',#1007,1.);
#1007 = DIRECTION('',(0.,0.,1.));
#1008 = ORIENTED_EDGE('',*,*,#1009,.F.);
#1009 = EDGE_CURVE('',#986,#1002,#1010,.T.);
#1010 = LINE('',#1011,#1012);
#1011 = CARTESIAN_POINT('',(436.6,0.,150.));
#1012 = VECTOR('',#1013,1.);
#1013 = DIRECTION('',(-0.,1.,0.));
#1014 = PLANE('',#1015);
#1015 = AXIS2_PLACEMENT_3D('',#1016,#1017,#1018);
#1016 = CARTESIAN_POINT('',(436.6,0.,130.));
#1017 = DIRECTION('',(1.,0.,-0.));
#1018 = DIRECTION('',(0.,0.,1.));
#1019 = ADVANCED_FACE('',(#1020),#1036,.F.);
#1020 = FACE_BOUND('',#1021,.F.);
#1021 = EDGE_LOOP('',(#1022,#1028,#1029,#1035));
#1022 = ORIENTED_EDGE('',*,*,#1023,.F.);
#1023 = EDGE_CURVE('',#944,#984,#1024,.T.);
#1024 = LINE('',#1025,#1026);
#1025 = CARTESIAN_POINT('',(12.,0.,130.));
#1026 = VECTOR('',#1027,1.);
#1027 = DIRECTION('',(1.,0.,-0.));
#1028 = ORIENTED_EDGE('',*,*,#943,.T.);
#1029 = ORIENTED_EDGE('',*,*,#1030,.T.);
#1030 = EDGE_CURVE('',#946,#986,#1031,.T.);
#1031 = LINE('',#1032,#1033);
#1032 = CARTESIAN_POINT('',(12.,0.,150.));
#1033 = VECTOR('',#1034,1.);
#1034 = DIRECTION('',(1.,0.,-0.));
#1035 = ORIENTED_EDGE('',*,*,#983,.F.);
#1036 = PLANE('',#1037);
#1037 = AXIS2_PLACEMENT_3D('',#1038,#1039,#1040);
#1038 = CARTESIAN_POINT('',(12.,0.,130.));
#1039 = DIRECTION('',(-0.,1.,0.));
#1040 = DIRECTION('',(0.,0.,1.));
#1041 = ADVANCED_FACE('',(#1042),#1058,.T.);
#1042 = FACE_BOUND('',#1043,.T.);
#1043 = EDGE_LOOP('',(#1044,#1050,#1051,#1057));
#1044 = ORIENTED_EDGE('',*,*,#1045,.F.);
#1045 = EDGE_CURVE('',#954,#994,#1046,.T.);
#1046 = LINE('',#1047,#1048);
#1047 = CARTESIAN_POINT('',(12.,6.,130.));
#1048 = VECTOR('',#1049,1.);
#1049 = DIRECTION('',(1.,0.,-0.));
#1050 = ORIENTED_EDGE('',*,*,#961,.T.);
#1051 = ORIENTED_EDGE('',*,*,#1052,.T.);
#1052 = EDGE_CURVE('',#962,#1002,#1053,.T.);
#1053 = LINE('',#1054,#1055);
#1054 = CARTESIAN_POINT('',(12.,6.,150.));
#1055 = VECTOR('',#1056,1.);
#1056 = DIRECTION('',(1.,0.,-0.));
#1057 = ORIENTED_EDGE('',*,*,#1001,.F.);
#1058 = PLANE('',#1059);
#1059 = AXIS2_PLACEMENT_3D('',#1060,#1061,#1062);
#1060 = CARTESIAN_POINT('',(12.,6.,130.));
#1061 = DIRECTION('',(-0.,1.,0.));
#1062 = DIRECTION('',(0.,0.,1.));
#1063 = ADVANCED_FACE('',(#1064),#1070,.F.);
#1064 = FACE_BOUND('',#1065,.F.);
#1065 = EDGE_LOOP('',(#1066,#1067,#1068,#1069));
#1066 = ORIENTED_EDGE('',*,*,#953,.F.);
#1067 = ORIENTED_EDGE('',*,*,#1023,.T.);
#1068 = ORIENTED_EDGE('',*,*,#993,.T.);
#1069 = ORIENTED_EDGE('',*,*,#1045,.F.);
#1070 = PLANE('',#1071);
#1071 = AXIS2_PLACEMENT_3D('',#1072,#1073,#1074);
#1072 = CARTESIAN_POINT('',(12.,0.,130.));
#1073 = DIRECTION('',(0.,0.,1.));
#1074 = DIRECTION('',(1.,0.,-0.));
#1075 = ADVANCED_FACE('',(#1076),#1082,.T.);
#1076 = FACE_BOUND('',#1077,.T.);
#1077 = EDGE_LOOP('',(#1078,#1079,#1080,#1081));
#1078 = ORIENTED_EDGE('',*,*,#969,.F.);
#1079 = ORIENTED_EDGE('',*,*,#1030,.T.);
#1080 = ORIENTED_EDGE('',*,*,#1009,.T.);
#1081 = ORIENTED_EDGE('',*,*,#1052,.F.);
#1082 = PLANE('',#1083);
#1083 = AXIS2_PLACEMENT_3D('',#1084,#1085,#1086);
#1084 = CARTESIAN_POINT('',(12.,0.,150.));
#1085 = DIRECTION('',(0.,0.,1.));
#1086 = DIRECTION('',(1.,0.,-0.));
#1087 = ( GEOMETRIC_REPRESENTATION_CONTEXT(3) 
GLOBAL_UNCERTAINTY_ASSIGNED_CONTEXT((#1091)) 
GLOBAL_UNIT_ASSIGNED_CONTEXT((#1088,#1089,#1090)) REPRESENTATION_CONTEXT
('Context #1','3D Context with UNIT and UNCERTAINTY') );
#1088 = ( LENGTH_UNIT() NAMED_UNIT(*) SI_UNIT(.MILLI.,.METRE.) );
#1089 = ( NAMED_UNIT(*) PLANE_ANGLE_UNIT() SI_UNIT($,.RADIAN.) );
#1090 = ( NAMED_UNIT(*) SI_UNIT($,.STERADIAN.) SOLID_ANGLE_UNIT() );
#1091 = UNCERTAINTY_MEASURE_WITH_UNIT(LENGTH_MEASURE(1.E-07),#1088,
  'distance_accuracy_value','confusion accuracy');
#1092 = CONTEXT_DEPENDENT_SHAPE_REPRESENTATION(#1093,#1095);
#1093 = ( REPRESENTATION_RELATIONSHIP('','',#936,#10) 
REPRESENTATION_RELATIONSHIP_WITH_TRANSFORMATION(#1094) 
SHAPE_REPRESENTATION_RELATIONSHIP() );
#1094 = ITEM_DEFINED_TRANSFORMATION('','',#11,#31);
#1095 = PRODUCT_DEFINITION_SHAPE('Placement','Placement of an item',
  #1096);
#1096 = NEXT_ASSEMBLY_USAGE_OCCURRENCE('129','前沿银色饰条','',#5,
  #931,$);
#1097 = PRODUCT_RELATED_PRODUCT_CATEGORY('part',$,(#933));
#1098 = SHAPE_DEFINITION_REPRESENTATION(#1099,#1105);
#1099 = PRODUCT_DEFINITION_SHAPE('','',#1100);
#1100 = PRODUCT_DEFINITION('design','',#1101,#1104);
#1101 = PRODUCT_DEFINITION_FORMATION('','',#1102);
#1102 = PRODUCT('格栅下横梁','格栅下横梁','',(#1103));
#1103 = PRODUCT_CONTEXT('',#2,'mechanical');
#1104 = PRODUCT_DEFINITION_CONTEXT('part definition',#2,'design');
#1105 = ADVANCED_BREP_SHAPE_REPRESENTATION('',(#11,#1106),#1256);
#1106 = MANIFOLD_SOLID_BREP('',#1107);
#1107 = CLOSED_SHELL('',(#1108,#1148,#1188,#1210,#1232,#1244));
#1108 = ADVANCED_FACE('',(#1109),#1143,.F.);
#1109 = FACE_BOUND('',#1110,.F.);
#1110 = EDGE_LOOP('',(#1111,#1121,#1129,#1137));
#1111 = ORIENTED_EDGE('',*,*,#1112,.F.);
#1112 = EDGE_CURVE('',#1113,#1115,#1117,.T.);
#1113 = VERTEX_POINT('',#1114);
#1114 = CARTESIAN_POINT('',(12.,0.,26.));
#1115 = VERTEX_POINT('',#1116);
#1116 = CARTESIAN_POINT('',(12.,0.,38.));
#1117 = LINE('',#1118,#1119);
#1118 = CARTESIAN_POINT('',(12.,0.,26.));
#1119 = VECTOR('',#1120,1.);
#1120 = DIRECTION('',(0.,0.,1.));
#1121 = ORIENTED_EDGE('',*,*,#1122,.T.);
#1122 = EDGE_CURVE('',#1113,#1123,#1125,.T.);
#1123 = VERTEX_POINT('',#1124);
#1124 = CARTESIAN_POINT('',(12.,8.,26.));
#1125 = LINE('',#1126,#1127);
#1126 = CARTESIAN_POINT('',(12.,0.,26.));
#1127 = VECTOR('',#1128,1.);
#1128 = DIRECTION('',(-0.,1.,0.));
#1129 = ORIENTED_EDGE('',*,*,#1130,.T.);
#1130 = EDGE_CURVE('',#1123,#1131,#1133,.T.);
#1131 = VERTEX_POINT('',#1132);
#1132 = CARTESIAN_POINT('',(12.,8.,38.));
#1133 = LINE('',#1134,#1135);
#1134 = CARTESIAN_POINT('',(12.,8.,26.));
#1135 = VECTOR('',#1136,1.);
#1136 = DIRECTION('',(0.,0.,1.));
#1137 = ORIENTED_EDGE('',*,*,#1138,.F.);
#1138 = EDGE_CURVE('',#1115,#1131,#1139,.T.);
#1139 = LINE('',#1140,#1141);
#1140 = CARTESIAN_POINT('',(12.,0.,38.));
#1141 = VECTOR('',#1142,1.);
#1142 = DIRECTION('',(-0.,1.,0.));
#1143 = PLANE('',#1144);
#1144 = AXIS2_PLACEMENT_3D('',#1145,#1146,#1147);
#1145 = CARTESIAN_POINT('',(12.,0.,26.));
#1146 = DIRECTION('',(1.,0.,-0.));
#1147 = DIRECTION('',(0.,0.,1.));
#1148 = ADVANCED_FACE('',(#1149),#1183,.T.);
#1149 = FACE_BOUND('',#1150,.T.);
#1150 = EDGE_LOOP('',(#1151,#1161,#1169,#1177));
#1151 = ORIENTED_EDGE('',*,*,#1152,.F.);
#1152 = EDGE_CURVE('',#1153,#1155,#1157,.T.);
#1153 = VERTEX_POINT('',#1154);
#1154 = CARTESIAN_POINT('',(436.6,0.,26.));
#1155 = VERTEX_POINT('',#1156);
#1156 = CARTESIAN_POINT('',(436.6,0.,38.));
#1157 = LINE('',#1158,#1159);
#1158 = CARTESIAN_POINT('',(436.6,0.,26.));
#1159 = VECTOR('',#1160,1.);
#1160 = DIRECTION('',(0.,0.,1.));
#1161 = ORIENTED_EDGE('',*,*,#1162,.T.);
#1162 = EDGE_CURVE('',#1153,#1163,#1165,.T.);
#1163 = VERTEX_POINT('',#1164);
#1164 = CARTESIAN_POINT('',(436.6,8.,26.));
#1165 = LINE('',#1166,#1167);
#1166 = CARTESIAN_POINT('',(436.6,0.,26.));
#1167 = VECTOR('',#1168,1.);
#1168 = DIRECTION('',(-0.,1.,0.));
#1169 = ORIENTED_EDGE('',*,*,#1170,.T.);
#1170 = EDGE_CURVE('',#1163,#1171,#1173,.T.);
#1171 = VERTEX_POINT('',#1172);
#1172 = CARTESIAN_POINT('',(436.6,8.,38.));
#1173 = LINE('',#1174,#1175);
#1174 = CARTESIAN_POINT('',(436.6,8.,26.));
#1175 = VECTOR('',#1176,1.);
#1176 = DIRECTION('',(0.,0.,1.));
#1177 = ORIENTED_EDGE('',*,*,#1178,.F.);
#1178 = EDGE_CURVE('',#1155,#1171,#1179,.T.);
#1179 = LINE('',#1180,#1181);
#1180 = CARTESIAN_POINT('',(436.6,0.,38.));
#1181 = VECTOR('',#1182,1.);
#1182 = DIRECTION('',(-0.,1.,0.));
#1183 = PLANE('',#1184);
#1184 = AXIS2_PLACEMENT_3D('',#1185,#1186,#1187);
#1185 = CARTESIAN_POINT('',(436.6,0.,26.));
#1186 = DIRECTION('',(1.,0.,-0.));
#1187 = DIRECTION('',(0.,0.,1.));
#1188 = ADVANCED_FACE('',(#1189),#1205,.F.);
#1189 = FACE_BOUND('',#1190,.F.);
#1190 = EDGE_LOOP('',(#1191,#1197,#1198,#1204));
#1191 = ORIENTED_EDGE('',*,*,#1192,.F.);
#1192 = EDGE_CURVE('',#1113,#1153,#1193,.T.);
#1193 = LINE('',#1194,#1195);
#1194 = CARTESIAN_POINT('',(12.,0.,26.));
#1195 = VECTOR('',#1196,1.);
#1196 = DIRECTION('',(1.,0.,-0.));
#1197 = ORIENTED_EDGE('',*,*,#1112,.T.);
#1198 = ORIENTED_EDGE('',*,*,#1199,.T.);
#1199 = EDGE_CURVE('',#1115,#1155,#1200,.T.);
#1200 = LINE('',#1201,#1202);
#1201 = CARTESIAN_POINT('',(12.,0.,38.));
#1202 = VECTOR('',#1203,1.);
#1203 = DIRECTION('',(1.,0.,-0.));
#1204 = ORIENTED_EDGE('',*,*,#1152,.F.);
#1205 = PLANE('',#1206);
#1206 = AXIS2_PLACEMENT_3D('',#1207,#1208,#1209);
#1207 = CARTESIAN_POINT('',(12.,0.,26.));
#1208 = DIRECTION('',(-0.,1.,0.));
#1209 = DIRECTION('',(0.,0.,1.));
#1210 = ADVANCED_FACE('',(#1211),#1227,.T.);
#1211 = FACE_BOUND('',#1212,.T.);
#1212 = EDGE_LOOP('',(#1213,#1219,#1220,#1226));
#1213 = ORIENTED_EDGE('',*,*,#1214,.F.);
#1214 = EDGE_CURVE('',#1123,#1163,#1215,.T.);
#1215 = LINE('',#1216,#1217);
#1216 = CARTESIAN_POINT('',(12.,8.,26.));
#1217 = VECTOR('',#1218,1.);
#1218 = DIRECTION('',(1.,0.,-0.));
#1219 = ORIENTED_EDGE('',*,*,#1130,.T.);
#1220 = ORIENTED_EDGE('',*,*,#1221,.T.);
#1221 = EDGE_CURVE('',#1131,#1171,#1222,.T.);
#1222 = LINE('',#1223,#1224);
#1223 = CARTESIAN_POINT('',(12.,8.,38.));
#1224 = VECTOR('',#1225,1.);
#1225 = DIRECTION('',(1.,0.,-0.));
#1226 = ORIENTED_EDGE('',*,*,#1170,.F.);
#1227 = PLANE('',#1228);
#1228 = AXIS2_PLACEMENT_3D('',#1229,#1230,#1231);
#1229 = CARTESIAN_POINT('',(12.,8.,26.));
#1230 = DIRECTION('',(-0.,1.,0.));
#1231 = DIRECTION('',(0.,0.,1.));
#1232 = ADVANCED_FACE('',(#1233),#1239,.F.);
#1233 = FACE_BOUND('',#1234,.F.);
#1234 = EDGE_LOOP('',(#1235,#1236,#1237,#1238));
#1235 = ORIENTED_EDGE('',*,*,#1122,.F.);
#1236 = ORIENTED_EDGE('',*,*,#1192,.T.);
#1237 = ORIENTED_EDGE('',*,*,#1162,.T.);
#1238 = ORIENTED_EDGE('',*,*,#1214,.F.);
#1239 = PLANE('',#1240);
#1240 = AXIS2_PLACEMENT_3D('',#1241,#1242,#1243);
#1241 = CARTESIAN_POINT('',(12.,0.,26.));
#1242 = DIRECTION('',(0.,0.,1.));
#1243 = DIRECTION('',(1.,0.,-0.));
#1244 = ADVANCED_FACE('',(#1245),#1251,.T.);
#1245 = FACE_BOUND('',#1246,.T.);
#1246 = EDGE_LOOP('',(#1247,#1248,#1249,#1250));
#1247 = ORIENTED_EDGE('',*,*,#1138,.F.);
#1248 = ORIENTED_EDGE('',*,*,#1199,.T.);
#1249 = ORIENTED_EDGE('',*,*,#1178,.T.);
#1250 = ORIENTED_EDGE('',*,*,#1221,.F.);
#1251 = PLANE('',#1252);
#1252 = AXIS2_PLACEMENT_3D('',#1253,#1254,#1255);
#1253 = CARTESIAN_POINT('',(12.,0.,38.));
#1254 = DIRECTION('',(0.,0.,1.));
#1255 = DIRECTION('',(1.,0.,-0.));
#1256 = ( GEOMETRIC_REPRESENTATION_CONTEXT(3) 
GLOBAL_UNCERTAINTY_ASSIGNED_CONTEXT((#1260)) 
GLOBAL_UNIT_ASSIGNED_CONTEXT((#1257,#1258,#1259)) REPRESENTATION_CONTEXT
('Context #1','3D Context with UNIT and UNCERTAINTY') );
#1257 = ( LENGTH_UNIT() NAMED_UNIT(*) SI_UNIT(.MILLI.,.METRE.) );
#1258 = ( NAMED_UNIT(*) PLANE_ANGLE_UNIT() SI_UNIT($,.RADIAN.) );
#1259 = ( NAMED_UNIT(*) SI_UNIT($,.STERADIAN.) SOLID_ANGLE_UNIT() );
#1260 = UNCERTAINTY_MEASURE_WITH_UNIT(LENGTH_MEASURE(1.E-07),#1257,
  'distance_accuracy_value','confusion accuracy');
#1261 = CONTEXT_DEPENDENT_SHAPE_REPRESENTATION(#1262,#1264);
#1262 = ( REPRESENTATION_RELATIONSHIP('','',#1105,#10) 
REPRESENTATION_RELATIONSHIP_WITH_TRANSFORMATION(#1263) 
SHAPE_REPRESENTATION_RELATIONSHIP() );
#1263 = ITEM_DEFINED_TRANSFORMATION('','',#11,#35);
#1264 = PRODUCT_DEFINITION_SHAPE('Placement','Placement of an item',
  #1265);
#1265 = NEXT_ASSEMBLY_USAGE_OCCURRENCE('130','格栅下横梁','',#5,
  #1100,$);
#1266 = PRODUCT_RELATED_PRODUCT_CATEGORY('part',$,(#1102));
#1267 = SHAPE_DEFINITION_REPRESENTATION(#1268,#1274);
#1268 = PRODUCT_DEFINITION_SHAPE('','',#1269);
#1269 = PRODUCT_DEFINITION('design','',#1270,#1273);
#1270 = PRODUCT_DEFINITION_FORMATION('','',#1271);
#1271 = PRODUCT('透声布外观占位（非实心材料）',
  '透声布外观占位（非实心材料）','',(#1272));
#1272 = PRODUCT_CONTEXT('',#2,'mechanical');
#1273 = PRODUCT_DEFINITION_CONTEXT('part definition',#2,'design');
#1274 = ADVANCED_BREP_SHAPE_REPRESENTATION('',(#11,#1275),#1425);
#1275 = MANIFOLD_SOLID_BREP('',#1276);
#1276 = CLOSED_SHELL('',(#1277,#1317,#1348,#1379,#1401,#1413));
#1277 = ADVANCED_FACE('',(#1278),#1312,.T.);
#1278 = FACE_BOUND('',#1279,.T.);
#1279 = EDGE_LOOP('',(#1280,#1290,#1298,#1306));
#1280 = ORIENTED_EDGE('',*,*,#1281,.T.);
#1281 = EDGE_CURVE('',#1282,#1284,#1286,.T.);
#1282 = VERTEX_POINT('',#1283);
#1283 = CARTESIAN_POINT('',(12.,12.,38.));
#1284 = VERTEX_POINT('',#1285);
#1285 = CARTESIAN_POINT('',(436.6,12.,38.));
#1286 = LINE('',#1287,#1288);
#1287 = CARTESIAN_POINT('',(12.,12.,38.));
#1288 = VECTOR('',#1289,1.);
#1289 = DIRECTION('',(1.,0.,0.));
#1290 = ORIENTED_EDGE('',*,*,#1291,.T.);
#1291 = EDGE_CURVE('',#1284,#1292,#1294,.T.);
#1292 = VERTEX_POINT('',#1293);
#1293 = CARTESIAN_POINT('',(436.6,41.242772660962,128.));
#1294 = LINE('',#1295,#1296);
#1295 = CARTESIAN_POINT('',(436.6,12.,38.));
#1296 = VECTOR('',#1297,1.);
#1297 = DIRECTION('',(0.,0.309016994375,0.951056516295));
#1298 = ORIENTED_EDGE('',*,*,#1299,.F.);
#1299 = EDGE_CURVE('',#1300,#1292,#1302,.T.);
#1300 = VERTEX_POINT('',#1301);
#1301 = CARTESIAN_POINT('',(12.,41.242772660962,128.));
#1302 = LINE('',#1303,#1304);
#1303 = CARTESIAN_POINT('',(12.,41.242772660962,128.));
#1304 = VECTOR('',#1305,1.);
#1305 = DIRECTION('',(1.,0.,0.));
#1306 = ORIENTED_EDGE('',*,*,#1307,.F.);
#1307 = EDGE_CURVE('',#1282,#1300,#1308,.T.);
#1308 = LINE('',#1309,#1310);
#1309 = CARTESIAN_POINT('',(12.,12.,38.));
#1310 = VECTOR('',#1311,1.);
#1311 = DIRECTION('',(0.,0.309016994375,0.951056516295));
#1312 = PLANE('',#1313);
#1313 = AXIS2_PLACEMENT_3D('',#1314,#1315,#1316);
#1314 = CARTESIAN_POINT('',(12.,12.,38.));
#1315 = DIRECTION('',(0.,-0.951056516295,0.309016994375));
#1316 = DIRECTION('',(0.,0.309016994375,0.951056516295));
#1317 = ADVANCED_FACE('',(#1318),#1343,.T.);
#1318 = FACE_BOUND('',#1319,.T.);
#1319 = EDGE_LOOP('',(#1320,#1321,#1329,#1337));
#1320 = ORIENTED_EDGE('',*,*,#1299,.T.);
#1321 = ORIENTED_EDGE('',*,*,#1322,.T.);
#1322 = EDGE_CURVE('',#1292,#1323,#1325,.T.);
#1323 = VERTEX_POINT('',#1324);
#1324 = CARTESIAN_POINT('',(436.6,41.742772660962,128.));
#1325 = LINE('',#1326,#1327);
#1326 = CARTESIAN_POINT('',(436.6,41.242772660962,128.));
#1327 = VECTOR('',#1328,1.);
#1328 = DIRECTION('',(0.,1.,0.));
#1329 = ORIENTED_EDGE('',*,*,#1330,.F.);
#1330 = EDGE_CURVE('',#1331,#1323,#1333,.T.);
#1331 = VERTEX_POINT('',#1332);
#1332 = CARTESIAN_POINT('',(12.,41.742772660962,128.));
#1333 = LINE('',#1334,#1335);
#1334 = CARTESIAN_POINT('',(12.,41.742772660962,128.));
#1335 = VECTOR('',#1336,1.);
#1336 = DIRECTION('',(1.,0.,0.));
#1337 = ORIENTED_EDGE('',*,*,#1338,.F.);
#1338 = EDGE_CURVE('',#1300,#1331,#1339,.T.);
#1339 = LINE('',#1340,#1341);
#1340 = CARTESIAN_POINT('',(12.,41.242772660962,128.));
#1341 = VECTOR('',#1342,1.);
#1342 = DIRECTION('',(0.,1.,0.));
#1343 = PLANE('',#1344);
#1344 = AXIS2_PLACEMENT_3D('',#1345,#1346,#1347);
#1345 = CARTESIAN_POINT('',(12.,41.242772660962,128.));
#1346 = DIRECTION('',(0.,0.,1.));
#1347 = DIRECTION('',(0.,1.,0.));
#1348 = ADVANCED_FACE('',(#1349),#1374,.T.);
#1349 = FACE_BOUND('',#1350,.T.);
#1350 = EDGE_LOOP('',(#1351,#1352,#1360,#1368));
#1351 = ORIENTED_EDGE('',*,*,#1330,.T.);
#1352 = ORIENTED_EDGE('',*,*,#1353,.T.);
#1353 = EDGE_CURVE('',#1323,#1354,#1356,.T.);
#1354 = VERTEX_POINT('',#1355);
#1355 = CARTESIAN_POINT('',(436.6,12.5,38.));
#1356 = LINE('',#1357,#1358);
#1357 = CARTESIAN_POINT('',(436.6,41.742772660962,128.));
#1358 = VECTOR('',#1359,1.);
#1359 = DIRECTION('',(0.,-0.309016994375,-0.951056516295));
#1360 = ORIENTED_EDGE('',*,*,#1361,.F.);
#1361 = EDGE_CURVE('',#1362,#1354,#1364,.T.);
#1362 = VERTEX_POINT('',#1363);
#1363 = CARTESIAN_POINT('',(12.,12.5,38.));
#1364 = LINE('',#1365,#1366);
#1365 = CARTESIAN_POINT('',(12.,12.5,38.));
#1366 = VECTOR('',#1367,1.);
#1367 = DIRECTION('',(1.,0.,0.));
#1368 = ORIENTED_EDGE('',*,*,#1369,.F.);
#1369 = EDGE_CURVE('',#1331,#1362,#1370,.T.);
#1370 = LINE('',#1371,#1372);
#1371 = CARTESIAN_POINT('',(12.,41.742772660962,128.));
#1372 = VECTOR('',#1373,1.);
#1373 = DIRECTION('',(0.,-0.309016994375,-0.951056516295));
#1374 = PLANE('',#1375);
#1375 = AXIS2_PLACEMENT_3D('',#1376,#1377,#1378);
#1376 = CARTESIAN_POINT('',(12.,41.742772660962,128.));
#1377 = DIRECTION('',(0.,0.951056516295,-0.309016994375));
#1378 = DIRECTION('',(0.,-0.309016994375,-0.951056516295));
#1379 = ADVANCED_FACE('',(#1380),#1396,.T.);
#1380 = FACE_BOUND('',#1381,.T.);
#1381 = EDGE_LOOP('',(#1382,#1383,#1389,#1390));
#1382 = ORIENTED_EDGE('',*,*,#1361,.T.);
#1383 = ORIENTED_EDGE('',*,*,#1384,.T.);
#1384 = EDGE_CURVE('',#1354,#1284,#1385,.T.);
#1385 = LINE('',#1386,#1387);
#1386 = CARTESIAN_POINT('',(436.6,12.5,38.));
#1387 = VECTOR('',#1388,1.);
#1388 = DIRECTION('',(0.,-1.,0.));
#1389 = ORIENTED_EDGE('',*,*,#1281,.F.);
#1390 = ORIENTED_EDGE('',*,*,#1391,.F.);
#1391 = EDGE_CURVE('',#1362,#1282,#1392,.T.);
#1392 = LINE('',#1393,#1394);
#1393 = CARTESIAN_POINT('',(12.,12.5,38.));
#1394 = VECTOR('',#1395,1.);
#1395 = DIRECTION('',(0.,-1.,0.));
#1396 = PLANE('',#1397);
#1397 = AXIS2_PLACEMENT_3D('',#1398,#1399,#1400);
#1398 = CARTESIAN_POINT('',(12.,12.5,38.));
#1399 = DIRECTION('',(0.,0.,-1.));
#1400 = DIRECTION('',(0.,-1.,0.));
#1401 = ADVANCED_FACE('',(#1402),#1408,.T.);
#1402 = FACE_BOUND('',#1403,.T.);
#1403 = EDGE_LOOP('',(#1404,#1405,#1406,#1407));
#1404 = ORIENTED_EDGE('',*,*,#1307,.T.);
#1405 = ORIENTED_EDGE('',*,*,#1338,.T.);
#1406 = ORIENTED_EDGE('',*,*,#1369,.T.);
#1407 = ORIENTED_EDGE('',*,*,#1391,.T.);
#1408 = PLANE('',#1409);
#1409 = AXIS2_PLACEMENT_3D('',#1410,#1411,#1412);
#1410 = CARTESIAN_POINT('',(12.,26.871386330481,83.));
#1411 = DIRECTION('',(-1.,-0.,-0.));
#1412 = DIRECTION('',(0.,0.,-1.));
#1413 = ADVANCED_FACE('',(#1414),#1420,.F.);
#1414 = FACE_BOUND('',#1415,.F.);
#1415 = EDGE_LOOP('',(#1416,#1417,#1418,#1419));
#1416 = ORIENTED_EDGE('',*,*,#1291,.T.);
#1417 = ORIENTED_EDGE('',*,*,#1322,.T.);
#1418 = ORIENTED_EDGE('',*,*,#1353,.T.);
#1419 = ORIENTED_EDGE('',*,*,#1384,.T.);
#1420 = PLANE('',#1421);
#1421 = AXIS2_PLACEMENT_3D('',#1422,#1423,#1424);
#1422 = CARTESIAN_POINT('',(436.6,26.871386330481,83.));
#1423 = DIRECTION('',(-1.,-0.,-0.));
#1424 = DIRECTION('',(0.,0.,-1.));
#1425 = ( GEOMETRIC_REPRESENTATION_CONTEXT(3) 
GLOBAL_UNCERTAINTY_ASSIGNED_CONTEXT((#1429)) 
GLOBAL_UNIT_ASSIGNED_CONTEXT((#1426,#1427,#1428)) REPRESENTATION_CONTEXT
('Context #1','3D Context with UNIT and UNCERTAINTY') );
#1426 = ( LENGTH_UNIT() NAMED_UNIT(*) SI_UNIT(.MILLI.,.METRE.) );
#1427 = ( NAMED_UNIT(*) PLANE_ANGLE_UNIT() SI_UNIT($,.RADIAN.) );
#1428 = ( NAMED_UNIT(*) SI_UNIT($,.STERADIAN.) SOLID_ANGLE_UNIT() );
#1429 = UNCERTAINTY_MEASURE_WITH_UNIT(LENGTH_MEASURE(1.E-07),#1426,
  'distance_accuracy_value','confusion accuracy');
#1430 = CONTEXT_DEPENDENT_SHAPE_REPRESENTATION(#1431,#1433);
#1431 = ( REPRESENTATION_RELATIONSHIP('','',#1274,#10) 
REPRESENTATION_RELATIONSHIP_WITH_TRANSFORMATION(#1432) 
SHAPE_REPRESENTATION_RELATIONSHIP() );
#1432 = ITEM_DEFINED_TRANSFORMATION('','',#11,#39);
#1433 = PRODUCT_DEFINITION_SHAPE('Placement','Placement of an item',
  #1434);
#1434 = NEXT_ASSEMBLY_USAGE_OCCURRENCE('131',
  '透声布外观占位（非实心材料）','',#5,#1269,$);
#1435 = PRODUCT_RELATED_PRODUCT_CATEGORY('part',$,(#1271));
#1436 = SHAPE_DEFINITION_REPRESENTATION(#1437,#1443);
#1437 = PRODUCT_DEFINITION_SHAPE('','',#1438);
#1438 = PRODUCT_DEFINITION('design','',#1439,#1442);
#1439 = PRODUCT_DEFINITION_FORMATION('','',#1440);
#1440 = PRODUCT('横向木格栅 01','横向木格栅 01','',(#1441));
#1441 = PRODUCT_CONTEXT('',#2,'mechanical');
#1442 = PRODUCT_DEFINITION_CONTEXT('part definition',#2,'design');
#1443 = ADVANCED_BREP_SHAPE_REPRESENTATION('',(#11,#1444),#1594);
#1444 = MANIFOLD_SOLID_BREP('',#1445);
#1445 = CLOSED_SHELL('',(#1446,#1486,#1517,#1548,#1570,#1582));
#1446 = ADVANCED_FACE('',(#1447),#1481,.T.);
#1447 = FACE_BOUND('',#1448,.T.);
#1448 = EDGE_LOOP('',(#1449,#1459,#1467,#1475));
#1449 = ORIENTED_EDGE('',*,*,#1450,.T.);
#1450 = EDGE_CURVE('',#1451,#1453,#1455,.T.);
#1451 = VERTEX_POINT('',#1452);
#1452 = CARTESIAN_POINT('',(12.,8.649839392466,40.));
#1453 = VERTEX_POINT('',#1454);
#1454 = CARTESIAN_POINT('',(436.6,8.649839392466,40.));
#1455 = LINE('',#1456,#1457);
#1456 = CARTESIAN_POINT('',(12.,8.649839392466,40.));
#1457 = VECTOR('',#1458,1.);
#1458 = DIRECTION('',(1.,0.,0.));
#1459 = ORIENTED_EDGE('',*,*,#1460,.T.);
#1460 = EDGE_CURVE('',#1453,#1461,#1463,.T.);
#1461 = VERTEX_POINT('',#1462);
#1462 = CARTESIAN_POINT('',(436.6,10.924277266096,47.));
#1463 = LINE('',#1464,#1465);
#1464 = CARTESIAN_POINT('',(436.6,8.649839392466,40.));
#1465 = VECTOR('',#1466,1.);
#1466 = DIRECTION('',(0.,0.309016994375,0.951056516295));
#1467 = ORIENTED_EDGE('',*,*,#1468,.F.);
#1468 = EDGE_CURVE('',#1469,#1461,#1471,.T.);
#1469 = VERTEX_POINT('',#1470);
#1470 = CARTESIAN_POINT('',(12.,10.924277266096,47.));
#1471 = LINE('',#1472,#1473);
#1472 = CARTESIAN_POINT('',(12.,10.924277266096,47.));
#1473 = VECTOR('',#1474,1.);
#1474 = DIRECTION('',(1.,0.,0.));
#1475 = ORIENTED_EDGE('',*,*,#1476,.F.);
#1476 = EDGE_CURVE('',#1451,#1469,#1477,.T.);
#1477 = LINE('',#1478,#1479);
#1478 = CARTESIAN_POINT('',(12.,8.649839392466,40.));
#1479 = VECTOR('',#1480,1.);
#1480 = DIRECTION('',(0.,0.309016994375,0.951056516295));
#1481 = PLANE('',#1482);
#1482 = AXIS2_PLACEMENT_3D('',#1483,#1484,#1485);
#1483 = CARTESIAN_POINT('',(12.,8.649839392466,40.));
#1484 = DIRECTION('',(0.,-0.951056516295,0.309016994375));
#1485 = DIRECTION('',(0.,0.309016994375,0.951056516295));
#1486 = ADVANCED_FACE('',(#1487),#1512,.T.);
#1487 = FACE_BOUND('',#1488,.T.);
#1488 = EDGE_LOOP('',(#1489,#1490,#1498,#1506));
#1489 = ORIENTED_EDGE('',*,*,#1468,.T.);
#1490 = ORIENTED_EDGE('',*,*,#1491,.T.);
#1491 = EDGE_CURVE('',#1461,#1492,#1494,.T.);
#1492 = VERTEX_POINT('',#1493);
#1493 = CARTESIAN_POINT('',(436.6,13.924277266096,47.));
#1494 = LINE('',#1495,#1496);
#1495 = CARTESIAN_POINT('',(436.6,10.924277266096,47.));
#1496 = VECTOR('',#1497,1.);
#1497 = DIRECTION('',(0.,1.,0.));
#1498 = ORIENTED_EDGE('',*,*,#1499,.F.);
#1499 = EDGE_CURVE('',#1500,#1492,#1502,.T.);
#1500 = VERTEX_POINT('',#1501);
#1501 = CARTESIAN_POINT('',(12.,13.924277266096,47.));
#1502 = LINE('',#1503,#1504);
#1503 = CARTESIAN_POINT('',(12.,13.924277266096,47.));
#1504 = VECTOR('',#1505,1.);
#1505 = DIRECTION('',(1.,0.,0.));
#1506 = ORIENTED_EDGE('',*,*,#1507,.F.);
#1507 = EDGE_CURVE('',#1469,#1500,#1508,.T.);
#1508 = LINE('',#1509,#1510);
#1509 = CARTESIAN_POINT('',(12.,10.924277266096,47.));
#1510 = VECTOR('',#1511,1.);
#1511 = DIRECTION('',(0.,1.,0.));
#1512 = PLANE('',#1513);
#1513 = AXIS2_PLACEMENT_3D('',#1514,#1515,#1516);
#1514 = CARTESIAN_POINT('',(12.,10.924277266096,47.));
#1515 = DIRECTION('',(0.,0.,1.));
#1516 = DIRECTION('',(0.,1.,0.));
#1517 = ADVANCED_FACE('',(#1518),#1543,.T.);
#1518 = FACE_BOUND('',#1519,.T.);
#1519 = EDGE_LOOP('',(#1520,#1521,#1529,#1537));
#1520 = ORIENTED_EDGE('',*,*,#1499,.T.);
#1521 = ORIENTED_EDGE('',*,*,#1522,.T.);
#1522 = EDGE_CURVE('',#1492,#1523,#1525,.T.);
#1523 = VERTEX_POINT('',#1524);
#1524 = CARTESIAN_POINT('',(436.6,11.649839392466,40.));
#1525 = LINE('',#1526,#1527);
#1526 = CARTESIAN_POINT('',(436.6,13.924277266096,47.));
#1527 = VECTOR('',#1528,1.);
#1528 = DIRECTION('',(0.,-0.309016994375,-0.951056516295));
#1529 = ORIENTED_EDGE('',*,*,#1530,.F.);
#1530 = EDGE_CURVE('',#1531,#1523,#1533,.T.);
#1531 = VERTEX_POINT('',#1532);
#1532 = CARTESIAN_POINT('',(12.,11.649839392466,40.));
#1533 = LINE('',#1534,#1535);
#1534 = CARTESIAN_POINT('',(12.,11.649839392466,40.));
#1535 = VECTOR('',#1536,1.);
#1536 = DIRECTION('',(1.,0.,0.));
#1537 = ORIENTED_EDGE('',*,*,#1538,.F.);
#1538 = EDGE_CURVE('',#1500,#1531,#1539,.T.);
#1539 = LINE('',#1540,#1541);
#1540 = CARTESIAN_POINT('',(12.,13.924277266096,47.));
#1541 = VECTOR('',#1542,1.);
#1542 = DIRECTION('',(0.,-0.309016994375,-0.951056516295));
#1543 = PLANE('',#1544);
#1544 = AXIS2_PLACEMENT_3D('',#1545,#1546,#1547);
#1545 = CARTESIAN_POINT('',(12.,13.924277266096,47.));
#1546 = DIRECTION('',(0.,0.951056516295,-0.309016994375));
#1547 = DIRECTION('',(0.,-0.309016994375,-0.951056516295));
#1548 = ADVANCED_FACE('',(#1549),#1565,.T.);
#1549 = FACE_BOUND('',#1550,.T.);
#1550 = EDGE_LOOP('',(#1551,#1552,#1558,#1559));
#1551 = ORIENTED_EDGE('',*,*,#1530,.T.);
#1552 = ORIENTED_EDGE('',*,*,#1553,.T.);
#1553 = EDGE_CURVE('',#1523,#1453,#1554,.T.);
#1554 = LINE('',#1555,#1556);
#1555 = CARTESIAN_POINT('',(436.6,11.649839392466,40.));
#1556 = VECTOR('',#1557,1.);
#1557 = DIRECTION('',(0.,-1.,0.));
#1558 = ORIENTED_EDGE('',*,*,#1450,.F.);
#1559 = ORIENTED_EDGE('',*,*,#1560,.F.);
#1560 = EDGE_CURVE('',#1531,#1451,#1561,.T.);
#1561 = LINE('',#1562,#1563);
#1562 = CARTESIAN_POINT('',(12.,11.649839392466,40.));
#1563 = VECTOR('',#1564,1.);
#1564 = DIRECTION('',(0.,-1.,0.));
#1565 = PLANE('',#1566);
#1566 = AXIS2_PLACEMENT_3D('',#1567,#1568,#1569);
#1567 = CARTESIAN_POINT('',(12.,11.649839392466,40.));
#1568 = DIRECTION('',(0.,0.,-1.));
#1569 = DIRECTION('',(0.,-1.,0.));
#1570 = ADVANCED_FACE('',(#1571),#1577,.T.);
#1571 = FACE_BOUND('',#1572,.T.);
#1572 = EDGE_LOOP('',(#1573,#1574,#1575,#1576));
#1573 = ORIENTED_EDGE('',*,*,#1476,.T.);
#1574 = ORIENTED_EDGE('',*,*,#1507,.T.);
#1575 = ORIENTED_EDGE('',*,*,#1538,.T.);
#1576 = ORIENTED_EDGE('',*,*,#1560,.T.);
#1577 = PLANE('',#1578);
#1578 = AXIS2_PLACEMENT_3D('',#1579,#1580,#1581);
#1579 = CARTESIAN_POINT('',(12.,11.287058329281,43.5));
#1580 = DIRECTION('',(-1.,-0.,-0.));
#1581 = DIRECTION('',(0.,0.,-1.));
#1582 = ADVANCED_FACE('',(#1583),#1589,.F.);
#1583 = FACE_BOUND('',#1584,.F.);
#1584 = EDGE_LOOP('',(#1585,#1586,#1587,#1588));
#1585 = ORIENTED_EDGE('',*,*,#1460,.T.);
#1586 = ORIENTED_EDGE('',*,*,#1491,.T.);
#1587 = ORIENTED_EDGE('',*,*,#1522,.T.);
#1588 = ORIENTED_EDGE('',*,*,#1553,.T.);
#1589 = PLANE('',#1590);
#1590 = AXIS2_PLACEMENT_3D('',#1591,#1592,#1593);
#1591 = CARTESIAN_POINT('',(436.6,11.287058329281,43.5));
#1592 = DIRECTION('',(-1.,-0.,-0.));
#1593 = DIRECTION('',(0.,0.,-1.));
#1594 = ( GEOMETRIC_REPRESENTATION_CONTEXT(3) 
GLOBAL_UNCERTAINTY_ASSIGNED_CONTEXT((#1598)) 
GLOBAL_UNIT_ASSIGNED_CONTEXT((#1595,#1596,#1597)) REPRESENTATION_CONTEXT
('Context #1','3D Context with UNIT and UNCERTAINTY') );
#1595 = ( LENGTH_UNIT() NAMED_UNIT(*) SI_UNIT(.MILLI.,.METRE.) );
#1596 = ( NAMED_UNIT(*) PLANE_ANGLE_UNIT() SI_UNIT($,.RADIAN.) );
#1597 = ( NAMED_UNIT(*) SI_UNIT($,.STERADIAN.) SOLID_ANGLE_UNIT() );
#1598 = UNCERTAINTY_MEASURE_WITH_UNIT(LENGTH_MEASURE(1.E-07),#1595,
  'distance_accuracy_value','confusion accuracy');
#1599 = CONTEXT_DEPENDENT_SHAPE_REPRESENTATION(#1600,#1602);
#1600 = ( REPRESENTATION_RELATIONSHIP('','',#1443,#10) 
REPRESENTATION_RELATIONSHIP_WITH_TRANSFORMATION(#1601) 
SHAPE_REPRESENTATION_RELATIONSHIP() );
#1601 = ITEM_DEFINED_TRANSFORMATION('','',#11,#43);
#1602 = PRODUCT_DEFINITION_SHAPE('Placement','Placement of an item',
  #1603);
#1603 = NEXT_ASSEMBLY_USAGE_OCCURRENCE('132','横向木格栅 01','',#5,
  #1438,$);
#1604 = PRODUCT_RELATED_PRODUCT_CATEGORY('part',$,(#1440));
#1605 = SHAPE_DEFINITION_REPRESENTATION(#1606,#1612);
#1606 = PRODUCT_DEFINITION_SHAPE('','',#1607);
#1607 = PRODUCT_DEFINITION('design','',#1608,#1611);
#1608 = PRODUCT_DEFINITION_FORMATION('','',#1609);
#1609 = PRODUCT('横向木格栅 02','横向木格栅 02','',(#1610));
#1610 = PRODUCT_CONTEXT('',#2,'mechanical');
#1611 = PRODUCT_DEFINITION_CONTEXT('part definition',#2,'design');
#1612 = ADVANCED_BREP_SHAPE_REPRESENTATION('',(#11,#1613),#1763);
#1613 = MANIFOLD_SOLID_BREP('',#1614);
#1614 = CLOSED_SHELL('',(#1615,#1655,#1686,#1717,#1739,#1751));
#1615 = ADVANCED_FACE('',(#1616),#1650,.T.);
#1616 = FACE_BOUND('',#1617,.T.);
#1617 = EDGE_LOOP('',(#1618,#1628,#1636,#1644));
#1618 = ORIENTED_EDGE('',*,*,#1619,.T.);
#1619 = EDGE_CURVE('',#1620,#1622,#1624,.T.);
#1620 = VERTEX_POINT('',#1621);
#1621 = CARTESIAN_POINT('',(12.,12.409624448875,51.571428571429));
#1622 = VERTEX_POINT('',#1623);
#1623 = CARTESIAN_POINT('',(436.6,12.409624448875,51.571428571429));
#1624 = LINE('',#1625,#1626);
#1625 = CARTESIAN_POINT('',(12.,12.409624448875,51.571428571429));
#1626 = VECTOR('',#1627,1.);
#1627 = DIRECTION('',(1.,0.,0.));
#1628 = ORIENTED_EDGE('',*,*,#1629,.T.);
#1629 = EDGE_CURVE('',#1622,#1630,#1632,.T.);
#1630 = VERTEX_POINT('',#1631);
#1631 = CARTESIAN_POINT('',(436.6,14.684062322506,58.571428571429));
#1632 = LINE('',#1633,#1634);
#1633 = CARTESIAN_POINT('',(436.6,12.409624448875,51.571428571429));
#1634 = VECTOR('',#1635,1.);
#1635 = DIRECTION('',(0.,0.309016994375,0.951056516295));
#1636 = ORIENTED_EDGE('',*,*,#1637,.F.);
#1637 = EDGE_CURVE('',#1638,#1630,#1640,.T.);
#1638 = VERTEX_POINT('',#1639);
#1639 = CARTESIAN_POINT('',(12.,14.684062322506,58.571428571429));
#1640 = LINE('',#1641,#1642);
#1641 = CARTESIAN_POINT('',(12.,14.684062322506,58.571428571429));
#1642 = VECTOR('',#1643,1.);
#1643 = DIRECTION('',(1.,0.,0.));
#1644 = ORIENTED_EDGE('',*,*,#1645,.F.);
#1645 = EDGE_CURVE('',#1620,#1638,#1646,.T.);
#1646 = LINE('',#1647,#1648);
#1647 = CARTESIAN_POINT('',(12.,12.409624448875,51.571428571429));
#1648 = VECTOR('',#1649,1.);
#1649 = DIRECTION('',(0.,0.309016994375,0.951056516295));
#1650 = PLANE('',#1651);
#1651 = AXIS2_PLACEMENT_3D('',#1652,#1653,#1654);
#1652 = CARTESIAN_POINT('',(12.,12.409624448875,51.571428571429));
#1653 = DIRECTION('',(0.,-0.951056516295,0.309016994375));
#1654 = DIRECTION('',(0.,0.309016994375,0.951056516295));
#1655 = ADVANCED_FACE('',(#1656),#1681,.T.);
#1656 = FACE_BOUND('',#1657,.T.);
#1657 = EDGE_LOOP('',(#1658,#1659,#1667,#1675));
#1658 = ORIENTED_EDGE('',*,*,#1637,.T.);
#1659 = ORIENTED_EDGE('',*,*,#1660,.T.);
#1660 = EDGE_CURVE('',#1630,#1661,#1663,.T.);
#1661 = VERTEX_POINT('',#1662);
#1662 = CARTESIAN_POINT('',(436.6,17.684062322506,58.571428571429));
#1663 = LINE('',#1664,#1665);
#1664 = CARTESIAN_POINT('',(436.6,14.684062322506,58.571428571429));
#1665 = VECTOR('',#1666,1.);
#1666 = DIRECTION('',(0.,1.,0.));
#1667 = ORIENTED_EDGE('',*,*,#1668,.F.);
#1668 = EDGE_CURVE('',#1669,#1661,#1671,.T.);
#1669 = VERTEX_POINT('',#1670);
#1670 = CARTESIAN_POINT('',(12.,17.684062322506,58.571428571429));
#1671 = LINE('',#1672,#1673);
#1672 = CARTESIAN_POINT('',(12.,17.684062322506,58.571428571429));
#1673 = VECTOR('',#1674,1.);
#1674 = DIRECTION('',(1.,0.,0.));
#1675 = ORIENTED_EDGE('',*,*,#1676,.F.);
#1676 = EDGE_CURVE('',#1638,#1669,#1677,.T.);
#1677 = LINE('',#1678,#1679);
#1678 = CARTESIAN_POINT('',(12.,14.684062322506,58.571428571429));
#1679 = VECTOR('',#1680,1.);
#1680 = DIRECTION('',(0.,1.,0.));
#1681 = PLANE('',#1682);
#1682 = AXIS2_PLACEMENT_3D('',#1683,#1684,#1685);
#1683 = CARTESIAN_POINT('',(12.,14.684062322506,58.571428571429));
#1684 = DIRECTION('',(0.,0.,1.));
#1685 = DIRECTION('',(0.,1.,0.));
#1686 = ADVANCED_FACE('',(#1687),#1712,.T.);
#1687 = FACE_BOUND('',#1688,.T.);
#1688 = EDGE_LOOP('',(#1689,#1690,#1698,#1706));
#1689 = ORIENTED_EDGE('',*,*,#1668,.T.);
#1690 = ORIENTED_EDGE('',*,*,#1691,.T.);
#1691 = EDGE_CURVE('',#1661,#1692,#1694,.T.);
#1692 = VERTEX_POINT('',#1693);
#1693 = CARTESIAN_POINT('',(436.6,15.409624448875,51.571428571429));
#1694 = LINE('',#1695,#1696);
#1695 = CARTESIAN_POINT('',(436.6,17.684062322506,58.571428571429));
#1696 = VECTOR('',#1697,1.);
#1697 = DIRECTION('',(0.,-0.309016994375,-0.951056516295));
#1698 = ORIENTED_EDGE('',*,*,#1699,.F.);
#1699 = EDGE_CURVE('',#1700,#1692,#1702,.T.);
#1700 = VERTEX_POINT('',#1701);
#1701 = CARTESIAN_POINT('',(12.,15.409624448875,51.571428571429));
#1702 = LINE('',#1703,#1704);
#1703 = CARTESIAN_POINT('',(12.,15.409624448875,51.571428571429));
#1704 = VECTOR('',#1705,1.);
#1705 = DIRECTION('',(1.,0.,0.));
#1706 = ORIENTED_EDGE('',*,*,#1707,.F.);
#1707 = EDGE_CURVE('',#1669,#1700,#1708,.T.);
#1708 = LINE('',#1709,#1710);
#1709 = CARTESIAN_POINT('',(12.,17.684062322506,58.571428571429));
#1710 = VECTOR('',#1711,1.);
#1711 = DIRECTION('',(0.,-0.309016994375,-0.951056516295));
#1712 = PLANE('',#1713);
#1713 = AXIS2_PLACEMENT_3D('',#1714,#1715,#1716);
#1714 = CARTESIAN_POINT('',(12.,17.684062322506,58.571428571429));
#1715 = DIRECTION('',(0.,0.951056516295,-0.309016994375));
#1716 = DIRECTION('',(0.,-0.309016994375,-0.951056516295));
#1717 = ADVANCED_FACE('',(#1718),#1734,.T.);
#1718 = FACE_BOUND('',#1719,.T.);
#1719 = EDGE_LOOP('',(#1720,#1721,#1727,#1728));
#1720 = ORIENTED_EDGE('',*,*,#1699,.T.);
#1721 = ORIENTED_EDGE('',*,*,#1722,.T.);
#1722 = EDGE_CURVE('',#1692,#1622,#1723,.T.);
#1723 = LINE('',#1724,#1725);
#1724 = CARTESIAN_POINT('',(436.6,15.409624448875,51.571428571429));
#1725 = VECTOR('',#1726,1.);
#1726 = DIRECTION('',(0.,-1.,0.));
#1727 = ORIENTED_EDGE('',*,*,#1619,.F.);
#1728 = ORIENTED_EDGE('',*,*,#1729,.F.);
#1729 = EDGE_CURVE('',#1700,#1620,#1730,.T.);
#1730 = LINE('',#1731,#1732);
#1731 = CARTESIAN_POINT('',(12.,15.409624448875,51.571428571429));
#1732 = VECTOR('',#1733,1.);
#1733 = DIRECTION('',(0.,-1.,0.));
#1734 = PLANE('',#1735);
#1735 = AXIS2_PLACEMENT_3D('',#1736,#1737,#1738);
#1736 = CARTESIAN_POINT('',(12.,15.409624448875,51.571428571429));
#1737 = DIRECTION('',(0.,0.,-1.));
#1738 = DIRECTION('',(0.,-1.,0.));
#1739 = ADVANCED_FACE('',(#1740),#1746,.T.);
#1740 = FACE_BOUND('',#1741,.T.);
#1741 = EDGE_LOOP('',(#1742,#1743,#1744,#1745));
#1742 = ORIENTED_EDGE('',*,*,#1645,.T.);
#1743 = ORIENTED_EDGE('',*,*,#1676,.T.);
#1744 = ORIENTED_EDGE('',*,*,#1707,.T.);
#1745 = ORIENTED_EDGE('',*,*,#1729,.T.);
#1746 = PLANE('',#1747);
#1747 = AXIS2_PLACEMENT_3D('',#1748,#1749,#1750);
#1748 = CARTESIAN_POINT('',(12.,15.04684338569,55.071428571429));
#1749 = DIRECTION('',(-1.,-0.,-0.));
#1750 = DIRECTION('',(0.,0.,-1.));
#1751 = ADVANCED_FACE('',(#1752),#1758,.F.);
#1752 = FACE_BOUND('',#1753,.F.);
#1753 = EDGE_LOOP('',(#1754,#1755,#1756,#1757));
#1754 = ORIENTED_EDGE('',*,*,#1629,.T.);
#1755 = ORIENTED_EDGE('',*,*,#1660,.T.);
#1756 = ORIENTED_EDGE('',*,*,#1691,.T.);
#1757 = ORIENTED_EDGE('',*,*,#1722,.T.);
#1758 = PLANE('',#1759);
#1759 = AXIS2_PLACEMENT_3D('',#1760,#1761,#1762);
#1760 = CARTESIAN_POINT('',(436.6,15.04684338569,55.071428571429));
#1761 = DIRECTION('',(-1.,-0.,-0.));
#1762 = DIRECTION('',(0.,0.,-1.));
#1763 = ( GEOMETRIC_REPRESENTATION_CONTEXT(3) 
GLOBAL_UNCERTAINTY_ASSIGNED_CONTEXT((#1767)) 
GLOBAL_UNIT_ASSIGNED_CONTEXT((#1764,#1765,#1766)) REPRESENTATION_CONTEXT
('Context #1','3D Context with UNIT and UNCERTAINTY') );
#1764 = ( LENGTH_UNIT() NAMED_UNIT(*) SI_UNIT(.MILLI.,.METRE.) );
#1765 = ( NAMED_UNIT(*) PLANE_ANGLE_UNIT() SI_UNIT($,.RADIAN.) );
#1766 = ( NAMED_UNIT(*) SI_UNIT($,.STERADIAN.) SOLID_ANGLE_UNIT() );
#1767 = UNCERTAINTY_MEASURE_WITH_UNIT(LENGTH_MEASURE(1.E-07),#1764,
  'distance_accuracy_value','confusion accuracy');
#1768 = CONTEXT_DEPENDENT_SHAPE_REPRESENTATION(#1769,#1771);
#1769 = ( REPRESENTATION_RELATIONSHIP('','',#1612,#10) 
REPRESENTATION_RELATIONSHIP_WITH_TRANSFORMATION(#1770) 
SHAPE_REPRESENTATION_RELATIONSHIP() );
#1770 = ITEM_DEFINED_TRANSFORMATION('','',#11,#47);
#1771 = PRODUCT_DEFINITION_SHAPE('Placement','Placement of an item',
  #1772);
#1772 = NEXT_ASSEMBLY_USAGE_OCCURRENCE('133','横向木格栅 02','',#5,
  #1607,$);
#1773 = PRODUCT_RELATED_PRODUCT_CATEGORY('part',$,(#1609));
#1774 = SHAPE_DEFINITION_REPRESENTATION(#1775,#1781);
#1775 = PRODUCT_DEFINITION_SHAPE('','',#1776);
#1776 = PRODUCT_DEFINITION('design','',#1777,#1780);
#1777 = PRODUCT_DEFINITION_FORMATION('','',#1778);
#1778 = PRODUCT('横向木格栅 03','横向木格栅 03','',(#1779));
#1779 = PRODUCT_CONTEXT('',#2,'mechanical');
#1780 = PRODUCT_DEFINITION_CONTEXT('part definition',#2,'design');
#1781 = ADVANCED_BREP_SHAPE_REPRESENTATION('',(#11,#1782),#1932);
#1782 = MANIFOLD_SOLID_BREP('',#1783);
#1783 = CLOSED_SHELL('',(#1784,#1824,#1855,#1886,#1908,#1920));
#1784 = ADVANCED_FACE('',(#1785),#1819,.T.);
#1785 = FACE_BOUND('',#1786,.T.);
#1786 = EDGE_LOOP('',(#1787,#1797,#1805,#1813));
#1787 = ORIENTED_EDGE('',*,*,#1788,.T.);
#1788 = EDGE_CURVE('',#1789,#1791,#1793,.T.);
#1789 = VERTEX_POINT('',#1790);
#1790 = CARTESIAN_POINT('',(12.,16.169409505285,63.142857142857));
#1791 = VERTEX_POINT('',#1792);
#1792 = CARTESIAN_POINT('',(436.6,16.169409505285,63.142857142857));
#1793 = LINE('',#1794,#1795);
#1794 = CARTESIAN_POINT('',(12.,16.169409505285,63.142857142857));
#1795 = VECTOR('',#1796,1.);
#1796 = DIRECTION('',(1.,0.,0.));
#1797 = ORIENTED_EDGE('',*,*,#1798,.T.);
#1798 = EDGE_CURVE('',#1791,#1799,#1801,.T.);
#1799 = VERTEX_POINT('',#1800);
#1800 = CARTESIAN_POINT('',(436.6,18.443847378915,70.142857142857));
#1801 = LINE('',#1802,#1803);
#1802 = CARTESIAN_POINT('',(436.6,16.169409505285,63.142857142857));
#1803 = VECTOR('',#1804,1.);
#1804 = DIRECTION('',(0.,0.309016994375,0.951056516295));
#1805 = ORIENTED_EDGE('',*,*,#1806,.F.);
#1806 = EDGE_CURVE('',#1807,#1799,#1809,.T.);
#1807 = VERTEX_POINT('',#1808);
#1808 = CARTESIAN_POINT('',(12.,18.443847378915,70.142857142857));
#1809 = LINE('',#1810,#1811);
#1810 = CARTESIAN_POINT('',(12.,18.443847378915,70.142857142857));
#1811 = VECTOR('',#1812,1.);
#1812 = DIRECTION('',(1.,0.,0.));
#1813 = ORIENTED_EDGE('',*,*,#1814,.F.);
#1814 = EDGE_CURVE('',#1789,#1807,#1815,.T.);
#1815 = LINE('',#1816,#1817);
#1816 = CARTESIAN_POINT('',(12.,16.169409505285,63.142857142857));
#1817 = VECTOR('',#1818,1.);
#1818 = DIRECTION('',(0.,0.309016994375,0.951056516295));
#1819 = PLANE('',#1820);
#1820 = AXIS2_PLACEMENT_3D('',#1821,#1822,#1823);
#1821 = CARTESIAN_POINT('',(12.,16.169409505285,63.142857142857));
#1822 = DIRECTION('',(0.,-0.951056516295,0.309016994375));
#1823 = DIRECTION('',(0.,0.309016994375,0.951056516295));
#1824 = ADVANCED_FACE('',(#1825),#1850,.T.);
#1825 = FACE_BOUND('',#1826,.T.);
#1826 = EDGE_LOOP('',(#1827,#1828,#1836,#1844));
#1827 = ORIENTED_EDGE('',*,*,#1806,.T.);
#1828 = ORIENTED_EDGE('',*,*,#1829,.T.);
#1829 = EDGE_CURVE('',#1799,#1830,#1832,.T.);
#1830 = VERTEX_POINT('',#1831);
#1831 = CARTESIAN_POINT('',(436.6,21.443847378915,70.142857142857));
#1832 = LINE('',#1833,#1834);
#1833 = CARTESIAN_POINT('',(436.6,18.443847378915,70.142857142857));
#1834 = VECTOR('',#1835,1.);
#1835 = DIRECTION('',(0.,1.,0.));
#1836 = ORIENTED_EDGE('',*,*,#1837,.F.);
#1837 = EDGE_CURVE('',#1838,#1830,#1840,.T.);
#1838 = VERTEX_POINT('',#1839);
#1839 = CARTESIAN_POINT('',(12.,21.443847378915,70.142857142857));
#1840 = LINE('',#1841,#1842);
#1841 = CARTESIAN_POINT('',(12.,21.443847378915,70.142857142857));
#1842 = VECTOR('',#1843,1.);
#1843 = DIRECTION('',(1.,0.,0.));
#1844 = ORIENTED_EDGE('',*,*,#1845,.F.);
#1845 = EDGE_CURVE('',#1807,#1838,#1846,.T.);
#1846 = LINE('',#1847,#1848);
#1847 = CARTESIAN_POINT('',(12.,18.443847378915,70.142857142857));
#1848 = VECTOR('',#1849,1.);
#1849 = DIRECTION('',(0.,1.,0.));
#1850 = PLANE('',#1851);
#1851 = AXIS2_PLACEMENT_3D('',#1852,#1853,#1854);
#1852 = CARTESIAN_POINT('',(12.,18.443847378915,70.142857142857));
#1853 = DIRECTION('',(0.,0.,1.));
#1854 = DIRECTION('',(0.,1.,0.));
#1855 = ADVANCED_FACE('',(#1856),#1881,.T.);
#1856 = FACE_BOUND('',#1857,.T.);
#1857 = EDGE_LOOP('',(#1858,#1859,#1867,#1875));
#1858 = ORIENTED_EDGE('',*,*,#1837,.T.);
#1859 = ORIENTED_EDGE('',*,*,#1860,.T.);
#1860 = EDGE_CURVE('',#1830,#1861,#1863,.T.);
#1861 = VERTEX_POINT('',#1862);
#1862 = CARTESIAN_POINT('',(436.6,19.169409505285,63.142857142857));
#1863 = LINE('',#1864,#1865);
#1864 = CARTESIAN_POINT('',(436.6,21.443847378915,70.142857142857));
#1865 = VECTOR('',#1866,1.);
#1866 = DIRECTION('',(0.,-0.309016994375,-0.951056516295));
#1867 = ORIENTED_EDGE('',*,*,#1868,.F.);
#1868 = EDGE_CURVE('',#1869,#1861,#1871,.T.);
#1869 = VERTEX_POINT('',#1870);
#1870 = CARTESIAN_POINT('',(12.,19.169409505285,63.142857142857));
#1871 = LINE('',#1872,#1873);
#1872 = CARTESIAN_POINT('',(12.,19.169409505285,63.142857142857));
#1873 = VECTOR('',#1874,1.);
#1874 = DIRECTION('',(1.,0.,0.));
#1875 = ORIENTED_EDGE('',*,*,#1876,.F.);
#1876 = EDGE_CURVE('',#1838,#1869,#1877,.T.);
#1877 = LINE('',#1878,#1879);
#1878 = CARTESIAN_POINT('',(12.,21.443847378915,70.142857142857));
#1879 = VECTOR('',#1880,1.);
#1880 = DIRECTION('',(0.,-0.309016994375,-0.951056516295));
#1881 = PLANE('',#1882);
#1882 = AXIS2_PLACEMENT_3D('',#1883,#1884,#1885);
#1883 = CARTESIAN_POINT('',(12.,21.443847378915,70.142857142857));
#1884 = DIRECTION('',(0.,0.951056516295,-0.309016994375));
#1885 = DIRECTION('',(0.,-0.309016994375,-0.951056516295));
#1886 = ADVANCED_FACE('',(#1887),#1903,.T.);
#1887 = FACE_BOUND('',#1888,.T.);
#1888 = EDGE_LOOP('',(#1889,#1890,#1896,#1897));
#1889 = ORIENTED_EDGE('',*,*,#1868,.T.);
#1890 = ORIENTED_EDGE('',*,*,#1891,.T.);
#1891 = EDGE_CURVE('',#1861,#1791,#1892,.T.);
#1892 = LINE('',#1893,#1894);
#1893 = CARTESIAN_POINT('',(436.6,19.169409505285,63.142857142857));
#1894 = VECTOR('',#1895,1.);
#1895 = DIRECTION('',(0.,-1.,0.));
#1896 = ORIENTED_EDGE('',*,*,#1788,.F.);
#1897 = ORIENTED_EDGE('',*,*,#1898,.F.);
#1898 = EDGE_CURVE('',#1869,#1789,#1899,.T.);
#1899 = LINE('',#1900,#1901);
#1900 = CARTESIAN_POINT('',(12.,19.169409505285,63.142857142857));
#1901 = VECTOR('',#1902,1.);
#1902 = DIRECTION('',(0.,-1.,0.));
#1903 = PLANE('',#1904);
#1904 = AXIS2_PLACEMENT_3D('',#1905,#1906,#1907);
#1905 = CARTESIAN_POINT('',(12.,19.169409505285,63.142857142857));
#1906 = DIRECTION('',(0.,0.,-1.));
#1907 = DIRECTION('',(0.,-1.,0.));
#1908 = ADVANCED_FACE('',(#1909),#1915,.T.);
#1909 = FACE_BOUND('',#1910,.T.);
#1910 = EDGE_LOOP('',(#1911,#1912,#1913,#1914));
#1911 = ORIENTED_EDGE('',*,*,#1814,.T.);
#1912 = ORIENTED_EDGE('',*,*,#1845,.T.);
#1913 = ORIENTED_EDGE('',*,*,#1876,.T.);
#1914 = ORIENTED_EDGE('',*,*,#1898,.T.);
#1915 = PLANE('',#1916);
#1916 = AXIS2_PLACEMENT_3D('',#1917,#1918,#1919);
#1917 = CARTESIAN_POINT('',(12.,18.8066284421,66.642857142857));
#1918 = DIRECTION('',(-1.,-0.,-0.));
#1919 = DIRECTION('',(0.,0.,-1.));
#1920 = ADVANCED_FACE('',(#1921),#1927,.F.);
#1921 = FACE_BOUND('',#1922,.F.);
#1922 = EDGE_LOOP('',(#1923,#1924,#1925,#1926));
#1923 = ORIENTED_EDGE('',*,*,#1798,.T.);
#1924 = ORIENTED_EDGE('',*,*,#1829,.T.);
#1925 = ORIENTED_EDGE('',*,*,#1860,.T.);
#1926 = ORIENTED_EDGE('',*,*,#1891,.T.);
#1927 = PLANE('',#1928);
#1928 = AXIS2_PLACEMENT_3D('',#1929,#1930,#1931);
#1929 = CARTESIAN_POINT('',(436.6,18.8066284421,66.642857142857));
#1930 = DIRECTION('',(-1.,-0.,-0.));
#1931 = DIRECTION('',(0.,0.,-1.));
#1932 = ( GEOMETRIC_REPRESENTATION_CONTEXT(3) 
GLOBAL_UNCERTAINTY_ASSIGNED_CONTEXT((#1936)) 
GLOBAL_UNIT_ASSIGNED_CONTEXT((#1933,#1934,#1935)) REPRESENTATION_CONTEXT
('Context #1','3D Context with UNIT and UNCERTAINTY') );
#1933 = ( LENGTH_UNIT() NAMED_UNIT(*) SI_UNIT(.MILLI.,.METRE.) );
#1934 = ( NAMED_UNIT(*) PLANE_ANGLE_UNIT() SI_UNIT($,.RADIAN.) );
#1935 = ( NAMED_UNIT(*) SI_UNIT($,.STERADIAN.) SOLID_ANGLE_UNIT() );
#1936 = UNCERTAINTY_MEASURE_WITH_UNIT(LENGTH_MEASURE(1.E-07),#1933,
  'distance_accuracy_value','confusion accuracy');
#1937 = CONTEXT_DEPENDENT_SHAPE_REPRESENTATION(#1938,#1940);
#1938 = ( REPRESENTATION_RELATIONSHIP('','',#1781,#10) 
REPRESENTATION_RELATIONSHIP_WITH_TRANSFORMATION(#1939) 
SHAPE_REPRESENTATION_RELATIONSHIP() );
#1939 = ITEM_DEFINED_TRANSFORMATION('','',#11,#51);
#1940 = PRODUCT_DEFINITION_SHAPE('Placement','Placement of an item',
  #1941);
#1941 = NEXT_ASSEMBLY_USAGE_OCCURRENCE('134','横向木格栅 03','',#5,
  #1776,$);
#1942 = PRODUCT_RELATED_PRODUCT_CATEGORY('part',$,(#1778));
#1943 = SHAPE_DEFINITION_REPRESENTATION(#1944,#1950);
#1944 = PRODUCT_DEFINITION_SHAPE('','',#1945);
#1945 = PRODUCT_DEFINITION('design','',#1946,#1949);
#1946 = PRODUCT_DEFINITION_FORMATION('','',#1947);
#1947 = PRODUCT('横向木格栅 04','横向木格栅 04','',(#1948));
#1948 = PRODUCT_CONTEXT('',#2,'mechanical');
#1949 = PRODUCT_DEFINITION_CONTEXT('part definition',#2,'design');
#1950 = ADVANCED_BREP_SHAPE_REPRESENTATION('',(#11,#1951),#2101);
#1951 = MANIFOLD_SOLID_BREP('',#1952);
#1952 = CLOSED_SHELL('',(#1953,#1993,#2024,#2055,#2077,#2089));
#1953 = ADVANCED_FACE('',(#1954),#1988,.T.);
#1954 = FACE_BOUND('',#1955,.T.);
#1955 = EDGE_LOOP('',(#1956,#1966,#1974,#1982));
#1956 = ORIENTED_EDGE('',*,*,#1957,.T.);
#1957 = EDGE_CURVE('',#1958,#1960,#1962,.T.);
#1958 = VERTEX_POINT('',#1959);
#1959 = CARTESIAN_POINT('',(12.,19.929194561694,74.714285714286));
#1960 = VERTEX_POINT('',#1961);
#1961 = CARTESIAN_POINT('',(436.6,19.929194561694,74.714285714286));
#1962 = LINE('',#1963,#1964);
#1963 = CARTESIAN_POINT('',(12.,19.929194561694,74.714285714286));
#1964 = VECTOR('',#1965,1.);
#1965 = DIRECTION('',(1.,0.,0.));
#1966 = ORIENTED_EDGE('',*,*,#1967,.T.);
#1967 = EDGE_CURVE('',#1960,#1968,#1970,.T.);
#1968 = VERTEX_POINT('',#1969);
#1969 = CARTESIAN_POINT('',(436.6,22.203632435324,81.714285714286));
#1970 = LINE('',#1971,#1972);
#1971 = CARTESIAN_POINT('',(436.6,19.929194561694,74.714285714286));
#1972 = VECTOR('',#1973,1.);
#1973 = DIRECTION('',(0.,0.309016994375,0.951056516295));
#1974 = ORIENTED_EDGE('',*,*,#1975,.F.);
#1975 = EDGE_CURVE('',#1976,#1968,#1978,.T.);
#1976 = VERTEX_POINT('',#1977);
#1977 = CARTESIAN_POINT('',(12.,22.203632435324,81.714285714286));
#1978 = LINE('',#1979,#1980);
#1979 = CARTESIAN_POINT('',(12.,22.203632435324,81.714285714286));
#1980 = VECTOR('',#1981,1.);
#1981 = DIRECTION('',(1.,0.,0.));
#1982 = ORIENTED_EDGE('',*,*,#1983,.F.);
#1983 = EDGE_CURVE('',#1958,#1976,#1984,.T.);
#1984 = LINE('',#1985,#1986);
#1985 = CARTESIAN_POINT('',(12.,19.929194561694,74.714285714286));
#1986 = VECTOR('',#1987,1.);
#1987 = DIRECTION('',(0.,0.309016994375,0.951056516295));
#1988 = PLANE('',#1989);
#1989 = AXIS2_PLACEMENT_3D('',#1990,#1991,#1992);
#1990 = CARTESIAN_POINT('',(12.,19.929194561694,74.714285714286));
#1991 = DIRECTION('',(0.,-0.951056516295,0.309016994375));
#1992 = DIRECTION('',(0.,0.309016994375,0.951056516295));
#1993 = ADVANCED_FACE('',(#1994),#2019,.T.);
#1994 = FACE_BOUND('',#1995,.T.);
#1995 = EDGE_LOOP('',(#1996,#1997,#2005,#2013));
#1996 = ORIENTED_EDGE('',*,*,#1975,.T.);
#1997 = ORIENTED_EDGE('',*,*,#1998,.T.);
#1998 = EDGE_CURVE('',#1968,#1999,#2001,.T.);
#1999 = VERTEX_POINT('',#2000);
#2000 = CARTESIAN_POINT('',(436.6,25.203632435324,81.714285714286));
#2001 = LINE('',#2002,#2003);
#2002 = CARTESIAN_POINT('',(436.6,22.203632435324,81.714285714286));
#2003 = VECTOR('',#2004,1.);
#2004 = DIRECTION('',(0.,1.,0.));
#2005 = ORIENTED_EDGE('',*,*,#2006,.F.);
#2006 = EDGE_CURVE('',#2007,#1999,#2009,.T.);
#2007 = VERTEX_POINT('',#2008);
#2008 = CARTESIAN_POINT('',(12.,25.203632435324,81.714285714286));
#2009 = LINE('',#2010,#2011);
#2010 = CARTESIAN_POINT('',(12.,25.203632435324,81.714285714286));
#2011 = VECTOR('',#2012,1.);
#2012 = DIRECTION('',(1.,0.,0.));
#2013 = ORIENTED_EDGE('',*,*,#2014,.F.);
#2014 = EDGE_CURVE('',#1976,#2007,#2015,.T.);
#2015 = LINE('',#2016,#2017);
#2016 = CARTESIAN_POINT('',(12.,22.203632435324,81.714285714286));
#2017 = VECTOR('',#2018,1.);
#2018 = DIRECTION('',(0.,1.,0.));
#2019 = PLANE('',#2020);
#2020 = AXIS2_PLACEMENT_3D('',#2021,#2022,#2023);
#2021 = CARTESIAN_POINT('',(12.,22.203632435324,81.714285714286));
#2022 = DIRECTION('',(0.,0.,1.));
#2023 = DIRECTION('',(0.,1.,0.));
#2024 = ADVANCED_FACE('',(#2025),#2050,.T.);
#2025 = FACE_BOUND('',#2026,.T.);
#2026 = EDGE_LOOP('',(#2027,#2028,#2036,#2044));
#2027 = ORIENTED_EDGE('',*,*,#2006,.T.);
#2028 = ORIENTED_EDGE('',*,*,#2029,.T.);
#2029 = EDGE_CURVE('',#1999,#2030,#2032,.T.);
#2030 = VERTEX_POINT('',#2031);
#2031 = CARTESIAN_POINT('',(436.6,22.929194561694,74.714285714286));
#2032 = LINE('',#2033,#2034);
#2033 = CARTESIAN_POINT('',(436.6,25.203632435324,81.714285714286));
#2034 = VECTOR('',#2035,1.);
#2035 = DIRECTION('',(0.,-0.309016994375,-0.951056516295));
#2036 = ORIENTED_EDGE('',*,*,#2037,.F.);
#2037 = EDGE_CURVE('',#2038,#2030,#2040,.T.);
#2038 = VERTEX_POINT('',#2039);
#2039 = CARTESIAN_POINT('',(12.,22.929194561694,74.714285714286));
#2040 = LINE('',#2041,#2042);
#2041 = CARTESIAN_POINT('',(12.,22.929194561694,74.714285714286));
#2042 = VECTOR('',#2043,1.);
#2043 = DIRECTION('',(1.,0.,0.));
#2044 = ORIENTED_EDGE('',*,*,#2045,.F.);
#2045 = EDGE_CURVE('',#2007,#2038,#2046,.T.);
#2046 = LINE('',#2047,#2048);
#2047 = CARTESIAN_POINT('',(12.,25.203632435324,81.714285714286));
#2048 = VECTOR('',#2049,1.);
#2049 = DIRECTION('',(0.,-0.309016994375,-0.951056516295));
#2050 = PLANE('',#2051);
#2051 = AXIS2_PLACEMENT_3D('',#2052,#2053,#2054);
#2052 = CARTESIAN_POINT('',(12.,25.203632435324,81.714285714286));
#2053 = DIRECTION('',(0.,0.951056516295,-0.309016994375));
#2054 = DIRECTION('',(0.,-0.309016994375,-0.951056516295));
#2055 = ADVANCED_FACE('',(#2056),#2072,.T.);
#2056 = FACE_BOUND('',#2057,.T.);
#2057 = EDGE_LOOP('',(#2058,#2059,#2065,#2066));
#2058 = ORIENTED_EDGE('',*,*,#2037,.T.);
#2059 = ORIENTED_EDGE('',*,*,#2060,.T.);
#2060 = EDGE_CURVE('',#2030,#1960,#2061,.T.);
#2061 = LINE('',#2062,#2063);
#2062 = CARTESIAN_POINT('',(436.6,22.929194561694,74.714285714286));
#2063 = VECTOR('',#2064,1.);
#2064 = DIRECTION('',(0.,-1.,0.));
#2065 = ORIENTED_EDGE('',*,*,#1957,.F.);
#2066 = ORIENTED_EDGE('',*,*,#2067,.F.);
#2067 = EDGE_CURVE('',#2038,#1958,#2068,.T.);
#2068 = LINE('',#2069,#2070);
#2069 = CARTESIAN_POINT('',(12.,22.929194561694,74.714285714286));
#2070 = VECTOR('',#2071,1.);
#2071 = DIRECTION('',(0.,-1.,0.));
#2072 = PLANE('',#2073);
#2073 = AXIS2_PLACEMENT_3D('',#2074,#2075,#2076);
#2074 = CARTESIAN_POINT('',(12.,22.929194561694,74.714285714286));
#2075 = DIRECTION('',(0.,0.,-1.));
#2076 = DIRECTION('',(0.,-1.,0.));
#2077 = ADVANCED_FACE('',(#2078),#2084,.T.);
#2078 = FACE_BOUND('',#2079,.T.);
#2079 = EDGE_LOOP('',(#2080,#2081,#2082,#2083));
#2080 = ORIENTED_EDGE('',*,*,#1983,.T.);
#2081 = ORIENTED_EDGE('',*,*,#2014,.T.);
#2082 = ORIENTED_EDGE('',*,*,#2045,.T.);
#2083 = ORIENTED_EDGE('',*,*,#2067,.T.);
#2084 = PLANE('',#2085);
#2085 = AXIS2_PLACEMENT_3D('',#2086,#2087,#2088);
#2086 = CARTESIAN_POINT('',(12.,22.566413498509,78.214285714286));
#2087 = DIRECTION('',(-1.,-0.,-0.));
#2088 = DIRECTION('',(0.,0.,-1.));
#2089 = ADVANCED_FACE('',(#2090),#2096,.F.);
#2090 = FACE_BOUND('',#2091,.F.);
#2091 = EDGE_LOOP('',(#2092,#2093,#2094,#2095));
#2092 = ORIENTED_EDGE('',*,*,#1967,.T.);
#2093 = ORIENTED_EDGE('',*,*,#1998,.T.);
#2094 = ORIENTED_EDGE('',*,*,#2029,.T.);
#2095 = ORIENTED_EDGE('',*,*,#2060,.T.);
#2096 = PLANE('',#2097);
#2097 = AXIS2_PLACEMENT_3D('',#2098,#2099,#2100);
#2098 = CARTESIAN_POINT('',(436.6,22.566413498509,78.214285714286));
#2099 = DIRECTION('',(-1.,-0.,-0.));
#2100 = DIRECTION('',(0.,0.,-1.));
#2101 = ( GEOMETRIC_REPRESENTATION_CONTEXT(3) 
GLOBAL_UNCERTAINTY_ASSIGNED_CONTEXT((#2105)) 
GLOBAL_UNIT_ASSIGNED_CONTEXT((#2102,#2103,#2104)) REPRESENTATION_CONTEXT
('Context #1','3D Context with UNIT and UNCERTAINTY') );
#2102 = ( LENGTH_UNIT() NAMED_UNIT(*) SI_UNIT(.MILLI.,.METRE.) );
#2103 = ( NAMED_UNIT(*) PLANE_ANGLE_UNIT() SI_UNIT($,.RADIAN.) );
#2104 = ( NAMED_UNIT(*) SI_UNIT($,.STERADIAN.) SOLID_ANGLE_UNIT() );
#2105 = UNCERTAINTY_MEASURE_WITH_UNIT(LENGTH_MEASURE(1.E-07),#2102,
  'distance_accuracy_value','confusion accuracy');
#2106 = CONTEXT_DEPENDENT_SHAPE_REPRESENTATION(#2107,#2109);
#2107 = ( REPRESENTATION_RELATIONSHIP('','',#1950,#10) 
REPRESENTATION_RELATIONSHIP_WITH_TRANSFORMATION(#2108) 
SHAPE_REPRESENTATION_RELATIONSHIP() );
#2108 = ITEM_DEFINED_TRANSFORMATION('','',#11,#55);
#2109 = PRODUCT_DEFINITION_SHAPE('Placement','Placement of an item',
  #2110);
#2110 = NEXT_ASSEMBLY_USAGE_OCCURRENCE('135','横向木格栅 04','',#5,
  #1945,$);
#2111 = PRODUCT_RELATED_PRODUCT_CATEGORY('part',$,(#1947));
#2112 = SHAPE_DEFINITION_REPRESENTATION(#2113,#2119);
#2113 = PRODUCT_DEFINITION_SHAPE('','',#2114);
#2114 = PRODUCT_DEFINITION('design','',#2115,#2118);
#2115 = PRODUCT_DEFINITION_FORMATION('','',#2116);
#2116 = PRODUCT('横向木格栅 05','横向木格栅 05','',(#2117));
#2117 = PRODUCT_CONTEXT('',#2,'mechanical');
#2118 = PRODUCT_DEFINITION_CONTEXT('part definition',#2,'design');
#2119 = ADVANCED_BREP_SHAPE_REPRESENTATION('',(#11,#2120),#2270);
#2120 = MANIFOLD_SOLID_BREP('',#2121);
#2121 = CLOSED_SHELL('',(#2122,#2162,#2193,#2224,#2246,#2258));
#2122 = ADVANCED_FACE('',(#2123),#2157,.T.);
#2123 = FACE_BOUND('',#2124,.T.);
#2124 = EDGE_LOOP('',(#2125,#2135,#2143,#2151));
#2125 = ORIENTED_EDGE('',*,*,#2126,.T.);
#2126 = EDGE_CURVE('',#2127,#2129,#2131,.T.);
#2127 = VERTEX_POINT('',#2128);
#2128 = CARTESIAN_POINT('',(12.,23.688979618103,86.285714285714));
#2129 = VERTEX_POINT('',#2130);
#2130 = CARTESIAN_POINT('',(436.6,23.688979618103,86.285714285714));
#2131 = LINE('',#2132,#2133);
#2132 = CARTESIAN_POINT('',(12.,23.688979618103,86.285714285714));
#2133 = VECTOR('',#2134,1.);
#2134 = DIRECTION('',(1.,0.,0.));
#2135 = ORIENTED_EDGE('',*,*,#2136,.T.);
#2136 = EDGE_CURVE('',#2129,#2137,#2139,.T.);
#2137 = VERTEX_POINT('',#2138);
#2138 = CARTESIAN_POINT('',(436.6,25.963417491734,93.285714285714));
#2139 = LINE('',#2140,#2141);
#2140 = CARTESIAN_POINT('',(436.6,23.688979618103,86.285714285714));
#2141 = VECTOR('',#2142,1.);
#2142 = DIRECTION('',(0.,0.309016994375,0.951056516295));
#2143 = ORIENTED_EDGE('',*,*,#2144,.F.);
#2144 = EDGE_CURVE('',#2145,#2137,#2147,.T.);
#2145 = VERTEX_POINT('',#2146);
#2146 = CARTESIAN_POINT('',(12.,25.963417491734,93.285714285714));
#2147 = LINE('',#2148,#2149);
#2148 = CARTESIAN_POINT('',(12.,25.963417491734,93.285714285714));
#2149 = VECTOR('',#2150,1.);
#2150 = DIRECTION('',(1.,0.,0.));
#2151 = ORIENTED_EDGE('',*,*,#2152,.F.);
#2152 = EDGE_CURVE('',#2127,#2145,#2153,.T.);
#2153 = LINE('',#2154,#2155);
#2154 = CARTESIAN_POINT('',(12.,23.688979618103,86.285714285714));
#2155 = VECTOR('',#2156,1.);
#2156 = DIRECTION('',(0.,0.309016994375,0.951056516295));
#2157 = PLANE('',#2158);
#2158 = AXIS2_PLACEMENT_3D('',#2159,#2160,#2161);
#2159 = CARTESIAN_POINT('',(12.,23.688979618103,86.285714285714));
#2160 = DIRECTION('',(0.,-0.951056516295,0.309016994375));
#2161 = DIRECTION('',(0.,0.309016994375,0.951056516295));
#2162 = ADVANCED_FACE('',(#2163),#2188,.T.);
#2163 = FACE_BOUND('',#2164,.T.);
#2164 = EDGE_LOOP('',(#2165,#2166,#2174,#2182));
#2165 = ORIENTED_EDGE('',*,*,#2144,.T.);
#2166 = ORIENTED_EDGE('',*,*,#2167,.T.);
#2167 = EDGE_CURVE('',#2137,#2168,#2170,.T.);
#2168 = VERTEX_POINT('',#2169);
#2169 = CARTESIAN_POINT('',(436.6,28.963417491734,93.285714285714));
#2170 = LINE('',#2171,#2172);
#2171 = CARTESIAN_POINT('',(436.6,25.963417491734,93.285714285714));
#2172 = VECTOR('',#2173,1.);
#2173 = DIRECTION('',(0.,1.,0.));
#2174 = ORIENTED_EDGE('',*,*,#2175,.F.);
#2175 = EDGE_CURVE('',#2176,#2168,#2178,.T.);
#2176 = VERTEX_POINT('',#2177);
#2177 = CARTESIAN_POINT('',(12.,28.963417491734,93.285714285714));
#2178 = LINE('',#2179,#2180);
#2179 = CARTESIAN_POINT('',(12.,28.963417491734,93.285714285714));
#2180 = VECTOR('',#2181,1.);
#2181 = DIRECTION('',(1.,0.,0.));
#2182 = ORIENTED_EDGE('',*,*,#2183,.F.);
#2183 = EDGE_CURVE('',#2145,#2176,#2184,.T.);
#2184 = LINE('',#2185,#2186);
#2185 = CARTESIAN_POINT('',(12.,25.963417491734,93.285714285714));
#2186 = VECTOR('',#2187,1.);
#2187 = DIRECTION('',(0.,1.,0.));
#2188 = PLANE('',#2189);
#2189 = AXIS2_PLACEMENT_3D('',#2190,#2191,#2192);
#2190 = CARTESIAN_POINT('',(12.,25.963417491734,93.285714285714));
#2191 = DIRECTION('',(0.,0.,1.));
#2192 = DIRECTION('',(0.,1.,0.));
#2193 = ADVANCED_FACE('',(#2194),#2219,.T.);
#2194 = FACE_BOUND('',#2195,.T.);
#2195 = EDGE_LOOP('',(#2196,#2197,#2205,#2213));
#2196 = ORIENTED_EDGE('',*,*,#2175,.T.);
#2197 = ORIENTED_EDGE('',*,*,#2198,.T.);
#2198 = EDGE_CURVE('',#2168,#2199,#2201,.T.);
#2199 = VERTEX_POINT('',#2200);
#2200 = CARTESIAN_POINT('',(436.6,26.688979618103,86.285714285714));
#2201 = LINE('',#2202,#2203);
#2202 = CARTESIAN_POINT('',(436.6,28.963417491734,93.285714285714));
#2203 = VECTOR('',#2204,1.);
#2204 = DIRECTION('',(0.,-0.309016994375,-0.951056516295));
#2205 = ORIENTED_EDGE('',*,*,#2206,.F.);
#2206 = EDGE_CURVE('',#2207,#2199,#2209,.T.);
#2207 = VERTEX_POINT('',#2208);
#2208 = CARTESIAN_POINT('',(12.,26.688979618103,86.285714285714));
#2209 = LINE('',#2210,#2211);
#2210 = CARTESIAN_POINT('',(12.,26.688979618103,86.285714285714));
#2211 = VECTOR('',#2212,1.);
#2212 = DIRECTION('',(1.,0.,0.));
#2213 = ORIENTED_EDGE('',*,*,#2214,.F.);
#2214 = EDGE_CURVE('',#2176,#2207,#2215,.T.);
#2215 = LINE('',#2216,#2217);
#2216 = CARTESIAN_POINT('',(12.,28.963417491734,93.285714285714));
#2217 = VECTOR('',#2218,1.);
#2218 = DIRECTION('',(0.,-0.309016994375,-0.951056516295));
#2219 = PLANE('',#2220);
#2220 = AXIS2_PLACEMENT_3D('',#2221,#2222,#2223);
#2221 = CARTESIAN_POINT('',(12.,28.963417491734,93.285714285714));
#2222 = DIRECTION('',(0.,0.951056516295,-0.309016994375));
#2223 = DIRECTION('',(0.,-0.309016994375,-0.951056516295));
#2224 = ADVANCED_FACE('',(#2225),#2241,.T.);
#2225 = FACE_BOUND('',#2226,.T.);
#2226 = EDGE_LOOP('',(#2227,#2228,#2234,#2235));
#2227 = ORIENTED_EDGE('',*,*,#2206,.T.);
#2228 = ORIENTED_EDGE('',*,*,#2229,.T.);
#2229 = EDGE_CURVE('',#2199,#2129,#2230,.T.);
#2230 = LINE('',#2231,#2232);
#2231 = CARTESIAN_POINT('',(436.6,26.688979618103,86.285714285714));
#2232 = VECTOR('',#2233,1.);
#2233 = DIRECTION('',(0.,-1.,0.));
#2234 = ORIENTED_EDGE('',*,*,#2126,.F.);
#2235 = ORIENTED_EDGE('',*,*,#2236,.F.);
#2236 = EDGE_CURVE('',#2207,#2127,#2237,.T.);
#2237 = LINE('',#2238,#2239);
#2238 = CARTESIAN_POINT('',(12.,26.688979618103,86.285714285714));
#2239 = VECTOR('',#2240,1.);
#2240 = DIRECTION('',(0.,-1.,0.));
#2241 = PLANE('',#2242);
#2242 = AXIS2_PLACEMENT_3D('',#2243,#2244,#2245);
#2243 = CARTESIAN_POINT('',(12.,26.688979618103,86.285714285714));
#2244 = DIRECTION('',(0.,0.,-1.));
#2245 = DIRECTION('',(0.,-1.,0.));
#2246 = ADVANCED_FACE('',(#2247),#2253,.T.);
#2247 = FACE_BOUND('',#2248,.T.);
#2248 = EDGE_LOOP('',(#2249,#2250,#2251,#2252));
#2249 = ORIENTED_EDGE('',*,*,#2152,.T.);
#2250 = ORIENTED_EDGE('',*,*,#2183,.T.);
#2251 = ORIENTED_EDGE('',*,*,#2214,.T.);
#2252 = ORIENTED_EDGE('',*,*,#2236,.T.);
#2253 = PLANE('',#2254);
#2254 = AXIS2_PLACEMENT_3D('',#2255,#2256,#2257);
#2255 = CARTESIAN_POINT('',(12.,26.326198554918,89.785714285714));
#2256 = DIRECTION('',(-1.,-0.,-0.));
#2257 = DIRECTION('',(0.,0.,-1.));
#2258 = ADVANCED_FACE('',(#2259),#2265,.F.);
#2259 = FACE_BOUND('',#2260,.F.);
#2260 = EDGE_LOOP('',(#2261,#2262,#2263,#2264));
#2261 = ORIENTED_EDGE('',*,*,#2136,.T.);
#2262 = ORIENTED_EDGE('',*,*,#2167,.T.);
#2263 = ORIENTED_EDGE('',*,*,#2198,.T.);
#2264 = ORIENTED_EDGE('',*,*,#2229,.T.);
#2265 = PLANE('',#2266);
#2266 = AXIS2_PLACEMENT_3D('',#2267,#2268,#2269);
#2267 = CARTESIAN_POINT('',(436.6,26.326198554918,89.785714285714));
#2268 = DIRECTION('',(-1.,-0.,-0.));
#2269 = DIRECTION('',(0.,0.,-1.));
#2270 = ( GEOMETRIC_REPRESENTATION_CONTEXT(3) 
GLOBAL_UNCERTAINTY_ASSIGNED_CONTEXT((#2274)) 
GLOBAL_UNIT_ASSIGNED_CONTEXT((#2271,#2272,#2273)) REPRESENTATION_CONTEXT
('Context #1','3D Context with UNIT and UNCERTAINTY') );
#2271 = ( LENGTH_UNIT() NAMED_UNIT(*) SI_UNIT(.MILLI.,.METRE.) );
#2272 = ( NAMED_UNIT(*) PLANE_ANGLE_UNIT() SI_UNIT($,.RADIAN.) );
#2273 = ( NAMED_UNIT(*) SI_UNIT($,.STERADIAN.) SOLID_ANGLE_UNIT() );
#2274 = UNCERTAINTY_MEASURE_WITH_UNIT(LENGTH_MEASURE(1.E-07),#2271,
  'distance_accuracy_value','confusion accuracy');
#2275 = CONTEXT_DEPENDENT_SHAPE_REPRESENTATION(#2276,#2278);
#2276 = ( REPRESENTATION_RELATIONSHIP('','',#2119,#10) 
REPRESENTATION_RELATIONSHIP_WITH_TRANSFORMATION(#2277) 
SHAPE_REPRESENTATION_RELATIONSHIP() );
#2277 = ITEM_DEFINED_TRANSFORMATION('','',#11,#59);
#2278 = PRODUCT_DEFINITION_SHAPE('Placement','Placement of an item',
  #2279);
#2279 = NEXT_ASSEMBLY_USAGE_OCCURRENCE('136','横向木格栅 05','',#5,
  #2114,$);
#2280 = PRODUCT_RELATED_PRODUCT_CATEGORY('part',$,(#2116));
#2281 = SHAPE_DEFINITION_REPRESENTATION(#2282,#2288);
#2282 = PRODUCT_DEFINITION_SHAPE('','',#2283);
#2283 = PRODUCT_DEFINITION('design','',#2284,#2287);
#2284 = PRODUCT_DEFINITION_FORMATION('','',#2285);
#2285 = PRODUCT('横向木格栅 06','横向木格栅 06','',(#2286));
#2286 = PRODUCT_CONTEXT('',#2,'mechanical');
#2287 = PRODUCT_DEFINITION_CONTEXT('part definition',#2,'design');
#2288 = ADVANCED_BREP_SHAPE_REPRESENTATION('',(#11,#2289),#2439);
#2289 = MANIFOLD_SOLID_BREP('',#2290);
#2290 = CLOSED_SHELL('',(#2291,#2331,#2362,#2393,#2415,#2427));
#2291 = ADVANCED_FACE('',(#2292),#2326,.T.);
#2292 = FACE_BOUND('',#2293,.T.);
#2293 = EDGE_LOOP('',(#2294,#2304,#2312,#2320));
#2294 = ORIENTED_EDGE('',*,*,#2295,.T.);
#2295 = EDGE_CURVE('',#2296,#2298,#2300,.T.);
#2296 = VERTEX_POINT('',#2297);
#2297 = CARTESIAN_POINT('',(12.,27.448764674513,97.857142857143));
#2298 = VERTEX_POINT('',#2299);
#2299 = CARTESIAN_POINT('',(436.6,27.448764674513,97.857142857143));
#2300 = LINE('',#2301,#2302);
#2301 = CARTESIAN_POINT('',(12.,27.448764674513,97.857142857143));
#2302 = VECTOR('',#2303,1.);
#2303 = DIRECTION('',(1.,0.,0.));
#2304 = ORIENTED_EDGE('',*,*,#2305,.T.);
#2305 = EDGE_CURVE('',#2298,#2306,#2308,.T.);
#2306 = VERTEX_POINT('',#2307);
#2307 = CARTESIAN_POINT('',(436.6,29.723202548143,104.85714285714));
#2308 = LINE('',#2309,#2310);
#2309 = CARTESIAN_POINT('',(436.6,27.448764674513,97.857142857143));
#2310 = VECTOR('',#2311,1.);
#2311 = DIRECTION('',(0.,0.309016994375,0.951056516295));
#2312 = ORIENTED_EDGE('',*,*,#2313,.F.);
#2313 = EDGE_CURVE('',#2314,#2306,#2316,.T.);
#2314 = VERTEX_POINT('',#2315);
#2315 = CARTESIAN_POINT('',(12.,29.723202548143,104.85714285714));
#2316 = LINE('',#2317,#2318);
#2317 = CARTESIAN_POINT('',(12.,29.723202548143,104.85714285714));
#2318 = VECTOR('',#2319,1.);
#2319 = DIRECTION('',(1.,0.,0.));
#2320 = ORIENTED_EDGE('',*,*,#2321,.F.);
#2321 = EDGE_CURVE('',#2296,#2314,#2322,.T.);
#2322 = LINE('',#2323,#2324);
#2323 = CARTESIAN_POINT('',(12.,27.448764674513,97.857142857143));
#2324 = VECTOR('',#2325,1.);
#2325 = DIRECTION('',(0.,0.309016994375,0.951056516295));
#2326 = PLANE('',#2327);
#2327 = AXIS2_PLACEMENT_3D('',#2328,#2329,#2330);
#2328 = CARTESIAN_POINT('',(12.,27.448764674513,97.857142857143));
#2329 = DIRECTION('',(0.,-0.951056516295,0.309016994375));
#2330 = DIRECTION('',(0.,0.309016994375,0.951056516295));
#2331 = ADVANCED_FACE('',(#2332),#2357,.T.);
#2332 = FACE_BOUND('',#2333,.T.);
#2333 = EDGE_LOOP('',(#2334,#2335,#2343,#2351));
#2334 = ORIENTED_EDGE('',*,*,#2313,.T.);
#2335 = ORIENTED_EDGE('',*,*,#2336,.T.);
#2336 = EDGE_CURVE('',#2306,#2337,#2339,.T.);
#2337 = VERTEX_POINT('',#2338);
#2338 = CARTESIAN_POINT('',(436.6,32.723202548143,104.85714285714));
#2339 = LINE('',#2340,#2341);
#2340 = CARTESIAN_POINT('',(436.6,29.723202548143,104.85714285714));
#2341 = VECTOR('',#2342,1.);
#2342 = DIRECTION('',(0.,1.,0.));
#2343 = ORIENTED_EDGE('',*,*,#2344,.F.);
#2344 = EDGE_CURVE('',#2345,#2337,#2347,.T.);
#2345 = VERTEX_POINT('',#2346);
#2346 = CARTESIAN_POINT('',(12.,32.723202548143,104.85714285714));
#2347 = LINE('',#2348,#2349);
#2348 = CARTESIAN_POINT('',(12.,32.723202548143,104.85714285714));
#2349 = VECTOR('',#2350,1.);
#2350 = DIRECTION('',(1.,0.,0.));
#2351 = ORIENTED_EDGE('',*,*,#2352,.F.);
#2352 = EDGE_CURVE('',#2314,#2345,#2353,.T.);
#2353 = LINE('',#2354,#2355);
#2354 = CARTESIAN_POINT('',(12.,29.723202548143,104.85714285714));
#2355 = VECTOR('',#2356,1.);
#2356 = DIRECTION('',(0.,1.,0.));
#2357 = PLANE('',#2358);
#2358 = AXIS2_PLACEMENT_3D('',#2359,#2360,#2361);
#2359 = CARTESIAN_POINT('',(12.,29.723202548143,104.85714285714));
#2360 = DIRECTION('',(0.,0.,1.));
#2361 = DIRECTION('',(0.,1.,0.));
#2362 = ADVANCED_FACE('',(#2363),#2388,.T.);
#2363 = FACE_BOUND('',#2364,.T.);
#2364 = EDGE_LOOP('',(#2365,#2366,#2374,#2382));
#2365 = ORIENTED_EDGE('',*,*,#2344,.T.);
#2366 = ORIENTED_EDGE('',*,*,#2367,.T.);
#2367 = EDGE_CURVE('',#2337,#2368,#2370,.T.);
#2368 = VERTEX_POINT('',#2369);
#2369 = CARTESIAN_POINT('',(436.6,30.448764674513,97.857142857143));
#2370 = LINE('',#2371,#2372);
#2371 = CARTESIAN_POINT('',(436.6,32.723202548143,104.85714285714));
#2372 = VECTOR('',#2373,1.);
#2373 = DIRECTION('',(0.,-0.309016994375,-0.951056516295));
#2374 = ORIENTED_EDGE('',*,*,#2375,.F.);
#2375 = EDGE_CURVE('',#2376,#2368,#2378,.T.);
#2376 = VERTEX_POINT('',#2377);
#2377 = CARTESIAN_POINT('',(12.,30.448764674513,97.857142857143));
#2378 = LINE('',#2379,#2380);
#2379 = CARTESIAN_POINT('',(12.,30.448764674513,97.857142857143));
#2380 = VECTOR('',#2381,1.);
#2381 = DIRECTION('',(1.,0.,0.));
#2382 = ORIENTED_EDGE('',*,*,#2383,.F.);
#2383 = EDGE_CURVE('',#2345,#2376,#2384,.T.);
#2384 = LINE('',#2385,#2386);
#2385 = CARTESIAN_POINT('',(12.,32.723202548143,104.85714285714));
#2386 = VECTOR('',#2387,1.);
#2387 = DIRECTION('',(0.,-0.309016994375,-0.951056516295));
#2388 = PLANE('',#2389);
#2389 = AXIS2_PLACEMENT_3D('',#2390,#2391,#2392);
#2390 = CARTESIAN_POINT('',(12.,32.723202548143,104.85714285714));
#2391 = DIRECTION('',(0.,0.951056516295,-0.309016994375));
#2392 = DIRECTION('',(0.,-0.309016994375,-0.951056516295));
#2393 = ADVANCED_FACE('',(#2394),#2410,.T.);
#2394 = FACE_BOUND('',#2395,.T.);
#2395 = EDGE_LOOP('',(#2396,#2397,#2403,#2404));
#2396 = ORIENTED_EDGE('',*,*,#2375,.T.);
#2397 = ORIENTED_EDGE('',*,*,#2398,.T.);
#2398 = EDGE_CURVE('',#2368,#2298,#2399,.T.);
#2399 = LINE('',#2400,#2401);
#2400 = CARTESIAN_POINT('',(436.6,30.448764674513,97.857142857143));
#2401 = VECTOR('',#2402,1.);
#2402 = DIRECTION('',(0.,-1.,0.));
#2403 = ORIENTED_EDGE('',*,*,#2295,.F.);
#2404 = ORIENTED_EDGE('',*,*,#2405,.F.);
#2405 = EDGE_CURVE('',#2376,#2296,#2406,.T.);
#2406 = LINE('',#2407,#2408);
#2407 = CARTESIAN_POINT('',(12.,30.448764674513,97.857142857143));
#2408 = VECTOR('',#2409,1.);
#2409 = DIRECTION('',(0.,-1.,0.));
#2410 = PLANE('',#2411);
#2411 = AXIS2_PLACEMENT_3D('',#2412,#2413,#2414);
#2412 = CARTESIAN_POINT('',(12.,30.448764674513,97.857142857143));
#2413 = DIRECTION('',(0.,0.,-1.));
#2414 = DIRECTION('',(0.,-1.,0.));
#2415 = ADVANCED_FACE('',(#2416),#2422,.T.);
#2416 = FACE_BOUND('',#2417,.T.);
#2417 = EDGE_LOOP('',(#2418,#2419,#2420,#2421));
#2418 = ORIENTED_EDGE('',*,*,#2321,.T.);
#2419 = ORIENTED_EDGE('',*,*,#2352,.T.);
#2420 = ORIENTED_EDGE('',*,*,#2383,.T.);
#2421 = ORIENTED_EDGE('',*,*,#2405,.T.);
#2422 = PLANE('',#2423);
#2423 = AXIS2_PLACEMENT_3D('',#2424,#2425,#2426);
#2424 = CARTESIAN_POINT('',(12.,30.085983611328,101.35714285714));
#2425 = DIRECTION('',(-1.,-0.,-0.));
#2426 = DIRECTION('',(0.,0.,-1.));
#2427 = ADVANCED_FACE('',(#2428),#2434,.F.);
#2428 = FACE_BOUND('',#2429,.F.);
#2429 = EDGE_LOOP('',(#2430,#2431,#2432,#2433));
#2430 = ORIENTED_EDGE('',*,*,#2305,.T.);
#2431 = ORIENTED_EDGE('',*,*,#2336,.T.);
#2432 = ORIENTED_EDGE('',*,*,#2367,.T.);
#2433 = ORIENTED_EDGE('',*,*,#2398,.T.);
#2434 = PLANE('',#2435);
#2435 = AXIS2_PLACEMENT_3D('',#2436,#2437,#2438);
#2436 = CARTESIAN_POINT('',(436.6,30.085983611328,101.35714285714));
#2437 = DIRECTION('',(-1.,-0.,-0.));
#2438 = DIRECTION('',(0.,0.,-1.));
#2439 = ( GEOMETRIC_REPRESENTATION_CONTEXT(3) 
GLOBAL_UNCERTAINTY_ASSIGNED_CONTEXT((#2443)) 
GLOBAL_UNIT_ASSIGNED_CONTEXT((#2440,#2441,#2442)) REPRESENTATION_CONTEXT
('Context #1','3D Context with UNIT and UNCERTAINTY') );
#2440 = ( LENGTH_UNIT() NAMED_UNIT(*) SI_UNIT(.MILLI.,.METRE.) );
#2441 = ( NAMED_UNIT(*) PLANE_ANGLE_UNIT() SI_UNIT($,.RADIAN.) );
#2442 = ( NAMED_UNIT(*) SI_UNIT($,.STERADIAN.) SOLID_ANGLE_UNIT() );
#2443 = UNCERTAINTY_MEASURE_WITH_UNIT(LENGTH_MEASURE(1.E-07),#2440,
  'distance_accuracy_value','confusion accuracy');
#2444 = CONTEXT_DEPENDENT_SHAPE_REPRESENTATION(#2445,#2447);
#2445 = ( REPRESENTATION_RELATIONSHIP('','',#2288,#10) 
REPRESENTATION_RELATIONSHIP_WITH_TRANSFORMATION(#2446) 
SHAPE_REPRESENTATION_RELATIONSHIP() );
#2446 = ITEM_DEFINED_TRANSFORMATION('','',#11,#63);
#2447 = PRODUCT_DEFINITION_SHAPE('Placement','Placement of an item',
  #2448);
#2448 = NEXT_ASSEMBLY_USAGE_OCCURRENCE('137','横向木格栅 06','',#5,
  #2283,$);
#2449 = PRODUCT_RELATED_PRODUCT_CATEGORY('part',$,(#2285));
#2450 = SHAPE_DEFINITION_REPRESENTATION(#2451,#2457);
#2451 = PRODUCT_DEFINITION_SHAPE('','',#2452);
#2452 = PRODUCT_DEFINITION('design','',#2453,#2456);
#2453 = PRODUCT_DEFINITION_FORMATION('','',#2454);
#2454 = PRODUCT('横向木格栅 07','横向木格栅 07','',(#2455));
#2455 = PRODUCT_CONTEXT('',#2,'mechanical');
#2456 = PRODUCT_DEFINITION_CONTEXT('part definition',#2,'design');
#2457 = ADVANCED_BREP_SHAPE_REPRESENTATION('',(#11,#2458),#2608);
#2458 = MANIFOLD_SOLID_BREP('',#2459);
#2459 = CLOSED_SHELL('',(#2460,#2500,#2531,#2562,#2584,#2596));
#2460 = ADVANCED_FACE('',(#2461),#2495,.T.);
#2461 = FACE_BOUND('',#2462,.T.);
#2462 = EDGE_LOOP('',(#2463,#2473,#2481,#2489));
#2463 = ORIENTED_EDGE('',*,*,#2464,.T.);
#2464 = EDGE_CURVE('',#2465,#2467,#2469,.T.);
#2465 = VERTEX_POINT('',#2466);
#2466 = CARTESIAN_POINT('',(12.,31.208549730922,109.42857142857));
#2467 = VERTEX_POINT('',#2468);
#2468 = CARTESIAN_POINT('',(436.6,31.208549730922,109.42857142857));
#2469 = LINE('',#2470,#2471);
#2470 = CARTESIAN_POINT('',(12.,31.208549730922,109.42857142857));
#2471 = VECTOR('',#2472,1.);
#2472 = DIRECTION('',(1.,0.,0.));
#2473 = ORIENTED_EDGE('',*,*,#2474,.T.);
#2474 = EDGE_CURVE('',#2467,#2475,#2477,.T.);
#2475 = VERTEX_POINT('',#2476);
#2476 = CARTESIAN_POINT('',(436.6,33.482987604552,116.42857142857));
#2477 = LINE('',#2478,#2479);
#2478 = CARTESIAN_POINT('',(436.6,31.208549730922,109.42857142857));
#2479 = VECTOR('',#2480,1.);
#2480 = DIRECTION('',(0.,0.309016994375,0.951056516295));
#2481 = ORIENTED_EDGE('',*,*,#2482,.F.);
#2482 = EDGE_CURVE('',#2483,#2475,#2485,.T.);
#2483 = VERTEX_POINT('',#2484);
#2484 = CARTESIAN_POINT('',(12.,33.482987604552,116.42857142857));
#2485 = LINE('',#2486,#2487);
#2486 = CARTESIAN_POINT('',(12.,33.482987604552,116.42857142857));
#2487 = VECTOR('',#2488,1.);
#2488 = DIRECTION('',(1.,0.,0.));
#2489 = ORIENTED_EDGE('',*,*,#2490,.F.);
#2490 = EDGE_CURVE('',#2465,#2483,#2491,.T.);
#2491 = LINE('',#2492,#2493);
#2492 = CARTESIAN_POINT('',(12.,31.208549730922,109.42857142857));
#2493 = VECTOR('',#2494,1.);
#2494 = DIRECTION('',(0.,0.309016994375,0.951056516295));
#2495 = PLANE('',#2496);
#2496 = AXIS2_PLACEMENT_3D('',#2497,#2498,#2499);
#2497 = CARTESIAN_POINT('',(12.,31.208549730922,109.42857142857));
#2498 = DIRECTION('',(0.,-0.951056516295,0.309016994375));
#2499 = DIRECTION('',(0.,0.309016994375,0.951056516295));
#2500 = ADVANCED_FACE('',(#2501),#2526,.T.);
#2501 = FACE_BOUND('',#2502,.T.);
#2502 = EDGE_LOOP('',(#2503,#2504,#2512,#2520));
#2503 = ORIENTED_EDGE('',*,*,#2482,.T.);
#2504 = ORIENTED_EDGE('',*,*,#2505,.T.);
#2505 = EDGE_CURVE('',#2475,#2506,#2508,.T.);
#2506 = VERTEX_POINT('',#2507);
#2507 = CARTESIAN_POINT('',(436.6,36.482987604552,116.42857142857));
#2508 = LINE('',#2509,#2510);
#2509 = CARTESIAN_POINT('',(436.6,33.482987604552,116.42857142857));
#2510 = VECTOR('',#2511,1.);
#2511 = DIRECTION('',(0.,1.,0.));
#2512 = ORIENTED_EDGE('',*,*,#2513,.F.);
#2513 = EDGE_CURVE('',#2514,#2506,#2516,.T.);
#2514 = VERTEX_POINT('',#2515);
#2515 = CARTESIAN_POINT('',(12.,36.482987604552,116.42857142857));
#2516 = LINE('',#2517,#2518);
#2517 = CARTESIAN_POINT('',(12.,36.482987604552,116.42857142857));
#2518 = VECTOR('',#2519,1.);
#2519 = DIRECTION('',(1.,0.,0.));
#2520 = ORIENTED_EDGE('',*,*,#2521,.F.);
#2521 = EDGE_CURVE('',#2483,#2514,#2522,.T.);
#2522 = LINE('',#2523,#2524);
#2523 = CARTESIAN_POINT('',(12.,33.482987604552,116.42857142857));
#2524 = VECTOR('',#2525,1.);
#2525 = DIRECTION('',(0.,1.,0.));
#2526 = PLANE('',#2527);
#2527 = AXIS2_PLACEMENT_3D('',#2528,#2529,#2530);
#2528 = CARTESIAN_POINT('',(12.,33.482987604552,116.42857142857));
#2529 = DIRECTION('',(0.,0.,1.));
#2530 = DIRECTION('',(0.,1.,0.));
#2531 = ADVANCED_FACE('',(#2532),#2557,.T.);
#2532 = FACE_BOUND('',#2533,.T.);
#2533 = EDGE_LOOP('',(#2534,#2535,#2543,#2551));
#2534 = ORIENTED_EDGE('',*,*,#2513,.T.);
#2535 = ORIENTED_EDGE('',*,*,#2536,.T.);
#2536 = EDGE_CURVE('',#2506,#2537,#2539,.T.);
#2537 = VERTEX_POINT('',#2538);
#2538 = CARTESIAN_POINT('',(436.6,34.208549730922,109.42857142857));
#2539 = LINE('',#2540,#2541);
#2540 = CARTESIAN_POINT('',(436.6,36.482987604552,116.42857142857));
#2541 = VECTOR('',#2542,1.);
#2542 = DIRECTION('',(0.,-0.309016994375,-0.951056516295));
#2543 = ORIENTED_EDGE('',*,*,#2544,.F.);
#2544 = EDGE_CURVE('',#2545,#2537,#2547,.T.);
#2545 = VERTEX_POINT('',#2546);
#2546 = CARTESIAN_POINT('',(12.,34.208549730922,109.42857142857));
#2547 = LINE('',#2548,#2549);
#2548 = CARTESIAN_POINT('',(12.,34.208549730922,109.42857142857));
#2549 = VECTOR('',#2550,1.);
#2550 = DIRECTION('',(1.,0.,0.));
#2551 = ORIENTED_EDGE('',*,*,#2552,.F.);
#2552 = EDGE_CURVE('',#2514,#2545,#2553,.T.);
#2553 = LINE('',#2554,#2555);
#2554 = CARTESIAN_POINT('',(12.,36.482987604552,116.42857142857));
#2555 = VECTOR('',#2556,1.);
#2556 = DIRECTION('',(0.,-0.309016994375,-0.951056516295));
#2557 = PLANE('',#2558);
#2558 = AXIS2_PLACEMENT_3D('',#2559,#2560,#2561);
#2559 = CARTESIAN_POINT('',(12.,36.482987604552,116.42857142857));
#2560 = DIRECTION('',(0.,0.951056516295,-0.309016994375));
#2561 = DIRECTION('',(0.,-0.309016994375,-0.951056516295));
#2562 = ADVANCED_FACE('',(#2563),#2579,.T.);
#2563 = FACE_BOUND('',#2564,.T.);
#2564 = EDGE_LOOP('',(#2565,#2566,#2572,#2573));
#2565 = ORIENTED_EDGE('',*,*,#2544,.T.);
#2566 = ORIENTED_EDGE('',*,*,#2567,.T.);
#2567 = EDGE_CURVE('',#2537,#2467,#2568,.T.);
#2568 = LINE('',#2569,#2570);
#2569 = CARTESIAN_POINT('',(436.6,34.208549730922,109.42857142857));
#2570 = VECTOR('',#2571,1.);
#2571 = DIRECTION('',(0.,-1.,0.));
#2572 = ORIENTED_EDGE('',*,*,#2464,.F.);
#2573 = ORIENTED_EDGE('',*,*,#2574,.F.);
#2574 = EDGE_CURVE('',#2545,#2465,#2575,.T.);
#2575 = LINE('',#2576,#2577);
#2576 = CARTESIAN_POINT('',(12.,34.208549730922,109.42857142857));
#2577 = VECTOR('',#2578,1.);
#2578 = DIRECTION('',(0.,-1.,0.));
#2579 = PLANE('',#2580);
#2580 = AXIS2_PLACEMENT_3D('',#2581,#2582,#2583);
#2581 = CARTESIAN_POINT('',(12.,34.208549730922,109.42857142857));
#2582 = DIRECTION('',(0.,0.,-1.));
#2583 = DIRECTION('',(0.,-1.,0.));
#2584 = ADVANCED_FACE('',(#2585),#2591,.T.);
#2585 = FACE_BOUND('',#2586,.T.);
#2586 = EDGE_LOOP('',(#2587,#2588,#2589,#2590));
#2587 = ORIENTED_EDGE('',*,*,#2490,.T.);
#2588 = ORIENTED_EDGE('',*,*,#2521,.T.);
#2589 = ORIENTED_EDGE('',*,*,#2552,.T.);
#2590 = ORIENTED_EDGE('',*,*,#2574,.T.);
#2591 = PLANE('',#2592);
#2592 = AXIS2_PLACEMENT_3D('',#2593,#2594,#2595);
#2593 = CARTESIAN_POINT('',(12.,33.845768667737,112.92857142857));
#2594 = DIRECTION('',(-1.,-0.,-0.));
#2595 = DIRECTION('',(0.,0.,-1.));
#2596 = ADVANCED_FACE('',(#2597),#2603,.F.);
#2597 = FACE_BOUND('',#2598,.F.);
#2598 = EDGE_LOOP('',(#2599,#2600,#2601,#2602));
#2599 = ORIENTED_EDGE('',*,*,#2474,.T.);
#2600 = ORIENTED_EDGE('',*,*,#2505,.T.);
#2601 = ORIENTED_EDGE('',*,*,#2536,.T.);
#2602 = ORIENTED_EDGE('',*,*,#2567,.T.);
#2603 = PLANE('',#2604);
#2604 = AXIS2_PLACEMENT_3D('',#2605,#2606,#2607);
#2605 = CARTESIAN_POINT('',(436.6,33.845768667737,112.92857142857));
#2606 = DIRECTION('',(-1.,-0.,-0.));
#2607 = DIRECTION('',(0.,0.,-1.));
#2608 = ( GEOMETRIC_REPRESENTATION_CONTEXT(3) 
GLOBAL_UNCERTAINTY_ASSIGNED_CONTEXT((#2612)) 
GLOBAL_UNIT_ASSIGNED_CONTEXT((#2609,#2610,#2611)) REPRESENTATION_CONTEXT
('Context #1','3D Context with UNIT and UNCERTAINTY') );
#2609 = ( LENGTH_UNIT() NAMED_UNIT(*) SI_UNIT(.MILLI.,.METRE.) );
#2610 = ( NAMED_UNIT(*) PLANE_ANGLE_UNIT() SI_UNIT($,.RADIAN.) );
#2611 = ( NAMED_UNIT(*) SI_UNIT($,.STERADIAN.) SOLID_ANGLE_UNIT() );
#2612 = UNCERTAINTY_MEASURE_WITH_UNIT(LENGTH_MEASURE(1.E-07),#2609,
  'distance_accuracy_value','confusion accuracy');
#2613 = CONTEXT_DEPENDENT_SHAPE_REPRESENTATION(#2614,#2616);
#2614 = ( REPRESENTATION_RELATIONSHIP('','',#2457,#10) 
REPRESENTATION_RELATIONSHIP_WITH_TRANSFORMATION(#2615) 
SHAPE_REPRESENTATION_RELATIONSHIP() );
#2615 = ITEM_DEFINED_TRANSFORMATION('','',#11,#67);
#2616 = PRODUCT_DEFINITION_SHAPE('Placement','Placement of an item',
  #2617);
#2617 = NEXT_ASSEMBLY_USAGE_OCCURRENCE('138','横向木格栅 07','',#5,
  #2452,$);
#2618 = PRODUCT_RELATED_PRODUCT_CATEGORY('part',$,(#2454));
#2619 = SHAPE_DEFINITION_REPRESENTATION(#2620,#2626);
#2620 = PRODUCT_DEFINITION_SHAPE('','',#2621);
#2621 = PRODUCT_DEFINITION('design','',#2622,#2625);
#2622 = PRODUCT_DEFINITION_FORMATION('','',#2623);
#2623 = PRODUCT('横向木格栅 08','横向木格栅 08','',(#2624));
#2624 = PRODUCT_CONTEXT('',#2,'mechanical');
#2625 = PRODUCT_DEFINITION_CONTEXT('part definition',#2,'design');
#2626 = ADVANCED_BREP_SHAPE_REPRESENTATION('',(#11,#2627),#2777);
#2627 = MANIFOLD_SOLID_BREP('',#2628);
#2628 = CLOSED_SHELL('',(#2629,#2669,#2700,#2731,#2753,#2765));
#2629 = ADVANCED_FACE('',(#2630),#2664,.T.);
#2630 = FACE_BOUND('',#2631,.T.);
#2631 = EDGE_LOOP('',(#2632,#2642,#2650,#2658));
#2632 = ORIENTED_EDGE('',*,*,#2633,.T.);
#2633 = EDGE_CURVE('',#2634,#2636,#2638,.T.);
#2634 = VERTEX_POINT('',#2635);
#2635 = CARTESIAN_POINT('',(12.,34.968334787331,121.));
#2636 = VERTEX_POINT('',#2637);
#2637 = CARTESIAN_POINT('',(436.6,34.968334787331,121.));
#2638 = LINE('',#2639,#2640);
#2639 = CARTESIAN_POINT('',(12.,34.968334787331,121.));
#2640 = VECTOR('',#2641,1.);
#2641 = DIRECTION('',(1.,0.,0.));
#2642 = ORIENTED_EDGE('',*,*,#2643,.T.);
#2643 = EDGE_CURVE('',#2636,#2644,#2646,.T.);
#2644 = VERTEX_POINT('',#2645);
#2645 = CARTESIAN_POINT('',(436.6,37.242772660962,128.));
#2646 = LINE('',#2647,#2648);
#2647 = CARTESIAN_POINT('',(436.6,34.968334787331,121.));
#2648 = VECTOR('',#2649,1.);
#2649 = DIRECTION('',(0.,0.309016994375,0.951056516295));
#2650 = ORIENTED_EDGE('',*,*,#2651,.F.);
#2651 = EDGE_CURVE('',#2652,#2644,#2654,.T.);
#2652 = VERTEX_POINT('',#2653);
#2653 = CARTESIAN_POINT('',(12.,37.242772660962,128.));
#2654 = LINE('',#2655,#2656);
#2655 = CARTESIAN_POINT('',(12.,37.242772660962,128.));
#2656 = VECTOR('',#2657,1.);
#2657 = DIRECTION('',(1.,0.,0.));
#2658 = ORIENTED_EDGE('',*,*,#2659,.F.);
#2659 = EDGE_CURVE('',#2634,#2652,#2660,.T.);
#2660 = LINE('',#2661,#2662);
#2661 = CARTESIAN_POINT('',(12.,34.968334787331,121.));
#2662 = VECTOR('',#2663,1.);
#2663 = DIRECTION('',(0.,0.309016994375,0.951056516295));
#2664 = PLANE('',#2665);
#2665 = AXIS2_PLACEMENT_3D('',#2666,#2667,#2668);
#2666 = CARTESIAN_POINT('',(12.,34.968334787331,121.));
#2667 = DIRECTION('',(0.,-0.951056516295,0.309016994375));
#2668 = DIRECTION('',(0.,0.309016994375,0.951056516295));
#2669 = ADVANCED_FACE('',(#2670),#2695,.T.);
#2670 = FACE_BOUND('',#2671,.T.);
#2671 = EDGE_LOOP('',(#2672,#2673,#2681,#2689));
#2672 = ORIENTED_EDGE('',*,*,#2651,.T.);
#2673 = ORIENTED_EDGE('',*,*,#2674,.T.);
#2674 = EDGE_CURVE('',#2644,#2675,#2677,.T.);
#2675 = VERTEX_POINT('',#2676);
#2676 = CARTESIAN_POINT('',(436.6,40.242772660962,128.));
#2677 = LINE('',#2678,#2679);
#2678 = CARTESIAN_POINT('',(436.6,37.242772660962,128.));
#2679 = VECTOR('',#2680,1.);
#2680 = DIRECTION('',(0.,1.,0.));
#2681 = ORIENTED_EDGE('',*,*,#2682,.F.);
#2682 = EDGE_CURVE('',#2683,#2675,#2685,.T.);
#2683 = VERTEX_POINT('',#2684);
#2684 = CARTESIAN_POINT('',(12.,40.242772660962,128.));
#2685 = LINE('',#2686,#2687);
#2686 = CARTESIAN_POINT('',(12.,40.242772660962,128.));
#2687 = VECTOR('',#2688,1.);
#2688 = DIRECTION('',(1.,0.,0.));
#2689 = ORIENTED_EDGE('',*,*,#2690,.F.);
#2690 = EDGE_CURVE('',#2652,#2683,#2691,.T.);
#2691 = LINE('',#2692,#2693);
#2692 = CARTESIAN_POINT('',(12.,37.242772660962,128.));
#2693 = VECTOR('',#2694,1.);
#2694 = DIRECTION('',(0.,1.,0.));
#2695 = PLANE('',#2696);
#2696 = AXIS2_PLACEMENT_3D('',#2697,#2698,#2699);
#2697 = CARTESIAN_POINT('',(12.,37.242772660962,128.));
#2698 = DIRECTION('',(0.,0.,1.));
#2699 = DIRECTION('',(0.,1.,0.));
#2700 = ADVANCED_FACE('',(#2701),#2726,.T.);
#2701 = FACE_BOUND('',#2702,.T.);
#2702 = EDGE_LOOP('',(#2703,#2704,#2712,#2720));
#2703 = ORIENTED_EDGE('',*,*,#2682,.T.);
#2704 = ORIENTED_EDGE('',*,*,#2705,.T.);
#2705 = EDGE_CURVE('',#2675,#2706,#2708,.T.);
#2706 = VERTEX_POINT('',#2707);
#2707 = CARTESIAN_POINT('',(436.6,37.968334787331,121.));
#2708 = LINE('',#2709,#2710);
#2709 = CARTESIAN_POINT('',(436.6,40.242772660962,128.));
#2710 = VECTOR('',#2711,1.);
#2711 = DIRECTION('',(0.,-0.309016994375,-0.951056516295));
#2712 = ORIENTED_EDGE('',*,*,#2713,.F.);
#2713 = EDGE_CURVE('',#2714,#2706,#2716,.T.);
#2714 = VERTEX_POINT('',#2715);
#2715 = CARTESIAN_POINT('',(12.,37.968334787331,121.));
#2716 = LINE('',#2717,#2718);
#2717 = CARTESIAN_POINT('',(12.,37.968334787331,121.));
#2718 = VECTOR('',#2719,1.);
#2719 = DIRECTION('',(1.,0.,0.));
#2720 = ORIENTED_EDGE('',*,*,#2721,.F.);
#2721 = EDGE_CURVE('',#2683,#2714,#2722,.T.);
#2722 = LINE('',#2723,#2724);
#2723 = CARTESIAN_POINT('',(12.,40.242772660962,128.));
#2724 = VECTOR('',#2725,1.);
#2725 = DIRECTION('',(0.,-0.309016994375,-0.951056516295));
#2726 = PLANE('',#2727);
#2727 = AXIS2_PLACEMENT_3D('',#2728,#2729,#2730);
#2728 = CARTESIAN_POINT('',(12.,40.242772660962,128.));
#2729 = DIRECTION('',(0.,0.951056516295,-0.309016994375));
#2730 = DIRECTION('',(0.,-0.309016994375,-0.951056516295));
#2731 = ADVANCED_FACE('',(#2732),#2748,.T.);
#2732 = FACE_BOUND('',#2733,.T.);
#2733 = EDGE_LOOP('',(#2734,#2735,#2741,#2742));
#2734 = ORIENTED_EDGE('',*,*,#2713,.T.);
#2735 = ORIENTED_EDGE('',*,*,#2736,.T.);
#2736 = EDGE_CURVE('',#2706,#2636,#2737,.T.);
#2737 = LINE('',#2738,#2739);
#2738 = CARTESIAN_POINT('',(436.6,37.968334787331,121.));
#2739 = VECTOR('',#2740,1.);
#2740 = DIRECTION('',(0.,-1.,0.));
#2741 = ORIENTED_EDGE('',*,*,#2633,.F.);
#2742 = ORIENTED_EDGE('',*,*,#2743,.F.);
#2743 = EDGE_CURVE('',#2714,#2634,#2744,.T.);
#2744 = LINE('',#2745,#2746);
#2745 = CARTESIAN_POINT('',(12.,37.968334787331,121.));
#2746 = VECTOR('',#2747,1.);
#2747 = DIRECTION('',(0.,-1.,0.));
#2748 = PLANE('',#2749);
#2749 = AXIS2_PLACEMENT_3D('',#2750,#2751,#2752);
#2750 = CARTESIAN_POINT('',(12.,37.968334787331,121.));
#2751 = DIRECTION('',(0.,0.,-1.));
#2752 = DIRECTION('',(0.,-1.,0.));
#2753 = ADVANCED_FACE('',(#2754),#2760,.T.);
#2754 = FACE_BOUND('',#2755,.T.);
#2755 = EDGE_LOOP('',(#2756,#2757,#2758,#2759));
#2756 = ORIENTED_EDGE('',*,*,#2659,.T.);
#2757 = ORIENTED_EDGE('',*,*,#2690,.T.);
#2758 = ORIENTED_EDGE('',*,*,#2721,.T.);
#2759 = ORIENTED_EDGE('',*,*,#2743,.T.);
#2760 = PLANE('',#2761);
#2761 = AXIS2_PLACEMENT_3D('',#2762,#2763,#2764);
#2762 = CARTESIAN_POINT('',(12.,37.605553724146,124.5));
#2763 = DIRECTION('',(-1.,-0.,-0.));
#2764 = DIRECTION('',(0.,0.,-1.));
#2765 = ADVANCED_FACE('',(#2766),#2772,.F.);
#2766 = FACE_BOUND('',#2767,.F.);
#2767 = EDGE_LOOP('',(#2768,#2769,#2770,#2771));
#2768 = ORIENTED_EDGE('',*,*,#2643,.T.);
#2769 = ORIENTED_EDGE('',*,*,#2674,.T.);
#2770 = ORIENTED_EDGE('',*,*,#2705,.T.);
#2771 = ORIENTED_EDGE('',*,*,#2736,.T.);
#2772 = PLANE('',#2773);
#2773 = AXIS2_PLACEMENT_3D('',#2774,#2775,#2776);
#2774 = CARTESIAN_POINT('',(436.6,37.605553724146,124.5));
#2775 = DIRECTION('',(-1.,-0.,-0.));
#2776 = DIRECTION('',(0.,0.,-1.));
#2777 = ( GEOMETRIC_REPRESENTATION_CONTEXT(3) 
GLOBAL_UNCERTAINTY_ASSIGNED_CONTEXT((#2781)) 
GLOBAL_UNIT_ASSIGNED_CONTEXT((#2778,#2779,#2780)) REPRESENTATION_CONTEXT
('Context #1','3D Context with UNIT and UNCERTAINTY') );
#2778 = ( LENGTH_UNIT() NAMED_UNIT(*) SI_UNIT(.MILLI.,.METRE.) );
#2779 = ( NAMED_UNIT(*) PLANE_ANGLE_UNIT() SI_UNIT($,.RADIAN.) );
#2780 = ( NAMED_UNIT(*) SI_UNIT($,.STERADIAN.) SOLID_ANGLE_UNIT() );
#2781 = UNCERTAINTY_MEASURE_WITH_UNIT(LENGTH_MEASURE(1.E-07),#2778,
  'distance_accuracy_value','confusion accuracy');
#2782 = CONTEXT_DEPENDENT_SHAPE_REPRESENTATION(#2783,#2785);
#2783 = ( REPRESENTATION_RELATIONSHIP('','',#2626,#10) 
REPRESENTATION_RELATIONSHIP_WITH_TRANSFORMATION(#2784) 
SHAPE_REPRESENTATION_RELATIONSHIP() );
#2784 = ITEM_DEFINED_TRANSFORMATION('','',#11,#71);
#2785 = PRODUCT_DEFINITION_SHAPE('Placement','Placement of an item',
  #2786);
#2786 = NEXT_ASSEMBLY_USAGE_OCCURRENCE('139','横向木格栅 08','',#5,
  #2621,$);
#2787 = PRODUCT_RELATED_PRODUCT_CATEGORY('part',$,(#2623));
#2788 = SHAPE_DEFINITION_REPRESENTATION(#2789,#2795);
#2789 = PRODUCT_DEFINITION_SHAPE('','',#2790);
#2790 = PRODUCT_DEFINITION('design','',#2791,#2794);
#2791 = PRODUCT_DEFINITION_FORMATION('','',#2792);
#2792 = PRODUCT('灯带铝槽占位','灯带铝槽占位','',(#2793));
#2793 = PRODUCT_CONTEXT('',#2,'mechanical');
#2794 = PRODUCT_DEFINITION_CONTEXT('part definition',#2,'design');
#2795 = ADVANCED_BREP_SHAPE_REPRESENTATION('',(#11,#2796),#2946);
#2796 = MANIFOLD_SOLID_BREP('',#2797);
#2797 = CLOSED_SHELL('',(#2798,#2838,#2878,#2900,#2922,#2934));
#2798 = ADVANCED_FACE('',(#2799),#2833,.F.);
#2799 = FACE_BOUND('',#2800,.F.);
#2800 = EDGE_LOOP('',(#2801,#2811,#2819,#2827));
#2801 = ORIENTED_EDGE('',*,*,#2802,.F.);
#2802 = EDGE_CURVE('',#2803,#2805,#2807,.T.);
#2803 = VERTEX_POINT('',#2804);
#2804 = CARTESIAN_POINT('',(18.,7.,128.));
#2805 = VERTEX_POINT('',#2806);
#2806 = CARTESIAN_POINT('',(18.,7.,130.));
#2807 = LINE('',#2808,#2809);
#2808 = CARTESIAN_POINT('',(18.,7.,128.));
#2809 = VECTOR('',#2810,1.);
#2810 = DIRECTION('',(0.,0.,1.));
#2811 = ORIENTED_EDGE('',*,*,#2812,.T.);
#2812 = EDGE_CURVE('',#2803,#2813,#2815,.T.);
#2813 = VERTEX_POINT('',#2814);
#2814 = CARTESIAN_POINT('',(18.,21.,128.));
#2815 = LINE('',#2816,#2817);
#2816 = CARTESIAN_POINT('',(18.,7.,128.));
#2817 = VECTOR('',#2818,1.);
#2818 = DIRECTION('',(-0.,1.,0.));
#2819 = ORIENTED_EDGE('',*,*,#2820,.T.);
#2820 = EDGE_CURVE('',#2813,#2821,#2823,.T.);
#2821 = VERTEX_POINT('',#2822);
#2822 = CARTESIAN_POINT('',(18.,21.,130.));
#2823 = LINE('',#2824,#2825);
#2824 = CARTESIAN_POINT('',(18.,21.,128.));
#2825 = VECTOR('',#2826,1.);
#2826 = DIRECTION('',(0.,0.,1.));
#2827 = ORIENTED_EDGE('',*,*,#2828,.F.);
#2828 = EDGE_CURVE('',#2805,#2821,#2829,.T.);
#2829 = LINE('',#2830,#2831);
#2830 = CARTESIAN_POINT('',(18.,7.,130.));
#2831 = VECTOR('',#2832,1.);
#2832 = DIRECTION('',(-0.,1.,0.));
#2833 = PLANE('',#2834);
#2834 = AXIS2_PLACEMENT_3D('',#2835,#2836,#2837);
#2835 = CARTESIAN_POINT('',(18.,7.,128.));
#2836 = DIRECTION('',(1.,0.,-0.));
#2837 = DIRECTION('',(0.,0.,1.));
#2838 = ADVANCED_FACE('',(#2839),#2873,.T.);
#2839 = FACE_BOUND('',#2840,.T.);
#2840 = EDGE_LOOP('',(#2841,#2851,#2859,#2867));
#2841 = ORIENTED_EDGE('',*,*,#2842,.F.);
#2842 = EDGE_CURVE('',#2843,#2845,#2847,.T.);
#2843 = VERTEX_POINT('',#2844);
#2844 = CARTESIAN_POINT('',(430.6,7.,128.));
#2845 = VERTEX_POINT('',#2846);
#2846 = CARTESIAN_POINT('',(430.6,7.,130.));
#2847 = LINE('',#2848,#2849);
#2848 = CARTESIAN_POINT('',(430.6,7.,128.));
#2849 = VECTOR('',#2850,1.);
#2850 = DIRECTION('',(0.,0.,1.));
#2851 = ORIENTED_EDGE('',*,*,#2852,.T.);
#2852 = EDGE_CURVE('',#2843,#2853,#2855,.T.);
#2853 = VERTEX_POINT('',#2854);
#2854 = CARTESIAN_POINT('',(430.6,21.,128.));
#2855 = LINE('',#2856,#2857);
#2856 = CARTESIAN_POINT('',(430.6,7.,128.));
#2857 = VECTOR('',#2858,1.);
#2858 = DIRECTION('',(-0.,1.,0.));
#2859 = ORIENTED_EDGE('',*,*,#2860,.T.);
#2860 = EDGE_CURVE('',#2853,#2861,#2863,.T.);
#2861 = VERTEX_POINT('',#2862);
#2862 = CARTESIAN_POINT('',(430.6,21.,130.));
#2863 = LINE('',#2864,#2865);
#2864 = CARTESIAN_POINT('',(430.6,21.,128.));
#2865 = VECTOR('',#2866,1.);
#2866 = DIRECTION('',(0.,0.,1.));
#2867 = ORIENTED_EDGE('',*,*,#2868,.F.);
#2868 = EDGE_CURVE('',#2845,#2861,#2869,.T.);
#2869 = LINE('',#2870,#2871);
#2870 = CARTESIAN_POINT('',(430.6,7.,130.));
#2871 = VECTOR('',#2872,1.);
#2872 = DIRECTION('',(-0.,1.,0.));
#2873 = PLANE('',#2874);
#2874 = AXIS2_PLACEMENT_3D('',#2875,#2876,#2877);
#2875 = CARTESIAN_POINT('',(430.6,7.,128.));
#2876 = DIRECTION('',(1.,0.,-0.));
#2877 = DIRECTION('',(0.,0.,1.));
#2878 = ADVANCED_FACE('',(#2879),#2895,.F.);
#2879 = FACE_BOUND('',#2880,.F.);
#2880 = EDGE_LOOP('',(#2881,#2887,#2888,#2894));
#2881 = ORIENTED_EDGE('',*,*,#2882,.F.);
#2882 = EDGE_CURVE('',#2803,#2843,#2883,.T.);
#2883 = LINE('',#2884,#2885);
#2884 = CARTESIAN_POINT('',(18.,7.,128.));
#2885 = VECTOR('',#2886,1.);
#2886 = DIRECTION('',(1.,0.,-0.));
#2887 = ORIENTED_EDGE('',*,*,#2802,.T.);
#2888 = ORIENTED_EDGE('',*,*,#2889,.T.);
#2889 = EDGE_CURVE('',#2805,#2845,#2890,.T.);
#2890 = LINE('',#2891,#2892);
#2891 = CARTESIAN_POINT('',(18.,7.,130.));
#2892 = VECTOR('',#2893,1.);
#2893 = DIRECTION('',(1.,0.,-0.));
#2894 = ORIENTED_EDGE('',*,*,#2842,.F.);
#2895 = PLANE('',#2896);
#2896 = AXIS2_PLACEMENT_3D('',#2897,#2898,#2899);
#2897 = CARTESIAN_POINT('',(18.,7.,128.));
#2898 = DIRECTION('',(-0.,1.,0.));
#2899 = DIRECTION('',(0.,0.,1.));
#2900 = ADVANCED_FACE('',(#2901),#2917,.T.);
#2901 = FACE_BOUND('',#2902,.T.);
#2902 = EDGE_LOOP('',(#2903,#2909,#2910,#2916));
#2903 = ORIENTED_EDGE('',*,*,#2904,.F.);
#2904 = EDGE_CURVE('',#2813,#2853,#2905,.T.);
#2905 = LINE('',#2906,#2907);
#2906 = CARTESIAN_POINT('',(18.,21.,128.));
#2907 = VECTOR('',#2908,1.);
#2908 = DIRECTION('',(1.,0.,-0.));
#2909 = ORIENTED_EDGE('',*,*,#2820,.T.);
#2910 = ORIENTED_EDGE('',*,*,#2911,.T.);
#2911 = EDGE_CURVE('',#2821,#2861,#2912,.T.);
#2912 = LINE('',#2913,#2914);
#2913 = CARTESIAN_POINT('',(18.,21.,130.));
#2914 = VECTOR('',#2915,1.);
#2915 = DIRECTION('',(1.,0.,-0.));
#2916 = ORIENTED_EDGE('',*,*,#2860,.F.);
#2917 = PLANE('',#2918);
#2918 = AXIS2_PLACEMENT_3D('',#2919,#2920,#2921);
#2919 = CARTESIAN_POINT('',(18.,21.,128.));
#2920 = DIRECTION('',(-0.,1.,0.));
#2921 = DIRECTION('',(0.,0.,1.));
#2922 = ADVANCED_FACE('',(#2923),#2929,.F.);
#2923 = FACE_BOUND('',#2924,.F.);
#2924 = EDGE_LOOP('',(#2925,#2926,#2927,#2928));
#2925 = ORIENTED_EDGE('',*,*,#2812,.F.);
#2926 = ORIENTED_EDGE('',*,*,#2882,.T.);
#2927 = ORIENTED_EDGE('',*,*,#2852,.T.);
#2928 = ORIENTED_EDGE('',*,*,#2904,.F.);
#2929 = PLANE('',#2930);
#2930 = AXIS2_PLACEMENT_3D('',#2931,#2932,#2933);
#2931 = CARTESIAN_POINT('',(18.,7.,128.));
#2932 = DIRECTION('',(0.,0.,1.));
#2933 = DIRECTION('',(1.,0.,-0.));
#2934 = ADVANCED_FACE('',(#2935),#2941,.T.);
#2935 = FACE_BOUND('',#2936,.T.);
#2936 = EDGE_LOOP('',(#2937,#2938,#2939,#2940));
#2937 = ORIENTED_EDGE('',*,*,#2828,.F.);
#2938 = ORIENTED_EDGE('',*,*,#2889,.T.);
#2939 = ORIENTED_EDGE('',*,*,#2868,.T.);
#2940 = ORIENTED_EDGE('',*,*,#2911,.F.);
#2941 = PLANE('',#2942);
#2942 = AXIS2_PLACEMENT_3D('',#2943,#2944,#2945);
#2943 = CARTESIAN_POINT('',(18.,7.,130.));
#2944 = DIRECTION('',(0.,0.,1.));
#2945 = DIRECTION('',(1.,0.,-0.));
#2946 = ( GEOMETRIC_REPRESENTATION_CONTEXT(3) 
GLOBAL_UNCERTAINTY_ASSIGNED_CONTEXT((#2950)) 
GLOBAL_UNIT_ASSIGNED_CONTEXT((#2947,#2948,#2949)) REPRESENTATION_CONTEXT
('Context #1','3D Context with UNIT and UNCERTAINTY') );
#2947 = ( LENGTH_UNIT() NAMED_UNIT(*) SI_UNIT(.MILLI.,.METRE.) );
#2948 = ( NAMED_UNIT(*) PLANE_ANGLE_UNIT() SI_UNIT($,.RADIAN.) );
#2949 = ( NAMED_UNIT(*) SI_UNIT($,.STERADIAN.) SOLID_ANGLE_UNIT() );
#2950 = UNCERTAINTY_MEASURE_WITH_UNIT(LENGTH_MEASURE(1.E-07),#2947,
  'distance_accuracy_value','confusion accuracy');
#2951 = CONTEXT_DEPENDENT_SHAPE_REPRESENTATION(#2952,#2954);
#2952 = ( REPRESENTATION_RELATIONSHIP('','',#2795,#10) 
REPRESENTATION_RELATIONSHIP_WITH_TRANSFORMATION(#2953) 
SHAPE_REPRESENTATION_RELATIONSHIP() );
#2953 = ITEM_DEFINED_TRANSFORMATION('','',#11,#75);
#2954 = PRODUCT_DEFINITION_SHAPE('Placement','Placement of an item',
  #2955);
#2955 = NEXT_ASSEMBLY_USAGE_OCCURRENCE('140','灯带铝槽占位','',#5,
  #2790,$);
#2956 = PRODUCT_RELATED_PRODUCT_CATEGORY('part',$,(#2792));
#2957 = SHAPE_DEFINITION_REPRESENTATION(#2958,#2964);
#2958 = PRODUCT_DEFINITION_SHAPE('','',#2959);
#2959 = PRODUCT_DEFINITION('design','',#2960,#2963);
#2960 = PRODUCT_DEFINITION_FORMATION('','',#2961);
#2961 = PRODUCT('3000 K 暖光扩散片','3000 K 暖光扩散片','',(
    #2962));
#2962 = PRODUCT_CONTEXT('',#2,'mechanical');
#2963 = PRODUCT_DEFINITION_CONTEXT('part definition',#2,'design');
#2964 = ADVANCED_BREP_SHAPE_REPRESENTATION('',(#11,#2965),#3115);
#2965 = MANIFOLD_SOLID_BREP('',#2966);
#2966 = CLOSED_SHELL('',(#2967,#3007,#3047,#3069,#3091,#3103));
#2967 = ADVANCED_FACE('',(#2968),#3002,.F.);
#2968 = FACE_BOUND('',#2969,.F.);
#2969 = EDGE_LOOP('',(#2970,#2980,#2988,#2996));
#2970 = ORIENTED_EDGE('',*,*,#2971,.F.);
#2971 = EDGE_CURVE('',#2972,#2974,#2976,.T.);
#2972 = VERTEX_POINT('',#2973);
#2973 = CARTESIAN_POINT('',(20.,8.,127.));
#2974 = VERTEX_POINT('',#2975);
#2975 = CARTESIAN_POINT('',(20.,8.,128.));
#2976 = LINE('',#2977,#2978);
#2977 = CARTESIAN_POINT('',(20.,8.,127.));
#2978 = VECTOR('',#2979,1.);
#2979 = DIRECTION('',(0.,0.,1.));
#2980 = ORIENTED_EDGE('',*,*,#2981,.T.);
#2981 = EDGE_CURVE('',#2972,#2982,#2984,.T.);
#2982 = VERTEX_POINT('',#2983);
#2983 = CARTESIAN_POINT('',(20.,20.,127.));
#2984 = LINE('',#2985,#2986);
#2985 = CARTESIAN_POINT('',(20.,8.,127.));
#2986 = VECTOR('',#2987,1.);
#2987 = DIRECTION('',(-0.,1.,0.));
#2988 = ORIENTED_EDGE('',*,*,#2989,.T.);
#2989 = EDGE_CURVE('',#2982,#2990,#2992,.T.);
#2990 = VERTEX_POINT('',#2991);
#2991 = CARTESIAN_POINT('',(20.,20.,128.));
#2992 = LINE('',#2993,#2994);
#2993 = CARTESIAN_POINT('',(20.,20.,127.));
#2994 = VECTOR('',#2995,1.);
#2995 = DIRECTION('',(0.,0.,1.));
#2996 = ORIENTED_EDGE('',*,*,#2997,.F.);
#2997 = EDGE_CURVE('',#2974,#2990,#2998,.T.);
#2998 = LINE('',#2999,#3000);
#2999 = CARTESIAN_POINT('',(20.,8.,128.));
#3000 = VECTOR('',#3001,1.);
#3001 = DIRECTION('',(-0.,1.,0.));
#3002 = PLANE('',#3003);
#3003 = AXIS2_PLACEMENT_3D('',#3004,#3005,#3006);
#3004 = CARTESIAN_POINT('',(20.,8.,127.));
#3005 = DIRECTION('',(1.,0.,-0.));
#3006 = DIRECTION('',(0.,0.,1.));
#3007 = ADVANCED_FACE('',(#3008),#3042,.T.);
#3008 = FACE_BOUND('',#3009,.T.);
#3009 = EDGE_LOOP('',(#3010,#3020,#3028,#3036));
#3010 = ORIENTED_EDGE('',*,*,#3011,.F.);
#3011 = EDGE_CURVE('',#3012,#3014,#3016,.T.);
#3012 = VERTEX_POINT('',#3013);
#3013 = CARTESIAN_POINT('',(428.6,8.,127.));
#3014 = VERTEX_POINT('',#3015);
#3015 = CARTESIAN_POINT('',(428.6,8.,128.));
#3016 = LINE('',#3017,#3018);
#3017 = CARTESIAN_POINT('',(428.6,8.,127.));
#3018 = VECTOR('',#3019,1.);
#3019 = DIRECTION('',(0.,0.,1.));
#3020 = ORIENTED_EDGE('',*,*,#3021,.T.);
#3021 = EDGE_CURVE('',#3012,#3022,#3024,.T.);
#3022 = VERTEX_POINT('',#3023);
#3023 = CARTESIAN_POINT('',(428.6,20.,127.));
#3024 = LINE('',#3025,#3026);
#3025 = CARTESIAN_POINT('',(428.6,8.,127.));
#3026 = VECTOR('',#3027,1.);
#3027 = DIRECTION('',(-0.,1.,0.));
#3028 = ORIENTED_EDGE('',*,*,#3029,.T.);
#3029 = EDGE_CURVE('',#3022,#3030,#3032,.T.);
#3030 = VERTEX_POINT('',#3031);
#3031 = CARTESIAN_POINT('',(428.6,20.,128.));
#3032 = LINE('',#3033,#3034);
#3033 = CARTESIAN_POINT('',(428.6,20.,127.));
#3034 = VECTOR('',#3035,1.);
#3035 = DIRECTION('',(0.,0.,1.));
#3036 = ORIENTED_EDGE('',*,*,#3037,.F.);
#3037 = EDGE_CURVE('',#3014,#3030,#3038,.T.);
#3038 = LINE('',#3039,#3040);
#3039 = CARTESIAN_POINT('',(428.6,8.,128.));
#3040 = VECTOR('',#3041,1.);
#3041 = DIRECTION('',(-0.,1.,0.));
#3042 = PLANE('',#3043);
#3043 = AXIS2_PLACEMENT_3D('',#3044,#3045,#3046);
#3044 = CARTESIAN_POINT('',(428.6,8.,127.));
#3045 = DIRECTION('',(1.,0.,-0.));
#3046 = DIRECTION('',(0.,0.,1.));
#3047 = ADVANCED_FACE('',(#3048),#3064,.F.);
#3048 = FACE_BOUND('',#3049,.F.);
#3049 = EDGE_LOOP('',(#3050,#3056,#3057,#3063));
#3050 = ORIENTED_EDGE('',*,*,#3051,.F.);
#3051 = EDGE_CURVE('',#2972,#3012,#3052,.T.);
#3052 = LINE('',#3053,#3054);
#3053 = CARTESIAN_POINT('',(20.,8.,127.));
#3054 = VECTOR('',#3055,1.);
#3055 = DIRECTION('',(1.,0.,-0.));
#3056 = ORIENTED_EDGE('',*,*,#2971,.T.);
#3057 = ORIENTED_EDGE('',*,*,#3058,.T.);
#3058 = EDGE_CURVE('',#2974,#3014,#3059,.T.);
#3059 = LINE('',#3060,#3061);
#3060 = CARTESIAN_POINT('',(20.,8.,128.));
#3061 = VECTOR('',#3062,1.);
#3062 = DIRECTION('',(1.,0.,-0.));
#3063 = ORIENTED_EDGE('',*,*,#3011,.F.);
#3064 = PLANE('',#3065);
#3065 = AXIS2_PLACEMENT_3D('',#3066,#3067,#3068);
#3066 = CARTESIAN_POINT('',(20.,8.,127.));
#3067 = DIRECTION('',(-0.,1.,0.));
#3068 = DIRECTION('',(0.,0.,1.));
#3069 = ADVANCED_FACE('',(#3070),#3086,.T.);
#3070 = FACE_BOUND('',#3071,.T.);
#3071 = EDGE_LOOP('',(#3072,#3078,#3079,#3085));
#3072 = ORIENTED_EDGE('',*,*,#3073,.F.);
#3073 = EDGE_CURVE('',#2982,#3022,#3074,.T.);
#3074 = LINE('',#3075,#3076);
#3075 = CARTESIAN_POINT('',(20.,20.,127.));
#3076 = VECTOR('',#3077,1.);
#3077 = DIRECTION('',(1.,0.,-0.));
#3078 = ORIENTED_EDGE('',*,*,#2989,.T.);
#3079 = ORIENTED_EDGE('',*,*,#3080,.T.);
#3080 = EDGE_CURVE('',#2990,#3030,#3081,.T.);
#3081 = LINE('',#3082,#3083);
#3082 = CARTESIAN_POINT('',(20.,20.,128.));
#3083 = VECTOR('',#3084,1.);
#3084 = DIRECTION('',(1.,0.,-0.));
#3085 = ORIENTED_EDGE('',*,*,#3029,.F.);
#3086 = PLANE('',#3087);
#3087 = AXIS2_PLACEMENT_3D('',#3088,#3089,#3090);
#3088 = CARTESIAN_POINT('',(20.,20.,127.));
#3089 = DIRECTION('',(-0.,1.,0.));
#3090 = DIRECTION('',(0.,0.,1.));
#3091 = ADVANCED_FACE('',(#3092),#3098,.F.);
#3092 = FACE_BOUND('',#3093,.F.);
#3093 = EDGE_LOOP('',(#3094,#3095,#3096,#3097));
#3094 = ORIENTED_EDGE('',*,*,#2981,.F.);
#3095 = ORIENTED_EDGE('',*,*,#3051,.T.);
#3096 = ORIENTED_EDGE('',*,*,#3021,.T.);
#3097 = ORIENTED_EDGE('',*,*,#3073,.F.);
#3098 = PLANE('',#3099);
#3099 = AXIS2_PLACEMENT_3D('',#3100,#3101,#3102);
#3100 = CARTESIAN_POINT('',(20.,8.,127.));
#3101 = DIRECTION('',(0.,0.,1.));
#3102 = DIRECTION('',(1.,0.,-0.));
#3103 = ADVANCED_FACE('',(#3104),#3110,.T.);
#3104 = FACE_BOUND('',#3105,.T.);
#3105 = EDGE_LOOP('',(#3106,#3107,#3108,#3109));
#3106 = ORIENTED_EDGE('',*,*,#2997,.F.);
#3107 = ORIENTED_EDGE('',*,*,#3058,.T.);
#3108 = ORIENTED_EDGE('',*,*,#3037,.T.);
#3109 = ORIENTED_EDGE('',*,*,#3080,.F.);
#3110 = PLANE('',#3111);
#3111 = AXIS2_PLACEMENT_3D('',#3112,#3113,#3114);
#3112 = CARTESIAN_POINT('',(20.,8.,128.));
#3113 = DIRECTION('',(0.,0.,1.));
#3114 = DIRECTION('',(1.,0.,-0.));
#3115 = ( GEOMETRIC_REPRESENTATION_CONTEXT(3) 
GLOBAL_UNCERTAINTY_ASSIGNED_CONTEXT((#3119)) 
GLOBAL_UNIT_ASSIGNED_CONTEXT((#3116,#3117,#3118)) REPRESENTATION_CONTEXT
('Context #1','3D Context with UNIT and UNCERTAINTY') );
#3116 = ( LENGTH_UNIT() NAMED_UNIT(*) SI_UNIT(.MILLI.,.METRE.) );
#3117 = ( NAMED_UNIT(*) PLANE_ANGLE_UNIT() SI_UNIT($,.RADIAN.) );
#3118 = ( NAMED_UNIT(*) SI_UNIT($,.STERADIAN.) SOLID_ANGLE_UNIT() );
#3119 = UNCERTAINTY_MEASURE_WITH_UNIT(LENGTH_MEASURE(1.E-07),#3116,
  'distance_accuracy_value','confusion accuracy');
#3120 = CONTEXT_DEPENDENT_SHAPE_REPRESENTATION(#3121,#3123);
#3121 = ( REPRESENTATION_RELATIONSHIP('','',#2964,#10) 
REPRESENTATION_RELATIONSHIP_WITH_TRANSFORMATION(#3122) 
SHAPE_REPRESENTATION_RELATIONSHIP() );
#3122 = ITEM_DEFINED_TRANSFORMATION('','',#11,#79);
#3123 = PRODUCT_DEFINITION_SHAPE('Placement','Placement of an item',
  #3124);
#3124 = NEXT_ASSEMBLY_USAGE_OCCURRENCE('141','3000 K 暖光扩散片',''
  ,#5,#2959,$);
#3125 = PRODUCT_RELATED_PRODUCT_CATEGORY('part',$,(#2961));
#3126 = SHAPE_DEFINITION_REPRESENTATION(#3127,#3133);
#3127 = PRODUCT_DEFINITION_SHAPE('','',#3128);
#3128 = PRODUCT_DEFINITION('design','',#3129,#3132);
#3129 = PRODUCT_DEFINITION_FORMATION('','',#3130);
#3130 = PRODUCT('双单元斜面障板','双单元斜面障板','',(
    #3131));
#3131 = PRODUCT_CONTEXT('',#2,'mechanical');
#3132 = PRODUCT_DEFINITION_CONTEXT('part definition',#2,'design');
#3133 = ADVANCED_BREP_SHAPE_REPRESENTATION('',(#11,#3134),#3362);
#3134 = MANIFOLD_SOLID_BREP('',#3135);
#3135 = CLOSED_SHELL('',(#3136,#3198,#3229,#3253,#3277,#3294,#3319,#3344
    ));
#3136 = ADVANCED_FACE('',(#3137,#3171,#3182),#3193,.T.);
#3137 = FACE_BOUND('',#3138,.T.);
#3138 = EDGE_LOOP('',(#3139,#3149,#3157,#3165));
#3139 = ORIENTED_EDGE('',*,*,#3140,.T.);
#3140 = EDGE_CURVE('',#3141,#3143,#3145,.T.);
#3141 = VERTEX_POINT('',#3142);
#3142 = CARTESIAN_POINT('',(12.,16.,38.));
#3143 = VERTEX_POINT('',#3144);
#3144 = CARTESIAN_POINT('',(436.6,16.,38.));
#3145 = LINE('',#3146,#3147);
#3146 = CARTESIAN_POINT('',(12.,16.,38.));
#3147 = VECTOR('',#3148,1.);
#3148 = DIRECTION('',(1.,0.,0.));
#3149 = ORIENTED_EDGE('',*,*,#3150,.T.);
#3150 = EDGE_CURVE('',#3143,#3151,#3153,.T.);
#3151 = VERTEX_POINT('',#3152);
#3152 = CARTESIAN_POINT('',(436.6,45.242772660962,128.));
#3153 = LINE('',#3154,#3155);
#3154 = CARTESIAN_POINT('',(436.6,16.,38.));
#3155 = VECTOR('',#3156,1.);
#3156 = DIRECTION('',(0.,0.309016994375,0.951056516295));
#3157 = ORIENTED_EDGE('',*,*,#3158,.F.);
#3158 = EDGE_CURVE('',#3159,#3151,#3161,.T.);
#3159 = VERTEX_POINT('',#3160);
#3160 = CARTESIAN_POINT('',(12.,45.242772660962,128.));
#3161 = LINE('',#3162,#3163);
#3162 = CARTESIAN_POINT('',(12.,45.242772660962,128.));
#3163 = VECTOR('',#3164,1.);
#3164 = DIRECTION('',(1.,0.,0.));
#3165 = ORIENTED_EDGE('',*,*,#3166,.F.);
#3166 = EDGE_CURVE('',#3141,#3159,#3167,.T.);
#3167 = LINE('',#3168,#3169);
#3168 = CARTESIAN_POINT('',(12.,16.,38.));
#3169 = VECTOR('',#3170,1.);
#3170 = DIRECTION('',(0.,0.309016994375,0.951056516295));
#3171 = FACE_BOUND('',#3172,.T.);
#3172 = EDGE_LOOP('',(#3173));
#3173 = ORIENTED_EDGE('',*,*,#3174,.T.);
#3174 = EDGE_CURVE('',#3175,#3175,#3177,.T.);
#3175 = VERTEX_POINT('',#3176);
#3176 = CARTESIAN_POINT('',(343.6,38.795337683837,108.15683551389));
#3177 = CIRCLE('',#3178,25.4);
#3178 = AXIS2_PLACEMENT_3D('',#3179,#3180,#3181);
#3179 = CARTESIAN_POINT('',(343.6,30.946306026714,84.));
#3180 = DIRECTION('',(0.,0.951056516295,-0.309016994375));
#3181 = DIRECTION('',(0.,0.309016994375,0.951056516295));
#3182 = FACE_BOUND('',#3183,.T.);
#3183 = EDGE_LOOP('',(#3184));
#3184 = ORIENTED_EDGE('',*,*,#3185,.T.);
#3185 = EDGE_CURVE('',#3186,#3186,#3188,.T.);
#3186 = VERTEX_POINT('',#3187);
#3187 = CARTESIAN_POINT('',(105.,38.795337683837,108.15683551389));
#3188 = CIRCLE('',#3189,25.4);
#3189 = AXIS2_PLACEMENT_3D('',#3190,#3191,#3192);
#3190 = CARTESIAN_POINT('',(105.,30.946306026714,84.));
#3191 = DIRECTION('',(0.,0.951056516295,-0.309016994375));
#3192 = DIRECTION('',(0.,0.309016994375,0.951056516295));
#3193 = PLANE('',#3194);
#3194 = AXIS2_PLACEMENT_3D('',#3195,#3196,#3197);
#3195 = CARTESIAN_POINT('',(12.,16.,38.));
#3196 = DIRECTION('',(0.,-0.951056516295,0.309016994375));
#3197 = DIRECTION('',(0.,0.309016994375,0.951056516295));
#3198 = ADVANCED_FACE('',(#3199),#3224,.T.);
#3199 = FACE_BOUND('',#3200,.T.);
#3200 = EDGE_LOOP('',(#3201,#3211,#3217,#3218));
#3201 = ORIENTED_EDGE('',*,*,#3202,.T.);
#3202 = EDGE_CURVE('',#3203,#3205,#3207,.T.);
#3203 = VERTEX_POINT('',#3204);
#3204 = CARTESIAN_POINT('',(12.,24.,38.));
#3205 = VERTEX_POINT('',#3206);
#3206 = CARTESIAN_POINT('',(436.6,24.,38.));
#3207 = LINE('',#3208,#3209);
#3208 = CARTESIAN_POINT('',(12.,24.,38.));
#3209 = VECTOR('',#3210,1.);
#3210 = DIRECTION('',(1.,0.,0.));
#3211 = ORIENTED_EDGE('',*,*,#3212,.T.);
#3212 = EDGE_CURVE('',#3205,#3143,#3213,.T.);
#3213 = LINE('',#3214,#3215);
#3214 = CARTESIAN_POINT('',(436.6,24.,38.));
#3215 = VECTOR('',#3216,1.);
#3216 = DIRECTION('',(0.,-1.,0.));
#3217 = ORIENTED_EDGE('',*,*,#3140,.F.);
#3218 = ORIENTED_EDGE('',*,*,#3219,.F.);
#3219 = EDGE_CURVE('',#3203,#3141,#3220,.T.);
#3220 = LINE('',#3221,#3222);
#3221 = CARTESIAN_POINT('',(12.,24.,38.));
#3222 = VECTOR('',#3223,1.);
#3223 = DIRECTION('',(0.,-1.,0.));
#3224 = PLANE('',#3225);
#3225 = AXIS2_PLACEMENT_3D('',#3226,#3227,#3228);
#3226 = CARTESIAN_POINT('',(12.,24.,38.));
#3227 = DIRECTION('',(0.,0.,-1.));
#3228 = DIRECTION('',(0.,-1.,0.));
#3229 = ADVANCED_FACE('',(#3230),#3248,.T.);
#3230 = FACE_BOUND('',#3231,.T.);
#3231 = EDGE_LOOP('',(#3232,#3233,#3241,#3247));
#3232 = ORIENTED_EDGE('',*,*,#3166,.T.);
#3233 = ORIENTED_EDGE('',*,*,#3234,.T.);
#3234 = EDGE_CURVE('',#3159,#3235,#3237,.T.);
#3235 = VERTEX_POINT('',#3236);
#3236 = CARTESIAN_POINT('',(12.,53.242772660962,128.));
#3237 = LINE('',#3238,#3239);
#3238 = CARTESIAN_POINT('',(12.,45.242772660962,128.));
#3239 = VECTOR('',#3240,1.);
#3240 = DIRECTION('',(0.,1.,0.));
#3241 = ORIENTED_EDGE('',*,*,#3242,.T.);
#3242 = EDGE_CURVE('',#3235,#3203,#3243,.T.);
#3243 = LINE('',#3244,#3245);
#3244 = CARTESIAN_POINT('',(12.,53.242772660962,128.));
#3245 = VECTOR('',#3246,1.);
#3246 = DIRECTION('',(0.,-0.309016994375,-0.951056516295));
#3247 = ORIENTED_EDGE('',*,*,#3219,.T.);
#3248 = PLANE('',#3249);
#3249 = AXIS2_PLACEMENT_3D('',#3250,#3251,#3252);
#3250 = CARTESIAN_POINT('',(12.,34.621386330481,83.));
#3251 = DIRECTION('',(-1.,-0.,-0.));
#3252 = DIRECTION('',(0.,0.,-1.));
#3253 = ADVANCED_FACE('',(#3254),#3272,.F.);
#3254 = FACE_BOUND('',#3255,.F.);
#3255 = EDGE_LOOP('',(#3256,#3257,#3265,#3271));
#3256 = ORIENTED_EDGE('',*,*,#3150,.T.);
#3257 = ORIENTED_EDGE('',*,*,#3258,.T.);
#3258 = EDGE_CURVE('',#3151,#3259,#3261,.T.);
#3259 = VERTEX_POINT('',#3260);
#3260 = CARTESIAN_POINT('',(436.6,53.242772660962,128.));
#3261 = LINE('',#3262,#3263);
#3262 = CARTESIAN_POINT('',(436.6,45.242772660962,128.));
#3263 = VECTOR('',#3264,1.);
#3264 = DIRECTION('',(0.,1.,0.));
#3265 = ORIENTED_EDGE('',*,*,#3266,.T.);
#3266 = EDGE_CURVE('',#3259,#3205,#3267,.T.);
#3267 = LINE('',#3268,#3269);
#3268 = CARTESIAN_POINT('',(436.6,53.242772660962,128.));
#3269 = VECTOR('',#3270,1.);
#3270 = DIRECTION('',(0.,-0.309016994375,-0.951056516295));
#3271 = ORIENTED_EDGE('',*,*,#3212,.T.);
#3272 = PLANE('',#3273);
#3273 = AXIS2_PLACEMENT_3D('',#3274,#3275,#3276);
#3274 = CARTESIAN_POINT('',(436.6,34.621386330481,83.));
#3275 = DIRECTION('',(-1.,-0.,-0.));
#3276 = DIRECTION('',(0.,0.,-1.));
#3277 = ADVANCED_FACE('',(#3278),#3289,.T.);
#3278 = FACE_BOUND('',#3279,.T.);
#3279 = EDGE_LOOP('',(#3280,#3281,#3282,#3288));
#3280 = ORIENTED_EDGE('',*,*,#3158,.T.);
#3281 = ORIENTED_EDGE('',*,*,#3258,.T.);
#3282 = ORIENTED_EDGE('',*,*,#3283,.F.);
#3283 = EDGE_CURVE('',#3235,#3259,#3284,.T.);
#3284 = LINE('',#3285,#3286);
#3285 = CARTESIAN_POINT('',(12.,53.242772660962,128.));
#3286 = VECTOR('',#3287,1.);
#3287 = DIRECTION('',(1.,0.,0.));
#3288 = ORIENTED_EDGE('',*,*,#3234,.F.);
#3289 = PLANE('',#3290);
#3290 = AXIS2_PLACEMENT_3D('',#3291,#3292,#3293);
#3291 = CARTESIAN_POINT('',(12.,45.242772660962,128.));
#3292 = DIRECTION('',(0.,0.,1.));
#3293 = DIRECTION('',(0.,1.,0.));
#3294 = ADVANCED_FACE('',(#3295),#3314,.F.);
#3295 = FACE_BOUND('',#3296,.F.);
#3296 = EDGE_LOOP('',(#3297,#3306,#3312,#3313));
#3297 = ORIENTED_EDGE('',*,*,#3298,.F.);
#3298 = EDGE_CURVE('',#3299,#3299,#3301,.T.);
#3299 = VERTEX_POINT('',#3300);
#3300 = CARTESIAN_POINT('',(343.6,46.031405661337,105.80569450472));
#3301 = CIRCLE('',#3302,25.4);
#3302 = AXIS2_PLACEMENT_3D('',#3303,#3304,#3305);
#3303 = CARTESIAN_POINT('',(343.6,38.182374004213,81.64885899083));
#3304 = DIRECTION('',(0.,0.951056516295,-0.309016994375));
#3305 = DIRECTION('',(0.,0.309016994375,0.951056516295));
#3306 = ORIENTED_EDGE('',*,*,#3307,.F.);
#3307 = EDGE_CURVE('',#3175,#3299,#3308,.T.);
#3308 = LINE('',#3309,#3310);
#3309 = CARTESIAN_POINT('',(343.6,34.040055102362,109.70192048577));
#3310 = VECTOR('',#3311,1.);
#3311 = DIRECTION('',(1.104740758167E-32,0.951056516295,-0.309016994375)
  );
#3312 = ORIENTED_EDGE('',*,*,#3174,.T.);
#3313 = ORIENTED_EDGE('',*,*,#3307,.T.);
#3314 = CYLINDRICAL_SURFACE('',#3315,25.4);
#3315 = AXIS2_PLACEMENT_3D('',#3316,#3317,#3318);
#3316 = CARTESIAN_POINT('',(343.6,26.191023445238,85.545084971875));
#3317 = DIRECTION('',(0.,0.951056516295,-0.309016994375));
#3318 = DIRECTION('',(0.,0.309016994375,0.951056516295));
#3319 = ADVANCED_FACE('',(#3320),#3339,.F.);
#3320 = FACE_BOUND('',#3321,.F.);
#3321 = EDGE_LOOP('',(#3322,#3331,#3337,#3338));
#3322 = ORIENTED_EDGE('',*,*,#3323,.F.);
#3323 = EDGE_CURVE('',#3324,#3324,#3326,.T.);
#3324 = VERTEX_POINT('',#3325);
#3325 = CARTESIAN_POINT('',(105.,46.031405661337,105.80569450472));
#3326 = CIRCLE('',#3327,25.4);
#3327 = AXIS2_PLACEMENT_3D('',#3328,#3329,#3330);
#3328 = CARTESIAN_POINT('',(105.,38.182374004213,81.64885899083));
#3329 = DIRECTION('',(0.,0.951056516295,-0.309016994375));
#3330 = DIRECTION('',(0.,0.309016994375,0.951056516295));
#3331 = ORIENTED_EDGE('',*,*,#3332,.F.);
#3332 = EDGE_CURVE('',#3186,#3324,#3333,.T.);
#3333 = LINE('',#3334,#3335);
#3334 = CARTESIAN_POINT('',(105.,34.040055102362,109.70192048577));
#3335 = VECTOR('',#3336,1.);
#3336 = DIRECTION('',(1.104740758167E-32,0.951056516295,-0.309016994375)
  );
#3337 = ORIENTED_EDGE('',*,*,#3185,.T.);
#3338 = ORIENTED_EDGE('',*,*,#3332,.T.);
#3339 = CYLINDRICAL_SURFACE('',#3340,25.4);
#3340 = AXIS2_PLACEMENT_3D('',#3341,#3342,#3343);
#3341 = CARTESIAN_POINT('',(105.,26.191023445238,85.545084971875));
#3342 = DIRECTION('',(0.,0.951056516295,-0.309016994375));
#3343 = DIRECTION('',(0.,0.309016994375,0.951056516295));
#3344 = ADVANCED_FACE('',(#3345,#3351,#3354),#3357,.T.);
#3345 = FACE_BOUND('',#3346,.T.);
#3346 = EDGE_LOOP('',(#3347,#3348,#3349,#3350));
#3347 = ORIENTED_EDGE('',*,*,#3283,.T.);
#3348 = ORIENTED_EDGE('',*,*,#3266,.T.);
#3349 = ORIENTED_EDGE('',*,*,#3202,.F.);
#3350 = ORIENTED_EDGE('',*,*,#3242,.F.);
#3351 = FACE_BOUND('',#3352,.T.);
#3352 = EDGE_LOOP('',(#3353));
#3353 = ORIENTED_EDGE('',*,*,#3298,.F.);
#3354 = FACE_BOUND('',#3355,.T.);
#3355 = EDGE_LOOP('',(#3356));
#3356 = ORIENTED_EDGE('',*,*,#3323,.F.);
#3357 = PLANE('',#3358);
#3358 = AXIS2_PLACEMENT_3D('',#3359,#3360,#3361);
#3359 = CARTESIAN_POINT('',(12.,53.242772660962,128.));
#3360 = DIRECTION('',(0.,0.951056516295,-0.309016994375));
#3361 = DIRECTION('',(0.,-0.309016994375,-0.951056516295));
#3362 = ( GEOMETRIC_REPRESENTATION_CONTEXT(3) 
GLOBAL_UNCERTAINTY_ASSIGNED_CONTEXT((#3366)) 
GLOBAL_UNIT_ASSIGNED_CONTEXT((#3363,#3364,#3365)) REPRESENTATION_CONTEXT
('Context #1','3D Context with UNIT and UNCERTAINTY') );
#3363 = ( LENGTH_UNIT() NAMED_UNIT(*) SI_UNIT(.MILLI.,.METRE.) );
#3364 = ( NAMED_UNIT(*) PLANE_ANGLE_UNIT() SI_UNIT($,.RADIAN.) );
#3365 = ( NAMED_UNIT(*) SI_UNIT($,.STERADIAN.) SOLID_ANGLE_UNIT() );
#3366 = UNCERTAINTY_MEASURE_WITH_UNIT(LENGTH_MEASURE(1.E-07),#3363,
  'distance_accuracy_value','confusion accuracy');
#3367 = CONTEXT_DEPENDENT_SHAPE_REPRESENTATION(#3368,#3370);
#3368 = ( REPRESENTATION_RELATIONSHIP('','',#3133,#10) 
REPRESENTATION_RELATIONSHIP_WITH_TRANSFORMATION(#3369) 
SHAPE_REPRESENTATION_RELATIONSHIP() );
#3369 = ITEM_DEFINED_TRANSFORMATION('','',#11,#83);
#3370 = PRODUCT_DEFINITION_SHAPE('Placement','Placement of an item',
  #3371);
#3371 = NEXT_ASSEMBLY_USAGE_OCCURRENCE('142','双单元斜面障板','',
  #5,#3128,$);
#3372 = PRODUCT_RELATED_PRODUCT_CATEGORY('part',$,(#3130));
#3373 = SHAPE_DEFINITION_REPRESENTATION(#3374,#3380);
#3374 = PRODUCT_DEFINITION_SHAPE('','',#3375);
#3375 = PRODUCT_DEFINITION('design','',#3376,#3379);
#3376 = PRODUCT_DEFINITION_FORMATION('','',#3377);
#3377 = PRODUCT('声腔顶板','声腔顶板','',(#3378));
#3378 = PRODUCT_CONTEXT('',#2,'mechanical');
#3379 = PRODUCT_DEFINITION_CONTEXT('part definition',#2,'design');
#3380 = ADVANCED_BREP_SHAPE_REPRESENTATION('',(#11,#3381),#3531);
#3381 = MANIFOLD_SOLID_BREP('',#3382);
#3382 = CLOSED_SHELL('',(#3383,#3423,#3463,#3485,#3507,#3519));
#3383 = ADVANCED_FACE('',(#3384),#3418,.F.);
#3384 = FACE_BOUND('',#3385,.F.);
#3385 = EDGE_LOOP('',(#3386,#3396,#3404,#3412));
#3386 = ORIENTED_EDGE('',*,*,#3387,.F.);
#3387 = EDGE_CURVE('',#3388,#3390,#3392,.T.);
#3388 = VERTEX_POINT('',#3389);
#3389 = CARTESIAN_POINT('',(12.,0.,128.));
#3390 = VERTEX_POINT('',#3391);
#3391 = CARTESIAN_POINT('',(12.,0.,136.));
#3392 = LINE('',#3393,#3394);
#3393 = CARTESIAN_POINT('',(12.,0.,128.));
#3394 = VECTOR('',#3395,1.);
#3395 = DIRECTION('',(0.,0.,1.));
#3396 = ORIENTED_EDGE('',*,*,#3397,.T.);
#3397 = EDGE_CURVE('',#3388,#3398,#3400,.T.);
#3398 = VERTEX_POINT('',#3399);
#3399 = CARTESIAN_POINT('',(12.,158.,128.));
#3400 = LINE('',#3401,#3402);
#3401 = CARTESIAN_POINT('',(12.,0.,128.));
#3402 = VECTOR('',#3403,1.);
#3403 = DIRECTION('',(-0.,1.,0.));
#3404 = ORIENTED_EDGE('',*,*,#3405,.T.);
#3405 = EDGE_CURVE('',#3398,#3406,#3408,.T.);
#3406 = VERTEX_POINT('',#3407);
#3407 = CARTESIAN_POINT('',(12.,158.,136.));
#3408 = LINE('',#3409,#3410);
#3409 = CARTESIAN_POINT('',(12.,158.,128.));
#3410 = VECTOR('',#3411,1.);
#3411 = DIRECTION('',(0.,0.,1.));
#3412 = ORIENTED_EDGE('',*,*,#3413,.F.);
#3413 = EDGE_CURVE('',#3390,#3406,#3414,.T.);
#3414 = LINE('',#3415,#3416);
#3415 = CARTESIAN_POINT('',(12.,0.,136.));
#3416 = VECTOR('',#3417,1.);
#3417 = DIRECTION('',(-0.,1.,0.));
#3418 = PLANE('',#3419);
#3419 = AXIS2_PLACEMENT_3D('',#3420,#3421,#3422);
#3420 = CARTESIAN_POINT('',(12.,0.,128.));
#3421 = DIRECTION('',(1.,0.,-0.));
#3422 = DIRECTION('',(0.,0.,1.));
#3423 = ADVANCED_FACE('',(#3424),#3458,.T.);
#3424 = FACE_BOUND('',#3425,.T.);
#3425 = EDGE_LOOP('',(#3426,#3436,#3444,#3452));
#3426 = ORIENTED_EDGE('',*,*,#3427,.F.);
#3427 = EDGE_CURVE('',#3428,#3430,#3432,.T.);
#3428 = VERTEX_POINT('',#3429);
#3429 = CARTESIAN_POINT('',(436.6,0.,128.));
#3430 = VERTEX_POINT('',#3431);
#3431 = CARTESIAN_POINT('',(436.6,0.,136.));
#3432 = LINE('',#3433,#3434);
#3433 = CARTESIAN_POINT('',(436.6,0.,128.));
#3434 = VECTOR('',#3435,1.);
#3435 = DIRECTION('',(0.,0.,1.));
#3436 = ORIENTED_EDGE('',*,*,#3437,.T.);
#3437 = EDGE_CURVE('',#3428,#3438,#3440,.T.);
#3438 = VERTEX_POINT('',#3439);
#3439 = CARTESIAN_POINT('',(436.6,158.,128.));
#3440 = LINE('',#3441,#3442);
#3441 = CARTESIAN_POINT('',(436.6,0.,128.));
#3442 = VECTOR('',#3443,1.);
#3443 = DIRECTION('',(-0.,1.,0.));
#3444 = ORIENTED_EDGE('',*,*,#3445,.T.);
#3445 = EDGE_CURVE('',#3438,#3446,#3448,.T.);
#3446 = VERTEX_POINT('',#3447);
#3447 = CARTESIAN_POINT('',(436.6,158.,136.));
#3448 = LINE('',#3449,#3450);
#3449 = CARTESIAN_POINT('',(436.6,158.,128.));
#3450 = VECTOR('',#3451,1.);
#3451 = DIRECTION('',(0.,0.,1.));
#3452 = ORIENTED_EDGE('',*,*,#3453,.F.);
#3453 = EDGE_CURVE('',#3430,#3446,#3454,.T.);
#3454 = LINE('',#3455,#3456);
#3455 = CARTESIAN_POINT('',(436.6,0.,136.));
#3456 = VECTOR('',#3457,1.);
#3457 = DIRECTION('',(-0.,1.,0.));
#3458 = PLANE('',#3459);
#3459 = AXIS2_PLACEMENT_3D('',#3460,#3461,#3462);
#3460 = CARTESIAN_POINT('',(436.6,0.,128.));
#3461 = DIRECTION('',(1.,0.,-0.));
#3462 = DIRECTION('',(0.,0.,1.));
#3463 = ADVANCED_FACE('',(#3464),#3480,.F.);
#3464 = FACE_BOUND('',#3465,.F.);
#3465 = EDGE_LOOP('',(#3466,#3472,#3473,#3479));
#3466 = ORIENTED_EDGE('',*,*,#3467,.F.);
#3467 = EDGE_CURVE('',#3388,#3428,#3468,.T.);
#3468 = LINE('',#3469,#3470);
#3469 = CARTESIAN_POINT('',(12.,0.,128.));
#3470 = VECTOR('',#3471,1.);
#3471 = DIRECTION('',(1.,0.,-0.));
#3472 = ORIENTED_EDGE('',*,*,#3387,.T.);
#3473 = ORIENTED_EDGE('',*,*,#3474,.T.);
#3474 = EDGE_CURVE('',#3390,#3430,#3475,.T.);
#3475 = LINE('',#3476,#3477);
#3476 = CARTESIAN_POINT('',(12.,0.,136.));
#3477 = VECTOR('',#3478,1.);
#3478 = DIRECTION('',(1.,0.,-0.));
#3479 = ORIENTED_EDGE('',*,*,#3427,.F.);
#3480 = PLANE('',#3481);
#3481 = AXIS2_PLACEMENT_3D('',#3482,#3483,#3484);
#3482 = CARTESIAN_POINT('',(12.,0.,128.));
#3483 = DIRECTION('',(-0.,1.,0.));
#3484 = DIRECTION('',(0.,0.,1.));
#3485 = ADVANCED_FACE('',(#3486),#3502,.T.);
#3486 = FACE_BOUND('',#3487,.T.);
#3487 = EDGE_LOOP('',(#3488,#3494,#3495,#3501));
#3488 = ORIENTED_EDGE('',*,*,#3489,.F.);
#3489 = EDGE_CURVE('',#3398,#3438,#3490,.T.);
#3490 = LINE('',#3491,#3492);
#3491 = CARTESIAN_POINT('',(12.,158.,128.));
#3492 = VECTOR('',#3493,1.);
#3493 = DIRECTION('',(1.,0.,-0.));
#3494 = ORIENTED_EDGE('',*,*,#3405,.T.);
#3495 = ORIENTED_EDGE('',*,*,#3496,.T.);
#3496 = EDGE_CURVE('',#3406,#3446,#3497,.T.);
#3497 = LINE('',#3498,#3499);
#3498 = CARTESIAN_POINT('',(12.,158.,136.));
#3499 = VECTOR('',#3500,1.);
#3500 = DIRECTION('',(1.,0.,-0.));
#3501 = ORIENTED_EDGE('',*,*,#3445,.F.);
#3502 = PLANE('',#3503);
#3503 = AXIS2_PLACEMENT_3D('',#3504,#3505,#3506);
#3504 = CARTESIAN_POINT('',(12.,158.,128.));
#3505 = DIRECTION('',(-0.,1.,0.));
#3506 = DIRECTION('',(0.,0.,1.));
#3507 = ADVANCED_FACE('',(#3508),#3514,.F.);
#3508 = FACE_BOUND('',#3509,.F.);
#3509 = EDGE_LOOP('',(#3510,#3511,#3512,#3513));
#3510 = ORIENTED_EDGE('',*,*,#3397,.F.);
#3511 = ORIENTED_EDGE('',*,*,#3467,.T.);
#3512 = ORIENTED_EDGE('',*,*,#3437,.T.);
#3513 = ORIENTED_EDGE('',*,*,#3489,.F.);
#3514 = PLANE('',#3515);
#3515 = AXIS2_PLACEMENT_3D('',#3516,#3517,#3518);
#3516 = CARTESIAN_POINT('',(12.,0.,128.));
#3517 = DIRECTION('',(0.,0.,1.));
#3518 = DIRECTION('',(1.,0.,-0.));
#3519 = ADVANCED_FACE('',(#3520),#3526,.T.);
#3520 = FACE_BOUND('',#3521,.T.);
#3521 = EDGE_LOOP('',(#3522,#3523,#3524,#3525));
#3522 = ORIENTED_EDGE('',*,*,#3413,.F.);
#3523 = ORIENTED_EDGE('',*,*,#3474,.T.);
#3524 = ORIENTED_EDGE('',*,*,#3453,.T.);
#3525 = ORIENTED_EDGE('',*,*,#3496,.F.);
#3526 = PLANE('',#3527);
#3527 = AXIS2_PLACEMENT_3D('',#3528,#3529,#3530);
#3528 = CARTESIAN_POINT('',(12.,0.,136.));
#3529 = DIRECTION('',(0.,0.,1.));
#3530 = DIRECTION('',(1.,0.,-0.));
#3531 = ( GEOMETRIC_REPRESENTATION_CONTEXT(3) 
GLOBAL_UNCERTAINTY_ASSIGNED_CONTEXT((#3535)) 
GLOBAL_UNIT_ASSIGNED_CONTEXT((#3532,#3533,#3534)) REPRESENTATION_CONTEXT
('Context #1','3D Context with UNIT and UNCERTAINTY') );
#3532 = ( LENGTH_UNIT() NAMED_UNIT(*) SI_UNIT(.MILLI.,.METRE.) );
#3533 = ( NAMED_UNIT(*) PLANE_ANGLE_UNIT() SI_UNIT($,.RADIAN.) );
#3534 = ( NAMED_UNIT(*) SI_UNIT($,.STERADIAN.) SOLID_ANGLE_UNIT() );
#3535 = UNCERTAINTY_MEASURE_WITH_UNIT(LENGTH_MEASURE(1.E-07),#3532,
  'distance_accuracy_value','confusion accuracy');
#3536 = CONTEXT_DEPENDENT_SHAPE_REPRESENTATION(#3537,#3539);
#3537 = ( REPRESENTATION_RELATIONSHIP('','',#3380,#10) 
REPRESENTATION_RELATIONSHIP_WITH_TRANSFORMATION(#3538) 
SHAPE_REPRESENTATION_RELATIONSHIP() );
#3538 = ITEM_DEFINED_TRANSFORMATION('','',#11,#87);
#3539 = PRODUCT_DEFINITION_SHAPE('Placement','Placement of an item',
  #3540);
#3540 = NEXT_ASSEMBLY_USAGE_OCCURRENCE('143','声腔顶板','',#5,#3375,
  $);
#3541 = PRODUCT_RELATED_PRODUCT_CATEGORY('part',$,(#3377));
#3542 = SHAPE_DEFINITION_REPRESENTATION(#3543,#3549);
#3543 = PRODUCT_DEFINITION_SHAPE('','',#3544);
#3544 = PRODUCT_DEFINITION('design','',#3545,#3548);
#3545 = PRODUCT_DEFINITION_FORMATION('','',#3546);
#3546 = PRODUCT('声腔后隔板','声腔后隔板','',(#3547));
#3547 = PRODUCT_CONTEXT('',#2,'mechanical');
#3548 = PRODUCT_DEFINITION_CONTEXT('part definition',#2,'design');
#3549 = ADVANCED_BREP_SHAPE_REPRESENTATION('',(#11,#3550),#3700);
#3550 = MANIFOLD_SOLID_BREP('',#3551);
#3551 = CLOSED_SHELL('',(#3552,#3592,#3632,#3654,#3676,#3688));
#3552 = ADVANCED_FACE('',(#3553),#3587,.F.);
#3553 = FACE_BOUND('',#3554,.F.);
#3554 = EDGE_LOOP('',(#3555,#3565,#3573,#3581));
#3555 = ORIENTED_EDGE('',*,*,#3556,.F.);
#3556 = EDGE_CURVE('',#3557,#3559,#3561,.T.);
#3557 = VERTEX_POINT('',#3558);
#3558 = CARTESIAN_POINT('',(12.,150.,38.));
#3559 = VERTEX_POINT('',#3560);
#3560 = CARTESIAN_POINT('',(12.,150.,128.));
#3561 = LINE('',#3562,#3563);
#3562 = CARTESIAN_POINT('',(12.,150.,38.));
#3563 = VECTOR('',#3564,1.);
#3564 = DIRECTION('',(0.,0.,1.));
#3565 = ORIENTED_EDGE('',*,*,#3566,.T.);
#3566 = EDGE_CURVE('',#3557,#3567,#3569,.T.);
#3567 = VERTEX_POINT('',#3568);
#3568 = CARTESIAN_POINT('',(12.,158.,38.));
#3569 = LINE('',#3570,#3571);
#3570 = CARTESIAN_POINT('',(12.,150.,38.));
#3571 = VECTOR('',#3572,1.);
#3572 = DIRECTION('',(-0.,1.,0.));
#3573 = ORIENTED_EDGE('',*,*,#3574,.T.);
#3574 = EDGE_CURVE('',#3567,#3575,#3577,.T.);
#3575 = VERTEX_POINT('',#3576);
#3576 = CARTESIAN_POINT('',(12.,158.,128.));
#3577 = LINE('',#3578,#3579);
#3578 = CARTESIAN_POINT('',(12.,158.,38.));
#3579 = VECTOR('',#3580,1.);
#3580 = DIRECTION('',(0.,0.,1.));
#3581 = ORIENTED_EDGE('',*,*,#3582,.F.);
#3582 = EDGE_CURVE('',#3559,#3575,#3583,.T.);
#3583 = LINE('',#3584,#3585);
#3584 = CARTESIAN_POINT('',(12.,150.,128.));
#3585 = VECTOR('',#3586,1.);
#3586 = DIRECTION('',(-0.,1.,0.));
#3587 = PLANE('',#3588);
#3588 = AXIS2_PLACEMENT_3D('',#3589,#3590,#3591);
#3589 = CARTESIAN_POINT('',(12.,150.,38.));
#3590 = DIRECTION('',(1.,0.,-0.));
#3591 = DIRECTION('',(0.,0.,1.));
#3592 = ADVANCED_FACE('',(#3593),#3627,.T.);
#3593 = FACE_BOUND('',#3594,.T.);
#3594 = EDGE_LOOP('',(#3595,#3605,#3613,#3621));
#3595 = ORIENTED_EDGE('',*,*,#3596,.F.);
#3596 = EDGE_CURVE('',#3597,#3599,#3601,.T.);
#3597 = VERTEX_POINT('',#3598);
#3598 = CARTESIAN_POINT('',(436.6,150.,38.));
#3599 = VERTEX_POINT('',#3600);
#3600 = CARTESIAN_POINT('',(436.6,150.,128.));
#3601 = LINE('',#3602,#3603);
#3602 = CARTESIAN_POINT('',(436.6,150.,38.));
#3603 = VECTOR('',#3604,1.);
#3604 = DIRECTION('',(0.,0.,1.));
#3605 = ORIENTED_EDGE('',*,*,#3606,.T.);
#3606 = EDGE_CURVE('',#3597,#3607,#3609,.T.);
#3607 = VERTEX_POINT('',#3608);
#3608 = CARTESIAN_POINT('',(436.6,158.,38.));
#3609 = LINE('',#3610,#3611);
#3610 = CARTESIAN_POINT('',(436.6,150.,38.));
#3611 = VECTOR('',#3612,1.);
#3612 = DIRECTION('',(-0.,1.,0.));
#3613 = ORIENTED_EDGE('',*,*,#3614,.T.);
#3614 = EDGE_CURVE('',#3607,#3615,#3617,.T.);
#3615 = VERTEX_POINT('',#3616);
#3616 = CARTESIAN_POINT('',(436.6,158.,128.));
#3617 = LINE('',#3618,#3619);
#3618 = CARTESIAN_POINT('',(436.6,158.,38.));
#3619 = VECTOR('',#3620,1.);
#3620 = DIRECTION('',(0.,0.,1.));
#3621 = ORIENTED_EDGE('',*,*,#3622,.F.);
#3622 = EDGE_CURVE('',#3599,#3615,#3623,.T.);
#3623 = LINE('',#3624,#3625);
#3624 = CARTESIAN_POINT('',(436.6,150.,128.));
#3625 = VECTOR('',#3626,1.);
#3626 = DIRECTION('',(-0.,1.,0.));
#3627 = PLANE('',#3628);
#3628 = AXIS2_PLACEMENT_3D('',#3629,#3630,#3631);
#3629 = CARTESIAN_POINT('',(436.6,150.,38.));
#3630 = DIRECTION('',(1.,0.,-0.));
#3631 = DIRECTION('',(0.,0.,1.));
#3632 = ADVANCED_FACE('',(#3633),#3649,.F.);
#3633 = FACE_BOUND('',#3634,.F.);
#3634 = EDGE_LOOP('',(#3635,#3641,#3642,#3648));
#3635 = ORIENTED_EDGE('',*,*,#3636,.F.);
#3636 = EDGE_CURVE('',#3557,#3597,#3637,.T.);
#3637 = LINE('',#3638,#3639);
#3638 = CARTESIAN_POINT('',(12.,150.,38.));
#3639 = VECTOR('',#3640,1.);
#3640 = DIRECTION('',(1.,0.,-0.));
#3641 = ORIENTED_EDGE('',*,*,#3556,.T.);
#3642 = ORIENTED_EDGE('',*,*,#3643,.T.);
#3643 = EDGE_CURVE('',#3559,#3599,#3644,.T.);
#3644 = LINE('',#3645,#3646);
#3645 = CARTESIAN_POINT('',(12.,150.,128.));
#3646 = VECTOR('',#3647,1.);
#3647 = DIRECTION('',(1.,0.,-0.));
#3648 = ORIENTED_EDGE('',*,*,#3596,.F.);
#3649 = PLANE('',#3650);
#3650 = AXIS2_PLACEMENT_3D('',#3651,#3652,#3653);
#3651 = CARTESIAN_POINT('',(12.,150.,38.));
#3652 = DIRECTION('',(-0.,1.,0.));
#3653 = DIRECTION('',(0.,0.,1.));
#3654 = ADVANCED_FACE('',(#3655),#3671,.T.);
#3655 = FACE_BOUND('',#3656,.T.);
#3656 = EDGE_LOOP('',(#3657,#3663,#3664,#3670));
#3657 = ORIENTED_EDGE('',*,*,#3658,.F.);
#3658 = EDGE_CURVE('',#3567,#3607,#3659,.T.);
#3659 = LINE('',#3660,#3661);
#3660 = CARTESIAN_POINT('',(12.,158.,38.));
#3661 = VECTOR('',#3662,1.);
#3662 = DIRECTION('',(1.,0.,-0.));
#3663 = ORIENTED_EDGE('',*,*,#3574,.T.);
#3664 = ORIENTED_EDGE('',*,*,#3665,.T.);
#3665 = EDGE_CURVE('',#3575,#3615,#3666,.T.);
#3666 = LINE('',#3667,#3668);
#3667 = CARTESIAN_POINT('',(12.,158.,128.));
#3668 = VECTOR('',#3669,1.);
#3669 = DIRECTION('',(1.,0.,-0.));
#3670 = ORIENTED_EDGE('',*,*,#3614,.F.);
#3671 = PLANE('',#3672);
#3672 = AXIS2_PLACEMENT_3D('',#3673,#3674,#3675);
#3673 = CARTESIAN_POINT('',(12.,158.,38.));
#3674 = DIRECTION('',(-0.,1.,0.));
#3675 = DIRECTION('',(0.,0.,1.));
#3676 = ADVANCED_FACE('',(#3677),#3683,.F.);
#3677 = FACE_BOUND('',#3678,.F.);
#3678 = EDGE_LOOP('',(#3679,#3680,#3681,#3682));
#3679 = ORIENTED_EDGE('',*,*,#3566,.F.);
#3680 = ORIENTED_EDGE('',*,*,#3636,.T.);
#3681 = ORIENTED_EDGE('',*,*,#3606,.T.);
#3682 = ORIENTED_EDGE('',*,*,#3658,.F.);
#3683 = PLANE('',#3684);
#3684 = AXIS2_PLACEMENT_3D('',#3685,#3686,#3687);
#3685 = CARTESIAN_POINT('',(12.,150.,38.));
#3686 = DIRECTION('',(0.,0.,1.));
#3687 = DIRECTION('',(1.,0.,-0.));
#3688 = ADVANCED_FACE('',(#3689),#3695,.T.);
#3689 = FACE_BOUND('',#3690,.T.);
#3690 = EDGE_LOOP('',(#3691,#3692,#3693,#3694));
#3691 = ORIENTED_EDGE('',*,*,#3582,.F.);
#3692 = ORIENTED_EDGE('',*,*,#3643,.T.);
#3693 = ORIENTED_EDGE('',*,*,#3622,.T.);
#3694 = ORIENTED_EDGE('',*,*,#3665,.F.);
#3695 = PLANE('',#3696);
#3696 = AXIS2_PLACEMENT_3D('',#3697,#3698,#3699);
#3697 = CARTESIAN_POINT('',(12.,150.,128.));
#3698 = DIRECTION('',(0.,0.,1.));
#3699 = DIRECTION('',(1.,0.,-0.));
#3700 = ( GEOMETRIC_REPRESENTATION_CONTEXT(3) 
GLOBAL_UNCERTAINTY_ASSIGNED_CONTEXT((#3704)) 
GLOBAL_UNIT_ASSIGNED_CONTEXT((#3701,#3702,#3703)) REPRESENTATION_CONTEXT
('Context #1','3D Context with UNIT and UNCERTAINTY') );
#3701 = ( LENGTH_UNIT() NAMED_UNIT(*) SI_UNIT(.MILLI.,.METRE.) );
#3702 = ( NAMED_UNIT(*) PLANE_ANGLE_UNIT() SI_UNIT($,.RADIAN.) );
#3703 = ( NAMED_UNIT(*) SI_UNIT($,.STERADIAN.) SOLID_ANGLE_UNIT() );
#3704 = UNCERTAINTY_MEASURE_WITH_UNIT(LENGTH_MEASURE(1.E-07),#3701,
  'distance_accuracy_value','confusion accuracy');
#3705 = CONTEXT_DEPENDENT_SHAPE_REPRESENTATION(#3706,#3708);
#3706 = ( REPRESENTATION_RELATIONSHIP('','',#3549,#10) 
REPRESENTATION_RELATIONSHIP_WITH_TRANSFORMATION(#3707) 
SHAPE_REPRESENTATION_RELATIONSHIP() );
#3707 = ITEM_DEFINED_TRANSFORMATION('','',#11,#91);
#3708 = PRODUCT_DEFINITION_SHAPE('Placement','Placement of an item',
  #3709);
#3709 = NEXT_ASSEMBLY_USAGE_OCCURRENCE('144','声腔后隔板','',#5,
  #3544,$);
#3710 = PRODUCT_RELATED_PRODUCT_CATEGORY('part',$,(#3546));
#3711 = SHAPE_DEFINITION_REPRESENTATION(#3712,#3718);
#3712 = PRODUCT_DEFINITION_SHAPE('','',#3713);
#3713 = PRODUCT_DEFINITION('design','',#3714,#3717);
#3714 = PRODUCT_DEFINITION_FORMATION('','',#3715);
#3715 = PRODUCT('左右声腔分隔板','左右声腔分隔板','',(
    #3716));
#3716 = PRODUCT_CONTEXT('',#2,'mechanical');
#3717 = PRODUCT_DEFINITION_CONTEXT('part definition',#2,'design');
#3718 = ADVANCED_BREP_SHAPE_REPRESENTATION('',(#11,#3719),#3869);
#3719 = MANIFOLD_SOLID_BREP('',#3720);
#3720 = CLOSED_SHELL('',(#3721,#3761,#3792,#3823,#3845,#3857));
#3721 = ADVANCED_FACE('',(#3722),#3756,.F.);
#3722 = FACE_BOUND('',#3723,.F.);
#3723 = EDGE_LOOP('',(#3724,#3734,#3742,#3750));
#3724 = ORIENTED_EDGE('',*,*,#3725,.T.);
#3725 = EDGE_CURVE('',#3726,#3728,#3730,.T.);
#3726 = VERTEX_POINT('',#3727);
#3727 = CARTESIAN_POINT('',(220.3,24.,38.));
#3728 = VERTEX_POINT('',#3729);
#3729 = CARTESIAN_POINT('',(228.3,24.,38.));
#3730 = LINE('',#3731,#3732);
#3731 = CARTESIAN_POINT('',(220.3,24.,38.));
#3732 = VECTOR('',#3733,1.);
#3733 = DIRECTION('',(1.,0.,0.));
#3734 = ORIENTED_EDGE('',*,*,#3735,.T.);
#3735 = EDGE_CURVE('',#3728,#3736,#3738,.T.);
#3736 = VERTEX_POINT('',#3737);
#3737 = CARTESIAN_POINT('',(228.3,150.,38.));
#3738 = LINE('',#3739,#3740);
#3739 = CARTESIAN_POINT('',(228.3,24.,38.));
#3740 = VECTOR('',#3741,1.);
#3741 = DIRECTION('',(0.,1.,0.));
#3742 = ORIENTED_EDGE('',*,*,#3743,.F.);
#3743 = EDGE_CURVE('',#3744,#3736,#3746,.T.);
#3744 = VERTEX_POINT('',#3745);
#3745 = CARTESIAN_POINT('',(220.3,150.,38.));
#3746 = LINE('',#3747,#3748);
#3747 = CARTESIAN_POINT('',(220.3,150.,38.));
#3748 = VECTOR('',#3749,1.);
#3749 = DIRECTION('',(1.,0.,0.));
#3750 = ORIENTED_EDGE('',*,*,#3751,.F.);
#3751 = EDGE_CURVE('',#3726,#3744,#3752,.T.);
#3752 = LINE('',#3753,#3754);
#3753 = CARTESIAN_POINT('',(220.3,24.,38.));
#3754 = VECTOR('',#3755,1.);
#3755 = DIRECTION('',(0.,1.,0.));
#3756 = PLANE('',#3757);
#3757 = AXIS2_PLACEMENT_3D('',#3758,#3759,#3760);
#3758 = CARTESIAN_POINT('',(220.3,24.,38.));
#3759 = DIRECTION('',(0.,0.,1.));
#3760 = DIRECTION('',(0.,1.,0.));
#3761 = ADVANCED_FACE('',(#3762),#3787,.F.);
#3762 = FACE_BOUND('',#3763,.F.);
#3763 = EDGE_LOOP('',(#3764,#3765,#3773,#3781));
#3764 = ORIENTED_EDGE('',*,*,#3743,.T.);
#3765 = ORIENTED_EDGE('',*,*,#3766,.T.);
#3766 = EDGE_CURVE('',#3736,#3767,#3769,.T.);
#3767 = VERTEX_POINT('',#3768);
#3768 = CARTESIAN_POINT('',(228.3,150.,128.));
#3769 = LINE('',#3770,#3771);
#3770 = CARTESIAN_POINT('',(228.3,150.,38.));
#3771 = VECTOR('',#3772,1.);
#3772 = DIRECTION('',(0.,0.,1.));
#3773 = ORIENTED_EDGE('',*,*,#3774,.F.);
#3774 = EDGE_CURVE('',#3775,#3767,#3777,.T.);
#3775 = VERTEX_POINT('',#3776);
#3776 = CARTESIAN_POINT('',(220.3,150.,128.));
#3777 = LINE('',#3778,#3779);
#3778 = CARTESIAN_POINT('',(220.3,150.,128.));
#3779 = VECTOR('',#3780,1.);
#3780 = DIRECTION('',(1.,0.,0.));
#3781 = ORIENTED_EDGE('',*,*,#3782,.F.);
#3782 = EDGE_CURVE('',#3744,#3775,#3783,.T.);
#3783 = LINE('',#3784,#3785);
#3784 = CARTESIAN_POINT('',(220.3,150.,38.));
#3785 = VECTOR('',#3786,1.);
#3786 = DIRECTION('',(0.,0.,1.));
#3787 = PLANE('',#3788);
#3788 = AXIS2_PLACEMENT_3D('',#3789,#3790,#3791);
#3789 = CARTESIAN_POINT('',(220.3,150.,38.));
#3790 = DIRECTION('',(0.,-1.,0.));
#3791 = DIRECTION('',(0.,0.,1.));
#3792 = ADVANCED_FACE('',(#3793),#3818,.F.);
#3793 = FACE_BOUND('',#3794,.F.);
#3794 = EDGE_LOOP('',(#3795,#3796,#3804,#3812));
#3795 = ORIENTED_EDGE('',*,*,#3774,.T.);
#3796 = ORIENTED_EDGE('',*,*,#3797,.T.);
#3797 = EDGE_CURVE('',#3767,#3798,#3800,.T.);
#3798 = VERTEX_POINT('',#3799);
#3799 = CARTESIAN_POINT('',(228.3,53.242772660962,128.));
#3800 = LINE('',#3801,#3802);
#3801 = CARTESIAN_POINT('',(228.3,150.,128.));
#3802 = VECTOR('',#3803,1.);
#3803 = DIRECTION('',(0.,-1.,0.));
#3804 = ORIENTED_EDGE('',*,*,#3805,.F.);
#3805 = EDGE_CURVE('',#3806,#3798,#3808,.T.);
#3806 = VERTEX_POINT('',#3807);
#3807 = CARTESIAN_POINT('',(220.3,53.242772660962,128.));
#3808 = LINE('',#3809,#3810);
#3809 = CARTESIAN_POINT('',(220.3,53.242772660962,128.));
#3810 = VECTOR('',#3811,1.);
#3811 = DIRECTION('',(1.,0.,0.));
#3812 = ORIENTED_EDGE('',*,*,#3813,.F.);
#3813 = EDGE_CURVE('',#3775,#3806,#3814,.T.);
#3814 = LINE('',#3815,#3816);
#3815 = CARTESIAN_POINT('',(220.3,150.,128.));
#3816 = VECTOR('',#3817,1.);
#3817 = DIRECTION('',(0.,-1.,0.));
#3818 = PLANE('',#3819);
#3819 = AXIS2_PLACEMENT_3D('',#3820,#3821,#3822);
#3820 = CARTESIAN_POINT('',(220.3,150.,128.));
#3821 = DIRECTION('',(0.,0.,-1.));
#3822 = DIRECTION('',(0.,-1.,0.));
#3823 = ADVANCED_FACE('',(#3824),#3840,.F.);
#3824 = FACE_BOUND('',#3825,.F.);
#3825 = EDGE_LOOP('',(#3826,#3827,#3833,#3834));
#3826 = ORIENTED_EDGE('',*,*,#3805,.T.);
#3827 = ORIENTED_EDGE('',*,*,#3828,.T.);
#3828 = EDGE_CURVE('',#3798,#3728,#3829,.T.);
#3829 = LINE('',#3830,#3831);
#3830 = CARTESIAN_POINT('',(228.3,53.242772660962,128.));
#3831 = VECTOR('',#3832,1.);
#3832 = DIRECTION('',(0.,-0.309016994375,-0.951056516295));
#3833 = ORIENTED_EDGE('',*,*,#3725,.F.);
#3834 = ORIENTED_EDGE('',*,*,#3835,.F.);
#3835 = EDGE_CURVE('',#3806,#3726,#3836,.T.);
#3836 = LINE('',#3837,#3838);
#3837 = CARTESIAN_POINT('',(220.3,53.242772660962,128.));
#3838 = VECTOR('',#3839,1.);
#3839 = DIRECTION('',(0.,-0.309016994375,-0.951056516295));
#3840 = PLANE('',#3841);
#3841 = AXIS2_PLACEMENT_3D('',#3842,#3843,#3844);
#3842 = CARTESIAN_POINT('',(220.3,53.242772660962,128.));
#3843 = DIRECTION('',(0.,0.951056516295,-0.309016994375));
#3844 = DIRECTION('',(0.,-0.309016994375,-0.951056516295));
#3845 = ADVANCED_FACE('',(#3846),#3852,.F.);
#3846 = FACE_BOUND('',#3847,.F.);
#3847 = EDGE_LOOP('',(#3848,#3849,#3850,#3851));
#3848 = ORIENTED_EDGE('',*,*,#3751,.T.);
#3849 = ORIENTED_EDGE('',*,*,#3782,.T.);
#3850 = ORIENTED_EDGE('',*,*,#3813,.T.);
#3851 = ORIENTED_EDGE('',*,*,#3835,.T.);
#3852 = PLANE('',#3853);
#3853 = AXIS2_PLACEMENT_3D('',#3854,#3855,#3856);
#3854 = CARTESIAN_POINT('',(220.3,93.152793119879,79.769855526592));
#3855 = DIRECTION('',(1.,0.,0.));
#3856 = DIRECTION('',(-0.,0.,1.));
#3857 = ADVANCED_FACE('',(#3858),#3864,.T.);
#3858 = FACE_BOUND('',#3859,.T.);
#3859 = EDGE_LOOP('',(#3860,#3861,#3862,#3863));
#3860 = ORIENTED_EDGE('',*,*,#3735,.T.);
#3861 = ORIENTED_EDGE('',*,*,#3766,.T.);
#3862 = ORIENTED_EDGE('',*,*,#3797,.T.);
#3863 = ORIENTED_EDGE('',*,*,#3828,.T.);
#3864 = PLANE('',#3865);
#3865 = AXIS2_PLACEMENT_3D('',#3866,#3867,#3868);
#3866 = CARTESIAN_POINT('',(228.3,93.152793119879,79.769855526592));
#3867 = DIRECTION('',(1.,0.,0.));
#3868 = DIRECTION('',(-0.,0.,1.));
#3869 = ( GEOMETRIC_REPRESENTATION_CONTEXT(3) 
GLOBAL_UNCERTAINTY_ASSIGNED_CONTEXT((#3873)) 
GLOBAL_UNIT_ASSIGNED_CONTEXT((#3870,#3871,#3872)) REPRESENTATION_CONTEXT
('Context #1','3D Context with UNIT and UNCERTAINTY') );
#3870 = ( LENGTH_UNIT() NAMED_UNIT(*) SI_UNIT(.MILLI.,.METRE.) );
#3871 = ( NAMED_UNIT(*) PLANE_ANGLE_UNIT() SI_UNIT($,.RADIAN.) );
#3872 = ( NAMED_UNIT(*) SI_UNIT($,.STERADIAN.) SOLID_ANGLE_UNIT() );
#3873 = UNCERTAINTY_MEASURE_WITH_UNIT(LENGTH_MEASURE(1.E-07),#3870,
  'distance_accuracy_value','confusion accuracy');
#3874 = CONTEXT_DEPENDENT_SHAPE_REPRESENTATION(#3875,#3877);
#3875 = ( REPRESENTATION_RELATIONSHIP('','',#3718,#10) 
REPRESENTATION_RELATIONSHIP_WITH_TRANSFORMATION(#3876) 
SHAPE_REPRESENTATION_RELATIONSHIP() );
#3876 = ITEM_DEFINED_TRANSFORMATION('','',#11,#95);
#3877 = PRODUCT_DEFINITION_SHAPE('Placement','Placement of an item',
  #3878);
#3878 = NEXT_ASSEMBLY_USAGE_OCCURRENCE('145','左右声腔分隔板','',
  #5,#3713,$);
#3879 = PRODUCT_RELATED_PRODUCT_CATEGORY('part',$,(#3715));
#3880 = SHAPE_DEFINITION_REPRESENTATION(#3881,#3887);
#3881 = PRODUCT_DEFINITION_SHAPE('','',#3882);
#3882 = PRODUCT_DEFINITION('design','',#3883,#3886);
#3883 = PRODUCT_DEFINITION_FORMATION('','',#3884);
#3884 = PRODUCT('左全频单元 · 概念包络',
  '左全频单元 · 概念包络','',(#3885));
#3885 = PRODUCT_CONTEXT('',#2,'mechanical');
#3886 = PRODUCT_DEFINITION_CONTEXT('part definition',#2,'design');
#3887 = SHAPE_REPRESENTATION('',(#11,#3888,#3980,#4078,#4170),#4223);
#3888 = MANIFOLD_SOLID_BREP('',#3889);
#3889 = CLOSED_SHELL('',(#3890,#3923,#3943,#3963));
#3890 = ADVANCED_FACE('',(#3891),#3918,.T.);
#3891 = FACE_BOUND('',#3892,.T.);
#3892 = EDGE_LOOP('',(#3893,#3902,#3910,#3917));
#3893 = ORIENTED_EDGE('',*,*,#3894,.F.);
#3894 = EDGE_CURVE('',#3895,#3895,#3897,.T.);
#3895 = VERTEX_POINT('',#3896);
#3896 = CARTESIAN_POINT('',(105.,40.834849846712,114.43380852144));
#3897 = CIRCLE('',#3898,32.);
#3898 = AXIS2_PLACEMENT_3D('',#3899,#3900,#3901);
#3899 = CARTESIAN_POINT('',(105.,30.946306026714,84.));
#3900 = DIRECTION('',(0.,0.951056516295,-0.309016994375));
#3901 = DIRECTION('',(0.,0.309016994375,0.951056516295));
#3902 = ORIENTED_EDGE('',*,*,#3903,.F.);
#3903 = EDGE_CURVE('',#3904,#3895,#3906,.T.);
#3904 = VERTEX_POINT('',#3905);
#3905 = CARTESIAN_POINT('',(105.,37.981680297827,115.36085950457));
#3906 = LINE('',#3907,#3908);
#3907 = CARTESIAN_POINT('',(105.,37.981680297827,115.36085950457));
#3908 = VECTOR('',#3909,1.);
#3909 = DIRECTION('',(1.104740758167E-32,0.951056516295,-0.309016994375)
  );
#3910 = ORIENTED_EDGE('',*,*,#3911,.T.);
#3911 = EDGE_CURVE('',#3904,#3904,#3912,.T.);
#3912 = CIRCLE('',#3913,32.);
#3913 = AXIS2_PLACEMENT_3D('',#3914,#3915,#3916);
#3914 = CARTESIAN_POINT('',(105.,28.093136477828,84.927050983125));
#3915 = DIRECTION('',(0.,0.951056516295,-0.309016994375));
#3916 = DIRECTION('',(0.,0.309016994375,0.951056516295));
#3917 = ORIENTED_EDGE('',*,*,#3903,.T.);
#3918 = CYLINDRICAL_SURFACE('',#3919,32.);
#3919 = AXIS2_PLACEMENT_3D('',#3920,#3921,#3922);
#3920 = CARTESIAN_POINT('',(105.,28.093136477828,84.927050983125));
#3921 = DIRECTION('',(0.,0.951056516295,-0.309016994375));
#3922 = DIRECTION('',(0.,0.309016994375,0.951056516295));
#3923 = ADVANCED_FACE('',(#3924,#3927),#3938,.T.);
#3924 = FACE_BOUND('',#3925,.T.);
#3925 = EDGE_LOOP('',(#3926));
#3926 = ORIENTED_EDGE('',*,*,#3894,.T.);
#3927 = FACE_BOUND('',#3928,.T.);
#3928 = EDGE_LOOP('',(#3929));
#3929 = ORIENTED_EDGE('',*,*,#3930,.F.);
#3930 = EDGE_CURVE('',#3931,#3931,#3933,.T.);
#3931 = VERTEX_POINT('',#3932);
#3932 = CARTESIAN_POINT('',(105.,38.486320689462,107.2057789976));
#3933 = CIRCLE('',#3934,24.4);
#3934 = AXIS2_PLACEMENT_3D('',#3935,#3936,#3937);
#3935 = CARTESIAN_POINT('',(105.,30.946306026714,84.));
#3936 = DIRECTION('',(0.,0.951056516295,-0.309016994375));
#3937 = DIRECTION('',(0.,0.309016994375,0.951056516295));
#3938 = PLANE('',#3939);
#3939 = AXIS2_PLACEMENT_3D('',#3940,#3941,#3942);
#3940 = CARTESIAN_POINT('',(105.,30.946306026714,84.));
#3941 = DIRECTION('',(0.,0.951056516295,-0.309016994375));
#3942 = DIRECTION('',(0.,0.309016994375,0.951056516295));
#3943 = ADVANCED_FACE('',(#3944,#3947),#3958,.F.);
#3944 = FACE_BOUND('',#3945,.F.);
#3945 = EDGE_LOOP('',(#3946));
#3946 = ORIENTED_EDGE('',*,*,#3911,.T.);
#3947 = FACE_BOUND('',#3948,.F.);
#3948 = EDGE_LOOP('',(#3949));
#3949 = ORIENTED_EDGE('',*,*,#3950,.F.);
#3950 = EDGE_CURVE('',#3951,#3951,#3953,.T.);
#3951 = VERTEX_POINT('',#3952);
#3952 = CARTESIAN_POINT('',(105.,35.633151140577,108.13282998072));
#3953 = CIRCLE('',#3954,24.4);
#3954 = AXIS2_PLACEMENT_3D('',#3955,#3956,#3957);
#3955 = CARTESIAN_POINT('',(105.,28.093136477828,84.927050983125));
#3956 = DIRECTION('',(0.,0.951056516295,-0.309016994375));
#3957 = DIRECTION('',(0.,0.309016994375,0.951056516295));
#3958 = PLANE('',#3959);
#3959 = AXIS2_PLACEMENT_3D('',#3960,#3961,#3962);
#3960 = CARTESIAN_POINT('',(105.,28.093136477828,84.927050983125));
#3961 = DIRECTION('',(0.,0.951056516295,-0.309016994375));
#3962 = DIRECTION('',(0.,0.309016994375,0.951056516295));
#3963 = ADVANCED_FACE('',(#3964),#3975,.F.);
#3964 = FACE_BOUND('',#3965,.F.);
#3965 = EDGE_LOOP('',(#3966,#3967,#3973,#3974));
#3966 = ORIENTED_EDGE('',*,*,#3930,.F.);
#3967 = ORIENTED_EDGE('',*,*,#3968,.F.);
#3968 = EDGE_CURVE('',#3951,#3931,#3969,.T.);
#3969 = LINE('',#3970,#3971);
#3970 = CARTESIAN_POINT('',(105.,35.157622882429,108.28733847791));
#3971 = VECTOR('',#3972,1.);
#3972 = DIRECTION('',(1.104740758167E-32,0.951056516295,-0.309016994375)
  );
#3973 = ORIENTED_EDGE('',*,*,#3950,.T.);
#3974 = ORIENTED_EDGE('',*,*,#3968,.T.);
#3975 = CYLINDRICAL_SURFACE('',#3976,24.4);
#3976 = AXIS2_PLACEMENT_3D('',#3977,#3978,#3979);
#3977 = CARTESIAN_POINT('',(105.,27.617608219681,85.081559480312));
#3978 = DIRECTION('',(0.,0.951056516295,-0.309016994375));
#3979 = DIRECTION('',(0.,0.309016994375,0.951056516295));
#3980 = MANIFOLD_SOLID_BREP('',#3981);
#3981 = CLOSED_SHELL('',(#3982,#4015,#4024,#4044,#4069));
#3982 = ADVANCED_FACE('',(#3983),#4010,.T.);
#3983 = FACE_BOUND('',#3984,.T.);
#3984 = EDGE_LOOP('',(#3985,#3994,#4002,#4009));
#3985 = ORIENTED_EDGE('',*,*,#3986,.F.);
#3986 = EDGE_CURVE('',#3987,#3987,#3989,.T.);
#3987 = VERTEX_POINT('',#3988);
#3988 = CARTESIAN_POINT('',(105.,48.30232371489,88.875310247327));
#3989 = CIRCLE('',#3990,10.);
#3990 = AXIS2_PLACEMENT_3D('',#3991,#3992,#3993);
#3991 = CARTESIAN_POINT('',(105.,45.212153771141,79.364745084376));
#3992 = DIRECTION('',(0.,0.951056516295,-0.309016994375));
#3993 = DIRECTION('',(0.,0.309016994375,0.951056516295));
#3994 = ORIENTED_EDGE('',*,*,#3995,.F.);
#3995 = EDGE_CURVE('',#3996,#3987,#3998,.T.);
#3996 = VERTEX_POINT('',#3997);
#3997 = CARTESIAN_POINT('',(105.,38.486320689462,107.2057789976));
#3998 = LINE('',#3999,#4000);
#3999 = CARTESIAN_POINT('',(105.,38.486320689462,107.2057789976));
#4000 = VECTOR('',#4001,1.);
#4001 = DIRECTION('',(1.6962137734E-16,0.472076008383,-0.881557849667));
#4002 = ORIENTED_EDGE('',*,*,#4003,.T.);
#4003 = EDGE_CURVE('',#3996,#3996,#4004,.T.);
#4004 = CIRCLE('',#4005,24.4);
#4005 = AXIS2_PLACEMENT_3D('',#4006,#4007,#4008);
#4006 = CARTESIAN_POINT('',(105.,30.946306026714,84.));
#4007 = DIRECTION('',(0.,0.951056516295,-0.309016994375));
#4008 = DIRECTION('',(0.,0.309016994375,0.951056516295));
#4009 = ORIENTED_EDGE('',*,*,#3995,.T.);
#4010 = CONICAL_SURFACE('',#4011,24.4,0.764992832711);
#4011 = AXIS2_PLACEMENT_3D('',#4012,#4013,#4014);
#4012 = CARTESIAN_POINT('',(105.,30.946306026714,84.));
#4013 = DIRECTION('',(-0.,-0.951056516295,0.309016994375));
#4014 = DIRECTION('',(0.,0.309016994375,0.951056516295));
#4015 = ADVANCED_FACE('',(#4016),#4019,.T.);
#4016 = FACE_BOUND('',#4017,.T.);
#4017 = EDGE_LOOP('',(#4018));
#4018 = ORIENTED_EDGE('',*,*,#3986,.T.);
#4019 = PLANE('',#4020);
#4020 = AXIS2_PLACEMENT_3D('',#4021,#4022,#4023);
#4021 = CARTESIAN_POINT('',(105.,45.212153771141,79.364745084376));
#4022 = DIRECTION('',(0.,0.951056516295,-0.309016994375));
#4023 = DIRECTION('',(0.,0.309016994375,0.951056516295));
#4024 = ADVANCED_FACE('',(#4025,#4028),#4039,.F.);
#4025 = FACE_BOUND('',#4026,.F.);
#4026 = EDGE_LOOP('',(#4027));
#4027 = ORIENTED_EDGE('',*,*,#4003,.T.);
#4028 = FACE_BOUND('',#4029,.F.);
#4029 = EDGE_LOOP('',(#4030));
#4030 = ORIENTED_EDGE('',*,*,#4031,.F.);
#4031 = EDGE_CURVE('',#4032,#4032,#4034,.T.);
#4032 = VERTEX_POINT('',#4033);
#4033 = CARTESIAN_POINT('',(105.,37.969644274867,105.61561250235));
#4034 = CIRCLE('',#4035,22.728);
#4035 = AXIS2_PLACEMENT_3D('',#4036,#4037,#4038);
#4036 = CARTESIAN_POINT('',(105.,30.946306026714,84.));
#4037 = DIRECTION('',(0.,0.951056516295,-0.309016994375));
#4038 = DIRECTION('',(0.,0.309016994375,0.951056516295));
#4039 = PLANE('',#4040);
#4040 = AXIS2_PLACEMENT_3D('',#4041,#4042,#4043);
#4041 = CARTESIAN_POINT('',(105.,30.946306026714,84.));
#4042 = DIRECTION('',(0.,0.951056516295,-0.309016994375));
#4043 = DIRECTION('',(0.,0.309016994375,0.951056516295));
#4044 = ADVANCED_FACE('',(#4045),#4064,.F.);
#4045 = FACE_BOUND('',#4046,.F.);
#4046 = EDGE_LOOP('',(#4047,#4055,#4062,#4063));
#4047 = ORIENTED_EDGE('',*,*,#4048,.T.);
#4048 = EDGE_CURVE('',#4032,#4049,#4051,.T.);
#4049 = VERTEX_POINT('',#4050);
#4050 = CARTESIAN_POINT('',(105.,47.327567159109,88.140565627095));
#4051 = LINE('',#4052,#4053);
#4052 = CARTESIAN_POINT('',(105.,37.511564133681,106.47103437736));
#4053 = VECTOR('',#4054,1.);
#4054 = DIRECTION('',(1.6962137734E-16,0.472076008383,-0.881557849667));
#4055 = ORIENTED_EDGE('',*,*,#4056,.F.);
#4056 = EDGE_CURVE('',#4049,#4049,#4057,.T.);
#4057 = CIRCLE('',#4058,9.);
#4058 = AXIS2_PLACEMENT_3D('',#4059,#4060,#4061);
#4059 = CARTESIAN_POINT('',(105.,44.546414209734,79.581056980438));
#4060 = DIRECTION('',(0.,0.951056516295,-0.309016994375));
#4061 = DIRECTION('',(0.,0.309016994375,0.951056516295));
#4062 = ORIENTED_EDGE('',*,*,#4048,.F.);
#4063 = ORIENTED_EDGE('',*,*,#4031,.T.);
#4064 = CONICAL_SURFACE('',#4065,23.4,0.764992832711);
#4065 = AXIS2_PLACEMENT_3D('',#4066,#4067,#4068);
#4066 = CARTESIAN_POINT('',(105.,30.280566465307,84.216311896062));
#4067 = DIRECTION('',(-0.,-0.951056516295,0.309016994375));
#4068 = DIRECTION('',(0.,0.309016994375,0.951056516295));
#4069 = ADVANCED_FACE('',(#4070),#4073,.F.);
#4070 = FACE_BOUND('',#4071,.F.);
#4071 = EDGE_LOOP('',(#4072));
#4072 = ORIENTED_EDGE('',*,*,#4056,.T.);
#4073 = PLANE('',#4074);
#4074 = AXIS2_PLACEMENT_3D('',#4075,#4076,#4077);
#4075 = CARTESIAN_POINT('',(105.,44.546414209734,79.581056980438));
#4076 = DIRECTION('',(0.,0.951056516295,-0.309016994375));
#4077 = DIRECTION('',(0.,0.309016994375,0.951056516295));
#4078 = MANIFOLD_SOLID_BREP('',#4079);
#4079 = CLOSED_SHELL('',(#4080,#4113,#4133,#4153));
#4080 = ADVANCED_FACE('',(#4081),#4108,.T.);
#4081 = FACE_BOUND('',#4082,.T.);
#4082 = EDGE_LOOP('',(#4083,#4092,#4100,#4107));
#4083 = ORIENTED_EDGE('',*,*,#4084,.F.);
#4084 = EDGE_CURVE('',#4085,#4085,#4087,.T.);
#4085 = VERTEX_POINT('',#4086);
#4086 = CARTESIAN_POINT('',(105.,62.520160392977,90.564428418224));
#4087 = CIRCLE('',#4088,16.);
#4088 = AXIS2_PLACEMENT_3D('',#4089,#4090,#4091);
#4089 = CARTESIAN_POINT('',(105.,57.575888482978,75.347524157501));
#4090 = DIRECTION('',(0.,0.951056516295,-0.309016994375));
#4091 = DIRECTION('',(0.,0.309016994375,0.951056516295));
#4092 = ORIENTED_EDGE('',*,*,#4093,.F.);
#4093 = EDGE_CURVE('',#4094,#4085,#4096,.T.);
#4094 = VERTEX_POINT('',#4095);
#4095 = CARTESIAN_POINT('',(105.,38.795337683837,108.15683551389));
#4096 = LINE('',#4097,#4098);
#4097 = CARTESIAN_POINT('',(105.,38.795337683837,108.15683551389));
#4098 = VECTOR('',#4099,1.);
#4099 = DIRECTION('',(7.795084530541E-17,0.803258081808,-0.595631139221)
  );
#4100 = ORIENTED_EDGE('',*,*,#4101,.T.);
#4101 = EDGE_CURVE('',#4094,#4094,#4102,.T.);
#4102 = CIRCLE('',#4103,25.4);
#4103 = AXIS2_PLACEMENT_3D('',#4104,#4105,#4106);
#4104 = CARTESIAN_POINT('',(105.,30.946306026714,84.));
#4105 = DIRECTION('',(0.,0.951056516295,-0.309016994375));
#4106 = DIRECTION('',(0.,0.309016994375,0.951056516295));
#4107 = ORIENTED_EDGE('',*,*,#4093,.T.);
#4108 = CONICAL_SURFACE('',#4109,25.4,0.323891878747);
#4109 = AXIS2_PLACEMENT_3D('',#4110,#4111,#4112);
#4110 = CARTESIAN_POINT('',(105.,30.946306026714,84.));
#4111 = DIRECTION('',(-0.,-0.951056516295,0.309016994375));
#4112 = DIRECTION('',(0.,0.309016994375,0.951056516295));
#4113 = ADVANCED_FACE('',(#4114,#4117),#4128,.T.);
#4114 = FACE_BOUND('',#4115,.T.);
#4115 = EDGE_LOOP('',(#4116));
#4116 = ORIENTED_EDGE('',*,*,#4084,.T.);
#4117 = FACE_BOUND('',#4118,.T.);
#4118 = EDGE_LOOP('',(#4119));
#4119 = ORIENTED_EDGE('',*,*,#4120,.F.);
#4120 = EDGE_CURVE('',#4121,#4121,#4123,.T.);
#4121 = VERTEX_POINT('',#4122);
#4122 = CARTESIAN_POINT('',(105.,62.211143398602,89.613371901929));
#4123 = CIRCLE('',#4124,15.);
#4124 = AXIS2_PLACEMENT_3D('',#4125,#4126,#4127);
#4125 = CARTESIAN_POINT('',(105.,57.575888482978,75.347524157501));
#4126 = DIRECTION('',(0.,0.951056516295,-0.309016994375));
#4127 = DIRECTION('',(0.,0.309016994375,0.951056516295));
#4128 = PLANE('',#4129);
#4129 = AXIS2_PLACEMENT_3D('',#4130,#4131,#4132);
#4130 = CARTESIAN_POINT('',(105.,57.575888482978,75.347524157501));
#4131 = DIRECTION('',(0.,0.951056516295,-0.309016994375));
#4132 = DIRECTION('',(0.,0.309016994375,0.951056516295));
#4133 = ADVANCED_FACE('',(#4134,#4137),#4148,.F.);
#4134 = FACE_BOUND('',#4135,.F.);
#4135 = EDGE_LOOP('',(#4136));
#4136 = ORIENTED_EDGE('',*,*,#4101,.T.);
#4137 = FACE_BOUND('',#4138,.F.);
#4138 = EDGE_LOOP('',(#4139));
#4139 = ORIENTED_EDGE('',*,*,#4140,.F.);
#4140 = EDGE_CURVE('',#4141,#4141,#4143,.T.);
#4141 = VERTEX_POINT('',#4142);
#4142 = CARTESIAN_POINT('',(105.,38.486320689462,107.2057789976));
#4143 = CIRCLE('',#4144,24.4);
#4144 = AXIS2_PLACEMENT_3D('',#4145,#4146,#4147);
#4145 = CARTESIAN_POINT('',(105.,30.946306026714,84.));
#4146 = DIRECTION('',(0.,0.951056516295,-0.309016994375));
#4147 = DIRECTION('',(0.,0.309016994375,0.951056516295));
#4148 = PLANE('',#4149);
#4149 = AXIS2_PLACEMENT_3D('',#4150,#4151,#4152);
#4150 = CARTESIAN_POINT('',(105.,30.946306026714,84.));
#4151 = DIRECTION('',(0.,0.951056516295,-0.309016994375));
#4152 = DIRECTION('',(0.,0.309016994375,0.951056516295));
#4153 = ADVANCED_FACE('',(#4154),#4165,.F.);
#4154 = FACE_BOUND('',#4155,.F.);
#4155 = EDGE_LOOP('',(#4156,#4157,#4163,#4164));
#4156 = ORIENTED_EDGE('',*,*,#4120,.F.);
#4157 = ORIENTED_EDGE('',*,*,#4158,.F.);
#4158 = EDGE_CURVE('',#4141,#4121,#4159,.T.);
#4159 = LINE('',#4160,#4161);
#4160 = CARTESIAN_POINT('',(105.,38.486320689462,107.2057789976));
#4161 = VECTOR('',#4162,1.);
#4162 = DIRECTION('',(7.795084530541E-17,0.803258081808,-0.595631139221)
  );
#4163 = ORIENTED_EDGE('',*,*,#4140,.T.);
#4164 = ORIENTED_EDGE('',*,*,#4158,.T.);
#4165 = CONICAL_SURFACE('',#4166,24.4,0.323891878747);
#4166 = AXIS2_PLACEMENT_3D('',#4167,#4168,#4169);
#4167 = CARTESIAN_POINT('',(105.,30.946306026714,84.));
#4168 = DIRECTION('',(-0.,-0.951056516295,0.309016994375));
#4169 = DIRECTION('',(0.,0.309016994375,0.951056516295));
#4170 = MANIFOLD_SOLID_BREP('',#4171);
#4171 = CLOSED_SHELL('',(#4172,#4205,#4214));
#4172 = ADVANCED_FACE('',(#4173),#4200,.T.);
#4173 = FACE_BOUND('',#4174,.T.);
#4174 = EDGE_LOOP('',(#4175,#4184,#4192,#4199));
#4175 = ORIENTED_EDGE('',*,*,#4176,.F.);
#4176 = EDGE_CURVE('',#4177,#4177,#4179,.T.);
#4177 = VERTEX_POINT('',#4178);
#4178 = CARTESIAN_POINT('',(105.,75.834951621109,86.238190496975));
#4179 = CIRCLE('',#4180,16.);
#4180 = AXIS2_PLACEMENT_3D('',#4181,#4182,#4183);
#4181 = CARTESIAN_POINT('',(105.,70.89067971111,71.021286236252));
#4182 = DIRECTION('',(0.,0.951056516295,-0.309016994375));
#4183 = DIRECTION('',(0.,0.309016994375,0.951056516295));
#4184 = ORIENTED_EDGE('',*,*,#4185,.F.);
#4185 = EDGE_CURVE('',#4186,#4177,#4188,.T.);
#4186 = VERTEX_POINT('',#4187);
#4187 = CARTESIAN_POINT('',(105.,62.520160392977,90.564428418224));
#4188 = LINE('',#4189,#4190);
#4189 = CARTESIAN_POINT('',(105.,62.520160392977,90.564428418224));
#4190 = VECTOR('',#4191,1.);
#4191 = DIRECTION('',(1.104740758167E-32,0.951056516295,-0.309016994375)
  );
#4192 = ORIENTED_EDGE('',*,*,#4193,.T.);
#4193 = EDGE_CURVE('',#4186,#4186,#4194,.T.);
#4194 = CIRCLE('',#4195,16.);
#4195 = AXIS2_PLACEMENT_3D('',#4196,#4197,#4198);
#4196 = CARTESIAN_POINT('',(105.,57.575888482978,75.347524157501));
#4197 = DIRECTION('',(0.,0.951056516295,-0.309016994375));
#4198 = DIRECTION('',(0.,0.309016994375,0.951056516295));
#4199 = ORIENTED_EDGE('',*,*,#4185,.T.);
#4200 = CYLINDRICAL_SURFACE('',#4201,16.);
#4201 = AXIS2_PLACEMENT_3D('',#4202,#4203,#4204);
#4202 = CARTESIAN_POINT('',(105.,57.575888482978,75.347524157501));
#4203 = DIRECTION('',(0.,0.951056516295,-0.309016994375));
#4204 = DIRECTION('',(0.,0.309016994375,0.951056516295));
#4205 = ADVANCED_FACE('',(#4206),#4209,.T.);
#4206 = FACE_BOUND('',#4207,.T.);
#4207 = EDGE_LOOP('',(#4208));
#4208 = ORIENTED_EDGE('',*,*,#4176,.T.);
#4209 = PLANE('',#4210);
#4210 = AXIS2_PLACEMENT_3D('',#4211,#4212,#4213);
#4211 = CARTESIAN_POINT('',(105.,70.89067971111,71.021286236252));
#4212 = DIRECTION('',(0.,0.951056516295,-0.309016994375));
#4213 = DIRECTION('',(0.,0.309016994375,0.951056516295));
#4214 = ADVANCED_FACE('',(#4215),#4218,.F.);
#4215 = FACE_BOUND('',#4216,.T.);
#4216 = EDGE_LOOP('',(#4217));
#4217 = ORIENTED_EDGE('',*,*,#4193,.F.);
#4218 = PLANE('',#4219);
#4219 = AXIS2_PLACEMENT_3D('',#4220,#4221,#4222);
#4220 = CARTESIAN_POINT('',(105.,57.575888482978,75.347524157501));
#4221 = DIRECTION('',(0.,0.951056516295,-0.309016994375));
#4222 = DIRECTION('',(0.,0.309016994375,0.951056516295));
#4223 = ( GEOMETRIC_REPRESENTATION_CONTEXT(3) 
GLOBAL_UNCERTAINTY_ASSIGNED_CONTEXT((#4227)) 
GLOBAL_UNIT_ASSIGNED_CONTEXT((#4224,#4225,#4226)) REPRESENTATION_CONTEXT
('Context #1','3D Context with UNIT and UNCERTAINTY') );
#4224 = ( LENGTH_UNIT() NAMED_UNIT(*) SI_UNIT(.MILLI.,.METRE.) );
#4225 = ( NAMED_UNIT(*) PLANE_ANGLE_UNIT() SI_UNIT($,.RADIAN.) );
#4226 = ( NAMED_UNIT(*) SI_UNIT($,.STERADIAN.) SOLID_ANGLE_UNIT() );
#4227 = UNCERTAINTY_MEASURE_WITH_UNIT(LENGTH_MEASURE(1.E-07),#4224,
  'distance_accuracy_value','confusion accuracy');
#4228 = CONTEXT_DEPENDENT_SHAPE_REPRESENTATION(#4229,#4231);
#4229 = ( REPRESENTATION_RELATIONSHIP('','',#3887,#10) 
REPRESENTATION_RELATIONSHIP_WITH_TRANSFORMATION(#4230) 
SHAPE_REPRESENTATION_RELATIONSHIP() );
#4230 = ITEM_DEFINED_TRANSFORMATION('','',#11,#99);
#4231 = PRODUCT_DEFINITION_SHAPE('Placement','Placement of an item',
  #4232);
#4232 = NEXT_ASSEMBLY_USAGE_OCCURRENCE('146',
  '左全频单元 · 概念包络','',#5,#3882,$);
#4233 = PRODUCT_RELATED_PRODUCT_CATEGORY('part',$,(#3884));
#4234 = SHAPE_DEFINITION_REPRESENTATION(#4235,#4241);
#4235 = PRODUCT_DEFINITION_SHAPE('','',#4236);
#4236 = PRODUCT_DEFINITION('design','',#4237,#4240);
#4237 = PRODUCT_DEFINITION_FORMATION('','',#4238);
#4238 = PRODUCT('右全频单元 · 概念包络',
  '右全频单元 · 概念包络','',(#4239));
#4239 = PRODUCT_CONTEXT('',#2,'mechanical');
#4240 = PRODUCT_DEFINITION_CONTEXT('part definition',#2,'design');
#4241 = SHAPE_REPRESENTATION('',(#11,#4242,#4334,#4432,#4524),#4577);
#4242 = MANIFOLD_SOLID_BREP('',#4243);
#4243 = CLOSED_SHELL('',(#4244,#4277,#4297,#4317));
#4244 = ADVANCED_FACE('',(#4245),#4272,.T.);
#4245 = FACE_BOUND('',#4246,.T.);
#4246 = EDGE_LOOP('',(#4247,#4256,#4264,#4271));
#4247 = ORIENTED_EDGE('',*,*,#4248,.F.);
#4248 = EDGE_CURVE('',#4249,#4249,#4251,.T.);
#4249 = VERTEX_POINT('',#4250);
#4250 = CARTESIAN_POINT('',(343.6,40.834849846712,114.43380852144));
#4251 = CIRCLE('',#4252,32.);
#4252 = AXIS2_PLACEMENT_3D('',#4253,#4254,#4255);
#4253 = CARTESIAN_POINT('',(343.6,30.946306026714,84.));
#4254 = DIRECTION('',(0.,0.951056516295,-0.309016994375));
#4255 = DIRECTION('',(0.,0.309016994375,0.951056516295));
#4256 = ORIENTED_EDGE('',*,*,#4257,.F.);
#4257 = EDGE_CURVE('',#4258,#4249,#4260,.T.);
#4258 = VERTEX_POINT('',#4259);
#4259 = CARTESIAN_POINT('',(343.6,37.981680297827,115.36085950457));
#4260 = LINE('',#4261,#4262);
#4261 = CARTESIAN_POINT('',(343.6,37.981680297827,115.36085950457));
#4262 = VECTOR('',#4263,1.);
#4263 = DIRECTION('',(1.104740758167E-32,0.951056516295,-0.309016994375)
  );
#4264 = ORIENTED_EDGE('',*,*,#4265,.T.);
#4265 = EDGE_CURVE('',#4258,#4258,#4266,.T.);
#4266 = CIRCLE('',#4267,32.);
#4267 = AXIS2_PLACEMENT_3D('',#4268,#4269,#4270);
#4268 = CARTESIAN_POINT('',(343.6,28.093136477828,84.927050983125));
#4269 = DIRECTION('',(0.,0.951056516295,-0.309016994375));
#4270 = DIRECTION('',(0.,0.309016994375,0.951056516295));
#4271 = ORIENTED_EDGE('',*,*,#4257,.T.);
#4272 = CYLINDRICAL_SURFACE('',#4273,32.);
#4273 = AXIS2_PLACEMENT_3D('',#4274,#4275,#4276);
#4274 = CARTESIAN_POINT('',(343.6,28.093136477828,84.927050983125));
#4275 = DIRECTION('',(0.,0.951056516295,-0.309016994375));
#4276 = DIRECTION('',(0.,0.309016994375,0.951056516295));
#4277 = ADVANCED_FACE('',(#4278,#4281),#4292,.T.);
#4278 = FACE_BOUND('',#4279,.T.);
#4279 = EDGE_LOOP('',(#4280));
#4280 = ORIENTED_EDGE('',*,*,#4248,.T.);
#4281 = FACE_BOUND('',#4282,.T.);
#4282 = EDGE_LOOP('',(#4283));
#4283 = ORIENTED_EDGE('',*,*,#4284,.F.);
#4284 = EDGE_CURVE('',#4285,#4285,#4287,.T.);
#4285 = VERTEX_POINT('',#4286);
#4286 = CARTESIAN_POINT('',(343.6,38.486320689462,107.2057789976));
#4287 = CIRCLE('',#4288,24.4);
#4288 = AXIS2_PLACEMENT_3D('',#4289,#4290,#4291);
#4289 = CARTESIAN_POINT('',(343.6,30.946306026714,84.));
#4290 = DIRECTION('',(0.,0.951056516295,-0.309016994375));
#4291 = DIRECTION('',(0.,0.309016994375,0.951056516295));
#4292 = PLANE('',#4293);
#4293 = AXIS2_PLACEMENT_3D('',#4294,#4295,#4296);
#4294 = CARTESIAN_POINT('',(343.6,30.946306026714,84.));
#4295 = DIRECTION('',(0.,0.951056516295,-0.309016994375));
#4296 = DIRECTION('',(0.,0.309016994375,0.951056516295));
#4297 = ADVANCED_FACE('',(#4298,#4301),#4312,.F.);
#4298 = FACE_BOUND('',#4299,.F.);
#4299 = EDGE_LOOP('',(#4300));
#4300 = ORIENTED_EDGE('',*,*,#4265,.T.);
#4301 = FACE_BOUND('',#4302,.F.);
#4302 = EDGE_LOOP('',(#4303));
#4303 = ORIENTED_EDGE('',*,*,#4304,.F.);
#4304 = EDGE_CURVE('',#4305,#4305,#4307,.T.);
#4305 = VERTEX_POINT('',#4306);
#4306 = CARTESIAN_POINT('',(343.6,35.633151140577,108.13282998072));
#4307 = CIRCLE('',#4308,24.4);
#4308 = AXIS2_PLACEMENT_3D('',#4309,#4310,#4311);
#4309 = CARTESIAN_POINT('',(343.6,28.093136477828,84.927050983125));
#4310 = DIRECTION('',(0.,0.951056516295,-0.309016994375));
#4311 = DIRECTION('',(0.,0.309016994375,0.951056516295));
#4312 = PLANE('',#4313);
#4313 = AXIS2_PLACEMENT_3D('',#4314,#4315,#4316);
#4314 = CARTESIAN_POINT('',(343.6,28.093136477828,84.927050983125));
#4315 = DIRECTION('',(0.,0.951056516295,-0.309016994375));
#4316 = DIRECTION('',(0.,0.309016994375,0.951056516295));
#4317 = ADVANCED_FACE('',(#4318),#4329,.F.);
#4318 = FACE_BOUND('',#4319,.F.);
#4319 = EDGE_LOOP('',(#4320,#4321,#4327,#4328));
#4320 = ORIENTED_EDGE('',*,*,#4284,.F.);
#4321 = ORIENTED_EDGE('',*,*,#4322,.F.);
#4322 = EDGE_CURVE('',#4305,#4285,#4323,.T.);
#4323 = LINE('',#4324,#4325);
#4324 = CARTESIAN_POINT('',(343.6,35.157622882429,108.28733847791));
#4325 = VECTOR('',#4326,1.);
#4326 = DIRECTION('',(1.104740758167E-32,0.951056516295,-0.309016994375)
  );
#4327 = ORIENTED_EDGE('',*,*,#4304,.T.);
#4328 = ORIENTED_EDGE('',*,*,#4322,.T.);
#4329 = CYLINDRICAL_SURFACE('',#4330,24.4);
#4330 = AXIS2_PLACEMENT_3D('',#4331,#4332,#4333);
#4331 = CARTESIAN_POINT('',(343.6,27.617608219681,85.081559480312));
#4332 = DIRECTION('',(0.,0.951056516295,-0.309016994375));
#4333 = DIRECTION('',(0.,0.309016994375,0.951056516295));
#4334 = MANIFOLD_SOLID_BREP('',#4335);
#4335 = CLOSED_SHELL('',(#4336,#4369,#4378,#4398,#4423));
#4336 = ADVANCED_FACE('',(#4337),#4364,.T.);
#4337 = FACE_BOUND('',#4338,.T.);
#4338 = EDGE_LOOP('',(#4339,#4348,#4356,#4363));
#4339 = ORIENTED_EDGE('',*,*,#4340,.F.);
#4340 = EDGE_CURVE('',#4341,#4341,#4343,.T.);
#4341 = VERTEX_POINT('',#4342);
#4342 = CARTESIAN_POINT('',(343.6,48.30232371489,88.875310247327));
#4343 = CIRCLE('',#4344,10.);
#4344 = AXIS2_PLACEMENT_3D('',#4345,#4346,#4347);
#4345 = CARTESIAN_POINT('',(343.6,45.212153771141,79.364745084376));
#4346 = DIRECTION('',(0.,0.951056516295,-0.309016994375));
#4347 = DIRECTION('',(0.,0.309016994375,0.951056516295));
#4348 = ORIENTED_EDGE('',*,*,#4349,.F.);
#4349 = EDGE_CURVE('',#4350,#4341,#4352,.T.);
#4350 = VERTEX_POINT('',#4351);
#4351 = CARTESIAN_POINT('',(343.6,38.486320689462,107.2057789976));
#4352 = LINE('',#4353,#4354);
#4353 = CARTESIAN_POINT('',(343.6,38.486320689462,107.2057789976));
#4354 = VECTOR('',#4355,1.);
#4355 = DIRECTION('',(1.6962137734E-16,0.472076008383,-0.881557849667));
#4356 = ORIENTED_EDGE('',*,*,#4357,.T.);
#4357 = EDGE_CURVE('',#4350,#4350,#4358,.T.);
#4358 = CIRCLE('',#4359,24.4);
#4359 = AXIS2_PLACEMENT_3D('',#4360,#4361,#4362);
#4360 = CARTESIAN_POINT('',(343.6,30.946306026714,84.));
#4361 = DIRECTION('',(0.,0.951056516295,-0.309016994375));
#4362 = DIRECTION('',(0.,0.309016994375,0.951056516295));
#4363 = ORIENTED_EDGE('',*,*,#4349,.T.);
#4364 = CONICAL_SURFACE('',#4365,24.4,0.764992832711);
#4365 = AXIS2_PLACEMENT_3D('',#4366,#4367,#4368);
#4366 = CARTESIAN_POINT('',(343.6,30.946306026714,84.));
#4367 = DIRECTION('',(-0.,-0.951056516295,0.309016994375));
#4368 = DIRECTION('',(0.,0.309016994375,0.951056516295));
#4369 = ADVANCED_FACE('',(#4370),#4373,.T.);
#4370 = FACE_BOUND('',#4371,.T.);
#4371 = EDGE_LOOP('',(#4372));
#4372 = ORIENTED_EDGE('',*,*,#4340,.T.);
#4373 = PLANE('',#4374);
#4374 = AXIS2_PLACEMENT_3D('',#4375,#4376,#4377);
#4375 = CARTESIAN_POINT('',(343.6,45.212153771141,79.364745084376));
#4376 = DIRECTION('',(0.,0.951056516295,-0.309016994375));
#4377 = DIRECTION('',(0.,0.309016994375,0.951056516295));
#4378 = ADVANCED_FACE('',(#4379,#4382),#4393,.F.);
#4379 = FACE_BOUND('',#4380,.F.);
#4380 = EDGE_LOOP('',(#4381));
#4381 = ORIENTED_EDGE('',*,*,#4357,.T.);
#4382 = FACE_BOUND('',#4383,.F.);
#4383 = EDGE_LOOP('',(#4384));
#4384 = ORIENTED_EDGE('',*,*,#4385,.F.);
#4385 = EDGE_CURVE('',#4386,#4386,#4388,.T.);
#4386 = VERTEX_POINT('',#4387);
#4387 = CARTESIAN_POINT('',(343.6,37.969644274867,105.61561250235));
#4388 = CIRCLE('',#4389,22.728);
#4389 = AXIS2_PLACEMENT_3D('',#4390,#4391,#4392);
#4390 = CARTESIAN_POINT('',(343.6,30.946306026714,84.));
#4391 = DIRECTION('',(0.,0.951056516295,-0.309016994375));
#4392 = DIRECTION('',(0.,0.309016994375,0.951056516295));
#4393 = PLANE('',#4394);
#4394 = AXIS2_PLACEMENT_3D('',#4395,#4396,#4397);
#4395 = CARTESIAN_POINT('',(343.6,30.946306026714,84.));
#4396 = DIRECTION('',(0.,0.951056516295,-0.309016994375));
#4397 = DIRECTION('',(0.,0.309016994375,0.951056516295));
#4398 = ADVANCED_FACE('',(#4399),#4418,.F.);
#4399 = FACE_BOUND('',#4400,.F.);
#4400 = EDGE_LOOP('',(#4401,#4409,#4416,#4417));
#4401 = ORIENTED_EDGE('',*,*,#4402,.T.);
#4402 = EDGE_CURVE('',#4386,#4403,#4405,.T.);
#4403 = VERTEX_POINT('',#4404);
#4404 = CARTESIAN_POINT('',(343.6,47.327567159109,88.140565627095));
#4405 = LINE('',#4406,#4407);
#4406 = CARTESIAN_POINT('',(343.6,37.511564133681,106.47103437736));
#4407 = VECTOR('',#4408,1.);
#4408 = DIRECTION('',(1.6962137734E-16,0.472076008383,-0.881557849667));
#4409 = ORIENTED_EDGE('',*,*,#4410,.F.);
#4410 = EDGE_CURVE('',#4403,#4403,#4411,.T.);
#4411 = CIRCLE('',#4412,9.);
#4412 = AXIS2_PLACEMENT_3D('',#4413,#4414,#4415);
#4413 = CARTESIAN_POINT('',(343.6,44.546414209734,79.581056980438));
#4414 = DIRECTION('',(0.,0.951056516295,-0.309016994375));
#4415 = DIRECTION('',(0.,0.309016994375,0.951056516295));
#4416 = ORIENTED_EDGE('',*,*,#4402,.F.);
#4417 = ORIENTED_EDGE('',*,*,#4385,.T.);
#4418 = CONICAL_SURFACE('',#4419,23.4,0.764992832711);
#4419 = AXIS2_PLACEMENT_3D('',#4420,#4421,#4422);
#4420 = CARTESIAN_POINT('',(343.6,30.280566465307,84.216311896062));
#4421 = DIRECTION('',(-0.,-0.951056516295,0.309016994375));
#4422 = DIRECTION('',(0.,0.309016994375,0.951056516295));
#4423 = ADVANCED_FACE('',(#4424),#4427,.F.);
#4424 = FACE_BOUND('',#4425,.F.);
#4425 = EDGE_LOOP('',(#4426));
#4426 = ORIENTED_EDGE('',*,*,#4410,.T.);
#4427 = PLANE('',#4428);
#4428 = AXIS2_PLACEMENT_3D('',#4429,#4430,#4431);
#4429 = CARTESIAN_POINT('',(343.6,44.546414209734,79.581056980438));
#4430 = DIRECTION('',(0.,0.951056516295,-0.309016994375));
#4431 = DIRECTION('',(0.,0.309016994375,0.951056516295));
#4432 = MANIFOLD_SOLID_BREP('',#4433);
#4433 = CLOSED_SHELL('',(#4434,#4467,#4487,#4507));
#4434 = ADVANCED_FACE('',(#4435),#4462,.T.);
#4435 = FACE_BOUND('',#4436,.T.);
#4436 = EDGE_LOOP('',(#4437,#4446,#4454,#4461));
#4437 = ORIENTED_EDGE('',*,*,#4438,.F.);
#4438 = EDGE_CURVE('',#4439,#4439,#4441,.T.);
#4439 = VERTEX_POINT('',#4440);
#4440 = CARTESIAN_POINT('',(343.6,62.520160392977,90.564428418224));
#4441 = CIRCLE('',#4442,16.);
#4442 = AXIS2_PLACEMENT_3D('',#4443,#4444,#4445);
#4443 = CARTESIAN_POINT('',(343.6,57.575888482978,75.347524157501));
#4444 = DIRECTION('',(0.,0.951056516295,-0.309016994375));
#4445 = DIRECTION('',(0.,0.309016994375,0.951056516295));
#4446 = ORIENTED_EDGE('',*,*,#4447,.F.);
#4447 = EDGE_CURVE('',#4448,#4439,#4450,.T.);
#4448 = VERTEX_POINT('',#4449);
#4449 = CARTESIAN_POINT('',(343.6,38.795337683837,108.15683551389));
#4450 = LINE('',#4451,#4452);
#4451 = CARTESIAN_POINT('',(343.6,38.795337683837,108.15683551389));
#4452 = VECTOR('',#4453,1.);
#4453 = DIRECTION('',(7.795084530541E-17,0.803258081808,-0.595631139221)
  );
#4454 = ORIENTED_EDGE('',*,*,#4455,.T.);
#4455 = EDGE_CURVE('',#4448,#4448,#4456,.T.);
#4456 = CIRCLE('',#4457,25.4);
#4457 = AXIS2_PLACEMENT_3D('',#4458,#4459,#4460);
#4458 = CARTESIAN_POINT('',(343.6,30.946306026714,84.));
#4459 = DIRECTION('',(0.,0.951056516295,-0.309016994375));
#4460 = DIRECTION('',(0.,0.309016994375,0.951056516295));
#4461 = ORIENTED_EDGE('',*,*,#4447,.T.);
#4462 = CONICAL_SURFACE('',#4463,25.4,0.323891878747);
#4463 = AXIS2_PLACEMENT_3D('',#4464,#4465,#4466);
#4464 = CARTESIAN_POINT('',(343.6,30.946306026714,84.));
#4465 = DIRECTION('',(-0.,-0.951056516295,0.309016994375));
#4466 = DIRECTION('',(0.,0.309016994375,0.951056516295));
#4467 = ADVANCED_FACE('',(#4468,#4471),#4482,.T.);
#4468 = FACE_BOUND('',#4469,.T.);
#4469 = EDGE_LOOP('',(#4470));
#4470 = ORIENTED_EDGE('',*,*,#4438,.T.);
#4471 = FACE_BOUND('',#4472,.T.);
#4472 = EDGE_LOOP('',(#4473));
#4473 = ORIENTED_EDGE('',*,*,#4474,.F.);
#4474 = EDGE_CURVE('',#4475,#4475,#4477,.T.);
#4475 = VERTEX_POINT('',#4476);
#4476 = CARTESIAN_POINT('',(343.6,62.211143398602,89.613371901929));
#4477 = CIRCLE('',#4478,15.);
#4478 = AXIS2_PLACEMENT_3D('',#4479,#4480,#4481);
#4479 = CARTESIAN_POINT('',(343.6,57.575888482978,75.347524157501));
#4480 = DIRECTION('',(0.,0.951056516295,-0.309016994375));
#4481 = DIRECTION('',(0.,0.309016994375,0.951056516295));
#4482 = PLANE('',#4483);
#4483 = AXIS2_PLACEMENT_3D('',#4484,#4485,#4486);
#4484 = CARTESIAN_POINT('',(343.6,57.575888482978,75.347524157501));
#4485 = DIRECTION('',(0.,0.951056516295,-0.309016994375));
#4486 = DIRECTION('',(0.,0.309016994375,0.951056516295));
#4487 = ADVANCED_FACE('',(#4488,#4491),#4502,.F.);
#4488 = FACE_BOUND('',#4489,.F.);
#4489 = EDGE_LOOP('',(#4490));
#4490 = ORIENTED_EDGE('',*,*,#4455,.T.);
#4491 = FACE_BOUND('',#4492,.F.);
#4492 = EDGE_LOOP('',(#4493));
#4493 = ORIENTED_EDGE('',*,*,#4494,.F.);
#4494 = EDGE_CURVE('',#4495,#4495,#4497,.T.);
#4495 = VERTEX_POINT('',#4496);
#4496 = CARTESIAN_POINT('',(343.6,38.486320689462,107.2057789976));
#4497 = CIRCLE('',#4498,24.4);
#4498 = AXIS2_PLACEMENT_3D('',#4499,#4500,#4501);
#4499 = CARTESIAN_POINT('',(343.6,30.946306026714,84.));
#4500 = DIRECTION('',(0.,0.951056516295,-0.309016994375));
#4501 = DIRECTION('',(0.,0.309016994375,0.951056516295));
#4502 = PLANE('',#4503);
#4503 = AXIS2_PLACEMENT_3D('',#4504,#4505,#4506);
#4504 = CARTESIAN_POINT('',(343.6,30.946306026714,84.));
#4505 = DIRECTION('',(0.,0.951056516295,-0.309016994375));
#4506 = DIRECTION('',(0.,0.309016994375,0.951056516295));
#4507 = ADVANCED_FACE('',(#4508),#4519,.F.);
#4508 = FACE_BOUND('',#4509,.F.);
#4509 = EDGE_LOOP('',(#4510,#4511,#4517,#4518));
#4510 = ORIENTED_EDGE('',*,*,#4474,.F.);
#4511 = ORIENTED_EDGE('',*,*,#4512,.F.);
#4512 = EDGE_CURVE('',#4495,#4475,#4513,.T.);
#4513 = LINE('',#4514,#4515);
#4514 = CARTESIAN_POINT('',(343.6,38.486320689462,107.2057789976));
#4515 = VECTOR('',#4516,1.);
#4516 = DIRECTION('',(7.795084530541E-17,0.803258081808,-0.595631139221)
  );
#4517 = ORIENTED_EDGE('',*,*,#4494,.T.);
#4518 = ORIENTED_EDGE('',*,*,#4512,.T.);
#4519 = CONICAL_SURFACE('',#4520,24.4,0.323891878747);
#4520 = AXIS2_PLACEMENT_3D('',#4521,#4522,#4523);
#4521 = CARTESIAN_POINT('',(343.6,30.946306026714,84.));
#4522 = DIRECTION('',(-0.,-0.951056516295,0.309016994375));
#4523 = DIRECTION('',(0.,0.309016994375,0.951056516295));
#4524 = MANIFOLD_SOLID_BREP('',#4525);
#4525 = CLOSED_SHELL('',(#4526,#4559,#4568));
#4526 = ADVANCED_FACE('',(#4527),#4554,.T.);
#4527 = FACE_BOUND('',#4528,.T.);
#4528 = EDGE_LOOP('',(#4529,#4538,#4546,#4553));
#4529 = ORIENTED_EDGE('',*,*,#4530,.F.);
#4530 = EDGE_CURVE('',#4531,#4531,#4533,.T.);
#4531 = VERTEX_POINT('',#4532);
#4532 = CARTESIAN_POINT('',(343.6,75.834951621109,86.238190496975));
#4533 = CIRCLE('',#4534,16.);
#4534 = AXIS2_PLACEMENT_3D('',#4535,#4536,#4537);
#4535 = CARTESIAN_POINT('',(343.6,70.89067971111,71.021286236252));
#4536 = DIRECTION('',(0.,0.951056516295,-0.309016994375));
#4537 = DIRECTION('',(0.,0.309016994375,0.951056516295));
#4538 = ORIENTED_EDGE('',*,*,#4539,.F.);
#4539 = EDGE_CURVE('',#4540,#4531,#4542,.T.);
#4540 = VERTEX_POINT('',#4541);
#4541 = CARTESIAN_POINT('',(343.6,62.520160392977,90.564428418224));
#4542 = LINE('',#4543,#4544);
#4543 = CARTESIAN_POINT('',(343.6,62.520160392977,90.564428418224));
#4544 = VECTOR('',#4545,1.);
#4545 = DIRECTION('',(1.104740758167E-32,0.951056516295,-0.309016994375)
  );
#4546 = ORIENTED_EDGE('',*,*,#4547,.T.);
#4547 = EDGE_CURVE('',#4540,#4540,#4548,.T.);
#4548 = CIRCLE('',#4549,16.);
#4549 = AXIS2_PLACEMENT_3D('',#4550,#4551,#4552);
#4550 = CARTESIAN_POINT('',(343.6,57.575888482978,75.347524157501));
#4551 = DIRECTION('',(0.,0.951056516295,-0.309016994375));
#4552 = DIRECTION('',(0.,0.309016994375,0.951056516295));
#4553 = ORIENTED_EDGE('',*,*,#4539,.T.);
#4554 = CYLINDRICAL_SURFACE('',#4555,16.);
#4555 = AXIS2_PLACEMENT_3D('',#4556,#4557,#4558);
#4556 = CARTESIAN_POINT('',(343.6,57.575888482978,75.347524157501));
#4557 = DIRECTION('',(0.,0.951056516295,-0.309016994375));
#4558 = DIRECTION('',(0.,0.309016994375,0.951056516295));
#4559 = ADVANCED_FACE('',(#4560),#4563,.T.);
#4560 = FACE_BOUND('',#4561,.T.);
#4561 = EDGE_LOOP('',(#4562));
#4562 = ORIENTED_EDGE('',*,*,#4530,.T.);
#4563 = PLANE('',#4564);
#4564 = AXIS2_PLACEMENT_3D('',#4565,#4566,#4567);
#4565 = CARTESIAN_POINT('',(343.6,70.89067971111,71.021286236252));
#4566 = DIRECTION('',(0.,0.951056516295,-0.309016994375));
#4567 = DIRECTION('',(0.,0.309016994375,0.951056516295));
#4568 = ADVANCED_FACE('',(#4569),#4572,.F.);
#4569 = FACE_BOUND('',#4570,.T.);
#4570 = EDGE_LOOP('',(#4571));
#4571 = ORIENTED_EDGE('',*,*,#4547,.F.);
#4572 = PLANE('',#4573);
#4573 = AXIS2_PLACEMENT_3D('',#4574,#4575,#4576);
#4574 = CARTESIAN_POINT('',(343.6,57.575888482978,75.347524157501));
#4575 = DIRECTION('',(0.,0.951056516295,-0.309016994375));
#4576 = DIRECTION('',(0.,0.309016994375,0.951056516295));
#4577 = ( GEOMETRIC_REPRESENTATION_CONTEXT(3) 
GLOBAL_UNCERTAINTY_ASSIGNED_CONTEXT((#4581)) 
GLOBAL_UNIT_ASSIGNED_CONTEXT((#4578,#4579,#4580)) REPRESENTATION_CONTEXT
('Context #1','3D Context with UNIT and UNCERTAINTY') );
#4578 = ( LENGTH_UNIT() NAMED_UNIT(*) SI_UNIT(.MILLI.,.METRE.) );
#4579 = ( NAMED_UNIT(*) PLANE_ANGLE_UNIT() SI_UNIT($,.RADIAN.) );
#4580 = ( NAMED_UNIT(*) SI_UNIT($,.STERADIAN.) SOLID_ANGLE_UNIT() );
#4581 = UNCERTAINTY_MEASURE_WITH_UNIT(LENGTH_MEASURE(1.E-07),#4578,
  'distance_accuracy_value','confusion accuracy');
#4582 = CONTEXT_DEPENDENT_SHAPE_REPRESENTATION(#4583,#4585);
#4583 = ( REPRESENTATION_RELATIONSHIP('','',#4241,#10) 
REPRESENTATION_RELATIONSHIP_WITH_TRANSFORMATION(#4584) 
SHAPE_REPRESENTATION_RELATIONSHIP() );
#4584 = ITEM_DEFINED_TRANSFORMATION('','',#11,#103);
#4585 = PRODUCT_DEFINITION_SHAPE('Placement','Placement of an item',
  #4586);
#4586 = NEXT_ASSEMBLY_USAGE_OCCURRENCE('147',
  '右全频单元 · 概念包络','',#5,#4236,$);
#4587 = PRODUCT_RELATED_PRODUCT_CATEGORY('part',$,(#4238));
#4588 = SHAPE_DEFINITION_REPRESENTATION(#4589,#4595);
#4589 = PRODUCT_DEFINITION_SHAPE('','',#4590);
#4590 = PRODUCT_DEFINITION('design','',#4591,#4594);
#4591 = PRODUCT_DEFINITION_FORMATION('','',#4592);
#4592 = PRODUCT('后部隔振承托梁','后部隔振承托梁','',(
    #4593));
#4593 = PRODUCT_CONTEXT('',#2,'mechanical');
#4594 = PRODUCT_DEFINITION_CONTEXT('part definition',#2,'design');
#4595 = ADVANCED_BREP_SHAPE_REPRESENTATION('',(#11,#4596),#4746);
#4596 = MANIFOLD_SOLID_BREP('',#4597);
#4597 = CLOSED_SHELL('',(#4598,#4638,#4678,#4700,#4722,#4734));
#4598 = ADVANCED_FACE('',(#4599),#4633,.F.);
#4599 = FACE_BOUND('',#4600,.F.);
#4600 = EDGE_LOOP('',(#4601,#4611,#4619,#4627));
#4601 = ORIENTED_EDGE('',*,*,#4602,.F.);
#4602 = EDGE_CURVE('',#4603,#4605,#4607,.T.);
#4603 = VERTEX_POINT('',#4604);
#4604 = CARTESIAN_POINT('',(20.,280.,128.));
#4605 = VERTEX_POINT('',#4606);
#4606 = CARTESIAN_POINT('',(20.,280.,136.));
#4607 = LINE('',#4608,#4609);
#4608 = CARTESIAN_POINT('',(20.,280.,128.));
#4609 = VECTOR('',#4610,1.);
#4610 = DIRECTION('',(0.,0.,1.));
#4611 = ORIENTED_EDGE('',*,*,#4612,.T.);
#4612 = EDGE_CURVE('',#4603,#4613,#4615,.T.);
#4613 = VERTEX_POINT('',#4614);
#4614 = CARTESIAN_POINT('',(20.,310.,128.));
#4615 = LINE('',#4616,#4617);
#4616 = CARTESIAN_POINT('',(20.,280.,128.));
#4617 = VECTOR('',#4618,1.);
#4618 = DIRECTION('',(-0.,1.,0.));
#4619 = ORIENTED_EDGE('',*,*,#4620,.T.);
#4620 = EDGE_CURVE('',#4613,#4621,#4623,.T.);
#4621 = VERTEX_POINT('',#4622);
#4622 = CARTESIAN_POINT('',(20.,310.,136.));
#4623 = LINE('',#4624,#4625);
#4624 = CARTESIAN_POINT('',(20.,310.,128.));
#4625 = VECTOR('',#4626,1.);
#4626 = DIRECTION('',(0.,0.,1.));
#4627 = ORIENTED_EDGE('',*,*,#4628,.F.);
#4628 = EDGE_CURVE('',#4605,#4621,#4629,.T.);
#4629 = LINE('',#4630,#4631);
#4630 = CARTESIAN_POINT('',(20.,280.,136.));
#4631 = VECTOR('',#4632,1.);
#4632 = DIRECTION('',(-0.,1.,0.));
#4633 = PLANE('',#4634);
#4634 = AXIS2_PLACEMENT_3D('',#4635,#4636,#4637);
#4635 = CARTESIAN_POINT('',(20.,280.,128.));
#4636 = DIRECTION('',(1.,0.,-0.));
#4637 = DIRECTION('',(0.,0.,1.));
#4638 = ADVANCED_FACE('',(#4639),#4673,.T.);
#4639 = FACE_BOUND('',#4640,.T.);
#4640 = EDGE_LOOP('',(#4641,#4651,#4659,#4667));
#4641 = ORIENTED_EDGE('',*,*,#4642,.F.);
#4642 = EDGE_CURVE('',#4643,#4645,#4647,.T.);
#4643 = VERTEX_POINT('',#4644);
#4644 = CARTESIAN_POINT('',(428.6,280.,128.));
#4645 = VERTEX_POINT('',#4646);
#4646 = CARTESIAN_POINT('',(428.6,280.,136.));
#4647 = LINE('',#4648,#4649);
#4648 = CARTESIAN_POINT('',(428.6,280.,128.));
#4649 = VECTOR('',#4650,1.);
#4650 = DIRECTION('',(0.,0.,1.));
#4651 = ORIENTED_EDGE('',*,*,#4652,.T.);
#4652 = EDGE_CURVE('',#4643,#4653,#4655,.T.);
#4653 = VERTEX_POINT('',#4654);
#4654 = CARTESIAN_POINT('',(428.6,310.,128.));
#4655 = LINE('',#4656,#4657);
#4656 = CARTESIAN_POINT('',(428.6,280.,128.));
#4657 = VECTOR('',#4658,1.);
#4658 = DIRECTION('',(-0.,1.,0.));
#4659 = ORIENTED_EDGE('',*,*,#4660,.T.);
#4660 = EDGE_CURVE('',#4653,#4661,#4663,.T.);
#4661 = VERTEX_POINT('',#4662);
#4662 = CARTESIAN_POINT('',(428.6,310.,136.));
#4663 = LINE('',#4664,#4665);
#4664 = CARTESIAN_POINT('',(428.6,310.,128.));
#4665 = VECTOR('',#4666,1.);
#4666 = DIRECTION('',(0.,0.,1.));
#4667 = ORIENTED_EDGE('',*,*,#4668,.F.);
#4668 = EDGE_CURVE('',#4645,#4661,#4669,.T.);
#4669 = LINE('',#4670,#4671);
#4670 = CARTESIAN_POINT('',(428.6,280.,136.));
#4671 = VECTOR('',#4672,1.);
#4672 = DIRECTION('',(-0.,1.,0.));
#4673 = PLANE('',#4674);
#4674 = AXIS2_PLACEMENT_3D('',#4675,#4676,#4677);
#4675 = CARTESIAN_POINT('',(428.6,280.,128.));
#4676 = DIRECTION('',(1.,0.,-0.));
#4677 = DIRECTION('',(0.,0.,1.));
#4678 = ADVANCED_FACE('',(#4679),#4695,.F.);
#4679 = FACE_BOUND('',#4680,.F.);
#4680 = EDGE_LOOP('',(#4681,#4687,#4688,#4694));
#4681 = ORIENTED_EDGE('',*,*,#4682,.F.);
#4682 = EDGE_CURVE('',#4603,#4643,#4683,.T.);
#4683 = LINE('',#4684,#4685);
#4684 = CARTESIAN_POINT('',(20.,280.,128.));
#4685 = VECTOR('',#4686,1.);
#4686 = DIRECTION('',(1.,0.,-0.));
#4687 = ORIENTED_EDGE('',*,*,#4602,.T.);
#4688 = ORIENTED_EDGE('',*,*,#4689,.T.);
#4689 = EDGE_CURVE('',#4605,#4645,#4690,.T.);
#4690 = LINE('',#4691,#4692);
#4691 = CARTESIAN_POINT('',(20.,280.,136.));
#4692 = VECTOR('',#4693,1.);
#4693 = DIRECTION('',(1.,0.,-0.));
#4694 = ORIENTED_EDGE('',*,*,#4642,.F.);
#4695 = PLANE('',#4696);
#4696 = AXIS2_PLACEMENT_3D('',#4697,#4698,#4699);
#4697 = CARTESIAN_POINT('',(20.,280.,128.));
#4698 = DIRECTION('',(-0.,1.,0.));
#4699 = DIRECTION('',(0.,0.,1.));
#4700 = ADVANCED_FACE('',(#4701),#4717,.T.);
#4701 = FACE_BOUND('',#4702,.T.);
#4702 = EDGE_LOOP('',(#4703,#4709,#4710,#4716));
#4703 = ORIENTED_EDGE('',*,*,#4704,.F.);
#4704 = EDGE_CURVE('',#4613,#4653,#4705,.T.);
#4705 = LINE('',#4706,#4707);
#4706 = CARTESIAN_POINT('',(20.,310.,128.));
#4707 = VECTOR('',#4708,1.);
#4708 = DIRECTION('',(1.,0.,-0.));
#4709 = ORIENTED_EDGE('',*,*,#4620,.T.);
#4710 = ORIENTED_EDGE('',*,*,#4711,.T.);
#4711 = EDGE_CURVE('',#4621,#4661,#4712,.T.);
#4712 = LINE('',#4713,#4714);
#4713 = CARTESIAN_POINT('',(20.,310.,136.));
#4714 = VECTOR('',#4715,1.);
#4715 = DIRECTION('',(1.,0.,-0.));
#4716 = ORIENTED_EDGE('',*,*,#4660,.F.);
#4717 = PLANE('',#4718);
#4718 = AXIS2_PLACEMENT_3D('',#4719,#4720,#4721);
#4719 = CARTESIAN_POINT('',(20.,310.,128.));
#4720 = DIRECTION('',(-0.,1.,0.));
#4721 = DIRECTION('',(0.,0.,1.));
#4722 = ADVANCED_FACE('',(#4723),#4729,.F.);
#4723 = FACE_BOUND('',#4724,.F.);
#4724 = EDGE_LOOP('',(#4725,#4726,#4727,#4728));
#4725 = ORIENTED_EDGE('',*,*,#4612,.F.);
#4726 = ORIENTED_EDGE('',*,*,#4682,.T.);
#4727 = ORIENTED_EDGE('',*,*,#4652,.T.);
#4728 = ORIENTED_EDGE('',*,*,#4704,.F.);
#4729 = PLANE('',#4730);
#4730 = AXIS2_PLACEMENT_3D('',#4731,#4732,#4733);
#4731 = CARTESIAN_POINT('',(20.,280.,128.));
#4732 = DIRECTION('',(0.,0.,1.));
#4733 = DIRECTION('',(1.,0.,-0.));
#4734 = ADVANCED_FACE('',(#4735),#4741,.T.);
#4735 = FACE_BOUND('',#4736,.T.);
#4736 = EDGE_LOOP('',(#4737,#4738,#4739,#4740));
#4737 = ORIENTED_EDGE('',*,*,#4628,.F.);
#4738 = ORIENTED_EDGE('',*,*,#4689,.T.);
#4739 = ORIENTED_EDGE('',*,*,#4668,.T.);
#4740 = ORIENTED_EDGE('',*,*,#4711,.F.);
#4741 = PLANE('',#4742);
#4742 = AXIS2_PLACEMENT_3D('',#4743,#4744,#4745);
#4743 = CARTESIAN_POINT('',(20.,280.,136.));
#4744 = DIRECTION('',(0.,0.,1.));
#4745 = DIRECTION('',(1.,0.,-0.));
#4746 = ( GEOMETRIC_REPRESENTATION_CONTEXT(3) 
GLOBAL_UNCERTAINTY_ASSIGNED_CONTEXT((#4750)) 
GLOBAL_UNIT_ASSIGNED_CONTEXT((#4747,#4748,#4749)) REPRESENTATION_CONTEXT
('Context #1','3D Context with UNIT and UNCERTAINTY') );
#4747 = ( LENGTH_UNIT() NAMED_UNIT(*) SI_UNIT(.MILLI.,.METRE.) );
#4748 = ( NAMED_UNIT(*) PLANE_ANGLE_UNIT() SI_UNIT($,.RADIAN.) );
#4749 = ( NAMED_UNIT(*) SI_UNIT($,.STERADIAN.) SOLID_ANGLE_UNIT() );
#4750 = UNCERTAINTY_MEASURE_WITH_UNIT(LENGTH_MEASURE(1.E-07),#4747,
  'distance_accuracy_value','confusion accuracy');
#4751 = CONTEXT_DEPENDENT_SHAPE_REPRESENTATION(#4752,#4754);
#4752 = ( REPRESENTATION_RELATIONSHIP('','',#4595,#10) 
REPRESENTATION_RELATIONSHIP_WITH_TRANSFORMATION(#4753) 
SHAPE_REPRESENTATION_RELATIONSHIP() );
#4753 = ITEM_DEFINED_TRANSFORMATION('','',#11,#107);
#4754 = PRODUCT_DEFINITION_SHAPE('Placement','Placement of an item',
  #4755);
#4755 = NEXT_ASSEMBLY_USAGE_OCCURRENCE('148','后部隔振承托梁','',
  #5,#4590,$);
#4756 = PRODUCT_RELATED_PRODUCT_CATEGORY('part',$,(#4592));
#4757 = SHAPE_DEFINITION_REPRESENTATION(#4758,#4764);
#4758 = PRODUCT_DEFINITION_SHAPE('','',#4759);
#4759 = PRODUCT_DEFINITION('design','',#4760,#4763);
#4760 = PRODUCT_DEFINITION_FORMATION('','',#4761);
#4761 = PRODUCT('弹性支承 1（刚度待定）',
  '弹性支承 1（刚度待定）','',(#4762));
#4762 = PRODUCT_CONTEXT('',#2,'mechanical');
#4763 = PRODUCT_DEFINITION_CONTEXT('part definition',#2,'design');
#4764 = ADVANCED_BREP_SHAPE_REPRESENTATION('',(#11,#4765),#4818);
#4765 = MANIFOLD_SOLID_BREP('',#4766);
#4766 = CLOSED_SHELL('',(#4767,#4800,#4809));
#4767 = ADVANCED_FACE('',(#4768),#4795,.T.);
#4768 = FACE_BOUND('',#4769,.T.);
#4769 = EDGE_LOOP('',(#4770,#4779,#4787,#4794));
#4770 = ORIENTED_EDGE('',*,*,#4771,.F.);
#4771 = EDGE_CURVE('',#4772,#4772,#4774,.T.);
#4772 = VERTEX_POINT('',#4773);
#4773 = CARTESIAN_POINT('',(52.,100.,144.));
#4774 = CIRCLE('',#4775,8.);
#4775 = AXIS2_PLACEMENT_3D('',#4776,#4777,#4778);
#4776 = CARTESIAN_POINT('',(44.,100.,144.));
#4777 = DIRECTION('',(0.,0.,1.));
#4778 = DIRECTION('',(1.,0.,-0.));
#4779 = ORIENTED_EDGE('',*,*,#4780,.F.);
#4780 = EDGE_CURVE('',#4781,#4772,#4783,.T.);
#4781 = VERTEX_POINT('',#4782);
#4782 = CARTESIAN_POINT('',(52.,100.,136.));
#4783 = LINE('',#4784,#4785);
#4784 = CARTESIAN_POINT('',(52.,100.,136.));
#4785 = VECTOR('',#4786,1.);
#4786 = DIRECTION('',(0.,0.,1.));
#4787 = ORIENTED_EDGE('',*,*,#4788,.T.);
#4788 = EDGE_CURVE('',#4781,#4781,#4789,.T.);
#4789 = CIRCLE('',#4790,8.);
#4790 = AXIS2_PLACEMENT_3D('',#4791,#4792,#4793);
#4791 = CARTESIAN_POINT('',(44.,100.,136.));
#4792 = DIRECTION('',(0.,0.,1.));
#4793 = DIRECTION('',(1.,0.,-0.));
#4794 = ORIENTED_EDGE('',*,*,#4780,.T.);
#4795 = CYLINDRICAL_SURFACE('',#4796,8.);
#4796 = AXIS2_PLACEMENT_3D('',#4797,#4798,#4799);
#4797 = CARTESIAN_POINT('',(44.,100.,136.));
#4798 = DIRECTION('',(0.,0.,1.));
#4799 = DIRECTION('',(1.,0.,-0.));
#4800 = ADVANCED_FACE('',(#4801),#4804,.T.);
#4801 = FACE_BOUND('',#4802,.T.);
#4802 = EDGE_LOOP('',(#4803));
#4803 = ORIENTED_EDGE('',*,*,#4771,.T.);
#4804 = PLANE('',#4805);
#4805 = AXIS2_PLACEMENT_3D('',#4806,#4807,#4808);
#4806 = CARTESIAN_POINT('',(44.,100.,144.));
#4807 = DIRECTION('',(0.,0.,1.));
#4808 = DIRECTION('',(1.,0.,-0.));
#4809 = ADVANCED_FACE('',(#4810),#4813,.F.);
#4810 = FACE_BOUND('',#4811,.T.);
#4811 = EDGE_LOOP('',(#4812));
#4812 = ORIENTED_EDGE('',*,*,#4788,.F.);
#4813 = PLANE('',#4814);
#4814 = AXIS2_PLACEMENT_3D('',#4815,#4816,#4817);
#4815 = CARTESIAN_POINT('',(44.,100.,136.));
#4816 = DIRECTION('',(0.,0.,1.));
#4817 = DIRECTION('',(1.,0.,-0.));
#4818 = ( GEOMETRIC_REPRESENTATION_CONTEXT(3) 
GLOBAL_UNCERTAINTY_ASSIGNED_CONTEXT((#4822)) 
GLOBAL_UNIT_ASSIGNED_CONTEXT((#4819,#4820,#4821)) REPRESENTATION_CONTEXT
('Context #1','3D Context with UNIT and UNCERTAINTY') );
#4819 = ( LENGTH_UNIT() NAMED_UNIT(*) SI_UNIT(.MILLI.,.METRE.) );
#4820 = ( NAMED_UNIT(*) PLANE_ANGLE_UNIT() SI_UNIT($,.RADIAN.) );
#4821 = ( NAMED_UNIT(*) SI_UNIT($,.STERADIAN.) SOLID_ANGLE_UNIT() );
#4822 = UNCERTAINTY_MEASURE_WITH_UNIT(LENGTH_MEASURE(1.E-07),#4819,
  'distance_accuracy_value','confusion accuracy');
#4823 = CONTEXT_DEPENDENT_SHAPE_REPRESENTATION(#4824,#4826);
#4824 = ( REPRESENTATION_RELATIONSHIP('','',#4764,#10) 
REPRESENTATION_RELATIONSHIP_WITH_TRANSFORMATION(#4825) 
SHAPE_REPRESENTATION_RELATIONSHIP() );
#4825 = ITEM_DEFINED_TRANSFORMATION('','',#11,#111);
#4826 = PRODUCT_DEFINITION_SHAPE('Placement','Placement of an item',
  #4827);
#4827 = NEXT_ASSEMBLY_USAGE_OCCURRENCE('149',
  '弹性支承 1（刚度待定）','',#5,#4759,$);
#4828 = PRODUCT_RELATED_PRODUCT_CATEGORY('part',$,(#4761));
#4829 = SHAPE_DEFINITION_REPRESENTATION(#4830,#4836);
#4830 = PRODUCT_DEFINITION_SHAPE('','',#4831);
#4831 = PRODUCT_DEFINITION('design','',#4832,#4835);
#4832 = PRODUCT_DEFINITION_FORMATION('','',#4833);
#4833 = PRODUCT('弹性支承 2（刚度待定）',
  '弹性支承 2（刚度待定）','',(#4834));
#4834 = PRODUCT_CONTEXT('',#2,'mechanical');
#4835 = PRODUCT_DEFINITION_CONTEXT('part definition',#2,'design');
#4836 = ADVANCED_BREP_SHAPE_REPRESENTATION('',(#11,#4837),#4890);
#4837 = MANIFOLD_SOLID_BREP('',#4838);
#4838 = CLOSED_SHELL('',(#4839,#4872,#4881));
#4839 = ADVANCED_FACE('',(#4840),#4867,.T.);
#4840 = FACE_BOUND('',#4841,.T.);
#4841 = EDGE_LOOP('',(#4842,#4851,#4859,#4866));
#4842 = ORIENTED_EDGE('',*,*,#4843,.F.);
#4843 = EDGE_CURVE('',#4844,#4844,#4846,.T.);
#4844 = VERTEX_POINT('',#4845);
#4845 = CARTESIAN_POINT('',(412.6,100.,144.));
#4846 = CIRCLE('',#4847,8.);
#4847 = AXIS2_PLACEMENT_3D('',#4848,#4849,#4850);
#4848 = CARTESIAN_POINT('',(404.6,100.,144.));
#4849 = DIRECTION('',(0.,0.,1.));
#4850 = DIRECTION('',(1.,0.,-0.));
#4851 = ORIENTED_EDGE('',*,*,#4852,.F.);
#4852 = EDGE_CURVE('',#4853,#4844,#4855,.T.);
#4853 = VERTEX_POINT('',#4854);
#4854 = CARTESIAN_POINT('',(412.6,100.,136.));
#4855 = LINE('',#4856,#4857);
#4856 = CARTESIAN_POINT('',(412.6,100.,136.));
#4857 = VECTOR('',#4858,1.);
#4858 = DIRECTION('',(0.,0.,1.));
#4859 = ORIENTED_EDGE('',*,*,#4860,.T.);
#4860 = EDGE_CURVE('',#4853,#4853,#4861,.T.);
#4861 = CIRCLE('',#4862,8.);
#4862 = AXIS2_PLACEMENT_3D('',#4863,#4864,#4865);
#4863 = CARTESIAN_POINT('',(404.6,100.,136.));
#4864 = DIRECTION('',(0.,0.,1.));
#4865 = DIRECTION('',(1.,0.,-0.));
#4866 = ORIENTED_EDGE('',*,*,#4852,.T.);
#4867 = CYLINDRICAL_SURFACE('',#4868,8.);
#4868 = AXIS2_PLACEMENT_3D('',#4869,#4870,#4871);
#4869 = CARTESIAN_POINT('',(404.6,100.,136.));
#4870 = DIRECTION('',(0.,0.,1.));
#4871 = DIRECTION('',(1.,0.,-0.));
#4872 = ADVANCED_FACE('',(#4873),#4876,.T.);
#4873 = FACE_BOUND('',#4874,.T.);
#4874 = EDGE_LOOP('',(#4875));
#4875 = ORIENTED_EDGE('',*,*,#4843,.T.);
#4876 = PLANE('',#4877);
#4877 = AXIS2_PLACEMENT_3D('',#4878,#4879,#4880);
#4878 = CARTESIAN_POINT('',(404.6,100.,144.));
#4879 = DIRECTION('',(0.,0.,1.));
#4880 = DIRECTION('',(1.,0.,-0.));
#4881 = ADVANCED_FACE('',(#4882),#4885,.F.);
#4882 = FACE_BOUND('',#4883,.T.);
#4883 = EDGE_LOOP('',(#4884));
#4884 = ORIENTED_EDGE('',*,*,#4860,.F.);
#4885 = PLANE('',#4886);
#4886 = AXIS2_PLACEMENT_3D('',#4887,#4888,#4889);
#4887 = CARTESIAN_POINT('',(404.6,100.,136.));
#4888 = DIRECTION('',(0.,0.,1.));
#4889 = DIRECTION('',(1.,0.,-0.));
#4890 = ( GEOMETRIC_REPRESENTATION_CONTEXT(3) 
GLOBAL_UNCERTAINTY_ASSIGNED_CONTEXT((#4894)) 
GLOBAL_UNIT_ASSIGNED_CONTEXT((#4891,#4892,#4893)) REPRESENTATION_CONTEXT
('Context #1','3D Context with UNIT and UNCERTAINTY') );
#4891 = ( LENGTH_UNIT() NAMED_UNIT(*) SI_UNIT(.MILLI.,.METRE.) );
#4892 = ( NAMED_UNIT(*) PLANE_ANGLE_UNIT() SI_UNIT($,.RADIAN.) );
#4893 = ( NAMED_UNIT(*) SI_UNIT($,.STERADIAN.) SOLID_ANGLE_UNIT() );
#4894 = UNCERTAINTY_MEASURE_WITH_UNIT(LENGTH_MEASURE(1.E-07),#4891,
  'distance_accuracy_value','confusion accuracy');
#4895 = CONTEXT_DEPENDENT_SHAPE_REPRESENTATION(#4896,#4898);
#4896 = ( REPRESENTATION_RELATIONSHIP('','',#4836,#10) 
REPRESENTATION_RELATIONSHIP_WITH_TRANSFORMATION(#4897) 
SHAPE_REPRESENTATION_RELATIONSHIP() );
#4897 = ITEM_DEFINED_TRANSFORMATION('','',#11,#115);
#4898 = PRODUCT_DEFINITION_SHAPE('Placement','Placement of an item',
  #4899);
#4899 = NEXT_ASSEMBLY_USAGE_OCCURRENCE('150',
  '弹性支承 2（刚度待定）','',#5,#4831,$);
#4900 = PRODUCT_RELATED_PRODUCT_CATEGORY('part',$,(#4833));
#4901 = SHAPE_DEFINITION_REPRESENTATION(#4902,#4908);
#4902 = PRODUCT_DEFINITION_SHAPE('','',#4903);
#4903 = PRODUCT_DEFINITION('design','',#4904,#4907);
#4904 = PRODUCT_DEFINITION_FORMATION('','',#4905);
#4905 = PRODUCT('弹性支承 3（刚度待定）',
  '弹性支承 3（刚度待定）','',(#4906));
#4906 = PRODUCT_CONTEXT('',#2,'mechanical');
#4907 = PRODUCT_DEFINITION_CONTEXT('part definition',#2,'design');
#4908 = ADVANCED_BREP_SHAPE_REPRESENTATION('',(#11,#4909),#4962);
#4909 = MANIFOLD_SOLID_BREP('',#4910);
#4910 = CLOSED_SHELL('',(#4911,#4944,#4953));
#4911 = ADVANCED_FACE('',(#4912),#4939,.T.);
#4912 = FACE_BOUND('',#4913,.T.);
#4913 = EDGE_LOOP('',(#4914,#4923,#4931,#4938));
#4914 = ORIENTED_EDGE('',*,*,#4915,.F.);
#4915 = EDGE_CURVE('',#4916,#4916,#4918,.T.);
#4916 = VERTEX_POINT('',#4917);
#4917 = CARTESIAN_POINT('',(232.3,295.,144.));
#4918 = CIRCLE('',#4919,8.);
#4919 = AXIS2_PLACEMENT_3D('',#4920,#4921,#4922);
#4920 = CARTESIAN_POINT('',(224.3,295.,144.));
#4921 = DIRECTION('',(0.,0.,1.));
#4922 = DIRECTION('',(1.,0.,-0.));
#4923 = ORIENTED_EDGE('',*,*,#4924,.F.);
#4924 = EDGE_CURVE('',#4925,#4916,#4927,.T.);
#4925 = VERTEX_POINT('',#4926);
#4926 = CARTESIAN_POINT('',(232.3,295.,136.));
#4927 = LINE('',#4928,#4929);
#4928 = CARTESIAN_POINT('',(232.3,295.,136.));
#4929 = VECTOR('',#4930,1.);
#4930 = DIRECTION('',(0.,0.,1.));
#4931 = ORIENTED_EDGE('',*,*,#4932,.T.);
#4932 = EDGE_CURVE('',#4925,#4925,#4933,.T.);
#4933 = CIRCLE('',#4934,8.);
#4934 = AXIS2_PLACEMENT_3D('',#4935,#4936,#4937);
#4935 = CARTESIAN_POINT('',(224.3,295.,136.));
#4936 = DIRECTION('',(0.,0.,1.));
#4937 = DIRECTION('',(1.,0.,-0.));
#4938 = ORIENTED_EDGE('',*,*,#4924,.T.);
#4939 = CYLINDRICAL_SURFACE('',#4940,8.);
#4940 = AXIS2_PLACEMENT_3D('',#4941,#4942,#4943);
#4941 = CARTESIAN_POINT('',(224.3,295.,136.));
#4942 = DIRECTION('',(0.,0.,1.));
#4943 = DIRECTION('',(1.,0.,-0.));
#4944 = ADVANCED_FACE('',(#4945),#4948,.T.);
#4945 = FACE_BOUND('',#4946,.T.);
#4946 = EDGE_LOOP('',(#4947));
#4947 = ORIENTED_EDGE('',*,*,#4915,.T.);
#4948 = PLANE('',#4949);
#4949 = AXIS2_PLACEMENT_3D('',#4950,#4951,#4952);
#4950 = CARTESIAN_POINT('',(224.3,295.,144.));
#4951 = DIRECTION('',(0.,0.,1.));
#4952 = DIRECTION('',(1.,0.,-0.));
#4953 = ADVANCED_FACE('',(#4954),#4957,.F.);
#4954 = FACE_BOUND('',#4955,.T.);
#4955 = EDGE_LOOP('',(#4956));
#4956 = ORIENTED_EDGE('',*,*,#4932,.F.);
#4957 = PLANE('',#4958);
#4958 = AXIS2_PLACEMENT_3D('',#4959,#4960,#4961);
#4959 = CARTESIAN_POINT('',(224.3,295.,136.));
#4960 = DIRECTION('',(0.,0.,1.));
#4961 = DIRECTION('',(1.,0.,-0.));
#4962 = ( GEOMETRIC_REPRESENTATION_CONTEXT(3) 
GLOBAL_UNCERTAINTY_ASSIGNED_CONTEXT((#4966)) 
GLOBAL_UNIT_ASSIGNED_CONTEXT((#4963,#4964,#4965)) REPRESENTATION_CONTEXT
('Context #1','3D Context with UNIT and UNCERTAINTY') );
#4963 = ( LENGTH_UNIT() NAMED_UNIT(*) SI_UNIT(.MILLI.,.METRE.) );
#4964 = ( NAMED_UNIT(*) PLANE_ANGLE_UNIT() SI_UNIT($,.RADIAN.) );
#4965 = ( NAMED_UNIT(*) SI_UNIT($,.STERADIAN.) SOLID_ANGLE_UNIT() );
#4966 = UNCERTAINTY_MEASURE_WITH_UNIT(LENGTH_MEASURE(1.E-07),#4963,
  'distance_accuracy_value','confusion accuracy');
#4967 = CONTEXT_DEPENDENT_SHAPE_REPRESENTATION(#4968,#4970);
#4968 = ( REPRESENTATION_RELATIONSHIP('','',#4908,#10) 
REPRESENTATION_RELATIONSHIP_WITH_TRANSFORMATION(#4969) 
SHAPE_REPRESENTATION_RELATIONSHIP() );
#4969 = ITEM_DEFINED_TRANSFORMATION('','',#11,#119);
#4970 = PRODUCT_DEFINITION_SHAPE('Placement','Placement of an item',
  #4971);
#4971 = NEXT_ASSEMBLY_USAGE_OCCURRENCE('151',
  '弹性支承 3（刚度待定）','',#5,#4903,$);
#4972 = PRODUCT_RELATED_PRODUCT_CATEGORY('part',$,(#4905));
#4973 = SHAPE_DEFINITION_REPRESENTATION(#4974,#4980);
#4974 = PRODUCT_DEFINITION_SHAPE('','',#4975);
#4975 = PRODUCT_DEFINITION('design','',#4976,#4979);
#4976 = PRODUCT_DEFINITION_FORMATION('','',#4977);
#4977 = PRODUCT('唱盘与唱臂共用浮动底板',
  '唱盘与唱臂共用浮动底板','',(#4978));
#4978 = PRODUCT_CONTEXT('',#2,'mechanical');
#4979 = PRODUCT_DEFINITION_CONTEXT('part definition',#2,'design');
#4980 = ADVANCED_BREP_SHAPE_REPRESENTATION('',(#11,#4981),#5170);
#4981 = MANIFOLD_SOLID_BREP('',#4982);
#4982 = CLOSED_SHELL('',(#4983,#5023,#5054,#5089,#5113,#5141,#5153));
#4983 = ADVANCED_FACE('',(#4984),#5018,.F.);
#4984 = FACE_BOUND('',#4985,.F.);
#4985 = EDGE_LOOP('',(#4986,#4996,#5004,#5012));
#4986 = ORIENTED_EDGE('',*,*,#4987,.F.);
#4987 = EDGE_CURVE('',#4988,#4990,#4992,.T.);
#4988 = VERTEX_POINT('',#4989);
#4989 = CARTESIAN_POINT('',(16.,8.,144.));
#4990 = VERTEX_POINT('',#4991);
#4991 = CARTESIAN_POINT('',(16.,8.,150.));
#4992 = LINE('',#4993,#4994);
#4993 = CARTESIAN_POINT('',(16.,8.,144.));
#4994 = VECTOR('',#4995,1.);
#4995 = DIRECTION('',(0.,0.,1.));
#4996 = ORIENTED_EDGE('',*,*,#4997,.T.);
#4997 = EDGE_CURVE('',#4988,#4998,#5000,.T.);
#4998 = VERTEX_POINT('',#4999);
#4999 = CARTESIAN_POINT('',(16.,317.5,144.));
#5000 = LINE('',#5001,#5002);
#5001 = CARTESIAN_POINT('',(16.,8.,144.));
#5002 = VECTOR('',#5003,1.);
#5003 = DIRECTION('',(-0.,1.,0.));
#5004 = ORIENTED_EDGE('',*,*,#5005,.T.);
#5005 = EDGE_CURVE('',#4998,#5006,#5008,.T.);
#5006 = VERTEX_POINT('',#5007);
#5007 = CARTESIAN_POINT('',(16.,317.5,150.));
#5008 = LINE('',#5009,#5010);
#5009 = CARTESIAN_POINT('',(16.,317.5,144.));
#5010 = VECTOR('',#5011,1.);
#5011 = DIRECTION('',(0.,0.,1.));
#5012 = ORIENTED_EDGE('',*,*,#5013,.F.);
#5013 = EDGE_CURVE('',#4990,#5006,#5014,.T.);
#5014 = LINE('',#5015,#5016);
#5015 = CARTESIAN_POINT('',(16.,8.,150.));
#5016 = VECTOR('',#5017,1.);
#5017 = DIRECTION('',(-0.,1.,0.));
#5018 = PLANE('',#5019);
#5019 = AXIS2_PLACEMENT_3D('',#5020,#5021,#5022);
#5020 = CARTESIAN_POINT('',(16.,8.,144.));
#5021 = DIRECTION('',(1.,0.,-0.));
#5022 = DIRECTION('',(0.,0.,1.));
#5023 = ADVANCED_FACE('',(#5024),#5049,.F.);
#5024 = FACE_BOUND('',#5025,.F.);
#5025 = EDGE_LOOP('',(#5026,#5034,#5035,#5043));
#5026 = ORIENTED_EDGE('',*,*,#5027,.F.);
#5027 = EDGE_CURVE('',#4988,#5028,#5030,.T.);
#5028 = VERTEX_POINT('',#5029);
#5029 = CARTESIAN_POINT('',(432.6,8.,144.));
#5030 = LINE('',#5031,#5032);
#5031 = CARTESIAN_POINT('',(16.,8.,144.));
#5032 = VECTOR('',#5033,1.);
#5033 = DIRECTION('',(1.,0.,-0.));
#5034 = ORIENTED_EDGE('',*,*,#4987,.T.);
#5035 = ORIENTED_EDGE('',*,*,#5036,.T.);
#5036 = EDGE_CURVE('',#4990,#5037,#5039,.T.);
#5037 = VERTEX_POINT('',#5038);
#5038 = CARTESIAN_POINT('',(432.6,8.,150.));
#5039 = LINE('',#5040,#5041);
#5040 = CARTESIAN_POINT('',(16.,8.,150.));
#5041 = VECTOR('',#5042,1.);
#5042 = DIRECTION('',(1.,0.,-0.));
#5043 = ORIENTED_EDGE('',*,*,#5044,.F.);
#5044 = EDGE_CURVE('',#5028,#5037,#5045,.T.);
#5045 = LINE('',#5046,#5047);
#5046 = CARTESIAN_POINT('',(432.6,8.,144.));
#5047 = VECTOR('',#5048,1.);
#5048 = DIRECTION('',(0.,0.,1.));
#5049 = PLANE('',#5050);
#5050 = AXIS2_PLACEMENT_3D('',#5051,#5052,#5053);
#5051 = CARTESIAN_POINT('',(16.,8.,144.));
#5052 = DIRECTION('',(-0.,1.,0.));
#5053 = DIRECTION('',(0.,0.,1.));
#5054 = ADVANCED_FACE('',(#5055,#5073),#5084,.T.);
#5055 = FACE_BOUND('',#5056,.T.);
#5056 = EDGE_LOOP('',(#5057,#5058,#5059,#5067));
#5057 = ORIENTED_EDGE('',*,*,#5013,.F.);
#5058 = ORIENTED_EDGE('',*,*,#5036,.T.);
#5059 = ORIENTED_EDGE('',*,*,#5060,.T.);
#5060 = EDGE_CURVE('',#5037,#5061,#5063,.T.);
#5061 = VERTEX_POINT('',#5062);
#5062 = CARTESIAN_POINT('',(432.6,317.5,150.));
#5063 = LINE('',#5064,#5065);
#5064 = CARTESIAN_POINT('',(432.6,8.,150.));
#5065 = VECTOR('',#5066,1.);
#5066 = DIRECTION('',(-0.,1.,0.));
#5067 = ORIENTED_EDGE('',*,*,#5068,.F.);
#5068 = EDGE_CURVE('',#5006,#5061,#5069,.T.);
#5069 = LINE('',#5070,#5071);
#5070 = CARTESIAN_POINT('',(16.,317.5,150.));
#5071 = VECTOR('',#5072,1.);
#5072 = DIRECTION('',(1.,0.,-0.));
#5073 = FACE_BOUND('',#5074,.T.);
#5074 = EDGE_LOOP('',(#5075));
#5075 = ORIENTED_EDGE('',*,*,#5076,.F.);
#5076 = EDGE_CURVE('',#5077,#5077,#5079,.T.);
#5077 = VERTEX_POINT('',#5078);
#5078 = CARTESIAN_POINT('',(186.2,172.,150.));
#5079 = CIRCLE('',#5080,10.2);
#5080 = AXIS2_PLACEMENT_3D('',#5081,#5082,#5083);
#5081 = CARTESIAN_POINT('',(176.,172.,150.));
#5082 = DIRECTION('',(0.,0.,1.));
#5083 = DIRECTION('',(1.,0.,-0.));
#5084 = PLANE('',#5085);
#5085 = AXIS2_PLACEMENT_3D('',#5086,#5087,#5088);
#5086 = CARTESIAN_POINT('',(16.,8.,150.));
#5087 = DIRECTION('',(0.,0.,1.));
#5088 = DIRECTION('',(1.,0.,-0.));
#5089 = ADVANCED_FACE('',(#5090),#5108,.T.);
#5090 = FACE_BOUND('',#5091,.T.);
#5091 = EDGE_LOOP('',(#5092,#5100,#5101,#5102));
#5092 = ORIENTED_EDGE('',*,*,#5093,.F.);
#5093 = EDGE_CURVE('',#4998,#5094,#5096,.T.);
#5094 = VERTEX_POINT('',#5095);
#5095 = CARTESIAN_POINT('',(432.6,317.5,144.));
#5096 = LINE('',#5097,#5098);
#5097 = CARTESIAN_POINT('',(16.,317.5,144.));
#5098 = VECTOR('',#5099,1.);
#5099 = DIRECTION('',(1.,0.,-0.));
#5100 = ORIENTED_EDGE('',*,*,#5005,.T.);
#5101 = ORIENTED_EDGE('',*,*,#5068,.T.);
#5102 = ORIENTED_EDGE('',*,*,#5103,.F.);
#5103 = EDGE_CURVE('',#5094,#5061,#5104,.T.);
#5104 = LINE('',#5105,#5106);
#5105 = CARTESIAN_POINT('',(432.6,317.5,144.));
#5106 = VECTOR('',#5107,1.);
#5107 = DIRECTION('',(0.,0.,1.));
#5108 = PLANE('',#5109);
#5109 = AXIS2_PLACEMENT_3D('',#5110,#5111,#5112);
#5110 = CARTESIAN_POINT('',(16.,317.5,144.));
#5111 = DIRECTION('',(-0.,1.,0.));
#5112 = DIRECTION('',(0.,0.,1.));
#5113 = ADVANCED_FACE('',(#5114,#5125),#5136,.F.);
#5114 = FACE_BOUND('',#5115,.F.);
#5115 = EDGE_LOOP('',(#5116,#5117,#5118,#5124));
#5116 = ORIENTED_EDGE('',*,*,#4997,.F.);
#5117 = ORIENTED_EDGE('',*,*,#5027,.T.);
#5118 = ORIENTED_EDGE('',*,*,#5119,.T.);
#5119 = EDGE_CURVE('',#5028,#5094,#5120,.T.);
#5120 = LINE('',#5121,#5122);
#5121 = CARTESIAN_POINT('',(432.6,8.,144.));
#5122 = VECTOR('',#5123,1.);
#5123 = DIRECTION('',(-0.,1.,0.));
#5124 = ORIENTED_EDGE('',*,*,#5093,.F.);
#5125 = FACE_BOUND('',#5126,.F.);
#5126 = EDGE_LOOP('',(#5127));
#5127 = ORIENTED_EDGE('',*,*,#5128,.F.);
#5128 = EDGE_CURVE('',#5129,#5129,#5131,.T.);
#5129 = VERTEX_POINT('',#5130);
#5130 = CARTESIAN_POINT('',(186.2,172.,144.));
#5131 = CIRCLE('',#5132,10.2);
#5132 = AXIS2_PLACEMENT_3D('',#5133,#5134,#5135);
#5133 = CARTESIAN_POINT('',(176.,172.,144.));
#5134 = DIRECTION('',(0.,0.,1.));
#5135 = DIRECTION('',(1.,0.,-0.));
#5136 = PLANE('',#5137);
#5137 = AXIS2_PLACEMENT_3D('',#5138,#5139,#5140);
#5138 = CARTESIAN_POINT('',(16.,8.,144.));
#5139 = DIRECTION('',(0.,0.,1.));
#5140 = DIRECTION('',(1.,0.,-0.));
#5141 = ADVANCED_FACE('',(#5142),#5148,.T.);
#5142 = FACE_BOUND('',#5143,.T.);
#5143 = EDGE_LOOP('',(#5144,#5145,#5146,#5147));
#5144 = ORIENTED_EDGE('',*,*,#5044,.F.);
#5145 = ORIENTED_EDGE('',*,*,#5119,.T.);
#5146 = ORIENTED_EDGE('',*,*,#5103,.T.);
#5147 = ORIENTED_EDGE('',*,*,#5060,.F.);
#5148 = PLANE('',#5149);
#5149 = AXIS2_PLACEMENT_3D('',#5150,#5151,#5152);
#5150 = CARTESIAN_POINT('',(432.6,8.,144.));
#5151 = DIRECTION('',(1.,0.,-0.));
#5152 = DIRECTION('',(0.,0.,1.));
#5153 = ADVANCED_FACE('',(#5154),#5165,.F.);
#5154 = FACE_BOUND('',#5155,.F.);
#5155 = EDGE_LOOP('',(#5156,#5157,#5163,#5164));
#5156 = ORIENTED_EDGE('',*,*,#5076,.F.);
#5157 = ORIENTED_EDGE('',*,*,#5158,.F.);
#5158 = EDGE_CURVE('',#5129,#5077,#5159,.T.);
#5159 = LINE('',#5160,#5161);
#5160 = CARTESIAN_POINT('',(186.2,172.,143.));
#5161 = VECTOR('',#5162,1.);
#5162 = DIRECTION('',(0.,0.,1.));
#5163 = ORIENTED_EDGE('',*,*,#5128,.T.);
#5164 = ORIENTED_EDGE('',*,*,#5158,.T.);
#5165 = CYLINDRICAL_SURFACE('',#5166,10.2);
#5166 = AXIS2_PLACEMENT_3D('',#5167,#5168,#5169);
#5167 = CARTESIAN_POINT('',(176.,172.,143.));
#5168 = DIRECTION('',(0.,0.,1.));
#5169 = DIRECTION('',(1.,0.,-0.));
#5170 = ( GEOMETRIC_REPRESENTATION_CONTEXT(3) 
GLOBAL_UNCERTAINTY_ASSIGNED_CONTEXT((#5174)) 
GLOBAL_UNIT_ASSIGNED_CONTEXT((#5171,#5172,#5173)) REPRESENTATION_CONTEXT
('Context #1','3D Context with UNIT and UNCERTAINTY') );
#5171 = ( LENGTH_UNIT() NAMED_UNIT(*) SI_UNIT(.MILLI.,.METRE.) );
#5172 = ( NAMED_UNIT(*) PLANE_ANGLE_UNIT() SI_UNIT($,.RADIAN.) );
#5173 = ( NAMED_UNIT(*) SI_UNIT($,.STERADIAN.) SOLID_ANGLE_UNIT() );
#5174 = UNCERTAINTY_MEASURE_WITH_UNIT(LENGTH_MEASURE(1.E-07),#5171,
  'distance_accuracy_value','confusion accuracy');
#5175 = CONTEXT_DEPENDENT_SHAPE_REPRESENTATION(#5176,#5178);
#5176 = ( REPRESENTATION_RELATIONSHIP('','',#4980,#10) 
REPRESENTATION_RELATIONSHIP_WITH_TRANSFORMATION(#5177) 
SHAPE_REPRESENTATION_RELATIONSHIP() );
#5177 = ITEM_DEFINED_TRANSFORMATION('','',#11,#123);
#5178 = PRODUCT_DEFINITION_SHAPE('Placement','Placement of an item',
  #5179);
#5179 = NEXT_ASSEMBLY_USAGE_OCCURRENCE('152',
  '唱盘与唱臂共用浮动底板','',#5,#4975,$);
#5180 = PRODUCT_RELATED_PRODUCT_CATEGORY('part',$,(#4977));
#5181 = SHAPE_DEFINITION_REPRESENTATION(#5182,#5188);
#5182 = PRODUCT_DEFINITION_SHAPE('','',#5183);
#5183 = PRODUCT_DEFINITION('design','',#5184,#5187);
#5184 = PRODUCT_DEFINITION_FORMATION('','',#5185);
#5185 = PRODUCT('功放板空间占位','功放板空间占位','',(
    #5186));
#5186 = PRODUCT_CONTEXT('',#2,'mechanical');
#5187 = PRODUCT_DEFINITION_CONTEXT('part definition',#2,'design');
#5188 = ADVANCED_BREP_SHAPE_REPRESENTATION('',(#11,#5189),#5339);
#5189 = MANIFOLD_SOLID_BREP('',#5190);
#5190 = CLOSED_SHELL('',(#5191,#5231,#5271,#5293,#5315,#5327));
#5191 = ADVANCED_FACE('',(#5192),#5226,.F.);
#5192 = FACE_BOUND('',#5193,.F.);
#5193 = EDGE_LOOP('',(#5194,#5204,#5212,#5220));
#5194 = ORIENTED_EDGE('',*,*,#5195,.F.);
#5195 = EDGE_CURVE('',#5196,#5198,#5200,.T.);
#5196 = VERTEX_POINT('',#5197);
#5197 = CARTESIAN_POINT('',(270.,207.,48.));
#5198 = VERTEX_POINT('',#5199);
#5199 = CARTESIAN_POINT('',(270.,207.,72.));
#5200 = LINE('',#5201,#5202);
#5201 = CARTESIAN_POINT('',(270.,207.,48.));
#5202 = VECTOR('',#5203,1.);
#5203 = DIRECTION('',(0.,0.,1.));
#5204 = ORIENTED_EDGE('',*,*,#5205,.T.);
#5205 = EDGE_CURVE('',#5196,#5206,#5208,.T.);
#5206 = VERTEX_POINT('',#5207);
#5207 = CARTESIAN_POINT('',(270.,272.,48.));
#5208 = LINE('',#5209,#5210);
#5209 = CARTESIAN_POINT('',(270.,207.,48.));
#5210 = VECTOR('',#5211,1.);
#5211 = DIRECTION('',(-0.,1.,0.));
#5212 = ORIENTED_EDGE('',*,*,#5213,.T.);
#5213 = EDGE_CURVE('',#5206,#5214,#5216,.T.);
#5214 = VERTEX_POINT('',#5215);
#5215 = CARTESIAN_POINT('',(270.,272.,72.));
#5216 = LINE('',#5217,#5218);
#5217 = CARTESIAN_POINT('',(270.,272.,48.));
#5218 = VECTOR('',#5219,1.);
#5219 = DIRECTION('',(0.,0.,1.));
#5220 = ORIENTED_EDGE('',*,*,#5221,.F.);
#5221 = EDGE_CURVE('',#5198,#5214,#5222,.T.);
#5222 = LINE('',#5223,#5224);
#5223 = CARTESIAN_POINT('',(270.,207.,72.));
#5224 = VECTOR('',#5225,1.);
#5225 = DIRECTION('',(-0.,1.,0.));
#5226 = PLANE('',#5227);
#5227 = AXIS2_PLACEMENT_3D('',#5228,#5229,#5230);
#5228 = CARTESIAN_POINT('',(270.,207.,48.));
#5229 = DIRECTION('',(1.,0.,-0.));
#5230 = DIRECTION('',(0.,0.,1.));
#5231 = ADVANCED_FACE('',(#5232),#5266,.T.);
#5232 = FACE_BOUND('',#5233,.T.);
#5233 = EDGE_LOOP('',(#5234,#5244,#5252,#5260));
#5234 = ORIENTED_EDGE('',*,*,#5235,.F.);
#5235 = EDGE_CURVE('',#5236,#5238,#5240,.T.);
#5236 = VERTEX_POINT('',#5237);
#5237 = CARTESIAN_POINT('',(382.,207.,48.));
#5238 = VERTEX_POINT('',#5239);
#5239 = CARTESIAN_POINT('',(382.,207.,72.));
#5240 = LINE('',#5241,#5242);
#5241 = CARTESIAN_POINT('',(382.,207.,48.));
#5242 = VECTOR('',#5243,1.);
#5243 = DIRECTION('',(0.,0.,1.));
#5244 = ORIENTED_EDGE('',*,*,#5245,.T.);
#5245 = EDGE_CURVE('',#5236,#5246,#5248,.T.);
#5246 = VERTEX_POINT('',#5247);
#5247 = CARTESIAN_POINT('',(382.,272.,48.));
#5248 = LINE('',#5249,#5250);
#5249 = CARTESIAN_POINT('',(382.,207.,48.));
#5250 = VECTOR('',#5251,1.);
#5251 = DIRECTION('',(-0.,1.,0.));
#5252 = ORIENTED_EDGE('',*,*,#5253,.T.);
#5253 = EDGE_CURVE('',#5246,#5254,#5256,.T.);
#5254 = VERTEX_POINT('',#5255);
#5255 = CARTESIAN_POINT('',(382.,272.,72.));
#5256 = LINE('',#5257,#5258);
#5257 = CARTESIAN_POINT('',(382.,272.,48.));
#5258 = VECTOR('',#5259,1.);
#5259 = DIRECTION('',(0.,0.,1.));
#5260 = ORIENTED_EDGE('',*,*,#5261,.F.);
#5261 = EDGE_CURVE('',#5238,#5254,#5262,.T.);
#5262 = LINE('',#5263,#5264);
#5263 = CARTESIAN_POINT('',(382.,207.,72.));
#5264 = VECTOR('',#5265,1.);
#5265 = DIRECTION('',(-0.,1.,0.));
#5266 = PLANE('',#5267);
#5267 = AXIS2_PLACEMENT_3D('',#5268,#5269,#5270);
#5268 = CARTESIAN_POINT('',(382.,207.,48.));
#5269 = DIRECTION('',(1.,0.,-0.));
#5270 = DIRECTION('',(0.,0.,1.));
#5271 = ADVANCED_FACE('',(#5272),#5288,.F.);
#5272 = FACE_BOUND('',#5273,.F.);
#5273 = EDGE_LOOP('',(#5274,#5280,#5281,#5287));
#5274 = ORIENTED_EDGE('',*,*,#5275,.F.);
#5275 = EDGE_CURVE('',#5196,#5236,#5276,.T.);
#5276 = LINE('',#5277,#5278);
#5277 = CARTESIAN_POINT('',(270.,207.,48.));
#5278 = VECTOR('',#5279,1.);
#5279 = DIRECTION('',(1.,0.,-0.));
#5280 = ORIENTED_EDGE('',*,*,#5195,.T.);
#5281 = ORIENTED_EDGE('',*,*,#5282,.T.);
#5282 = EDGE_CURVE('',#5198,#5238,#5283,.T.);
#5283 = LINE('',#5284,#5285);
#5284 = CARTESIAN_POINT('',(270.,207.,72.));
#5285 = VECTOR('',#5286,1.);
#5286 = DIRECTION('',(1.,0.,-0.));
#5287 = ORIENTED_EDGE('',*,*,#5235,.F.);
#5288 = PLANE('',#5289);
#5289 = AXIS2_PLACEMENT_3D('',#5290,#5291,#5292);
#5290 = CARTESIAN_POINT('',(270.,207.,48.));
#5291 = DIRECTION('',(-0.,1.,0.));
#5292 = DIRECTION('',(0.,0.,1.));
#5293 = ADVANCED_FACE('',(#5294),#5310,.T.);
#5294 = FACE_BOUND('',#5295,.T.);
#5295 = EDGE_LOOP('',(#5296,#5302,#5303,#5309));
#5296 = ORIENTED_EDGE('',*,*,#5297,.F.);
#5297 = EDGE_CURVE('',#5206,#5246,#5298,.T.);
#5298 = LINE('',#5299,#5300);
#5299 = CARTESIAN_POINT('',(270.,272.,48.));
#5300 = VECTOR('',#5301,1.);
#5301 = DIRECTION('',(1.,0.,-0.));
#5302 = ORIENTED_EDGE('',*,*,#5213,.T.);
#5303 = ORIENTED_EDGE('',*,*,#5304,.T.);
#5304 = EDGE_CURVE('',#5214,#5254,#5305,.T.);
#5305 = LINE('',#5306,#5307);
#5306 = CARTESIAN_POINT('',(270.,272.,72.));
#5307 = VECTOR('',#5308,1.);
#5308 = DIRECTION('',(1.,0.,-0.));
#5309 = ORIENTED_EDGE('',*,*,#5253,.F.);
#5310 = PLANE('',#5311);
#5311 = AXIS2_PLACEMENT_3D('',#5312,#5313,#5314);
#5312 = CARTESIAN_POINT('',(270.,272.,48.));
#5313 = DIRECTION('',(-0.,1.,0.));
#5314 = DIRECTION('',(0.,0.,1.));
#5315 = ADVANCED_FACE('',(#5316),#5322,.F.);
#5316 = FACE_BOUND('',#5317,.F.);
#5317 = EDGE_LOOP('',(#5318,#5319,#5320,#5321));
#5318 = ORIENTED_EDGE('',*,*,#5205,.F.);
#5319 = ORIENTED_EDGE('',*,*,#5275,.T.);
#5320 = ORIENTED_EDGE('',*,*,#5245,.T.);
#5321 = ORIENTED_EDGE('',*,*,#5297,.F.);
#5322 = PLANE('',#5323);
#5323 = AXIS2_PLACEMENT_3D('',#5324,#5325,#5326);
#5324 = CARTESIAN_POINT('',(270.,207.,48.));
#5325 = DIRECTION('',(0.,0.,1.));
#5326 = DIRECTION('',(1.,0.,-0.));
#5327 = ADVANCED_FACE('',(#5328),#5334,.T.);
#5328 = FACE_BOUND('',#5329,.T.);
#5329 = EDGE_LOOP('',(#5330,#5331,#5332,#5333));
#5330 = ORIENTED_EDGE('',*,*,#5221,.F.);
#5331 = ORIENTED_EDGE('',*,*,#5282,.T.);
#5332 = ORIENTED_EDGE('',*,*,#5261,.T.);
#5333 = ORIENTED_EDGE('',*,*,#5304,.F.);
#5334 = PLANE('',#5335);
#5335 = AXIS2_PLACEMENT_3D('',#5336,#5337,#5338);
#5336 = CARTESIAN_POINT('',(270.,207.,72.));
#5337 = DIRECTION('',(0.,0.,1.));
#5338 = DIRECTION('',(1.,0.,-0.));
#5339 = ( GEOMETRIC_REPRESENTATION_CONTEXT(3) 
GLOBAL_UNCERTAINTY_ASSIGNED_CONTEXT((#5343)) 
GLOBAL_UNIT_ASSIGNED_CONTEXT((#5340,#5341,#5342)) REPRESENTATION_CONTEXT
('Context #1','3D Context with UNIT and UNCERTAINTY') );
#5340 = ( LENGTH_UNIT() NAMED_UNIT(*) SI_UNIT(.MILLI.,.METRE.) );
#5341 = ( NAMED_UNIT(*) PLANE_ANGLE_UNIT() SI_UNIT($,.RADIAN.) );
#5342 = ( NAMED_UNIT(*) SI_UNIT($,.STERADIAN.) SOLID_ANGLE_UNIT() );
#5343 = UNCERTAINTY_MEASURE_WITH_UNIT(LENGTH_MEASURE(1.E-07),#5340,
  'distance_accuracy_value','confusion accuracy');
#5344 = CONTEXT_DEPENDENT_SHAPE_REPRESENTATION(#5345,#5347);
#5345 = ( REPRESENTATION_RELATIONSHIP('','',#5188,#10) 
REPRESENTATION_RELATIONSHIP_WITH_TRANSFORMATION(#5346) 
SHAPE_REPRESENTATION_RELATIONSHIP() );
#5346 = ITEM_DEFINED_TRANSFORMATION('','',#11,#127);
#5347 = PRODUCT_DEFINITION_SHAPE('Placement','Placement of an item',
  #5348);
#5348 = NEXT_ASSEMBLY_USAGE_OCCURRENCE('153','功放板空间占位','',
  #5,#5183,$);
#5349 = PRODUCT_RELATED_PRODUCT_CATEGORY('part',$,(#5185));
#5350 = SHAPE_DEFINITION_REPRESENTATION(#5351,#5357);
#5351 = PRODUCT_DEFINITION_SHAPE('','',#5352);
#5352 = PRODUCT_DEFINITION('design','',#5353,#5356);
#5353 = PRODUCT_DEFINITION_FORMATION('','',#5354);
#5354 = PRODUCT('唱放板空间占位','唱放板空间占位','',(
    #5355));
#5355 = PRODUCT_CONTEXT('',#2,'mechanical');
#5356 = PRODUCT_DEFINITION_CONTEXT('part definition',#2,'design');
#5357 = ADVANCED_BREP_SHAPE_REPRESENTATION('',(#11,#5358),#5508);
#5358 = MANIFOLD_SOLID_BREP('',#5359);
#5359 = CLOSED_SHELL('',(#5360,#5400,#5440,#5462,#5484,#5496));
#5360 = ADVANCED_FACE('',(#5361),#5395,.F.);
#5361 = FACE_BOUND('',#5362,.F.);
#5362 = EDGE_LOOP('',(#5363,#5373,#5381,#5389));
#5363 = ORIENTED_EDGE('',*,*,#5364,.F.);
#5364 = EDGE_CURVE('',#5365,#5367,#5369,.T.);
#5365 = VERTEX_POINT('',#5366);
#5366 = CARTESIAN_POINT('',(60.,220.,48.));
#5367 = VERTEX_POINT('',#5368);
#5368 = CARTESIAN_POINT('',(60.,220.,65.));
#5369 = LINE('',#5370,#5371);
#5370 = CARTESIAN_POINT('',(60.,220.,48.));
#5371 = VECTOR('',#5372,1.);
#5372 = DIRECTION('',(0.,0.,1.));
#5373 = ORIENTED_EDGE('',*,*,#5374,.T.);
#5374 = EDGE_CURVE('',#5365,#5375,#5377,.T.);
#5375 = VERTEX_POINT('',#5376);
#5376 = CARTESIAN_POINT('',(60.,272.,48.));
#5377 = LINE('',#5378,#5379);
#5378 = CARTESIAN_POINT('',(60.,220.,48.));
#5379 = VECTOR('',#5380,1.);
#5380 = DIRECTION('',(-0.,1.,0.));
#5381 = ORIENTED_EDGE('',*,*,#5382,.T.);
#5382 = EDGE_CURVE('',#5375,#5383,#5385,.T.);
#5383 = VERTEX_POINT('',#5384);
#5384 = CARTESIAN_POINT('',(60.,272.,65.));
#5385 = LINE('',#5386,#5387);
#5386 = CARTESIAN_POINT('',(60.,272.,48.));
#5387 = VECTOR('',#5388,1.);
#5388 = DIRECTION('',(0.,0.,1.));
#5389 = ORIENTED_EDGE('',*,*,#5390,.F.);
#5390 = EDGE_CURVE('',#5367,#5383,#5391,.T.);
#5391 = LINE('',#5392,#5393);
#5392 = CARTESIAN_POINT('',(60.,220.,65.));
#5393 = VECTOR('',#5394,1.);
#5394 = DIRECTION('',(-0.,1.,0.));
#5395 = PLANE('',#5396);
#5396 = AXIS2_PLACEMENT_3D('',#5397,#5398,#5399);
#5397 = CARTESIAN_POINT('',(60.,220.,48.));
#5398 = DIRECTION('',(1.,0.,-0.));
#5399 = DIRECTION('',(0.,0.,1.));
#5400 = ADVANCED_FACE('',(#5401),#5435,.T.);
#5401 = FACE_BOUND('',#5402,.T.);
#5402 = EDGE_LOOP('',(#5403,#5413,#5421,#5429));
#5403 = ORIENTED_EDGE('',*,*,#5404,.F.);
#5404 = EDGE_CURVE('',#5405,#5407,#5409,.T.);
#5405 = VERTEX_POINT('',#5406);
#5406 = CARTESIAN_POINT('',(140.,220.,48.));
#5407 = VERTEX_POINT('',#5408);
#5408 = CARTESIAN_POINT('',(140.,220.,65.));
#5409 = LINE('',#5410,#5411);
#5410 = CARTESIAN_POINT('',(140.,220.,48.));
#5411 = VECTOR('',#5412,1.);
#5412 = DIRECTION('',(0.,0.,1.));
#5413 = ORIENTED_EDGE('',*,*,#5414,.T.);
#5414 = EDGE_CURVE('',#5405,#5415,#5417,.T.);
#5415 = VERTEX_POINT('',#5416);
#5416 = CARTESIAN_POINT('',(140.,272.,48.));
#5417 = LINE('',#5418,#5419);
#5418 = CARTESIAN_POINT('',(140.,220.,48.));
#5419 = VECTOR('',#5420,1.);
#5420 = DIRECTION('',(-0.,1.,0.));
#5421 = ORIENTED_EDGE('',*,*,#5422,.T.);
#5422 = EDGE_CURVE('',#5415,#5423,#5425,.T.);
#5423 = VERTEX_POINT('',#5424);
#5424 = CARTESIAN_POINT('',(140.,272.,65.));
#5425 = LINE('',#5426,#5427);
#5426 = CARTESIAN_POINT('',(140.,272.,48.));
#5427 = VECTOR('',#5428,1.);
#5428 = DIRECTION('',(0.,0.,1.));
#5429 = ORIENTED_EDGE('',*,*,#5430,.F.);
#5430 = EDGE_CURVE('',#5407,#5423,#5431,.T.);
#5431 = LINE('',#5432,#5433);
#5432 = CARTESIAN_POINT('',(140.,220.,65.));
#5433 = VECTOR('',#5434,1.);
#5434 = DIRECTION('',(-0.,1.,0.));
#5435 = PLANE('',#5436);
#5436 = AXIS2_PLACEMENT_3D('',#5437,#5438,#5439);
#5437 = CARTESIAN_POINT('',(140.,220.,48.));
#5438 = DIRECTION('',(1.,0.,-0.));
#5439 = DIRECTION('',(0.,0.,1.));
#5440 = ADVANCED_FACE('',(#5441),#5457,.F.);
#5441 = FACE_BOUND('',#5442,.F.);
#5442 = EDGE_LOOP('',(#5443,#5449,#5450,#5456));
#5443 = ORIENTED_EDGE('',*,*,#5444,.F.);
#5444 = EDGE_CURVE('',#5365,#5405,#5445,.T.);
#5445 = LINE('',#5446,#5447);
#5446 = CARTESIAN_POINT('',(60.,220.,48.));
#5447 = VECTOR('',#5448,1.);
#5448 = DIRECTION('',(1.,0.,-0.));
#5449 = ORIENTED_EDGE('',*,*,#5364,.T.);
#5450 = ORIENTED_EDGE('',*,*,#5451,.T.);
#5451 = EDGE_CURVE('',#5367,#5407,#5452,.T.);
#5452 = LINE('',#5453,#5454);
#5453 = CARTESIAN_POINT('',(60.,220.,65.));
#5454 = VECTOR('',#5455,1.);
#5455 = DIRECTION('',(1.,0.,-0.));
#5456 = ORIENTED_EDGE('',*,*,#5404,.F.);
#5457 = PLANE('',#5458);
#5458 = AXIS2_PLACEMENT_3D('',#5459,#5460,#5461);
#5459 = CARTESIAN_POINT('',(60.,220.,48.));
#5460 = DIRECTION('',(-0.,1.,0.));
#5461 = DIRECTION('',(0.,0.,1.));
#5462 = ADVANCED_FACE('',(#5463),#5479,.T.);
#5463 = FACE_BOUND('',#5464,.T.);
#5464 = EDGE_LOOP('',(#5465,#5471,#5472,#5478));
#5465 = ORIENTED_EDGE('',*,*,#5466,.F.);
#5466 = EDGE_CURVE('',#5375,#5415,#5467,.T.);
#5467 = LINE('',#5468,#5469);
#5468 = CARTESIAN_POINT('',(60.,272.,48.));
#5469 = VECTOR('',#5470,1.);
#5470 = DIRECTION('',(1.,0.,-0.));
#5471 = ORIENTED_EDGE('',*,*,#5382,.T.);
#5472 = ORIENTED_EDGE('',*,*,#5473,.T.);
#5473 = EDGE_CURVE('',#5383,#5423,#5474,.T.);
#5474 = LINE('',#5475,#5476);
#5475 = CARTESIAN_POINT('',(60.,272.,65.));
#5476 = VECTOR('',#5477,1.);
#5477 = DIRECTION('',(1.,0.,-0.));
#5478 = ORIENTED_EDGE('',*,*,#5422,.F.);
#5479 = PLANE('',#5480);
#5480 = AXIS2_PLACEMENT_3D('',#5481,#5482,#5483);
#5481 = CARTESIAN_POINT('',(60.,272.,48.));
#5482 = DIRECTION('',(-0.,1.,0.));
#5483 = DIRECTION('',(0.,0.,1.));
#5484 = ADVANCED_FACE('',(#5485),#5491,.F.);
#5485 = FACE_BOUND('',#5486,.F.);
#5486 = EDGE_LOOP('',(#5487,#5488,#5489,#5490));
#5487 = ORIENTED_EDGE('',*,*,#5374,.F.);
#5488 = ORIENTED_EDGE('',*,*,#5444,.T.);
#5489 = ORIENTED_EDGE('',*,*,#5414,.T.);
#5490 = ORIENTED_EDGE('',*,*,#5466,.F.);
#5491 = PLANE('',#5492);
#5492 = AXIS2_PLACEMENT_3D('',#5493,#5494,#5495);
#5493 = CARTESIAN_POINT('',(60.,220.,48.));
#5494 = DIRECTION('',(0.,0.,1.));
#5495 = DIRECTION('',(1.,0.,-0.));
#5496 = ADVANCED_FACE('',(#5497),#5503,.T.);
#5497 = FACE_BOUND('',#5498,.T.);
#5498 = EDGE_LOOP('',(#5499,#5500,#5501,#5502));
#5499 = ORIENTED_EDGE('',*,*,#5390,.F.);
#5500 = ORIENTED_EDGE('',*,*,#5451,.T.);
#5501 = ORIENTED_EDGE('',*,*,#5430,.T.);
#5502 = ORIENTED_EDGE('',*,*,#5473,.F.);
#5503 = PLANE('',#5504);
#5504 = AXIS2_PLACEMENT_3D('',#5505,#5506,#5507);
#5505 = CARTESIAN_POINT('',(60.,220.,65.));
#5506 = DIRECTION('',(0.,0.,1.));
#5507 = DIRECTION('',(1.,0.,-0.));
#5508 = ( GEOMETRIC_REPRESENTATION_CONTEXT(3) 
GLOBAL_UNCERTAINTY_ASSIGNED_CONTEXT((#5512)) 
GLOBAL_UNIT_ASSIGNED_CONTEXT((#5509,#5510,#5511)) REPRESENTATION_CONTEXT
('Context #1','3D Context with UNIT and UNCERTAINTY') );
#5509 = ( LENGTH_UNIT() NAMED_UNIT(*) SI_UNIT(.MILLI.,.METRE.) );
#5510 = ( NAMED_UNIT(*) PLANE_ANGLE_UNIT() SI_UNIT($,.RADIAN.) );
#5511 = ( NAMED_UNIT(*) SI_UNIT($,.STERADIAN.) SOLID_ANGLE_UNIT() );
#5512 = UNCERTAINTY_MEASURE_WITH_UNIT(LENGTH_MEASURE(1.E-07),#5509,
  'distance_accuracy_value','confusion accuracy');
#5513 = CONTEXT_DEPENDENT_SHAPE_REPRESENTATION(#5514,#5516);
#5514 = ( REPRESENTATION_RELATIONSHIP('','',#5357,#10) 
REPRESENTATION_RELATIONSHIP_WITH_TRANSFORMATION(#5515) 
SHAPE_REPRESENTATION_RELATIONSHIP() );
#5515 = ITEM_DEFINED_TRANSFORMATION('','',#11,#131);
#5516 = PRODUCT_DEFINITION_SHAPE('Placement','Placement of an item',
  #5517);
#5517 = NEXT_ASSEMBLY_USAGE_OCCURRENCE('154','唱放板空间占位','',
  #5,#5352,$);
#5518 = PRODUCT_RELATED_PRODUCT_CATEGORY('part',$,(#5354));
#5519 = SHAPE_DEFINITION_REPRESENTATION(#5520,#5526);
#5520 = PRODUCT_DEFINITION_SHAPE('','',#5521);
#5521 = PRODUCT_DEFINITION('design','',#5522,#5525);
#5522 = PRODUCT_DEFINITION_FORMATION('','',#5523);
#5523 = PRODUCT('后部接口安装板占位',
  '后部接口安装板占位','',(#5524));
#5524 = PRODUCT_CONTEXT('',#2,'mechanical');
#5525 = PRODUCT_DEFINITION_CONTEXT('part definition',#2,'design');
#5526 = ADVANCED_BREP_SHAPE_REPRESENTATION('',(#11,#5527),#5677);
#5527 = MANIFOLD_SOLID_BREP('',#5528);
#5528 = CLOSED_SHELL('',(#5529,#5569,#5609,#5631,#5653,#5665));
#5529 = ADVANCED_FACE('',(#5530),#5564,.F.);
#5530 = FACE_BOUND('',#5531,.F.);
#5531 = EDGE_LOOP('',(#5532,#5542,#5550,#5558));
#5532 = ORIENTED_EDGE('',*,*,#5533,.F.);
#5533 = EDGE_CURVE('',#5534,#5536,#5538,.T.);
#5534 = VERTEX_POINT('',#5535);
#5535 = CARTESIAN_POINT('',(189.3,331.5,65.));
#5536 = VERTEX_POINT('',#5537);
#5537 = CARTESIAN_POINT('',(189.3,331.5,97.));
#5538 = LINE('',#5539,#5540);
#5539 = CARTESIAN_POINT('',(189.3,331.5,65.));
#5540 = VECTOR('',#5541,1.);
#5541 = DIRECTION('',(0.,0.,1.));
#5542 = ORIENTED_EDGE('',*,*,#5543,.T.);
#5543 = EDGE_CURVE('',#5534,#5544,#5546,.T.);
#5544 = VERTEX_POINT('',#5545);
#5545 = CARTESIAN_POINT('',(189.3,333.5,65.));
#5546 = LINE('',#5547,#5548);
#5547 = CARTESIAN_POINT('',(189.3,331.5,65.));
#5548 = VECTOR('',#5549,1.);
#5549 = DIRECTION('',(-0.,1.,0.));
#5550 = ORIENTED_EDGE('',*,*,#5551,.T.);
#5551 = EDGE_CURVE('',#5544,#5552,#5554,.T.);
#5552 = VERTEX_POINT('',#5553);
#5553 = CARTESIAN_POINT('',(189.3,333.5,97.));
#5554 = LINE('',#5555,#5556);
#5555 = CARTESIAN_POINT('',(189.3,333.5,65.));
#5556 = VECTOR('',#5557,1.);
#5557 = DIRECTION('',(0.,0.,1.));
#5558 = ORIENTED_EDGE('',*,*,#5559,.F.);
#5559 = EDGE_CURVE('',#5536,#5552,#5560,.T.);
#5560 = LINE('',#5561,#5562);
#5561 = CARTESIAN_POINT('',(189.3,331.5,97.));
#5562 = VECTOR('',#5563,1.);
#5563 = DIRECTION('',(-0.,1.,0.));
#5564 = PLANE('',#5565);
#5565 = AXIS2_PLACEMENT_3D('',#5566,#5567,#5568);
#5566 = CARTESIAN_POINT('',(189.3,331.5,65.));
#5567 = DIRECTION('',(1.,0.,-0.));
#5568 = DIRECTION('',(0.,0.,1.));
#5569 = ADVANCED_FACE('',(#5570),#5604,.T.);
#5570 = FACE_BOUND('',#5571,.T.);
#5571 = EDGE_LOOP('',(#5572,#5582,#5590,#5598));
#5572 = ORIENTED_EDGE('',*,*,#5573,.F.);
#5573 = EDGE_CURVE('',#5574,#5576,#5578,.T.);
#5574 = VERTEX_POINT('',#5575);
#5575 = CARTESIAN_POINT('',(299.3,331.5,65.));
#5576 = VERTEX_POINT('',#5577);
#5577 = CARTESIAN_POINT('',(299.3,331.5,97.));
#5578 = LINE('',#5579,#5580);
#5579 = CARTESIAN_POINT('',(299.3,331.5,65.));
#5580 = VECTOR('',#5581,1.);
#5581 = DIRECTION('',(0.,0.,1.));
#5582 = ORIENTED_EDGE('',*,*,#5583,.T.);
#5583 = EDGE_CURVE('',#5574,#5584,#5586,.T.);
#5584 = VERTEX_POINT('',#5585);
#5585 = CARTESIAN_POINT('',(299.3,333.5,65.));
#5586 = LINE('',#5587,#5588);
#5587 = CARTESIAN_POINT('',(299.3,331.5,65.));
#5588 = VECTOR('',#5589,1.);
#5589 = DIRECTION('',(-0.,1.,0.));
#5590 = ORIENTED_EDGE('',*,*,#5591,.T.);
#5591 = EDGE_CURVE('',#5584,#5592,#5594,.T.);
#5592 = VERTEX_POINT('',#5593);
#5593 = CARTESIAN_POINT('',(299.3,333.5,97.));
#5594 = LINE('',#5595,#5596);
#5595 = CARTESIAN_POINT('',(299.3,333.5,65.));
#5596 = VECTOR('',#5597,1.);
#5597 = DIRECTION('',(0.,0.,1.));
#5598 = ORIENTED_EDGE('',*,*,#5599,.F.);
#5599 = EDGE_CURVE('',#5576,#5592,#5600,.T.);
#5600 = LINE('',#5601,#5602);
#5601 = CARTESIAN_POINT('',(299.3,331.5,97.));
#5602 = VECTOR('',#5603,1.);
#5603 = DIRECTION('',(-0.,1.,0.));
#5604 = PLANE('',#5605);
#5605 = AXIS2_PLACEMENT_3D('',#5606,#5607,#5608);
#5606 = CARTESIAN_POINT('',(299.3,331.5,65.));
#5607 = DIRECTION('',(1.,0.,-0.));
#5608 = DIRECTION('',(0.,0.,1.));
#5609 = ADVANCED_FACE('',(#5610),#5626,.F.);
#5610 = FACE_BOUND('',#5611,.F.);
#5611 = EDGE_LOOP('',(#5612,#5618,#5619,#5625));
#5612 = ORIENTED_EDGE('',*,*,#5613,.F.);
#5613 = EDGE_CURVE('',#5534,#5574,#5614,.T.);
#5614 = LINE('',#5615,#5616);
#5615 = CARTESIAN_POINT('',(189.3,331.5,65.));
#5616 = VECTOR('',#5617,1.);
#5617 = DIRECTION('',(1.,0.,-0.));
#5618 = ORIENTED_EDGE('',*,*,#5533,.T.);
#5619 = ORIENTED_EDGE('',*,*,#5620,.T.);
#5620 = EDGE_CURVE('',#5536,#5576,#5621,.T.);
#5621 = LINE('',#5622,#5623);
#5622 = CARTESIAN_POINT('',(189.3,331.5,97.));
#5623 = VECTOR('',#5624,1.);
#5624 = DIRECTION('',(1.,0.,-0.));
#5625 = ORIENTED_EDGE('',*,*,#5573,.F.);
#5626 = PLANE('',#5627);
#5627 = AXIS2_PLACEMENT_3D('',#5628,#5629,#5630);
#5628 = CARTESIAN_POINT('',(189.3,331.5,65.));
#5629 = DIRECTION('',(-0.,1.,0.));
#5630 = DIRECTION('',(0.,0.,1.));
#5631 = ADVANCED_FACE('',(#5632),#5648,.T.);
#5632 = FACE_BOUND('',#5633,.T.);
#5633 = EDGE_LOOP('',(#5634,#5640,#5641,#5647));
#5634 = ORIENTED_EDGE('',*,*,#5635,.F.);
#5635 = EDGE_CURVE('',#5544,#5584,#5636,.T.);
#5636 = LINE('',#5637,#5638);
#5637 = CARTESIAN_POINT('',(189.3,333.5,65.));
#5638 = VECTOR('',#5639,1.);
#5639 = DIRECTION('',(1.,0.,-0.));
#5640 = ORIENTED_EDGE('',*,*,#5551,.T.);
#5641 = ORIENTED_EDGE('',*,*,#5642,.T.);
#5642 = EDGE_CURVE('',#5552,#5592,#5643,.T.);
#5643 = LINE('',#5644,#5645);
#5644 = CARTESIAN_POINT('',(189.3,333.5,97.));
#5645 = VECTOR('',#5646,1.);
#5646 = DIRECTION('',(1.,0.,-0.));
#5647 = ORIENTED_EDGE('',*,*,#5591,.F.);
#5648 = PLANE('',#5649);
#5649 = AXIS2_PLACEMENT_3D('',#5650,#5651,#5652);
#5650 = CARTESIAN_POINT('',(189.3,333.5,65.));
#5651 = DIRECTION('',(-0.,1.,0.));
#5652 = DIRECTION('',(0.,0.,1.));
#5653 = ADVANCED_FACE('',(#5654),#5660,.F.);
#5654 = FACE_BOUND('',#5655,.F.);
#5655 = EDGE_LOOP('',(#5656,#5657,#5658,#5659));
#5656 = ORIENTED_EDGE('',*,*,#5543,.F.);
#5657 = ORIENTED_EDGE('',*,*,#5613,.T.);
#5658 = ORIENTED_EDGE('',*,*,#5583,.T.);
#5659 = ORIENTED_EDGE('',*,*,#5635,.F.);
#5660 = PLANE('',#5661);
#5661 = AXIS2_PLACEMENT_3D('',#5662,#5663,#5664);
#5662 = CARTESIAN_POINT('',(189.3,331.5,65.));
#5663 = DIRECTION('',(0.,0.,1.));
#5664 = DIRECTION('',(1.,0.,-0.));
#5665 = ADVANCED_FACE('',(#5666),#5672,.T.);
#5666 = FACE_BOUND('',#5667,.T.);
#5667 = EDGE_LOOP('',(#5668,#5669,#5670,#5671));
#5668 = ORIENTED_EDGE('',*,*,#5559,.F.);
#5669 = ORIENTED_EDGE('',*,*,#5620,.T.);
#5670 = ORIENTED_EDGE('',*,*,#5599,.T.);
#5671 = ORIENTED_EDGE('',*,*,#5642,.F.);
#5672 = PLANE('',#5673);
#5673 = AXIS2_PLACEMENT_3D('',#5674,#5675,#5676);
#5674 = CARTESIAN_POINT('',(189.3,331.5,97.));
#5675 = DIRECTION('',(0.,0.,1.));
#5676 = DIRECTION('',(1.,0.,-0.));
#5677 = ( GEOMETRIC_REPRESENTATION_CONTEXT(3) 
GLOBAL_UNCERTAINTY_ASSIGNED_CONTEXT((#5681)) 
GLOBAL_UNIT_ASSIGNED_CONTEXT((#5678,#5679,#5680)) REPRESENTATION_CONTEXT
('Context #1','3D Context with UNIT and UNCERTAINTY') );
#5678 = ( LENGTH_UNIT() NAMED_UNIT(*) SI_UNIT(.MILLI.,.METRE.) );
#5679 = ( NAMED_UNIT(*) PLANE_ANGLE_UNIT() SI_UNIT($,.RADIAN.) );
#5680 = ( NAMED_UNIT(*) SI_UNIT($,.STERADIAN.) SOLID_ANGLE_UNIT() );
#5681 = UNCERTAINTY_MEASURE_WITH_UNIT(LENGTH_MEASURE(1.E-07),#5678,
  'distance_accuracy_value','confusion accuracy');
#5682 = CONTEXT_DEPENDENT_SHAPE_REPRESENTATION(#5683,#5685);
#5683 = ( REPRESENTATION_RELATIONSHIP('','',#5526,#10) 
REPRESENTATION_RELATIONSHIP_WITH_TRANSFORMATION(#5684) 
SHAPE_REPRESENTATION_RELATIONSHIP() );
#5684 = ITEM_DEFINED_TRANSFORMATION('','',#11,#135);
#5685 = PRODUCT_DEFINITION_SHAPE('Placement','Placement of an item',
  #5686);
#5686 = NEXT_ASSEMBLY_USAGE_OCCURRENCE('155',
  '后部接口安装板占位','',#5,#5521,$);
#5687 = PRODUCT_RELATED_PRODUCT_CATEGORY('part',$,(#5523));
#5688 = SHAPE_DEFINITION_REPRESENTATION(#5689,#5695);
#5689 = PRODUCT_DEFINITION_SHAPE('','',#5690);
#5690 = PRODUCT_DEFINITION('design','',#5691,#5694);
#5691 = PRODUCT_DEFINITION_FORMATION('','',#5692);
#5692 = PRODUCT('马达空间占位','马达空间占位','',(#5693));
#5693 = PRODUCT_CONTEXT('',#2,'mechanical');
#5694 = PRODUCT_DEFINITION_CONTEXT('part definition',#2,'design');
#5695 = ADVANCED_BREP_SHAPE_REPRESENTATION('',(#11,#5696),#5749);
#5696 = MANIFOLD_SOLID_BREP('',#5697);
#5697 = CLOSED_SHELL('',(#5698,#5731,#5740));
#5698 = ADVANCED_FACE('',(#5699),#5726,.T.);
#5699 = FACE_BOUND('',#5700,.T.);
#5700 = EDGE_LOOP('',(#5701,#5710,#5718,#5725));
#5701 = ORIENTED_EDGE('',*,*,#5702,.F.);
#5702 = EDGE_CURVE('',#5703,#5703,#5705,.T.);
#5703 = VERTEX_POINT('',#5704);
#5704 = CARTESIAN_POINT('',(130.,227.,144.));
#5705 = CIRCLE('',#5706,18.);
#5706 = AXIS2_PLACEMENT_3D('',#5707,#5708,#5709);
#5707 = CARTESIAN_POINT('',(112.,227.,144.));
#5708 = DIRECTION('',(0.,0.,1.));
#5709 = DIRECTION('',(1.,0.,-0.));
#5710 = ORIENTED_EDGE('',*,*,#5711,.F.);
#5711 = EDGE_CURVE('',#5712,#5703,#5714,.T.);
#5712 = VERTEX_POINT('',#5713);
#5713 = CARTESIAN_POINT('',(130.,227.,110.));
#5714 = LINE('',#5715,#5716);
#5715 = CARTESIAN_POINT('',(130.,227.,110.));
#5716 = VECTOR('',#5717,1.);
#5717 = DIRECTION('',(0.,0.,1.));
#5718 = ORIENTED_EDGE('',*,*,#5719,.T.);
#5719 = EDGE_CURVE('',#5712,#5712,#5720,.T.);
#5720 = CIRCLE('',#5721,18.);
#5721 = AXIS2_PLACEMENT_3D('',#5722,#5723,#5724);
#5722 = CARTESIAN_POINT('',(112.,227.,110.));
#5723 = DIRECTION('',(0.,0.,1.));
#5724 = DIRECTION('',(1.,0.,-0.));
#5725 = ORIENTED_EDGE('',*,*,#5711,.T.);
#5726 = CYLINDRICAL_SURFACE('',#5727,18.);
#5727 = AXIS2_PLACEMENT_3D('',#5728,#5729,#5730);
#5728 = CARTESIAN_POINT('',(112.,227.,110.));
#5729 = DIRECTION('',(0.,0.,1.));
#5730 = DIRECTION('',(1.,0.,-0.));
#5731 = ADVANCED_FACE('',(#5732),#5735,.T.);
#5732 = FACE_BOUND('',#5733,.T.);
#5733 = EDGE_LOOP('',(#5734));
#5734 = ORIENTED_EDGE('',*,*,#5702,.T.);
#5735 = PLANE('',#5736);
#5736 = AXIS2_PLACEMENT_3D('',#5737,#5738,#5739);
#5737 = CARTESIAN_POINT('',(112.,227.,144.));
#5738 = DIRECTION('',(0.,0.,1.));
#5739 = DIRECTION('',(1.,0.,-0.));
#5740 = ADVANCED_FACE('',(#5741),#5744,.F.);
#5741 = FACE_BOUND('',#5742,.T.);
#5742 = EDGE_LOOP('',(#5743));
#5743 = ORIENTED_EDGE('',*,*,#5719,.F.);
#5744 = PLANE('',#5745);
#5745 = AXIS2_PLACEMENT_3D('',#5746,#5747,#5748);
#5746 = CARTESIAN_POINT('',(112.,227.,110.));
#5747 = DIRECTION('',(0.,0.,1.));
#5748 = DIRECTION('',(1.,0.,-0.));
#5749 = ( GEOMETRIC_REPRESENTATION_CONTEXT(3) 
GLOBAL_UNCERTAINTY_ASSIGNED_CONTEXT((#5753)) 
GLOBAL_UNIT_ASSIGNED_CONTEXT((#5750,#5751,#5752)) REPRESENTATION_CONTEXT
('Context #1','3D Context with UNIT and UNCERTAINTY') );
#5750 = ( LENGTH_UNIT() NAMED_UNIT(*) SI_UNIT(.MILLI.,.METRE.) );
#5751 = ( NAMED_UNIT(*) PLANE_ANGLE_UNIT() SI_UNIT($,.RADIAN.) );
#5752 = ( NAMED_UNIT(*) SI_UNIT($,.STERADIAN.) SOLID_ANGLE_UNIT() );
#5753 = UNCERTAINTY_MEASURE_WITH_UNIT(LENGTH_MEASURE(1.E-07),#5750,
  'distance_accuracy_value','confusion accuracy');
#5754 = CONTEXT_DEPENDENT_SHAPE_REPRESENTATION(#5755,#5757);
#5755 = ( REPRESENTATION_RELATIONSHIP('','',#5695,#10) 
REPRESENTATION_RELATIONSHIP_WITH_TRANSFORMATION(#5756) 
SHAPE_REPRESENTATION_RELATIONSHIP() );
#5756 = ITEM_DEFINED_TRANSFORMATION('','',#11,#139);
#5757 = PRODUCT_DEFINITION_SHAPE('Placement','Placement of an item',
  #5758);
#5758 = NEXT_ASSEMBLY_USAGE_OCCURRENCE('156','马达空间占位','',#5,
  #5690,$);
#5759 = PRODUCT_RELATED_PRODUCT_CATEGORY('part',$,(#5692));
#5760 = SHAPE_DEFINITION_REPRESENTATION(#5761,#5767);
#5761 = PRODUCT_DEFINITION_SHAPE('','',#5762);
#5762 = PRODUCT_DEFINITION('design','',#5763,#5766);
#5763 = PRODUCT_DEFINITION_FORMATION('','',#5764);
#5764 = PRODUCT('主轴轴承空间占位','主轴轴承空间占位',''
  ,(#5765));
#5765 = PRODUCT_CONTEXT('',#2,'mechanical');
#5766 = PRODUCT_DEFINITION_CONTEXT('part definition',#2,'design');
#5767 = ADVANCED_BREP_SHAPE_REPRESENTATION('',(#11,#5768),#5821);
#5768 = MANIFOLD_SOLID_BREP('',#5769);
#5769 = CLOSED_SHELL('',(#5770,#5803,#5812));
#5770 = ADVANCED_FACE('',(#5771),#5798,.T.);
#5771 = FACE_BOUND('',#5772,.T.);
#5772 = EDGE_LOOP('',(#5773,#5782,#5790,#5797));
#5773 = ORIENTED_EDGE('',*,*,#5774,.F.);
#5774 = EDGE_CURVE('',#5775,#5775,#5777,.T.);
#5775 = VERTEX_POINT('',#5776);
#5776 = CARTESIAN_POINT('',(186.,172.,150.));
#5777 = CIRCLE('',#5778,10.);
#5778 = AXIS2_PLACEMENT_3D('',#5779,#5780,#5781);
#5779 = CARTESIAN_POINT('',(176.,172.,150.));
#5780 = DIRECTION('',(0.,0.,1.));
#5781 = DIRECTION('',(1.,0.,-0.));
#5782 = ORIENTED_EDGE('',*,*,#5783,.F.);
#5783 = EDGE_CURVE('',#5784,#5775,#5786,.T.);
#5784 = VERTEX_POINT('',#5785);
#5785 = CARTESIAN_POINT('',(186.,172.,114.));
#5786 = LINE('',#5787,#5788);
#5787 = CARTESIAN_POINT('',(186.,172.,114.));
#5788 = VECTOR('',#5789,1.);
#5789 = DIRECTION('',(0.,0.,1.));
#5790 = ORIENTED_EDGE('',*,*,#5791,.T.);
#5791 = EDGE_CURVE('',#5784,#5784,#5792,.T.);
#5792 = CIRCLE('',#5793,10.);
#5793 = AXIS2_PLACEMENT_3D('',#5794,#5795,#5796);
#5794 = CARTESIAN_POINT('',(176.,172.,114.));
#5795 = DIRECTION('',(0.,0.,1.));
#5796 = DIRECTION('',(1.,0.,-0.));
#5797 = ORIENTED_EDGE('',*,*,#5783,.T.);
#5798 = CYLINDRICAL_SURFACE('',#5799,10.);
#5799 = AXIS2_PLACEMENT_3D('',#5800,#5801,#5802);
#5800 = CARTESIAN_POINT('',(176.,172.,114.));
#5801 = DIRECTION('',(0.,0.,1.));
#5802 = DIRECTION('',(1.,0.,-0.));
#5803 = ADVANCED_FACE('',(#5804),#5807,.T.);
#5804 = FACE_BOUND('',#5805,.T.);
#5805 = EDGE_LOOP('',(#5806));
#5806 = ORIENTED_EDGE('',*,*,#5774,.T.);
#5807 = PLANE('',#5808);
#5808 = AXIS2_PLACEMENT_3D('',#5809,#5810,#5811);
#5809 = CARTESIAN_POINT('',(176.,172.,150.));
#5810 = DIRECTION('',(0.,0.,1.));
#5811 = DIRECTION('',(1.,0.,-0.));
#5812 = ADVANCED_FACE('',(#5813),#5816,.F.);
#5813 = FACE_BOUND('',#5814,.T.);
#5814 = EDGE_LOOP('',(#5815));
#5815 = ORIENTED_EDGE('',*,*,#5791,.F.);
#5816 = PLANE('',#5817);
#5817 = AXIS2_PLACEMENT_3D('',#5818,#5819,#5820);
#5818 = CARTESIAN_POINT('',(176.,172.,114.));
#5819 = DIRECTION('',(0.,0.,1.));
#5820 = DIRECTION('',(1.,0.,-0.));
#5821 = ( GEOMETRIC_REPRESENTATION_CONTEXT(3) 
GLOBAL_UNCERTAINTY_ASSIGNED_CONTEXT((#5825)) 
GLOBAL_UNIT_ASSIGNED_CONTEXT((#5822,#5823,#5824)) REPRESENTATION_CONTEXT
('Context #1','3D Context with UNIT and UNCERTAINTY') );
#5822 = ( LENGTH_UNIT() NAMED_UNIT(*) SI_UNIT(.MILLI.,.METRE.) );
#5823 = ( NAMED_UNIT(*) PLANE_ANGLE_UNIT() SI_UNIT($,.RADIAN.) );
#5824 = ( NAMED_UNIT(*) SI_UNIT($,.STERADIAN.) SOLID_ANGLE_UNIT() );
#5825 = UNCERTAINTY_MEASURE_WITH_UNIT(LENGTH_MEASURE(1.E-07),#5822,
  'distance_accuracy_value','confusion accuracy');
#5826 = CONTEXT_DEPENDENT_SHAPE_REPRESENTATION(#5827,#5829);
#5827 = ( REPRESENTATION_RELATIONSHIP('','',#5767,#10) 
REPRESENTATION_RELATIONSHIP_WITH_TRANSFORMATION(#5828) 
SHAPE_REPRESENTATION_RELATIONSHIP() );
#5828 = ITEM_DEFINED_TRANSFORMATION('','',#11,#143);
#5829 = PRODUCT_DEFINITION_SHAPE('Placement','Placement of an item',
  #5830);
#5830 = NEXT_ASSEMBLY_USAGE_OCCURRENCE('157','主轴轴承空间占位',
  '',#5,#5762,$);
#5831 = PRODUCT_RELATED_PRODUCT_CATEGORY('part',$,(#5764));
#5832 = SHAPE_DEFINITION_REPRESENTATION(#5833,#5839);
#5833 = PRODUCT_DEFINITION_SHAPE('','',#5834);
#5834 = PRODUCT_DEFINITION('design','',#5835,#5838);
#5835 = PRODUCT_DEFINITION_FORMATION('','',#5836);
#5836 = PRODUCT('唱盘支承轮毂','唱盘支承轮毂','',(#5837));
#5837 = PRODUCT_CONTEXT('',#2,'mechanical');
#5838 = PRODUCT_DEFINITION_CONTEXT('part definition',#2,'design');
#5839 = ADVANCED_BREP_SHAPE_REPRESENTATION('',(#11,#5840),#5893);
#5840 = MANIFOLD_SOLID_BREP('',#5841);
#5841 = CLOSED_SHELL('',(#5842,#5875,#5884));
#5842 = ADVANCED_FACE('',(#5843),#5870,.T.);
#5843 = FACE_BOUND('',#5844,.T.);
#5844 = EDGE_LOOP('',(#5845,#5854,#5862,#5869));
#5845 = ORIENTED_EDGE('',*,*,#5846,.F.);
#5846 = EDGE_CURVE('',#5847,#5847,#5849,.T.);
#5847 = VERTEX_POINT('',#5848);
#5848 = CARTESIAN_POINT('',(208.,172.,153.));
#5849 = CIRCLE('',#5850,32.);
#5850 = AXIS2_PLACEMENT_3D('',#5851,#5852,#5853);
#5851 = CARTESIAN_POINT('',(176.,172.,153.));
#5852 = DIRECTION('',(0.,0.,1.));
#5853 = DIRECTION('',(1.,0.,-0.));
#5854 = ORIENTED_EDGE('',*,*,#5855,.F.);
#5855 = EDGE_CURVE('',#5856,#5847,#5858,.T.);
#5856 = VERTEX_POINT('',#5857);
#5857 = CARTESIAN_POINT('',(208.,172.,150.));
#5858 = LINE('',#5859,#5860);
#5859 = CARTESIAN_POINT('',(208.,172.,150.));
#5860 = VECTOR('',#5861,1.);
#5861 = DIRECTION('',(0.,0.,1.));
#5862 = ORIENTED_EDGE('',*,*,#5863,.T.);
#5863 = EDGE_CURVE('',#5856,#5856,#5864,.T.);
#5864 = CIRCLE('',#5865,32.);
#5865 = AXIS2_PLACEMENT_3D('',#5866,#5867,#5868);
#5866 = CARTESIAN_POINT('',(176.,172.,150.));
#5867 = DIRECTION('',(0.,0.,1.));
#5868 = DIRECTION('',(1.,0.,-0.));
#5869 = ORIENTED_EDGE('',*,*,#5855,.T.);
#5870 = CYLINDRICAL_SURFACE('',#5871,32.);
#5871 = AXIS2_PLACEMENT_3D('',#5872,#5873,#5874);
#5872 = CARTESIAN_POINT('',(176.,172.,150.));
#5873 = DIRECTION('',(0.,0.,1.));
#5874 = DIRECTION('',(1.,0.,-0.));
#5875 = ADVANCED_FACE('',(#5876),#5879,.T.);
#5876 = FACE_BOUND('',#5877,.T.);
#5877 = EDGE_LOOP('',(#5878));
#5878 = ORIENTED_EDGE('',*,*,#5846,.T.);
#5879 = PLANE('',#5880);
#5880 = AXIS2_PLACEMENT_3D('',#5881,#5882,#5883);
#5881 = CARTESIAN_POINT('',(176.,172.,153.));
#5882 = DIRECTION('',(0.,0.,1.));
#5883 = DIRECTION('',(1.,0.,-0.));
#5884 = ADVANCED_FACE('',(#5885),#5888,.F.);
#5885 = FACE_BOUND('',#5886,.T.);
#5886 = EDGE_LOOP('',(#5887));
#5887 = ORIENTED_EDGE('',*,*,#5863,.F.);
#5888 = PLANE('',#5889);
#5889 = AXIS2_PLACEMENT_3D('',#5890,#5891,#5892);
#5890 = CARTESIAN_POINT('',(176.,172.,150.));
#5891 = DIRECTION('',(0.,0.,1.));
#5892 = DIRECTION('',(1.,0.,-0.));
#5893 = ( GEOMETRIC_REPRESENTATION_CONTEXT(3) 
GLOBAL_UNCERTAINTY_ASSIGNED_CONTEXT((#5897)) 
GLOBAL_UNIT_ASSIGNED_CONTEXT((#5894,#5895,#5896)) REPRESENTATION_CONTEXT
('Context #1','3D Context with UNIT and UNCERTAINTY') );
#5894 = ( LENGTH_UNIT() NAMED_UNIT(*) SI_UNIT(.MILLI.,.METRE.) );
#5895 = ( NAMED_UNIT(*) PLANE_ANGLE_UNIT() SI_UNIT($,.RADIAN.) );
#5896 = ( NAMED_UNIT(*) SI_UNIT($,.STERADIAN.) SOLID_ANGLE_UNIT() );
#5897 = UNCERTAINTY_MEASURE_WITH_UNIT(LENGTH_MEASURE(1.E-07),#5894,
  'distance_accuracy_value','confusion accuracy');
#5898 = CONTEXT_DEPENDENT_SHAPE_REPRESENTATION(#5899,#5901);
#5899 = ( REPRESENTATION_RELATIONSHIP('','',#5839,#10) 
REPRESENTATION_RELATIONSHIP_WITH_TRANSFORMATION(#5900) 
SHAPE_REPRESENTATION_RELATIONSHIP() );
#5900 = ITEM_DEFINED_TRANSFORMATION('','',#11,#147);
#5901 = PRODUCT_DEFINITION_SHAPE('Placement','Placement of an item',
  #5902);
#5902 = NEXT_ASSEMBLY_USAGE_OCCURRENCE('158','唱盘支承轮毂','',#5,
  #5834,$);
#5903 = PRODUCT_RELATED_PRODUCT_CATEGORY('part',$,(#5836));
#5904 = SHAPE_DEFINITION_REPRESENTATION(#5905,#5911);
#5905 = PRODUCT_DEFINITION_SHAPE('','',#5906);
#5906 = PRODUCT_DEFINITION('design','',#5907,#5910);
#5907 = PRODUCT_DEFINITION_FORMATION('','',#5908);
#5908 = PRODUCT('Ø300 唱盘','Ø300 唱盘','',(#5909));
#5909 = PRODUCT_CONTEXT('',#2,'mechanical');
#5910 = PRODUCT_DEFINITION_CONTEXT('part definition',#2,'design');
#5911 = ADVANCED_BREP_SHAPE_REPRESENTATION('',(#11,#5912),#5965);
#5912 = MANIFOLD_SOLID_BREP('',#5913);
#5913 = CLOSED_SHELL('',(#5914,#5947,#5956));
#5914 = ADVANCED_FACE('',(#5915),#5942,.T.);
#5915 = FACE_BOUND('',#5916,.T.);
#5916 = EDGE_LOOP('',(#5917,#5926,#5934,#5941));
#5917 = ORIENTED_EDGE('',*,*,#5918,.F.);
#5918 = EDGE_CURVE('',#5919,#5919,#5921,.T.);
#5919 = VERTEX_POINT('',#5920);
#5920 = CARTESIAN_POINT('',(326.,172.,165.));
#5921 = CIRCLE('',#5922,150.);
#5922 = AXIS2_PLACEMENT_3D('',#5923,#5924,#5925);
#5923 = CARTESIAN_POINT('',(176.,172.,165.));
#5924 = DIRECTION('',(0.,0.,1.));
#5925 = DIRECTION('',(1.,0.,-0.));
#5926 = ORIENTED_EDGE('',*,*,#5927,.F.);
#5927 = EDGE_CURVE('',#5928,#5919,#5930,.T.);
#5928 = VERTEX_POINT('',#5929);
#5929 = CARTESIAN_POINT('',(326.,172.,153.));
#5930 = LINE('',#5931,#5932);
#5931 = CARTESIAN_POINT('',(326.,172.,153.));
#5932 = VECTOR('',#5933,1.);
#5933 = DIRECTION('',(0.,0.,1.));
#5934 = ORIENTED_EDGE('',*,*,#5935,.T.);
#5935 = EDGE_CURVE('',#5928,#5928,#5936,.T.);
#5936 = CIRCLE('',#5937,150.);
#5937 = AXIS2_PLACEMENT_3D('',#5938,#5939,#5940);
#5938 = CARTESIAN_POINT('',(176.,172.,153.));
#5939 = DIRECTION('',(0.,0.,1.));
#5940 = DIRECTION('',(1.,0.,-0.));
#5941 = ORIENTED_EDGE('',*,*,#5927,.T.);
#5942 = CYLINDRICAL_SURFACE('',#5943,150.);
#5943 = AXIS2_PLACEMENT_3D('',#5944,#5945,#5946);
#5944 = CARTESIAN_POINT('',(176.,172.,153.));
#5945 = DIRECTION('',(0.,0.,1.));
#5946 = DIRECTION('',(1.,0.,-0.));
#5947 = ADVANCED_FACE('',(#5948),#5951,.T.);
#5948 = FACE_BOUND('',#5949,.T.);
#5949 = EDGE_LOOP('',(#5950));
#5950 = ORIENTED_EDGE('',*,*,#5918,.T.);
#5951 = PLANE('',#5952);
#5952 = AXIS2_PLACEMENT_3D('',#5953,#5954,#5955);
#5953 = CARTESIAN_POINT('',(176.,172.,165.));
#5954 = DIRECTION('',(0.,0.,1.));
#5955 = DIRECTION('',(1.,0.,-0.));
#5956 = ADVANCED_FACE('',(#5957),#5960,.F.);
#5957 = FACE_BOUND('',#5958,.T.);
#5958 = EDGE_LOOP('',(#5959));
#5959 = ORIENTED_EDGE('',*,*,#5935,.F.);
#5960 = PLANE('',#5961);
#5961 = AXIS2_PLACEMENT_3D('',#5962,#5963,#5964);
#5962 = CARTESIAN_POINT('',(176.,172.,153.));
#5963 = DIRECTION('',(0.,0.,1.));
#5964 = DIRECTION('',(1.,0.,-0.));
#5965 = ( GEOMETRIC_REPRESENTATION_CONTEXT(3) 
GLOBAL_UNCERTAINTY_ASSIGNED_CONTEXT((#5969)) 
GLOBAL_UNIT_ASSIGNED_CONTEXT((#5966,#5967,#5968)) REPRESENTATION_CONTEXT
('Context #1','3D Context with UNIT and UNCERTAINTY') );
#5966 = ( LENGTH_UNIT() NAMED_UNIT(*) SI_UNIT(.MILLI.,.METRE.) );
#5967 = ( NAMED_UNIT(*) PLANE_ANGLE_UNIT() SI_UNIT($,.RADIAN.) );
#5968 = ( NAMED_UNIT(*) SI_UNIT($,.STERADIAN.) SOLID_ANGLE_UNIT() );
#5969 = UNCERTAINTY_MEASURE_WITH_UNIT(LENGTH_MEASURE(1.E-07),#5966,
  'distance_accuracy_value','confusion accuracy');
#5970 = CONTEXT_DEPENDENT_SHAPE_REPRESENTATION(#5971,#5973);
#5971 = ( REPRESENTATION_RELATIONSHIP('','',#5911,#10) 
REPRESENTATION_RELATIONSHIP_WITH_TRANSFORMATION(#5972) 
SHAPE_REPRESENTATION_RELATIONSHIP() );
#5972 = ITEM_DEFINED_TRANSFORMATION('','',#11,#151);
#5973 = PRODUCT_DEFINITION_SHAPE('Placement','Placement of an item',
  #5974);
#5974 = NEXT_ASSEMBLY_USAGE_OCCURRENCE('159','Ø300 唱盘','',#5,#5906,
  $);
#5975 = PRODUCT_RELATED_PRODUCT_CATEGORY('part',$,(#5908));
#5976 = SHAPE_DEFINITION_REPRESENTATION(#5977,#5983);
#5977 = PRODUCT_DEFINITION_SHAPE('','',#5978);
#5978 = PRODUCT_DEFINITION('design','',#5979,#5982);
#5979 = PRODUCT_DEFINITION_FORMATION('','',#5980);
#5980 = PRODUCT('唱片垫','唱片垫','',(#5981));
#5981 = PRODUCT_CONTEXT('',#2,'mechanical');
#5982 = PRODUCT_DEFINITION_CONTEXT('part definition',#2,'design');
#5983 = ADVANCED_BREP_SHAPE_REPRESENTATION('',(#11,#5984),#6037);
#5984 = MANIFOLD_SOLID_BREP('',#5985);
#5985 = CLOSED_SHELL('',(#5986,#6019,#6028));
#5986 = ADVANCED_FACE('',(#5987),#6014,.T.);
#5987 = FACE_BOUND('',#5988,.T.);
#5988 = EDGE_LOOP('',(#5989,#5998,#6006,#6013));
#5989 = ORIENTED_EDGE('',*,*,#5990,.F.);
#5990 = EDGE_CURVE('',#5991,#5991,#5993,.T.);
#5991 = VERTEX_POINT('',#5992);
#5992 = CARTESIAN_POINT('',(325.,172.,167.));
#5993 = CIRCLE('',#5994,149.);
#5994 = AXIS2_PLACEMENT_3D('',#5995,#5996,#5997);
#5995 = CARTESIAN_POINT('',(176.,172.,167.));
#5996 = DIRECTION('',(0.,0.,1.));
#5997 = DIRECTION('',(1.,0.,-0.));
#5998 = ORIENTED_EDGE('',*,*,#5999,.F.);
#5999 = EDGE_CURVE('',#6000,#5991,#6002,.T.);
#6000 = VERTEX_POINT('',#6001);
#6001 = CARTESIAN_POINT('',(325.,172.,165.));
#6002 = LINE('',#6003,#6004);
#6003 = CARTESIAN_POINT('',(325.,172.,165.));
#6004 = VECTOR('',#6005,1.);
#6005 = DIRECTION('',(0.,0.,1.));
#6006 = ORIENTED_EDGE('',*,*,#6007,.T.);
#6007 = EDGE_CURVE('',#6000,#6000,#6008,.T.);
#6008 = CIRCLE('',#6009,149.);
#6009 = AXIS2_PLACEMENT_3D('',#6010,#6011,#6012);
#6010 = CARTESIAN_POINT('',(176.,172.,165.));
#6011 = DIRECTION('',(0.,0.,1.));
#6012 = DIRECTION('',(1.,0.,-0.));
#6013 = ORIENTED_EDGE('',*,*,#5999,.T.);
#6014 = CYLINDRICAL_SURFACE('',#6015,149.);
#6015 = AXIS2_PLACEMENT_3D('',#6016,#6017,#6018);
#6016 = CARTESIAN_POINT('',(176.,172.,165.));
#6017 = DIRECTION('',(0.,0.,1.));
#6018 = DIRECTION('',(1.,0.,-0.));
#6019 = ADVANCED_FACE('',(#6020),#6023,.T.);
#6020 = FACE_BOUND('',#6021,.T.);
#6021 = EDGE_LOOP('',(#6022));
#6022 = ORIENTED_EDGE('',*,*,#5990,.T.);
#6023 = PLANE('',#6024);
#6024 = AXIS2_PLACEMENT_3D('',#6025,#6026,#6027);
#6025 = CARTESIAN_POINT('',(176.,172.,167.));
#6026 = DIRECTION('',(0.,0.,1.));
#6027 = DIRECTION('',(1.,0.,-0.));
#6028 = ADVANCED_FACE('',(#6029),#6032,.F.);
#6029 = FACE_BOUND('',#6030,.T.);
#6030 = EDGE_LOOP('',(#6031));
#6031 = ORIENTED_EDGE('',*,*,#6007,.F.);
#6032 = PLANE('',#6033);
#6033 = AXIS2_PLACEMENT_3D('',#6034,#6035,#6036);
#6034 = CARTESIAN_POINT('',(176.,172.,165.));
#6035 = DIRECTION('',(0.,0.,1.));
#6036 = DIRECTION('',(1.,0.,-0.));
#6037 = ( GEOMETRIC_REPRESENTATION_CONTEXT(3) 
GLOBAL_UNCERTAINTY_ASSIGNED_CONTEXT((#6041)) 
GLOBAL_UNIT_ASSIGNED_CONTEXT((#6038,#6039,#6040)) REPRESENTATION_CONTEXT
('Context #1','3D Context with UNIT and UNCERTAINTY') );
#6038 = ( LENGTH_UNIT() NAMED_UNIT(*) SI_UNIT(.MILLI.,.METRE.) );
#6039 = ( NAMED_UNIT(*) PLANE_ANGLE_UNIT() SI_UNIT($,.RADIAN.) );
#6040 = ( NAMED_UNIT(*) SI_UNIT($,.STERADIAN.) SOLID_ANGLE_UNIT() );
#6041 = UNCERTAINTY_MEASURE_WITH_UNIT(LENGTH_MEASURE(1.E-07),#6038,
  'distance_accuracy_value','confusion accuracy');
#6042 = CONTEXT_DEPENDENT_SHAPE_REPRESENTATION(#6043,#6045);
#6043 = ( REPRESENTATION_RELATIONSHIP('','',#5983,#10) 
REPRESENTATION_RELATIONSHIP_WITH_TRANSFORMATION(#6044) 
SHAPE_REPRESENTATION_RELATIONSHIP() );
#6044 = ITEM_DEFINED_TRANSFORMATION('','',#11,#155);
#6045 = PRODUCT_DEFINITION_SHAPE('Placement','Placement of an item',
  #6046);
#6046 = NEXT_ASSEMBLY_USAGE_OCCURRENCE('160','唱片垫','',#5,#5978,$);
#6047 = PRODUCT_RELATED_PRODUCT_CATEGORY('part',$,(#5980));
#6048 = SHAPE_DEFINITION_REPRESENTATION(#6049,#6055);
#6049 = PRODUCT_DEFINITION_SHAPE('','',#6050);
#6050 = PRODUCT_DEFINITION('design','',#6051,#6054);
#6051 = PRODUCT_DEFINITION_FORMATION('','',#6052);
#6052 = PRODUCT('唱片垫细环','唱片垫细环','',(#6053));
#6053 = PRODUCT_CONTEXT('',#2,'mechanical');
#6054 = PRODUCT_DEFINITION_CONTEXT('part definition',#2,'design');
#6055 = ADVANCED_BREP_SHAPE_REPRESENTATION('',(#11,#6056),#6148);
#6056 = MANIFOLD_SOLID_BREP('',#6057);
#6057 = CLOSED_SHELL('',(#6058,#6091,#6111,#6131));
#6058 = ADVANCED_FACE('',(#6059),#6086,.T.);
#6059 = FACE_BOUND('',#6060,.T.);
#6060 = EDGE_LOOP('',(#6061,#6070,#6078,#6085));
#6061 = ORIENTED_EDGE('',*,*,#6062,.F.);
#6062 = EDGE_CURVE('',#6063,#6063,#6065,.T.);
#6063 = VERTEX_POINT('',#6064);
#6064 = CARTESIAN_POINT('',(319.,172.,167.12));
#6065 = CIRCLE('',#6066,143.);
#6066 = AXIS2_PLACEMENT_3D('',#6067,#6068,#6069);
#6067 = CARTESIAN_POINT('',(176.,172.,167.12));
#6068 = DIRECTION('',(0.,0.,1.));
#6069 = DIRECTION('',(1.,0.,-0.));
#6070 = ORIENTED_EDGE('',*,*,#6071,.F.);
#6071 = EDGE_CURVE('',#6072,#6063,#6074,.T.);
#6072 = VERTEX_POINT('',#6073);
#6073 = CARTESIAN_POINT('',(319.,172.,167.));
#6074 = LINE('',#6075,#6076);
#6075 = CARTESIAN_POINT('',(319.,172.,167.));
#6076 = VECTOR('',#6077,1.);
#6077 = DIRECTION('',(0.,0.,1.));
#6078 = ORIENTED_EDGE('',*,*,#6079,.T.);
#6079 = EDGE_CURVE('',#6072,#6072,#6080,.T.);
#6080 = CIRCLE('',#6081,143.);
#6081 = AXIS2_PLACEMENT_3D('',#6082,#6083,#6084);
#6082 = CARTESIAN_POINT('',(176.,172.,167.));
#6083 = DIRECTION('',(0.,0.,1.));
#6084 = DIRECTION('',(1.,0.,-0.));
#6085 = ORIENTED_EDGE('',*,*,#6071,.T.);
#6086 = CYLINDRICAL_SURFACE('',#6087,143.);
#6087 = AXIS2_PLACEMENT_3D('',#6088,#6089,#6090);
#6088 = CARTESIAN_POINT('',(176.,172.,167.));
#6089 = DIRECTION('',(0.,0.,1.));
#6090 = DIRECTION('',(1.,0.,-0.));
#6091 = ADVANCED_FACE('',(#6092,#6095),#6106,.T.);
#6092 = FACE_BOUND('',#6093,.T.);
#6093 = EDGE_LOOP('',(#6094));
#6094 = ORIENTED_EDGE('',*,*,#6062,.T.);
#6095 = FACE_BOUND('',#6096,.T.);
#6096 = EDGE_LOOP('',(#6097));
#6097 = ORIENTED_EDGE('',*,*,#6098,.F.);
#6098 = EDGE_CURVE('',#6099,#6099,#6101,.T.);
#6099 = VERTEX_POINT('',#6100);
#6100 = CARTESIAN_POINT('',(318.7,172.,167.12));
#6101 = CIRCLE('',#6102,142.7);
#6102 = AXIS2_PLACEMENT_3D('',#6103,#6104,#6105);
#6103 = CARTESIAN_POINT('',(176.,172.,167.12));
#6104 = DIRECTION('',(0.,0.,1.));
#6105 = DIRECTION('',(1.,0.,-0.));
#6106 = PLANE('',#6107);
#6107 = AXIS2_PLACEMENT_3D('',#6108,#6109,#6110);
#6108 = CARTESIAN_POINT('',(176.,172.,167.12));
#6109 = DIRECTION('',(0.,0.,1.));
#6110 = DIRECTION('',(1.,0.,-0.));
#6111 = ADVANCED_FACE('',(#6112,#6115),#6126,.F.);
#6112 = FACE_BOUND('',#6113,.F.);
#6113 = EDGE_LOOP('',(#6114));
#6114 = ORIENTED_EDGE('',*,*,#6079,.T.);
#6115 = FACE_BOUND('',#6116,.F.);
#6116 = EDGE_LOOP('',(#6117));
#6117 = ORIENTED_EDGE('',*,*,#6118,.F.);
#6118 = EDGE_CURVE('',#6119,#6119,#6121,.T.);
#6119 = VERTEX_POINT('',#6120);
#6120 = CARTESIAN_POINT('',(318.7,172.,167.));
#6121 = CIRCLE('',#6122,142.7);
#6122 = AXIS2_PLACEMENT_3D('',#6123,#6124,#6125);
#6123 = CARTESIAN_POINT('',(176.,172.,167.));
#6124 = DIRECTION('',(0.,0.,1.));
#6125 = DIRECTION('',(1.,0.,-0.));
#6126 = PLANE('',#6127);
#6127 = AXIS2_PLACEMENT_3D('',#6128,#6129,#6130);
#6128 = CARTESIAN_POINT('',(176.,172.,167.));
#6129 = DIRECTION('',(0.,0.,1.));
#6130 = DIRECTION('',(1.,0.,-0.));
#6131 = ADVANCED_FACE('',(#6132),#6143,.F.);
#6132 = FACE_BOUND('',#6133,.F.);
#6133 = EDGE_LOOP('',(#6134,#6135,#6141,#6142));
#6134 = ORIENTED_EDGE('',*,*,#6098,.F.);
#6135 = ORIENTED_EDGE('',*,*,#6136,.F.);
#6136 = EDGE_CURVE('',#6119,#6099,#6137,.T.);
#6137 = LINE('',#6138,#6139);
#6138 = CARTESIAN_POINT('',(318.7,172.,167.));
#6139 = VECTOR('',#6140,1.);
#6140 = DIRECTION('',(0.,0.,1.));
#6141 = ORIENTED_EDGE('',*,*,#6118,.T.);
#6142 = ORIENTED_EDGE('',*,*,#6136,.T.);
#6143 = CYLINDRICAL_SURFACE('',#6144,142.7);
#6144 = AXIS2_PLACEMENT_3D('',#6145,#6146,#6147);
#6145 = CARTESIAN_POINT('',(176.,172.,167.));
#6146 = DIRECTION('',(0.,0.,1.));
#6147 = DIRECTION('',(1.,0.,-0.));
#6148 = ( GEOMETRIC_REPRESENTATION_CONTEXT(3) 
GLOBAL_UNCERTAINTY_ASSIGNED_CONTEXT((#6152)) 
GLOBAL_UNIT_ASSIGNED_CONTEXT((#6149,#6150,#6151)) REPRESENTATION_CONTEXT
('Context #1','3D Context with UNIT and UNCERTAINTY') );
#6149 = ( LENGTH_UNIT() NAMED_UNIT(*) SI_UNIT(.MILLI.,.METRE.) );
#6150 = ( NAMED_UNIT(*) PLANE_ANGLE_UNIT() SI_UNIT($,.RADIAN.) );
#6151 = ( NAMED_UNIT(*) SI_UNIT($,.STERADIAN.) SOLID_ANGLE_UNIT() );
#6152 = UNCERTAINTY_MEASURE_WITH_UNIT(LENGTH_MEASURE(1.E-07),#6149,
  'distance_accuracy_value','confusion accuracy');
#6153 = CONTEXT_DEPENDENT_SHAPE_REPRESENTATION(#6154,#6156);
#6154 = ( REPRESENTATION_RELATIONSHIP('','',#6055,#10) 
REPRESENTATION_RELATIONSHIP_WITH_TRANSFORMATION(#6155) 
SHAPE_REPRESENTATION_RELATIONSHIP() );
#6155 = ITEM_DEFINED_TRANSFORMATION('','',#11,#159);
#6156 = PRODUCT_DEFINITION_SHAPE('Placement','Placement of an item',
  #6157);
#6157 = NEXT_ASSEMBLY_USAGE_OCCURRENCE('161','唱片垫细环','',#5,
  #6050,$);
#6158 = PRODUCT_RELATED_PRODUCT_CATEGORY('part',$,(#6052));
#6159 = SHAPE_DEFINITION_REPRESENTATION(#6160,#6166);
#6160 = PRODUCT_DEFINITION_SHAPE('','',#6161);
#6161 = PRODUCT_DEFINITION('design','',#6162,#6165);
#6162 = PRODUCT_DEFINITION_FORMATION('','',#6163);
#6163 = PRODUCT('主轴','主轴','',(#6164));
#6164 = PRODUCT_CONTEXT('',#2,'mechanical');
#6165 = PRODUCT_DEFINITION_CONTEXT('part definition',#2,'design');
#6166 = ADVANCED_BREP_SHAPE_REPRESENTATION('',(#11,#6167),#6220);
#6167 = MANIFOLD_SOLID_BREP('',#6168);
#6168 = CLOSED_SHELL('',(#6169,#6202,#6211));
#6169 = ADVANCED_FACE('',(#6170),#6197,.T.);
#6170 = FACE_BOUND('',#6171,.T.);
#6171 = EDGE_LOOP('',(#6172,#6181,#6189,#6196));
#6172 = ORIENTED_EDGE('',*,*,#6173,.F.);
#6173 = EDGE_CURVE('',#6174,#6174,#6176,.T.);
#6174 = VERTEX_POINT('',#6175);
#6175 = CARTESIAN_POINT('',(179.5,172.,178.));
#6176 = CIRCLE('',#6177,3.5);
#6177 = AXIS2_PLACEMENT_3D('',#6178,#6179,#6180);
#6178 = CARTESIAN_POINT('',(176.,172.,178.));
#6179 = DIRECTION('',(0.,0.,1.));
#6180 = DIRECTION('',(1.,0.,-0.));
#6181 = ORIENTED_EDGE('',*,*,#6182,.F.);
#6182 = EDGE_CURVE('',#6183,#6174,#6185,.T.);
#6183 = VERTEX_POINT('',#6184);
#6184 = CARTESIAN_POINT('',(179.5,172.,167.));
#6185 = LINE('',#6186,#6187);
#6186 = CARTESIAN_POINT('',(179.5,172.,167.));
#6187 = VECTOR('',#6188,1.);
#6188 = DIRECTION('',(0.,0.,1.));
#6189 = ORIENTED_EDGE('',*,*,#6190,.T.);
#6190 = EDGE_CURVE('',#6183,#6183,#6191,.T.);
#6191 = CIRCLE('',#6192,3.5);
#6192 = AXIS2_PLACEMENT_3D('',#6193,#6194,#6195);
#6193 = CARTESIAN_POINT('',(176.,172.,167.));
#6194 = DIRECTION('',(0.,0.,1.));
#6195 = DIRECTION('',(1.,0.,-0.));
#6196 = ORIENTED_EDGE('',*,*,#6182,.T.);
#6197 = CYLINDRICAL_SURFACE('',#6198,3.5);
#6198 = AXIS2_PLACEMENT_3D('',#6199,#6200,#6201);
#6199 = CARTESIAN_POINT('',(176.,172.,167.));
#6200 = DIRECTION('',(0.,0.,1.));
#6201 = DIRECTION('',(1.,0.,-0.));
#6202 = ADVANCED_FACE('',(#6203),#6206,.T.);
#6203 = FACE_BOUND('',#6204,.T.);
#6204 = EDGE_LOOP('',(#6205));
#6205 = ORIENTED_EDGE('',*,*,#6173,.T.);
#6206 = PLANE('',#6207);
#6207 = AXIS2_PLACEMENT_3D('',#6208,#6209,#6210);
#6208 = CARTESIAN_POINT('',(176.,172.,178.));
#6209 = DIRECTION('',(0.,0.,1.));
#6210 = DIRECTION('',(1.,0.,-0.));
#6211 = ADVANCED_FACE('',(#6212),#6215,.F.);
#6212 = FACE_BOUND('',#6213,.T.);
#6213 = EDGE_LOOP('',(#6214));
#6214 = ORIENTED_EDGE('',*,*,#6190,.F.);
#6215 = PLANE('',#6216);
#6216 = AXIS2_PLACEMENT_3D('',#6217,#6218,#6219);
#6217 = CARTESIAN_POINT('',(176.,172.,167.));
#6218 = DIRECTION('',(0.,0.,1.));
#6219 = DIRECTION('',(1.,0.,-0.));
#6220 = ( GEOMETRIC_REPRESENTATION_CONTEXT(3) 
GLOBAL_UNCERTAINTY_ASSIGNED_CONTEXT((#6224)) 
GLOBAL_UNIT_ASSIGNED_CONTEXT((#6221,#6222,#6223)) REPRESENTATION_CONTEXT
('Context #1','3D Context with UNIT and UNCERTAINTY') );
#6221 = ( LENGTH_UNIT() NAMED_UNIT(*) SI_UNIT(.MILLI.,.METRE.) );
#6222 = ( NAMED_UNIT(*) PLANE_ANGLE_UNIT() SI_UNIT($,.RADIAN.) );
#6223 = ( NAMED_UNIT(*) SI_UNIT($,.STERADIAN.) SOLID_ANGLE_UNIT() );
#6224 = UNCERTAINTY_MEASURE_WITH_UNIT(LENGTH_MEASURE(1.E-07),#6221,
  'distance_accuracy_value','confusion accuracy');
#6225 = CONTEXT_DEPENDENT_SHAPE_REPRESENTATION(#6226,#6228);
#6226 = ( REPRESENTATION_RELATIONSHIP('','',#6166,#10) 
REPRESENTATION_RELATIONSHIP_WITH_TRANSFORMATION(#6227) 
SHAPE_REPRESENTATION_RELATIONSHIP() );
#6227 = ITEM_DEFINED_TRANSFORMATION('','',#11,#163);
#6228 = PRODUCT_DEFINITION_SHAPE('Placement','Placement of an item',
  #6229);
#6229 = NEXT_ASSEMBLY_USAGE_OCCURRENCE('162','主轴','',#5,#6161,$);
#6230 = PRODUCT_RELATED_PRODUCT_CATEGORY('part',$,(#6163));
#6231 = SHAPE_DEFINITION_REPRESENTATION(#6232,#6238);
#6232 = PRODUCT_DEFINITION_SHAPE('','',#6233);
#6233 = PRODUCT_DEFINITION('design','',#6234,#6237);
#6234 = PRODUCT_DEFINITION_FORMATION('','',#6235);
#6235 = PRODUCT('左前旋钮底座','左前旋钮底座','',(#6236));
#6236 = PRODUCT_CONTEXT('',#2,'mechanical');
#6237 = PRODUCT_DEFINITION_CONTEXT('part definition',#2,'design');
#6238 = ADVANCED_BREP_SHAPE_REPRESENTATION('',(#11,#6239),#6292);
#6239 = MANIFOLD_SOLID_BREP('',#6240);
#6240 = CLOSED_SHELL('',(#6241,#6274,#6283));
#6241 = ADVANCED_FACE('',(#6242),#6269,.T.);
#6242 = FACE_BOUND('',#6243,.T.);
#6243 = EDGE_LOOP('',(#6244,#6253,#6261,#6268));
#6244 = ORIENTED_EDGE('',*,*,#6245,.F.);
#6245 = EDGE_CURVE('',#6246,#6246,#6248,.T.);
#6246 = VERTEX_POINT('',#6247);
#6247 = CARTESIAN_POINT('',(63.,43.,152.));
#6248 = CIRCLE('',#6249,17.);
#6249 = AXIS2_PLACEMENT_3D('',#6250,#6251,#6252);
#6250 = CARTESIAN_POINT('',(46.,43.,152.));
#6251 = DIRECTION('',(0.,0.,1.));
#6252 = DIRECTION('',(1.,0.,-0.));
#6253 = ORIENTED_EDGE('',*,*,#6254,.F.);
#6254 = EDGE_CURVE('',#6255,#6246,#6257,.T.);
#6255 = VERTEX_POINT('',#6256);
#6256 = CARTESIAN_POINT('',(63.,43.,150.));
#6257 = LINE('',#6258,#6259);
#6258 = CARTESIAN_POINT('',(63.,43.,150.));
#6259 = VECTOR('',#6260,1.);
#6260 = DIRECTION('',(0.,0.,1.));
#6261 = ORIENTED_EDGE('',*,*,#6262,.T.);
#6262 = EDGE_CURVE('',#6255,#6255,#6263,.T.);
#6263 = CIRCLE('',#6264,17.);
#6264 = AXIS2_PLACEMENT_3D('',#6265,#6266,#6267);
#6265 = CARTESIAN_POINT('',(46.,43.,150.));
#6266 = DIRECTION('',(0.,0.,1.));
#6267 = DIRECTION('',(1.,0.,-0.));
#6268 = ORIENTED_EDGE('',*,*,#6254,.T.);
#6269 = CYLINDRICAL_SURFACE('',#6270,17.);
#6270 = AXIS2_PLACEMENT_3D('',#6271,#6272,#6273);
#6271 = CARTESIAN_POINT('',(46.,43.,150.));
#6272 = DIRECTION('',(0.,0.,1.));
#6273 = DIRECTION('',(1.,0.,-0.));
#6274 = ADVANCED_FACE('',(#6275),#6278,.T.);
#6275 = FACE_BOUND('',#6276,.T.);
#6276 = EDGE_LOOP('',(#6277));
#6277 = ORIENTED_EDGE('',*,*,#6245,.T.);
#6278 = PLANE('',#6279);
#6279 = AXIS2_PLACEMENT_3D('',#6280,#6281,#6282);
#6280 = CARTESIAN_POINT('',(46.,43.,152.));
#6281 = DIRECTION('',(0.,0.,1.));
#6282 = DIRECTION('',(1.,0.,-0.));
#6283 = ADVANCED_FACE('',(#6284),#6287,.F.);
#6284 = FACE_BOUND('',#6285,.T.);
#6285 = EDGE_LOOP('',(#6286));
#6286 = ORIENTED_EDGE('',*,*,#6262,.F.);
#6287 = PLANE('',#6288);
#6288 = AXIS2_PLACEMENT_3D('',#6289,#6290,#6291);
#6289 = CARTESIAN_POINT('',(46.,43.,150.));
#6290 = DIRECTION('',(0.,0.,1.));
#6291 = DIRECTION('',(1.,0.,-0.));
#6292 = ( GEOMETRIC_REPRESENTATION_CONTEXT(3) 
GLOBAL_UNCERTAINTY_ASSIGNED_CONTEXT((#6296)) 
GLOBAL_UNIT_ASSIGNED_CONTEXT((#6293,#6294,#6295)) REPRESENTATION_CONTEXT
('Context #1','3D Context with UNIT and UNCERTAINTY') );
#6293 = ( LENGTH_UNIT() NAMED_UNIT(*) SI_UNIT(.MILLI.,.METRE.) );
#6294 = ( NAMED_UNIT(*) PLANE_ANGLE_UNIT() SI_UNIT($,.RADIAN.) );
#6295 = ( NAMED_UNIT(*) SI_UNIT($,.STERADIAN.) SOLID_ANGLE_UNIT() );
#6296 = UNCERTAINTY_MEASURE_WITH_UNIT(LENGTH_MEASURE(1.E-07),#6293,
  'distance_accuracy_value','confusion accuracy');
#6297 = CONTEXT_DEPENDENT_SHAPE_REPRESENTATION(#6298,#6300);
#6298 = ( REPRESENTATION_RELATIONSHIP('','',#6238,#10) 
REPRESENTATION_RELATIONSHIP_WITH_TRANSFORMATION(#6299) 
SHAPE_REPRESENTATION_RELATIONSHIP() );
#6299 = ITEM_DEFINED_TRANSFORMATION('','',#11,#167);
#6300 = PRODUCT_DEFINITION_SHAPE('Placement','Placement of an item',
  #6301);
#6301 = NEXT_ASSEMBLY_USAGE_OCCURRENCE('163','左前旋钮底座','',#5,
  #6233,$);
#6302 = PRODUCT_RELATED_PRODUCT_CATEGORY('part',$,(#6235));
#6303 = SHAPE_DEFINITION_REPRESENTATION(#6304,#6310);
#6304 = PRODUCT_DEFINITION_SHAPE('','',#6305);
#6305 = PRODUCT_DEFINITION('design','',#6306,#6309);
#6306 = PRODUCT_DEFINITION_FORMATION('','',#6307);
#6307 = PRODUCT('多功能旋钮','多功能旋钮','',(#6308));
#6308 = PRODUCT_CONTEXT('',#2,'mechanical');
#6309 = PRODUCT_DEFINITION_CONTEXT('part definition',#2,'design');
#6310 = ADVANCED_BREP_SHAPE_REPRESENTATION('',(#11,#6311),#6364);
#6311 = MANIFOLD_SOLID_BREP('',#6312);
#6312 = CLOSED_SHELL('',(#6313,#6346,#6355));
#6313 = ADVANCED_FACE('',(#6314),#6341,.T.);
#6314 = FACE_BOUND('',#6315,.T.);
#6315 = EDGE_LOOP('',(#6316,#6325,#6333,#6340));
#6316 = ORIENTED_EDGE('',*,*,#6317,.F.);
#6317 = EDGE_CURVE('',#6318,#6318,#6320,.T.);
#6318 = VERTEX_POINT('',#6319);
#6319 = CARTESIAN_POINT('',(62.,43.,166.));
#6320 = CIRCLE('',#6321,16.);
#6321 = AXIS2_PLACEMENT_3D('',#6322,#6323,#6324);
#6322 = CARTESIAN_POINT('',(46.,43.,166.));
#6323 = DIRECTION('',(0.,0.,1.));
#6324 = DIRECTION('',(1.,0.,-0.));
#6325 = ORIENTED_EDGE('',*,*,#6326,.F.);
#6326 = EDGE_CURVE('',#6327,#6318,#6329,.T.);
#6327 = VERTEX_POINT('',#6328);
#6328 = CARTESIAN_POINT('',(62.,43.,152.));
#6329 = LINE('',#6330,#6331);
#6330 = CARTESIAN_POINT('',(62.,43.,152.));
#6331 = VECTOR('',#6332,1.);
#6332 = DIRECTION('',(0.,0.,1.));
#6333 = ORIENTED_EDGE('',*,*,#6334,.T.);
#6334 = EDGE_CURVE('',#6327,#6327,#6335,.T.);
#6335 = CIRCLE('',#6336,16.);
#6336 = AXIS2_PLACEMENT_3D('',#6337,#6338,#6339);
#6337 = CARTESIAN_POINT('',(46.,43.,152.));
#6338 = DIRECTION('',(0.,0.,1.));
#6339 = DIRECTION('',(1.,0.,-0.));
#6340 = ORIENTED_EDGE('',*,*,#6326,.T.);
#6341 = CYLINDRICAL_SURFACE('',#6342,16.);
#6342 = AXIS2_PLACEMENT_3D('',#6343,#6344,#6345);
#6343 = CARTESIAN_POINT('',(46.,43.,152.));
#6344 = DIRECTION('',(0.,0.,1.));
#6345 = DIRECTION('',(1.,0.,-0.));
#6346 = ADVANCED_FACE('',(#6347),#6350,.T.);
#6347 = FACE_BOUND('',#6348,.T.);
#6348 = EDGE_LOOP('',(#6349));
#6349 = ORIENTED_EDGE('',*,*,#6317,.T.);
#6350 = PLANE('',#6351);
#6351 = AXIS2_PLACEMENT_3D('',#6352,#6353,#6354);
#6352 = CARTESIAN_POINT('',(46.,43.,166.));
#6353 = DIRECTION('',(0.,0.,1.));
#6354 = DIRECTION('',(1.,0.,-0.));
#6355 = ADVANCED_FACE('',(#6356),#6359,.F.);
#6356 = FACE_BOUND('',#6357,.T.);
#6357 = EDGE_LOOP('',(#6358));
#6358 = ORIENTED_EDGE('',*,*,#6334,.F.);
#6359 = PLANE('',#6360);
#6360 = AXIS2_PLACEMENT_3D('',#6361,#6362,#6363);
#6361 = CARTESIAN_POINT('',(46.,43.,152.));
#6362 = DIRECTION('',(0.,0.,1.));
#6363 = DIRECTION('',(1.,0.,-0.));
#6364 = ( GEOMETRIC_REPRESENTATION_CONTEXT(3) 
GLOBAL_UNCERTAINTY_ASSIGNED_CONTEXT((#6368)) 
GLOBAL_UNIT_ASSIGNED_CONTEXT((#6365,#6366,#6367)) REPRESENTATION_CONTEXT
('Context #1','3D Context with UNIT and UNCERTAINTY') );
#6365 = ( LENGTH_UNIT() NAMED_UNIT(*) SI_UNIT(.MILLI.,.METRE.) );
#6366 = ( NAMED_UNIT(*) PLANE_ANGLE_UNIT() SI_UNIT($,.RADIAN.) );
#6367 = ( NAMED_UNIT(*) SI_UNIT($,.STERADIAN.) SOLID_ANGLE_UNIT() );
#6368 = UNCERTAINTY_MEASURE_WITH_UNIT(LENGTH_MEASURE(1.E-07),#6365,
  'distance_accuracy_value','confusion accuracy');
#6369 = CONTEXT_DEPENDENT_SHAPE_REPRESENTATION(#6370,#6372);
#6370 = ( REPRESENTATION_RELATIONSHIP('','',#6310,#10) 
REPRESENTATION_RELATIONSHIP_WITH_TRANSFORMATION(#6371) 
SHAPE_REPRESENTATION_RELATIONSHIP() );
#6371 = ITEM_DEFINED_TRANSFORMATION('','',#11,#171);
#6372 = PRODUCT_DEFINITION_SHAPE('Placement','Placement of an item',
  #6373);
#6373 = NEXT_ASSEMBLY_USAGE_OCCURRENCE('164','多功能旋钮','',#5,
  #6305,$);
#6374 = PRODUCT_RELATED_PRODUCT_CATEGORY('part',$,(#6307));
#6375 = SHAPE_DEFINITION_REPRESENTATION(#6376,#6382);
#6376 = PRODUCT_DEFINITION_SHAPE('','',#6377);
#6377 = PRODUCT_DEFINITION('design','',#6378,#6381);
#6378 = PRODUCT_DEFINITION_FORMATION('','',#6379);
#6379 = PRODUCT('唱臂底座','唱臂底座','',(#6380));
#6380 = PRODUCT_CONTEXT('',#2,'mechanical');
#6381 = PRODUCT_DEFINITION_CONTEXT('part definition',#2,'design');
#6382 = ADVANCED_BREP_SHAPE_REPRESENTATION('',(#11,#6383),#6436);
#6383 = MANIFOLD_SOLID_BREP('',#6384);
#6384 = CLOSED_SHELL('',(#6385,#6418,#6427));
#6385 = ADVANCED_FACE('',(#6386),#6413,.T.);
#6386 = FACE_BOUND('',#6387,.T.);
#6387 = EDGE_LOOP('',(#6388,#6397,#6405,#6412));
#6388 = ORIENTED_EDGE('',*,*,#6389,.F.);
#6389 = EDGE_CURVE('',#6390,#6390,#6392,.T.);
#6390 = VERTEX_POINT('',#6391);
#6391 = CARTESIAN_POINT('',(368.60961923128,277.98385284664,157.));
#6392 = CIRCLE('',#6393,23.);
#6393 = AXIS2_PLACEMENT_3D('',#6394,#6395,#6396);
#6394 = CARTESIAN_POINT('',(345.60961923128,277.98385284664,157.));
#6395 = DIRECTION('',(0.,0.,1.));
#6396 = DIRECTION('',(1.,0.,-0.));
#6397 = ORIENTED_EDGE('',*,*,#6398,.F.);
#6398 = EDGE_CURVE('',#6399,#6390,#6401,.T.);
#6399 = VERTEX_POINT('',#6400);
#6400 = CARTESIAN_POINT('',(368.60961923128,277.98385284664,150.));
#6401 = LINE('',#6402,#6403);
#6402 = CARTESIAN_POINT('',(368.60961923128,277.98385284664,150.));
#6403 = VECTOR('',#6404,1.);
#6404 = DIRECTION('',(0.,0.,1.));
#6405 = ORIENTED_EDGE('',*,*,#6406,.T.);
#6406 = EDGE_CURVE('',#6399,#6399,#6407,.T.);
#6407 = CIRCLE('',#6408,23.);
#6408 = AXIS2_PLACEMENT_3D('',#6409,#6410,#6411);
#6409 = CARTESIAN_POINT('',(345.60961923128,277.98385284664,150.));
#6410 = DIRECTION('',(0.,0.,1.));
#6411 = DIRECTION('',(1.,0.,-0.));
#6412 = ORIENTED_EDGE('',*,*,#6398,.T.);
#6413 = CYLINDRICAL_SURFACE('',#6414,23.);
#6414 = AXIS2_PLACEMENT_3D('',#6415,#6416,#6417);
#6415 = CARTESIAN_POINT('',(345.60961923128,277.98385284664,150.));
#6416 = DIRECTION('',(0.,0.,1.));
#6417 = DIRECTION('',(1.,0.,-0.));
#6418 = ADVANCED_FACE('',(#6419),#6422,.T.);
#6419 = FACE_BOUND('',#6420,.T.);
#6420 = EDGE_LOOP('',(#6421));
#6421 = ORIENTED_EDGE('',*,*,#6389,.T.);
#6422 = PLANE('',#6423);
#6423 = AXIS2_PLACEMENT_3D('',#6424,#6425,#6426);
#6424 = CARTESIAN_POINT('',(345.60961923128,277.98385284664,157.));
#6425 = DIRECTION('',(0.,0.,1.));
#6426 = DIRECTION('',(1.,0.,-0.));
#6427 = ADVANCED_FACE('',(#6428),#6431,.F.);
#6428 = FACE_BOUND('',#6429,.T.);
#6429 = EDGE_LOOP('',(#6430));
#6430 = ORIENTED_EDGE('',*,*,#6406,.F.);
#6431 = PLANE('',#6432);
#6432 = AXIS2_PLACEMENT_3D('',#6433,#6434,#6435);
#6433 = CARTESIAN_POINT('',(345.60961923128,277.98385284664,150.));
#6434 = DIRECTION('',(0.,0.,1.));
#6435 = DIRECTION('',(1.,0.,-0.));
#6436 = ( GEOMETRIC_REPRESENTATION_CONTEXT(3) 
GLOBAL_UNCERTAINTY_ASSIGNED_CONTEXT((#6440)) 
GLOBAL_UNIT_ASSIGNED_CONTEXT((#6437,#6438,#6439)) REPRESENTATION_CONTEXT
('Context #1','3D Context with UNIT and UNCERTAINTY') );
#6437 = ( LENGTH_UNIT() NAMED_UNIT(*) SI_UNIT(.MILLI.,.METRE.) );
#6438 = ( NAMED_UNIT(*) PLANE_ANGLE_UNIT() SI_UNIT($,.RADIAN.) );
#6439 = ( NAMED_UNIT(*) SI_UNIT($,.STERADIAN.) SOLID_ANGLE_UNIT() );
#6440 = UNCERTAINTY_MEASURE_WITH_UNIT(LENGTH_MEASURE(1.E-07),#6437,
  'distance_accuracy_value','confusion accuracy');
#6441 = CONTEXT_DEPENDENT_SHAPE_REPRESENTATION(#6442,#6444);
#6442 = ( REPRESENTATION_RELATIONSHIP('','',#6382,#10) 
REPRESENTATION_RELATIONSHIP_WITH_TRANSFORMATION(#6443) 
SHAPE_REPRESENTATION_RELATIONSHIP() );
#6443 = ITEM_DEFINED_TRANSFORMATION('','',#11,#175);
#6444 = PRODUCT_DEFINITION_SHAPE('Placement','Placement of an item',
  #6445);
#6445 = NEXT_ASSEMBLY_USAGE_OCCURRENCE('165','唱臂底座','',#5,#6377,
  $);
#6446 = PRODUCT_RELATED_PRODUCT_CATEGORY('part',$,(#6379));
#6447 = SHAPE_DEFINITION_REPRESENTATION(#6448,#6454);
#6448 = PRODUCT_DEFINITION_SHAPE('','',#6449);
#6449 = PRODUCT_DEFINITION('design','',#6450,#6453);
#6450 = PRODUCT_DEFINITION_FORMATION('','',#6451);
#6451 = PRODUCT('唱臂支柱','唱臂支柱','',(#6452));
#6452 = PRODUCT_CONTEXT('',#2,'mechanical');
#6453 = PRODUCT_DEFINITION_CONTEXT('part definition',#2,'design');
#6454 = ADVANCED_BREP_SHAPE_REPRESENTATION('',(#11,#6455),#6508);
#6455 = MANIFOLD_SOLID_BREP('',#6456);
#6456 = CLOSED_SHELL('',(#6457,#6490,#6499));
#6457 = ADVANCED_FACE('',(#6458),#6485,.T.);
#6458 = FACE_BOUND('',#6459,.T.);
#6459 = EDGE_LOOP('',(#6460,#6469,#6477,#6484));
#6460 = ORIENTED_EDGE('',*,*,#6461,.F.);
#6461 = EDGE_CURVE('',#6462,#6462,#6464,.T.);
#6462 = VERTEX_POINT('',#6463);
#6463 = CARTESIAN_POINT('',(355.60961923128,277.98385284664,188.));
#6464 = CIRCLE('',#6465,10.);
#6465 = AXIS2_PLACEMENT_3D('',#6466,#6467,#6468);
#6466 = CARTESIAN_POINT('',(345.60961923128,277.98385284664,188.));
#6467 = DIRECTION('',(0.,0.,1.));
#6468 = DIRECTION('',(1.,0.,-0.));
#6469 = ORIENTED_EDGE('',*,*,#6470,.F.);
#6470 = EDGE_CURVE('',#6471,#6462,#6473,.T.);
#6471 = VERTEX_POINT('',#6472);
#6472 = CARTESIAN_POINT('',(355.60961923128,277.98385284664,157.));
#6473 = LINE('',#6474,#6475);
#6474 = CARTESIAN_POINT('',(355.60961923128,277.98385284664,157.));
#6475 = VECTOR('',#6476,1.);
#6476 = DIRECTION('',(0.,0.,1.));
#6477 = ORIENTED_EDGE('',*,*,#6478,.T.);
#6478 = EDGE_CURVE('',#6471,#6471,#6479,.T.);
#6479 = CIRCLE('',#6480,10.);
#6480 = AXIS2_PLACEMENT_3D('',#6481,#6482,#6483);
#6481 = CARTESIAN_POINT('',(345.60961923128,277.98385284664,157.));
#6482 = DIRECTION('',(0.,0.,1.));
#6483 = DIRECTION('',(1.,0.,-0.));
#6484 = ORIENTED_EDGE('',*,*,#6470,.T.);
#6485 = CYLINDRICAL_SURFACE('',#6486,10.);
#6486 = AXIS2_PLACEMENT_3D('',#6487,#6488,#6489);
#6487 = CARTESIAN_POINT('',(345.60961923128,277.98385284664,157.));
#6488 = DIRECTION('',(0.,0.,1.));
#6489 = DIRECTION('',(1.,0.,-0.));
#6490 = ADVANCED_FACE('',(#6491),#6494,.T.);
#6491 = FACE_BOUND('',#6492,.T.);
#6492 = EDGE_LOOP('',(#6493));
#6493 = ORIENTED_EDGE('',*,*,#6461,.T.);
#6494 = PLANE('',#6495);
#6495 = AXIS2_PLACEMENT_3D('',#6496,#6497,#6498);
#6496 = CARTESIAN_POINT('',(345.60961923128,277.98385284664,188.));
#6497 = DIRECTION('',(0.,0.,1.));
#6498 = DIRECTION('',(1.,0.,-0.));
#6499 = ADVANCED_FACE('',(#6500),#6503,.F.);
#6500 = FACE_BOUND('',#6501,.T.);
#6501 = EDGE_LOOP('',(#6502));
#6502 = ORIENTED_EDGE('',*,*,#6478,.F.);
#6503 = PLANE('',#6504);
#6504 = AXIS2_PLACEMENT_3D('',#6505,#6506,#6507);
#6505 = CARTESIAN_POINT('',(345.60961923128,277.98385284664,157.));
#6506 = DIRECTION('',(0.,0.,1.));
#6507 = DIRECTION('',(1.,0.,-0.));
#6508 = ( GEOMETRIC_REPRESENTATION_CONTEXT(3) 
GLOBAL_UNCERTAINTY_ASSIGNED_CONTEXT((#6512)) 
GLOBAL_UNIT_ASSIGNED_CONTEXT((#6509,#6510,#6511)) REPRESENTATION_CONTEXT
('Context #1','3D Context with UNIT and UNCERTAINTY') );
#6509 = ( LENGTH_UNIT() NAMED_UNIT(*) SI_UNIT(.MILLI.,.METRE.) );
#6510 = ( NAMED_UNIT(*) PLANE_ANGLE_UNIT() SI_UNIT($,.RADIAN.) );
#6511 = ( NAMED_UNIT(*) SI_UNIT($,.STERADIAN.) SOLID_ANGLE_UNIT() );
#6512 = UNCERTAINTY_MEASURE_WITH_UNIT(LENGTH_MEASURE(1.E-07),#6509,
  'distance_accuracy_value','confusion accuracy');
#6513 = CONTEXT_DEPENDENT_SHAPE_REPRESENTATION(#6514,#6516);
#6514 = ( REPRESENTATION_RELATIONSHIP('','',#6454,#10) 
REPRESENTATION_RELATIONSHIP_WITH_TRANSFORMATION(#6515) 
SHAPE_REPRESENTATION_RELATIONSHIP() );
#6515 = ITEM_DEFINED_TRANSFORMATION('','',#11,#179);
#6516 = PRODUCT_DEFINITION_SHAPE('Placement','Placement of an item',
  #6517);
#6517 = NEXT_ASSEMBLY_USAGE_OCCURRENCE('166','唱臂支柱','',#5,#6449,
  $);
#6518 = PRODUCT_RELATED_PRODUCT_CATEGORY('part',$,(#6451));
#6519 = SHAPE_DEFINITION_REPRESENTATION(#6520,#6526);
#6520 = PRODUCT_DEFINITION_SHAPE('','',#6521);
#6521 = PRODUCT_DEFINITION('design','',#6522,#6525);
#6522 = PRODUCT_DEFINITION_FORMATION('','',#6523);
#6523 = PRODUCT('唱臂管外观包络','唱臂管外观包络','',(
    #6524));
#6524 = PRODUCT_CONTEXT('',#2,'mechanical');
#6525 = PRODUCT_DEFINITION_CONTEXT('part definition',#2,'design');
#6526 = ADVANCED_BREP_SHAPE_REPRESENTATION('',(#11,#6527),#6580);
#6527 = MANIFOLD_SOLID_BREP('',#6528);
#6528 = CLOSED_SHELL('',(#6529,#6562,#6571));
#6529 = ADVANCED_FACE('',(#6530),#6557,.T.);
#6530 = FACE_BOUND('',#6531,.T.);
#6531 = EDGE_LOOP('',(#6532,#6541,#6549,#6556));
#6532 = ORIENTED_EDGE('',*,*,#6533,.F.);
#6533 = EDGE_CURVE('',#6534,#6534,#6536,.T.);
#6534 = VERTEX_POINT('',#6535);
#6535 = CARTESIAN_POINT('',(268.67480389832,94.297453469199,180.));
#6536 = CIRCLE('',#6537,3.6);
#6537 = AXIS2_PLACEMENT_3D('',#6538,#6539,#6540);
#6538 = CARTESIAN_POINT('',(272.01991379498,92.966949888116,180.));
#6539 = DIRECTION('',(-0.369286386523,-0.928448118308,
    -4.014543983653E-02));
#6540 = DIRECTION('',(-0.929197193516,0.369584328079,-1.301727517605E-18
    ));
#6541 = ORIENTED_EDGE('',*,*,#6542,.F.);
#6542 = EDGE_CURVE('',#6543,#6534,#6545,.T.);
#6543 = VERTEX_POINT('',#6544);
#6544 = CARTESIAN_POINT('',(342.26450933462,279.31435642772,188.));
#6545 = LINE('',#6546,#6547);
#6546 = CARTESIAN_POINT('',(342.26450933462,279.31435642772,188.));
#6547 = VECTOR('',#6548,1.);
#6548 = DIRECTION('',(-0.369286386523,-0.928448118308,
    -4.014543983653E-02));
#6549 = ORIENTED_EDGE('',*,*,#6550,.T.);
#6550 = EDGE_CURVE('',#6543,#6543,#6551,.T.);
#6551 = CIRCLE('',#6552,3.6);
#6552 = AXIS2_PLACEMENT_3D('',#6553,#6554,#6555);
#6553 = CARTESIAN_POINT('',(345.60961923128,277.98385284664,188.));
#6554 = DIRECTION('',(-0.369286386523,-0.928448118308,
    -4.014543983653E-02));
#6555 = DIRECTION('',(-0.929197193516,0.369584328079,-1.301727517605E-18
    ));
#6556 = ORIENTED_EDGE('',*,*,#6542,.T.);
#6557 = CYLINDRICAL_SURFACE('',#6558,3.6);
#6558 = AXIS2_PLACEMENT_3D('',#6559,#6560,#6561);
#6559 = CARTESIAN_POINT('',(345.60961923128,277.98385284664,188.));
#6560 = DIRECTION('',(-0.369286386523,-0.928448118308,
    -4.014543983653E-02));
#6561 = DIRECTION('',(-0.929197193516,0.369584328079,-1.301727517605E-18
    ));
#6562 = ADVANCED_FACE('',(#6563),#6566,.T.);
#6563 = FACE_BOUND('',#6564,.T.);
#6564 = EDGE_LOOP('',(#6565));
#6565 = ORIENTED_EDGE('',*,*,#6533,.T.);
#6566 = PLANE('',#6567);
#6567 = AXIS2_PLACEMENT_3D('',#6568,#6569,#6570);
#6568 = CARTESIAN_POINT('',(272.01991379498,92.966949888116,180.));
#6569 = DIRECTION('',(-0.369286386523,-0.928448118308,
    -4.014543983653E-02));
#6570 = DIRECTION('',(-0.929197193516,0.369584328079,-1.301727517605E-18
    ));
#6571 = ADVANCED_FACE('',(#6572),#6575,.F.);
#6572 = FACE_BOUND('',#6573,.T.);
#6573 = EDGE_LOOP('',(#6574));
#6574 = ORIENTED_EDGE('',*,*,#6550,.F.);
#6575 = PLANE('',#6576);
#6576 = AXIS2_PLACEMENT_3D('',#6577,#6578,#6579);
#6577 = CARTESIAN_POINT('',(345.60961923128,277.98385284664,188.));
#6578 = DIRECTION('',(-0.369286386523,-0.928448118308,
    -4.014543983653E-02));
#6579 = DIRECTION('',(-0.929197193516,0.369584328079,-1.301727517605E-18
    ));
#6580 = ( GEOMETRIC_REPRESENTATION_CONTEXT(3) 
GLOBAL_UNCERTAINTY_ASSIGNED_CONTEXT((#6584)) 
GLOBAL_UNIT_ASSIGNED_CONTEXT((#6581,#6582,#6583)) REPRESENTATION_CONTEXT
('Context #1','3D Context with UNIT and UNCERTAINTY') );
#6581 = ( LENGTH_UNIT() NAMED_UNIT(*) SI_UNIT(.MILLI.,.METRE.) );
#6582 = ( NAMED_UNIT(*) PLANE_ANGLE_UNIT() SI_UNIT($,.RADIAN.) );
#6583 = ( NAMED_UNIT(*) SI_UNIT($,.STERADIAN.) SOLID_ANGLE_UNIT() );
#6584 = UNCERTAINTY_MEASURE_WITH_UNIT(LENGTH_MEASURE(1.E-07),#6581,
  'distance_accuracy_value','confusion accuracy');
#6585 = CONTEXT_DEPENDENT_SHAPE_REPRESENTATION(#6586,#6588);
#6586 = ( REPRESENTATION_RELATIONSHIP('','',#6526,#10) 
REPRESENTATION_RELATIONSHIP_WITH_TRANSFORMATION(#6587) 
SHAPE_REPRESENTATION_RELATIONSHIP() );
#6587 = ITEM_DEFINED_TRANSFORMATION('','',#11,#183);
#6588 = PRODUCT_DEFINITION_SHAPE('Placement','Placement of an item',
  #6589);
#6589 = NEXT_ASSEMBLY_USAGE_OCCURRENCE('167','唱臂管外观包络','',
  #5,#6521,$);
#6590 = PRODUCT_RELATED_PRODUCT_CATEGORY('part',$,(#6523));
#6591 = SHAPE_DEFINITION_REPRESENTATION(#6592,#6598);
#6592 = PRODUCT_DEFINITION_SHAPE('','',#6593);
#6593 = PRODUCT_DEFINITION('design','',#6594,#6597);
#6594 = PRODUCT_DEFINITION_FORMATION('','',#6595);
#6595 = PRODUCT('平衡锤轴','平衡锤轴','',(#6596));
#6596 = PRODUCT_CONTEXT('',#2,'mechanical');
#6597 = PRODUCT_DEFINITION_CONTEXT('part definition',#2,'design');
#6598 = ADVANCED_BREP_SHAPE_REPRESENTATION('',(#11,#6599),#6652);
#6599 = MANIFOLD_SOLID_BREP('',#6600);
#6600 = CLOSED_SHELL('',(#6601,#6634,#6643));
#6601 = ADVANCED_FACE('',(#6602),#6629,.T.);
#6602 = FACE_BOUND('',#6603,.T.);
#6603 = EDGE_LOOP('',(#6604,#6613,#6621,#6628));
#6604 = ORIENTED_EDGE('',*,*,#6605,.F.);
#6605 = EDGE_CURVE('',#6606,#6606,#6608,.T.);
#6606 = VERTEX_POINT('',#6607);
#6607 = CARTESIAN_POINT('',(360.73353927111,310.83985751289,188.));
#6608 = CIRCLE('',#6609,3.5);
#6609 = AXIS2_PLACEMENT_3D('',#6610,#6611,#6612);
#6610 = CARTESIAN_POINT('',(357.42750096923,311.98881823741,188.));
#6611 = DIRECTION('',(0.328274492721,0.944582371966,0.));
#6612 = DIRECTION('',(0.944582371966,-0.328274492721,0.));
#6613 = ORIENTED_EDGE('',*,*,#6614,.F.);
#6614 = EDGE_CURVE('',#6615,#6606,#6617,.T.);
#6615 = VERTEX_POINT('',#6616);
#6616 = CARTESIAN_POINT('',(348.91565753316,276.83489212211,188.));
#6617 = LINE('',#6618,#6619);
#6618 = CARTESIAN_POINT('',(348.91565753316,276.83489212211,188.));
#6619 = VECTOR('',#6620,1.);
#6620 = DIRECTION('',(0.328274492721,0.944582371966,3.861213183179E-34)
  );
#6621 = ORIENTED_EDGE('',*,*,#6622,.T.);
#6622 = EDGE_CURVE('',#6615,#6615,#6623,.T.);
#6623 = CIRCLE('',#6624,3.5);
#6624 = AXIS2_PLACEMENT_3D('',#6625,#6626,#6627);
#6625 = CARTESIAN_POINT('',(345.60961923128,277.98385284664,188.));
#6626 = DIRECTION('',(0.328274492721,0.944582371966,0.));
#6627 = DIRECTION('',(0.944582371966,-0.328274492721,0.));
#6628 = ORIENTED_EDGE('',*,*,#6614,.T.);
#6629 = CYLINDRICAL_SURFACE('',#6630,3.5);
#6630 = AXIS2_PLACEMENT_3D('',#6631,#6632,#6633);
#6631 = CARTESIAN_POINT('',(345.60961923128,277.98385284664,188.));
#6632 = DIRECTION('',(0.328274492721,0.944582371966,-0.));
#6633 = DIRECTION('',(0.944582371966,-0.328274492721,0.));
#6634 = ADVANCED_FACE('',(#6635),#6638,.T.);
#6635 = FACE_BOUND('',#6636,.T.);
#6636 = EDGE_LOOP('',(#6637));
#6637 = ORIENTED_EDGE('',*,*,#6605,.T.);
#6638 = PLANE('',#6639);
#6639 = AXIS2_PLACEMENT_3D('',#6640,#6641,#6642);
#6640 = CARTESIAN_POINT('',(357.42750096923,311.98881823741,188.));
#6641 = DIRECTION('',(0.328274492721,0.944582371966,-0.));
#6642 = DIRECTION('',(0.944582371966,-0.328274492721,0.));
#6643 = ADVANCED_FACE('',(#6644),#6647,.F.);
#6644 = FACE_BOUND('',#6645,.T.);
#6645 = EDGE_LOOP('',(#6646));
#6646 = ORIENTED_EDGE('',*,*,#6622,.F.);
#6647 = PLANE('',#6648);
#6648 = AXIS2_PLACEMENT_3D('',#6649,#6650,#6651);
#6649 = CARTESIAN_POINT('',(345.60961923128,277.98385284664,188.));
#6650 = DIRECTION('',(0.328274492721,0.944582371966,-0.));
#6651 = DIRECTION('',(0.944582371966,-0.328274492721,0.));
#6652 = ( GEOMETRIC_REPRESENTATION_CONTEXT(3) 
GLOBAL_UNCERTAINTY_ASSIGNED_CONTEXT((#6656)) 
GLOBAL_UNIT_ASSIGNED_CONTEXT((#6653,#6654,#6655)) REPRESENTATION_CONTEXT
('Context #1','3D Context with UNIT and UNCERTAINTY') );
#6653 = ( LENGTH_UNIT() NAMED_UNIT(*) SI_UNIT(.MILLI.,.METRE.) );
#6654 = ( NAMED_UNIT(*) PLANE_ANGLE_UNIT() SI_UNIT($,.RADIAN.) );
#6655 = ( NAMED_UNIT(*) SI_UNIT($,.STERADIAN.) SOLID_ANGLE_UNIT() );
#6656 = UNCERTAINTY_MEASURE_WITH_UNIT(LENGTH_MEASURE(1.E-07),#6653,
  'distance_accuracy_value','confusion accuracy');
#6657 = CONTEXT_DEPENDENT_SHAPE_REPRESENTATION(#6658,#6660);
#6658 = ( REPRESENTATION_RELATIONSHIP('','',#6598,#10) 
REPRESENTATION_RELATIONSHIP_WITH_TRANSFORMATION(#6659) 
SHAPE_REPRESENTATION_RELATIONSHIP() );
#6659 = ITEM_DEFINED_TRANSFORMATION('','',#11,#187);
#6660 = PRODUCT_DEFINITION_SHAPE('Placement','Placement of an item',
  #6661);
#6661 = NEXT_ASSEMBLY_USAGE_OCCURRENCE('168','平衡锤轴','',#5,#6593,
  $);
#6662 = PRODUCT_RELATED_PRODUCT_CATEGORY('part',$,(#6595));
#6663 = SHAPE_DEFINITION_REPRESENTATION(#6664,#6670);
#6664 = PRODUCT_DEFINITION_SHAPE('','',#6665);
#6665 = PRODUCT_DEFINITION('design','',#6666,#6669);
#6666 = PRODUCT_DEFINITION_FORMATION('','',#6667);
#6667 = PRODUCT('平衡锤包络','平衡锤包络','',(#6668));
#6668 = PRODUCT_CONTEXT('',#2,'mechanical');
#6669 = PRODUCT_DEFINITION_CONTEXT('part definition',#2,'design');
#6670 = ADVANCED_BREP_SHAPE_REPRESENTATION('',(#11,#6671),#6724);
#6671 = MANIFOLD_SOLID_BREP('',#6672);
#6672 = CLOSED_SHELL('',(#6673,#6706,#6715));
#6673 = ADVANCED_FACE('',(#6674),#6701,.T.);
#6674 = FACE_BOUND('',#6675,.T.);
#6675 = EDGE_LOOP('',(#6676,#6685,#6693,#6700));
#6676 = ORIENTED_EDGE('',*,*,#6677,.F.);
#6677 = EDGE_CURVE('',#6678,#6678,#6680,.T.);
#6678 = VERTEX_POINT('',#6679);
#6679 = CARTESIAN_POINT('',(373.03005783819,320.32909516032,188.));
#6680 = CIRCLE('',#6681,12.);
#6681 = AXIS2_PLACEMENT_3D('',#6682,#6683,#6684);
#6682 = CARTESIAN_POINT('',(361.6950693746,324.26838907297,188.));
#6683 = DIRECTION('',(0.328274492721,0.944582371966,0.));
#6684 = DIRECTION('',(0.944582371966,-0.328274492721,0.));
#6685 = ORIENTED_EDGE('',*,*,#6686,.F.);
#6686 = EDGE_CURVE('',#6687,#6678,#6689,.T.);
#6687 = VERTEX_POINT('',#6688);
#6688 = CARTESIAN_POINT('',(366.7928424765,302.38203009297,188.));
#6689 = LINE('',#6690,#6691);
#6690 = CARTESIAN_POINT('',(366.7928424765,302.38203009297,188.));
#6691 = VECTOR('',#6692,1.);
#6692 = DIRECTION('',(0.328274492721,0.944582371966,3.861213183179E-34)
  );
#6693 = ORIENTED_EDGE('',*,*,#6694,.T.);
#6694 = EDGE_CURVE('',#6687,#6687,#6695,.T.);
#6695 = CIRCLE('',#6696,12.);
#6696 = AXIS2_PLACEMENT_3D('',#6697,#6698,#6699);
#6697 = CARTESIAN_POINT('',(355.4578540129,306.32132400562,188.));
#6698 = DIRECTION('',(0.328274492721,0.944582371966,0.));
#6699 = DIRECTION('',(0.944582371966,-0.328274492721,0.));
#6700 = ORIENTED_EDGE('',*,*,#6686,.T.);
#6701 = CYLINDRICAL_SURFACE('',#6702,12.);
#6702 = AXIS2_PLACEMENT_3D('',#6703,#6704,#6705);
#6703 = CARTESIAN_POINT('',(355.4578540129,306.32132400562,188.));
#6704 = DIRECTION('',(0.328274492721,0.944582371966,-0.));
#6705 = DIRECTION('',(0.944582371966,-0.328274492721,0.));
#6706 = ADVANCED_FACE('',(#6707),#6710,.T.);
#6707 = FACE_BOUND('',#6708,.T.);
#6708 = EDGE_LOOP('',(#6709));
#6709 = ORIENTED_EDGE('',*,*,#6677,.T.);
#6710 = PLANE('',#6711);
#6711 = AXIS2_PLACEMENT_3D('',#6712,#6713,#6714);
#6712 = CARTESIAN_POINT('',(361.6950693746,324.26838907297,188.));
#6713 = DIRECTION('',(0.328274492721,0.944582371966,-0.));
#6714 = DIRECTION('',(0.944582371966,-0.328274492721,0.));
#6715 = ADVANCED_FACE('',(#6716),#6719,.F.);
#6716 = FACE_BOUND('',#6717,.T.);
#6717 = EDGE_LOOP('',(#6718));
#6718 = ORIENTED_EDGE('',*,*,#6694,.F.);
#6719 = PLANE('',#6720);
#6720 = AXIS2_PLACEMENT_3D('',#6721,#6722,#6723);
#6721 = CARTESIAN_POINT('',(355.4578540129,306.32132400562,188.));
#6722 = DIRECTION('',(0.328274492721,0.944582371966,-0.));
#6723 = DIRECTION('',(0.944582371966,-0.328274492721,0.));
#6724 = ( GEOMETRIC_REPRESENTATION_CONTEXT(3) 
GLOBAL_UNCERTAINTY_ASSIGNED_CONTEXT((#6728)) 
GLOBAL_UNIT_ASSIGNED_CONTEXT((#6725,#6726,#6727)) REPRESENTATION_CONTEXT
('Context #1','3D Context with UNIT and UNCERTAINTY') );
#6725 = ( LENGTH_UNIT() NAMED_UNIT(*) SI_UNIT(.MILLI.,.METRE.) );
#6726 = ( NAMED_UNIT(*) PLANE_ANGLE_UNIT() SI_UNIT($,.RADIAN.) );
#6727 = ( NAMED_UNIT(*) SI_UNIT($,.STERADIAN.) SOLID_ANGLE_UNIT() );
#6728 = UNCERTAINTY_MEASURE_WITH_UNIT(LENGTH_MEASURE(1.E-07),#6725,
  'distance_accuracy_value','confusion accuracy');
#6729 = CONTEXT_DEPENDENT_SHAPE_REPRESENTATION(#6730,#6732);
#6730 = ( REPRESENTATION_RELATIONSHIP('','',#6670,#10) 
REPRESENTATION_RELATIONSHIP_WITH_TRANSFORMATION(#6731) 
SHAPE_REPRESENTATION_RELATIONSHIP() );
#6731 = ITEM_DEFINED_TRANSFORMATION('','',#11,#191);
#6732 = PRODUCT_DEFINITION_SHAPE('Placement','Placement of an item',
  #6733);
#6733 = NEXT_ASSEMBLY_USAGE_OCCURRENCE('169','平衡锤包络','',#5,
  #6665,$);
#6734 = PRODUCT_RELATED_PRODUCT_CATEGORY('part',$,(#6667));
#6735 = SHAPE_DEFINITION_REPRESENTATION(#6736,#6742);
#6736 = PRODUCT_DEFINITION_SHAPE('','',#6737);
#6737 = PRODUCT_DEFINITION('design','',#6738,#6741);
#6738 = PRODUCT_DEFINITION_FORMATION('','',#6739);
#6739 = PRODUCT('唱头壳外观包络','唱头壳外观包络','',(
    #6740));
#6740 = PRODUCT_CONTEXT('',#2,'mechanical');
#6741 = PRODUCT_DEFINITION_CONTEXT('part definition',#2,'design');
#6742 = ADVANCED_BREP_SHAPE_REPRESENTATION('',(#11,#6743),#6893);
#6743 = MANIFOLD_SOLID_BREP('',#6744);
#6744 = CLOSED_SHELL('',(#6745,#6785,#6825,#6847,#6869,#6881));
#6745 = ADVANCED_FACE('',(#6746),#6780,.F.);
#6746 = FACE_BOUND('',#6747,.F.);
#6747 = EDGE_LOOP('',(#6748,#6758,#6766,#6774));
#6748 = ORIENTED_EDGE('',*,*,#6749,.F.);
#6749 = EDGE_CURVE('',#6750,#6752,#6754,.T.);
#6750 = VERTEX_POINT('',#6751);
#6751 = CARTESIAN_POINT('',(-7.,-24.,177.));
#6752 = VERTEX_POINT('',#6753);
#6753 = CARTESIAN_POINT('',(-7.,-24.,180.));
#6754 = LINE('',#6755,#6756);
#6755 = CARTESIAN_POINT('',(-7.,-24.,177.));
#6756 = VECTOR('',#6757,1.);
#6757 = DIRECTION('',(0.,0.,1.));
#6758 = ORIENTED_EDGE('',*,*,#6759,.T.);
#6759 = EDGE_CURVE('',#6750,#6760,#6762,.T.);
#6760 = VERTEX_POINT('',#6761);
#6761 = CARTESIAN_POINT('',(-7.,4.,177.));
#6762 = LINE('',#6763,#6764);
#6763 = CARTESIAN_POINT('',(-7.,-24.,177.));
#6764 = VECTOR('',#6765,1.);
#6765 = DIRECTION('',(-0.,1.,0.));
#6766 = ORIENTED_EDGE('',*,*,#6767,.T.);
#6767 = EDGE_CURVE('',#6760,#6768,#6770,.T.);
#6768 = VERTEX_POINT('',#6769);
#6769 = CARTESIAN_POINT('',(-7.,4.,180.));
#6770 = LINE('',#6771,#6772);
#6771 = CARTESIAN_POINT('',(-7.,4.,177.));
#6772 = VECTOR('',#6773,1.);
#6773 = DIRECTION('',(0.,0.,1.));
#6774 = ORIENTED_EDGE('',*,*,#6775,.F.);
#6775 = EDGE_CURVE('',#6752,#6768,#6776,.T.);
#6776 = LINE('',#6777,#6778);
#6777 = CARTESIAN_POINT('',(-7.,-24.,180.));
#6778 = VECTOR('',#6779,1.);
#6779 = DIRECTION('',(-0.,1.,0.));
#6780 = PLANE('',#6781);
#6781 = AXIS2_PLACEMENT_3D('',#6782,#6783,#6784);
#6782 = CARTESIAN_POINT('',(-7.,-24.,177.));
#6783 = DIRECTION('',(1.,0.,-0.));
#6784 = DIRECTION('',(0.,0.,1.));
#6785 = ADVANCED_FACE('',(#6786),#6820,.T.);
#6786 = FACE_BOUND('',#6787,.T.);
#6787 = EDGE_LOOP('',(#6788,#6798,#6806,#6814));
#6788 = ORIENTED_EDGE('',*,*,#6789,.F.);
#6789 = EDGE_CURVE('',#6790,#6792,#6794,.T.);
#6790 = VERTEX_POINT('',#6791);
#6791 = CARTESIAN_POINT('',(7.,-24.,177.));
#6792 = VERTEX_POINT('',#6793);
#6793 = CARTESIAN_POINT('',(7.,-24.,180.));
#6794 = LINE('',#6795,#6796);
#6795 = CARTESIAN_POINT('',(7.,-24.,177.));
#6796 = VECTOR('',#6797,1.);
#6797 = DIRECTION('',(0.,0.,1.));
#6798 = ORIENTED_EDGE('',*,*,#6799,.T.);
#6799 = EDGE_CURVE('',#6790,#6800,#6802,.T.);
#6800 = VERTEX_POINT('',#6801);
#6801 = CARTESIAN_POINT('',(7.,4.,177.));
#6802 = LINE('',#6803,#6804);
#6803 = CARTESIAN_POINT('',(7.,-24.,177.));
#6804 = VECTOR('',#6805,1.);
#6805 = DIRECTION('',(-0.,1.,0.));
#6806 = ORIENTED_EDGE('',*,*,#6807,.T.);
#6807 = EDGE_CURVE('',#6800,#6808,#6810,.T.);
#6808 = VERTEX_POINT('',#6809);
#6809 = CARTESIAN_POINT('',(7.,4.,180.));
#6810 = LINE('',#6811,#6812);
#6811 = CARTESIAN_POINT('',(7.,4.,177.));
#6812 = VECTOR('',#6813,1.);
#6813 = DIRECTION('',(0.,0.,1.));
#6814 = ORIENTED_EDGE('',*,*,#6815,.F.);
#6815 = EDGE_CURVE('',#6792,#6808,#6816,.T.);
#6816 = LINE('',#6817,#6818);
#6817 = CARTESIAN_POINT('',(7.,-24.,180.));
#6818 = VECTOR('',#6819,1.);
#6819 = DIRECTION('',(-0.,1.,0.));
#6820 = PLANE('',#6821);
#6821 = AXIS2_PLACEMENT_3D('',#6822,#6823,#6824);
#6822 = CARTESIAN_POINT('',(7.,-24.,177.));
#6823 = DIRECTION('',(1.,0.,-0.));
#6824 = DIRECTION('',(0.,0.,1.));
#6825 = ADVANCED_FACE('',(#6826),#6842,.F.);
#6826 = FACE_BOUND('',#6827,.F.);
#6827 = EDGE_LOOP('',(#6828,#6834,#6835,#6841));
#6828 = ORIENTED_EDGE('',*,*,#6829,.F.);
#6829 = EDGE_CURVE('',#6750,#6790,#6830,.T.);
#6830 = LINE('',#6831,#6832);
#6831 = CARTESIAN_POINT('',(-7.,-24.,177.));
#6832 = VECTOR('',#6833,1.);
#6833 = DIRECTION('',(1.,0.,-0.));
#6834 = ORIENTED_EDGE('',*,*,#6749,.T.);
#6835 = ORIENTED_EDGE('',*,*,#6836,.T.);
#6836 = EDGE_CURVE('',#6752,#6792,#6837,.T.);
#6837 = LINE('',#6838,#6839);
#6838 = CARTESIAN_POINT('',(-7.,-24.,180.));
#6839 = VECTOR('',#6840,1.);
#6840 = DIRECTION('',(1.,0.,-0.));
#6841 = ORIENTED_EDGE('',*,*,#6789,.F.);
#6842 = PLANE('',#6843);
#6843 = AXIS2_PLACEMENT_3D('',#6844,#6845,#6846);
#6844 = CARTESIAN_POINT('',(-7.,-24.,177.));
#6845 = DIRECTION('',(-0.,1.,0.));
#6846 = DIRECTION('',(0.,0.,1.));
#6847 = ADVANCED_FACE('',(#6848),#6864,.T.);
#6848 = FACE_BOUND('',#6849,.T.);
#6849 = EDGE_LOOP('',(#6850,#6856,#6857,#6863));
#6850 = ORIENTED_EDGE('',*,*,#6851,.F.);
#6851 = EDGE_CURVE('',#6760,#6800,#6852,.T.);
#6852 = LINE('',#6853,#6854);
#6853 = CARTESIAN_POINT('',(-7.,4.,177.));
#6854 = VECTOR('',#6855,1.);
#6855 = DIRECTION('',(1.,0.,-0.));
#6856 = ORIENTED_EDGE('',*,*,#6767,.T.);
#6857 = ORIENTED_EDGE('',*,*,#6858,.T.);
#6858 = EDGE_CURVE('',#6768,#6808,#6859,.T.);
#6859 = LINE('',#6860,#6861);
#6860 = CARTESIAN_POINT('',(-7.,4.,180.));
#6861 = VECTOR('',#6862,1.);
#6862 = DIRECTION('',(1.,0.,-0.));
#6863 = ORIENTED_EDGE('',*,*,#6807,.F.);
#6864 = PLANE('',#6865);
#6865 = AXIS2_PLACEMENT_3D('',#6866,#6867,#6868);
#6866 = CARTESIAN_POINT('',(-7.,4.,177.));
#6867 = DIRECTION('',(-0.,1.,0.));
#6868 = DIRECTION('',(0.,0.,1.));
#6869 = ADVANCED_FACE('',(#6870),#6876,.F.);
#6870 = FACE_BOUND('',#6871,.F.);
#6871 = EDGE_LOOP('',(#6872,#6873,#6874,#6875));
#6872 = ORIENTED_EDGE('',*,*,#6759,.F.);
#6873 = ORIENTED_EDGE('',*,*,#6829,.T.);
#6874 = ORIENTED_EDGE('',*,*,#6799,.T.);
#6875 = ORIENTED_EDGE('',*,*,#6851,.F.);
#6876 = PLANE('',#6877);
#6877 = AXIS2_PLACEMENT_3D('',#6878,#6879,#6880);
#6878 = CARTESIAN_POINT('',(-7.,-24.,177.));
#6879 = DIRECTION('',(0.,0.,1.));
#6880 = DIRECTION('',(1.,0.,-0.));
#6881 = ADVANCED_FACE('',(#6882),#6888,.T.);
#6882 = FACE_BOUND('',#6883,.T.);
#6883 = EDGE_LOOP('',(#6884,#6885,#6886,#6887));
#6884 = ORIENTED_EDGE('',*,*,#6775,.F.);
#6885 = ORIENTED_EDGE('',*,*,#6836,.T.);
#6886 = ORIENTED_EDGE('',*,*,#6815,.T.);
#6887 = ORIENTED_EDGE('',*,*,#6858,.F.);
#6888 = PLANE('',#6889);
#6889 = AXIS2_PLACEMENT_3D('',#6890,#6891,#6892);
#6890 = CARTESIAN_POINT('',(-7.,-24.,180.));
#6891 = DIRECTION('',(0.,0.,1.));
#6892 = DIRECTION('',(1.,0.,-0.));
#6893 = ( GEOMETRIC_REPRESENTATION_CONTEXT(3) 
GLOBAL_UNCERTAINTY_ASSIGNED_CONTEXT((#6897)) 
GLOBAL_UNIT_ASSIGNED_CONTEXT((#6894,#6895,#6896)) REPRESENTATION_CONTEXT
('Context #1','3D Context with UNIT and UNCERTAINTY') );
#6894 = ( LENGTH_UNIT() NAMED_UNIT(*) SI_UNIT(.MILLI.,.METRE.) );
#6895 = ( NAMED_UNIT(*) PLANE_ANGLE_UNIT() SI_UNIT($,.RADIAN.) );
#6896 = ( NAMED_UNIT(*) SI_UNIT($,.STERADIAN.) SOLID_ANGLE_UNIT() );
#6897 = UNCERTAINTY_MEASURE_WITH_UNIT(LENGTH_MEASURE(1.E-07),#6894,
  'distance_accuracy_value','confusion accuracy');
#6898 = CONTEXT_DEPENDENT_SHAPE_REPRESENTATION(#6899,#6901);
#6899 = ( REPRESENTATION_RELATIONSHIP('','',#6742,#10) 
REPRESENTATION_RELATIONSHIP_WITH_TRANSFORMATION(#6900) 
SHAPE_REPRESENTATION_RELATIONSHIP() );
#6900 = ITEM_DEFINED_TRANSFORMATION('','',#11,#195);
#6901 = PRODUCT_DEFINITION_SHAPE('Placement','Placement of an item',
  #6902);
#6902 = NEXT_ASSEMBLY_USAGE_OCCURRENCE('170','唱头壳外观包络','',
  #5,#6737,$);
#6903 = PRODUCT_RELATED_PRODUCT_CATEGORY('part',$,(#6739));
#6904 = SHAPE_DEFINITION_REPRESENTATION(#6905,#6911);
#6905 = PRODUCT_DEFINITION_SHAPE('','',#6906);
#6906 = PRODUCT_DEFINITION('design','',#6907,#6910);
#6907 = PRODUCT_DEFINITION_FORMATION('','',#6908);
#6908 = PRODUCT('唱头占位（非安装图）',
  '唱头占位（非安装图）','',(#6909));
#6909 = PRODUCT_CONTEXT('',#2,'mechanical');
#6910 = PRODUCT_DEFINITION_CONTEXT('part definition',#2,'design');
#6911 = ADVANCED_BREP_SHAPE_REPRESENTATION('',(#11,#6912),#7062);
#6912 = MANIFOLD_SOLID_BREP('',#6913);
#6913 = CLOSED_SHELL('',(#6914,#6954,#6994,#7016,#7038,#7050));
#6914 = ADVANCED_FACE('',(#6915),#6949,.F.);
#6915 = FACE_BOUND('',#6916,.F.);
#6916 = EDGE_LOOP('',(#6917,#6927,#6935,#6943));
#6917 = ORIENTED_EDGE('',*,*,#6918,.F.);
#6918 = EDGE_CURVE('',#6919,#6921,#6923,.T.);
#6919 = VERTEX_POINT('',#6920);
#6920 = CARTESIAN_POINT('',(-6.,-12.,170.));
#6921 = VERTEX_POINT('',#6922);
#6922 = CARTESIAN_POINT('',(-6.,-12.,177.));
#6923 = LINE('',#6924,#6925);
#6924 = CARTESIAN_POINT('',(-6.,-12.,170.));
#6925 = VECTOR('',#6926,1.);
#6926 = DIRECTION('',(0.,0.,1.));
#6927 = ORIENTED_EDGE('',*,*,#6928,.T.);
#6928 = EDGE_CURVE('',#6919,#6929,#6931,.T.);
#6929 = VERTEX_POINT('',#6930);
#6930 = CARTESIAN_POINT('',(-6.,4.,170.));
#6931 = LINE('',#6932,#6933);
#6932 = CARTESIAN_POINT('',(-6.,-12.,170.));
#6933 = VECTOR('',#6934,1.);
#6934 = DIRECTION('',(-0.,1.,0.));
#6935 = ORIENTED_EDGE('',*,*,#6936,.T.);
#6936 = EDGE_CURVE('',#6929,#6937,#6939,.T.);
#6937 = VERTEX_POINT('',#6938);
#6938 = CARTESIAN_POINT('',(-6.,4.,177.));
#6939 = LINE('',#6940,#6941);
#6940 = CARTESIAN_POINT('',(-6.,4.,170.));
#6941 = VECTOR('',#6942,1.);
#6942 = DIRECTION('',(0.,0.,1.));
#6943 = ORIENTED_EDGE('',*,*,#6944,.F.);
#6944 = EDGE_CURVE('',#6921,#6937,#6945,.T.);
#6945 = LINE('',#6946,#6947);
#6946 = CARTESIAN_POINT('',(-6.,-12.,177.));
#6947 = VECTOR('',#6948,1.);
#6948 = DIRECTION('',(-0.,1.,0.));
#6949 = PLANE('',#6950);
#6950 = AXIS2_PLACEMENT_3D('',#6951,#6952,#6953);
#6951 = CARTESIAN_POINT('',(-6.,-12.,170.));
#6952 = DIRECTION('',(1.,0.,-0.));
#6953 = DIRECTION('',(0.,0.,1.));
#6954 = ADVANCED_FACE('',(#6955),#6989,.T.);
#6955 = FACE_BOUND('',#6956,.T.);
#6956 = EDGE_LOOP('',(#6957,#6967,#6975,#6983));
#6957 = ORIENTED_EDGE('',*,*,#6958,.F.);
#6958 = EDGE_CURVE('',#6959,#6961,#6963,.T.);
#6959 = VERTEX_POINT('',#6960);
#6960 = CARTESIAN_POINT('',(6.,-12.,170.));
#6961 = VERTEX_POINT('',#6962);
#6962 = CARTESIAN_POINT('',(6.,-12.,177.));
#6963 = LINE('',#6964,#6965);
#6964 = CARTESIAN_POINT('',(6.,-12.,170.));
#6965 = VECTOR('',#6966,1.);
#6966 = DIRECTION('',(0.,0.,1.));
#6967 = ORIENTED_EDGE('',*,*,#6968,.T.);
#6968 = EDGE_CURVE('',#6959,#6969,#6971,.T.);
#6969 = VERTEX_POINT('',#6970);
#6970 = CARTESIAN_POINT('',(6.,4.,170.));
#6971 = LINE('',#6972,#6973);
#6972 = CARTESIAN_POINT('',(6.,-12.,170.));
#6973 = VECTOR('',#6974,1.);
#6974 = DIRECTION('',(-0.,1.,0.));
#6975 = ORIENTED_EDGE('',*,*,#6976,.T.);
#6976 = EDGE_CURVE('',#6969,#6977,#6979,.T.);
#6977 = VERTEX_POINT('',#6978);
#6978 = CARTESIAN_POINT('',(6.,4.,177.));
#6979 = LINE('',#6980,#6981);
#6980 = CARTESIAN_POINT('',(6.,4.,170.));
#6981 = VECTOR('',#6982,1.);
#6982 = DIRECTION('',(0.,0.,1.));
#6983 = ORIENTED_EDGE('',*,*,#6984,.F.);
#6984 = EDGE_CURVE('',#6961,#6977,#6985,.T.);
#6985 = LINE('',#6986,#6987);
#6986 = CARTESIAN_POINT('',(6.,-12.,177.));
#6987 = VECTOR('',#6988,1.);
#6988 = DIRECTION('',(-0.,1.,0.));
#6989 = PLANE('',#6990);
#6990 = AXIS2_PLACEMENT_3D('',#6991,#6992,#6993);
#6991 = CARTESIAN_POINT('',(6.,-12.,170.));
#6992 = DIRECTION('',(1.,0.,-0.));
#6993 = DIRECTION('',(0.,0.,1.));
#6994 = ADVANCED_FACE('',(#6995),#7011,.F.);
#6995 = FACE_BOUND('',#6996,.F.);
#6996 = EDGE_LOOP('',(#6997,#7003,#7004,#7010));
#6997 = ORIENTED_EDGE('',*,*,#6998,.F.);
#6998 = EDGE_CURVE('',#6919,#6959,#6999,.T.);
#6999 = LINE('',#7000,#7001);
#7000 = CARTESIAN_POINT('',(-6.,-12.,170.));
#7001 = VECTOR('',#7002,1.);
#7002 = DIRECTION('',(1.,0.,-0.));
#7003 = ORIENTED_EDGE('',*,*,#6918,.T.);
#7004 = ORIENTED_EDGE('',*,*,#7005,.T.);
#7005 = EDGE_CURVE('',#6921,#6961,#7006,.T.);
#7006 = LINE('',#7007,#7008);
#7007 = CARTESIAN_POINT('',(-6.,-12.,177.));
#7008 = VECTOR('',#7009,1.);
#7009 = DIRECTION('',(1.,0.,-0.));
#7010 = ORIENTED_EDGE('',*,*,#6958,.F.);
#7011 = PLANE('',#7012);
#7012 = AXIS2_PLACEMENT_3D('',#7013,#7014,#7015);
#7013 = CARTESIAN_POINT('',(-6.,-12.,170.));
#7014 = DIRECTION('',(-0.,1.,0.));
#7015 = DIRECTION('',(0.,0.,1.));
#7016 = ADVANCED_FACE('',(#7017),#7033,.T.);
#7017 = FACE_BOUND('',#7018,.T.);
#7018 = EDGE_LOOP('',(#7019,#7025,#7026,#7032));
#7019 = ORIENTED_EDGE('',*,*,#7020,.F.);
#7020 = EDGE_CURVE('',#6929,#6969,#7021,.T.);
#7021 = LINE('',#7022,#7023);
#7022 = CARTESIAN_POINT('',(-6.,4.,170.));
#7023 = VECTOR('',#7024,1.);
#7024 = DIRECTION('',(1.,0.,-0.));
#7025 = ORIENTED_EDGE('',*,*,#6936,.T.);
#7026 = ORIENTED_EDGE('',*,*,#7027,.T.);
#7027 = EDGE_CURVE('',#6937,#6977,#7028,.T.);
#7028 = LINE('',#7029,#7030);
#7029 = CARTESIAN_POINT('',(-6.,4.,177.));
#7030 = VECTOR('',#7031,1.);
#7031 = DIRECTION('',(1.,0.,-0.));
#7032 = ORIENTED_EDGE('',*,*,#6976,.F.);
#7033 = PLANE('',#7034);
#7034 = AXIS2_PLACEMENT_3D('',#7035,#7036,#7037);
#7035 = CARTESIAN_POINT('',(-6.,4.,170.));
#7036 = DIRECTION('',(-0.,1.,0.));
#7037 = DIRECTION('',(0.,0.,1.));
#7038 = ADVANCED_FACE('',(#7039),#7045,.F.);
#7039 = FACE_BOUND('',#7040,.F.);
#7040 = EDGE_LOOP('',(#7041,#7042,#7043,#7044));
#7041 = ORIENTED_EDGE('',*,*,#6928,.F.);
#7042 = ORIENTED_EDGE('',*,*,#6998,.T.);
#7043 = ORIENTED_EDGE('',*,*,#6968,.T.);
#7044 = ORIENTED_EDGE('',*,*,#7020,.F.);
#7045 = PLANE('',#7046);
#7046 = AXIS2_PLACEMENT_3D('',#7047,#7048,#7049);
#7047 = CARTESIAN_POINT('',(-6.,-12.,170.));
#7048 = DIRECTION('',(0.,0.,1.));
#7049 = DIRECTION('',(1.,0.,-0.));
#7050 = ADVANCED_FACE('',(#7051),#7057,.T.);
#7051 = FACE_BOUND('',#7052,.T.);
#7052 = EDGE_LOOP('',(#7053,#7054,#7055,#7056));
#7053 = ORIENTED_EDGE('',*,*,#6944,.F.);
#7054 = ORIENTED_EDGE('',*,*,#7005,.T.);
#7055 = ORIENTED_EDGE('',*,*,#6984,.T.);
#7056 = ORIENTED_EDGE('',*,*,#7027,.F.);
#7057 = PLANE('',#7058);
#7058 = AXIS2_PLACEMENT_3D('',#7059,#7060,#7061);
#7059 = CARTESIAN_POINT('',(-6.,-12.,177.));
#7060 = DIRECTION('',(0.,0.,1.));
#7061 = DIRECTION('',(1.,0.,-0.));
#7062 = ( GEOMETRIC_REPRESENTATION_CONTEXT(3) 
GLOBAL_UNCERTAINTY_ASSIGNED_CONTEXT((#7066)) 
GLOBAL_UNIT_ASSIGNED_CONTEXT((#7063,#7064,#7065)) REPRESENTATION_CONTEXT
('Context #1','3D Context with UNIT and UNCERTAINTY') );
#7063 = ( LENGTH_UNIT() NAMED_UNIT(*) SI_UNIT(.MILLI.,.METRE.) );
#7064 = ( NAMED_UNIT(*) PLANE_ANGLE_UNIT() SI_UNIT($,.RADIAN.) );
#7065 = ( NAMED_UNIT(*) SI_UNIT($,.STERADIAN.) SOLID_ANGLE_UNIT() );
#7066 = UNCERTAINTY_MEASURE_WITH_UNIT(LENGTH_MEASURE(1.E-07),#7063,
  'distance_accuracy_value','confusion accuracy');
#7067 = CONTEXT_DEPENDENT_SHAPE_REPRESENTATION(#7068,#7070);
#7068 = ( REPRESENTATION_RELATIONSHIP('','',#6911,#10) 
REPRESENTATION_RELATIONSHIP_WITH_TRANSFORMATION(#7069) 
SHAPE_REPRESENTATION_RELATIONSHIP() );
#7069 = ITEM_DEFINED_TRANSFORMATION('','',#11,#199);
#7070 = PRODUCT_DEFINITION_SHAPE('Placement','Placement of an item',
  #7071);
#7071 = NEXT_ASSEMBLY_USAGE_OCCURRENCE('171',
  '唱头占位（非安装图）','',#5,#6906,$);
#7072 = PRODUCT_RELATED_PRODUCT_CATEGORY('part',$,(#6908));
#7073 = SHAPE_DEFINITION_REPRESENTATION(#7074,#7080);
#7074 = PRODUCT_DEFINITION_SHAPE('','',#7075);
#7075 = PRODUCT_DEFINITION('design','',#7076,#7079);
#7076 = PRODUCT_DEFINITION_FORMATION('','',#7077);
#7077 = PRODUCT('针尖几何基准','针尖几何基准','',(#7078));
#7078 = PRODUCT_CONTEXT('',#2,'mechanical');
#7079 = PRODUCT_DEFINITION_CONTEXT('part definition',#2,'design');
#7080 = ADVANCED_BREP_SHAPE_REPRESENTATION('',(#11,#7081),#7134);
#7081 = MANIFOLD_SOLID_BREP('',#7082);
#7082 = CLOSED_SHELL('',(#7083,#7116,#7125));
#7083 = ADVANCED_FACE('',(#7084),#7111,.T.);
#7084 = FACE_BOUND('',#7085,.T.);
#7085 = EDGE_LOOP('',(#7086,#7095,#7103,#7110));
#7086 = ORIENTED_EDGE('',*,*,#7087,.F.);
#7087 = EDGE_CURVE('',#7088,#7088,#7090,.T.);
#7088 = VERTEX_POINT('',#7089);
#7089 = CARTESIAN_POINT('',(274.49577981815,72.064895758052,170.));
#7090 = CIRCLE('',#7091,0.45);
#7091 = AXIS2_PLACEMENT_3D('',#7092,#7093,#7094);
#7092 = CARTESIAN_POINT('',(274.04577981815,72.064895758052,170.));
#7093 = DIRECTION('',(0.,0.,1.));
#7094 = DIRECTION('',(1.,0.,-0.));
#7095 = ORIENTED_EDGE('',*,*,#7096,.F.);
#7096 = EDGE_CURVE('',#7097,#7088,#7099,.T.);
#7097 = VERTEX_POINT('',#7098);
#7098 = CARTESIAN_POINT('',(274.49577981815,72.064895758052,167.3));
#7099 = LINE('',#7100,#7101);
#7100 = CARTESIAN_POINT('',(274.49577981815,72.064895758052,167.3));
#7101 = VECTOR('',#7102,1.);
#7102 = DIRECTION('',(0.,0.,1.));
#7103 = ORIENTED_EDGE('',*,*,#7104,.T.);
#7104 = EDGE_CURVE('',#7097,#7097,#7105,.T.);
#7105 = CIRCLE('',#7106,0.45);
#7106 = AXIS2_PLACEMENT_3D('',#7107,#7108,#7109);
#7107 = CARTESIAN_POINT('',(274.04577981815,72.064895758052,167.3));
#7108 = DIRECTION('',(0.,0.,1.));
#7109 = DIRECTION('',(1.,0.,-0.));
#7110 = ORIENTED_EDGE('',*,*,#7096,.T.);
#7111 = CYLINDRICAL_SURFACE('',#7112,0.45);
#7112 = AXIS2_PLACEMENT_3D('',#7113,#7114,#7115);
#7113 = CARTESIAN_POINT('',(274.04577981815,72.064895758052,167.3));
#7114 = DIRECTION('',(0.,0.,1.));
#7115 = DIRECTION('',(1.,0.,-0.));
#7116 = ADVANCED_FACE('',(#7117),#7120,.T.);
#7117 = FACE_BOUND('',#7118,.T.);
#7118 = EDGE_LOOP('',(#7119));
#7119 = ORIENTED_EDGE('',*,*,#7087,.T.);
#7120 = PLANE('',#7121);
#7121 = AXIS2_PLACEMENT_3D('',#7122,#7123,#7124);
#7122 = CARTESIAN_POINT('',(274.04577981815,72.064895758052,170.));
#7123 = DIRECTION('',(0.,0.,1.));
#7124 = DIRECTION('',(1.,0.,-0.));
#7125 = ADVANCED_FACE('',(#7126),#7129,.F.);
#7126 = FACE_BOUND('',#7127,.T.);
#7127 = EDGE_LOOP('',(#7128));
#7128 = ORIENTED_EDGE('',*,*,#7104,.F.);
#7129 = PLANE('',#7130);
#7130 = AXIS2_PLACEMENT_3D('',#7131,#7132,#7133);
#7131 = CARTESIAN_POINT('',(274.04577981815,72.064895758052,167.3));
#7132 = DIRECTION('',(0.,0.,1.));
#7133 = DIRECTION('',(1.,0.,-0.));
#7134 = ( GEOMETRIC_REPRESENTATION_CONTEXT(3) 
GLOBAL_UNCERTAINTY_ASSIGNED_CONTEXT((#7138)) 
GLOBAL_UNIT_ASSIGNED_CONTEXT((#7135,#7136,#7137)) REPRESENTATION_CONTEXT
('Context #1','3D Context with UNIT and UNCERTAINTY') );
#7135 = ( LENGTH_UNIT() NAMED_UNIT(*) SI_UNIT(.MILLI.,.METRE.) );
#7136 = ( NAMED_UNIT(*) PLANE_ANGLE_UNIT() SI_UNIT($,.RADIAN.) );
#7137 = ( NAMED_UNIT(*) SI_UNIT($,.STERADIAN.) SOLID_ANGLE_UNIT() );
#7138 = UNCERTAINTY_MEASURE_WITH_UNIT(LENGTH_MEASURE(1.E-07),#7135,
  'distance_accuracy_value','confusion accuracy');
#7139 = CONTEXT_DEPENDENT_SHAPE_REPRESENTATION(#7140,#7142);
#7140 = ( REPRESENTATION_RELATIONSHIP('','',#7080,#10) 
REPRESENTATION_RELATIONSHIP_WITH_TRANSFORMATION(#7141) 
SHAPE_REPRESENTATION_RELATIONSHIP() );
#7141 = ITEM_DEFINED_TRANSFORMATION('','',#11,#203);
#7142 = PRODUCT_DEFINITION_SHAPE('Placement','Placement of an item',
  #7143);
#7143 = NEXT_ASSEMBLY_USAGE_OCCURRENCE('172','针尖几何基准','',#5,
  #7075,$);
#7144 = PRODUCT_RELATED_PRODUCT_CATEGORY('part',$,(#7077));
#7145 = SHAPE_DEFINITION_REPRESENTATION(#7146,#7152);
#7146 = PRODUCT_DEFINITION_SHAPE('','',#7147);
#7147 = PRODUCT_DEFINITION('design','',#7148,#7151);
#7148 = PRODUCT_DEFINITION_FORMATION('','',#7149);
#7149 = PRODUCT('唱臂支架占位','唱臂支架占位','',(#7150));
#7150 = PRODUCT_CONTEXT('',#2,'mechanical');
#7151 = PRODUCT_DEFINITION_CONTEXT('part definition',#2,'design');
#7152 = ADVANCED_BREP_SHAPE_REPRESENTATION('',(#11,#7153),#7206);
#7153 = MANIFOLD_SOLID_BREP('',#7154);
#7154 = CLOSED_SHELL('',(#7155,#7188,#7197));
#7155 = ADVANCED_FACE('',(#7156),#7183,.T.);
#7156 = FACE_BOUND('',#7157,.T.);
#7157 = EDGE_LOOP('',(#7158,#7167,#7175,#7182));
#7158 = ORIENTED_EDGE('',*,*,#7159,.F.);
#7159 = EDGE_CURVE('',#7160,#7160,#7162,.T.);
#7160 = VERTEX_POINT('',#7161);
#7161 = CARTESIAN_POINT('',(359.60961923128,208.98385284664,176.));
#7162 = CIRCLE('',#7163,4.);
#7163 = AXIS2_PLACEMENT_3D('',#7164,#7165,#7166);
#7164 = CARTESIAN_POINT('',(355.60961923128,208.98385284664,176.));
#7165 = DIRECTION('',(0.,0.,1.));
#7166 = DIRECTION('',(1.,0.,-0.));
#7167 = ORIENTED_EDGE('',*,*,#7168,.F.);
#7168 = EDGE_CURVE('',#7169,#7160,#7171,.T.);
#7169 = VERTEX_POINT('',#7170);
#7170 = CARTESIAN_POINT('',(359.60961923128,208.98385284664,150.));
#7171 = LINE('',#7172,#7173);
#7172 = CARTESIAN_POINT('',(359.60961923128,208.98385284664,150.));
#7173 = VECTOR('',#7174,1.);
#7174 = DIRECTION('',(0.,0.,1.));
#7175 = ORIENTED_EDGE('',*,*,#7176,.T.);
#7176 = EDGE_CURVE('',#7169,#7169,#7177,.T.);
#7177 = CIRCLE('',#7178,4.);
#7178 = AXIS2_PLACEMENT_3D('',#7179,#7180,#7181);
#7179 = CARTESIAN_POINT('',(355.60961923128,208.98385284664,150.));
#7180 = DIRECTION('',(0.,0.,1.));
#7181 = DIRECTION('',(1.,0.,-0.));
#7182 = ORIENTED_EDGE('',*,*,#7168,.T.);
#7183 = CYLINDRICAL_SURFACE('',#7184,4.);
#7184 = AXIS2_PLACEMENT_3D('',#7185,#7186,#7187);
#7185 = CARTESIAN_POINT('',(355.60961923128,208.98385284664,150.));
#7186 = DIRECTION('',(0.,0.,1.));
#7187 = DIRECTION('',(1.,0.,-0.));
#7188 = ADVANCED_FACE('',(#7189),#7192,.T.);
#7189 = FACE_BOUND('',#7190,.T.);
#7190 = EDGE_LOOP('',(#7191));
#7191 = ORIENTED_EDGE('',*,*,#7159,.T.);
#7192 = PLANE('',#7193);
#7193 = AXIS2_PLACEMENT_3D('',#7194,#7195,#7196);
#7194 = CARTESIAN_POINT('',(355.60961923128,208.98385284664,176.));
#7195 = DIRECTION('',(0.,0.,1.));
#7196 = DIRECTION('',(1.,0.,-0.));
#7197 = ADVANCED_FACE('',(#7198),#7201,.F.);
#7198 = FACE_BOUND('',#7199,.T.);
#7199 = EDGE_LOOP('',(#7200));
#7200 = ORIENTED_EDGE('',*,*,#7176,.F.);
#7201 = PLANE('',#7202);
#7202 = AXIS2_PLACEMENT_3D('',#7203,#7204,#7205);
#7203 = CARTESIAN_POINT('',(355.60961923128,208.98385284664,150.));
#7204 = DIRECTION('',(0.,0.,1.));
#7205 = DIRECTION('',(1.,0.,-0.));
#7206 = ( GEOMETRIC_REPRESENTATION_CONTEXT(3) 
GLOBAL_UNCERTAINTY_ASSIGNED_CONTEXT((#7210)) 
GLOBAL_UNIT_ASSIGNED_CONTEXT((#7207,#7208,#7209)) REPRESENTATION_CONTEXT
('Context #1','3D Context with UNIT and UNCERTAINTY') );
#7207 = ( LENGTH_UNIT() NAMED_UNIT(*) SI_UNIT(.MILLI.,.METRE.) );
#7208 = ( NAMED_UNIT(*) PLANE_ANGLE_UNIT() SI_UNIT($,.RADIAN.) );
#7209 = ( NAMED_UNIT(*) SI_UNIT($,.STERADIAN.) SOLID_ANGLE_UNIT() );
#7210 = UNCERTAINTY_MEASURE_WITH_UNIT(LENGTH_MEASURE(1.E-07),#7207,
  'distance_accuracy_value','confusion accuracy');
#7211 = CONTEXT_DEPENDENT_SHAPE_REPRESENTATION(#7212,#7214);
#7212 = ( REPRESENTATION_RELATIONSHIP('','',#7152,#10) 
REPRESENTATION_RELATIONSHIP_WITH_TRANSFORMATION(#7213) 
SHAPE_REPRESENTATION_RELATIONSHIP() );
#7213 = ITEM_DEFINED_TRANSFORMATION('','',#11,#207);
#7214 = PRODUCT_DEFINITION_SHAPE('Placement','Placement of an item',
  #7215);
#7215 = NEXT_ASSEMBLY_USAGE_OCCURRENCE('173','唱臂支架占位','',#5,
  #7147,$);
#7216 = PRODUCT_RELATED_PRODUCT_CATEGORY('part',$,(#7149));
#7217 = SHAPE_DEFINITION_REPRESENTATION(#7218,#7224);
#7218 = PRODUCT_DEFINITION_SHAPE('','',#7219);
#7219 = PRODUCT_DEFINITION('design','',#7220,#7223);
#7220 = PRODUCT_DEFINITION_FORMATION('','',#7221);
#7221 = PRODUCT('烟灰透明防尘盖','烟灰透明防尘盖','',(
    #7222));
#7222 = PRODUCT_CONTEXT('',#2,'mechanical');
#7223 = PRODUCT_DEFINITION_CONTEXT('part definition',#2,'design');
#7224 = ADVANCED_BREP_SHAPE_REPRESENTATION('',(#11,#7225),#7517);
#7225 = MANIFOLD_SOLID_BREP('',#7226);
#7226 = CLOSED_SHELL('',(#7227,#7267,#7298,#7322,#7346,#7397,#7409,#7440
    ,#7464,#7488,#7505));
#7227 = ADVANCED_FACE('',(#7228),#7262,.F.);
#7228 = FACE_BOUND('',#7229,.F.);
#7229 = EDGE_LOOP('',(#7230,#7240,#7248,#7256));
#7230 = ORIENTED_EDGE('',*,*,#7231,.F.);
#7231 = EDGE_CURVE('',#7232,#7234,#7236,.T.);
#7232 = VERTEX_POINT('',#7233);
#7233 = CARTESIAN_POINT('',(12.,2.,151.));
#7234 = VERTEX_POINT('',#7235);
#7235 = CARTESIAN_POINT('',(12.,2.,214.2));
#7236 = LINE('',#7237,#7238);
#7237 = CARTESIAN_POINT('',(12.,2.,151.));
#7238 = VECTOR('',#7239,1.);
#7239 = DIRECTION('',(0.,0.,1.));
#7240 = ORIENTED_EDGE('',*,*,#7241,.T.);
#7241 = EDGE_CURVE('',#7232,#7242,#7244,.T.);
#7242 = VERTEX_POINT('',#7243);
#7243 = CARTESIAN_POINT('',(12.,343.5,151.));
#7244 = LINE('',#7245,#7246);
#7245 = CARTESIAN_POINT('',(12.,2.,151.));
#7246 = VECTOR('',#7247,1.);
#7247 = DIRECTION('',(-0.,1.,0.));
#7248 = ORIENTED_EDGE('',*,*,#7249,.T.);
#7249 = EDGE_CURVE('',#7242,#7250,#7252,.T.);
#7250 = VERTEX_POINT('',#7251);
#7251 = CARTESIAN_POINT('',(12.,343.5,214.2));
#7252 = LINE('',#7253,#7254);
#7253 = CARTESIAN_POINT('',(12.,343.5,151.));
#7254 = VECTOR('',#7255,1.);
#7255 = DIRECTION('',(0.,0.,1.));
#7256 = ORIENTED_EDGE('',*,*,#7257,.F.);
#7257 = EDGE_CURVE('',#7234,#7250,#7258,.T.);
#7258 = LINE('',#7259,#7260);
#7259 = CARTESIAN_POINT('',(12.,2.,214.2));
#7260 = VECTOR('',#7261,1.);
#7261 = DIRECTION('',(-0.,1.,0.));
#7262 = PLANE('',#7263);
#7263 = AXIS2_PLACEMENT_3D('',#7264,#7265,#7266);
#7264 = CARTESIAN_POINT('',(12.,2.,151.));
#7265 = DIRECTION('',(1.,0.,-0.));
#7266 = DIRECTION('',(0.,0.,1.));
#7267 = ADVANCED_FACE('',(#7268),#7293,.F.);
#7268 = FACE_BOUND('',#7269,.F.);
#7269 = EDGE_LOOP('',(#7270,#7278,#7279,#7287));
#7270 = ORIENTED_EDGE('',*,*,#7271,.F.);
#7271 = EDGE_CURVE('',#7232,#7272,#7274,.T.);
#7272 = VERTEX_POINT('',#7273);
#7273 = CARTESIAN_POINT('',(436.6,2.,151.));
#7274 = LINE('',#7275,#7276);
#7275 = CARTESIAN_POINT('',(12.,2.,151.));
#7276 = VECTOR('',#7277,1.);
#7277 = DIRECTION('',(1.,0.,-0.));
#7278 = ORIENTED_EDGE('',*,*,#7231,.T.);
#7279 = ORIENTED_EDGE('',*,*,#7280,.T.);
#7280 = EDGE_CURVE('',#7234,#7281,#7283,.T.);
#7281 = VERTEX_POINT('',#7282);
#7282 = CARTESIAN_POINT('',(436.6,2.,214.2));
#7283 = LINE('',#7284,#7285);
#7284 = CARTESIAN_POINT('',(12.,2.,214.2));
#7285 = VECTOR('',#7286,1.);
#7286 = DIRECTION('',(1.,0.,-0.));
#7287 = ORIENTED_EDGE('',*,*,#7288,.F.);
#7288 = EDGE_CURVE('',#7272,#7281,#7289,.T.);
#7289 = LINE('',#7290,#7291);
#7290 = CARTESIAN_POINT('',(436.6,2.,151.));
#7291 = VECTOR('',#7292,1.);
#7292 = DIRECTION('',(0.,0.,1.));
#7293 = PLANE('',#7294);
#7294 = AXIS2_PLACEMENT_3D('',#7295,#7296,#7297);
#7295 = CARTESIAN_POINT('',(12.,2.,151.));
#7296 = DIRECTION('',(-0.,1.,0.));
#7297 = DIRECTION('',(0.,0.,1.));
#7298 = ADVANCED_FACE('',(#7299),#7317,.T.);
#7299 = FACE_BOUND('',#7300,.T.);
#7300 = EDGE_LOOP('',(#7301,#7302,#7303,#7311));
#7301 = ORIENTED_EDGE('',*,*,#7257,.F.);
#7302 = ORIENTED_EDGE('',*,*,#7280,.T.);
#7303 = ORIENTED_EDGE('',*,*,#7304,.T.);
#7304 = EDGE_CURVE('',#7281,#7305,#7307,.T.);
#7305 = VERTEX_POINT('',#7306);
#7306 = CARTESIAN_POINT('',(436.6,343.5,214.2));
#7307 = LINE('',#7308,#7309);
#7308 = CARTESIAN_POINT('',(436.6,2.,214.2));
#7309 = VECTOR('',#7310,1.);
#7310 = DIRECTION('',(-0.,1.,0.));
#7311 = ORIENTED_EDGE('',*,*,#7312,.F.);
#7312 = EDGE_CURVE('',#7250,#7305,#7313,.T.);
#7313 = LINE('',#7314,#7315);
#7314 = CARTESIAN_POINT('',(12.,343.5,214.2));
#7315 = VECTOR('',#7316,1.);
#7316 = DIRECTION('',(1.,0.,-0.));
#7317 = PLANE('',#7318);
#7318 = AXIS2_PLACEMENT_3D('',#7319,#7320,#7321);
#7319 = CARTESIAN_POINT('',(12.,2.,214.2));
#7320 = DIRECTION('',(0.,0.,1.));
#7321 = DIRECTION('',(1.,0.,-0.));
#7322 = ADVANCED_FACE('',(#7323),#7341,.T.);
#7323 = FACE_BOUND('',#7324,.T.);
#7324 = EDGE_LOOP('',(#7325,#7333,#7334,#7335));
#7325 = ORIENTED_EDGE('',*,*,#7326,.F.);
#7326 = EDGE_CURVE('',#7242,#7327,#7329,.T.);
#7327 = VERTEX_POINT('',#7328);
#7328 = CARTESIAN_POINT('',(436.6,343.5,151.));
#7329 = LINE('',#7330,#7331);
#7330 = CARTESIAN_POINT('',(12.,343.5,151.));
#7331 = VECTOR('',#7332,1.);
#7332 = DIRECTION('',(1.,0.,-0.));
#7333 = ORIENTED_EDGE('',*,*,#7249,.T.);
#7334 = ORIENTED_EDGE('',*,*,#7312,.T.);
#7335 = ORIENTED_EDGE('',*,*,#7336,.F.);
#7336 = EDGE_CURVE('',#7327,#7305,#7337,.T.);
#7337 = LINE('',#7338,#7339);
#7338 = CARTESIAN_POINT('',(436.6,343.5,151.));
#7339 = VECTOR('',#7340,1.);
#7340 = DIRECTION('',(0.,0.,1.));
#7341 = PLANE('',#7342);
#7342 = AXIS2_PLACEMENT_3D('',#7343,#7344,#7345);
#7343 = CARTESIAN_POINT('',(12.,343.5,151.));
#7344 = DIRECTION('',(-0.,1.,0.));
#7345 = DIRECTION('',(0.,0.,1.));
#7346 = ADVANCED_FACE('',(#7347,#7358),#7392,.F.);
#7347 = FACE_BOUND('',#7348,.F.);
#7348 = EDGE_LOOP('',(#7349,#7350,#7351,#7357));
#7349 = ORIENTED_EDGE('',*,*,#7241,.F.);
#7350 = ORIENTED_EDGE('',*,*,#7271,.T.);
#7351 = ORIENTED_EDGE('',*,*,#7352,.T.);
#7352 = EDGE_CURVE('',#7272,#7327,#7353,.T.);
#7353 = LINE('',#7354,#7355);
#7354 = CARTESIAN_POINT('',(436.6,2.,151.));
#7355 = VECTOR('',#7356,1.);
#7356 = DIRECTION('',(-0.,1.,0.));
#7357 = ORIENTED_EDGE('',*,*,#7326,.F.);
#7358 = FACE_BOUND('',#7359,.F.);
#7359 = EDGE_LOOP('',(#7360,#7370,#7378,#7386));
#7360 = ORIENTED_EDGE('',*,*,#7361,.T.);
#7361 = EDGE_CURVE('',#7362,#7364,#7366,.T.);
#7362 = VERTEX_POINT('',#7363);
#7363 = CARTESIAN_POINT('',(433.6,5.,151.));
#7364 = VERTEX_POINT('',#7365);
#7365 = CARTESIAN_POINT('',(15.,5.,151.));
#7366 = LINE('',#7367,#7368);
#7367 = CARTESIAN_POINT('',(13.5,5.,151.));
#7368 = VECTOR('',#7369,1.);
#7369 = DIRECTION('',(-1.,-0.,0.));
#7370 = ORIENTED_EDGE('',*,*,#7371,.T.);
#7371 = EDGE_CURVE('',#7364,#7372,#7374,.T.);
#7372 = VERTEX_POINT('',#7373);
#7373 = CARTESIAN_POINT('',(15.,340.5,151.));
#7374 = LINE('',#7375,#7376);
#7375 = CARTESIAN_POINT('',(15.,3.5,151.));
#7376 = VECTOR('',#7377,1.);
#7377 = DIRECTION('',(-0.,1.,0.));
#7378 = ORIENTED_EDGE('',*,*,#7379,.F.);
#7379 = EDGE_CURVE('',#7380,#7372,#7382,.T.);
#7380 = VERTEX_POINT('',#7381);
#7381 = CARTESIAN_POINT('',(433.6,340.5,151.));
#7382 = LINE('',#7383,#7384);
#7383 = CARTESIAN_POINT('',(13.5,340.5,151.));
#7384 = VECTOR('',#7385,1.);
#7385 = DIRECTION('',(-1.,-0.,0.));
#7386 = ORIENTED_EDGE('',*,*,#7387,.F.);
#7387 = EDGE_CURVE('',#7362,#7380,#7388,.T.);
#7388 = LINE('',#7389,#7390);
#7389 = CARTESIAN_POINT('',(433.6,3.5,151.));
#7390 = VECTOR('',#7391,1.);
#7391 = DIRECTION('',(-0.,1.,0.));
#7392 = PLANE('',#7393);
#7393 = AXIS2_PLACEMENT_3D('',#7394,#7395,#7396);
#7394 = CARTESIAN_POINT('',(12.,2.,151.));
#7395 = DIRECTION('',(0.,0.,1.));
#7396 = DIRECTION('',(1.,0.,-0.));
#7397 = ADVANCED_FACE('',(#7398),#7404,.T.);
#7398 = FACE_BOUND('',#7399,.T.);
#7399 = EDGE_LOOP('',(#7400,#7401,#7402,#7403));
#7400 = ORIENTED_EDGE('',*,*,#7288,.F.);
#7401 = ORIENTED_EDGE('',*,*,#7352,.T.);
#7402 = ORIENTED_EDGE('',*,*,#7336,.T.);
#7403 = ORIENTED_EDGE('',*,*,#7304,.F.);
#7404 = PLANE('',#7405);
#7405 = AXIS2_PLACEMENT_3D('',#7406,#7407,#7408);
#7406 = CARTESIAN_POINT('',(436.6,2.,151.));
#7407 = DIRECTION('',(1.,0.,-0.));
#7408 = DIRECTION('',(0.,0.,1.));
#7409 = ADVANCED_FACE('',(#7410),#7435,.T.);
#7410 = FACE_BOUND('',#7411,.T.);
#7411 = EDGE_LOOP('',(#7412,#7420,#7421,#7429));
#7412 = ORIENTED_EDGE('',*,*,#7413,.F.);
#7413 = EDGE_CURVE('',#7362,#7414,#7416,.T.);
#7414 = VERTEX_POINT('',#7415);
#7415 = CARTESIAN_POINT('',(433.6,5.,211.2));
#7416 = LINE('',#7417,#7418);
#7417 = CARTESIAN_POINT('',(433.6,5.,148.));
#7418 = VECTOR('',#7419,1.);
#7419 = DIRECTION('',(0.,0.,1.));
#7420 = ORIENTED_EDGE('',*,*,#7361,.T.);
#7421 = ORIENTED_EDGE('',*,*,#7422,.T.);
#7422 = EDGE_CURVE('',#7364,#7423,#7425,.T.);
#7423 = VERTEX_POINT('',#7424);
#7424 = CARTESIAN_POINT('',(15.,5.,211.2));
#7425 = LINE('',#7426,#7427);
#7426 = CARTESIAN_POINT('',(15.,5.,148.));
#7427 = VECTOR('',#7428,1.);
#7428 = DIRECTION('',(0.,0.,1.));
#7429 = ORIENTED_EDGE('',*,*,#7430,.T.);
#7430 = EDGE_CURVE('',#7423,#7414,#7431,.T.);
#7431 = LINE('',#7432,#7433);
#7432 = CARTESIAN_POINT('',(15.,5.,211.2));
#7433 = VECTOR('',#7434,1.);
#7434 = DIRECTION('',(1.,0.,-0.));
#7435 = PLANE('',#7436);
#7436 = AXIS2_PLACEMENT_3D('',#7437,#7438,#7439);
#7437 = CARTESIAN_POINT('',(15.,5.,148.));
#7438 = DIRECTION('',(-0.,1.,0.));
#7439 = DIRECTION('',(0.,0.,1.));
#7440 = ADVANCED_FACE('',(#7441),#7459,.F.);
#7441 = FACE_BOUND('',#7442,.F.);
#7442 = EDGE_LOOP('',(#7443,#7444,#7445,#7453));
#7443 = ORIENTED_EDGE('',*,*,#7413,.F.);
#7444 = ORIENTED_EDGE('',*,*,#7387,.T.);
#7445 = ORIENTED_EDGE('',*,*,#7446,.T.);
#7446 = EDGE_CURVE('',#7380,#7447,#7449,.T.);
#7447 = VERTEX_POINT('',#7448);
#7448 = CARTESIAN_POINT('',(433.6,340.5,211.2));
#7449 = LINE('',#7450,#7451);
#7450 = CARTESIAN_POINT('',(433.6,340.5,148.));
#7451 = VECTOR('',#7452,1.);
#7452 = DIRECTION('',(0.,0.,1.));
#7453 = ORIENTED_EDGE('',*,*,#7454,.F.);
#7454 = EDGE_CURVE('',#7414,#7447,#7455,.T.);
#7455 = LINE('',#7456,#7457);
#7456 = CARTESIAN_POINT('',(433.6,5.,211.2));
#7457 = VECTOR('',#7458,1.);
#7458 = DIRECTION('',(-0.,1.,0.));
#7459 = PLANE('',#7460);
#7460 = AXIS2_PLACEMENT_3D('',#7461,#7462,#7463);
#7461 = CARTESIAN_POINT('',(433.6,5.,148.));
#7462 = DIRECTION('',(1.,0.,-0.));
#7463 = DIRECTION('',(0.,0.,1.));
#7464 = ADVANCED_FACE('',(#7465),#7483,.F.);
#7465 = FACE_BOUND('',#7466,.F.);
#7466 = EDGE_LOOP('',(#7467,#7468,#7469,#7477));
#7467 = ORIENTED_EDGE('',*,*,#7446,.F.);
#7468 = ORIENTED_EDGE('',*,*,#7379,.T.);
#7469 = ORIENTED_EDGE('',*,*,#7470,.T.);
#7470 = EDGE_CURVE('',#7372,#7471,#7473,.T.);
#7471 = VERTEX_POINT('',#7472);
#7472 = CARTESIAN_POINT('',(15.,340.5,211.2));
#7473 = LINE('',#7474,#7475);
#7474 = CARTESIAN_POINT('',(15.,340.5,148.));
#7475 = VECTOR('',#7476,1.);
#7476 = DIRECTION('',(0.,0.,1.));
#7477 = ORIENTED_EDGE('',*,*,#7478,.T.);
#7478 = EDGE_CURVE('',#7471,#7447,#7479,.T.);
#7479 = LINE('',#7480,#7481);
#7480 = CARTESIAN_POINT('',(15.,340.5,211.2));
#7481 = VECTOR('',#7482,1.);
#7482 = DIRECTION('',(1.,0.,-0.));
#7483 = PLANE('',#7484);
#7484 = AXIS2_PLACEMENT_3D('',#7485,#7486,#7487);
#7485 = CARTESIAN_POINT('',(15.,340.5,148.));
#7486 = DIRECTION('',(-0.,1.,0.));
#7487 = DIRECTION('',(0.,0.,1.));
#7488 = ADVANCED_FACE('',(#7489),#7500,.T.);
#7489 = FACE_BOUND('',#7490,.T.);
#7490 = EDGE_LOOP('',(#7491,#7492,#7493,#7494));
#7491 = ORIENTED_EDGE('',*,*,#7422,.F.);
#7492 = ORIENTED_EDGE('',*,*,#7371,.T.);
#7493 = ORIENTED_EDGE('',*,*,#7470,.T.);
#7494 = ORIENTED_EDGE('',*,*,#7495,.F.);
#7495 = EDGE_CURVE('',#7423,#7471,#7496,.T.);
#7496 = LINE('',#7497,#7498);
#7497 = CARTESIAN_POINT('',(15.,5.,211.2));
#7498 = VECTOR('',#7499,1.);
#7499 = DIRECTION('',(-0.,1.,0.));
#7500 = PLANE('',#7501);
#7501 = AXIS2_PLACEMENT_3D('',#7502,#7503,#7504);
#7502 = CARTESIAN_POINT('',(15.,5.,148.));
#7503 = DIRECTION('',(1.,0.,-0.));
#7504 = DIRECTION('',(0.,0.,1.));
#7505 = ADVANCED_FACE('',(#7506),#7512,.F.);
#7506 = FACE_BOUND('',#7507,.F.);
#7507 = EDGE_LOOP('',(#7508,#7509,#7510,#7511));
#7508 = ORIENTED_EDGE('',*,*,#7495,.F.);
#7509 = ORIENTED_EDGE('',*,*,#7430,.T.);
#7510 = ORIENTED_EDGE('',*,*,#7454,.T.);
#7511 = ORIENTED_EDGE('',*,*,#7478,.F.);
#7512 = PLANE('',#7513);
#7513 = AXIS2_PLACEMENT_3D('',#7514,#7515,#7516);
#7514 = CARTESIAN_POINT('',(15.,5.,211.2));
#7515 = DIRECTION('',(0.,0.,1.));
#7516 = DIRECTION('',(1.,0.,-0.));
#7517 = ( GEOMETRIC_REPRESENTATION_CONTEXT(3) 
GLOBAL_UNCERTAINTY_ASSIGNED_CONTEXT((#7521)) 
GLOBAL_UNIT_ASSIGNED_CONTEXT((#7518,#7519,#7520)) REPRESENTATION_CONTEXT
('Context #1','3D Context with UNIT and UNCERTAINTY') );
#7518 = ( LENGTH_UNIT() NAMED_UNIT(*) SI_UNIT(.MILLI.,.METRE.) );
#7519 = ( NAMED_UNIT(*) PLANE_ANGLE_UNIT() SI_UNIT($,.RADIAN.) );
#7520 = ( NAMED_UNIT(*) SI_UNIT($,.STERADIAN.) SOLID_ANGLE_UNIT() );
#7521 = UNCERTAINTY_MEASURE_WITH_UNIT(LENGTH_MEASURE(1.E-07),#7518,
  'distance_accuracy_value','confusion accuracy');
#7522 = CONTEXT_DEPENDENT_SHAPE_REPRESENTATION(#7523,#7525);
#7523 = ( REPRESENTATION_RELATIONSHIP('','',#7224,#10) 
REPRESENTATION_RELATIONSHIP_WITH_TRANSFORMATION(#7524) 
SHAPE_REPRESENTATION_RELATIONSHIP() );
#7524 = ITEM_DEFINED_TRANSFORMATION('','',#11,#211);
#7525 = PRODUCT_DEFINITION_SHAPE('Placement','Placement of an item',
  #7526);
#7526 = NEXT_ASSEMBLY_USAGE_OCCURRENCE('174','烟灰透明防尘盖','',
  #5,#7219,$);
#7527 = PRODUCT_RELATED_PRODUCT_CATEGORY('part',$,(#7221));
#7528 = SHAPE_DEFINITION_REPRESENTATION(#7529,#7535);
#7529 = PRODUCT_DEFINITION_SHAPE('','',#7530);
#7530 = PRODUCT_DEFINITION('design','',#7531,#7534);
#7531 = PRODUCT_DEFINITION_FORMATION('','',#7532);
#7532 = PRODUCT('铰链固定座 1','铰链固定座 1','',(#7533));
#7533 = PRODUCT_CONTEXT('',#2,'mechanical');
#7534 = PRODUCT_DEFINITION_CONTEXT('part definition',#2,'design');
#7535 = ADVANCED_BREP_SHAPE_REPRESENTATION('',(#11,#7536),#7686);
#7536 = MANIFOLD_SOLID_BREP('',#7537);
#7537 = CLOSED_SHELL('',(#7538,#7578,#7618,#7640,#7662,#7674));
#7538 = ADVANCED_FACE('',(#7539),#7573,.F.);
#7539 = FACE_BOUND('',#7540,.F.);
#7540 = EDGE_LOOP('',(#7541,#7551,#7559,#7567));
#7541 = ORIENTED_EDGE('',*,*,#7542,.F.);
#7542 = EDGE_CURVE('',#7543,#7545,#7547,.T.);
#7543 = VERTEX_POINT('',#7544);
#7544 = CARTESIAN_POINT('',(55.,332.5,138.));
#7545 = VERTEX_POINT('',#7546);
#7546 = CARTESIAN_POINT('',(55.,332.5,150.));
#7547 = LINE('',#7548,#7549);
#7548 = CARTESIAN_POINT('',(55.,332.5,138.));
#7549 = VECTOR('',#7550,1.);
#7550 = DIRECTION('',(0.,0.,1.));
#7551 = ORIENTED_EDGE('',*,*,#7552,.T.);
#7552 = EDGE_CURVE('',#7543,#7553,#7555,.T.);
#7553 = VERTEX_POINT('',#7554);
#7554 = CARTESIAN_POINT('',(55.,341.5,138.));
#7555 = LINE('',#7556,#7557);
#7556 = CARTESIAN_POINT('',(55.,332.5,138.));
#7557 = VECTOR('',#7558,1.);
#7558 = DIRECTION('',(-0.,1.,0.));
#7559 = ORIENTED_EDGE('',*,*,#7560,.T.);
#7560 = EDGE_CURVE('',#7553,#7561,#7563,.T.);
#7561 = VERTEX_POINT('',#7562);
#7562 = CARTESIAN_POINT('',(55.,341.5,150.));
#7563 = LINE('',#7564,#7565);
#7564 = CARTESIAN_POINT('',(55.,341.5,138.));
#7565 = VECTOR('',#7566,1.);
#7566 = DIRECTION('',(0.,0.,1.));
#7567 = ORIENTED_EDGE('',*,*,#7568,.F.);
#7568 = EDGE_CURVE('',#7545,#7561,#7569,.T.);
#7569 = LINE('',#7570,#7571);
#7570 = CARTESIAN_POINT('',(55.,332.5,150.));
#7571 = VECTOR('',#7572,1.);
#7572 = DIRECTION('',(-0.,1.,0.));
#7573 = PLANE('',#7574);
#7574 = AXIS2_PLACEMENT_3D('',#7575,#7576,#7577);
#7575 = CARTESIAN_POINT('',(55.,332.5,138.));
#7576 = DIRECTION('',(1.,0.,-0.));
#7577 = DIRECTION('',(0.,0.,1.));
#7578 = ADVANCED_FACE('',(#7579),#7613,.T.);
#7579 = FACE_BOUND('',#7580,.T.);
#7580 = EDGE_LOOP('',(#7581,#7591,#7599,#7607));
#7581 = ORIENTED_EDGE('',*,*,#7582,.F.);
#7582 = EDGE_CURVE('',#7583,#7585,#7587,.T.);
#7583 = VERTEX_POINT('',#7584);
#7584 = CARTESIAN_POINT('',(77.,332.5,138.));
#7585 = VERTEX_POINT('',#7586);
#7586 = CARTESIAN_POINT('',(77.,332.5,150.));
#7587 = LINE('',#7588,#7589);
#7588 = CARTESIAN_POINT('',(77.,332.5,138.));
#7589 = VECTOR('',#7590,1.);
#7590 = DIRECTION('',(0.,0.,1.));
#7591 = ORIENTED_EDGE('',*,*,#7592,.T.);
#7592 = EDGE_CURVE('',#7583,#7593,#7595,.T.);
#7593 = VERTEX_POINT('',#7594);
#7594 = CARTESIAN_POINT('',(77.,341.5,138.));
#7595 = LINE('',#7596,#7597);
#7596 = CARTESIAN_POINT('',(77.,332.5,138.));
#7597 = VECTOR('',#7598,1.);
#7598 = DIRECTION('',(-0.,1.,0.));
#7599 = ORIENTED_EDGE('',*,*,#7600,.T.);
#7600 = EDGE_CURVE('',#7593,#7601,#7603,.T.);
#7601 = VERTEX_POINT('',#7602);
#7602 = CARTESIAN_POINT('',(77.,341.5,150.));
#7603 = LINE('',#7604,#7605);
#7604 = CARTESIAN_POINT('',(77.,341.5,138.));
#7605 = VECTOR('',#7606,1.);
#7606 = DIRECTION('',(0.,0.,1.));
#7607 = ORIENTED_EDGE('',*,*,#7608,.F.);
#7608 = EDGE_CURVE('',#7585,#7601,#7609,.T.);
#7609 = LINE('',#7610,#7611);
#7610 = CARTESIAN_POINT('',(77.,332.5,150.));
#7611 = VECTOR('',#7612,1.);
#7612 = DIRECTION('',(-0.,1.,0.));
#7613 = PLANE('',#7614);
#7614 = AXIS2_PLACEMENT_3D('',#7615,#7616,#7617);
#7615 = CARTESIAN_POINT('',(77.,332.5,138.));
#7616 = DIRECTION('',(1.,0.,-0.));
#7617 = DIRECTION('',(0.,0.,1.));
#7618 = ADVANCED_FACE('',(#7619),#7635,.F.);
#7619 = FACE_BOUND('',#7620,.F.);
#7620 = EDGE_LOOP('',(#7621,#7627,#7628,#7634));
#7621 = ORIENTED_EDGE('',*,*,#7622,.F.);
#7622 = EDGE_CURVE('',#7543,#7583,#7623,.T.);
#7623 = LINE('',#7624,#7625);
#7624 = CARTESIAN_POINT('',(55.,332.5,138.));
#7625 = VECTOR('',#7626,1.);
#7626 = DIRECTION('',(1.,0.,-0.));
#7627 = ORIENTED_EDGE('',*,*,#7542,.T.);
#7628 = ORIENTED_EDGE('',*,*,#7629,.T.);
#7629 = EDGE_CURVE('',#7545,#7585,#7630,.T.);
#7630 = LINE('',#7631,#7632);
#7631 = CARTESIAN_POINT('',(55.,332.5,150.));
#7632 = VECTOR('',#7633,1.);
#7633 = DIRECTION('',(1.,0.,-0.));
#7634 = ORIENTED_EDGE('',*,*,#7582,.F.);
#7635 = PLANE('',#7636);
#7636 = AXIS2_PLACEMENT_3D('',#7637,#7638,#7639);
#7637 = CARTESIAN_POINT('',(55.,332.5,138.));
#7638 = DIRECTION('',(-0.,1.,0.));
#7639 = DIRECTION('',(0.,0.,1.));
#7640 = ADVANCED_FACE('',(#7641),#7657,.T.);
#7641 = FACE_BOUND('',#7642,.T.);
#7642 = EDGE_LOOP('',(#7643,#7649,#7650,#7656));
#7643 = ORIENTED_EDGE('',*,*,#7644,.F.);
#7644 = EDGE_CURVE('',#7553,#7593,#7645,.T.);
#7645 = LINE('',#7646,#7647);
#7646 = CARTESIAN_POINT('',(55.,341.5,138.));
#7647 = VECTOR('',#7648,1.);
#7648 = DIRECTION('',(1.,0.,-0.));
#7649 = ORIENTED_EDGE('',*,*,#7560,.T.);
#7650 = ORIENTED_EDGE('',*,*,#7651,.T.);
#7651 = EDGE_CURVE('',#7561,#7601,#7652,.T.);
#7652 = LINE('',#7653,#7654);
#7653 = CARTESIAN_POINT('',(55.,341.5,150.));
#7654 = VECTOR('',#7655,1.);
#7655 = DIRECTION('',(1.,0.,-0.));
#7656 = ORIENTED_EDGE('',*,*,#7600,.F.);
#7657 = PLANE('',#7658);
#7658 = AXIS2_PLACEMENT_3D('',#7659,#7660,#7661);
#7659 = CARTESIAN_POINT('',(55.,341.5,138.));
#7660 = DIRECTION('',(-0.,1.,0.));
#7661 = DIRECTION('',(0.,0.,1.));
#7662 = ADVANCED_FACE('',(#7663),#7669,.F.);
#7663 = FACE_BOUND('',#7664,.F.);
#7664 = EDGE_LOOP('',(#7665,#7666,#7667,#7668));
#7665 = ORIENTED_EDGE('',*,*,#7552,.F.);
#7666 = ORIENTED_EDGE('',*,*,#7622,.T.);
#7667 = ORIENTED_EDGE('',*,*,#7592,.T.);
#7668 = ORIENTED_EDGE('',*,*,#7644,.F.);
#7669 = PLANE('',#7670);
#7670 = AXIS2_PLACEMENT_3D('',#7671,#7672,#7673);
#7671 = CARTESIAN_POINT('',(55.,332.5,138.));
#7672 = DIRECTION('',(0.,0.,1.));
#7673 = DIRECTION('',(1.,0.,-0.));
#7674 = ADVANCED_FACE('',(#7675),#7681,.T.);
#7675 = FACE_BOUND('',#7676,.T.);
#7676 = EDGE_LOOP('',(#7677,#7678,#7679,#7680));
#7677 = ORIENTED_EDGE('',*,*,#7568,.F.);
#7678 = ORIENTED_EDGE('',*,*,#7629,.T.);
#7679 = ORIENTED_EDGE('',*,*,#7608,.T.);
#7680 = ORIENTED_EDGE('',*,*,#7651,.F.);
#7681 = PLANE('',#7682);
#7682 = AXIS2_PLACEMENT_3D('',#7683,#7684,#7685);
#7683 = CARTESIAN_POINT('',(55.,332.5,150.));
#7684 = DIRECTION('',(0.,0.,1.));
#7685 = DIRECTION('',(1.,0.,-0.));
#7686 = ( GEOMETRIC_REPRESENTATION_CONTEXT(3) 
GLOBAL_UNCERTAINTY_ASSIGNED_CONTEXT((#7690)) 
GLOBAL_UNIT_ASSIGNED_CONTEXT((#7687,#7688,#7689)) REPRESENTATION_CONTEXT
('Context #1','3D Context with UNIT and UNCERTAINTY') );
#7687 = ( LENGTH_UNIT() NAMED_UNIT(*) SI_UNIT(.MILLI.,.METRE.) );
#7688 = ( NAMED_UNIT(*) PLANE_ANGLE_UNIT() SI_UNIT($,.RADIAN.) );
#7689 = ( NAMED_UNIT(*) SI_UNIT($,.STERADIAN.) SOLID_ANGLE_UNIT() );
#7690 = UNCERTAINTY_MEASURE_WITH_UNIT(LENGTH_MEASURE(1.E-07),#7687,
  'distance_accuracy_value','confusion accuracy');
#7691 = CONTEXT_DEPENDENT_SHAPE_REPRESENTATION(#7692,#7694);
#7692 = ( REPRESENTATION_RELATIONSHIP('','',#7535,#10) 
REPRESENTATION_RELATIONSHIP_WITH_TRANSFORMATION(#7693) 
SHAPE_REPRESENTATION_RELATIONSHIP() );
#7693 = ITEM_DEFINED_TRANSFORMATION('','',#11,#215);
#7694 = PRODUCT_DEFINITION_SHAPE('Placement','Placement of an item',
  #7695);
#7695 = NEXT_ASSEMBLY_USAGE_OCCURRENCE('175','铰链固定座 1','',#5,
  #7530,$);
#7696 = PRODUCT_RELATED_PRODUCT_CATEGORY('part',$,(#7532));
#7697 = SHAPE_DEFINITION_REPRESENTATION(#7698,#7704);
#7698 = PRODUCT_DEFINITION_SHAPE('','',#7699);
#7699 = PRODUCT_DEFINITION('design','',#7700,#7703);
#7700 = PRODUCT_DEFINITION_FORMATION('','',#7701);
#7701 = PRODUCT('铰链轴 1','铰链轴 1','',(#7702));
#7702 = PRODUCT_CONTEXT('',#2,'mechanical');
#7703 = PRODUCT_DEFINITION_CONTEXT('part definition',#2,'design');
#7704 = ADVANCED_BREP_SHAPE_REPRESENTATION('',(#11,#7705),#7758);
#7705 = MANIFOLD_SOLID_BREP('',#7706);
#7706 = CLOSED_SHELL('',(#7707,#7740,#7749));
#7707 = ADVANCED_FACE('',(#7708),#7735,.T.);
#7708 = FACE_BOUND('',#7709,.T.);
#7709 = EDGE_LOOP('',(#7710,#7719,#7727,#7734));
#7710 = ORIENTED_EDGE('',*,*,#7711,.F.);
#7711 = EDGE_CURVE('',#7712,#7712,#7714,.T.);
#7712 = VERTEX_POINT('',#7713);
#7713 = CARTESIAN_POINT('',(77.,342.5,154.));
#7714 = CIRCLE('',#7715,3.);
#7715 = AXIS2_PLACEMENT_3D('',#7716,#7717,#7718);
#7716 = CARTESIAN_POINT('',(77.,342.5,151.));
#7717 = DIRECTION('',(1.,0.,0.));
#7718 = DIRECTION('',(-0.,0.,1.));
#7719 = ORIENTED_EDGE('',*,*,#7720,.F.);
#7720 = EDGE_CURVE('',#7721,#7712,#7723,.T.);
#7721 = VERTEX_POINT('',#7722);
#7722 = CARTESIAN_POINT('',(55.,342.5,154.));
#7723 = LINE('',#7724,#7725);
#7724 = CARTESIAN_POINT('',(55.,342.5,154.));
#7725 = VECTOR('',#7726,1.);
#7726 = DIRECTION('',(1.,0.,0.));
#7727 = ORIENTED_EDGE('',*,*,#7728,.T.);
#7728 = EDGE_CURVE('',#7721,#7721,#7729,.T.);
#7729 = CIRCLE('',#7730,3.);
#7730 = AXIS2_PLACEMENT_3D('',#7731,#7732,#7733);
#7731 = CARTESIAN_POINT('',(55.,342.5,151.));
#7732 = DIRECTION('',(1.,0.,0.));
#7733 = DIRECTION('',(-0.,0.,1.));
#7734 = ORIENTED_EDGE('',*,*,#7720,.T.);
#7735 = CYLINDRICAL_SURFACE('',#7736,3.);
#7736 = AXIS2_PLACEMENT_3D('',#7737,#7738,#7739);
#7737 = CARTESIAN_POINT('',(55.,342.5,151.));
#7738 = DIRECTION('',(1.,0.,0.));
#7739 = DIRECTION('',(-0.,0.,1.));
#7740 = ADVANCED_FACE('',(#7741),#7744,.T.);
#7741 = FACE_BOUND('',#7742,.T.);
#7742 = EDGE_LOOP('',(#7743));
#7743 = ORIENTED_EDGE('',*,*,#7711,.T.);
#7744 = PLANE('',#7745);
#7745 = AXIS2_PLACEMENT_3D('',#7746,#7747,#7748);
#7746 = CARTESIAN_POINT('',(77.,342.5,151.));
#7747 = DIRECTION('',(1.,0.,0.));
#7748 = DIRECTION('',(-0.,0.,1.));
#7749 = ADVANCED_FACE('',(#7750),#7753,.F.);
#7750 = FACE_BOUND('',#7751,.T.);
#7751 = EDGE_LOOP('',(#7752));
#7752 = ORIENTED_EDGE('',*,*,#7728,.F.);
#7753 = PLANE('',#7754);
#7754 = AXIS2_PLACEMENT_3D('',#7755,#7756,#7757);
#7755 = CARTESIAN_POINT('',(55.,342.5,151.));
#7756 = DIRECTION('',(1.,0.,0.));
#7757 = DIRECTION('',(-0.,0.,1.));
#7758 = ( GEOMETRIC_REPRESENTATION_CONTEXT(3) 
GLOBAL_UNCERTAINTY_ASSIGNED_CONTEXT((#7762)) 
GLOBAL_UNIT_ASSIGNED_CONTEXT((#7759,#7760,#7761)) REPRESENTATION_CONTEXT
('Context #1','3D Context with UNIT and UNCERTAINTY') );
#7759 = ( LENGTH_UNIT() NAMED_UNIT(*) SI_UNIT(.MILLI.,.METRE.) );
#7760 = ( NAMED_UNIT(*) PLANE_ANGLE_UNIT() SI_UNIT($,.RADIAN.) );
#7761 = ( NAMED_UNIT(*) SI_UNIT($,.STERADIAN.) SOLID_ANGLE_UNIT() );
#7762 = UNCERTAINTY_MEASURE_WITH_UNIT(LENGTH_MEASURE(1.E-07),#7759,
  'distance_accuracy_value','confusion accuracy');
#7763 = CONTEXT_DEPENDENT_SHAPE_REPRESENTATION(#7764,#7766);
#7764 = ( REPRESENTATION_RELATIONSHIP('','',#7704,#10) 
REPRESENTATION_RELATIONSHIP_WITH_TRANSFORMATION(#7765) 
SHAPE_REPRESENTATION_RELATIONSHIP() );
#7765 = ITEM_DEFINED_TRANSFORMATION('','',#11,#219);
#7766 = PRODUCT_DEFINITION_SHAPE('Placement','Placement of an item',
  #7767);
#7767 = NEXT_ASSEMBLY_USAGE_OCCURRENCE('176','铰链轴 1','',#5,#7699,$
  );
#7768 = PRODUCT_RELATED_PRODUCT_CATEGORY('part',$,(#7701));
#7769 = SHAPE_DEFINITION_REPRESENTATION(#7770,#7776);
#7770 = PRODUCT_DEFINITION_SHAPE('','',#7771);
#7771 = PRODUCT_DEFINITION('design','',#7772,#7775);
#7772 = PRODUCT_DEFINITION_FORMATION('','',#7773);
#7773 = PRODUCT('铰链固定座 2','铰链固定座 2','',(#7774));
#7774 = PRODUCT_CONTEXT('',#2,'mechanical');
#7775 = PRODUCT_DEFINITION_CONTEXT('part definition',#2,'design');
#7776 = ADVANCED_BREP_SHAPE_REPRESENTATION('',(#11,#7777),#7927);
#7777 = MANIFOLD_SOLID_BREP('',#7778);
#7778 = CLOSED_SHELL('',(#7779,#7819,#7859,#7881,#7903,#7915));
#7779 = ADVANCED_FACE('',(#7780),#7814,.F.);
#7780 = FACE_BOUND('',#7781,.F.);
#7781 = EDGE_LOOP('',(#7782,#7792,#7800,#7808));
#7782 = ORIENTED_EDGE('',*,*,#7783,.F.);
#7783 = EDGE_CURVE('',#7784,#7786,#7788,.T.);
#7784 = VERTEX_POINT('',#7785);
#7785 = CARTESIAN_POINT('',(371.6,332.5,138.));
#7786 = VERTEX_POINT('',#7787);
#7787 = CARTESIAN_POINT('',(371.6,332.5,150.));
#7788 = LINE('',#7789,#7790);
#7789 = CARTESIAN_POINT('',(371.6,332.5,138.));
#7790 = VECTOR('',#7791,1.);
#7791 = DIRECTION('',(0.,0.,1.));
#7792 = ORIENTED_EDGE('',*,*,#7793,.T.);
#7793 = EDGE_CURVE('',#7784,#7794,#7796,.T.);
#7794 = VERTEX_POINT('',#7795);
#7795 = CARTESIAN_POINT('',(371.6,341.5,138.));
#7796 = LINE('',#7797,#7798);
#7797 = CARTESIAN_POINT('',(371.6,332.5,138.));
#7798 = VECTOR('',#7799,1.);
#7799 = DIRECTION('',(-0.,1.,0.));
#7800 = ORIENTED_EDGE('',*,*,#7801,.T.);
#7801 = EDGE_CURVE('',#7794,#7802,#7804,.T.);
#7802 = VERTEX_POINT('',#7803);
#7803 = CARTESIAN_POINT('',(371.6,341.5,150.));
#7804 = LINE('',#7805,#7806);
#7805 = CARTESIAN_POINT('',(371.6,341.5,138.));
#7806 = VECTOR('',#7807,1.);
#7807 = DIRECTION('',(0.,0.,1.));
#7808 = ORIENTED_EDGE('',*,*,#7809,.F.);
#7809 = EDGE_CURVE('',#7786,#7802,#7810,.T.);
#7810 = LINE('',#7811,#7812);
#7811 = CARTESIAN_POINT('',(371.6,332.5,150.));
#7812 = VECTOR('',#7813,1.);
#7813 = DIRECTION('',(-0.,1.,0.));
#7814 = PLANE('',#7815);
#7815 = AXIS2_PLACEMENT_3D('',#7816,#7817,#7818);
#7816 = CARTESIAN_POINT('',(371.6,332.5,138.));
#7817 = DIRECTION('',(1.,0.,-0.));
#7818 = DIRECTION('',(0.,0.,1.));
#7819 = ADVANCED_FACE('',(#7820),#7854,.T.);
#7820 = FACE_BOUND('',#7821,.T.);
#7821 = EDGE_LOOP('',(#7822,#7832,#7840,#7848));
#7822 = ORIENTED_EDGE('',*,*,#7823,.F.);
#7823 = EDGE_CURVE('',#7824,#7826,#7828,.T.);
#7824 = VERTEX_POINT('',#7825);
#7825 = CARTESIAN_POINT('',(393.6,332.5,138.));
#7826 = VERTEX_POINT('',#7827);
#7827 = CARTESIAN_POINT('',(393.6,332.5,150.));
#7828 = LINE('',#7829,#7830);
#7829 = CARTESIAN_POINT('',(393.6,332.5,138.));
#7830 = VECTOR('',#7831,1.);
#7831 = DIRECTION('',(0.,0.,1.));
#7832 = ORIENTED_EDGE('',*,*,#7833,.T.);
#7833 = EDGE_CURVE('',#7824,#7834,#7836,.T.);
#7834 = VERTEX_POINT('',#7835);
#7835 = CARTESIAN_POINT('',(393.6,341.5,138.));
#7836 = LINE('',#7837,#7838);
#7837 = CARTESIAN_POINT('',(393.6,332.5,138.));
#7838 = VECTOR('',#7839,1.);
#7839 = DIRECTION('',(-0.,1.,0.));
#7840 = ORIENTED_EDGE('',*,*,#7841,.T.);
#7841 = EDGE_CURVE('',#7834,#7842,#7844,.T.);
#7842 = VERTEX_POINT('',#7843);
#7843 = CARTESIAN_POINT('',(393.6,341.5,150.));
#7844 = LINE('',#7845,#7846);
#7845 = CARTESIAN_POINT('',(393.6,341.5,138.));
#7846 = VECTOR('',#7847,1.);
#7847 = DIRECTION('',(0.,0.,1.));
#7848 = ORIENTED_EDGE('',*,*,#7849,.F.);
#7849 = EDGE_CURVE('',#7826,#7842,#7850,.T.);
#7850 = LINE('',#7851,#7852);
#7851 = CARTESIAN_POINT('',(393.6,332.5,150.));
#7852 = VECTOR('',#7853,1.);
#7853 = DIRECTION('',(-0.,1.,0.));
#7854 = PLANE('',#7855);
#7855 = AXIS2_PLACEMENT_3D('',#7856,#7857,#7858);
#7856 = CARTESIAN_POINT('',(393.6,332.5,138.));
#7857 = DIRECTION('',(1.,0.,-0.));
#7858 = DIRECTION('',(0.,0.,1.));
#7859 = ADVANCED_FACE('',(#7860),#7876,.F.);
#7860 = FACE_BOUND('',#7861,.F.);
#7861 = EDGE_LOOP('',(#7862,#7868,#7869,#7875));
#7862 = ORIENTED_EDGE('',*,*,#7863,.F.);
#7863 = EDGE_CURVE('',#7784,#7824,#7864,.T.);
#7864 = LINE('',#7865,#7866);
#7865 = CARTESIAN_POINT('',(371.6,332.5,138.));
#7866 = VECTOR('',#7867,1.);
#7867 = DIRECTION('',(1.,0.,-0.));
#7868 = ORIENTED_EDGE('',*,*,#7783,.T.);
#7869 = ORIENTED_EDGE('',*,*,#7870,.T.);
#7870 = EDGE_CURVE('',#7786,#7826,#7871,.T.);
#7871 = LINE('',#7872,#7873);
#7872 = CARTESIAN_POINT('',(371.6,332.5,150.));
#7873 = VECTOR('',#7874,1.);
#7874 = DIRECTION('',(1.,0.,-0.));
#7875 = ORIENTED_EDGE('',*,*,#7823,.F.);
#7876 = PLANE('',#7877);
#7877 = AXIS2_PLACEMENT_3D('',#7878,#7879,#7880);
#7878 = CARTESIAN_POINT('',(371.6,332.5,138.));
#7879 = DIRECTION('',(-0.,1.,0.));
#7880 = DIRECTION('',(0.,0.,1.));
#7881 = ADVANCED_FACE('',(#7882),#7898,.T.);
#7882 = FACE_BOUND('',#7883,.T.);
#7883 = EDGE_LOOP('',(#7884,#7890,#7891,#7897));
#7884 = ORIENTED_EDGE('',*,*,#7885,.F.);
#7885 = EDGE_CURVE('',#7794,#7834,#7886,.T.);
#7886 = LINE('',#7887,#7888);
#7887 = CARTESIAN_POINT('',(371.6,341.5,138.));
#7888 = VECTOR('',#7889,1.);
#7889 = DIRECTION('',(1.,0.,-0.));
#7890 = ORIENTED_EDGE('',*,*,#7801,.T.);
#7891 = ORIENTED_EDGE('',*,*,#7892,.T.);
#7892 = EDGE_CURVE('',#7802,#7842,#7893,.T.);
#7893 = LINE('',#7894,#7895);
#7894 = CARTESIAN_POINT('',(371.6,341.5,150.));
#7895 = VECTOR('',#7896,1.);
#7896 = DIRECTION('',(1.,0.,-0.));
#7897 = ORIENTED_EDGE('',*,*,#7841,.F.);
#7898 = PLANE('',#7899);
#7899 = AXIS2_PLACEMENT_3D('',#7900,#7901,#7902);
#7900 = CARTESIAN_POINT('',(371.6,341.5,138.));
#7901 = DIRECTION('',(-0.,1.,0.));
#7902 = DIRECTION('',(0.,0.,1.));
#7903 = ADVANCED_FACE('',(#7904),#7910,.F.);
#7904 = FACE_BOUND('',#7905,.F.);
#7905 = EDGE_LOOP('',(#7906,#7907,#7908,#7909));
#7906 = ORIENTED_EDGE('',*,*,#7793,.F.);
#7907 = ORIENTED_EDGE('',*,*,#7863,.T.);
#7908 = ORIENTED_EDGE('',*,*,#7833,.T.);
#7909 = ORIENTED_EDGE('',*,*,#7885,.F.);
#7910 = PLANE('',#7911);
#7911 = AXIS2_PLACEMENT_3D('',#7912,#7913,#7914);
#7912 = CARTESIAN_POINT('',(371.6,332.5,138.));
#7913 = DIRECTION('',(0.,0.,1.));
#7914 = DIRECTION('',(1.,0.,-0.));
#7915 = ADVANCED_FACE('',(#7916),#7922,.T.);
#7916 = FACE_BOUND('',#7917,.T.);
#7917 = EDGE_LOOP('',(#7918,#7919,#7920,#7921));
#7918 = ORIENTED_EDGE('',*,*,#7809,.F.);
#7919 = ORIENTED_EDGE('',*,*,#7870,.T.);
#7920 = ORIENTED_EDGE('',*,*,#7849,.T.);
#7921 = ORIENTED_EDGE('',*,*,#7892,.F.);
#7922 = PLANE('',#7923);
#7923 = AXIS2_PLACEMENT_3D('',#7924,#7925,#7926);
#7924 = CARTESIAN_POINT('',(371.6,332.5,150.));
#7925 = DIRECTION('',(0.,0.,1.));
#7926 = DIRECTION('',(1.,0.,-0.));
#7927 = ( GEOMETRIC_REPRESENTATION_CONTEXT(3) 
GLOBAL_UNCERTAINTY_ASSIGNED_CONTEXT((#7931)) 
GLOBAL_UNIT_ASSIGNED_CONTEXT((#7928,#7929,#7930)) REPRESENTATION_CONTEXT
('Context #1','3D Context with UNIT and UNCERTAINTY') );
#7928 = ( LENGTH_UNIT() NAMED_UNIT(*) SI_UNIT(.MILLI.,.METRE.) );
#7929 = ( NAMED_UNIT(*) PLANE_ANGLE_UNIT() SI_UNIT($,.RADIAN.) );
#7930 = ( NAMED_UNIT(*) SI_UNIT($,.STERADIAN.) SOLID_ANGLE_UNIT() );
#7931 = UNCERTAINTY_MEASURE_WITH_UNIT(LENGTH_MEASURE(1.E-07),#7928,
  'distance_accuracy_value','confusion accuracy');
#7932 = CONTEXT_DEPENDENT_SHAPE_REPRESENTATION(#7933,#7935);
#7933 = ( REPRESENTATION_RELATIONSHIP('','',#7776,#10) 
REPRESENTATION_RELATIONSHIP_WITH_TRANSFORMATION(#7934) 
SHAPE_REPRESENTATION_RELATIONSHIP() );
#7934 = ITEM_DEFINED_TRANSFORMATION('','',#11,#223);
#7935 = PRODUCT_DEFINITION_SHAPE('Placement','Placement of an item',
  #7936);
#7936 = NEXT_ASSEMBLY_USAGE_OCCURRENCE('177','铰链固定座 2','',#5,
  #7771,$);
#7937 = PRODUCT_RELATED_PRODUCT_CATEGORY('part',$,(#7773));
#7938 = SHAPE_DEFINITION_REPRESENTATION(#7939,#7945);
#7939 = PRODUCT_DEFINITION_SHAPE('','',#7940);
#7940 = PRODUCT_DEFINITION('design','',#7941,#7944);
#7941 = PRODUCT_DEFINITION_FORMATION('','',#7942);
#7942 = PRODUCT('铰链轴 2','铰链轴 2','',(#7943));
#7943 = PRODUCT_CONTEXT('',#2,'mechanical');
#7944 = PRODUCT_DEFINITION_CONTEXT('part definition',#2,'design');
#7945 = ADVANCED_BREP_SHAPE_REPRESENTATION('',(#11,#7946),#7999);
#7946 = MANIFOLD_SOLID_BREP('',#7947);
#7947 = CLOSED_SHELL('',(#7948,#7981,#7990));
#7948 = ADVANCED_FACE('',(#7949),#7976,.T.);
#7949 = FACE_BOUND('',#7950,.T.);
#7950 = EDGE_LOOP('',(#7951,#7960,#7968,#7975));
#7951 = ORIENTED_EDGE('',*,*,#7952,.F.);
#7952 = EDGE_CURVE('',#7953,#7953,#7955,.T.);
#7953 = VERTEX_POINT('',#7954);
#7954 = CARTESIAN_POINT('',(393.6,342.5,154.));
#7955 = CIRCLE('',#7956,3.);
#7956 = AXIS2_PLACEMENT_3D('',#7957,#7958,#7959);
#7957 = CARTESIAN_POINT('',(393.6,342.5,151.));
#7958 = DIRECTION('',(1.,0.,0.));
#7959 = DIRECTION('',(-0.,0.,1.));
#7960 = ORIENTED_EDGE('',*,*,#7961,.F.);
#7961 = EDGE_CURVE('',#7962,#7953,#7964,.T.);
#7962 = VERTEX_POINT('',#7963);
#7963 = CARTESIAN_POINT('',(371.6,342.5,154.));
#7964 = LINE('',#7965,#7966);
#7965 = CARTESIAN_POINT('',(371.6,342.5,154.));
#7966 = VECTOR('',#7967,1.);
#7967 = DIRECTION('',(1.,0.,0.));
#7968 = ORIENTED_EDGE('',*,*,#7969,.T.);
#7969 = EDGE_CURVE('',#7962,#7962,#7970,.T.);
#7970 = CIRCLE('',#7971,3.);
#7971 = AXIS2_PLACEMENT_3D('',#7972,#7973,#7974);
#7972 = CARTESIAN_POINT('',(371.6,342.5,151.));
#7973 = DIRECTION('',(1.,0.,0.));
#7974 = DIRECTION('',(-0.,0.,1.));
#7975 = ORIENTED_EDGE('',*,*,#7961,.T.);
#7976 = CYLINDRICAL_SURFACE('',#7977,3.);
#7977 = AXIS2_PLACEMENT_3D('',#7978,#7979,#7980);
#7978 = CARTESIAN_POINT('',(371.6,342.5,151.));
#7979 = DIRECTION('',(1.,0.,0.));
#7980 = DIRECTION('',(-0.,0.,1.));
#7981 = ADVANCED_FACE('',(#7982),#7985,.T.);
#7982 = FACE_BOUND('',#7983,.T.);
#7983 = EDGE_LOOP('',(#7984));
#7984 = ORIENTED_EDGE('',*,*,#7952,.T.);
#7985 = PLANE('',#7986);
#7986 = AXIS2_PLACEMENT_3D('',#7987,#7988,#7989);
#7987 = CARTESIAN_POINT('',(393.6,342.5,151.));
#7988 = DIRECTION('',(1.,0.,0.));
#7989 = DIRECTION('',(-0.,0.,1.));
#7990 = ADVANCED_FACE('',(#7991),#7994,.F.);
#7991 = FACE_BOUND('',#7992,.T.);
#7992 = EDGE_LOOP('',(#7993));
#7993 = ORIENTED_EDGE('',*,*,#7969,.F.);
#7994 = PLANE('',#7995);
#7995 = AXIS2_PLACEMENT_3D('',#7996,#7997,#7998);
#7996 = CARTESIAN_POINT('',(371.6,342.5,151.));
#7997 = DIRECTION('',(1.,0.,0.));
#7998 = DIRECTION('',(-0.,0.,1.));
#7999 = ( GEOMETRIC_REPRESENTATION_CONTEXT(3) 
GLOBAL_UNCERTAINTY_ASSIGNED_CONTEXT((#8003)) 
GLOBAL_UNIT_ASSIGNED_CONTEXT((#8000,#8001,#8002)) REPRESENTATION_CONTEXT
('Context #1','3D Context with UNIT and UNCERTAINTY') );
#8000 = ( LENGTH_UNIT() NAMED_UNIT(*) SI_UNIT(.MILLI.,.METRE.) );
#8001 = ( NAMED_UNIT(*) PLANE_ANGLE_UNIT() SI_UNIT($,.RADIAN.) );
#8002 = ( NAMED_UNIT(*) SI_UNIT($,.STERADIAN.) SOLID_ANGLE_UNIT() );
#8003 = UNCERTAINTY_MEASURE_WITH_UNIT(LENGTH_MEASURE(1.E-07),#8000,
  'distance_accuracy_value','confusion accuracy');
#8004 = CONTEXT_DEPENDENT_SHAPE_REPRESENTATION(#8005,#8007);
#8005 = ( REPRESENTATION_RELATIONSHIP('','',#7945,#10) 
REPRESENTATION_RELATIONSHIP_WITH_TRANSFORMATION(#8006) 
SHAPE_REPRESENTATION_RELATIONSHIP() );
#8006 = ITEM_DEFINED_TRANSFORMATION('','',#11,#227);
#8007 = PRODUCT_DEFINITION_SHAPE('Placement','Placement of an item',
  #8008);
#8008 = NEXT_ASSEMBLY_USAGE_OCCURRENCE('178','铰链轴 2','',#5,#7940,$
  );
#8009 = PRODUCT_RELATED_PRODUCT_CATEGORY('part',$,(#7942));
#8010 = SHAPE_DEFINITION_REPRESENTATION(#8011,#8017);
#8011 = PRODUCT_DEFINITION_SHAPE('','',#8012);
#8012 = PRODUCT_DEFINITION('design','',#8013,#8016);
#8013 = PRODUCT_DEFINITION_FORMATION('','',#8014);
#8014 = PRODUCT('脚垫 1','脚垫 1','',(#8015));
#8015 = PRODUCT_CONTEXT('',#2,'mechanical');
#8016 = PRODUCT_DEFINITION_CONTEXT('part definition',#2,'design');
#8017 = ADVANCED_BREP_SHAPE_REPRESENTATION('',(#11,#8018),#8096);
#8018 = MANIFOLD_SOLID_BREP('',#8019);
#8019 = CLOSED_SHELL('',(#8020,#8053,#8062,#8087));
#8020 = ADVANCED_FACE('',(#8021),#8048,.T.);
#8021 = FACE_BOUND('',#8022,.T.);
#8022 = EDGE_LOOP('',(#8023,#8032,#8040,#8047));
#8023 = ORIENTED_EDGE('',*,*,#8024,.F.);
#8024 = EDGE_CURVE('',#8025,#8025,#8027,.T.);
#8025 = VERTEX_POINT('',#8026);
#8026 = CARTESIAN_POINT('',(48.,30.,26.));
#8027 = CIRCLE('',#8028,15.);
#8028 = AXIS2_PLACEMENT_3D('',#8029,#8030,#8031);
#8029 = CARTESIAN_POINT('',(33.,30.,26.));
#8030 = DIRECTION('',(0.,0.,1.));
#8031 = DIRECTION('',(1.,0.,-0.));
#8032 = ORIENTED_EDGE('',*,*,#8033,.F.);
#8033 = EDGE_CURVE('',#8034,#8025,#8036,.T.);
#8034 = VERTEX_POINT('',#8035);
#8035 = CARTESIAN_POINT('',(48.,30.,7.));
#8036 = LINE('',#8037,#8038);
#8037 = CARTESIAN_POINT('',(48.,30.,7.));
#8038 = VECTOR('',#8039,1.);
#8039 = DIRECTION('',(0.,0.,1.));
#8040 = ORIENTED_EDGE('',*,*,#8041,.T.);
#8041 = EDGE_CURVE('',#8034,#8034,#8042,.T.);
#8042 = CIRCLE('',#8043,15.);
#8043 = AXIS2_PLACEMENT_3D('',#8044,#8045,#8046);
#8044 = CARTESIAN_POINT('',(33.,30.,7.));
#8045 = DIRECTION('',(0.,0.,1.));
#8046 = DIRECTION('',(1.,0.,-0.));
#8047 = ORIENTED_EDGE('',*,*,#8033,.T.);
#8048 = CYLINDRICAL_SURFACE('',#8049,15.);
#8049 = AXIS2_PLACEMENT_3D('',#8050,#8051,#8052);
#8050 = CARTESIAN_POINT('',(33.,30.,7.));
#8051 = DIRECTION('',(0.,0.,1.));
#8052 = DIRECTION('',(1.,0.,-0.));
#8053 = ADVANCED_FACE('',(#8054),#8057,.T.);
#8054 = FACE_BOUND('',#8055,.T.);
#8055 = EDGE_LOOP('',(#8056));
#8056 = ORIENTED_EDGE('',*,*,#8024,.T.);
#8057 = PLANE('',#8058);
#8058 = AXIS2_PLACEMENT_3D('',#8059,#8060,#8061);
#8059 = CARTESIAN_POINT('',(33.,30.,26.));
#8060 = DIRECTION('',(0.,0.,1.));
#8061 = DIRECTION('',(1.,0.,-0.));
#8062 = ADVANCED_FACE('',(#8063),#8082,.T.);
#8063 = FACE_BOUND('',#8064,.T.);
#8064 = EDGE_LOOP('',(#8065,#8066,#8074,#8081));
#8065 = ORIENTED_EDGE('',*,*,#8041,.F.);
#8066 = ORIENTED_EDGE('',*,*,#8067,.F.);
#8067 = EDGE_CURVE('',#8068,#8034,#8070,.T.);
#8068 = VERTEX_POINT('',#8069);
#8069 = CARTESIAN_POINT('',(44.,30.,0.));
#8070 = LINE('',#8071,#8072);
#8071 = CARTESIAN_POINT('',(44.,30.,0.));
#8072 = VECTOR('',#8073,1.);
#8073 = DIRECTION('',(0.496138938357,-1.215189925582E-16,0.868243142124)
  );
#8074 = ORIENTED_EDGE('',*,*,#8075,.T.);
#8075 = EDGE_CURVE('',#8068,#8068,#8076,.T.);
#8076 = CIRCLE('',#8077,11.);
#8077 = AXIS2_PLACEMENT_3D('',#8078,#8079,#8080);
#8078 = CARTESIAN_POINT('',(33.,30.,0.));
#8079 = DIRECTION('',(0.,0.,1.));
#8080 = DIRECTION('',(1.,0.,-0.));
#8081 = ORIENTED_EDGE('',*,*,#8067,.T.);
#8082 = CONICAL_SURFACE('',#8083,11.,0.519146114247);
#8083 = AXIS2_PLACEMENT_3D('',#8084,#8085,#8086);
#8084 = CARTESIAN_POINT('',(33.,30.,0.));
#8085 = DIRECTION('',(0.,0.,1.));
#8086 = DIRECTION('',(1.,0.,-0.));
#8087 = ADVANCED_FACE('',(#8088),#8091,.F.);
#8088 = FACE_BOUND('',#8089,.T.);
#8089 = EDGE_LOOP('',(#8090));
#8090 = ORIENTED_EDGE('',*,*,#8075,.F.);
#8091 = PLANE('',#8092);
#8092 = AXIS2_PLACEMENT_3D('',#8093,#8094,#8095);
#8093 = CARTESIAN_POINT('',(33.,30.,0.));
#8094 = DIRECTION('',(0.,0.,1.));
#8095 = DIRECTION('',(1.,0.,-0.));
#8096 = ( GEOMETRIC_REPRESENTATION_CONTEXT(3) 
GLOBAL_UNCERTAINTY_ASSIGNED_CONTEXT((#8100)) 
GLOBAL_UNIT_ASSIGNED_CONTEXT((#8097,#8098,#8099)) REPRESENTATION_CONTEXT
('Context #1','3D Context with UNIT and UNCERTAINTY') );
#8097 = ( LENGTH_UNIT() NAMED_UNIT(*) SI_UNIT(.MILLI.,.METRE.) );
#8098 = ( NAMED_UNIT(*) PLANE_ANGLE_UNIT() SI_UNIT($,.RADIAN.) );
#8099 = ( NAMED_UNIT(*) SI_UNIT($,.STERADIAN.) SOLID_ANGLE_UNIT() );
#8100 = UNCERTAINTY_MEASURE_WITH_UNIT(LENGTH_MEASURE(1.E-07),#8097,
  'distance_accuracy_value','confusion accuracy');
#8101 = CONTEXT_DEPENDENT_SHAPE_REPRESENTATION(#8102,#8104);
#8102 = ( REPRESENTATION_RELATIONSHIP('','',#8017,#10) 
REPRESENTATION_RELATIONSHIP_WITH_TRANSFORMATION(#8103) 
SHAPE_REPRESENTATION_RELATIONSHIP() );
#8103 = ITEM_DEFINED_TRANSFORMATION('','',#11,#231);
#8104 = PRODUCT_DEFINITION_SHAPE('Placement','Placement of an item',
  #8105);
#8105 = NEXT_ASSEMBLY_USAGE_OCCURRENCE('179','脚垫 1','',#5,#8012,$);
#8106 = PRODUCT_RELATED_PRODUCT_CATEGORY('part',$,(#8014));
#8107 = SHAPE_DEFINITION_REPRESENTATION(#8108,#8114);
#8108 = PRODUCT_DEFINITION_SHAPE('','',#8109);
#8109 = PRODUCT_DEFINITION('design','',#8110,#8113);
#8110 = PRODUCT_DEFINITION_FORMATION('','',#8111);
#8111 = PRODUCT('脚垫 2','脚垫 2','',(#8112));
#8112 = PRODUCT_CONTEXT('',#2,'mechanical');
#8113 = PRODUCT_DEFINITION_CONTEXT('part definition',#2,'design');
#8114 = ADVANCED_BREP_SHAPE_REPRESENTATION('',(#11,#8115),#8193);
#8115 = MANIFOLD_SOLID_BREP('',#8116);
#8116 = CLOSED_SHELL('',(#8117,#8150,#8159,#8184));
#8117 = ADVANCED_FACE('',(#8118),#8145,.T.);
#8118 = FACE_BOUND('',#8119,.T.);
#8119 = EDGE_LOOP('',(#8120,#8129,#8137,#8144));
#8120 = ORIENTED_EDGE('',*,*,#8121,.F.);
#8121 = EDGE_CURVE('',#8122,#8122,#8124,.T.);
#8122 = VERTEX_POINT('',#8123);
#8123 = CARTESIAN_POINT('',(430.6,30.,26.));
#8124 = CIRCLE('',#8125,15.);
#8125 = AXIS2_PLACEMENT_3D('',#8126,#8127,#8128);
#8126 = CARTESIAN_POINT('',(415.6,30.,26.));
#8127 = DIRECTION('',(0.,0.,1.));
#8128 = DIRECTION('',(1.,0.,-0.));
#8129 = ORIENTED_EDGE('',*,*,#8130,.F.);
#8130 = EDGE_CURVE('',#8131,#8122,#8133,.T.);
#8131 = VERTEX_POINT('',#8132);
#8132 = CARTESIAN_POINT('',(430.6,30.,7.));
#8133 = LINE('',#8134,#8135);
#8134 = CARTESIAN_POINT('',(430.6,30.,7.));
#8135 = VECTOR('',#8136,1.);
#8136 = DIRECTION('',(0.,0.,1.));
#8137 = ORIENTED_EDGE('',*,*,#8138,.T.);
#8138 = EDGE_CURVE('',#8131,#8131,#8139,.T.);
#8139 = CIRCLE('',#8140,15.);
#8140 = AXIS2_PLACEMENT_3D('',#8141,#8142,#8143);
#8141 = CARTESIAN_POINT('',(415.6,30.,7.));
#8142 = DIRECTION('',(0.,0.,1.));
#8143 = DIRECTION('',(1.,0.,-0.));
#8144 = ORIENTED_EDGE('',*,*,#8130,.T.);
#8145 = CYLINDRICAL_SURFACE('',#8146,15.);
#8146 = AXIS2_PLACEMENT_3D('',#8147,#8148,#8149);
#8147 = CARTESIAN_POINT('',(415.6,30.,7.));
#8148 = DIRECTION('',(0.,0.,1.));
#8149 = DIRECTION('',(1.,0.,-0.));
#8150 = ADVANCED_FACE('',(#8151),#8154,.T.);
#8151 = FACE_BOUND('',#8152,.T.);
#8152 = EDGE_LOOP('',(#8153));
#8153 = ORIENTED_EDGE('',*,*,#8121,.T.);
#8154 = PLANE('',#8155);
#8155 = AXIS2_PLACEMENT_3D('',#8156,#8157,#8158);
#8156 = CARTESIAN_POINT('',(415.6,30.,26.));
#8157 = DIRECTION('',(0.,0.,1.));
#8158 = DIRECTION('',(1.,0.,-0.));
#8159 = ADVANCED_FACE('',(#8160),#8179,.T.);
#8160 = FACE_BOUND('',#8161,.T.);
#8161 = EDGE_LOOP('',(#8162,#8163,#8171,#8178));
#8162 = ORIENTED_EDGE('',*,*,#8138,.F.);
#8163 = ORIENTED_EDGE('',*,*,#8164,.F.);
#8164 = EDGE_CURVE('',#8165,#8131,#8167,.T.);
#8165 = VERTEX_POINT('',#8166);
#8166 = CARTESIAN_POINT('',(426.6,30.,0.));
#8167 = LINE('',#8168,#8169);
#8168 = CARTESIAN_POINT('',(426.6,30.,0.));
#8169 = VECTOR('',#8170,1.);
#8170 = DIRECTION('',(0.496138938357,-1.215189925582E-16,0.868243142124)
  );
#8171 = ORIENTED_EDGE('',*,*,#8172,.T.);
#8172 = EDGE_CURVE('',#8165,#8165,#8173,.T.);
#8173 = CIRCLE('',#8174,11.);
#8174 = AXIS2_PLACEMENT_3D('',#8175,#8176,#8177);
#8175 = CARTESIAN_POINT('',(415.6,30.,0.));
#8176 = DIRECTION('',(0.,0.,1.));
#8177 = DIRECTION('',(1.,0.,-0.));
#8178 = ORIENTED_EDGE('',*,*,#8164,.T.);
#8179 = CONICAL_SURFACE('',#8180,11.,0.519146114247);
#8180 = AXIS2_PLACEMENT_3D('',#8181,#8182,#8183);
#8181 = CARTESIAN_POINT('',(415.6,30.,0.));
#8182 = DIRECTION('',(0.,0.,1.));
#8183 = DIRECTION('',(1.,0.,-0.));
#8184 = ADVANCED_FACE('',(#8185),#8188,.F.);
#8185 = FACE_BOUND('',#8186,.T.);
#8186 = EDGE_LOOP('',(#8187));
#8187 = ORIENTED_EDGE('',*,*,#8172,.F.);
#8188 = PLANE('',#8189);
#8189 = AXIS2_PLACEMENT_3D('',#8190,#8191,#8192);
#8190 = CARTESIAN_POINT('',(415.6,30.,0.));
#8191 = DIRECTION('',(0.,0.,1.));
#8192 = DIRECTION('',(1.,0.,-0.));
#8193 = ( GEOMETRIC_REPRESENTATION_CONTEXT(3) 
GLOBAL_UNCERTAINTY_ASSIGNED_CONTEXT((#8197)) 
GLOBAL_UNIT_ASSIGNED_CONTEXT((#8194,#8195,#8196)) REPRESENTATION_CONTEXT
('Context #1','3D Context with UNIT and UNCERTAINTY') );
#8194 = ( LENGTH_UNIT() NAMED_UNIT(*) SI_UNIT(.MILLI.,.METRE.) );
#8195 = ( NAMED_UNIT(*) PLANE_ANGLE_UNIT() SI_UNIT($,.RADIAN.) );
#8196 = ( NAMED_UNIT(*) SI_UNIT($,.STERADIAN.) SOLID_ANGLE_UNIT() );
#8197 = UNCERTAINTY_MEASURE_WITH_UNIT(LENGTH_MEASURE(1.E-07),#8194,
  'distance_accuracy_value','confusion accuracy');
#8198 = CONTEXT_DEPENDENT_SHAPE_REPRESENTATION(#8199,#8201);
#8199 = ( REPRESENTATION_RELATIONSHIP('','',#8114,#10) 
REPRESENTATION_RELATIONSHIP_WITH_TRANSFORMATION(#8200) 
SHAPE_REPRESENTATION_RELATIONSHIP() );
#8200 = ITEM_DEFINED_TRANSFORMATION('','',#11,#235);
#8201 = PRODUCT_DEFINITION_SHAPE('Placement','Placement of an item',
  #8202);
#8202 = NEXT_ASSEMBLY_USAGE_OCCURRENCE('180','脚垫 2','',#5,#8109,$);
#8203 = PRODUCT_RELATED_PRODUCT_CATEGORY('part',$,(#8111));
#8204 = SHAPE_DEFINITION_REPRESENTATION(#8205,#8211);
#8205 = PRODUCT_DEFINITION_SHAPE('','',#8206);
#8206 = PRODUCT_DEFINITION('design','',#8207,#8210);
#8207 = PRODUCT_DEFINITION_FORMATION('','',#8208);
#8208 = PRODUCT('脚垫 3','脚垫 3','',(#8209));
#8209 = PRODUCT_CONTEXT('',#2,'mechanical');
#8210 = PRODUCT_DEFINITION_CONTEXT('part definition',#2,'design');
#8211 = ADVANCED_BREP_SHAPE_REPRESENTATION('',(#11,#8212),#8290);
#8212 = MANIFOLD_SOLID_BREP('',#8213);
#8213 = CLOSED_SHELL('',(#8214,#8247,#8256,#8281));
#8214 = ADVANCED_FACE('',(#8215),#8242,.T.);
#8215 = FACE_BOUND('',#8216,.T.);
#8216 = EDGE_LOOP('',(#8217,#8226,#8234,#8241));
#8217 = ORIENTED_EDGE('',*,*,#8218,.F.);
#8218 = EDGE_CURVE('',#8219,#8219,#8221,.T.);
#8219 = VERTEX_POINT('',#8220);
#8220 = CARTESIAN_POINT('',(48.,315.5,26.));
#8221 = CIRCLE('',#8222,15.);
#8222 = AXIS2_PLACEMENT_3D('',#8223,#8224,#8225);
#8223 = CARTESIAN_POINT('',(33.,315.5,26.));
#8224 = DIRECTION('',(0.,0.,1.));
#8225 = DIRECTION('',(1.,0.,-0.));
#8226 = ORIENTED_EDGE('',*,*,#8227,.F.);
#8227 = EDGE_CURVE('',#8228,#8219,#8230,.T.);
#8228 = VERTEX_POINT('',#8229);
#8229 = CARTESIAN_POINT('',(48.,315.5,7.));
#8230 = LINE('',#8231,#8232);
#8231 = CARTESIAN_POINT('',(48.,315.5,7.));
#8232 = VECTOR('',#8233,1.);
#8233 = DIRECTION('',(0.,0.,1.));
#8234 = ORIENTED_EDGE('',*,*,#8235,.T.);
#8235 = EDGE_CURVE('',#8228,#8228,#8236,.T.);
#8236 = CIRCLE('',#8237,15.);
#8237 = AXIS2_PLACEMENT_3D('',#8238,#8239,#8240);
#8238 = CARTESIAN_POINT('',(33.,315.5,7.));
#8239 = DIRECTION('',(0.,0.,1.));
#8240 = DIRECTION('',(1.,0.,-0.));
#8241 = ORIENTED_EDGE('',*,*,#8227,.T.);
#8242 = CYLINDRICAL_SURFACE('',#8243,15.);
#8243 = AXIS2_PLACEMENT_3D('',#8244,#8245,#8246);
#8244 = CARTESIAN_POINT('',(33.,315.5,7.));
#8245 = DIRECTION('',(0.,0.,1.));
#8246 = DIRECTION('',(1.,0.,-0.));
#8247 = ADVANCED_FACE('',(#8248),#8251,.T.);
#8248 = FACE_BOUND('',#8249,.T.);
#8249 = EDGE_LOOP('',(#8250));
#8250 = ORIENTED_EDGE('',*,*,#8218,.T.);
#8251 = PLANE('',#8252);
#8252 = AXIS2_PLACEMENT_3D('',#8253,#8254,#8255);
#8253 = CARTESIAN_POINT('',(33.,315.5,26.));
#8254 = DIRECTION('',(0.,0.,1.));
#8255 = DIRECTION('',(1.,0.,-0.));
#8256 = ADVANCED_FACE('',(#8257),#8276,.T.);
#8257 = FACE_BOUND('',#8258,.T.);
#8258 = EDGE_LOOP('',(#8259,#8260,#8268,#8275));
#8259 = ORIENTED_EDGE('',*,*,#8235,.F.);
#8260 = ORIENTED_EDGE('',*,*,#8261,.F.);
#8261 = EDGE_CURVE('',#8262,#8228,#8264,.T.);
#8262 = VERTEX_POINT('',#8263);
#8263 = CARTESIAN_POINT('',(44.,315.5,0.));
#8264 = LINE('',#8265,#8266);
#8265 = CARTESIAN_POINT('',(44.,315.5,0.));
#8266 = VECTOR('',#8267,1.);
#8267 = DIRECTION('',(0.496138938357,-1.215189925582E-16,0.868243142124)
  );
#8268 = ORIENTED_EDGE('',*,*,#8269,.T.);
#8269 = EDGE_CURVE('',#8262,#8262,#8270,.T.);
#8270 = CIRCLE('',#8271,11.);
#8271 = AXIS2_PLACEMENT_3D('',#8272,#8273,#8274);
#8272 = CARTESIAN_POINT('',(33.,315.5,0.));
#8273 = DIRECTION('',(0.,0.,1.));
#8274 = DIRECTION('',(1.,0.,-0.));
#8275 = ORIENTED_EDGE('',*,*,#8261,.T.);
#8276 = CONICAL_SURFACE('',#8277,11.,0.519146114247);
#8277 = AXIS2_PLACEMENT_3D('',#8278,#8279,#8280);
#8278 = CARTESIAN_POINT('',(33.,315.5,0.));
#8279 = DIRECTION('',(0.,0.,1.));
#8280 = DIRECTION('',(1.,0.,-0.));
#8281 = ADVANCED_FACE('',(#8282),#8285,.F.);
#8282 = FACE_BOUND('',#8283,.T.);
#8283 = EDGE_LOOP('',(#8284));
#8284 = ORIENTED_EDGE('',*,*,#8269,.F.);
#8285 = PLANE('',#8286);
#8286 = AXIS2_PLACEMENT_3D('',#8287,#8288,#8289);
#8287 = CARTESIAN_POINT('',(33.,315.5,0.));
#8288 = DIRECTION('',(0.,0.,1.));
#8289 = DIRECTION('',(1.,0.,-0.));
#8290 = ( GEOMETRIC_REPRESENTATION_CONTEXT(3) 
GLOBAL_UNCERTAINTY_ASSIGNED_CONTEXT((#8294)) 
GLOBAL_UNIT_ASSIGNED_CONTEXT((#8291,#8292,#8293)) REPRESENTATION_CONTEXT
('Context #1','3D Context with UNIT and UNCERTAINTY') );
#8291 = ( LENGTH_UNIT() NAMED_UNIT(*) SI_UNIT(.MILLI.,.METRE.) );
#8292 = ( NAMED_UNIT(*) PLANE_ANGLE_UNIT() SI_UNIT($,.RADIAN.) );
#8293 = ( NAMED_UNIT(*) SI_UNIT($,.STERADIAN.) SOLID_ANGLE_UNIT() );
#8294 = UNCERTAINTY_MEASURE_WITH_UNIT(LENGTH_MEASURE(1.E-07),#8291,
  'distance_accuracy_value','confusion accuracy');
#8295 = CONTEXT_DEPENDENT_SHAPE_REPRESENTATION(#8296,#8298);
#8296 = ( REPRESENTATION_RELATIONSHIP('','',#8211,#10) 
REPRESENTATION_RELATIONSHIP_WITH_TRANSFORMATION(#8297) 
SHAPE_REPRESENTATION_RELATIONSHIP() );
#8297 = ITEM_DEFINED_TRANSFORMATION('','',#11,#239);
#8298 = PRODUCT_DEFINITION_SHAPE('Placement','Placement of an item',
  #8299);
#8299 = NEXT_ASSEMBLY_USAGE_OCCURRENCE('181','脚垫 3','',#5,#8206,$);
#8300 = PRODUCT_RELATED_PRODUCT_CATEGORY('part',$,(#8208));
#8301 = SHAPE_DEFINITION_REPRESENTATION(#8302,#8308);
#8302 = PRODUCT_DEFINITION_SHAPE('','',#8303);
#8303 = PRODUCT_DEFINITION('design','',#8304,#8307);
#8304 = PRODUCT_DEFINITION_FORMATION('','',#8305);
#8305 = PRODUCT('脚垫 4','脚垫 4','',(#8306));
#8306 = PRODUCT_CONTEXT('',#2,'mechanical');
#8307 = PRODUCT_DEFINITION_CONTEXT('part definition',#2,'design');
#8308 = ADVANCED_BREP_SHAPE_REPRESENTATION('',(#11,#8309),#8387);
#8309 = MANIFOLD_SOLID_BREP('',#8310);
#8310 = CLOSED_SHELL('',(#8311,#8344,#8353,#8378));
#8311 = ADVANCED_FACE('',(#8312),#8339,.T.);
#8312 = FACE_BOUND('',#8313,.T.);
#8313 = EDGE_LOOP('',(#8314,#8323,#8331,#8338));
#8314 = ORIENTED_EDGE('',*,*,#8315,.F.);
#8315 = EDGE_CURVE('',#8316,#8316,#8318,.T.);
#8316 = VERTEX_POINT('',#8317);
#8317 = CARTESIAN_POINT('',(430.6,315.5,26.));
#8318 = CIRCLE('',#8319,15.);
#8319 = AXIS2_PLACEMENT_3D('',#8320,#8321,#8322);
#8320 = CARTESIAN_POINT('',(415.6,315.5,26.));
#8321 = DIRECTION('',(0.,0.,1.));
#8322 = DIRECTION('',(1.,0.,-0.));
#8323 = ORIENTED_EDGE('',*,*,#8324,.F.);
#8324 = EDGE_CURVE('',#8325,#8316,#8327,.T.);
#8325 = VERTEX_POINT('',#8326);
#8326 = CARTESIAN_POINT('',(430.6,315.5,7.));
#8327 = LINE('',#8328,#8329);
#8328 = CARTESIAN_POINT('',(430.6,315.5,7.));
#8329 = VECTOR('',#8330,1.);
#8330 = DIRECTION('',(0.,0.,1.));
#8331 = ORIENTED_EDGE('',*,*,#8332,.T.);
#8332 = EDGE_CURVE('',#8325,#8325,#8333,.T.);
#8333 = CIRCLE('',#8334,15.);
#8334 = AXIS2_PLACEMENT_3D('',#8335,#8336,#8337);
#8335 = CARTESIAN_POINT('',(415.6,315.5,7.));
#8336 = DIRECTION('',(0.,0.,1.));
#8337 = DIRECTION('',(1.,0.,-0.));
#8338 = ORIENTED_EDGE('',*,*,#8324,.T.);
#8339 = CYLINDRICAL_SURFACE('',#8340,15.);
#8340 = AXIS2_PLACEMENT_3D('',#8341,#8342,#8343);
#8341 = CARTESIAN_POINT('',(415.6,315.5,7.));
#8342 = DIRECTION('',(0.,0.,1.));
#8343 = DIRECTION('',(1.,0.,-0.));
#8344 = ADVANCED_FACE('',(#8345),#8348,.T.);
#8345 = FACE_BOUND('',#8346,.T.);
#8346 = EDGE_LOOP('',(#8347));
#8347 = ORIENTED_EDGE('',*,*,#8315,.T.);
#8348 = PLANE('',#8349);
#8349 = AXIS2_PLACEMENT_3D('',#8350,#8351,#8352);
#8350 = CARTESIAN_POINT('',(415.6,315.5,26.));
#8351 = DIRECTION('',(0.,0.,1.));
#8352 = DIRECTION('',(1.,0.,-0.));
#8353 = ADVANCED_FACE('',(#8354),#8373,.T.);
#8354 = FACE_BOUND('',#8355,.T.);
#8355 = EDGE_LOOP('',(#8356,#8357,#8365,#8372));
#8356 = ORIENTED_EDGE('',*,*,#8332,.F.);
#8357 = ORIENTED_EDGE('',*,*,#8358,.F.);
#8358 = EDGE_CURVE('',#8359,#8325,#8361,.T.);
#8359 = VERTEX_POINT('',#8360);
#8360 = CARTESIAN_POINT('',(426.6,315.5,0.));
#8361 = LINE('',#8362,#8363);
#8362 = CARTESIAN_POINT('',(426.6,315.5,0.));
#8363 = VECTOR('',#8364,1.);
#8364 = DIRECTION('',(0.496138938357,-1.215189925582E-16,0.868243142124)
  );
#8365 = ORIENTED_EDGE('',*,*,#8366,.T.);
#8366 = EDGE_CURVE('',#8359,#8359,#8367,.T.);
#8367 = CIRCLE('',#8368,11.);
#8368 = AXIS2_PLACEMENT_3D('',#8369,#8370,#8371);
#8369 = CARTESIAN_POINT('',(415.6,315.5,0.));
#8370 = DIRECTION('',(0.,0.,1.));
#8371 = DIRECTION('',(1.,0.,-0.));
#8372 = ORIENTED_EDGE('',*,*,#8358,.T.);
#8373 = CONICAL_SURFACE('',#8374,11.,0.519146114247);
#8374 = AXIS2_PLACEMENT_3D('',#8375,#8376,#8377);
#8375 = CARTESIAN_POINT('',(415.6,315.5,0.));
#8376 = DIRECTION('',(0.,0.,1.));
#8377 = DIRECTION('',(1.,0.,-0.));
#8378 = ADVANCED_FACE('',(#8379),#8382,.F.);
#8379 = FACE_BOUND('',#8380,.T.);
#8380 = EDGE_LOOP('',(#8381));
#8381 = ORIENTED_EDGE('',*,*,#8366,.F.);
#8382 = PLANE('',#8383);
#8383 = AXIS2_PLACEMENT_3D('',#8384,#8385,#8386);
#8384 = CARTESIAN_POINT('',(415.6,315.5,0.));
#8385 = DIRECTION('',(0.,0.,1.));
#8386 = DIRECTION('',(1.,0.,-0.));
#8387 = ( GEOMETRIC_REPRESENTATION_CONTEXT(3) 
GLOBAL_UNCERTAINTY_ASSIGNED_CONTEXT((#8391)) 
GLOBAL_UNIT_ASSIGNED_CONTEXT((#8388,#8389,#8390)) REPRESENTATION_CONTEXT
('Context #1','3D Context with UNIT and UNCERTAINTY') );
#8388 = ( LENGTH_UNIT() NAMED_UNIT(*) SI_UNIT(.MILLI.,.METRE.) );
#8389 = ( NAMED_UNIT(*) PLANE_ANGLE_UNIT() SI_UNIT($,.RADIAN.) );
#8390 = ( NAMED_UNIT(*) SI_UNIT($,.STERADIAN.) SOLID_ANGLE_UNIT() );
#8391 = UNCERTAINTY_MEASURE_WITH_UNIT(LENGTH_MEASURE(1.E-07),#8388,
  'distance_accuracy_value','confusion accuracy');
#8392 = CONTEXT_DEPENDENT_SHAPE_REPRESENTATION(#8393,#8395);
#8393 = ( REPRESENTATION_RELATIONSHIP('','',#8308,#10) 
REPRESENTATION_RELATIONSHIP_WITH_TRANSFORMATION(#8394) 
SHAPE_REPRESENTATION_RELATIONSHIP() );
#8394 = ITEM_DEFINED_TRANSFORMATION('','',#11,#243);
#8395 = PRODUCT_DEFINITION_SHAPE('Placement','Placement of an item',
  #8396);
#8396 = NEXT_ASSEMBLY_USAGE_OCCURRENCE('182','脚垫 4','',#5,#8303,$);
#8397 = PRODUCT_RELATED_PRODUCT_CATEGORY('part',$,(#8305));
ENDSEC;
END-ISO-10303-21;
