ISO-10303-21;
HEADER;
FILE_DESCRIPTION(('FreeCAD Model'),'2;1');
FILE_NAME('Open CASCADE Shape Model','2026-09-22T11:05:52',('Author'),(
    ''),'Open CASCADE STEP processor 7.8','FreeCAD','Unknown');
FILE_SCHEMA(('AUTOMOTIVE_DESIGN { 1 0 10303 214 1 1 1 1 }'));
ENDSEC;
DATA;
#1 = APPLICATION_PROTOCOL_DEFINITION('international standard',
  'automotive_design',2000,#2);
#2 = APPLICATION_CONTEXT(
  'core data for automotive mechanical design processes');
#3 = SHAPE_DEFINITION_REPRESENTATION(#4,#10);
#4 = PRODUCT_DEFINITION_SHAPE('','',#5);
#5 = PRODUCT_DEFINITION('design','',#6,#9);
#6 = PRODUCT_DEFINITION_FORMATION('','',#7);
#7 = PRODUCT('LumiMechanismStudy','LumiMechanismStudy','',(#8));
#8 = PRODUCT_CONTEXT('',#2,'mechanical');
#9 = PRODUCT_DEFINITION_CONTEXT('part definition',#2,'design');
#10 = SHAPE_REPRESENTATION('',(#11,#15,#19,#23,#27,#31,#35,#39,#43,#47,
    #51,#55,#59,#63,#67,#71,#75,#79,#83,#87,#91,#95,#99,#103,#107,#111,
    #115,#119,#123,#127,#131,#135,#139,#143,#147,#151,#155,#159,#163,
    #167,#171,#175,#179,#183,#187,#191,#195,#199,#203,#207,#211,#215,
    #219,#223,#227,#231,#235,#239,#243),#247);
#11 = AXIS2_PLACEMENT_3D('',#12,#13,#14);
#12 = CARTESIAN_POINT('',(0.,0.,0.));
#13 = DIRECTION('',(0.,0.,1.));
#14 = DIRECTION('',(1.,0.,-0.));
#15 = AXIS2_PLACEMENT_3D('',#16,#17,#18);
#16 = CARTESIAN_POINT('',(0.,0.,0.));
#17 = DIRECTION('',(0.,0.,1.));
#18 = DIRECTION('',(1.,0.,0.));
#19 = AXIS2_PLACEMENT_3D('',#20,#21,#22);
#20 = CARTESIAN_POINT('',(0.,0.,0.));
#21 = DIRECTION('',(0.,0.,1.));
#22 = DIRECTION('',(1.,0.,0.));
#23 = AXIS2_PLACEMENT_3D('',#24,#25,#26);
#24 = CARTESIAN_POINT('',(0.,0.,0.));
#25 = DIRECTION('',(0.,0.,1.));
#26 = DIRECTION('',(1.,0.,0.));
#27 = AXIS2_PLACEMENT_3D('',#28,#29,#30);
#28 = CARTESIAN_POINT('',(0.,0.,0.));
#29 = DIRECTION('',(0.,0.,1.));
#30 = DIRECTION('',(1.,0.,0.));
#31 = AXIS2_PLACEMENT_3D('',#32,#33,#34);
#32 = CARTESIAN_POINT('',(0.,0.,0.));
#33 = DIRECTION('',(0.,0.,1.));
#34 = DIRECTION('',(1.,0.,0.));
#35 = AXIS2_PLACEMENT_3D('',#36,#37,#38);
#36 = CARTESIAN_POINT('',(0.,0.,0.));
#37 = DIRECTION('',(0.,0.,1.));
#38 = DIRECTION('',(1.,0.,0.));
#39 = AXIS2_PLACEMENT_3D('',#40,#41,#42);
#40 = CARTESIAN_POINT('',(0.,0.,0.));
#41 = DIRECTION('',(0.,0.,1.));
#42 = DIRECTION('',(1.,0.,0.));
#43 = AXIS2_PLACEMENT_3D('',#44,#45,#46);
#44 = CARTESIAN_POINT('',(0.,0.,0.));
#45 = DIRECTION('',(0.,0.,1.));
#46 = DIRECTION('',(1.,0.,0.));
#47 = AXIS2_PLACEMENT_3D('',#48,#49,#50);
#48 = CARTESIAN_POINT('',(0.,0.,0.));
#49 = DIRECTION('',(0.,0.,1.));
#50 = DIRECTION('',(1.,0.,0.));
#51 = AXIS2_PLACEMENT_3D('',#52,#53,#54);
#52 = CARTESIAN_POINT('',(0.,0.,0.));
#53 = DIRECTION('',(0.,0.,1.));
#54 = DIRECTION('',(1.,0.,0.));
#55 = AXIS2_PLACEMENT_3D('',#56,#57,#58);
#56 = CARTESIAN_POINT('',(0.,0.,0.));
#57 = DIRECTION('',(0.,0.,1.));
#58 = DIRECTION('',(1.,0.,0.));
#59 = AXIS2_PLACEMENT_3D('',#60,#61,#62);
#60 = CARTESIAN_POINT('',(0.,0.,0.));
#61 = DIRECTION('',(0.,0.,1.));
#62 = DIRECTION('',(1.,0.,0.));
#63 = AXIS2_PLACEMENT_3D('',#64,#65,#66);
#64 = CARTESIAN_POINT('',(0.,0.,0.));
#65 = DIRECTION('',(0.,0.,1.));
#66 = DIRECTION('',(1.,0.,0.));
#67 = AXIS2_PLACEMENT_3D('',#68,#69,#70);
#68 = CARTESIAN_POINT('',(0.,0.,0.));
#69 = DIRECTION('',(0.,0.,1.));
#70 = DIRECTION('',(1.,0.,0.));
#71 = AXIS2_PLACEMENT_3D('',#72,#73,#74);
#72 = CARTESIAN_POINT('',(0.,0.,0.));
#73 = DIRECTION('',(0.,0.,1.));
#74 = DIRECTION('',(1.,0.,0.));
#75 = AXIS2_PLACEMENT_3D('',#76,#77,#78);
#76 = CARTESIAN_POINT('',(0.,0.,0.));
#77 = DIRECTION('',(0.,0.,1.));
#78 = DIRECTION('',(1.,0.,0.));
#79 = AXIS2_PLACEMENT_3D('',#80,#81,#82);
#80 = CARTESIAN_POINT('',(0.,0.,0.));
#81 = DIRECTION('',(0.,0.,1.));
#82 = DIRECTION('',(1.,0.,0.));
#83 = AXIS2_PLACEMENT_3D('',#84,#85,#86);
#84 = CARTESIAN_POINT('',(0.,0.,0.));
#85 = DIRECTION('',(0.,0.,1.));
#86 = DIRECTION('',(1.,0.,0.));
#87 = AXIS2_PLACEMENT_3D('',#88,#89,#90);
#88 = CARTESIAN_POINT('',(0.,0.,0.));
#89 = DIRECTION('',(0.,0.,1.));
#90 = DIRECTION('',(1.,0.,0.));
#91 = AXIS2_PLACEMENT_3D('',#92,#93,#94);
#92 = CARTESIAN_POINT('',(0.,0.,0.));
#93 = DIRECTION('',(0.,0.,1.));
#94 = DIRECTION('',(1.,0.,0.));
#95 = AXIS2_PLACEMENT_3D('',#96,#97,#98);
#96 = CARTESIAN_POINT('',(0.,0.,0.));
#97 = DIRECTION('',(0.,0.,1.));
#98 = DIRECTION('',(1.,0.,0.));
#99 = AXIS2_PLACEMENT_3D('',#100,#101,#102);
#100 = CARTESIAN_POINT('',(0.,0.,0.));
#101 = DIRECTION('',(0.,0.,1.));
#102 = DIRECTION('',(1.,0.,0.));
#103 = AXIS2_PLACEMENT_3D('',#104,#105,#106);
#104 = CARTESIAN_POINT('',(0.,0.,0.));
#105 = DIRECTION('',(0.,0.,1.));
#106 = DIRECTION('',(1.,0.,0.));
#107 = AXIS2_PLACEMENT_3D('',#108,#109,#110);
#108 = CARTESIAN_POINT('',(0.,0.,0.));
#109 = DIRECTION('',(0.,0.,1.));
#110 = DIRECTION('',(1.,0.,0.));
#111 = AXIS2_PLACEMENT_3D('',#112,#113,#114);
#112 = CARTESIAN_POINT('',(0.,0.,0.));
#113 = DIRECTION('',(0.,0.,1.));
#114 = DIRECTION('',(1.,0.,0.));
#115 = AXIS2_PLACEMENT_3D('',#116,#117,#118);
#116 = CARTESIAN_POINT('',(0.,0.,0.));
#117 = DIRECTION('',(0.,0.,1.));
#118 = DIRECTION('',(1.,0.,0.));
#119 = AXIS2_PLACEMENT_3D('',#120,#121,#122);
#120 = CARTESIAN_POINT('',(0.,0.,0.));
#121 = DIRECTION('',(0.,0.,1.));
#122 = DIRECTION('',(1.,0.,0.));
#123 = AXIS2_PLACEMENT_3D('',#124,#125,#126);
#124 = CARTESIAN_POINT('',(0.,0.,0.));
#125 = DIRECTION('',(0.,0.,1.));
#126 = DIRECTION('',(1.,0.,0.));
#127 = AXIS2_PLACEMENT_3D('',#128,#129,#130);
#128 = CARTESIAN_POINT('',(0.,0.,0.));
#129 = DIRECTION('',(0.,0.,1.));
#130 = DIRECTION('',(1.,0.,0.));
#131 = AXIS2_PLACEMENT_3D('',#132,#133,#134);
#132 = CARTESIAN_POINT('',(0.,0.,0.));
#133 = DIRECTION('',(0.,0.,1.));
#134 = DIRECTION('',(1.,0.,0.));
#135 = AXIS2_PLACEMENT_3D('',#136,#137,#138);
#136 = CARTESIAN_POINT('',(0.,0.,0.));
#137 = DIRECTION('',(0.,0.,1.));
#138 = DIRECTION('',(1.,0.,0.));
#139 = AXIS2_PLACEMENT_3D('',#140,#141,#142);
#140 = CARTESIAN_POINT('',(0.,0.,0.));
#141 = DIRECTION('',(0.,0.,1.));
#142 = DIRECTION('',(1.,0.,0.));
#143 = AXIS2_PLACEMENT_3D('',#144,#145,#146);
#144 = CARTESIAN_POINT('',(0.,0.,0.));
#145 = DIRECTION('',(0.,0.,1.));
#146 = DIRECTION('',(1.,0.,0.));
#147 = AXIS2_PLACEMENT_3D('',#148,#149,#150);
#148 = CARTESIAN_POINT('',(0.,0.,0.));
#149 = DIRECTION('',(0.,0.,1.));
#150 = DIRECTION('',(1.,0.,0.));
#151 = AXIS2_PLACEMENT_3D('',#152,#153,#154);
#152 = CARTESIAN_POINT('',(0.,0.,0.));
#153 = DIRECTION('',(0.,0.,1.));
#154 = DIRECTION('',(1.,0.,0.));
#155 = AXIS2_PLACEMENT_3D('',#156,#157,#158);
#156 = CARTESIAN_POINT('',(0.,0.,0.));
#157 = DIRECTION('',(0.,0.,1.));
#158 = DIRECTION('',(1.,0.,0.));
#159 = AXIS2_PLACEMENT_3D('',#160,#161,#162);
#160 = CARTESIAN_POINT('',(0.,0.,0.));
#161 = DIRECTION('',(0.,0.,1.));
#162 = DIRECTION('',(1.,0.,0.));
#163 = AXIS2_PLACEMENT_3D('',#164,#165,#166);
#164 = CARTESIAN_POINT('',(0.,0.,0.));
#165 = DIRECTION('',(0.,0.,1.));
#166 = DIRECTION('',(1.,0.,0.));
#167 = AXIS2_PLACEMENT_3D('',#168,#169,#170);
#168 = CARTESIAN_POINT('',(0.,0.,0.));
#169 = DIRECTION('',(0.,0.,1.));
#170 = DIRECTION('',(1.,0.,0.));
#171 = AXIS2_PLACEMENT_3D('',#172,#173,#174);
#172 = CARTESIAN_POINT('',(0.,0.,0.));
#173 = DIRECTION('',(0.,0.,1.));
#174 = DIRECTION('',(1.,0.,0.));
#175 = AXIS2_PLACEMENT_3D('',#176,#177,#178);
#176 = CARTESIAN_POINT('',(0.,0.,0.));
#177 = DIRECTION('',(0.,0.,1.));
#178 = DIRECTION('',(1.,0.,0.));
#179 = AXIS2_PLACEMENT_3D('',#180,#181,#182);
#180 = CARTESIAN_POINT('',(0.,0.,0.));
#181 = DIRECTION('',(0.,0.,1.));
#182 = DIRECTION('',(1.,0.,0.));
#183 = AXIS2_PLACEMENT_3D('',#184,#185,#186);
#184 = CARTESIAN_POINT('',(0.,0.,0.));
#185 = DIRECTION('',(0.,0.,1.));
#186 = DIRECTION('',(1.,0.,0.));
#187 = AXIS2_PLACEMENT_3D('',#188,#189,#190);
#188 = CARTESIAN_POINT('',(0.,0.,0.));
#189 = DIRECTION('',(0.,0.,1.));
#190 = DIRECTION('',(1.,0.,0.));
#191 = AXIS2_PLACEMENT_3D('',#192,#193,#194);
#192 = CARTESIAN_POINT('',(0.,0.,0.));
#193 = DIRECTION('',(0.,0.,1.));
#194 = DIRECTION('',(1.,0.,0.));
#195 = AXIS2_PLACEMENT_3D('',#196,#197,#198);
#196 = CARTESIAN_POINT('',(0.,0.,0.));
#197 = DIRECTION('',(0.,0.,1.));
#198 = DIRECTION('',(1.,0.,0.));
#199 = AXIS2_PLACEMENT_3D('',#200,#201,#202);
#200 = CARTESIAN_POINT('',(0.,0.,0.));
#201 = DIRECTION('',(0.,0.,1.));
#202 = DIRECTION('',(1.,0.,0.));
#203 = AXIS2_PLACEMENT_3D('',#204,#205,#206);
#204 = CARTESIAN_POINT('',(0.,0.,0.));
#205 = DIRECTION('',(0.,0.,1.));
#206 = DIRECTION('',(1.,0.,0.));
#207 = AXIS2_PLACEMENT_3D('',#208,#209,#210);
#208 = CARTESIAN_POINT('',(0.,0.,0.));
#209 = DIRECTION('',(0.,0.,1.));
#210 = DIRECTION('',(1.,0.,0.));
#211 = AXIS2_PLACEMENT_3D('',#212,#213,#214);
#212 = CARTESIAN_POINT('',(0.,0.,0.));
#213 = DIRECTION('',(0.,0.,1.));
#214 = DIRECTION('',(1.,0.,0.));
#215 = AXIS2_PLACEMENT_3D('',#216,#217,#218);
#216 = CARTESIAN_POINT('',(0.,0.,0.));
#217 = DIRECTION('',(0.,0.,1.));
#218 = DIRECTION('',(1.,0.,0.));
#219 = AXIS2_PLACEMENT_3D('',#220,#221,#222);
#220 = CARTESIAN_POINT('',(0.,0.,0.));
#221 = DIRECTION('',(0.,0.,1.));
#222 = DIRECTION('',(1.,0.,0.));
#223 = AXIS2_PLACEMENT_3D('',#224,#225,#226);
#224 = CARTESIAN_POINT('',(0.,0.,0.));
#225 = DIRECTION('',(0.,0.,1.));
#226 = DIRECTION('',(1.,0.,0.));
#227 = AXIS2_PLACEMENT_3D('',#228,#229,#230);
#228 = CARTESIAN_POINT('',(0.,0.,0.));
#229 = DIRECTION('',(0.,0.,1.));
#230 = DIRECTION('',(1.,0.,0.));
#231 = AXIS2_PLACEMENT_3D('',#232,#233,#234);
#232 = CARTESIAN_POINT('',(0.,0.,0.));
#233 = DIRECTION('',(0.,0.,1.));
#234 = DIRECTION('',(1.,0.,0.));
#235 = AXIS2_PLACEMENT_3D('',#236,#237,#238);
#236 = CARTESIAN_POINT('',(0.,0.,0.));
#237 = DIRECTION('',(0.,0.,1.));
#238 = DIRECTION('',(1.,0.,0.));
#239 = AXIS2_PLACEMENT_3D('',#240,#241,#242);
#240 = CARTESIAN_POINT('',(0.,0.,0.));
#241 = DIRECTION('',(0.,0.,1.));
#242 = DIRECTION('',(1.,0.,0.));
#243 = AXIS2_PLACEMENT_3D('',#244,#245,#246);
#244 = CARTESIAN_POINT('',(0.,0.,0.));
#245 = DIRECTION('',(0.,0.,1.));
#246 = DIRECTION('',(1.,0.,0.));
#247 = ( GEOMETRIC_REPRESENTATION_CONTEXT(3) 
GLOBAL_UNCERTAINTY_ASSIGNED_CONTEXT((#251)) GLOBAL_UNIT_ASSIGNED_CONTEXT
((#248,#249,#250)) REPRESENTATION_CONTEXT('Context #1',
  '3D Context with UNIT and UNCERTAINTY') );
#248 = ( LENGTH_UNIT() NAMED_UNIT(*) SI_UNIT(.MILLI.,.METRE.) );
#249 = ( NAMED_UNIT(*) PLANE_ANGLE_UNIT() SI_UNIT($,.RADIAN.) );
#250 = ( NAMED_UNIT(*) SI_UNIT($,.STERADIAN.) SOLID_ANGLE_UNIT() );
#251 = UNCERTAINTY_MEASURE_WITH_UNIT(LENGTH_MEASURE(2.E-07),#248,
  'distance_accuracy_value','confusion accuracy');
#252 = PRODUCT_RELATED_PRODUCT_CATEGORY('part',$,(#7));
#253 = SHAPE_DEFINITION_REPRESENTATION(#254,#260);
#254 = PRODUCT_DEFINITION_SHAPE('','',#255);
#255 = PRODUCT_DEFINITION('design','',#256,#259);
#256 = PRODUCT_DEFINITION_FORMATION('','',#257);
#257 = PRODUCT('左侧木板','左侧木板','',(#258));
#258 = PRODUCT_CONTEXT('',#2,'mechanical');
#259 = PRODUCT_DEFINITION_CONTEXT('part definition',#2,'design');
#260 = ADVANCED_BREP_SHAPE_REPRESENTATION('',(#11,#261),#411);
#261 = MANIFOLD_SOLID_BREP('',#262);
#262 = CLOSED_SHELL('',(#263,#303,#343,#365,#387,#399));
#263 = ADVANCED_FACE('',(#264),#298,.F.);
#264 = FACE_BOUND('',#265,.F.);
#265 = EDGE_LOOP('',(#266,#276,#284,#292));
#266 = ORIENTED_EDGE('',*,*,#267,.F.);
#267 = EDGE_CURVE('',#268,#270,#272,.T.);
#268 = VERTEX_POINT('',#269);
#269 = CARTESIAN_POINT('',(0.,0.,26.));
#270 = VERTEX_POINT('',#271);
#271 = CARTESIAN_POINT('',(0.,0.,150.));
#272 = LINE('',#273,#274);
#273 = CARTESIAN_POINT('',(0.,0.,26.));
#274 = VECTOR('',#275,1.);
#275 = DIRECTION('',(0.,0.,1.));
#276 = ORIENTED_EDGE('',*,*,#277,.T.);
#277 = EDGE_CURVE('',#268,#278,#280,.T.);
#278 = VERTEX_POINT('',#279);
#279 = CARTESIAN_POINT('',(0.,350.,26.));
#280 = LINE('',#281,#282);
#281 = CARTESIAN_POINT('',(0.,0.,26.));
#282 = VECTOR('',#283,1.);
#283 = DIRECTION('',(-0.,1.,0.));
#284 = ORIENTED_EDGE('',*,*,#285,.T.);
#285 = EDGE_CURVE('',#278,#286,#288,.T.);
#286 = VERTEX_POINT('',#287);
#287 = CARTESIAN_POINT('',(0.,350.,150.));
#288 = LINE('',#289,#290);
#289 = CARTESIAN_POINT('',(0.,350.,26.));
#290 = VECTOR('',#291,1.);
#291 = DIRECTION('',(0.,0.,1.));
#292 = ORIENTED_EDGE('',*,*,#293,.F.);
#293 = EDGE_CURVE('',#270,#286,#294,.T.);
#294 = LINE('',#295,#296);
#295 = CARTESIAN_POINT('',(0.,0.,150.));
#296 = VECTOR('',#297,1.);
#297 = DIRECTION('',(-0.,1.,0.));
#298 = PLANE('',#299);
#299 = AXIS2_PLACEMENT_3D('',#300,#301,#302);
#300 = CARTESIAN_POINT('',(0.,0.,26.));
#301 = DIRECTION('',(1.,0.,-0.));
#302 = DIRECTION('',(0.,0.,1.));
#303 = ADVANCED_FACE('',(#304),#338,.T.);
#304 = FACE_BOUND('',#305,.T.);
#305 = EDGE_LOOP('',(#306,#316,#324,#332));
#306 = ORIENTED_EDGE('',*,*,#307,.F.);
#307 = EDGE_CURVE('',#308,#310,#312,.T.);
#308 = VERTEX_POINT('',#309);
#309 = CARTESIAN_POINT('',(12.,0.,26.));
#310 = VERTEX_POINT('',#311);
#311 = CARTESIAN_POINT('',(12.,0.,150.));
#312 = LINE('',#313,#314);
#313 = CARTESIAN_POINT('',(12.,0.,26.));
#314 = VECTOR('',#315,1.);
#315 = DIRECTION('',(0.,0.,1.));
#316 = ORIENTED_EDGE('',*,*,#317,.T.);
#317 = EDGE_CURVE('',#308,#318,#320,.T.);
#318 = VERTEX_POINT('',#319);
#319 = CARTESIAN_POINT('',(12.,350.,26.));
#320 = LINE('',#321,#322);
#321 = CARTESIAN_POINT('',(12.,0.,26.));
#322 = VECTOR('',#323,1.);
#323 = DIRECTION('',(-0.,1.,0.));
#324 = ORIENTED_EDGE('',*,*,#325,.T.);
#325 = EDGE_CURVE('',#318,#326,#328,.T.);
#326 = VERTEX_POINT('',#327);
#327 = CARTESIAN_POINT('',(12.,350.,150.));
#328 = LINE('',#329,#330);
#329 = CARTESIAN_POINT('',(12.,350.,26.));
#330 = VECTOR('',#331,1.);
#331 = DIRECTION('',(0.,0.,1.));
#332 = ORIENTED_EDGE('',*,*,#333,.F.);
#333 = EDGE_CURVE('',#310,#326,#334,.T.);
#334 = LINE('',#335,#336);
#335 = CARTESIAN_POINT('',(12.,0.,150.));
#336 = VECTOR('',#337,1.);
#337 = DIRECTION('',(-0.,1.,0.));
#338 = PLANE('',#339);
#339 = AXIS2_PLACEMENT_3D('',#340,#341,#342);
#340 = CARTESIAN_POINT('',(12.,0.,26.));
#341 = DIRECTION('',(1.,0.,-0.));
#342 = DIRECTION('',(0.,0.,1.));
#343 = ADVANCED_FACE('',(#344),#360,.F.);
#344 = FACE_BOUND('',#345,.F.);
#345 = EDGE_LOOP('',(#346,#352,#353,#359));
#346 = ORIENTED_EDGE('',*,*,#347,.F.);
#347 = EDGE_CURVE('',#268,#308,#348,.T.);
#348 = LINE('',#349,#350);
#349 = CARTESIAN_POINT('',(0.,0.,26.));
#350 = VECTOR('',#351,1.);
#351 = DIRECTION('',(1.,0.,-0.));
#352 = ORIENTED_EDGE('',*,*,#267,.T.);
#353 = ORIENTED_EDGE('',*,*,#354,.T.);
#354 = EDGE_CURVE('',#270,#310,#355,.T.);
#355 = LINE('',#356,#357);
#356 = CARTESIAN_POINT('',(0.,0.,150.));
#357 = VECTOR('',#358,1.);
#358 = DIRECTION('',(1.,0.,-0.));
#359 = ORIENTED_EDGE('',*,*,#307,.F.);
#360 = PLANE('',#361);
#361 = AXIS2_PLACEMENT_3D('',#362,#363,#364);
#362 = CARTESIAN_POINT('',(0.,0.,26.));
#363 = DIRECTION('',(-0.,1.,0.));
#364 = DIRECTION('',(0.,0.,1.));
#365 = ADVANCED_FACE('',(#366),#382,.T.);
#366 = FACE_BOUND('',#367,.T.);
#367 = EDGE_LOOP('',(#368,#374,#375,#381));
#368 = ORIENTED_EDGE('',*,*,#369,.F.);
#369 = EDGE_CURVE('',#278,#318,#370,.T.);
#370 = LINE('',#371,#372);
#371 = CARTESIAN_POINT('',(0.,350.,26.));
#372 = VECTOR('',#373,1.);
#373 = DIRECTION('',(1.,0.,-0.));
#374 = ORIENTED_EDGE('',*,*,#285,.T.);
#375 = ORIENTED_EDGE('',*,*,#376,.T.);
#376 = EDGE_CURVE('',#286,#326,#377,.T.);
#377 = LINE('',#378,#379);
#378 = CARTESIAN_POINT('',(0.,350.,150.));
#379 = VECTOR('',#380,1.);
#380 = DIRECTION('',(1.,0.,-0.));
#381 = ORIENTED_EDGE('',*,*,#325,.F.);
#382 = PLANE('',#383);
#383 = AXIS2_PLACEMENT_3D('',#384,#385,#386);
#384 = CARTESIAN_POINT('',(0.,350.,26.));
#385 = DIRECTION('',(-0.,1.,0.));
#386 = DIRECTION('',(0.,0.,1.));
#387 = ADVANCED_FACE('',(#388),#394,.F.);
#388 = FACE_BOUND('',#389,.F.);
#389 = EDGE_LOOP('',(#390,#391,#392,#393));
#390 = ORIENTED_EDGE('',*,*,#277,.F.);
#391 = ORIENTED_EDGE('',*,*,#347,.T.);
#392 = ORIENTED_EDGE('',*,*,#317,.T.);
#393 = ORIENTED_EDGE('',*,*,#369,.F.);
#394 = PLANE('',#395);
#395 = AXIS2_PLACEMENT_3D('',#396,#397,#398);
#396 = CARTESIAN_POINT('',(0.,0.,26.));
#397 = DIRECTION('',(0.,0.,1.));
#398 = DIRECTION('',(1.,0.,-0.));
#399 = ADVANCED_FACE('',(#400),#406,.T.);
#400 = FACE_BOUND('',#401,.T.);
#401 = EDGE_LOOP('',(#402,#403,#404,#405));
#402 = ORIENTED_EDGE('',*,*,#293,.F.);
#403 = ORIENTED_EDGE('',*,*,#354,.T.);
#404 = ORIENTED_EDGE('',*,*,#333,.T.);
#405 = ORIENTED_EDGE('',*,*,#376,.F.);
#406 = PLANE('',#407);
#407 = AXIS2_PLACEMENT_3D('',#408,#409,#410);
#408 = CARTESIAN_POINT('',(0.,0.,150.));
#409 = DIRECTION('',(0.,0.,1.));
#410 = DIRECTION('',(1.,0.,-0.));
#411 = ( GEOMETRIC_REPRESENTATION_CONTEXT(3) 
GLOBAL_UNCERTAINTY_ASSIGNED_CONTEXT((#415)) GLOBAL_UNIT_ASSIGNED_CONTEXT
((#412,#413,#414)) REPRESENTATION_CONTEXT('Context #1',
  '3D Context with UNIT and UNCERTAINTY') );
#412 = ( LENGTH_UNIT() NAMED_UNIT(*) SI_UNIT(.MILLI.,.METRE.) );
#413 = ( NAMED_UNIT(*) PLANE_ANGLE_UNIT() SI_UNIT($,.RADIAN.) );
#414 = ( NAMED_UNIT(*) SI_UNIT($,.STERADIAN.) SOLID_ANGLE_UNIT() );
#415 = UNCERTAINTY_MEASURE_WITH_UNIT(LENGTH_MEASURE(1.E-07),#412,
  'distance_accuracy_value','confusion accuracy');
#416 = CONTEXT_DEPENDENT_SHAPE_REPRESENTATION(#417,#419);
#417 = ( REPRESENTATION_RELATIONSHIP('','',#260,#10) 
REPRESENTATION_RELATIONSHIP_WITH_TRANSFORMATION(#418) 
SHAPE_REPRESENTATION_RELATIONSHIP() );
#418 = ITEM_DEFINED_TRANSFORMATION('','',#11,#15);
#419 = PRODUCT_DEFINITION_SHAPE('Placement','Placement of an item',#420
  );
#420 = NEXT_ASSEMBLY_USAGE_OCCURRENCE('65','左侧木板','',#5,#255,$);
#421 = PRODUCT_RELATED_PRODUCT_CATEGORY('part',$,(#257));
#422 = SHAPE_DEFINITION_REPRESENTATION(#423,#429);
#423 = PRODUCT_DEFINITION_SHAPE('','',#424);
#424 = PRODUCT_DEFINITION('design','',#425,#428);
#425 = PRODUCT_DEFINITION_FORMATION('','',#426);
#426 = PRODUCT('右侧木板','右侧木板','',(#427));
#427 = PRODUCT_CONTEXT('',#2,'mechanical');
#428 = PRODUCT_DEFINITION_CONTEXT('part definition',#2,'design');
#429 = ADVANCED_BREP_SHAPE_REPRESENTATION('',(#11,#430),#580);
#430 = MANIFOLD_SOLID_BREP('',#431);
#431 = CLOSED_SHELL('',(#432,#472,#512,#534,#556,#568));
#432 = ADVANCED_FACE('',(#433),#467,.F.);
#433 = FACE_BOUND('',#434,.F.);
#434 = EDGE_LOOP('',(#435,#445,#453,#461));
#435 = ORIENTED_EDGE('',*,*,#436,.F.);
#436 = EDGE_CURVE('',#437,#439,#441,.T.);
#437 = VERTEX_POINT('',#438);
#438 = CARTESIAN_POINT('',(438.,0.,26.));
#439 = VERTEX_POINT('',#440);
#440 = CARTESIAN_POINT('',(438.,0.,150.));
#441 = LINE('',#442,#443);
#442 = CARTESIAN_POINT('',(438.,0.,26.));
#443 = VECTOR('',#444,1.);
#444 = DIRECTION('',(0.,0.,1.));
#445 = ORIENTED_EDGE('',*,*,#446,.T.);
#446 = EDGE_CURVE('',#437,#447,#449,.T.);
#447 = VERTEX_POINT('',#448);
#448 = CARTESIAN_POINT('',(438.,350.,26.));
#449 = LINE('',#450,#451);
#450 = CARTESIAN_POINT('',(438.,0.,26.));
#451 = VECTOR('',#452,1.);
#452 = DIRECTION('',(-0.,1.,0.));
#453 = ORIENTED_EDGE('',*,*,#454,.T.);
#454 = EDGE_CURVE('',#447,#455,#457,.T.);
#455 = VERTEX_POINT('',#456);
#456 = CARTESIAN_POINT('',(438.,350.,150.));
#457 = LINE('',#458,#459);
#458 = CARTESIAN_POINT('',(438.,350.,26.));
#459 = VECTOR('',#460,1.);
#460 = DIRECTION('',(0.,0.,1.));
#461 = ORIENTED_EDGE('',*,*,#462,.F.);
#462 = EDGE_CURVE('',#439,#455,#463,.T.);
#463 = LINE('',#464,#465);
#464 = CARTESIAN_POINT('',(438.,0.,150.));
#465 = VECTOR('',#466,1.);
#466 = DIRECTION('',(-0.,1.,0.));
#467 = PLANE('',#468);
#468 = AXIS2_PLACEMENT_3D('',#469,#470,#471);
#469 = CARTESIAN_POINT('',(438.,0.,26.));
#470 = DIRECTION('',(1.,0.,-0.));
#471 = DIRECTION('',(0.,0.,1.));
#472 = ADVANCED_FACE('',(#473),#507,.T.);
#473 = FACE_BOUND('',#474,.T.);
#474 = EDGE_LOOP('',(#475,#485,#493,#501));
#475 = ORIENTED_EDGE('',*,*,#476,.F.);
#476 = EDGE_CURVE('',#477,#479,#481,.T.);
#477 = VERTEX_POINT('',#478);
#478 = CARTESIAN_POINT('',(450.,0.,26.));
#479 = VERTEX_POINT('',#480);
#480 = CARTESIAN_POINT('',(450.,0.,150.));
#481 = LINE('',#482,#483);
#482 = CARTESIAN_POINT('',(450.,0.,26.));
#483 = VECTOR('',#484,1.);
#484 = DIRECTION('',(0.,0.,1.));
#485 = ORIENTED_EDGE('',*,*,#486,.T.);
#486 = EDGE_CURVE('',#477,#487,#489,.T.);
#487 = VERTEX_POINT('',#488);
#488 = CARTESIAN_POINT('',(450.,350.,26.));
#489 = LINE('',#490,#491);
#490 = CARTESIAN_POINT('',(450.,0.,26.));
#491 = VECTOR('',#492,1.);
#492 = DIRECTION('',(-0.,1.,0.));
#493 = ORIENTED_EDGE('',*,*,#494,.T.);
#494 = EDGE_CURVE('',#487,#495,#497,.T.);
#495 = VERTEX_POINT('',#496);
#496 = CARTESIAN_POINT('',(450.,350.,150.));
#497 = LINE('',#498,#499);
#498 = CARTESIAN_POINT('',(450.,350.,26.));
#499 = VECTOR('',#500,1.);
#500 = DIRECTION('',(0.,0.,1.));
#501 = ORIENTED_EDGE('',*,*,#502,.F.);
#502 = EDGE_CURVE('',#479,#495,#503,.T.);
#503 = LINE('',#504,#505);
#504 = CARTESIAN_POINT('',(450.,0.,150.));
#505 = VECTOR('',#506,1.);
#506 = DIRECTION('',(-0.,1.,0.));
#507 = PLANE('',#508);
#508 = AXIS2_PLACEMENT_3D('',#509,#510,#511);
#509 = CARTESIAN_POINT('',(450.,0.,26.));
#510 = DIRECTION('',(1.,0.,-0.));
#511 = DIRECTION('',(0.,0.,1.));
#512 = ADVANCED_FACE('',(#513),#529,.F.);
#513 = FACE_BOUND('',#514,.F.);
#514 = EDGE_LOOP('',(#515,#521,#522,#528));
#515 = ORIENTED_EDGE('',*,*,#516,.F.);
#516 = EDGE_CURVE('',#437,#477,#517,.T.);
#517 = LINE('',#518,#519);
#518 = CARTESIAN_POINT('',(438.,0.,26.));
#519 = VECTOR('',#520,1.);
#520 = DIRECTION('',(1.,0.,-0.));
#521 = ORIENTED_EDGE('',*,*,#436,.T.);
#522 = ORIENTED_EDGE('',*,*,#523,.T.);
#523 = EDGE_CURVE('',#439,#479,#524,.T.);
#524 = LINE('',#525,#526);
#525 = CARTESIAN_POINT('',(438.,0.,150.));
#526 = VECTOR('',#527,1.);
#527 = DIRECTION('',(1.,0.,-0.));
#528 = ORIENTED_EDGE('',*,*,#476,.F.);
#529 = PLANE('',#530);
#530 = AXIS2_PLACEMENT_3D('',#531,#532,#533);
#531 = CARTESIAN_POINT('',(438.,0.,26.));
#532 = DIRECTION('',(-0.,1.,0.));
#533 = DIRECTION('',(0.,0.,1.));
#534 = ADVANCED_FACE('',(#535),#551,.T.);
#535 = FACE_BOUND('',#536,.T.);
#536 = EDGE_LOOP('',(#537,#543,#544,#550));
#537 = ORIENTED_EDGE('',*,*,#538,.F.);
#538 = EDGE_CURVE('',#447,#487,#539,.T.);
#539 = LINE('',#540,#541);
#540 = CARTESIAN_POINT('',(438.,350.,26.));
#541 = VECTOR('',#542,1.);
#542 = DIRECTION('',(1.,0.,-0.));
#543 = ORIENTED_EDGE('',*,*,#454,.T.);
#544 = ORIENTED_EDGE('',*,*,#545,.T.);
#545 = EDGE_CURVE('',#455,#495,#546,.T.);
#546 = LINE('',#547,#548);
#547 = CARTESIAN_POINT('',(438.,350.,150.));
#548 = VECTOR('',#549,1.);
#549 = DIRECTION('',(1.,0.,-0.));
#550 = ORIENTED_EDGE('',*,*,#494,.F.);
#551 = PLANE('',#552);
#552 = AXIS2_PLACEMENT_3D('',#553,#554,#555);
#553 = CARTESIAN_POINT('',(438.,350.,26.));
#554 = DIRECTION('',(-0.,1.,0.));
#555 = DIRECTION('',(0.,0.,1.));
#556 = ADVANCED_FACE('',(#557),#563,.F.);
#557 = FACE_BOUND('',#558,.F.);
#558 = EDGE_LOOP('',(#559,#560,#561,#562));
#559 = ORIENTED_EDGE('',*,*,#446,.F.);
#560 = ORIENTED_EDGE('',*,*,#516,.T.);
#561 = ORIENTED_EDGE('',*,*,#486,.T.);
#562 = ORIENTED_EDGE('',*,*,#538,.F.);
#563 = PLANE('',#564);
#564 = AXIS2_PLACEMENT_3D('',#565,#566,#567);
#565 = CARTESIAN_POINT('',(438.,0.,26.));
#566 = DIRECTION('',(0.,0.,1.));
#567 = DIRECTION('',(1.,0.,-0.));
#568 = ADVANCED_FACE('',(#569),#575,.T.);
#569 = FACE_BOUND('',#570,.T.);
#570 = EDGE_LOOP('',(#571,#572,#573,#574));
#571 = ORIENTED_EDGE('',*,*,#462,.F.);
#572 = ORIENTED_EDGE('',*,*,#523,.T.);
#573 = ORIENTED_EDGE('',*,*,#502,.T.);
#574 = ORIENTED_EDGE('',*,*,#545,.F.);
#575 = PLANE('',#576);
#576 = AXIS2_PLACEMENT_3D('',#577,#578,#579);
#577 = CARTESIAN_POINT('',(438.,0.,150.));
#578 = DIRECTION('',(0.,0.,1.));
#579 = DIRECTION('',(1.,0.,-0.));
#580 = ( GEOMETRIC_REPRESENTATION_CONTEXT(3) 
GLOBAL_UNCERTAINTY_ASSIGNED_CONTEXT((#584)) GLOBAL_UNIT_ASSIGNED_CONTEXT
((#581,#582,#583)) REPRESENTATION_CONTEXT('Context #1',
  '3D Context with UNIT and UNCERTAINTY') );
#581 = ( LENGTH_UNIT() NAMED_UNIT(*) SI_UNIT(.MILLI.,.METRE.) );
#582 = ( NAMED_UNIT(*) PLANE_ANGLE_UNIT() SI_UNIT($,.RADIAN.) );
#583 = ( NAMED_UNIT(*) SI_UNIT($,.STERADIAN.) SOLID_ANGLE_UNIT() );
#584 = UNCERTAINTY_MEASURE_WITH_UNIT(LENGTH_MEASURE(1.E-07),#581,
  'distance_accuracy_value','confusion accuracy');
#585 = CONTEXT_DEPENDENT_SHAPE_REPRESENTATION(#586,#588);
#586 = ( REPRESENTATION_RELATIONSHIP('','',#429,#10) 
REPRESENTATION_RELATIONSHIP_WITH_TRANSFORMATION(#587) 
SHAPE_REPRESENTATION_RELATIONSHIP() );
#587 = ITEM_DEFINED_TRANSFORMATION('','',#11,#19);
#588 = PRODUCT_DEFINITION_SHAPE('Placement','Placement of an item',#589
  );
#589 = NEXT_ASSEMBLY_USAGE_OCCURRENCE('66','右侧木板','',#5,#424,$);
#590 = PRODUCT_RELATED_PRODUCT_CATEGORY('part',$,(#426));
#591 = SHAPE_DEFINITION_REPRESENTATION(#592,#598);
#592 = PRODUCT_DEFINITION_SHAPE('','',#593);
#593 = PRODUCT_DEFINITION('design','',#594,#597);
#594 = PRODUCT_DEFINITION_FORMATION('','',#595);
#595 = PRODUCT('底板 · 低音向下开孔',
  '底板 · 低音向下开孔','',(#596));
#596 = PRODUCT_CONTEXT('',#2,'mechanical');
#597 = PRODUCT_DEFINITION_CONTEXT('part definition',#2,'design');
#598 = ADVANCED_BREP_SHAPE_REPRESENTATION('',(#11,#599),#788);
#599 = MANIFOLD_SOLID_BREP('',#600);
#600 = CLOSED_SHELL('',(#601,#641,#672,#707,#731,#759,#771));
#601 = ADVANCED_FACE('',(#602),#636,.F.);
#602 = FACE_BOUND('',#603,.F.);
#603 = EDGE_LOOP('',(#604,#614,#622,#630));
#604 = ORIENTED_EDGE('',*,*,#605,.F.);
#605 = EDGE_CURVE('',#606,#608,#610,.T.);
#606 = VERTEX_POINT('',#607);
#607 = CARTESIAN_POINT('',(12.,0.,26.));
#608 = VERTEX_POINT('',#609);
#609 = CARTESIAN_POINT('',(12.,0.,38.));
#610 = LINE('',#611,#612);
#611 = CARTESIAN_POINT('',(12.,0.,26.));
#612 = VECTOR('',#613,1.);
#613 = DIRECTION('',(0.,0.,1.));
#614 = ORIENTED_EDGE('',*,*,#615,.T.);
#615 = EDGE_CURVE('',#606,#616,#618,.T.);
#616 = VERTEX_POINT('',#617);
#617 = CARTESIAN_POINT('',(12.,350.,26.));
#618 = LINE('',#619,#620);
#619 = CARTESIAN_POINT('',(12.,0.,26.));
#620 = VECTOR('',#621,1.);
#621 = DIRECTION('',(-0.,1.,0.));
#622 = ORIENTED_EDGE('',*,*,#623,.T.);
#623 = EDGE_CURVE('',#616,#624,#626,.T.);
#624 = VERTEX_POINT('',#625);
#625 = CARTESIAN_POINT('',(12.,350.,38.));
#626 = LINE('',#627,#628);
#627 = CARTESIAN_POINT('',(12.,350.,26.));
#628 = VECTOR('',#629,1.);
#629 = DIRECTION('',(0.,0.,1.));
#630 = ORIENTED_EDGE('',*,*,#631,.F.);
#631 = EDGE_CURVE('',#608,#624,#632,.T.);
#632 = LINE('',#633,#634);
#633 = CARTESIAN_POINT('',(12.,0.,38.));
#634 = VECTOR('',#635,1.);
#635 = DIRECTION('',(-0.,1.,0.));
#636 = PLANE('',#637);
#637 = AXIS2_PLACEMENT_3D('',#638,#639,#640);
#638 = CARTESIAN_POINT('',(12.,0.,26.));
#639 = DIRECTION('',(1.,0.,-0.));
#640 = DIRECTION('',(0.,0.,1.));
#641 = ADVANCED_FACE('',(#642),#667,.F.);
#642 = FACE_BOUND('',#643,.F.);
#643 = EDGE_LOOP('',(#644,#652,#653,#661));
#644 = ORIENTED_EDGE('',*,*,#645,.F.);
#645 = EDGE_CURVE('',#606,#646,#648,.T.);
#646 = VERTEX_POINT('',#647);
#647 = CARTESIAN_POINT('',(438.,0.,26.));
#648 = LINE('',#649,#650);
#649 = CARTESIAN_POINT('',(12.,0.,26.));
#650 = VECTOR('',#651,1.);
#651 = DIRECTION('',(1.,0.,-0.));
#652 = ORIENTED_EDGE('',*,*,#605,.T.);
#653 = ORIENTED_EDGE('',*,*,#654,.T.);
#654 = EDGE_CURVE('',#608,#655,#657,.T.);
#655 = VERTEX_POINT('',#656);
#656 = CARTESIAN_POINT('',(438.,0.,38.));
#657 = LINE('',#658,#659);
#658 = CARTESIAN_POINT('',(12.,0.,38.));
#659 = VECTOR('',#660,1.);
#660 = DIRECTION('',(1.,0.,-0.));
#661 = ORIENTED_EDGE('',*,*,#662,.F.);
#662 = EDGE_CURVE('',#646,#655,#663,.T.);
#663 = LINE('',#664,#665);
#664 = CARTESIAN_POINT('',(438.,0.,26.));
#665 = VECTOR('',#666,1.);
#666 = DIRECTION('',(0.,0.,1.));
#667 = PLANE('',#668);
#668 = AXIS2_PLACEMENT_3D('',#669,#670,#671);
#669 = CARTESIAN_POINT('',(12.,0.,26.));
#670 = DIRECTION('',(-0.,1.,0.));
#671 = DIRECTION('',(0.,0.,1.));
#672 = ADVANCED_FACE('',(#673,#691),#702,.T.);
#673 = FACE_BOUND('',#674,.T.);
#674 = EDGE_LOOP('',(#675,#676,#677,#685));
#675 = ORIENTED_EDGE('',*,*,#631,.F.);
#676 = ORIENTED_EDGE('',*,*,#654,.T.);
#677 = ORIENTED_EDGE('',*,*,#678,.T.);
#678 = EDGE_CURVE('',#655,#679,#681,.T.);
#679 = VERTEX_POINT('',#680);
#680 = CARTESIAN_POINT('',(438.,350.,38.));
#681 = LINE('',#682,#683);
#682 = CARTESIAN_POINT('',(438.,0.,38.));
#683 = VECTOR('',#684,1.);
#684 = DIRECTION('',(-0.,1.,0.));
#685 = ORIENTED_EDGE('',*,*,#686,.F.);
#686 = EDGE_CURVE('',#624,#679,#687,.T.);
#687 = LINE('',#688,#689);
#688 = CARTESIAN_POINT('',(12.,350.,38.));
#689 = VECTOR('',#690,1.);
#690 = DIRECTION('',(1.,0.,-0.));
#691 = FACE_BOUND('',#692,.T.);
#692 = EDGE_LOOP('',(#693));
#693 = ORIENTED_EDGE('',*,*,#694,.F.);
#694 = EDGE_CURVE('',#695,#695,#697,.T.);
#695 = VERTEX_POINT('',#696);
#696 = CARTESIAN_POINT('',(275.,247.,38.));
#697 = CIRCLE('',#698,50.);
#698 = AXIS2_PLACEMENT_3D('',#699,#700,#701);
#699 = CARTESIAN_POINT('',(225.,247.,38.));
#700 = DIRECTION('',(0.,0.,1.));
#701 = DIRECTION('',(1.,0.,-0.));
#702 = PLANE('',#703);
#703 = AXIS2_PLACEMENT_3D('',#704,#705,#706);
#704 = CARTESIAN_POINT('',(12.,0.,38.));
#705 = DIRECTION('',(0.,0.,1.));
#706 = DIRECTION('',(1.,0.,-0.));
#707 = ADVANCED_FACE('',(#708),#726,.T.);
#708 = FACE_BOUND('',#709,.T.);
#709 = EDGE_LOOP('',(#710,#718,#719,#720));
#710 = ORIENTED_EDGE('',*,*,#711,.F.);
#711 = EDGE_CURVE('',#616,#712,#714,.T.);
#712 = VERTEX_POINT('',#713);
#713 = CARTESIAN_POINT('',(438.,350.,26.));
#714 = LINE('',#715,#716);
#715 = CARTESIAN_POINT('',(12.,350.,26.));
#716 = VECTOR('',#717,1.);
#717 = DIRECTION('',(1.,0.,-0.));
#718 = ORIENTED_EDGE('',*,*,#623,.T.);
#719 = ORIENTED_EDGE('',*,*,#686,.T.);
#720 = ORIENTED_EDGE('',*,*,#721,.F.);
#721 = EDGE_CURVE('',#712,#679,#722,.T.);
#722 = LINE('',#723,#724);
#723 = CARTESIAN_POINT('',(438.,350.,26.));
#724 = VECTOR('',#725,1.);
#725 = DIRECTION('',(0.,0.,1.));
#726 = PLANE('',#727);
#727 = AXIS2_PLACEMENT_3D('',#728,#729,#730);
#728 = CARTESIAN_POINT('',(12.,350.,26.));
#729 = DIRECTION('',(-0.,1.,0.));
#730 = DIRECTION('',(0.,0.,1.));
#731 = ADVANCED_FACE('',(#732,#743),#754,.F.);
#732 = FACE_BOUND('',#733,.F.);
#733 = EDGE_LOOP('',(#734,#735,#736,#742));
#734 = ORIENTED_EDGE('',*,*,#615,.F.);
#735 = ORIENTED_EDGE('',*,*,#645,.T.);
#736 = ORIENTED_EDGE('',*,*,#737,.T.);
#737 = EDGE_CURVE('',#646,#712,#738,.T.);
#738 = LINE('',#739,#740);
#739 = CARTESIAN_POINT('',(438.,0.,26.));
#740 = VECTOR('',#741,1.);
#741 = DIRECTION('',(-0.,1.,0.));
#742 = ORIENTED_EDGE('',*,*,#711,.F.);
#743 = FACE_BOUND('',#744,.F.);
#744 = EDGE_LOOP('',(#745));
#745 = ORIENTED_EDGE('',*,*,#746,.F.);
#746 = EDGE_CURVE('',#747,#747,#749,.T.);
#747 = VERTEX_POINT('',#748);
#748 = CARTESIAN_POINT('',(275.,247.,26.));
#749 = CIRCLE('',#750,50.);
#750 = AXIS2_PLACEMENT_3D('',#751,#752,#753);
#751 = CARTESIAN_POINT('',(225.,247.,26.));
#752 = DIRECTION('',(0.,0.,1.));
#753 = DIRECTION('',(1.,0.,-0.));
#754 = PLANE('',#755);
#755 = AXIS2_PLACEMENT_3D('',#756,#757,#758);
#756 = CARTESIAN_POINT('',(12.,0.,26.));
#757 = DIRECTION('',(0.,0.,1.));
#758 = DIRECTION('',(1.,0.,-0.));
#759 = ADVANCED_FACE('',(#760),#766,.T.);
#760 = FACE_BOUND('',#761,.T.);
#761 = EDGE_LOOP('',(#762,#763,#764,#765));
#762 = ORIENTED_EDGE('',*,*,#662,.F.);
#763 = ORIENTED_EDGE('',*,*,#737,.T.);
#764 = ORIENTED_EDGE('',*,*,#721,.T.);
#765 = ORIENTED_EDGE('',*,*,#678,.F.);
#766 = PLANE('',#767);
#767 = AXIS2_PLACEMENT_3D('',#768,#769,#770);
#768 = CARTESIAN_POINT('',(438.,0.,26.));
#769 = DIRECTION('',(1.,0.,-0.));
#770 = DIRECTION('',(0.,0.,1.));
#771 = ADVANCED_FACE('',(#772),#783,.F.);
#772 = FACE_BOUND('',#773,.F.);
#773 = EDGE_LOOP('',(#774,#775,#781,#782));
#774 = ORIENTED_EDGE('',*,*,#694,.F.);
#775 = ORIENTED_EDGE('',*,*,#776,.F.);
#776 = EDGE_CURVE('',#747,#695,#777,.T.);
#777 = LINE('',#778,#779);
#778 = CARTESIAN_POINT('',(275.,247.,25.));
#779 = VECTOR('',#780,1.);
#780 = DIRECTION('',(0.,0.,1.));
#781 = ORIENTED_EDGE('',*,*,#746,.T.);
#782 = ORIENTED_EDGE('',*,*,#776,.T.);
#783 = CYLINDRICAL_SURFACE('',#784,50.);
#784 = AXIS2_PLACEMENT_3D('',#785,#786,#787);
#785 = CARTESIAN_POINT('',(225.,247.,25.));
#786 = DIRECTION('',(0.,0.,1.));
#787 = DIRECTION('',(1.,0.,-0.));
#788 = ( GEOMETRIC_REPRESENTATION_CONTEXT(3) 
GLOBAL_UNCERTAINTY_ASSIGNED_CONTEXT((#792)) GLOBAL_UNIT_ASSIGNED_CONTEXT
((#789,#790,#791)) REPRESENTATION_CONTEXT('Context #1',
  '3D Context with UNIT and UNCERTAINTY') );
#789 = ( LENGTH_UNIT() NAMED_UNIT(*) SI_UNIT(.MILLI.,.METRE.) );
#790 = ( NAMED_UNIT(*) PLANE_ANGLE_UNIT() SI_UNIT($,.RADIAN.) );
#791 = ( NAMED_UNIT(*) SI_UNIT($,.STERADIAN.) SOLID_ANGLE_UNIT() );
#792 = UNCERTAINTY_MEASURE_WITH_UNIT(LENGTH_MEASURE(1.E-07),#789,
  'distance_accuracy_value','confusion accuracy');
#793 = CONTEXT_DEPENDENT_SHAPE_REPRESENTATION(#794,#796);
#794 = ( REPRESENTATION_RELATIONSHIP('','',#598,#10) 
REPRESENTATION_RELATIONSHIP_WITH_TRANSFORMATION(#795) 
SHAPE_REPRESENTATION_RELATIONSHIP() );
#795 = ITEM_DEFINED_TRANSFORMATION('','',#11,#23);
#796 = PRODUCT_DEFINITION_SHAPE('Placement','Placement of an item',#797
  );
#797 = NEXT_ASSEMBLY_USAGE_OCCURRENCE('67',
  '底板 · 低音向下开孔','',#5,#593,$);
#798 = PRODUCT_RELATED_PRODUCT_CATEGORY('part',$,(#595));
#799 = SHAPE_DEFINITION_REPRESENTATION(#800,#806);
#800 = PRODUCT_DEFINITION_SHAPE('','',#801);
#801 = PRODUCT_DEFINITION('design','',#802,#805);
#802 = PRODUCT_DEFINITION_FORMATION('','',#803);
#803 = PRODUCT('后板 · 倒相管沉台与 AC 插座安装孔',
  '后板 · 倒相管沉台与 AC 插座安装孔','',(#804));
#804 = PRODUCT_CONTEXT('',#2,'mechanical');
#805 = PRODUCT_DEFINITION_CONTEXT('part definition',#2,'design');
#806 = ADVANCED_BREP_SHAPE_REPRESENTATION('',(#11,#807),#1395);
#807 = MANIFOLD_SOLID_BREP('',#808);
#808 = CLOSED_SHELL('',(#809,#849,#983,#1007,#1134,#1151,#1163,#1180,
    #1202,#1219,#1236,#1253,#1270,#1287,#1304,#1316,#1333,#1358,#1383));
#809 = ADVANCED_FACE('',(#810),#844,.F.);
#810 = FACE_BOUND('',#811,.F.);
#811 = EDGE_LOOP('',(#812,#822,#830,#838));
#812 = ORIENTED_EDGE('',*,*,#813,.F.);
#813 = EDGE_CURVE('',#814,#816,#818,.T.);
#814 = VERTEX_POINT('',#815);
#815 = CARTESIAN_POINT('',(12.,338.,38.));
#816 = VERTEX_POINT('',#817);
#817 = CARTESIAN_POINT('',(12.,338.,150.));
#818 = LINE('',#819,#820);
#819 = CARTESIAN_POINT('',(12.,338.,38.));
#820 = VECTOR('',#821,1.);
#821 = DIRECTION('',(0.,0.,1.));
#822 = ORIENTED_EDGE('',*,*,#823,.T.);
#823 = EDGE_CURVE('',#814,#824,#826,.T.);
#824 = VERTEX_POINT('',#825);
#825 = CARTESIAN_POINT('',(12.,350.,38.));
#826 = LINE('',#827,#828);
#827 = CARTESIAN_POINT('',(12.,338.,38.));
#828 = VECTOR('',#829,1.);
#829 = DIRECTION('',(-0.,1.,0.));
#830 = ORIENTED_EDGE('',*,*,#831,.T.);
#831 = EDGE_CURVE('',#824,#832,#834,.T.);
#832 = VERTEX_POINT('',#833);
#833 = CARTESIAN_POINT('',(12.,350.,150.));
#834 = LINE('',#835,#836);
#835 = CARTESIAN_POINT('',(12.,350.,38.));
#836 = VECTOR('',#837,1.);
#837 = DIRECTION('',(0.,0.,1.));
#838 = ORIENTED_EDGE('',*,*,#839,.F.);
#839 = EDGE_CURVE('',#816,#832,#840,.T.);
#840 = LINE('',#841,#842);
#841 = CARTESIAN_POINT('',(12.,338.,150.));
#842 = VECTOR('',#843,1.);
#843 = DIRECTION('',(-0.,1.,0.));
#844 = PLANE('',#845);
#845 = AXIS2_PLACEMENT_3D('',#846,#847,#848);
#846 = CARTESIAN_POINT('',(12.,338.,38.));
#847 = DIRECTION('',(1.,0.,-0.));
#848 = DIRECTION('',(0.,0.,1.));
#849 = ADVANCED_FACE('',(#850,#875,#886,#956,#967),#978,.F.);
#850 = FACE_BOUND('',#851,.F.);
#851 = EDGE_LOOP('',(#852,#860,#861,#869));
#852 = ORIENTED_EDGE('',*,*,#853,.F.);
#853 = EDGE_CURVE('',#814,#854,#856,.T.);
#854 = VERTEX_POINT('',#855);
#855 = CARTESIAN_POINT('',(438.,338.,38.));
#856 = LINE('',#857,#858);
#857 = CARTESIAN_POINT('',(12.,338.,38.));
#858 = VECTOR('',#859,1.);
#859 = DIRECTION('',(1.,0.,-0.));
#860 = ORIENTED_EDGE('',*,*,#813,.T.);
#861 = ORIENTED_EDGE('',*,*,#862,.T.);
#862 = EDGE_CURVE('',#816,#863,#865,.T.);
#863 = VERTEX_POINT('',#864);
#864 = CARTESIAN_POINT('',(438.,338.,150.));
#865 = LINE('',#866,#867);
#866 = CARTESIAN_POINT('',(12.,338.,150.));
#867 = VECTOR('',#868,1.);
#868 = DIRECTION('',(1.,0.,-0.));
#869 = ORIENTED_EDGE('',*,*,#870,.F.);
#870 = EDGE_CURVE('',#854,#863,#871,.T.);
#871 = LINE('',#872,#873);
#872 = CARTESIAN_POINT('',(438.,338.,38.));
#873 = VECTOR('',#874,1.);
#874 = DIRECTION('',(0.,0.,1.));
#875 = FACE_BOUND('',#876,.F.);
#876 = EDGE_LOOP('',(#877));
#877 = ORIENTED_EDGE('',*,*,#878,.F.);
#878 = EDGE_CURVE('',#879,#879,#881,.T.);
#879 = VERTEX_POINT('',#880);
#880 = CARTESIAN_POINT('',(70.,338.,90.25));
#881 = CIRCLE('',#882,2.25);
#882 = AXIS2_PLACEMENT_3D('',#883,#884,#885);
#883 = CARTESIAN_POINT('',(70.,338.,88.));
#884 = DIRECTION('',(0.,1.,0.));
#885 = DIRECTION('',(0.,-0.,1.));
#886 = FACE_BOUND('',#887,.F.);
#887 = EDGE_LOOP('',(#888,#898,#907,#915,#924,#932,#941,#949));
#888 = ORIENTED_EDGE('',*,*,#889,.F.);
#889 = EDGE_CURVE('',#890,#892,#894,.T.);
#890 = VERTEX_POINT('',#891);
#891 = CARTESIAN_POINT('',(49.,338.,122.));
#892 = VERTEX_POINT('',#893);
#893 = CARTESIAN_POINT('',(91.,338.,122.));
#894 = LINE('',#895,#896);
#895 = CARTESIAN_POINT('',(49.,338.,122.));
#896 = VECTOR('',#897,1.);
#897 = DIRECTION('',(1.,0.,-0.));
#898 = ORIENTED_EDGE('',*,*,#899,.F.);
#899 = EDGE_CURVE('',#900,#890,#902,.T.);
#900 = VERTEX_POINT('',#901);
#901 = CARTESIAN_POINT('',(46.,338.,119.));
#902 = CIRCLE('',#903,3.);
#903 = AXIS2_PLACEMENT_3D('',#904,#905,#906);
#904 = CARTESIAN_POINT('',(49.,338.,119.));
#905 = DIRECTION('',(0.,1.,0.));
#906 = DIRECTION('',(0.,-0.,1.));
#907 = ORIENTED_EDGE('',*,*,#908,.F.);
#908 = EDGE_CURVE('',#909,#900,#911,.T.);
#909 = VERTEX_POINT('',#910);
#910 = CARTESIAN_POINT('',(46.,338.,97.));
#911 = LINE('',#912,#913);
#912 = CARTESIAN_POINT('',(46.,338.,97.));
#913 = VECTOR('',#914,1.);
#914 = DIRECTION('',(0.,0.,1.));
#915 = ORIENTED_EDGE('',*,*,#916,.F.);
#916 = EDGE_CURVE('',#917,#909,#919,.T.);
#917 = VERTEX_POINT('',#918);
#918 = CARTESIAN_POINT('',(49.,338.,94.));
#919 = CIRCLE('',#920,3.);
#920 = AXIS2_PLACEMENT_3D('',#921,#922,#923);
#921 = CARTESIAN_POINT('',(49.,338.,97.));
#922 = DIRECTION('',(0.,1.,0.));
#923 = DIRECTION('',(0.,-0.,1.));
#924 = ORIENTED_EDGE('',*,*,#925,.T.);
#925 = EDGE_CURVE('',#917,#926,#928,.T.);
#926 = VERTEX_POINT('',#927);
#927 = CARTESIAN_POINT('',(91.,338.,94.));
#928 = LINE('',#929,#930);
#929 = CARTESIAN_POINT('',(49.,338.,94.));
#930 = VECTOR('',#931,1.);
#931 = DIRECTION('',(1.,0.,-0.));
#932 = ORIENTED_EDGE('',*,*,#933,.F.);
#933 = EDGE_CURVE('',#934,#926,#936,.T.);
#934 = VERTEX_POINT('',#935);
#935 = CARTESIAN_POINT('',(94.,338.,97.));
#936 = CIRCLE('',#937,3.);
#937 = AXIS2_PLACEMENT_3D('',#938,#939,#940);
#938 = CARTESIAN_POINT('',(91.,338.,97.));
#939 = DIRECTION('',(0.,1.,0.));
#940 = DIRECTION('',(0.,-0.,1.));
#941 = ORIENTED_EDGE('',*,*,#942,.T.);
#942 = EDGE_CURVE('',#934,#943,#945,.T.);
#943 = VERTEX_POINT('',#944);
#944 = CARTESIAN_POINT('',(94.,338.,119.));
#945 = LINE('',#946,#947);
#946 = CARTESIAN_POINT('',(94.,338.,97.));
#947 = VECTOR('',#948,1.);
#948 = DIRECTION('',(0.,0.,1.));
#949 = ORIENTED_EDGE('',*,*,#950,.F.);
#950 = EDGE_CURVE('',#892,#943,#951,.T.);
#951 = CIRCLE('',#952,3.);
#952 = AXIS2_PLACEMENT_3D('',#953,#954,#955);
#953 = CARTESIAN_POINT('',(91.,338.,119.));
#954 = DIRECTION('',(0.,1.,0.));
#955 = DIRECTION('',(0.,-0.,1.));
#956 = FACE_BOUND('',#957,.F.);
#957 = EDGE_LOOP('',(#958));
#958 = ORIENTED_EDGE('',*,*,#959,.F.);
#959 = EDGE_CURVE('',#960,#960,#962,.T.);
#960 = VERTEX_POINT('',#961);
#961 = CARTESIAN_POINT('',(70.,338.,130.25));
#962 = CIRCLE('',#963,2.25);
#963 = AXIS2_PLACEMENT_3D('',#964,#965,#966);
#964 = CARTESIAN_POINT('',(70.,338.,128.));
#965 = DIRECTION('',(0.,1.,0.));
#966 = DIRECTION('',(0.,-0.,1.));
#967 = FACE_BOUND('',#968,.F.);
#968 = EDGE_LOOP('',(#969));
#969 = ORIENTED_EDGE('',*,*,#970,.F.);
#970 = EDGE_CURVE('',#971,#971,#973,.T.);
#971 = VERTEX_POINT('',#972);
#972 = CARTESIAN_POINT('',(288.,338.,124.));
#973 = CIRCLE('',#974,18.);
#974 = AXIS2_PLACEMENT_3D('',#975,#976,#977);
#975 = CARTESIAN_POINT('',(288.,338.,106.));
#976 = DIRECTION('',(0.,1.,0.));
#977 = DIRECTION('',(0.,-0.,1.));
#978 = PLANE('',#979);
#979 = AXIS2_PLACEMENT_3D('',#980,#981,#982);
#980 = CARTESIAN_POINT('',(12.,338.,38.));
#981 = DIRECTION('',(-0.,1.,0.));
#982 = DIRECTION('',(0.,0.,1.));
#983 = ADVANCED_FACE('',(#984),#1002,.T.);
#984 = FACE_BOUND('',#985,.T.);
#985 = EDGE_LOOP('',(#986,#987,#988,#996));
#986 = ORIENTED_EDGE('',*,*,#839,.F.);
#987 = ORIENTED_EDGE('',*,*,#862,.T.);
#988 = ORIENTED_EDGE('',*,*,#989,.T.);
#989 = EDGE_CURVE('',#863,#990,#992,.T.);
#990 = VERTEX_POINT('',#991);
#991 = CARTESIAN_POINT('',(438.,350.,150.));
#992 = LINE('',#993,#994);
#993 = CARTESIAN_POINT('',(438.,338.,150.));
#994 = VECTOR('',#995,1.);
#995 = DIRECTION('',(-0.,1.,0.));
#996 = ORIENTED_EDGE('',*,*,#997,.F.);
#997 = EDGE_CURVE('',#832,#990,#998,.T.);
#998 = LINE('',#999,#1000);
#999 = CARTESIAN_POINT('',(12.,350.,150.));
#1000 = VECTOR('',#1001,1.);
#1001 = DIRECTION('',(1.,0.,-0.));
#1002 = PLANE('',#1003);
#1003 = AXIS2_PLACEMENT_3D('',#1004,#1005,#1006);
#1004 = CARTESIAN_POINT('',(12.,338.,150.));
#1005 = DIRECTION('',(0.,0.,1.));
#1006 = DIRECTION('',(1.,0.,-0.));
#1007 = ADVANCED_FACE('',(#1008,#1026,#1037,#1107,#1118),#1129,.T.);
#1008 = FACE_BOUND('',#1009,.T.);
#1009 = EDGE_LOOP('',(#1010,#1018,#1019,#1020));
#1010 = ORIENTED_EDGE('',*,*,#1011,.F.);
#1011 = EDGE_CURVE('',#824,#1012,#1014,.T.);
#1012 = VERTEX_POINT('',#1013);
#1013 = CARTESIAN_POINT('',(438.,350.,38.));
#1014 = LINE('',#1015,#1016);
#1015 = CARTESIAN_POINT('',(12.,350.,38.));
#1016 = VECTOR('',#1017,1.);
#1017 = DIRECTION('',(1.,0.,-0.));
#1018 = ORIENTED_EDGE('',*,*,#831,.T.);
#1019 = ORIENTED_EDGE('',*,*,#997,.T.);
#1020 = ORIENTED_EDGE('',*,*,#1021,.F.);
#1021 = EDGE_CURVE('',#1012,#990,#1022,.T.);
#1022 = LINE('',#1023,#1024);
#1023 = CARTESIAN_POINT('',(438.,350.,38.));
#1024 = VECTOR('',#1025,1.);
#1025 = DIRECTION('',(0.,0.,1.));
#1026 = FACE_BOUND('',#1027,.T.);
#1027 = EDGE_LOOP('',(#1028));
#1028 = ORIENTED_EDGE('',*,*,#1029,.F.);
#1029 = EDGE_CURVE('',#1030,#1030,#1032,.T.);
#1030 = VERTEX_POINT('',#1031);
#1031 = CARTESIAN_POINT('',(70.,350.,90.25));
#1032 = CIRCLE('',#1033,2.25);
#1033 = AXIS2_PLACEMENT_3D('',#1034,#1035,#1036);
#1034 = CARTESIAN_POINT('',(70.,350.,88.));
#1035 = DIRECTION('',(0.,1.,0.));
#1036 = DIRECTION('',(0.,-0.,1.));
#1037 = FACE_BOUND('',#1038,.T.);
#1038 = EDGE_LOOP('',(#1039,#1049,#1058,#1066,#1075,#1083,#1092,#1100));
#1039 = ORIENTED_EDGE('',*,*,#1040,.F.);
#1040 = EDGE_CURVE('',#1041,#1043,#1045,.T.);
#1041 = VERTEX_POINT('',#1042);
#1042 = CARTESIAN_POINT('',(49.,350.,122.));
#1043 = VERTEX_POINT('',#1044);
#1044 = CARTESIAN_POINT('',(91.,350.,122.));
#1045 = LINE('',#1046,#1047);
#1046 = CARTESIAN_POINT('',(49.,350.,122.));
#1047 = VECTOR('',#1048,1.);
#1048 = DIRECTION('',(1.,0.,-0.));
#1049 = ORIENTED_EDGE('',*,*,#1050,.F.);
#1050 = EDGE_CURVE('',#1051,#1041,#1053,.T.);
#1051 = VERTEX_POINT('',#1052);
#1052 = CARTESIAN_POINT('',(46.,350.,119.));
#1053 = CIRCLE('',#1054,3.);
#1054 = AXIS2_PLACEMENT_3D('',#1055,#1056,#1057);
#1055 = CARTESIAN_POINT('',(49.,350.,119.));
#1056 = DIRECTION('',(0.,1.,0.));
#1057 = DIRECTION('',(0.,-0.,1.));
#1058 = ORIENTED_EDGE('',*,*,#1059,.F.);
#1059 = EDGE_CURVE('',#1060,#1051,#1062,.T.);
#1060 = VERTEX_POINT('',#1061);
#1061 = CARTESIAN_POINT('',(46.,350.,97.));
#1062 = LINE('',#1063,#1064);
#1063 = CARTESIAN_POINT('',(46.,350.,97.));
#1064 = VECTOR('',#1065,1.);
#1065 = DIRECTION('',(0.,0.,1.));
#1066 = ORIENTED_EDGE('',*,*,#1067,.F.);
#1067 = EDGE_CURVE('',#1068,#1060,#1070,.T.);
#1068 = VERTEX_POINT('',#1069);
#1069 = CARTESIAN_POINT('',(49.,350.,94.));
#1070 = CIRCLE('',#1071,3.);
#1071 = AXIS2_PLACEMENT_3D('',#1072,#1073,#1074);
#1072 = CARTESIAN_POINT('',(49.,350.,97.));
#1073 = DIRECTION('',(0.,1.,0.));
#1074 = DIRECTION('',(0.,-0.,1.));
#1075 = ORIENTED_EDGE('',*,*,#1076,.T.);
#1076 = EDGE_CURVE('',#1068,#1077,#1079,.T.);
#1077 = VERTEX_POINT('',#1078);
#1078 = CARTESIAN_POINT('',(91.,350.,94.));
#1079 = LINE('',#1080,#1081);
#1080 = CARTESIAN_POINT('',(49.,350.,94.));
#1081 = VECTOR('',#1082,1.);
#1082 = DIRECTION('',(1.,0.,-0.));
#1083 = ORIENTED_EDGE('',*,*,#1084,.F.);
#1084 = EDGE_CURVE('',#1085,#1077,#1087,.T.);
#1085 = VERTEX_POINT('',#1086);
#1086 = CARTESIAN_POINT('',(94.,350.,97.));
#1087 = CIRCLE('',#1088,3.);
#1088 = AXIS2_PLACEMENT_3D('',#1089,#1090,#1091);
#1089 = CARTESIAN_POINT('',(91.,350.,97.));
#1090 = DIRECTION('',(0.,1.,0.));
#1091 = DIRECTION('',(0.,-0.,1.));
#1092 = ORIENTED_EDGE('',*,*,#1093,.T.);
#1093 = EDGE_CURVE('',#1085,#1094,#1096,.T.);
#1094 = VERTEX_POINT('',#1095);
#1095 = CARTESIAN_POINT('',(94.,350.,119.));
#1096 = LINE('',#1097,#1098);
#1097 = CARTESIAN_POINT('',(94.,350.,97.));
#1098 = VECTOR('',#1099,1.);
#1099 = DIRECTION('',(0.,0.,1.));
#1100 = ORIENTED_EDGE('',*,*,#1101,.F.);
#1101 = EDGE_CURVE('',#1043,#1094,#1102,.T.);
#1102 = CIRCLE('',#1103,3.);
#1103 = AXIS2_PLACEMENT_3D('',#1104,#1105,#1106);
#1104 = CARTESIAN_POINT('',(91.,350.,119.));
#1105 = DIRECTION('',(0.,1.,0.));
#1106 = DIRECTION('',(0.,-0.,1.));
#1107 = FACE_BOUND('',#1108,.T.);
#1108 = EDGE_LOOP('',(#1109));
#1109 = ORIENTED_EDGE('',*,*,#1110,.F.);
#1110 = EDGE_CURVE('',#1111,#1111,#1113,.T.);
#1111 = VERTEX_POINT('',#1112);
#1112 = CARTESIAN_POINT('',(70.,350.,130.25));
#1113 = CIRCLE('',#1114,2.25);
#1114 = AXIS2_PLACEMENT_3D('',#1115,#1116,#1117);
#1115 = CARTESIAN_POINT('',(70.,350.,128.));
#1116 = DIRECTION('',(0.,1.,0.));
#1117 = DIRECTION('',(0.,-0.,1.));
#1118 = FACE_BOUND('',#1119,.T.);
#1119 = EDGE_LOOP('',(#1120));
#1120 = ORIENTED_EDGE('',*,*,#1121,.F.);
#1121 = EDGE_CURVE('',#1122,#1122,#1124,.T.);
#1122 = VERTEX_POINT('',#1123);
#1123 = CARTESIAN_POINT('',(288.,350.,130.));
#1124 = CIRCLE('',#1125,24.);
#1125 = AXIS2_PLACEMENT_3D('',#1126,#1127,#1128);
#1126 = CARTESIAN_POINT('',(288.,350.,106.));
#1127 = DIRECTION('',(0.,1.,0.));
#1128 = DIRECTION('',(0.,-0.,1.));
#1129 = PLANE('',#1130);
#1130 = AXIS2_PLACEMENT_3D('',#1131,#1132,#1133);
#1131 = CARTESIAN_POINT('',(12.,350.,38.));
#1132 = DIRECTION('',(-0.,1.,0.));
#1133 = DIRECTION('',(0.,0.,1.));
#1134 = ADVANCED_FACE('',(#1135),#1146,.F.);
#1135 = FACE_BOUND('',#1136,.F.);
#1136 = EDGE_LOOP('',(#1137,#1138,#1139,#1145));
#1137 = ORIENTED_EDGE('',*,*,#823,.F.);
#1138 = ORIENTED_EDGE('',*,*,#853,.T.);
#1139 = ORIENTED_EDGE('',*,*,#1140,.T.);
#1140 = EDGE_CURVE('',#854,#1012,#1141,.T.);
#1141 = LINE('',#1142,#1143);
#1142 = CARTESIAN_POINT('',(438.,338.,38.));
#1143 = VECTOR('',#1144,1.);
#1144 = DIRECTION('',(-0.,1.,0.));
#1145 = ORIENTED_EDGE('',*,*,#1011,.F.);
#1146 = PLANE('',#1147);
#1147 = AXIS2_PLACEMENT_3D('',#1148,#1149,#1150);
#1148 = CARTESIAN_POINT('',(12.,338.,38.));
#1149 = DIRECTION('',(0.,0.,1.));
#1150 = DIRECTION('',(1.,0.,-0.));
#1151 = ADVANCED_FACE('',(#1152),#1158,.T.);
#1152 = FACE_BOUND('',#1153,.T.);
#1153 = EDGE_LOOP('',(#1154,#1155,#1156,#1157));
#1154 = ORIENTED_EDGE('',*,*,#870,.F.);
#1155 = ORIENTED_EDGE('',*,*,#1140,.T.);
#1156 = ORIENTED_EDGE('',*,*,#1021,.T.);
#1157 = ORIENTED_EDGE('',*,*,#989,.F.);
#1158 = PLANE('',#1159);
#1159 = AXIS2_PLACEMENT_3D('',#1160,#1161,#1162);
#1160 = CARTESIAN_POINT('',(438.,338.,38.));
#1161 = DIRECTION('',(1.,0.,-0.));
#1162 = DIRECTION('',(0.,0.,1.));
#1163 = ADVANCED_FACE('',(#1164),#1175,.F.);
#1164 = FACE_BOUND('',#1165,.F.);
#1165 = EDGE_LOOP('',(#1166,#1167,#1173,#1174));
#1166 = ORIENTED_EDGE('',*,*,#1029,.F.);
#1167 = ORIENTED_EDGE('',*,*,#1168,.F.);
#1168 = EDGE_CURVE('',#879,#1030,#1169,.T.);
#1169 = LINE('',#1170,#1171);
#1170 = CARTESIAN_POINT('',(70.,338.,90.25));
#1171 = VECTOR('',#1172,1.);
#1172 = DIRECTION('',(0.,1.,0.));
#1173 = ORIENTED_EDGE('',*,*,#878,.T.);
#1174 = ORIENTED_EDGE('',*,*,#1168,.T.);
#1175 = CYLINDRICAL_SURFACE('',#1176,2.25);
#1176 = AXIS2_PLACEMENT_3D('',#1177,#1178,#1179);
#1177 = CARTESIAN_POINT('',(70.,338.,88.));
#1178 = DIRECTION('',(0.,1.,0.));
#1179 = DIRECTION('',(0.,-0.,1.));
#1180 = ADVANCED_FACE('',(#1181),#1197,.F.);
#1181 = FACE_BOUND('',#1182,.F.);
#1182 = EDGE_LOOP('',(#1183,#1189,#1190,#1196));
#1183 = ORIENTED_EDGE('',*,*,#1184,.F.);
#1184 = EDGE_CURVE('',#890,#1041,#1185,.T.);
#1185 = LINE('',#1186,#1187);
#1186 = CARTESIAN_POINT('',(49.,338.,122.));
#1187 = VECTOR('',#1188,1.);
#1188 = DIRECTION('',(-0.,1.,0.));
#1189 = ORIENTED_EDGE('',*,*,#889,.T.);
#1190 = ORIENTED_EDGE('',*,*,#1191,.T.);
#1191 = EDGE_CURVE('',#892,#1043,#1192,.T.);
#1192 = LINE('',#1193,#1194);
#1193 = CARTESIAN_POINT('',(91.,338.,122.));
#1194 = VECTOR('',#1195,1.);
#1195 = DIRECTION('',(-0.,1.,0.));
#1196 = ORIENTED_EDGE('',*,*,#1040,.F.);
#1197 = PLANE('',#1198);
#1198 = AXIS2_PLACEMENT_3D('',#1199,#1200,#1201);
#1199 = CARTESIAN_POINT('',(49.,338.,122.));
#1200 = DIRECTION('',(0.,0.,1.));
#1201 = DIRECTION('',(1.,0.,-0.));
#1202 = ADVANCED_FACE('',(#1203),#1214,.F.);
#1203 = FACE_BOUND('',#1204,.F.);
#1204 = EDGE_LOOP('',(#1205,#1206,#1212,#1213));
#1205 = ORIENTED_EDGE('',*,*,#1050,.F.);
#1206 = ORIENTED_EDGE('',*,*,#1207,.F.);
#1207 = EDGE_CURVE('',#900,#1051,#1208,.T.);
#1208 = LINE('',#1209,#1210);
#1209 = CARTESIAN_POINT('',(46.,338.,119.));
#1210 = VECTOR('',#1211,1.);
#1211 = DIRECTION('',(-0.,1.,0.));
#1212 = ORIENTED_EDGE('',*,*,#899,.T.);
#1213 = ORIENTED_EDGE('',*,*,#1184,.T.);
#1214 = CYLINDRICAL_SURFACE('',#1215,3.);
#1215 = AXIS2_PLACEMENT_3D('',#1216,#1217,#1218);
#1216 = CARTESIAN_POINT('',(49.,338.,119.));
#1217 = DIRECTION('',(0.,1.,0.));
#1218 = DIRECTION('',(0.,-0.,1.));
#1219 = ADVANCED_FACE('',(#1220),#1231,.F.);
#1220 = FACE_BOUND('',#1221,.F.);
#1221 = EDGE_LOOP('',(#1222,#1223,#1224,#1225));
#1222 = ORIENTED_EDGE('',*,*,#1101,.F.);
#1223 = ORIENTED_EDGE('',*,*,#1191,.F.);
#1224 = ORIENTED_EDGE('',*,*,#950,.T.);
#1225 = ORIENTED_EDGE('',*,*,#1226,.T.);
#1226 = EDGE_CURVE('',#943,#1094,#1227,.T.);
#1227 = LINE('',#1228,#1229);
#1228 = CARTESIAN_POINT('',(94.,338.,119.));
#1229 = VECTOR('',#1230,1.);
#1230 = DIRECTION('',(-0.,1.,0.));
#1231 = CYLINDRICAL_SURFACE('',#1232,3.);
#1232 = AXIS2_PLACEMENT_3D('',#1233,#1234,#1235);
#1233 = CARTESIAN_POINT('',(91.,338.,119.));
#1234 = DIRECTION('',(0.,1.,0.));
#1235 = DIRECTION('',(0.,-0.,1.));
#1236 = ADVANCED_FACE('',(#1237),#1248,.T.);
#1237 = FACE_BOUND('',#1238,.T.);
#1238 = EDGE_LOOP('',(#1239,#1240,#1246,#1247));
#1239 = ORIENTED_EDGE('',*,*,#908,.F.);
#1240 = ORIENTED_EDGE('',*,*,#1241,.T.);
#1241 = EDGE_CURVE('',#909,#1060,#1242,.T.);
#1242 = LINE('',#1243,#1244);
#1243 = CARTESIAN_POINT('',(46.,338.,97.));
#1244 = VECTOR('',#1245,1.);
#1245 = DIRECTION('',(-0.,1.,0.));
#1246 = ORIENTED_EDGE('',*,*,#1059,.T.);
#1247 = ORIENTED_EDGE('',*,*,#1207,.F.);
#1248 = PLANE('',#1249);
#1249 = AXIS2_PLACEMENT_3D('',#1250,#1251,#1252);
#1250 = CARTESIAN_POINT('',(46.,338.,97.));
#1251 = DIRECTION('',(1.,0.,-0.));
#1252 = DIRECTION('',(0.,0.,1.));
#1253 = ADVANCED_FACE('',(#1254),#1265,.F.);
#1254 = FACE_BOUND('',#1255,.F.);
#1255 = EDGE_LOOP('',(#1256,#1257,#1263,#1264));
#1256 = ORIENTED_EDGE('',*,*,#942,.F.);
#1257 = ORIENTED_EDGE('',*,*,#1258,.T.);
#1258 = EDGE_CURVE('',#934,#1085,#1259,.T.);
#1259 = LINE('',#1260,#1261);
#1260 = CARTESIAN_POINT('',(94.,338.,97.));
#1261 = VECTOR('',#1262,1.);
#1262 = DIRECTION('',(-0.,1.,0.));
#1263 = ORIENTED_EDGE('',*,*,#1093,.T.);
#1264 = ORIENTED_EDGE('',*,*,#1226,.F.);
#1265 = PLANE('',#1266);
#1266 = AXIS2_PLACEMENT_3D('',#1267,#1268,#1269);
#1267 = CARTESIAN_POINT('',(94.,338.,97.));
#1268 = DIRECTION('',(1.,0.,-0.));
#1269 = DIRECTION('',(0.,0.,1.));
#1270 = ADVANCED_FACE('',(#1271),#1282,.F.);
#1271 = FACE_BOUND('',#1272,.F.);
#1272 = EDGE_LOOP('',(#1273,#1274,#1280,#1281));
#1273 = ORIENTED_EDGE('',*,*,#1067,.F.);
#1274 = ORIENTED_EDGE('',*,*,#1275,.F.);
#1275 = EDGE_CURVE('',#917,#1068,#1276,.T.);
#1276 = LINE('',#1277,#1278);
#1277 = CARTESIAN_POINT('',(49.,338.,94.));
#1278 = VECTOR('',#1279,1.);
#1279 = DIRECTION('',(-0.,1.,0.));
#1280 = ORIENTED_EDGE('',*,*,#916,.T.);
#1281 = ORIENTED_EDGE('',*,*,#1241,.T.);
#1282 = CYLINDRICAL_SURFACE('',#1283,3.);
#1283 = AXIS2_PLACEMENT_3D('',#1284,#1285,#1286);
#1284 = CARTESIAN_POINT('',(49.,338.,97.));
#1285 = DIRECTION('',(0.,1.,0.));
#1286 = DIRECTION('',(0.,-0.,1.));
#1287 = ADVANCED_FACE('',(#1288),#1299,.F.);
#1288 = FACE_BOUND('',#1289,.F.);
#1289 = EDGE_LOOP('',(#1290,#1291,#1292,#1293));
#1290 = ORIENTED_EDGE('',*,*,#1084,.F.);
#1291 = ORIENTED_EDGE('',*,*,#1258,.F.);
#1292 = ORIENTED_EDGE('',*,*,#933,.T.);
#1293 = ORIENTED_EDGE('',*,*,#1294,.T.);
#1294 = EDGE_CURVE('',#926,#1077,#1295,.T.);
#1295 = LINE('',#1296,#1297);
#1296 = CARTESIAN_POINT('',(91.,338.,94.));
#1297 = VECTOR('',#1298,1.);
#1298 = DIRECTION('',(-0.,1.,0.));
#1299 = CYLINDRICAL_SURFACE('',#1300,3.);
#1300 = AXIS2_PLACEMENT_3D('',#1301,#1302,#1303);
#1301 = CARTESIAN_POINT('',(91.,338.,97.));
#1302 = DIRECTION('',(0.,1.,0.));
#1303 = DIRECTION('',(0.,-0.,1.));
#1304 = ADVANCED_FACE('',(#1305),#1311,.T.);
#1305 = FACE_BOUND('',#1306,.T.);
#1306 = EDGE_LOOP('',(#1307,#1308,#1309,#1310));
#1307 = ORIENTED_EDGE('',*,*,#1275,.F.);
#1308 = ORIENTED_EDGE('',*,*,#925,.T.);
#1309 = ORIENTED_EDGE('',*,*,#1294,.T.);
#1310 = ORIENTED_EDGE('',*,*,#1076,.F.);
#1311 = PLANE('',#1312);
#1312 = AXIS2_PLACEMENT_3D('',#1313,#1314,#1315);
#1313 = CARTESIAN_POINT('',(49.,338.,94.));
#1314 = DIRECTION('',(0.,0.,1.));
#1315 = DIRECTION('',(1.,0.,-0.));
#1316 = ADVANCED_FACE('',(#1317),#1328,.F.);
#1317 = FACE_BOUND('',#1318,.F.);
#1318 = EDGE_LOOP('',(#1319,#1320,#1326,#1327));
#1319 = ORIENTED_EDGE('',*,*,#1110,.F.);
#1320 = ORIENTED_EDGE('',*,*,#1321,.F.);
#1321 = EDGE_CURVE('',#960,#1111,#1322,.T.);
#1322 = LINE('',#1323,#1324);
#1323 = CARTESIAN_POINT('',(70.,338.,130.25));
#1324 = VECTOR('',#1325,1.);
#1325 = DIRECTION('',(0.,1.,0.));
#1326 = ORIENTED_EDGE('',*,*,#959,.T.);
#1327 = ORIENTED_EDGE('',*,*,#1321,.T.);
#1328 = CYLINDRICAL_SURFACE('',#1329,2.25);
#1329 = AXIS2_PLACEMENT_3D('',#1330,#1331,#1332);
#1330 = CARTESIAN_POINT('',(70.,338.,128.));
#1331 = DIRECTION('',(0.,1.,0.));
#1332 = DIRECTION('',(0.,-0.,1.));
#1333 = ADVANCED_FACE('',(#1334),#1353,.F.);
#1334 = FACE_BOUND('',#1335,.F.);
#1335 = EDGE_LOOP('',(#1336,#1345,#1351,#1352));
#1336 = ORIENTED_EDGE('',*,*,#1337,.F.);
#1337 = EDGE_CURVE('',#1338,#1338,#1340,.T.);
#1338 = VERTEX_POINT('',#1339);
#1339 = CARTESIAN_POINT('',(288.,347.,124.));
#1340 = CIRCLE('',#1341,18.);
#1341 = AXIS2_PLACEMENT_3D('',#1342,#1343,#1344);
#1342 = CARTESIAN_POINT('',(288.,347.,106.));
#1343 = DIRECTION('',(0.,1.,0.));
#1344 = DIRECTION('',(0.,-0.,1.));
#1345 = ORIENTED_EDGE('',*,*,#1346,.F.);
#1346 = EDGE_CURVE('',#971,#1338,#1347,.T.);
#1347 = LINE('',#1348,#1349);
#1348 = CARTESIAN_POINT('',(288.,337.,124.));
#1349 = VECTOR('',#1350,1.);
#1350 = DIRECTION('',(0.,1.,0.));
#1351 = ORIENTED_EDGE('',*,*,#970,.T.);
#1352 = ORIENTED_EDGE('',*,*,#1346,.T.);
#1353 = CYLINDRICAL_SURFACE('',#1354,18.);
#1354 = AXIS2_PLACEMENT_3D('',#1355,#1356,#1357);
#1355 = CARTESIAN_POINT('',(288.,337.,106.));
#1356 = DIRECTION('',(0.,1.,0.));
#1357 = DIRECTION('',(0.,-0.,1.));
#1358 = ADVANCED_FACE('',(#1359),#1378,.F.);
#1359 = FACE_BOUND('',#1360,.F.);
#1360 = EDGE_LOOP('',(#1361,#1362,#1370,#1377));
#1361 = ORIENTED_EDGE('',*,*,#1121,.F.);
#1362 = ORIENTED_EDGE('',*,*,#1363,.F.);
#1363 = EDGE_CURVE('',#1364,#1122,#1366,.T.);
#1364 = VERTEX_POINT('',#1365);
#1365 = CARTESIAN_POINT('',(288.,347.,130.));
#1366 = LINE('',#1367,#1368);
#1367 = CARTESIAN_POINT('',(288.,347.,130.));
#1368 = VECTOR('',#1369,1.);
#1369 = DIRECTION('',(0.,1.,0.));
#1370 = ORIENTED_EDGE('',*,*,#1371,.T.);
#1371 = EDGE_CURVE('',#1364,#1364,#1372,.T.);
#1372 = CIRCLE('',#1373,24.);
#1373 = AXIS2_PLACEMENT_3D('',#1374,#1375,#1376);
#1374 = CARTESIAN_POINT('',(288.,347.,106.));
#1375 = DIRECTION('',(0.,1.,0.));
#1376 = DIRECTION('',(0.,-0.,1.));
#1377 = ORIENTED_EDGE('',*,*,#1363,.T.);
#1378 = CYLINDRICAL_SURFACE('',#1379,24.);
#1379 = AXIS2_PLACEMENT_3D('',#1380,#1381,#1382);
#1380 = CARTESIAN_POINT('',(288.,347.,106.));
#1381 = DIRECTION('',(0.,1.,0.));
#1382 = DIRECTION('',(0.,-0.,1.));
#1383 = ADVANCED_FACE('',(#1384,#1387),#1390,.T.);
#1384 = FACE_BOUND('',#1385,.T.);
#1385 = EDGE_LOOP('',(#1386));
#1386 = ORIENTED_EDGE('',*,*,#1371,.T.);
#1387 = FACE_BOUND('',#1388,.T.);
#1388 = EDGE_LOOP('',(#1389));
#1389 = ORIENTED_EDGE('',*,*,#1337,.F.);
#1390 = PLANE('',#1391);
#1391 = AXIS2_PLACEMENT_3D('',#1392,#1393,#1394);
#1392 = CARTESIAN_POINT('',(288.,347.,106.));
#1393 = DIRECTION('',(0.,1.,0.));
#1394 = DIRECTION('',(0.,-0.,1.));
#1395 = ( GEOMETRIC_REPRESENTATION_CONTEXT(3) 
GLOBAL_UNCERTAINTY_ASSIGNED_CONTEXT((#1399)) 
GLOBAL_UNIT_ASSIGNED_CONTEXT((#1396,#1397,#1398)) REPRESENTATION_CONTEXT
('Context #1','3D Context with UNIT and UNCERTAINTY') );
#1396 = ( LENGTH_UNIT() NAMED_UNIT(*) SI_UNIT(.MILLI.,.METRE.) );
#1397 = ( NAMED_UNIT(*) PLANE_ANGLE_UNIT() SI_UNIT($,.RADIAN.) );
#1398 = ( NAMED_UNIT(*) SI_UNIT($,.STERADIAN.) SOLID_ANGLE_UNIT() );
#1399 = UNCERTAINTY_MEASURE_WITH_UNIT(LENGTH_MEASURE(1.E-07),#1396,
  'distance_accuracy_value','confusion accuracy');
#1400 = CONTEXT_DEPENDENT_SHAPE_REPRESENTATION(#1401,#1403);
#1401 = ( REPRESENTATION_RELATIONSHIP('','',#806,#10) 
REPRESENTATION_RELATIONSHIP_WITH_TRANSFORMATION(#1402) 
SHAPE_REPRESENTATION_RELATIONSHIP() );
#1402 = ITEM_DEFINED_TRANSFORMATION('','',#11,#27);
#1403 = PRODUCT_DEFINITION_SHAPE('Placement','Placement of an item',
  #1404);
#1404 = NEXT_ASSEMBLY_USAGE_OCCURRENCE('68',
  '后板 · 倒相管沉台与 AC 插座安装孔','',#5,#801,$);
#1405 = PRODUCT_RELATED_PRODUCT_CATEGORY('part',$,(#803));
#1406 = SHAPE_DEFINITION_REPRESENTATION(#1407,#1413);
#1407 = PRODUCT_DEFINITION_SHAPE('','',#1408);
#1408 = PRODUCT_DEFINITION('design','',#1409,#1412);
#1409 = PRODUCT_DEFINITION_FORMATION('','',#1410);
#1410 = PRODUCT('前沿银色饰条','前沿银色饰条','',(#1411));
#1411 = PRODUCT_CONTEXT('',#2,'mechanical');
#1412 = PRODUCT_DEFINITION_CONTEXT('part definition',#2,'design');
#1413 = ADVANCED_BREP_SHAPE_REPRESENTATION('',(#11,#1414),#1564);
#1414 = MANIFOLD_SOLID_BREP('',#1415);
#1415 = CLOSED_SHELL('',(#1416,#1456,#1496,#1518,#1540,#1552));
#1416 = ADVANCED_FACE('',(#1417),#1451,.F.);
#1417 = FACE_BOUND('',#1418,.F.);
#1418 = EDGE_LOOP('',(#1419,#1429,#1437,#1445));
#1419 = ORIENTED_EDGE('',*,*,#1420,.F.);
#1420 = EDGE_CURVE('',#1421,#1423,#1425,.T.);
#1421 = VERTEX_POINT('',#1422);
#1422 = CARTESIAN_POINT('',(12.,0.,130.));
#1423 = VERTEX_POINT('',#1424);
#1424 = CARTESIAN_POINT('',(12.,0.,150.));
#1425 = LINE('',#1426,#1427);
#1426 = CARTESIAN_POINT('',(12.,0.,130.));
#1427 = VECTOR('',#1428,1.);
#1428 = DIRECTION('',(0.,0.,1.));
#1429 = ORIENTED_EDGE('',*,*,#1430,.T.);
#1430 = EDGE_CURVE('',#1421,#1431,#1433,.T.);
#1431 = VERTEX_POINT('',#1432);
#1432 = CARTESIAN_POINT('',(12.,6.,130.));
#1433 = LINE('',#1434,#1435);
#1434 = CARTESIAN_POINT('',(12.,0.,130.));
#1435 = VECTOR('',#1436,1.);
#1436 = DIRECTION('',(-0.,1.,0.));
#1437 = ORIENTED_EDGE('',*,*,#1438,.T.);
#1438 = EDGE_CURVE('',#1431,#1439,#1441,.T.);
#1439 = VERTEX_POINT('',#1440);
#1440 = CARTESIAN_POINT('',(12.,6.,150.));
#1441 = LINE('',#1442,#1443);
#1442 = CARTESIAN_POINT('',(12.,6.,130.));
#1443 = VECTOR('',#1444,1.);
#1444 = DIRECTION('',(0.,0.,1.));
#1445 = ORIENTED_EDGE('',*,*,#1446,.F.);
#1446 = EDGE_CURVE('',#1423,#1439,#1447,.T.);
#1447 = LINE('',#1448,#1449);
#1448 = CARTESIAN_POINT('',(12.,0.,150.));
#1449 = VECTOR('',#1450,1.);
#1450 = DIRECTION('',(-0.,1.,0.));
#1451 = PLANE('',#1452);
#1452 = AXIS2_PLACEMENT_3D('',#1453,#1454,#1455);
#1453 = CARTESIAN_POINT('',(12.,0.,130.));
#1454 = DIRECTION('',(1.,0.,-0.));
#1455 = DIRECTION('',(0.,0.,1.));
#1456 = ADVANCED_FACE('',(#1457),#1491,.T.);
#1457 = FACE_BOUND('',#1458,.T.);
#1458 = EDGE_LOOP('',(#1459,#1469,#1477,#1485));
#1459 = ORIENTED_EDGE('',*,*,#1460,.F.);
#1460 = EDGE_CURVE('',#1461,#1463,#1465,.T.);
#1461 = VERTEX_POINT('',#1462);
#1462 = CARTESIAN_POINT('',(438.,0.,130.));
#1463 = VERTEX_POINT('',#1464);
#1464 = CARTESIAN_POINT('',(438.,0.,150.));
#1465 = LINE('',#1466,#1467);
#1466 = CARTESIAN_POINT('',(438.,0.,130.));
#1467 = VECTOR('',#1468,1.);
#1468 = DIRECTION('',(0.,0.,1.));
#1469 = ORIENTED_EDGE('',*,*,#1470,.T.);
#1470 = EDGE_CURVE('',#1461,#1471,#1473,.T.);
#1471 = VERTEX_POINT('',#1472);
#1472 = CARTESIAN_POINT('',(438.,6.,130.));
#1473 = LINE('',#1474,#1475);
#1474 = CARTESIAN_POINT('',(438.,0.,130.));
#1475 = VECTOR('',#1476,1.);
#1476 = DIRECTION('',(-0.,1.,0.));
#1477 = ORIENTED_EDGE('',*,*,#1478,.T.);
#1478 = EDGE_CURVE('',#1471,#1479,#1481,.T.);
#1479 = VERTEX_POINT('',#1480);
#1480 = CARTESIAN_POINT('',(438.,6.,150.));
#1481 = LINE('',#1482,#1483);
#1482 = CARTESIAN_POINT('',(438.,6.,130.));
#1483 = VECTOR('',#1484,1.);
#1484 = DIRECTION('',(0.,0.,1.));
#1485 = ORIENTED_EDGE('',*,*,#1486,.F.);
#1486 = EDGE_CURVE('',#1463,#1479,#1487,.T.);
#1487 = LINE('',#1488,#1489);
#1488 = CARTESIAN_POINT('',(438.,0.,150.));
#1489 = VECTOR('',#1490,1.);
#1490 = DIRECTION('',(-0.,1.,0.));
#1491 = PLANE('',#1492);
#1492 = AXIS2_PLACEMENT_3D('',#1493,#1494,#1495);
#1493 = CARTESIAN_POINT('',(438.,0.,130.));
#1494 = DIRECTION('',(1.,0.,-0.));
#1495 = DIRECTION('',(0.,0.,1.));
#1496 = ADVANCED_FACE('',(#1497),#1513,.F.);
#1497 = FACE_BOUND('',#1498,.F.);
#1498 = EDGE_LOOP('',(#1499,#1505,#1506,#1512));
#1499 = ORIENTED_EDGE('',*,*,#1500,.F.);
#1500 = EDGE_CURVE('',#1421,#1461,#1501,.T.);
#1501 = LINE('',#1502,#1503);
#1502 = CARTESIAN_POINT('',(12.,0.,130.));
#1503 = VECTOR('',#1504,1.);
#1504 = DIRECTION('',(1.,0.,-0.));
#1505 = ORIENTED_EDGE('',*,*,#1420,.T.);
#1506 = ORIENTED_EDGE('',*,*,#1507,.T.);
#1507 = EDGE_CURVE('',#1423,#1463,#1508,.T.);
#1508 = LINE('',#1509,#1510);
#1509 = CARTESIAN_POINT('',(12.,0.,150.));
#1510 = VECTOR('',#1511,1.);
#1511 = DIRECTION('',(1.,0.,-0.));
#1512 = ORIENTED_EDGE('',*,*,#1460,.F.);
#1513 = PLANE('',#1514);
#1514 = AXIS2_PLACEMENT_3D('',#1515,#1516,#1517);
#1515 = CARTESIAN_POINT('',(12.,0.,130.));
#1516 = DIRECTION('',(-0.,1.,0.));
#1517 = DIRECTION('',(0.,0.,1.));
#1518 = ADVANCED_FACE('',(#1519),#1535,.T.);
#1519 = FACE_BOUND('',#1520,.T.);
#1520 = EDGE_LOOP('',(#1521,#1527,#1528,#1534));
#1521 = ORIENTED_EDGE('',*,*,#1522,.F.);
#1522 = EDGE_CURVE('',#1431,#1471,#1523,.T.);
#1523 = LINE('',#1524,#1525);
#1524 = CARTESIAN_POINT('',(12.,6.,130.));
#1525 = VECTOR('',#1526,1.);
#1526 = DIRECTION('',(1.,0.,-0.));
#1527 = ORIENTED_EDGE('',*,*,#1438,.T.);
#1528 = ORIENTED_EDGE('',*,*,#1529,.T.);
#1529 = EDGE_CURVE('',#1439,#1479,#1530,.T.);
#1530 = LINE('',#1531,#1532);
#1531 = CARTESIAN_POINT('',(12.,6.,150.));
#1532 = VECTOR('',#1533,1.);
#1533 = DIRECTION('',(1.,0.,-0.));
#1534 = ORIENTED_EDGE('',*,*,#1478,.F.);
#1535 = PLANE('',#1536);
#1536 = AXIS2_PLACEMENT_3D('',#1537,#1538,#1539);
#1537 = CARTESIAN_POINT('',(12.,6.,130.));
#1538 = DIRECTION('',(-0.,1.,0.));
#1539 = DIRECTION('',(0.,0.,1.));
#1540 = ADVANCED_FACE('',(#1541),#1547,.F.);
#1541 = FACE_BOUND('',#1542,.F.);
#1542 = EDGE_LOOP('',(#1543,#1544,#1545,#1546));
#1543 = ORIENTED_EDGE('',*,*,#1430,.F.);
#1544 = ORIENTED_EDGE('',*,*,#1500,.T.);
#1545 = ORIENTED_EDGE('',*,*,#1470,.T.);
#1546 = ORIENTED_EDGE('',*,*,#1522,.F.);
#1547 = PLANE('',#1548);
#1548 = AXIS2_PLACEMENT_3D('',#1549,#1550,#1551);
#1549 = CARTESIAN_POINT('',(12.,0.,130.));
#1550 = DIRECTION('',(0.,0.,1.));
#1551 = DIRECTION('',(1.,0.,-0.));
#1552 = ADVANCED_FACE('',(#1553),#1559,.T.);
#1553 = FACE_BOUND('',#1554,.T.);
#1554 = EDGE_LOOP('',(#1555,#1556,#1557,#1558));
#1555 = ORIENTED_EDGE('',*,*,#1446,.F.);
#1556 = ORIENTED_EDGE('',*,*,#1507,.T.);
#1557 = ORIENTED_EDGE('',*,*,#1486,.T.);
#1558 = ORIENTED_EDGE('',*,*,#1529,.F.);
#1559 = PLANE('',#1560);
#1560 = AXIS2_PLACEMENT_3D('',#1561,#1562,#1563);
#1561 = CARTESIAN_POINT('',(12.,0.,150.));
#1562 = DIRECTION('',(0.,0.,1.));
#1563 = DIRECTION('',(1.,0.,-0.));
#1564 = ( GEOMETRIC_REPRESENTATION_CONTEXT(3) 
GLOBAL_UNCERTAINTY_ASSIGNED_CONTEXT((#1568)) 
GLOBAL_UNIT_ASSIGNED_CONTEXT((#1565,#1566,#1567)) REPRESENTATION_CONTEXT
('Context #1','3D Context with UNIT and UNCERTAINTY') );
#1565 = ( LENGTH_UNIT() NAMED_UNIT(*) SI_UNIT(.MILLI.,.METRE.) );
#1566 = ( NAMED_UNIT(*) PLANE_ANGLE_UNIT() SI_UNIT($,.RADIAN.) );
#1567 = ( NAMED_UNIT(*) SI_UNIT($,.STERADIAN.) SOLID_ANGLE_UNIT() );
#1568 = UNCERTAINTY_MEASURE_WITH_UNIT(LENGTH_MEASURE(1.E-07),#1565,
  'distance_accuracy_value','confusion accuracy');
#1569 = CONTEXT_DEPENDENT_SHAPE_REPRESENTATION(#1570,#1572);
#1570 = ( REPRESENTATION_RELATIONSHIP('','',#1413,#10) 
REPRESENTATION_RELATIONSHIP_WITH_TRANSFORMATION(#1571) 
SHAPE_REPRESENTATION_RELATIONSHIP() );
#1571 = ITEM_DEFINED_TRANSFORMATION('','',#11,#31);
#1572 = PRODUCT_DEFINITION_SHAPE('Placement','Placement of an item',
  #1573);
#1573 = NEXT_ASSEMBLY_USAGE_OCCURRENCE('69','前沿银色饰条','',#5,
  #1408,$);
#1574 = PRODUCT_RELATED_PRODUCT_CATEGORY('part',$,(#1410));
#1575 = SHAPE_DEFINITION_REPRESENTATION(#1576,#1582);
#1576 = PRODUCT_DEFINITION_SHAPE('','',#1577);
#1577 = PRODUCT_DEFINITION('design','',#1578,#1581);
#1578 = PRODUCT_DEFINITION_FORMATION('','',#1579);
#1579 = PRODUCT('格栅下横梁','格栅下横梁','',(#1580));
#1580 = PRODUCT_CONTEXT('',#2,'mechanical');
#1581 = PRODUCT_DEFINITION_CONTEXT('part definition',#2,'design');
#1582 = ADVANCED_BREP_SHAPE_REPRESENTATION('',(#11,#1583),#1733);
#1583 = MANIFOLD_SOLID_BREP('',#1584);
#1584 = CLOSED_SHELL('',(#1585,#1625,#1665,#1687,#1709,#1721));
#1585 = ADVANCED_FACE('',(#1586),#1620,.F.);
#1586 = FACE_BOUND('',#1587,.F.);
#1587 = EDGE_LOOP('',(#1588,#1598,#1606,#1614));
#1588 = ORIENTED_EDGE('',*,*,#1589,.F.);
#1589 = EDGE_CURVE('',#1590,#1592,#1594,.T.);
#1590 = VERTEX_POINT('',#1591);
#1591 = CARTESIAN_POINT('',(12.,0.,26.));
#1592 = VERTEX_POINT('',#1593);
#1593 = CARTESIAN_POINT('',(12.,0.,38.));
#1594 = LINE('',#1595,#1596);
#1595 = CARTESIAN_POINT('',(12.,0.,26.));
#1596 = VECTOR('',#1597,1.);
#1597 = DIRECTION('',(0.,0.,1.));
#1598 = ORIENTED_EDGE('',*,*,#1599,.T.);
#1599 = EDGE_CURVE('',#1590,#1600,#1602,.T.);
#1600 = VERTEX_POINT('',#1601);
#1601 = CARTESIAN_POINT('',(12.,8.,26.));
#1602 = LINE('',#1603,#1604);
#1603 = CARTESIAN_POINT('',(12.,0.,26.));
#1604 = VECTOR('',#1605,1.);
#1605 = DIRECTION('',(-0.,1.,0.));
#1606 = ORIENTED_EDGE('',*,*,#1607,.T.);
#1607 = EDGE_CURVE('',#1600,#1608,#1610,.T.);
#1608 = VERTEX_POINT('',#1609);
#1609 = CARTESIAN_POINT('',(12.,8.,38.));
#1610 = LINE('',#1611,#1612);
#1611 = CARTESIAN_POINT('',(12.,8.,26.));
#1612 = VECTOR('',#1613,1.);
#1613 = DIRECTION('',(0.,0.,1.));
#1614 = ORIENTED_EDGE('',*,*,#1615,.F.);
#1615 = EDGE_CURVE('',#1592,#1608,#1616,.T.);
#1616 = LINE('',#1617,#1618);
#1617 = CARTESIAN_POINT('',(12.,0.,38.));
#1618 = VECTOR('',#1619,1.);
#1619 = DIRECTION('',(-0.,1.,0.));
#1620 = PLANE('',#1621);
#1621 = AXIS2_PLACEMENT_3D('',#1622,#1623,#1624);
#1622 = CARTESIAN_POINT('',(12.,0.,26.));
#1623 = DIRECTION('',(1.,0.,-0.));
#1624 = DIRECTION('',(0.,0.,1.));
#1625 = ADVANCED_FACE('',(#1626),#1660,.T.);
#1626 = FACE_BOUND('',#1627,.T.);
#1627 = EDGE_LOOP('',(#1628,#1638,#1646,#1654));
#1628 = ORIENTED_EDGE('',*,*,#1629,.F.);
#1629 = EDGE_CURVE('',#1630,#1632,#1634,.T.);
#1630 = VERTEX_POINT('',#1631);
#1631 = CARTESIAN_POINT('',(438.,0.,26.));
#1632 = VERTEX_POINT('',#1633);
#1633 = CARTESIAN_POINT('',(438.,0.,38.));
#1634 = LINE('',#1635,#1636);
#1635 = CARTESIAN_POINT('',(438.,0.,26.));
#1636 = VECTOR('',#1637,1.);
#1637 = DIRECTION('',(0.,0.,1.));
#1638 = ORIENTED_EDGE('',*,*,#1639,.T.);
#1639 = EDGE_CURVE('',#1630,#1640,#1642,.T.);
#1640 = VERTEX_POINT('',#1641);
#1641 = CARTESIAN_POINT('',(438.,8.,26.));
#1642 = LINE('',#1643,#1644);
#1643 = CARTESIAN_POINT('',(438.,0.,26.));
#1644 = VECTOR('',#1645,1.);
#1645 = DIRECTION('',(-0.,1.,0.));
#1646 = ORIENTED_EDGE('',*,*,#1647,.T.);
#1647 = EDGE_CURVE('',#1640,#1648,#1650,.T.);
#1648 = VERTEX_POINT('',#1649);
#1649 = CARTESIAN_POINT('',(438.,8.,38.));
#1650 = LINE('',#1651,#1652);
#1651 = CARTESIAN_POINT('',(438.,8.,26.));
#1652 = VECTOR('',#1653,1.);
#1653 = DIRECTION('',(0.,0.,1.));
#1654 = ORIENTED_EDGE('',*,*,#1655,.F.);
#1655 = EDGE_CURVE('',#1632,#1648,#1656,.T.);
#1656 = LINE('',#1657,#1658);
#1657 = CARTESIAN_POINT('',(438.,0.,38.));
#1658 = VECTOR('',#1659,1.);
#1659 = DIRECTION('',(-0.,1.,0.));
#1660 = PLANE('',#1661);
#1661 = AXIS2_PLACEMENT_3D('',#1662,#1663,#1664);
#1662 = CARTESIAN_POINT('',(438.,0.,26.));
#1663 = DIRECTION('',(1.,0.,-0.));
#1664 = DIRECTION('',(0.,0.,1.));
#1665 = ADVANCED_FACE('',(#1666),#1682,.F.);
#1666 = FACE_BOUND('',#1667,.F.);
#1667 = EDGE_LOOP('',(#1668,#1674,#1675,#1681));
#1668 = ORIENTED_EDGE('',*,*,#1669,.F.);
#1669 = EDGE_CURVE('',#1590,#1630,#1670,.T.);
#1670 = LINE('',#1671,#1672);
#1671 = CARTESIAN_POINT('',(12.,0.,26.));
#1672 = VECTOR('',#1673,1.);
#1673 = DIRECTION('',(1.,0.,-0.));
#1674 = ORIENTED_EDGE('',*,*,#1589,.T.);
#1675 = ORIENTED_EDGE('',*,*,#1676,.T.);
#1676 = EDGE_CURVE('',#1592,#1632,#1677,.T.);
#1677 = LINE('',#1678,#1679);
#1678 = CARTESIAN_POINT('',(12.,0.,38.));
#1679 = VECTOR('',#1680,1.);
#1680 = DIRECTION('',(1.,0.,-0.));
#1681 = ORIENTED_EDGE('',*,*,#1629,.F.);
#1682 = PLANE('',#1683);
#1683 = AXIS2_PLACEMENT_3D('',#1684,#1685,#1686);
#1684 = CARTESIAN_POINT('',(12.,0.,26.));
#1685 = DIRECTION('',(-0.,1.,0.));
#1686 = DIRECTION('',(0.,0.,1.));
#1687 = ADVANCED_FACE('',(#1688),#1704,.T.);
#1688 = FACE_BOUND('',#1689,.T.);
#1689 = EDGE_LOOP('',(#1690,#1696,#1697,#1703));
#1690 = ORIENTED_EDGE('',*,*,#1691,.F.);
#1691 = EDGE_CURVE('',#1600,#1640,#1692,.T.);
#1692 = LINE('',#1693,#1694);
#1693 = CARTESIAN_POINT('',(12.,8.,26.));
#1694 = VECTOR('',#1695,1.);
#1695 = DIRECTION('',(1.,0.,-0.));
#1696 = ORIENTED_EDGE('',*,*,#1607,.T.);
#1697 = ORIENTED_EDGE('',*,*,#1698,.T.);
#1698 = EDGE_CURVE('',#1608,#1648,#1699,.T.);
#1699 = LINE('',#1700,#1701);
#1700 = CARTESIAN_POINT('',(12.,8.,38.));
#1701 = VECTOR('',#1702,1.);
#1702 = DIRECTION('',(1.,0.,-0.));
#1703 = ORIENTED_EDGE('',*,*,#1647,.F.);
#1704 = PLANE('',#1705);
#1705 = AXIS2_PLACEMENT_3D('',#1706,#1707,#1708);
#1706 = CARTESIAN_POINT('',(12.,8.,26.));
#1707 = DIRECTION('',(-0.,1.,0.));
#1708 = DIRECTION('',(0.,0.,1.));
#1709 = ADVANCED_FACE('',(#1710),#1716,.F.);
#1710 = FACE_BOUND('',#1711,.F.);
#1711 = EDGE_LOOP('',(#1712,#1713,#1714,#1715));
#1712 = ORIENTED_EDGE('',*,*,#1599,.F.);
#1713 = ORIENTED_EDGE('',*,*,#1669,.T.);
#1714 = ORIENTED_EDGE('',*,*,#1639,.T.);
#1715 = ORIENTED_EDGE('',*,*,#1691,.F.);
#1716 = PLANE('',#1717);
#1717 = AXIS2_PLACEMENT_3D('',#1718,#1719,#1720);
#1718 = CARTESIAN_POINT('',(12.,0.,26.));
#1719 = DIRECTION('',(0.,0.,1.));
#1720 = DIRECTION('',(1.,0.,-0.));
#1721 = ADVANCED_FACE('',(#1722),#1728,.T.);
#1722 = FACE_BOUND('',#1723,.T.);
#1723 = EDGE_LOOP('',(#1724,#1725,#1726,#1727));
#1724 = ORIENTED_EDGE('',*,*,#1615,.F.);
#1725 = ORIENTED_EDGE('',*,*,#1676,.T.);
#1726 = ORIENTED_EDGE('',*,*,#1655,.T.);
#1727 = ORIENTED_EDGE('',*,*,#1698,.F.);
#1728 = PLANE('',#1729);
#1729 = AXIS2_PLACEMENT_3D('',#1730,#1731,#1732);
#1730 = CARTESIAN_POINT('',(12.,0.,38.));
#1731 = DIRECTION('',(0.,0.,1.));
#1732 = DIRECTION('',(1.,0.,-0.));
#1733 = ( GEOMETRIC_REPRESENTATION_CONTEXT(3) 
GLOBAL_UNCERTAINTY_ASSIGNED_CONTEXT((#1737)) 
GLOBAL_UNIT_ASSIGNED_CONTEXT((#1734,#1735,#1736)) REPRESENTATION_CONTEXT
('Context #1','3D Context with UNIT and UNCERTAINTY') );
#1734 = ( LENGTH_UNIT() NAMED_UNIT(*) SI_UNIT(.MILLI.,.METRE.) );
#1735 = ( NAMED_UNIT(*) PLANE_ANGLE_UNIT() SI_UNIT($,.RADIAN.) );
#1736 = ( NAMED_UNIT(*) SI_UNIT($,.STERADIAN.) SOLID_ANGLE_UNIT() );
#1737 = UNCERTAINTY_MEASURE_WITH_UNIT(LENGTH_MEASURE(1.E-07),#1734,
  'distance_accuracy_value','confusion accuracy');
#1738 = CONTEXT_DEPENDENT_SHAPE_REPRESENTATION(#1739,#1741);
#1739 = ( REPRESENTATION_RELATIONSHIP('','',#1582,#10) 
REPRESENTATION_RELATIONSHIP_WITH_TRANSFORMATION(#1740) 
SHAPE_REPRESENTATION_RELATIONSHIP() );
#1740 = ITEM_DEFINED_TRANSFORMATION('','',#11,#35);
#1741 = PRODUCT_DEFINITION_SHAPE('Placement','Placement of an item',
  #1742);
#1742 = NEXT_ASSEMBLY_USAGE_OCCURRENCE('70','格栅下横梁','',#5,
  #1577,$);
#1743 = PRODUCT_RELATED_PRODUCT_CATEGORY('part',$,(#1579));
#1744 = SHAPE_DEFINITION_REPRESENTATION(#1745,#1751);
#1745 = PRODUCT_DEFINITION_SHAPE('','',#1746);
#1746 = PRODUCT_DEFINITION('design','',#1747,#1750);
#1747 = PRODUCT_DEFINITION_FORMATION('','',#1748);
#1748 = PRODUCT('透声布外观占位（非实心材料）',
  '透声布外观占位（非实心材料）','',(#1749));
#1749 = PRODUCT_CONTEXT('',#2,'mechanical');
#1750 = PRODUCT_DEFINITION_CONTEXT('part definition',#2,'design');
#1751 = ADVANCED_BREP_SHAPE_REPRESENTATION('',(#11,#1752),#1902);
#1752 = MANIFOLD_SOLID_BREP('',#1753);
#1753 = CLOSED_SHELL('',(#1754,#1794,#1825,#1856,#1878,#1890));
#1754 = ADVANCED_FACE('',(#1755),#1789,.T.);
#1755 = FACE_BOUND('',#1756,.T.);
#1756 = EDGE_LOOP('',(#1757,#1767,#1775,#1783));
#1757 = ORIENTED_EDGE('',*,*,#1758,.T.);
#1758 = EDGE_CURVE('',#1759,#1761,#1763,.T.);
#1759 = VERTEX_POINT('',#1760);
#1760 = CARTESIAN_POINT('',(12.,12.,38.));
#1761 = VERTEX_POINT('',#1762);
#1762 = CARTESIAN_POINT('',(438.,12.,38.));
#1763 = LINE('',#1764,#1765);
#1764 = CARTESIAN_POINT('',(12.,12.,38.));
#1765 = VECTOR('',#1766,1.);
#1766 = DIRECTION('',(1.,0.,0.));
#1767 = ORIENTED_EDGE('',*,*,#1768,.T.);
#1768 = EDGE_CURVE('',#1761,#1769,#1771,.T.);
#1769 = VERTEX_POINT('',#1770);
#1770 = CARTESIAN_POINT('',(438.,41.242772660962,128.));
#1771 = LINE('',#1772,#1773);
#1772 = CARTESIAN_POINT('',(438.,12.,38.));
#1773 = VECTOR('',#1774,1.);
#1774 = DIRECTION('',(0.,0.309016994375,0.951056516295));
#1775 = ORIENTED_EDGE('',*,*,#1776,.F.);
#1776 = EDGE_CURVE('',#1777,#1769,#1779,.T.);
#1777 = VERTEX_POINT('',#1778);
#1778 = CARTESIAN_POINT('',(12.,41.242772660962,128.));
#1779 = LINE('',#1780,#1781);
#1780 = CARTESIAN_POINT('',(12.,41.242772660962,128.));
#1781 = VECTOR('',#1782,1.);
#1782 = DIRECTION('',(1.,0.,0.));
#1783 = ORIENTED_EDGE('',*,*,#1784,.F.);
#1784 = EDGE_CURVE('',#1759,#1777,#1785,.T.);
#1785 = LINE('',#1786,#1787);
#1786 = CARTESIAN_POINT('',(12.,12.,38.));
#1787 = VECTOR('',#1788,1.);
#1788 = DIRECTION('',(0.,0.309016994375,0.951056516295));
#1789 = PLANE('',#1790);
#1790 = AXIS2_PLACEMENT_3D('',#1791,#1792,#1793);
#1791 = CARTESIAN_POINT('',(12.,12.,38.));
#1792 = DIRECTION('',(0.,-0.951056516295,0.309016994375));
#1793 = DIRECTION('',(0.,0.309016994375,0.951056516295));
#1794 = ADVANCED_FACE('',(#1795),#1820,.T.);
#1795 = FACE_BOUND('',#1796,.T.);
#1796 = EDGE_LOOP('',(#1797,#1798,#1806,#1814));
#1797 = ORIENTED_EDGE('',*,*,#1776,.T.);
#1798 = ORIENTED_EDGE('',*,*,#1799,.T.);
#1799 = EDGE_CURVE('',#1769,#1800,#1802,.T.);
#1800 = VERTEX_POINT('',#1801);
#1801 = CARTESIAN_POINT('',(438.,41.742772660962,128.));
#1802 = LINE('',#1803,#1804);
#1803 = CARTESIAN_POINT('',(438.,41.242772660962,128.));
#1804 = VECTOR('',#1805,1.);
#1805 = DIRECTION('',(0.,1.,0.));
#1806 = ORIENTED_EDGE('',*,*,#1807,.F.);
#1807 = EDGE_CURVE('',#1808,#1800,#1810,.T.);
#1808 = VERTEX_POINT('',#1809);
#1809 = CARTESIAN_POINT('',(12.,41.742772660962,128.));
#1810 = LINE('',#1811,#1812);
#1811 = CARTESIAN_POINT('',(12.,41.742772660962,128.));
#1812 = VECTOR('',#1813,1.);
#1813 = DIRECTION('',(1.,0.,0.));
#1814 = ORIENTED_EDGE('',*,*,#1815,.F.);
#1815 = EDGE_CURVE('',#1777,#1808,#1816,.T.);
#1816 = LINE('',#1817,#1818);
#1817 = CARTESIAN_POINT('',(12.,41.242772660962,128.));
#1818 = VECTOR('',#1819,1.);
#1819 = DIRECTION('',(0.,1.,0.));
#1820 = PLANE('',#1821);
#1821 = AXIS2_PLACEMENT_3D('',#1822,#1823,#1824);
#1822 = CARTESIAN_POINT('',(12.,41.242772660962,128.));
#1823 = DIRECTION('',(0.,0.,1.));
#1824 = DIRECTION('',(0.,1.,0.));
#1825 = ADVANCED_FACE('',(#1826),#1851,.T.);
#1826 = FACE_BOUND('',#1827,.T.);
#1827 = EDGE_LOOP('',(#1828,#1829,#1837,#1845));
#1828 = ORIENTED_EDGE('',*,*,#1807,.T.);
#1829 = ORIENTED_EDGE('',*,*,#1830,.T.);
#1830 = EDGE_CURVE('',#1800,#1831,#1833,.T.);
#1831 = VERTEX_POINT('',#1832);
#1832 = CARTESIAN_POINT('',(438.,12.5,38.));
#1833 = LINE('',#1834,#1835);
#1834 = CARTESIAN_POINT('',(438.,41.742772660962,128.));
#1835 = VECTOR('',#1836,1.);
#1836 = DIRECTION('',(0.,-0.309016994375,-0.951056516295));
#1837 = ORIENTED_EDGE('',*,*,#1838,.F.);
#1838 = EDGE_CURVE('',#1839,#1831,#1841,.T.);
#1839 = VERTEX_POINT('',#1840);
#1840 = CARTESIAN_POINT('',(12.,12.5,38.));
#1841 = LINE('',#1842,#1843);
#1842 = CARTESIAN_POINT('',(12.,12.5,38.));
#1843 = VECTOR('',#1844,1.);
#1844 = DIRECTION('',(1.,0.,0.));
#1845 = ORIENTED_EDGE('',*,*,#1846,.F.);
#1846 = EDGE_CURVE('',#1808,#1839,#1847,.T.);
#1847 = LINE('',#1848,#1849);
#1848 = CARTESIAN_POINT('',(12.,41.742772660962,128.));
#1849 = VECTOR('',#1850,1.);
#1850 = DIRECTION('',(0.,-0.309016994375,-0.951056516295));
#1851 = PLANE('',#1852);
#1852 = AXIS2_PLACEMENT_3D('',#1853,#1854,#1855);
#1853 = CARTESIAN_POINT('',(12.,41.742772660962,128.));
#1854 = DIRECTION('',(0.,0.951056516295,-0.309016994375));
#1855 = DIRECTION('',(0.,-0.309016994375,-0.951056516295));
#1856 = ADVANCED_FACE('',(#1857),#1873,.T.);
#1857 = FACE_BOUND('',#1858,.T.);
#1858 = EDGE_LOOP('',(#1859,#1860,#1866,#1867));
#1859 = ORIENTED_EDGE('',*,*,#1838,.T.);
#1860 = ORIENTED_EDGE('',*,*,#1861,.T.);
#1861 = EDGE_CURVE('',#1831,#1761,#1862,.T.);
#1862 = LINE('',#1863,#1864);
#1863 = CARTESIAN_POINT('',(438.,12.5,38.));
#1864 = VECTOR('',#1865,1.);
#1865 = DIRECTION('',(0.,-1.,0.));
#1866 = ORIENTED_EDGE('',*,*,#1758,.F.);
#1867 = ORIENTED_EDGE('',*,*,#1868,.F.);
#1868 = EDGE_CURVE('',#1839,#1759,#1869,.T.);
#1869 = LINE('',#1870,#1871);
#1870 = CARTESIAN_POINT('',(12.,12.5,38.));
#1871 = VECTOR('',#1872,1.);
#1872 = DIRECTION('',(0.,-1.,0.));
#1873 = PLANE('',#1874);
#1874 = AXIS2_PLACEMENT_3D('',#1875,#1876,#1877);
#1875 = CARTESIAN_POINT('',(12.,12.5,38.));
#1876 = DIRECTION('',(0.,0.,-1.));
#1877 = DIRECTION('',(0.,-1.,0.));
#1878 = ADVANCED_FACE('',(#1879),#1885,.T.);
#1879 = FACE_BOUND('',#1880,.T.);
#1880 = EDGE_LOOP('',(#1881,#1882,#1883,#1884));
#1881 = ORIENTED_EDGE('',*,*,#1784,.T.);
#1882 = ORIENTED_EDGE('',*,*,#1815,.T.);
#1883 = ORIENTED_EDGE('',*,*,#1846,.T.);
#1884 = ORIENTED_EDGE('',*,*,#1868,.T.);
#1885 = PLANE('',#1886);
#1886 = AXIS2_PLACEMENT_3D('',#1887,#1888,#1889);
#1887 = CARTESIAN_POINT('',(12.,26.871386330481,83.));
#1888 = DIRECTION('',(-1.,-0.,-0.));
#1889 = DIRECTION('',(0.,0.,-1.));
#1890 = ADVANCED_FACE('',(#1891),#1897,.F.);
#1891 = FACE_BOUND('',#1892,.F.);
#1892 = EDGE_LOOP('',(#1893,#1894,#1895,#1896));
#1893 = ORIENTED_EDGE('',*,*,#1768,.T.);
#1894 = ORIENTED_EDGE('',*,*,#1799,.T.);
#1895 = ORIENTED_EDGE('',*,*,#1830,.T.);
#1896 = ORIENTED_EDGE('',*,*,#1861,.T.);
#1897 = PLANE('',#1898);
#1898 = AXIS2_PLACEMENT_3D('',#1899,#1900,#1901);
#1899 = CARTESIAN_POINT('',(438.,26.871386330481,83.));
#1900 = DIRECTION('',(-1.,-0.,-0.));
#1901 = DIRECTION('',(0.,0.,-1.));
#1902 = ( GEOMETRIC_REPRESENTATION_CONTEXT(3) 
GLOBAL_UNCERTAINTY_ASSIGNED_CONTEXT((#1906)) 
GLOBAL_UNIT_ASSIGNED_CONTEXT((#1903,#1904,#1905)) REPRESENTATION_CONTEXT
('Context #1','3D Context with UNIT and UNCERTAINTY') );
#1903 = ( LENGTH_UNIT() NAMED_UNIT(*) SI_UNIT(.MILLI.,.METRE.) );
#1904 = ( NAMED_UNIT(*) PLANE_ANGLE_UNIT() SI_UNIT($,.RADIAN.) );
#1905 = ( NAMED_UNIT(*) SI_UNIT($,.STERADIAN.) SOLID_ANGLE_UNIT() );
#1906 = UNCERTAINTY_MEASURE_WITH_UNIT(LENGTH_MEASURE(1.E-07),#1903,
  'distance_accuracy_value','confusion accuracy');
#1907 = CONTEXT_DEPENDENT_SHAPE_REPRESENTATION(#1908,#1910);
#1908 = ( REPRESENTATION_RELATIONSHIP('','',#1751,#10) 
REPRESENTATION_RELATIONSHIP_WITH_TRANSFORMATION(#1909) 
SHAPE_REPRESENTATION_RELATIONSHIP() );
#1909 = ITEM_DEFINED_TRANSFORMATION('','',#11,#39);
#1910 = PRODUCT_DEFINITION_SHAPE('Placement','Placement of an item',
  #1911);
#1911 = NEXT_ASSEMBLY_USAGE_OCCURRENCE('71',
  '透声布外观占位（非实心材料）','',#5,#1746,$);
#1912 = PRODUCT_RELATED_PRODUCT_CATEGORY('part',$,(#1748));
#1913 = SHAPE_DEFINITION_REPRESENTATION(#1914,#1920);
#1914 = PRODUCT_DEFINITION_SHAPE('','',#1915);
#1915 = PRODUCT_DEFINITION('design','',#1916,#1919);
#1916 = PRODUCT_DEFINITION_FORMATION('','',#1917);
#1917 = PRODUCT('横向木格栅 01','横向木格栅 01','',(#1918));
#1918 = PRODUCT_CONTEXT('',#2,'mechanical');
#1919 = PRODUCT_DEFINITION_CONTEXT('part definition',#2,'design');
#1920 = ADVANCED_BREP_SHAPE_REPRESENTATION('',(#11,#1921),#2071);
#1921 = MANIFOLD_SOLID_BREP('',#1922);
#1922 = CLOSED_SHELL('',(#1923,#1963,#1994,#2025,#2047,#2059));
#1923 = ADVANCED_FACE('',(#1924),#1958,.T.);
#1924 = FACE_BOUND('',#1925,.T.);
#1925 = EDGE_LOOP('',(#1926,#1936,#1944,#1952));
#1926 = ORIENTED_EDGE('',*,*,#1927,.T.);
#1927 = EDGE_CURVE('',#1928,#1930,#1932,.T.);
#1928 = VERTEX_POINT('',#1929);
#1929 = CARTESIAN_POINT('',(12.,8.649839392466,40.));
#1930 = VERTEX_POINT('',#1931);
#1931 = CARTESIAN_POINT('',(438.,8.649839392466,40.));
#1932 = LINE('',#1933,#1934);
#1933 = CARTESIAN_POINT('',(12.,8.649839392466,40.));
#1934 = VECTOR('',#1935,1.);
#1935 = DIRECTION('',(1.,0.,0.));
#1936 = ORIENTED_EDGE('',*,*,#1937,.T.);
#1937 = EDGE_CURVE('',#1930,#1938,#1940,.T.);
#1938 = VERTEX_POINT('',#1939);
#1939 = CARTESIAN_POINT('',(438.,10.81295835309,46.657395614066));
#1940 = LINE('',#1941,#1942);
#1941 = CARTESIAN_POINT('',(438.,8.649839392466,40.));
#1942 = VECTOR('',#1943,1.);
#1943 = DIRECTION('',(0.,0.309016994375,0.951056516295));
#1944 = ORIENTED_EDGE('',*,*,#1945,.F.);
#1945 = EDGE_CURVE('',#1946,#1938,#1948,.T.);
#1946 = VERTEX_POINT('',#1947);
#1947 = CARTESIAN_POINT('',(12.,10.81295835309,46.657395614066));
#1948 = LINE('',#1949,#1950);
#1949 = CARTESIAN_POINT('',(12.,10.81295835309,46.657395614066));
#1950 = VECTOR('',#1951,1.);
#1951 = DIRECTION('',(1.,0.,0.));
#1952 = ORIENTED_EDGE('',*,*,#1953,.F.);
#1953 = EDGE_CURVE('',#1928,#1946,#1954,.T.);
#1954 = LINE('',#1955,#1956);
#1955 = CARTESIAN_POINT('',(12.,8.649839392466,40.));
#1956 = VECTOR('',#1957,1.);
#1957 = DIRECTION('',(0.,0.309016994375,0.951056516295));
#1958 = PLANE('',#1959);
#1959 = AXIS2_PLACEMENT_3D('',#1960,#1961,#1962);
#1960 = CARTESIAN_POINT('',(12.,8.649839392466,40.));
#1961 = DIRECTION('',(0.,-0.951056516295,0.309016994375));
#1962 = DIRECTION('',(0.,0.309016994375,0.951056516295));
#1963 = ADVANCED_FACE('',(#1964),#1989,.T.);
#1964 = FACE_BOUND('',#1965,.T.);
#1965 = EDGE_LOOP('',(#1966,#1967,#1975,#1983));
#1966 = ORIENTED_EDGE('',*,*,#1945,.T.);
#1967 = ORIENTED_EDGE('',*,*,#1968,.T.);
#1968 = EDGE_CURVE('',#1938,#1969,#1971,.T.);
#1969 = VERTEX_POINT('',#1970);
#1970 = CARTESIAN_POINT('',(438.,13.666127901976,45.730344630941));
#1971 = LINE('',#1972,#1973);
#1972 = CARTESIAN_POINT('',(438.,10.81295835309,46.657395614066));
#1973 = VECTOR('',#1974,1.);
#1974 = DIRECTION('',(0.,0.951056516295,-0.309016994375));
#1975 = ORIENTED_EDGE('',*,*,#1976,.F.);
#1976 = EDGE_CURVE('',#1977,#1969,#1979,.T.);
#1977 = VERTEX_POINT('',#1978);
#1978 = CARTESIAN_POINT('',(12.,13.666127901976,45.730344630941));
#1979 = LINE('',#1980,#1981);
#1980 = CARTESIAN_POINT('',(12.,13.666127901976,45.730344630941));
#1981 = VECTOR('',#1982,1.);
#1982 = DIRECTION('',(1.,0.,0.));
#1983 = ORIENTED_EDGE('',*,*,#1984,.F.);
#1984 = EDGE_CURVE('',#1946,#1977,#1985,.T.);
#1985 = LINE('',#1986,#1987);
#1986 = CARTESIAN_POINT('',(12.,10.81295835309,46.657395614066));
#1987 = VECTOR('',#1988,1.);
#1988 = DIRECTION('',(0.,0.951056516295,-0.309016994375));
#1989 = PLANE('',#1990);
#1990 = AXIS2_PLACEMENT_3D('',#1991,#1992,#1993);
#1991 = CARTESIAN_POINT('',(12.,10.81295835309,46.657395614066));
#1992 = DIRECTION('',(-0.,0.309016994375,0.951056516295));
#1993 = DIRECTION('',(0.,0.951056516295,-0.309016994375));
#1994 = ADVANCED_FACE('',(#1995),#2020,.T.);
#1995 = FACE_BOUND('',#1996,.T.);
#1996 = EDGE_LOOP('',(#1997,#1998,#2006,#2014));
#1997 = ORIENTED_EDGE('',*,*,#1976,.T.);
#1998 = ORIENTED_EDGE('',*,*,#1999,.T.);
#1999 = EDGE_CURVE('',#1969,#2000,#2002,.T.);
#2000 = VERTEX_POINT('',#2001);
#2001 = CARTESIAN_POINT('',(438.,11.503008941351,39.072949016875));
#2002 = LINE('',#2003,#2004);
#2003 = CARTESIAN_POINT('',(438.,13.666127901976,45.730344630941));
#2004 = VECTOR('',#2005,1.);
#2005 = DIRECTION('',(0.,-0.309016994375,-0.951056516295));
#2006 = ORIENTED_EDGE('',*,*,#2007,.F.);
#2007 = EDGE_CURVE('',#2008,#2000,#2010,.T.);
#2008 = VERTEX_POINT('',#2009);
#2009 = CARTESIAN_POINT('',(12.,11.503008941351,39.072949016875));
#2010 = LINE('',#2011,#2012);
#2011 = CARTESIAN_POINT('',(12.,11.503008941351,39.072949016875));
#2012 = VECTOR('',#2013,1.);
#2013 = DIRECTION('',(1.,0.,0.));
#2014 = ORIENTED_EDGE('',*,*,#2015,.F.);
#2015 = EDGE_CURVE('',#1977,#2008,#2016,.T.);
#2016 = LINE('',#2017,#2018);
#2017 = CARTESIAN_POINT('',(12.,13.666127901976,45.730344630941));
#2018 = VECTOR('',#2019,1.);
#2019 = DIRECTION('',(0.,-0.309016994375,-0.951056516295));
#2020 = PLANE('',#2021);
#2021 = AXIS2_PLACEMENT_3D('',#2022,#2023,#2024);
#2022 = CARTESIAN_POINT('',(12.,13.666127901976,45.730344630941));
#2023 = DIRECTION('',(0.,0.951056516295,-0.309016994375));
#2024 = DIRECTION('',(0.,-0.309016994375,-0.951056516295));
#2025 = ADVANCED_FACE('',(#2026),#2042,.T.);
#2026 = FACE_BOUND('',#2027,.T.);
#2027 = EDGE_LOOP('',(#2028,#2029,#2035,#2036));
#2028 = ORIENTED_EDGE('',*,*,#2007,.T.);
#2029 = ORIENTED_EDGE('',*,*,#2030,.T.);
#2030 = EDGE_CURVE('',#2000,#1930,#2031,.T.);
#2031 = LINE('',#2032,#2033);
#2032 = CARTESIAN_POINT('',(438.,11.503008941351,39.072949016875));
#2033 = VECTOR('',#2034,1.);
#2034 = DIRECTION('',(0.,-0.951056516295,0.309016994375));
#2035 = ORIENTED_EDGE('',*,*,#1927,.F.);
#2036 = ORIENTED_EDGE('',*,*,#2037,.F.);
#2037 = EDGE_CURVE('',#2008,#1928,#2038,.T.);
#2038 = LINE('',#2039,#2040);
#2039 = CARTESIAN_POINT('',(12.,11.503008941351,39.072949016875));
#2040 = VECTOR('',#2041,1.);
#2041 = DIRECTION('',(0.,-0.951056516295,0.309016994375));
#2042 = PLANE('',#2043);
#2043 = AXIS2_PLACEMENT_3D('',#2044,#2045,#2046);
#2044 = CARTESIAN_POINT('',(12.,11.503008941351,39.072949016875));
#2045 = DIRECTION('',(0.,-0.309016994375,-0.951056516295));
#2046 = DIRECTION('',(0.,-0.951056516295,0.309016994375));
#2047 = ADVANCED_FACE('',(#2048),#2054,.T.);
#2048 = FACE_BOUND('',#2049,.T.);
#2049 = EDGE_LOOP('',(#2050,#2051,#2052,#2053));
#2050 = ORIENTED_EDGE('',*,*,#1953,.T.);
#2051 = ORIENTED_EDGE('',*,*,#1984,.T.);
#2052 = ORIENTED_EDGE('',*,*,#2015,.T.);
#2053 = ORIENTED_EDGE('',*,*,#2037,.T.);
#2054 = PLANE('',#2055);
#2055 = AXIS2_PLACEMENT_3D('',#2056,#2057,#2058);
#2056 = CARTESIAN_POINT('',(12.,11.157983647221,42.865172315471));
#2057 = DIRECTION('',(-1.,-0.,-0.));
#2058 = DIRECTION('',(0.,0.,-1.));
#2059 = ADVANCED_FACE('',(#2060),#2066,.F.);
#2060 = FACE_BOUND('',#2061,.F.);
#2061 = EDGE_LOOP('',(#2062,#2063,#2064,#2065));
#2062 = ORIENTED_EDGE('',*,*,#1937,.T.);
#2063 = ORIENTED_EDGE('',*,*,#1968,.T.);
#2064 = ORIENTED_EDGE('',*,*,#1999,.T.);
#2065 = ORIENTED_EDGE('',*,*,#2030,.T.);
#2066 = PLANE('',#2067);
#2067 = AXIS2_PLACEMENT_3D('',#2068,#2069,#2070);
#2068 = CARTESIAN_POINT('',(438.,11.157983647221,42.865172315471));
#2069 = DIRECTION('',(-1.,-0.,-0.));
#2070 = DIRECTION('',(0.,0.,-1.));
#2071 = ( GEOMETRIC_REPRESENTATION_CONTEXT(3) 
GLOBAL_UNCERTAINTY_ASSIGNED_CONTEXT((#2075)) 
GLOBAL_UNIT_ASSIGNED_CONTEXT((#2072,#2073,#2074)) REPRESENTATION_CONTEXT
('Context #1','3D Context with UNIT and UNCERTAINTY') );
#2072 = ( LENGTH_UNIT() NAMED_UNIT(*) SI_UNIT(.MILLI.,.METRE.) );
#2073 = ( NAMED_UNIT(*) PLANE_ANGLE_UNIT() SI_UNIT($,.RADIAN.) );
#2074 = ( NAMED_UNIT(*) SI_UNIT($,.STERADIAN.) SOLID_ANGLE_UNIT() );
#2075 = UNCERTAINTY_MEASURE_WITH_UNIT(LENGTH_MEASURE(1.E-07),#2072,
  'distance_accuracy_value','confusion accuracy');
#2076 = CONTEXT_DEPENDENT_SHAPE_REPRESENTATION(#2077,#2079);
#2077 = ( REPRESENTATION_RELATIONSHIP('','',#1920,#10) 
REPRESENTATION_RELATIONSHIP_WITH_TRANSFORMATION(#2078) 
SHAPE_REPRESENTATION_RELATIONSHIP() );
#2078 = ITEM_DEFINED_TRANSFORMATION('','',#11,#43);
#2079 = PRODUCT_DEFINITION_SHAPE('Placement','Placement of an item',
  #2080);
#2080 = NEXT_ASSEMBLY_USAGE_OCCURRENCE('72','横向木格栅 01','',#5,
  #1915,$);
#2081 = PRODUCT_RELATED_PRODUCT_CATEGORY('part',$,(#1917));
#2082 = SHAPE_DEFINITION_REPRESENTATION(#2083,#2089);
#2083 = PRODUCT_DEFINITION_SHAPE('','',#2084);
#2084 = PRODUCT_DEFINITION('design','',#2085,#2088);
#2085 = PRODUCT_DEFINITION_FORMATION('','',#2086);
#2086 = PRODUCT('横向木格栅 02','横向木格栅 02','',(#2087));
#2087 = PRODUCT_CONTEXT('',#2,'mechanical');
#2088 = PRODUCT_DEFINITION_CONTEXT('part definition',#2,'design');
#2089 = ADVANCED_BREP_SHAPE_REPRESENTATION('',(#11,#2090),#2240);
#2090 = MANIFOLD_SOLID_BREP('',#2091);
#2091 = CLOSED_SHELL('',(#2092,#2132,#2163,#2194,#2216,#2228));
#2092 = ADVANCED_FACE('',(#2093),#2127,.T.);
#2093 = FACE_BOUND('',#2094,.T.);
#2094 = EDGE_LOOP('',(#2095,#2105,#2113,#2121));
#2095 = ORIENTED_EDGE('',*,*,#2096,.T.);
#2096 = EDGE_CURVE('',#2097,#2099,#2101,.T.);
#2097 = VERTEX_POINT('',#2098);
#2098 = CARTESIAN_POINT('',(12.,12.223956051028,51.));
#2099 = VERTEX_POINT('',#2100);
#2100 = CARTESIAN_POINT('',(438.,12.223956051028,51.));
#2101 = LINE('',#2102,#2103);
#2102 = CARTESIAN_POINT('',(12.,12.223956051028,51.));
#2103 = VECTOR('',#2104,1.);
#2104 = DIRECTION('',(1.,0.,0.));
#2105 = ORIENTED_EDGE('',*,*,#2106,.T.);
#2106 = EDGE_CURVE('',#2099,#2107,#2109,.T.);
#2107 = VERTEX_POINT('',#2108);
#2108 = CARTESIAN_POINT('',(438.,14.387075011652,57.657395614066));
#2109 = LINE('',#2110,#2111);
#2110 = CARTESIAN_POINT('',(438.,12.223956051028,51.));
#2111 = VECTOR('',#2112,1.);
#2112 = DIRECTION('',(0.,0.309016994375,0.951056516295));
#2113 = ORIENTED_EDGE('',*,*,#2114,.F.);
#2114 = EDGE_CURVE('',#2115,#2107,#2117,.T.);
#2115 = VERTEX_POINT('',#2116);
#2116 = CARTESIAN_POINT('',(12.,14.387075011652,57.657395614066));
#2117 = LINE('',#2118,#2119);
#2118 = CARTESIAN_POINT('',(12.,14.387075011652,57.657395614066));
#2119 = VECTOR('',#2120,1.);
#2120 = DIRECTION('',(1.,0.,0.));
#2121 = ORIENTED_EDGE('',*,*,#2122,.F.);
#2122 = EDGE_CURVE('',#2097,#2115,#2123,.T.);
#2123 = LINE('',#2124,#2125);
#2124 = CARTESIAN_POINT('',(12.,12.223956051028,51.));
#2125 = VECTOR('',#2126,1.);
#2126 = DIRECTION('',(0.,0.309016994375,0.951056516295));
#2127 = PLANE('',#2128);
#2128 = AXIS2_PLACEMENT_3D('',#2129,#2130,#2131);
#2129 = CARTESIAN_POINT('',(12.,12.223956051028,51.));
#2130 = DIRECTION('',(0.,-0.951056516295,0.309016994375));
#2131 = DIRECTION('',(0.,0.309016994375,0.951056516295));
#2132 = ADVANCED_FACE('',(#2133),#2158,.T.);
#2133 = FACE_BOUND('',#2134,.T.);
#2134 = EDGE_LOOP('',(#2135,#2136,#2144,#2152));
#2135 = ORIENTED_EDGE('',*,*,#2114,.T.);
#2136 = ORIENTED_EDGE('',*,*,#2137,.T.);
#2137 = EDGE_CURVE('',#2107,#2138,#2140,.T.);
#2138 = VERTEX_POINT('',#2139);
#2139 = CARTESIAN_POINT('',(438.,17.240244560538,56.730344630941));
#2140 = LINE('',#2141,#2142);
#2141 = CARTESIAN_POINT('',(438.,14.387075011652,57.657395614066));
#2142 = VECTOR('',#2143,1.);
#2143 = DIRECTION('',(0.,0.951056516295,-0.309016994375));
#2144 = ORIENTED_EDGE('',*,*,#2145,.F.);
#2145 = EDGE_CURVE('',#2146,#2138,#2148,.T.);
#2146 = VERTEX_POINT('',#2147);
#2147 = CARTESIAN_POINT('',(12.,17.240244560538,56.730344630941));
#2148 = LINE('',#2149,#2150);
#2149 = CARTESIAN_POINT('',(12.,17.240244560538,56.730344630941));
#2150 = VECTOR('',#2151,1.);
#2151 = DIRECTION('',(1.,0.,0.));
#2152 = ORIENTED_EDGE('',*,*,#2153,.F.);
#2153 = EDGE_CURVE('',#2115,#2146,#2154,.T.);
#2154 = LINE('',#2155,#2156);
#2155 = CARTESIAN_POINT('',(12.,14.387075011652,57.657395614066));
#2156 = VECTOR('',#2157,1.);
#2157 = DIRECTION('',(0.,0.951056516295,-0.309016994375));
#2158 = PLANE('',#2159);
#2159 = AXIS2_PLACEMENT_3D('',#2160,#2161,#2162);
#2160 = CARTESIAN_POINT('',(12.,14.387075011652,57.657395614066));
#2161 = DIRECTION('',(-0.,0.309016994375,0.951056516295));
#2162 = DIRECTION('',(0.,0.951056516295,-0.309016994375));
#2163 = ADVANCED_FACE('',(#2164),#2189,.T.);
#2164 = FACE_BOUND('',#2165,.T.);
#2165 = EDGE_LOOP('',(#2166,#2167,#2175,#2183));
#2166 = ORIENTED_EDGE('',*,*,#2145,.T.);
#2167 = ORIENTED_EDGE('',*,*,#2168,.T.);
#2168 = EDGE_CURVE('',#2138,#2169,#2171,.T.);
#2169 = VERTEX_POINT('',#2170);
#2170 = CARTESIAN_POINT('',(438.,15.077125599913,50.072949016875));
#2171 = LINE('',#2172,#2173);
#2172 = CARTESIAN_POINT('',(438.,17.240244560538,56.730344630941));
#2173 = VECTOR('',#2174,1.);
#2174 = DIRECTION('',(0.,-0.309016994375,-0.951056516295));
#2175 = ORIENTED_EDGE('',*,*,#2176,.F.);
#2176 = EDGE_CURVE('',#2177,#2169,#2179,.T.);
#2177 = VERTEX_POINT('',#2178);
#2178 = CARTESIAN_POINT('',(12.,15.077125599913,50.072949016875));
#2179 = LINE('',#2180,#2181);
#2180 = CARTESIAN_POINT('',(12.,15.077125599913,50.072949016875));
#2181 = VECTOR('',#2182,1.);
#2182 = DIRECTION('',(1.,0.,0.));
#2183 = ORIENTED_EDGE('',*,*,#2184,.F.);
#2184 = EDGE_CURVE('',#2146,#2177,#2185,.T.);
#2185 = LINE('',#2186,#2187);
#2186 = CARTESIAN_POINT('',(12.,17.240244560538,56.730344630941));
#2187 = VECTOR('',#2188,1.);
#2188 = DIRECTION('',(0.,-0.309016994375,-0.951056516295));
#2189 = PLANE('',#2190);
#2190 = AXIS2_PLACEMENT_3D('',#2191,#2192,#2193);
#2191 = CARTESIAN_POINT('',(12.,17.240244560538,56.730344630941));
#2192 = DIRECTION('',(0.,0.951056516295,-0.309016994375));
#2193 = DIRECTION('',(0.,-0.309016994375,-0.951056516295));
#2194 = ADVANCED_FACE('',(#2195),#2211,.T.);
#2195 = FACE_BOUND('',#2196,.T.);
#2196 = EDGE_LOOP('',(#2197,#2198,#2204,#2205));
#2197 = ORIENTED_EDGE('',*,*,#2176,.T.);
#2198 = ORIENTED_EDGE('',*,*,#2199,.T.);
#2199 = EDGE_CURVE('',#2169,#2099,#2200,.T.);
#2200 = LINE('',#2201,#2202);
#2201 = CARTESIAN_POINT('',(438.,15.077125599913,50.072949016875));
#2202 = VECTOR('',#2203,1.);
#2203 = DIRECTION('',(0.,-0.951056516295,0.309016994375));
#2204 = ORIENTED_EDGE('',*,*,#2096,.F.);
#2205 = ORIENTED_EDGE('',*,*,#2206,.F.);
#2206 = EDGE_CURVE('',#2177,#2097,#2207,.T.);
#2207 = LINE('',#2208,#2209);
#2208 = CARTESIAN_POINT('',(12.,15.077125599913,50.072949016875));
#2209 = VECTOR('',#2210,1.);
#2210 = DIRECTION('',(0.,-0.951056516295,0.309016994375));
#2211 = PLANE('',#2212);
#2212 = AXIS2_PLACEMENT_3D('',#2213,#2214,#2215);
#2213 = CARTESIAN_POINT('',(12.,15.077125599913,50.072949016875));
#2214 = DIRECTION('',(0.,-0.309016994375,-0.951056516295));
#2215 = DIRECTION('',(0.,-0.951056516295,0.309016994375));
#2216 = ADVANCED_FACE('',(#2217),#2223,.T.);
#2217 = FACE_BOUND('',#2218,.T.);
#2218 = EDGE_LOOP('',(#2219,#2220,#2221,#2222));
#2219 = ORIENTED_EDGE('',*,*,#2122,.T.);
#2220 = ORIENTED_EDGE('',*,*,#2153,.T.);
#2221 = ORIENTED_EDGE('',*,*,#2184,.T.);
#2222 = ORIENTED_EDGE('',*,*,#2206,.T.);
#2223 = PLANE('',#2224);
#2224 = AXIS2_PLACEMENT_3D('',#2225,#2226,#2227);
#2225 = CARTESIAN_POINT('',(12.,14.732100305783,53.865172315471));
#2226 = DIRECTION('',(-1.,-0.,-0.));
#2227 = DIRECTION('',(0.,0.,-1.));
#2228 = ADVANCED_FACE('',(#2229),#2235,.F.);
#2229 = FACE_BOUND('',#2230,.F.);
#2230 = EDGE_LOOP('',(#2231,#2232,#2233,#2234));
#2231 = ORIENTED_EDGE('',*,*,#2106,.T.);
#2232 = ORIENTED_EDGE('',*,*,#2137,.T.);
#2233 = ORIENTED_EDGE('',*,*,#2168,.T.);
#2234 = ORIENTED_EDGE('',*,*,#2199,.T.);
#2235 = PLANE('',#2236);
#2236 = AXIS2_PLACEMENT_3D('',#2237,#2238,#2239);
#2237 = CARTESIAN_POINT('',(438.,14.732100305783,53.865172315471));
#2238 = DIRECTION('',(-1.,-0.,-0.));
#2239 = DIRECTION('',(0.,0.,-1.));
#2240 = ( GEOMETRIC_REPRESENTATION_CONTEXT(3) 
GLOBAL_UNCERTAINTY_ASSIGNED_CONTEXT((#2244)) 
GLOBAL_UNIT_ASSIGNED_CONTEXT((#2241,#2242,#2243)) REPRESENTATION_CONTEXT
('Context #1','3D Context with UNIT and UNCERTAINTY') );
#2241 = ( LENGTH_UNIT() NAMED_UNIT(*) SI_UNIT(.MILLI.,.METRE.) );
#2242 = ( NAMED_UNIT(*) PLANE_ANGLE_UNIT() SI_UNIT($,.RADIAN.) );
#2243 = ( NAMED_UNIT(*) SI_UNIT($,.STERADIAN.) SOLID_ANGLE_UNIT() );
#2244 = UNCERTAINTY_MEASURE_WITH_UNIT(LENGTH_MEASURE(1.E-07),#2241,
  'distance_accuracy_value','confusion accuracy');
#2245 = CONTEXT_DEPENDENT_SHAPE_REPRESENTATION(#2246,#2248);
#2246 = ( REPRESENTATION_RELATIONSHIP('','',#2089,#10) 
REPRESENTATION_RELATIONSHIP_WITH_TRANSFORMATION(#2247) 
SHAPE_REPRESENTATION_RELATIONSHIP() );
#2247 = ITEM_DEFINED_TRANSFORMATION('','',#11,#47);
#2248 = PRODUCT_DEFINITION_SHAPE('Placement','Placement of an item',
  #2249);
#2249 = NEXT_ASSEMBLY_USAGE_OCCURRENCE('73','横向木格栅 02','',#5,
  #2084,$);
#2250 = PRODUCT_RELATED_PRODUCT_CATEGORY('part',$,(#2086));
#2251 = SHAPE_DEFINITION_REPRESENTATION(#2252,#2258);
#2252 = PRODUCT_DEFINITION_SHAPE('','',#2253);
#2253 = PRODUCT_DEFINITION('design','',#2254,#2257);
#2254 = PRODUCT_DEFINITION_FORMATION('','',#2255);
#2255 = PRODUCT('横向木格栅 03','横向木格栅 03','',(#2256));
#2256 = PRODUCT_CONTEXT('',#2,'mechanical');
#2257 = PRODUCT_DEFINITION_CONTEXT('part definition',#2,'design');
#2258 = ADVANCED_BREP_SHAPE_REPRESENTATION('',(#11,#2259),#2409);
#2259 = MANIFOLD_SOLID_BREP('',#2260);
#2260 = CLOSED_SHELL('',(#2261,#2301,#2332,#2363,#2385,#2397));
#2261 = ADVANCED_FACE('',(#2262),#2296,.T.);
#2262 = FACE_BOUND('',#2263,.T.);
#2263 = EDGE_LOOP('',(#2264,#2274,#2282,#2290));
#2264 = ORIENTED_EDGE('',*,*,#2265,.T.);
#2265 = EDGE_CURVE('',#2266,#2268,#2270,.T.);
#2266 = VERTEX_POINT('',#2267);
#2267 = CARTESIAN_POINT('',(12.,15.79807270959,62.));
#2268 = VERTEX_POINT('',#2269);
#2269 = CARTESIAN_POINT('',(438.,15.79807270959,62.));
#2270 = LINE('',#2271,#2272);
#2271 = CARTESIAN_POINT('',(12.,15.79807270959,62.));
#2272 = VECTOR('',#2273,1.);
#2273 = DIRECTION('',(1.,0.,0.));
#2274 = ORIENTED_EDGE('',*,*,#2275,.T.);
#2275 = EDGE_CURVE('',#2268,#2276,#2278,.T.);
#2276 = VERTEX_POINT('',#2277);
#2277 = CARTESIAN_POINT('',(438.,17.961191670214,68.657395614066));
#2278 = LINE('',#2279,#2280);
#2279 = CARTESIAN_POINT('',(438.,15.79807270959,62.));
#2280 = VECTOR('',#2281,1.);
#2281 = DIRECTION('',(0.,0.309016994375,0.951056516295));
#2282 = ORIENTED_EDGE('',*,*,#2283,.F.);
#2283 = EDGE_CURVE('',#2284,#2276,#2286,.T.);
#2284 = VERTEX_POINT('',#2285);
#2285 = CARTESIAN_POINT('',(12.,17.961191670214,68.657395614066));
#2286 = LINE('',#2287,#2288);
#2287 = CARTESIAN_POINT('',(12.,17.961191670214,68.657395614066));
#2288 = VECTOR('',#2289,1.);
#2289 = DIRECTION('',(1.,0.,0.));
#2290 = ORIENTED_EDGE('',*,*,#2291,.F.);
#2291 = EDGE_CURVE('',#2266,#2284,#2292,.T.);
#2292 = LINE('',#2293,#2294);
#2293 = CARTESIAN_POINT('',(12.,15.79807270959,62.));
#2294 = VECTOR('',#2295,1.);
#2295 = DIRECTION('',(0.,0.309016994375,0.951056516295));
#2296 = PLANE('',#2297);
#2297 = AXIS2_PLACEMENT_3D('',#2298,#2299,#2300);
#2298 = CARTESIAN_POINT('',(12.,15.79807270959,62.));
#2299 = DIRECTION('',(0.,-0.951056516295,0.309016994375));
#2300 = DIRECTION('',(0.,0.309016994375,0.951056516295));
#2301 = ADVANCED_FACE('',(#2302),#2327,.T.);
#2302 = FACE_BOUND('',#2303,.T.);
#2303 = EDGE_LOOP('',(#2304,#2305,#2313,#2321));
#2304 = ORIENTED_EDGE('',*,*,#2283,.T.);
#2305 = ORIENTED_EDGE('',*,*,#2306,.T.);
#2306 = EDGE_CURVE('',#2276,#2307,#2309,.T.);
#2307 = VERTEX_POINT('',#2308);
#2308 = CARTESIAN_POINT('',(438.,20.8143612191,67.730344630941));
#2309 = LINE('',#2310,#2311);
#2310 = CARTESIAN_POINT('',(438.,17.961191670214,68.657395614066));
#2311 = VECTOR('',#2312,1.);
#2312 = DIRECTION('',(0.,0.951056516295,-0.309016994375));
#2313 = ORIENTED_EDGE('',*,*,#2314,.F.);
#2314 = EDGE_CURVE('',#2315,#2307,#2317,.T.);
#2315 = VERTEX_POINT('',#2316);
#2316 = CARTESIAN_POINT('',(12.,20.8143612191,67.730344630941));
#2317 = LINE('',#2318,#2319);
#2318 = CARTESIAN_POINT('',(12.,20.8143612191,67.730344630941));
#2319 = VECTOR('',#2320,1.);
#2320 = DIRECTION('',(1.,0.,0.));
#2321 = ORIENTED_EDGE('',*,*,#2322,.F.);
#2322 = EDGE_CURVE('',#2284,#2315,#2323,.T.);
#2323 = LINE('',#2324,#2325);
#2324 = CARTESIAN_POINT('',(12.,17.961191670214,68.657395614066));
#2325 = VECTOR('',#2326,1.);
#2326 = DIRECTION('',(0.,0.951056516295,-0.309016994375));
#2327 = PLANE('',#2328);
#2328 = AXIS2_PLACEMENT_3D('',#2329,#2330,#2331);
#2329 = CARTESIAN_POINT('',(12.,17.961191670214,68.657395614066));
#2330 = DIRECTION('',(-0.,0.309016994375,0.951056516295));
#2331 = DIRECTION('',(0.,0.951056516295,-0.309016994375));
#2332 = ADVANCED_FACE('',(#2333),#2358,.T.);
#2333 = FACE_BOUND('',#2334,.T.);
#2334 = EDGE_LOOP('',(#2335,#2336,#2344,#2352));
#2335 = ORIENTED_EDGE('',*,*,#2314,.T.);
#2336 = ORIENTED_EDGE('',*,*,#2337,.T.);
#2337 = EDGE_CURVE('',#2307,#2338,#2340,.T.);
#2338 = VERTEX_POINT('',#2339);
#2339 = CARTESIAN_POINT('',(438.,18.651242258475,61.072949016875));
#2340 = LINE('',#2341,#2342);
#2341 = CARTESIAN_POINT('',(438.,20.8143612191,67.730344630941));
#2342 = VECTOR('',#2343,1.);
#2343 = DIRECTION('',(0.,-0.309016994375,-0.951056516295));
#2344 = ORIENTED_EDGE('',*,*,#2345,.F.);
#2345 = EDGE_CURVE('',#2346,#2338,#2348,.T.);
#2346 = VERTEX_POINT('',#2347);
#2347 = CARTESIAN_POINT('',(12.,18.651242258475,61.072949016875));
#2348 = LINE('',#2349,#2350);
#2349 = CARTESIAN_POINT('',(12.,18.651242258475,61.072949016875));
#2350 = VECTOR('',#2351,1.);
#2351 = DIRECTION('',(1.,0.,0.));
#2352 = ORIENTED_EDGE('',*,*,#2353,.F.);
#2353 = EDGE_CURVE('',#2315,#2346,#2354,.T.);
#2354 = LINE('',#2355,#2356);
#2355 = CARTESIAN_POINT('',(12.,20.8143612191,67.730344630941));
#2356 = VECTOR('',#2357,1.);
#2357 = DIRECTION('',(0.,-0.309016994375,-0.951056516295));
#2358 = PLANE('',#2359);
#2359 = AXIS2_PLACEMENT_3D('',#2360,#2361,#2362);
#2360 = CARTESIAN_POINT('',(12.,20.8143612191,67.730344630941));
#2361 = DIRECTION('',(0.,0.951056516295,-0.309016994375));
#2362 = DIRECTION('',(0.,-0.309016994375,-0.951056516295));
#2363 = ADVANCED_FACE('',(#2364),#2380,.T.);
#2364 = FACE_BOUND('',#2365,.T.);
#2365 = EDGE_LOOP('',(#2366,#2367,#2373,#2374));
#2366 = ORIENTED_EDGE('',*,*,#2345,.T.);
#2367 = ORIENTED_EDGE('',*,*,#2368,.T.);
#2368 = EDGE_CURVE('',#2338,#2268,#2369,.T.);
#2369 = LINE('',#2370,#2371);
#2370 = CARTESIAN_POINT('',(438.,18.651242258475,61.072949016875));
#2371 = VECTOR('',#2372,1.);
#2372 = DIRECTION('',(0.,-0.951056516295,0.309016994375));
#2373 = ORIENTED_EDGE('',*,*,#2265,.F.);
#2374 = ORIENTED_EDGE('',*,*,#2375,.F.);
#2375 = EDGE_CURVE('',#2346,#2266,#2376,.T.);
#2376 = LINE('',#2377,#2378);
#2377 = CARTESIAN_POINT('',(12.,18.651242258475,61.072949016875));
#2378 = VECTOR('',#2379,1.);
#2379 = DIRECTION('',(0.,-0.951056516295,0.309016994375));
#2380 = PLANE('',#2381);
#2381 = AXIS2_PLACEMENT_3D('',#2382,#2383,#2384);
#2382 = CARTESIAN_POINT('',(12.,18.651242258475,61.072949016875));
#2383 = DIRECTION('',(0.,-0.309016994375,-0.951056516295));
#2384 = DIRECTION('',(0.,-0.951056516295,0.309016994375));
#2385 = ADVANCED_FACE('',(#2386),#2392,.T.);
#2386 = FACE_BOUND('',#2387,.T.);
#2387 = EDGE_LOOP('',(#2388,#2389,#2390,#2391));
#2388 = ORIENTED_EDGE('',*,*,#2291,.T.);
#2389 = ORIENTED_EDGE('',*,*,#2322,.T.);
#2390 = ORIENTED_EDGE('',*,*,#2353,.T.);
#2391 = ORIENTED_EDGE('',*,*,#2375,.T.);
#2392 = PLANE('',#2393);
#2393 = AXIS2_PLACEMENT_3D('',#2394,#2395,#2396);
#2394 = CARTESIAN_POINT('',(12.,18.306216964345,64.865172315471));
#2395 = DIRECTION('',(-1.,-0.,-0.));
#2396 = DIRECTION('',(0.,0.,-1.));
#2397 = ADVANCED_FACE('',(#2398),#2404,.F.);
#2398 = FACE_BOUND('',#2399,.F.);
#2399 = EDGE_LOOP('',(#2400,#2401,#2402,#2403));
#2400 = ORIENTED_EDGE('',*,*,#2275,.T.);
#2401 = ORIENTED_EDGE('',*,*,#2306,.T.);
#2402 = ORIENTED_EDGE('',*,*,#2337,.T.);
#2403 = ORIENTED_EDGE('',*,*,#2368,.T.);
#2404 = PLANE('',#2405);
#2405 = AXIS2_PLACEMENT_3D('',#2406,#2407,#2408);
#2406 = CARTESIAN_POINT('',(438.,18.306216964345,64.865172315471));
#2407 = DIRECTION('',(-1.,-0.,-0.));
#2408 = DIRECTION('',(0.,0.,-1.));
#2409 = ( GEOMETRIC_REPRESENTATION_CONTEXT(3) 
GLOBAL_UNCERTAINTY_ASSIGNED_CONTEXT((#2413)) 
GLOBAL_UNIT_ASSIGNED_CONTEXT((#2410,#2411,#2412)) REPRESENTATION_CONTEXT
('Context #1','3D Context with UNIT and UNCERTAINTY') );
#2410 = ( LENGTH_UNIT() NAMED_UNIT(*) SI_UNIT(.MILLI.,.METRE.) );
#2411 = ( NAMED_UNIT(*) PLANE_ANGLE_UNIT() SI_UNIT($,.RADIAN.) );
#2412 = ( NAMED_UNIT(*) SI_UNIT($,.STERADIAN.) SOLID_ANGLE_UNIT() );
#2413 = UNCERTAINTY_MEASURE_WITH_UNIT(LENGTH_MEASURE(1.E-07),#2410,
  'distance_accuracy_value','confusion accuracy');
#2414 = CONTEXT_DEPENDENT_SHAPE_REPRESENTATION(#2415,#2417);
#2415 = ( REPRESENTATION_RELATIONSHIP('','',#2258,#10) 
REPRESENTATION_RELATIONSHIP_WITH_TRANSFORMATION(#2416) 
SHAPE_REPRESENTATION_RELATIONSHIP() );
#2416 = ITEM_DEFINED_TRANSFORMATION('','',#11,#51);
#2417 = PRODUCT_DEFINITION_SHAPE('Placement','Placement of an item',
  #2418);
#2418 = NEXT_ASSEMBLY_USAGE_OCCURRENCE('74','横向木格栅 03','',#5,
  #2253,$);
#2419 = PRODUCT_RELATED_PRODUCT_CATEGORY('part',$,(#2255));
#2420 = SHAPE_DEFINITION_REPRESENTATION(#2421,#2427);
#2421 = PRODUCT_DEFINITION_SHAPE('','',#2422);
#2422 = PRODUCT_DEFINITION('design','',#2423,#2426);
#2423 = PRODUCT_DEFINITION_FORMATION('','',#2424);
#2424 = PRODUCT('横向木格栅 04','横向木格栅 04','',(#2425));
#2425 = PRODUCT_CONTEXT('',#2,'mechanical');
#2426 = PRODUCT_DEFINITION_CONTEXT('part definition',#2,'design');
#2427 = ADVANCED_BREP_SHAPE_REPRESENTATION('',(#11,#2428),#2578);
#2428 = MANIFOLD_SOLID_BREP('',#2429);
#2429 = CLOSED_SHELL('',(#2430,#2470,#2501,#2532,#2554,#2566));
#2430 = ADVANCED_FACE('',(#2431),#2465,.T.);
#2431 = FACE_BOUND('',#2432,.T.);
#2432 = EDGE_LOOP('',(#2433,#2443,#2451,#2459));
#2433 = ORIENTED_EDGE('',*,*,#2434,.T.);
#2434 = EDGE_CURVE('',#2435,#2437,#2439,.T.);
#2435 = VERTEX_POINT('',#2436);
#2436 = CARTESIAN_POINT('',(12.,19.372189368152,73.));
#2437 = VERTEX_POINT('',#2438);
#2438 = CARTESIAN_POINT('',(438.,19.372189368152,73.));
#2439 = LINE('',#2440,#2441);
#2440 = CARTESIAN_POINT('',(12.,19.372189368152,73.));
#2441 = VECTOR('',#2442,1.);
#2442 = DIRECTION('',(1.,0.,0.));
#2443 = ORIENTED_EDGE('',*,*,#2444,.T.);
#2444 = EDGE_CURVE('',#2437,#2445,#2447,.T.);
#2445 = VERTEX_POINT('',#2446);
#2446 = CARTESIAN_POINT('',(438.,21.535308328776,79.657395614066));
#2447 = LINE('',#2448,#2449);
#2448 = CARTESIAN_POINT('',(438.,19.372189368152,73.));
#2449 = VECTOR('',#2450,1.);
#2450 = DIRECTION('',(0.,0.309016994375,0.951056516295));
#2451 = ORIENTED_EDGE('',*,*,#2452,.F.);
#2452 = EDGE_CURVE('',#2453,#2445,#2455,.T.);
#2453 = VERTEX_POINT('',#2454);
#2454 = CARTESIAN_POINT('',(12.,21.535308328776,79.657395614066));
#2455 = LINE('',#2456,#2457);
#2456 = CARTESIAN_POINT('',(12.,21.535308328776,79.657395614066));
#2457 = VECTOR('',#2458,1.);
#2458 = DIRECTION('',(1.,0.,0.));
#2459 = ORIENTED_EDGE('',*,*,#2460,.F.);
#2460 = EDGE_CURVE('',#2435,#2453,#2461,.T.);
#2461 = LINE('',#2462,#2463);
#2462 = CARTESIAN_POINT('',(12.,19.372189368152,73.));
#2463 = VECTOR('',#2464,1.);
#2464 = DIRECTION('',(0.,0.309016994375,0.951056516295));
#2465 = PLANE('',#2466);
#2466 = AXIS2_PLACEMENT_3D('',#2467,#2468,#2469);
#2467 = CARTESIAN_POINT('',(12.,19.372189368152,73.));
#2468 = DIRECTION('',(0.,-0.951056516295,0.309016994375));
#2469 = DIRECTION('',(0.,0.309016994375,0.951056516295));
#2470 = ADVANCED_FACE('',(#2471),#2496,.T.);
#2471 = FACE_BOUND('',#2472,.T.);
#2472 = EDGE_LOOP('',(#2473,#2474,#2482,#2490));
#2473 = ORIENTED_EDGE('',*,*,#2452,.T.);
#2474 = ORIENTED_EDGE('',*,*,#2475,.T.);
#2475 = EDGE_CURVE('',#2445,#2476,#2478,.T.);
#2476 = VERTEX_POINT('',#2477);
#2477 = CARTESIAN_POINT('',(438.,24.388477877662,78.730344630941));
#2478 = LINE('',#2479,#2480);
#2479 = CARTESIAN_POINT('',(438.,21.535308328776,79.657395614066));
#2480 = VECTOR('',#2481,1.);
#2481 = DIRECTION('',(0.,0.951056516295,-0.309016994375));
#2482 = ORIENTED_EDGE('',*,*,#2483,.F.);
#2483 = EDGE_CURVE('',#2484,#2476,#2486,.T.);
#2484 = VERTEX_POINT('',#2485);
#2485 = CARTESIAN_POINT('',(12.,24.388477877662,78.730344630941));
#2486 = LINE('',#2487,#2488);
#2487 = CARTESIAN_POINT('',(12.,24.388477877662,78.730344630941));
#2488 = VECTOR('',#2489,1.);
#2489 = DIRECTION('',(1.,0.,0.));
#2490 = ORIENTED_EDGE('',*,*,#2491,.F.);
#2491 = EDGE_CURVE('',#2453,#2484,#2492,.T.);
#2492 = LINE('',#2493,#2494);
#2493 = CARTESIAN_POINT('',(12.,21.535308328776,79.657395614066));
#2494 = VECTOR('',#2495,1.);
#2495 = DIRECTION('',(0.,0.951056516295,-0.309016994375));
#2496 = PLANE('',#2497);
#2497 = AXIS2_PLACEMENT_3D('',#2498,#2499,#2500);
#2498 = CARTESIAN_POINT('',(12.,21.535308328776,79.657395614066));
#2499 = DIRECTION('',(-0.,0.309016994375,0.951056516295));
#2500 = DIRECTION('',(0.,0.951056516295,-0.309016994375));
#2501 = ADVANCED_FACE('',(#2502),#2527,.T.);
#2502 = FACE_BOUND('',#2503,.T.);
#2503 = EDGE_LOOP('',(#2504,#2505,#2513,#2521));
#2504 = ORIENTED_EDGE('',*,*,#2483,.T.);
#2505 = ORIENTED_EDGE('',*,*,#2506,.T.);
#2506 = EDGE_CURVE('',#2476,#2507,#2509,.T.);
#2507 = VERTEX_POINT('',#2508);
#2508 = CARTESIAN_POINT('',(438.,22.225358917037,72.072949016875));
#2509 = LINE('',#2510,#2511);
#2510 = CARTESIAN_POINT('',(438.,24.388477877662,78.730344630941));
#2511 = VECTOR('',#2512,1.);
#2512 = DIRECTION('',(0.,-0.309016994375,-0.951056516295));
#2513 = ORIENTED_EDGE('',*,*,#2514,.F.);
#2514 = EDGE_CURVE('',#2515,#2507,#2517,.T.);
#2515 = VERTEX_POINT('',#2516);
#2516 = CARTESIAN_POINT('',(12.,22.225358917037,72.072949016875));
#2517 = LINE('',#2518,#2519);
#2518 = CARTESIAN_POINT('',(12.,22.225358917037,72.072949016875));
#2519 = VECTOR('',#2520,1.);
#2520 = DIRECTION('',(1.,0.,0.));
#2521 = ORIENTED_EDGE('',*,*,#2522,.F.);
#2522 = EDGE_CURVE('',#2484,#2515,#2523,.T.);
#2523 = LINE('',#2524,#2525);
#2524 = CARTESIAN_POINT('',(12.,24.388477877662,78.730344630941));
#2525 = VECTOR('',#2526,1.);
#2526 = DIRECTION('',(0.,-0.309016994375,-0.951056516295));
#2527 = PLANE('',#2528);
#2528 = AXIS2_PLACEMENT_3D('',#2529,#2530,#2531);
#2529 = CARTESIAN_POINT('',(12.,24.388477877662,78.730344630941));
#2530 = DIRECTION('',(0.,0.951056516295,-0.309016994375));
#2531 = DIRECTION('',(0.,-0.309016994375,-0.951056516295));
#2532 = ADVANCED_FACE('',(#2533),#2549,.T.);
#2533 = FACE_BOUND('',#2534,.T.);
#2534 = EDGE_LOOP('',(#2535,#2536,#2542,#2543));
#2535 = ORIENTED_EDGE('',*,*,#2514,.T.);
#2536 = ORIENTED_EDGE('',*,*,#2537,.T.);
#2537 = EDGE_CURVE('',#2507,#2437,#2538,.T.);
#2538 = LINE('',#2539,#2540);
#2539 = CARTESIAN_POINT('',(438.,22.225358917037,72.072949016875));
#2540 = VECTOR('',#2541,1.);
#2541 = DIRECTION('',(0.,-0.951056516295,0.309016994375));
#2542 = ORIENTED_EDGE('',*,*,#2434,.F.);
#2543 = ORIENTED_EDGE('',*,*,#2544,.F.);
#2544 = EDGE_CURVE('',#2515,#2435,#2545,.T.);
#2545 = LINE('',#2546,#2547);
#2546 = CARTESIAN_POINT('',(12.,22.225358917037,72.072949016875));
#2547 = VECTOR('',#2548,1.);
#2548 = DIRECTION('',(0.,-0.951056516295,0.309016994375));
#2549 = PLANE('',#2550);
#2550 = AXIS2_PLACEMENT_3D('',#2551,#2552,#2553);
#2551 = CARTESIAN_POINT('',(12.,22.225358917037,72.072949016875));
#2552 = DIRECTION('',(0.,-0.309016994375,-0.951056516295));
#2553 = DIRECTION('',(0.,-0.951056516295,0.309016994375));
#2554 = ADVANCED_FACE('',(#2555),#2561,.T.);
#2555 = FACE_BOUND('',#2556,.T.);
#2556 = EDGE_LOOP('',(#2557,#2558,#2559,#2560));
#2557 = ORIENTED_EDGE('',*,*,#2460,.T.);
#2558 = ORIENTED_EDGE('',*,*,#2491,.T.);
#2559 = ORIENTED_EDGE('',*,*,#2522,.T.);
#2560 = ORIENTED_EDGE('',*,*,#2544,.T.);
#2561 = PLANE('',#2562);
#2562 = AXIS2_PLACEMENT_3D('',#2563,#2564,#2565);
#2563 = CARTESIAN_POINT('',(12.,21.880333622907,75.865172315471));
#2564 = DIRECTION('',(-1.,-0.,-0.));
#2565 = DIRECTION('',(0.,0.,-1.));
#2566 = ADVANCED_FACE('',(#2567),#2573,.F.);
#2567 = FACE_BOUND('',#2568,.F.);
#2568 = EDGE_LOOP('',(#2569,#2570,#2571,#2572));
#2569 = ORIENTED_EDGE('',*,*,#2444,.T.);
#2570 = ORIENTED_EDGE('',*,*,#2475,.T.);
#2571 = ORIENTED_EDGE('',*,*,#2506,.T.);
#2572 = ORIENTED_EDGE('',*,*,#2537,.T.);
#2573 = PLANE('',#2574);
#2574 = AXIS2_PLACEMENT_3D('',#2575,#2576,#2577);
#2575 = CARTESIAN_POINT('',(438.,21.880333622907,75.865172315471));
#2576 = DIRECTION('',(-1.,-0.,-0.));
#2577 = DIRECTION('',(0.,0.,-1.));
#2578 = ( GEOMETRIC_REPRESENTATION_CONTEXT(3) 
GLOBAL_UNCERTAINTY_ASSIGNED_CONTEXT((#2582)) 
GLOBAL_UNIT_ASSIGNED_CONTEXT((#2579,#2580,#2581)) REPRESENTATION_CONTEXT
('Context #1','3D Context with UNIT and UNCERTAINTY') );
#2579 = ( LENGTH_UNIT() NAMED_UNIT(*) SI_UNIT(.MILLI.,.METRE.) );
#2580 = ( NAMED_UNIT(*) PLANE_ANGLE_UNIT() SI_UNIT($,.RADIAN.) );
#2581 = ( NAMED_UNIT(*) SI_UNIT($,.STERADIAN.) SOLID_ANGLE_UNIT() );
#2582 = UNCERTAINTY_MEASURE_WITH_UNIT(LENGTH_MEASURE(1.E-07),#2579,
  'distance_accuracy_value','confusion accuracy');
#2583 = CONTEXT_DEPENDENT_SHAPE_REPRESENTATION(#2584,#2586);
#2584 = ( REPRESENTATION_RELATIONSHIP('','',#2427,#10) 
REPRESENTATION_RELATIONSHIP_WITH_TRANSFORMATION(#2585) 
SHAPE_REPRESENTATION_RELATIONSHIP() );
#2585 = ITEM_DEFINED_TRANSFORMATION('','',#11,#55);
#2586 = PRODUCT_DEFINITION_SHAPE('Placement','Placement of an item',
  #2587);
#2587 = NEXT_ASSEMBLY_USAGE_OCCURRENCE('75','横向木格栅 04','',#5,
  #2422,$);
#2588 = PRODUCT_RELATED_PRODUCT_CATEGORY('part',$,(#2424));
#2589 = SHAPE_DEFINITION_REPRESENTATION(#2590,#2596);
#2590 = PRODUCT_DEFINITION_SHAPE('','',#2591);
#2591 = PRODUCT_DEFINITION('design','',#2592,#2595);
#2592 = PRODUCT_DEFINITION_FORMATION('','',#2593);
#2593 = PRODUCT('横向木格栅 05','横向木格栅 05','',(#2594));
#2594 = PRODUCT_CONTEXT('',#2,'mechanical');
#2595 = PRODUCT_DEFINITION_CONTEXT('part definition',#2,'design');
#2596 = ADVANCED_BREP_SHAPE_REPRESENTATION('',(#11,#2597),#2747);
#2597 = MANIFOLD_SOLID_BREP('',#2598);
#2598 = CLOSED_SHELL('',(#2599,#2639,#2670,#2701,#2723,#2735));
#2599 = ADVANCED_FACE('',(#2600),#2634,.T.);
#2600 = FACE_BOUND('',#2601,.T.);
#2601 = EDGE_LOOP('',(#2602,#2612,#2620,#2628));
#2602 = ORIENTED_EDGE('',*,*,#2603,.T.);
#2603 = EDGE_CURVE('',#2604,#2606,#2608,.T.);
#2604 = VERTEX_POINT('',#2605);
#2605 = CARTESIAN_POINT('',(12.,22.946306026714,84.));
#2606 = VERTEX_POINT('',#2607);
#2607 = CARTESIAN_POINT('',(438.,22.946306026714,84.));
#2608 = LINE('',#2609,#2610);
#2609 = CARTESIAN_POINT('',(12.,22.946306026714,84.));
#2610 = VECTOR('',#2611,1.);
#2611 = DIRECTION('',(1.,0.,0.));
#2612 = ORIENTED_EDGE('',*,*,#2613,.T.);
#2613 = EDGE_CURVE('',#2606,#2614,#2616,.T.);
#2614 = VERTEX_POINT('',#2615);
#2615 = CARTESIAN_POINT('',(438.,25.109424987338,90.657395614066));
#2616 = LINE('',#2617,#2618);
#2617 = CARTESIAN_POINT('',(438.,22.946306026714,84.));
#2618 = VECTOR('',#2619,1.);
#2619 = DIRECTION('',(0.,0.309016994375,0.951056516295));
#2620 = ORIENTED_EDGE('',*,*,#2621,.F.);
#2621 = EDGE_CURVE('',#2622,#2614,#2624,.T.);
#2622 = VERTEX_POINT('',#2623);
#2623 = CARTESIAN_POINT('',(12.,25.109424987338,90.657395614066));
#2624 = LINE('',#2625,#2626);
#2625 = CARTESIAN_POINT('',(12.,25.109424987338,90.657395614066));
#2626 = VECTOR('',#2627,1.);
#2627 = DIRECTION('',(1.,0.,0.));
#2628 = ORIENTED_EDGE('',*,*,#2629,.F.);
#2629 = EDGE_CURVE('',#2604,#2622,#2630,.T.);
#2630 = LINE('',#2631,#2632);
#2631 = CARTESIAN_POINT('',(12.,22.946306026714,84.));
#2632 = VECTOR('',#2633,1.);
#2633 = DIRECTION('',(0.,0.309016994375,0.951056516295));
#2634 = PLANE('',#2635);
#2635 = AXIS2_PLACEMENT_3D('',#2636,#2637,#2638);
#2636 = CARTESIAN_POINT('',(12.,22.946306026714,84.));
#2637 = DIRECTION('',(0.,-0.951056516295,0.309016994375));
#2638 = DIRECTION('',(0.,0.309016994375,0.951056516295));
#2639 = ADVANCED_FACE('',(#2640),#2665,.T.);
#2640 = FACE_BOUND('',#2641,.T.);
#2641 = EDGE_LOOP('',(#2642,#2643,#2651,#2659));
#2642 = ORIENTED_EDGE('',*,*,#2621,.T.);
#2643 = ORIENTED_EDGE('',*,*,#2644,.T.);
#2644 = EDGE_CURVE('',#2614,#2645,#2647,.T.);
#2645 = VERTEX_POINT('',#2646);
#2646 = CARTESIAN_POINT('',(438.,27.962594536224,89.730344630941));
#2647 = LINE('',#2648,#2649);
#2648 = CARTESIAN_POINT('',(438.,25.109424987338,90.657395614066));
#2649 = VECTOR('',#2650,1.);
#2650 = DIRECTION('',(0.,0.951056516295,-0.309016994375));
#2651 = ORIENTED_EDGE('',*,*,#2652,.F.);
#2652 = EDGE_CURVE('',#2653,#2645,#2655,.T.);
#2653 = VERTEX_POINT('',#2654);
#2654 = CARTESIAN_POINT('',(12.,27.962594536224,89.730344630941));
#2655 = LINE('',#2656,#2657);
#2656 = CARTESIAN_POINT('',(12.,27.962594536224,89.730344630941));
#2657 = VECTOR('',#2658,1.);
#2658 = DIRECTION('',(1.,0.,0.));
#2659 = ORIENTED_EDGE('',*,*,#2660,.F.);
#2660 = EDGE_CURVE('',#2622,#2653,#2661,.T.);
#2661 = LINE('',#2662,#2663);
#2662 = CARTESIAN_POINT('',(12.,25.109424987338,90.657395614066));
#2663 = VECTOR('',#2664,1.);
#2664 = DIRECTION('',(0.,0.951056516295,-0.309016994375));
#2665 = PLANE('',#2666);
#2666 = AXIS2_PLACEMENT_3D('',#2667,#2668,#2669);
#2667 = CARTESIAN_POINT('',(12.,25.109424987338,90.657395614066));
#2668 = DIRECTION('',(-0.,0.309016994375,0.951056516295));
#2669 = DIRECTION('',(0.,0.951056516295,-0.309016994375));
#2670 = ADVANCED_FACE('',(#2671),#2696,.T.);
#2671 = FACE_BOUND('',#2672,.T.);
#2672 = EDGE_LOOP('',(#2673,#2674,#2682,#2690));
#2673 = ORIENTED_EDGE('',*,*,#2652,.T.);
#2674 = ORIENTED_EDGE('',*,*,#2675,.T.);
#2675 = EDGE_CURVE('',#2645,#2676,#2678,.T.);
#2676 = VERTEX_POINT('',#2677);
#2677 = CARTESIAN_POINT('',(438.,25.799475575599,83.072949016875));
#2678 = LINE('',#2679,#2680);
#2679 = CARTESIAN_POINT('',(438.,27.962594536224,89.730344630941));
#2680 = VECTOR('',#2681,1.);
#2681 = DIRECTION('',(0.,-0.309016994375,-0.951056516295));
#2682 = ORIENTED_EDGE('',*,*,#2683,.F.);
#2683 = EDGE_CURVE('',#2684,#2676,#2686,.T.);
#2684 = VERTEX_POINT('',#2685);
#2685 = CARTESIAN_POINT('',(12.,25.799475575599,83.072949016875));
#2686 = LINE('',#2687,#2688);
#2687 = CARTESIAN_POINT('',(12.,25.799475575599,83.072949016875));
#2688 = VECTOR('',#2689,1.);
#2689 = DIRECTION('',(1.,0.,0.));
#2690 = ORIENTED_EDGE('',*,*,#2691,.F.);
#2691 = EDGE_CURVE('',#2653,#2684,#2692,.T.);
#2692 = LINE('',#2693,#2694);
#2693 = CARTESIAN_POINT('',(12.,27.962594536224,89.730344630941));
#2694 = VECTOR('',#2695,1.);
#2695 = DIRECTION('',(0.,-0.309016994375,-0.951056516295));
#2696 = PLANE('',#2697);
#2697 = AXIS2_PLACEMENT_3D('',#2698,#2699,#2700);
#2698 = CARTESIAN_POINT('',(12.,27.962594536224,89.730344630941));
#2699 = DIRECTION('',(0.,0.951056516295,-0.309016994375));
#2700 = DIRECTION('',(0.,-0.309016994375,-0.951056516295));
#2701 = ADVANCED_FACE('',(#2702),#2718,.T.);
#2702 = FACE_BOUND('',#2703,.T.);
#2703 = EDGE_LOOP('',(#2704,#2705,#2711,#2712));
#2704 = ORIENTED_EDGE('',*,*,#2683,.T.);
#2705 = ORIENTED_EDGE('',*,*,#2706,.T.);
#2706 = EDGE_CURVE('',#2676,#2606,#2707,.T.);
#2707 = LINE('',#2708,#2709);
#2708 = CARTESIAN_POINT('',(438.,25.799475575599,83.072949016875));
#2709 = VECTOR('',#2710,1.);
#2710 = DIRECTION('',(0.,-0.951056516295,0.309016994375));
#2711 = ORIENTED_EDGE('',*,*,#2603,.F.);
#2712 = ORIENTED_EDGE('',*,*,#2713,.F.);
#2713 = EDGE_CURVE('',#2684,#2604,#2714,.T.);
#2714 = LINE('',#2715,#2716);
#2715 = CARTESIAN_POINT('',(12.,25.799475575599,83.072949016875));
#2716 = VECTOR('',#2717,1.);
#2717 = DIRECTION('',(0.,-0.951056516295,0.309016994375));
#2718 = PLANE('',#2719);
#2719 = AXIS2_PLACEMENT_3D('',#2720,#2721,#2722);
#2720 = CARTESIAN_POINT('',(12.,25.799475575599,83.072949016875));
#2721 = DIRECTION('',(0.,-0.309016994375,-0.951056516295));
#2722 = DIRECTION('',(0.,-0.951056516295,0.309016994375));
#2723 = ADVANCED_FACE('',(#2724),#2730,.T.);
#2724 = FACE_BOUND('',#2725,.T.);
#2725 = EDGE_LOOP('',(#2726,#2727,#2728,#2729));
#2726 = ORIENTED_EDGE('',*,*,#2629,.T.);
#2727 = ORIENTED_EDGE('',*,*,#2660,.T.);
#2728 = ORIENTED_EDGE('',*,*,#2691,.T.);
#2729 = ORIENTED_EDGE('',*,*,#2713,.T.);
#2730 = PLANE('',#2731);
#2731 = AXIS2_PLACEMENT_3D('',#2732,#2733,#2734);
#2732 = CARTESIAN_POINT('',(12.,25.454450281469,86.865172315471));
#2733 = DIRECTION('',(-1.,-0.,-0.));
#2734 = DIRECTION('',(0.,0.,-1.));
#2735 = ADVANCED_FACE('',(#2736),#2742,.F.);
#2736 = FACE_BOUND('',#2737,.F.);
#2737 = EDGE_LOOP('',(#2738,#2739,#2740,#2741));
#2738 = ORIENTED_EDGE('',*,*,#2613,.T.);
#2739 = ORIENTED_EDGE('',*,*,#2644,.T.);
#2740 = ORIENTED_EDGE('',*,*,#2675,.T.);
#2741 = ORIENTED_EDGE('',*,*,#2706,.T.);
#2742 = PLANE('',#2743);
#2743 = AXIS2_PLACEMENT_3D('',#2744,#2745,#2746);
#2744 = CARTESIAN_POINT('',(438.,25.454450281469,86.865172315471));
#2745 = DIRECTION('',(-1.,-0.,-0.));
#2746 = DIRECTION('',(0.,0.,-1.));
#2747 = ( GEOMETRIC_REPRESENTATION_CONTEXT(3) 
GLOBAL_UNCERTAINTY_ASSIGNED_CONTEXT((#2751)) 
GLOBAL_UNIT_ASSIGNED_CONTEXT((#2748,#2749,#2750)) REPRESENTATION_CONTEXT
('Context #1','3D Context with UNIT and UNCERTAINTY') );
#2748 = ( LENGTH_UNIT() NAMED_UNIT(*) SI_UNIT(.MILLI.,.METRE.) );
#2749 = ( NAMED_UNIT(*) PLANE_ANGLE_UNIT() SI_UNIT($,.RADIAN.) );
#2750 = ( NAMED_UNIT(*) SI_UNIT($,.STERADIAN.) SOLID_ANGLE_UNIT() );
#2751 = UNCERTAINTY_MEASURE_WITH_UNIT(LENGTH_MEASURE(1.E-07),#2748,
  'distance_accuracy_value','confusion accuracy');
#2752 = CONTEXT_DEPENDENT_SHAPE_REPRESENTATION(#2753,#2755);
#2753 = ( REPRESENTATION_RELATIONSHIP('','',#2596,#10) 
REPRESENTATION_RELATIONSHIP_WITH_TRANSFORMATION(#2754) 
SHAPE_REPRESENTATION_RELATIONSHIP() );
#2754 = ITEM_DEFINED_TRANSFORMATION('','',#11,#59);
#2755 = PRODUCT_DEFINITION_SHAPE('Placement','Placement of an item',
  #2756);
#2756 = NEXT_ASSEMBLY_USAGE_OCCURRENCE('76','横向木格栅 05','',#5,
  #2591,$);
#2757 = PRODUCT_RELATED_PRODUCT_CATEGORY('part',$,(#2593));
#2758 = SHAPE_DEFINITION_REPRESENTATION(#2759,#2765);
#2759 = PRODUCT_DEFINITION_SHAPE('','',#2760);
#2760 = PRODUCT_DEFINITION('design','',#2761,#2764);
#2761 = PRODUCT_DEFINITION_FORMATION('','',#2762);
#2762 = PRODUCT('横向木格栅 06','横向木格栅 06','',(#2763));
#2763 = PRODUCT_CONTEXT('',#2,'mechanical');
#2764 = PRODUCT_DEFINITION_CONTEXT('part definition',#2,'design');
#2765 = ADVANCED_BREP_SHAPE_REPRESENTATION('',(#11,#2766),#2916);
#2766 = MANIFOLD_SOLID_BREP('',#2767);
#2767 = CLOSED_SHELL('',(#2768,#2808,#2839,#2870,#2892,#2904));
#2768 = ADVANCED_FACE('',(#2769),#2803,.T.);
#2769 = FACE_BOUND('',#2770,.T.);
#2770 = EDGE_LOOP('',(#2771,#2781,#2789,#2797));
#2771 = ORIENTED_EDGE('',*,*,#2772,.T.);
#2772 = EDGE_CURVE('',#2773,#2775,#2777,.T.);
#2773 = VERTEX_POINT('',#2774);
#2774 = CARTESIAN_POINT('',(12.,26.520422685276,95.));
#2775 = VERTEX_POINT('',#2776);
#2776 = CARTESIAN_POINT('',(438.,26.520422685276,95.));
#2777 = LINE('',#2778,#2779);
#2778 = CARTESIAN_POINT('',(12.,26.520422685276,95.));
#2779 = VECTOR('',#2780,1.);
#2780 = DIRECTION('',(1.,0.,0.));
#2781 = ORIENTED_EDGE('',*,*,#2782,.T.);
#2782 = EDGE_CURVE('',#2775,#2783,#2785,.T.);
#2783 = VERTEX_POINT('',#2784);
#2784 = CARTESIAN_POINT('',(438.,28.6835416459,101.65739561406));
#2785 = LINE('',#2786,#2787);
#2786 = CARTESIAN_POINT('',(438.,26.520422685276,95.));
#2787 = VECTOR('',#2788,1.);
#2788 = DIRECTION('',(0.,0.309016994375,0.951056516295));
#2789 = ORIENTED_EDGE('',*,*,#2790,.F.);
#2790 = EDGE_CURVE('',#2791,#2783,#2793,.T.);
#2791 = VERTEX_POINT('',#2792);
#2792 = CARTESIAN_POINT('',(12.,28.6835416459,101.65739561406));
#2793 = LINE('',#2794,#2795);
#2794 = CARTESIAN_POINT('',(12.,28.6835416459,101.65739561406));
#2795 = VECTOR('',#2796,1.);
#2796 = DIRECTION('',(1.,0.,0.));
#2797 = ORIENTED_EDGE('',*,*,#2798,.F.);
#2798 = EDGE_CURVE('',#2773,#2791,#2799,.T.);
#2799 = LINE('',#2800,#2801);
#2800 = CARTESIAN_POINT('',(12.,26.520422685276,95.));
#2801 = VECTOR('',#2802,1.);
#2802 = DIRECTION('',(0.,0.309016994375,0.951056516295));
#2803 = PLANE('',#2804);
#2804 = AXIS2_PLACEMENT_3D('',#2805,#2806,#2807);
#2805 = CARTESIAN_POINT('',(12.,26.520422685276,95.));
#2806 = DIRECTION('',(0.,-0.951056516295,0.309016994375));
#2807 = DIRECTION('',(0.,0.309016994375,0.951056516295));
#2808 = ADVANCED_FACE('',(#2809),#2834,.T.);
#2809 = FACE_BOUND('',#2810,.T.);
#2810 = EDGE_LOOP('',(#2811,#2812,#2820,#2828));
#2811 = ORIENTED_EDGE('',*,*,#2790,.T.);
#2812 = ORIENTED_EDGE('',*,*,#2813,.T.);
#2813 = EDGE_CURVE('',#2783,#2814,#2816,.T.);
#2814 = VERTEX_POINT('',#2815);
#2815 = CARTESIAN_POINT('',(438.,31.536711194786,100.73034463094));
#2816 = LINE('',#2817,#2818);
#2817 = CARTESIAN_POINT('',(438.,28.6835416459,101.65739561406));
#2818 = VECTOR('',#2819,1.);
#2819 = DIRECTION('',(0.,0.951056516295,-0.309016994375));
#2820 = ORIENTED_EDGE('',*,*,#2821,.F.);
#2821 = EDGE_CURVE('',#2822,#2814,#2824,.T.);
#2822 = VERTEX_POINT('',#2823);
#2823 = CARTESIAN_POINT('',(12.,31.536711194786,100.73034463094));
#2824 = LINE('',#2825,#2826);
#2825 = CARTESIAN_POINT('',(12.,31.536711194786,100.73034463094));
#2826 = VECTOR('',#2827,1.);
#2827 = DIRECTION('',(1.,0.,0.));
#2828 = ORIENTED_EDGE('',*,*,#2829,.F.);
#2829 = EDGE_CURVE('',#2791,#2822,#2830,.T.);
#2830 = LINE('',#2831,#2832);
#2831 = CARTESIAN_POINT('',(12.,28.6835416459,101.65739561406));
#2832 = VECTOR('',#2833,1.);
#2833 = DIRECTION('',(0.,0.951056516295,-0.309016994375));
#2834 = PLANE('',#2835);
#2835 = AXIS2_PLACEMENT_3D('',#2836,#2837,#2838);
#2836 = CARTESIAN_POINT('',(12.,28.6835416459,101.65739561406));
#2837 = DIRECTION('',(-0.,0.309016994375,0.951056516295));
#2838 = DIRECTION('',(0.,0.951056516295,-0.309016994375));
#2839 = ADVANCED_FACE('',(#2840),#2865,.T.);
#2840 = FACE_BOUND('',#2841,.T.);
#2841 = EDGE_LOOP('',(#2842,#2843,#2851,#2859));
#2842 = ORIENTED_EDGE('',*,*,#2821,.T.);
#2843 = ORIENTED_EDGE('',*,*,#2844,.T.);
#2844 = EDGE_CURVE('',#2814,#2845,#2847,.T.);
#2845 = VERTEX_POINT('',#2846);
#2846 = CARTESIAN_POINT('',(438.,29.373592234161,94.072949016875));
#2847 = LINE('',#2848,#2849);
#2848 = CARTESIAN_POINT('',(438.,31.536711194786,100.73034463094));
#2849 = VECTOR('',#2850,1.);
#2850 = DIRECTION('',(0.,-0.309016994375,-0.951056516295));
#2851 = ORIENTED_EDGE('',*,*,#2852,.F.);
#2852 = EDGE_CURVE('',#2853,#2845,#2855,.T.);
#2853 = VERTEX_POINT('',#2854);
#2854 = CARTESIAN_POINT('',(12.,29.373592234161,94.072949016875));
#2855 = LINE('',#2856,#2857);
#2856 = CARTESIAN_POINT('',(12.,29.373592234161,94.072949016875));
#2857 = VECTOR('',#2858,1.);
#2858 = DIRECTION('',(1.,0.,0.));
#2859 = ORIENTED_EDGE('',*,*,#2860,.F.);
#2860 = EDGE_CURVE('',#2822,#2853,#2861,.T.);
#2861 = LINE('',#2862,#2863);
#2862 = CARTESIAN_POINT('',(12.,31.536711194786,100.73034463094));
#2863 = VECTOR('',#2864,1.);
#2864 = DIRECTION('',(0.,-0.309016994375,-0.951056516295));
#2865 = PLANE('',#2866);
#2866 = AXIS2_PLACEMENT_3D('',#2867,#2868,#2869);
#2867 = CARTESIAN_POINT('',(12.,31.536711194786,100.73034463094));
#2868 = DIRECTION('',(0.,0.951056516295,-0.309016994375));
#2869 = DIRECTION('',(0.,-0.309016994375,-0.951056516295));
#2870 = ADVANCED_FACE('',(#2871),#2887,.T.);
#2871 = FACE_BOUND('',#2872,.T.);
#2872 = EDGE_LOOP('',(#2873,#2874,#2880,#2881));
#2873 = ORIENTED_EDGE('',*,*,#2852,.T.);
#2874 = ORIENTED_EDGE('',*,*,#2875,.T.);
#2875 = EDGE_CURVE('',#2845,#2775,#2876,.T.);
#2876 = LINE('',#2877,#2878);
#2877 = CARTESIAN_POINT('',(438.,29.373592234161,94.072949016875));
#2878 = VECTOR('',#2879,1.);
#2879 = DIRECTION('',(0.,-0.951056516295,0.309016994375));
#2880 = ORIENTED_EDGE('',*,*,#2772,.F.);
#2881 = ORIENTED_EDGE('',*,*,#2882,.F.);
#2882 = EDGE_CURVE('',#2853,#2773,#2883,.T.);
#2883 = LINE('',#2884,#2885);
#2884 = CARTESIAN_POINT('',(12.,29.373592234161,94.072949016875));
#2885 = VECTOR('',#2886,1.);
#2886 = DIRECTION('',(0.,-0.951056516295,0.309016994375));
#2887 = PLANE('',#2888);
#2888 = AXIS2_PLACEMENT_3D('',#2889,#2890,#2891);
#2889 = CARTESIAN_POINT('',(12.,29.373592234161,94.072949016875));
#2890 = DIRECTION('',(0.,-0.309016994375,-0.951056516295));
#2891 = DIRECTION('',(0.,-0.951056516295,0.309016994375));
#2892 = ADVANCED_FACE('',(#2893),#2899,.T.);
#2893 = FACE_BOUND('',#2894,.T.);
#2894 = EDGE_LOOP('',(#2895,#2896,#2897,#2898));
#2895 = ORIENTED_EDGE('',*,*,#2798,.T.);
#2896 = ORIENTED_EDGE('',*,*,#2829,.T.);
#2897 = ORIENTED_EDGE('',*,*,#2860,.T.);
#2898 = ORIENTED_EDGE('',*,*,#2882,.T.);
#2899 = PLANE('',#2900);
#2900 = AXIS2_PLACEMENT_3D('',#2901,#2902,#2903);
#2901 = CARTESIAN_POINT('',(12.,29.028566940031,97.865172315471));
#2902 = DIRECTION('',(-1.,-0.,-0.));
#2903 = DIRECTION('',(0.,0.,-1.));
#2904 = ADVANCED_FACE('',(#2905),#2911,.F.);
#2905 = FACE_BOUND('',#2906,.F.);
#2906 = EDGE_LOOP('',(#2907,#2908,#2909,#2910));
#2907 = ORIENTED_EDGE('',*,*,#2782,.T.);
#2908 = ORIENTED_EDGE('',*,*,#2813,.T.);
#2909 = ORIENTED_EDGE('',*,*,#2844,.T.);
#2910 = ORIENTED_EDGE('',*,*,#2875,.T.);
#2911 = PLANE('',#2912);
#2912 = AXIS2_PLACEMENT_3D('',#2913,#2914,#2915);
#2913 = CARTESIAN_POINT('',(438.,29.028566940031,97.865172315471));
#2914 = DIRECTION('',(-1.,-0.,-0.));
#2915 = DIRECTION('',(0.,0.,-1.));
#2916 = ( GEOMETRIC_REPRESENTATION_CONTEXT(3) 
GLOBAL_UNCERTAINTY_ASSIGNED_CONTEXT((#2920)) 
GLOBAL_UNIT_ASSIGNED_CONTEXT((#2917,#2918,#2919)) REPRESENTATION_CONTEXT
('Context #1','3D Context with UNIT and UNCERTAINTY') );
#2917 = ( LENGTH_UNIT() NAMED_UNIT(*) SI_UNIT(.MILLI.,.METRE.) );
#2918 = ( NAMED_UNIT(*) PLANE_ANGLE_UNIT() SI_UNIT($,.RADIAN.) );
#2919 = ( NAMED_UNIT(*) SI_UNIT($,.STERADIAN.) SOLID_ANGLE_UNIT() );
#2920 = UNCERTAINTY_MEASURE_WITH_UNIT(LENGTH_MEASURE(1.E-07),#2917,
  'distance_accuracy_value','confusion accuracy');
#2921 = CONTEXT_DEPENDENT_SHAPE_REPRESENTATION(#2922,#2924);
#2922 = ( REPRESENTATION_RELATIONSHIP('','',#2765,#10) 
REPRESENTATION_RELATIONSHIP_WITH_TRANSFORMATION(#2923) 
SHAPE_REPRESENTATION_RELATIONSHIP() );
#2923 = ITEM_DEFINED_TRANSFORMATION('','',#11,#63);
#2924 = PRODUCT_DEFINITION_SHAPE('Placement','Placement of an item',
  #2925);
#2925 = NEXT_ASSEMBLY_USAGE_OCCURRENCE('77','横向木格栅 06','',#5,
  #2760,$);
#2926 = PRODUCT_RELATED_PRODUCT_CATEGORY('part',$,(#2762));
#2927 = SHAPE_DEFINITION_REPRESENTATION(#2928,#2934);
#2928 = PRODUCT_DEFINITION_SHAPE('','',#2929);
#2929 = PRODUCT_DEFINITION('design','',#2930,#2933);
#2930 = PRODUCT_DEFINITION_FORMATION('','',#2931);
#2931 = PRODUCT('横向木格栅 07','横向木格栅 07','',(#2932));
#2932 = PRODUCT_CONTEXT('',#2,'mechanical');
#2933 = PRODUCT_DEFINITION_CONTEXT('part definition',#2,'design');
#2934 = ADVANCED_BREP_SHAPE_REPRESENTATION('',(#11,#2935),#3085);
#2935 = MANIFOLD_SOLID_BREP('',#2936);
#2936 = CLOSED_SHELL('',(#2937,#2977,#3008,#3039,#3061,#3073));
#2937 = ADVANCED_FACE('',(#2938),#2972,.T.);
#2938 = FACE_BOUND('',#2939,.T.);
#2939 = EDGE_LOOP('',(#2940,#2950,#2958,#2966));
#2940 = ORIENTED_EDGE('',*,*,#2941,.T.);
#2941 = EDGE_CURVE('',#2942,#2944,#2946,.T.);
#2942 = VERTEX_POINT('',#2943);
#2943 = CARTESIAN_POINT('',(12.,30.094539343838,106.));
#2944 = VERTEX_POINT('',#2945);
#2945 = CARTESIAN_POINT('',(438.,30.094539343838,106.));
#2946 = LINE('',#2947,#2948);
#2947 = CARTESIAN_POINT('',(12.,30.094539343838,106.));
#2948 = VECTOR('',#2949,1.);
#2949 = DIRECTION('',(1.,0.,0.));
#2950 = ORIENTED_EDGE('',*,*,#2951,.T.);
#2951 = EDGE_CURVE('',#2944,#2952,#2954,.T.);
#2952 = VERTEX_POINT('',#2953);
#2953 = CARTESIAN_POINT('',(438.,32.257658304462,112.65739561406));
#2954 = LINE('',#2955,#2956);
#2955 = CARTESIAN_POINT('',(438.,30.094539343838,106.));
#2956 = VECTOR('',#2957,1.);
#2957 = DIRECTION('',(0.,0.309016994375,0.951056516295));
#2958 = ORIENTED_EDGE('',*,*,#2959,.F.);
#2959 = EDGE_CURVE('',#2960,#2952,#2962,.T.);
#2960 = VERTEX_POINT('',#2961);
#2961 = CARTESIAN_POINT('',(12.,32.257658304462,112.65739561406));
#2962 = LINE('',#2963,#2964);
#2963 = CARTESIAN_POINT('',(12.,32.257658304462,112.65739561406));
#2964 = VECTOR('',#2965,1.);
#2965 = DIRECTION('',(1.,0.,0.));
#2966 = ORIENTED_EDGE('',*,*,#2967,.F.);
#2967 = EDGE_CURVE('',#2942,#2960,#2968,.T.);
#2968 = LINE('',#2969,#2970);
#2969 = CARTESIAN_POINT('',(12.,30.094539343838,106.));
#2970 = VECTOR('',#2971,1.);
#2971 = DIRECTION('',(0.,0.309016994375,0.951056516295));
#2972 = PLANE('',#2973);
#2973 = AXIS2_PLACEMENT_3D('',#2974,#2975,#2976);
#2974 = CARTESIAN_POINT('',(12.,30.094539343838,106.));
#2975 = DIRECTION('',(0.,-0.951056516295,0.309016994375));
#2976 = DIRECTION('',(0.,0.309016994375,0.951056516295));
#2977 = ADVANCED_FACE('',(#2978),#3003,.T.);
#2978 = FACE_BOUND('',#2979,.T.);
#2979 = EDGE_LOOP('',(#2980,#2981,#2989,#2997));
#2980 = ORIENTED_EDGE('',*,*,#2959,.T.);
#2981 = ORIENTED_EDGE('',*,*,#2982,.T.);
#2982 = EDGE_CURVE('',#2952,#2983,#2985,.T.);
#2983 = VERTEX_POINT('',#2984);
#2984 = CARTESIAN_POINT('',(438.,35.110827853348,111.73034463094));
#2985 = LINE('',#2986,#2987);
#2986 = CARTESIAN_POINT('',(438.,32.257658304462,112.65739561406));
#2987 = VECTOR('',#2988,1.);
#2988 = DIRECTION('',(0.,0.951056516295,-0.309016994375));
#2989 = ORIENTED_EDGE('',*,*,#2990,.F.);
#2990 = EDGE_CURVE('',#2991,#2983,#2993,.T.);
#2991 = VERTEX_POINT('',#2992);
#2992 = CARTESIAN_POINT('',(12.,35.110827853348,111.73034463094));
#2993 = LINE('',#2994,#2995);
#2994 = CARTESIAN_POINT('',(12.,35.110827853348,111.73034463094));
#2995 = VECTOR('',#2996,1.);
#2996 = DIRECTION('',(1.,0.,0.));
#2997 = ORIENTED_EDGE('',*,*,#2998,.F.);
#2998 = EDGE_CURVE('',#2960,#2991,#2999,.T.);
#2999 = LINE('',#3000,#3001);
#3000 = CARTESIAN_POINT('',(12.,32.257658304462,112.65739561406));
#3001 = VECTOR('',#3002,1.);
#3002 = DIRECTION('',(0.,0.951056516295,-0.309016994375));
#3003 = PLANE('',#3004);
#3004 = AXIS2_PLACEMENT_3D('',#3005,#3006,#3007);
#3005 = CARTESIAN_POINT('',(12.,32.257658304462,112.65739561406));
#3006 = DIRECTION('',(-0.,0.309016994375,0.951056516295));
#3007 = DIRECTION('',(0.,0.951056516295,-0.309016994375));
#3008 = ADVANCED_FACE('',(#3009),#3034,.T.);
#3009 = FACE_BOUND('',#3010,.T.);
#3010 = EDGE_LOOP('',(#3011,#3012,#3020,#3028));
#3011 = ORIENTED_EDGE('',*,*,#2990,.T.);
#3012 = ORIENTED_EDGE('',*,*,#3013,.T.);
#3013 = EDGE_CURVE('',#2983,#3014,#3016,.T.);
#3014 = VERTEX_POINT('',#3015);
#3015 = CARTESIAN_POINT('',(438.,32.947708892723,105.07294901687));
#3016 = LINE('',#3017,#3018);
#3017 = CARTESIAN_POINT('',(438.,35.110827853348,111.73034463094));
#3018 = VECTOR('',#3019,1.);
#3019 = DIRECTION('',(0.,-0.309016994375,-0.951056516295));
#3020 = ORIENTED_EDGE('',*,*,#3021,.F.);
#3021 = EDGE_CURVE('',#3022,#3014,#3024,.T.);
#3022 = VERTEX_POINT('',#3023);
#3023 = CARTESIAN_POINT('',(12.,32.947708892723,105.07294901687));
#3024 = LINE('',#3025,#3026);
#3025 = CARTESIAN_POINT('',(12.,32.947708892723,105.07294901687));
#3026 = VECTOR('',#3027,1.);
#3027 = DIRECTION('',(1.,0.,0.));
#3028 = ORIENTED_EDGE('',*,*,#3029,.F.);
#3029 = EDGE_CURVE('',#2991,#3022,#3030,.T.);
#3030 = LINE('',#3031,#3032);
#3031 = CARTESIAN_POINT('',(12.,35.110827853348,111.73034463094));
#3032 = VECTOR('',#3033,1.);
#3033 = DIRECTION('',(0.,-0.309016994375,-0.951056516295));
#3034 = PLANE('',#3035);
#3035 = AXIS2_PLACEMENT_3D('',#3036,#3037,#3038);
#3036 = CARTESIAN_POINT('',(12.,35.110827853348,111.73034463094));
#3037 = DIRECTION('',(0.,0.951056516295,-0.309016994375));
#3038 = DIRECTION('',(0.,-0.309016994375,-0.951056516295));
#3039 = ADVANCED_FACE('',(#3040),#3056,.T.);
#3040 = FACE_BOUND('',#3041,.T.);
#3041 = EDGE_LOOP('',(#3042,#3043,#3049,#3050));
#3042 = ORIENTED_EDGE('',*,*,#3021,.T.);
#3043 = ORIENTED_EDGE('',*,*,#3044,.T.);
#3044 = EDGE_CURVE('',#3014,#2944,#3045,.T.);
#3045 = LINE('',#3046,#3047);
#3046 = CARTESIAN_POINT('',(438.,32.947708892723,105.07294901687));
#3047 = VECTOR('',#3048,1.);
#3048 = DIRECTION('',(0.,-0.951056516295,0.309016994375));
#3049 = ORIENTED_EDGE('',*,*,#2941,.F.);
#3050 = ORIENTED_EDGE('',*,*,#3051,.F.);
#3051 = EDGE_CURVE('',#3022,#2942,#3052,.T.);
#3052 = LINE('',#3053,#3054);
#3053 = CARTESIAN_POINT('',(12.,32.947708892723,105.07294901687));
#3054 = VECTOR('',#3055,1.);
#3055 = DIRECTION('',(0.,-0.951056516295,0.309016994375));
#3056 = PLANE('',#3057);
#3057 = AXIS2_PLACEMENT_3D('',#3058,#3059,#3060);
#3058 = CARTESIAN_POINT('',(12.,32.947708892723,105.07294901687));
#3059 = DIRECTION('',(0.,-0.309016994375,-0.951056516295));
#3060 = DIRECTION('',(0.,-0.951056516295,0.309016994375));
#3061 = ADVANCED_FACE('',(#3062),#3068,.T.);
#3062 = FACE_BOUND('',#3063,.T.);
#3063 = EDGE_LOOP('',(#3064,#3065,#3066,#3067));
#3064 = ORIENTED_EDGE('',*,*,#2967,.T.);
#3065 = ORIENTED_EDGE('',*,*,#2998,.T.);
#3066 = ORIENTED_EDGE('',*,*,#3029,.T.);
#3067 = ORIENTED_EDGE('',*,*,#3051,.T.);
#3068 = PLANE('',#3069);
#3069 = AXIS2_PLACEMENT_3D('',#3070,#3071,#3072);
#3070 = CARTESIAN_POINT('',(12.,32.602683598593,108.86517231547));
#3071 = DIRECTION('',(-1.,-0.,-0.));
#3072 = DIRECTION('',(0.,0.,-1.));
#3073 = ADVANCED_FACE('',(#3074),#3080,.F.);
#3074 = FACE_BOUND('',#3075,.F.);
#3075 = EDGE_LOOP('',(#3076,#3077,#3078,#3079));
#3076 = ORIENTED_EDGE('',*,*,#2951,.T.);
#3077 = ORIENTED_EDGE('',*,*,#2982,.T.);
#3078 = ORIENTED_EDGE('',*,*,#3013,.T.);
#3079 = ORIENTED_EDGE('',*,*,#3044,.T.);
#3080 = PLANE('',#3081);
#3081 = AXIS2_PLACEMENT_3D('',#3082,#3083,#3084);
#3082 = CARTESIAN_POINT('',(438.,32.602683598593,108.86517231547));
#3083 = DIRECTION('',(-1.,-0.,-0.));
#3084 = DIRECTION('',(0.,0.,-1.));
#3085 = ( GEOMETRIC_REPRESENTATION_CONTEXT(3) 
GLOBAL_UNCERTAINTY_ASSIGNED_CONTEXT((#3089)) 
GLOBAL_UNIT_ASSIGNED_CONTEXT((#3086,#3087,#3088)) REPRESENTATION_CONTEXT
('Context #1','3D Context with UNIT and UNCERTAINTY') );
#3086 = ( LENGTH_UNIT() NAMED_UNIT(*) SI_UNIT(.MILLI.,.METRE.) );
#3087 = ( NAMED_UNIT(*) PLANE_ANGLE_UNIT() SI_UNIT($,.RADIAN.) );
#3088 = ( NAMED_UNIT(*) SI_UNIT($,.STERADIAN.) SOLID_ANGLE_UNIT() );
#3089 = UNCERTAINTY_MEASURE_WITH_UNIT(LENGTH_MEASURE(1.E-07),#3086,
  'distance_accuracy_value','confusion accuracy');
#3090 = CONTEXT_DEPENDENT_SHAPE_REPRESENTATION(#3091,#3093);
#3091 = ( REPRESENTATION_RELATIONSHIP('','',#2934,#10) 
REPRESENTATION_RELATIONSHIP_WITH_TRANSFORMATION(#3092) 
SHAPE_REPRESENTATION_RELATIONSHIP() );
#3092 = ITEM_DEFINED_TRANSFORMATION('','',#11,#67);
#3093 = PRODUCT_DEFINITION_SHAPE('Placement','Placement of an item',
  #3094);
#3094 = NEXT_ASSEMBLY_USAGE_OCCURRENCE('78','横向木格栅 07','',#5,
  #2929,$);
#3095 = PRODUCT_RELATED_PRODUCT_CATEGORY('part',$,(#2931));
#3096 = SHAPE_DEFINITION_REPRESENTATION(#3097,#3103);
#3097 = PRODUCT_DEFINITION_SHAPE('','',#3098);
#3098 = PRODUCT_DEFINITION('design','',#3099,#3102);
#3099 = PRODUCT_DEFINITION_FORMATION('','',#3100);
#3100 = PRODUCT('横向木格栅 08','横向木格栅 08','',(#3101));
#3101 = PRODUCT_CONTEXT('',#2,'mechanical');
#3102 = PRODUCT_DEFINITION_CONTEXT('part definition',#2,'design');
#3103 = ADVANCED_BREP_SHAPE_REPRESENTATION('',(#11,#3104),#3254);
#3104 = MANIFOLD_SOLID_BREP('',#3105);
#3105 = CLOSED_SHELL('',(#3106,#3146,#3177,#3208,#3230,#3242));
#3106 = ADVANCED_FACE('',(#3107),#3141,.T.);
#3107 = FACE_BOUND('',#3108,.T.);
#3108 = EDGE_LOOP('',(#3109,#3119,#3127,#3135));
#3109 = ORIENTED_EDGE('',*,*,#3110,.T.);
#3110 = EDGE_CURVE('',#3111,#3113,#3115,.T.);
#3111 = VERTEX_POINT('',#3112);
#3112 = CARTESIAN_POINT('',(12.,33.6686560024,117.));
#3113 = VERTEX_POINT('',#3114);
#3114 = CARTESIAN_POINT('',(438.,33.6686560024,117.));
#3115 = LINE('',#3116,#3117);
#3116 = CARTESIAN_POINT('',(12.,33.6686560024,117.));
#3117 = VECTOR('',#3118,1.);
#3118 = DIRECTION('',(1.,0.,0.));
#3119 = ORIENTED_EDGE('',*,*,#3120,.T.);
#3120 = EDGE_CURVE('',#3113,#3121,#3123,.T.);
#3121 = VERTEX_POINT('',#3122);
#3122 = CARTESIAN_POINT('',(438.,35.831774963024,123.65739561406));
#3123 = LINE('',#3124,#3125);
#3124 = CARTESIAN_POINT('',(438.,33.6686560024,117.));
#3125 = VECTOR('',#3126,1.);
#3126 = DIRECTION('',(0.,0.309016994375,0.951056516295));
#3127 = ORIENTED_EDGE('',*,*,#3128,.F.);
#3128 = EDGE_CURVE('',#3129,#3121,#3131,.T.);
#3129 = VERTEX_POINT('',#3130);
#3130 = CARTESIAN_POINT('',(12.,35.831774963024,123.65739561406));
#3131 = LINE('',#3132,#3133);
#3132 = CARTESIAN_POINT('',(12.,35.831774963024,123.65739561406));
#3133 = VECTOR('',#3134,1.);
#3134 = DIRECTION('',(1.,0.,0.));
#3135 = ORIENTED_EDGE('',*,*,#3136,.F.);
#3136 = EDGE_CURVE('',#3111,#3129,#3137,.T.);
#3137 = LINE('',#3138,#3139);
#3138 = CARTESIAN_POINT('',(12.,33.6686560024,117.));
#3139 = VECTOR('',#3140,1.);
#3140 = DIRECTION('',(0.,0.309016994375,0.951056516295));
#3141 = PLANE('',#3142);
#3142 = AXIS2_PLACEMENT_3D('',#3143,#3144,#3145);
#3143 = CARTESIAN_POINT('',(12.,33.6686560024,117.));
#3144 = DIRECTION('',(0.,-0.951056516295,0.309016994375));
#3145 = DIRECTION('',(0.,0.309016994375,0.951056516295));
#3146 = ADVANCED_FACE('',(#3147),#3172,.T.);
#3147 = FACE_BOUND('',#3148,.T.);
#3148 = EDGE_LOOP('',(#3149,#3150,#3158,#3166));
#3149 = ORIENTED_EDGE('',*,*,#3128,.T.);
#3150 = ORIENTED_EDGE('',*,*,#3151,.T.);
#3151 = EDGE_CURVE('',#3121,#3152,#3154,.T.);
#3152 = VERTEX_POINT('',#3153);
#3153 = CARTESIAN_POINT('',(438.,38.68494451191,122.73034463094));
#3154 = LINE('',#3155,#3156);
#3155 = CARTESIAN_POINT('',(438.,35.831774963024,123.65739561406));
#3156 = VECTOR('',#3157,1.);
#3157 = DIRECTION('',(0.,0.951056516295,-0.309016994375));
#3158 = ORIENTED_EDGE('',*,*,#3159,.F.);
#3159 = EDGE_CURVE('',#3160,#3152,#3162,.T.);
#3160 = VERTEX_POINT('',#3161);
#3161 = CARTESIAN_POINT('',(12.,38.68494451191,122.73034463094));
#3162 = LINE('',#3163,#3164);
#3163 = CARTESIAN_POINT('',(12.,38.68494451191,122.73034463094));
#3164 = VECTOR('',#3165,1.);
#3165 = DIRECTION('',(1.,0.,0.));
#3166 = ORIENTED_EDGE('',*,*,#3167,.F.);
#3167 = EDGE_CURVE('',#3129,#3160,#3168,.T.);
#3168 = LINE('',#3169,#3170);
#3169 = CARTESIAN_POINT('',(12.,35.831774963024,123.65739561406));
#3170 = VECTOR('',#3171,1.);
#3171 = DIRECTION('',(0.,0.951056516295,-0.309016994375));
#3172 = PLANE('',#3173);
#3173 = AXIS2_PLACEMENT_3D('',#3174,#3175,#3176);
#3174 = CARTESIAN_POINT('',(12.,35.831774963024,123.65739561406));
#3175 = DIRECTION('',(-0.,0.309016994375,0.951056516295));
#3176 = DIRECTION('',(0.,0.951056516295,-0.309016994375));
#3177 = ADVANCED_FACE('',(#3178),#3203,.T.);
#3178 = FACE_BOUND('',#3179,.T.);
#3179 = EDGE_LOOP('',(#3180,#3181,#3189,#3197));
#3180 = ORIENTED_EDGE('',*,*,#3159,.T.);
#3181 = ORIENTED_EDGE('',*,*,#3182,.T.);
#3182 = EDGE_CURVE('',#3152,#3183,#3185,.T.);
#3183 = VERTEX_POINT('',#3184);
#3184 = CARTESIAN_POINT('',(438.,36.521825551285,116.07294901687));
#3185 = LINE('',#3186,#3187);
#3186 = CARTESIAN_POINT('',(438.,38.68494451191,122.73034463094));
#3187 = VECTOR('',#3188,1.);
#3188 = DIRECTION('',(0.,-0.309016994375,-0.951056516295));
#3189 = ORIENTED_EDGE('',*,*,#3190,.F.);
#3190 = EDGE_CURVE('',#3191,#3183,#3193,.T.);
#3191 = VERTEX_POINT('',#3192);
#3192 = CARTESIAN_POINT('',(12.,36.521825551285,116.07294901687));
#3193 = LINE('',#3194,#3195);
#3194 = CARTESIAN_POINT('',(12.,36.521825551285,116.07294901687));
#3195 = VECTOR('',#3196,1.);
#3196 = DIRECTION('',(1.,0.,0.));
#3197 = ORIENTED_EDGE('',*,*,#3198,.F.);
#3198 = EDGE_CURVE('',#3160,#3191,#3199,.T.);
#3199 = LINE('',#3200,#3201);
#3200 = CARTESIAN_POINT('',(12.,38.68494451191,122.73034463094));
#3201 = VECTOR('',#3202,1.);
#3202 = DIRECTION('',(0.,-0.309016994375,-0.951056516295));
#3203 = PLANE('',#3204);
#3204 = AXIS2_PLACEMENT_3D('',#3205,#3206,#3207);
#3205 = CARTESIAN_POINT('',(12.,38.68494451191,122.73034463094));
#3206 = DIRECTION('',(0.,0.951056516295,-0.309016994375));
#3207 = DIRECTION('',(0.,-0.309016994375,-0.951056516295));
#3208 = ADVANCED_FACE('',(#3209),#3225,.T.);
#3209 = FACE_BOUND('',#3210,.T.);
#3210 = EDGE_LOOP('',(#3211,#3212,#3218,#3219));
#3211 = ORIENTED_EDGE('',*,*,#3190,.T.);
#3212 = ORIENTED_EDGE('',*,*,#3213,.T.);
#3213 = EDGE_CURVE('',#3183,#3113,#3214,.T.);
#3214 = LINE('',#3215,#3216);
#3215 = CARTESIAN_POINT('',(438.,36.521825551285,116.07294901687));
#3216 = VECTOR('',#3217,1.);
#3217 = DIRECTION('',(0.,-0.951056516295,0.309016994375));
#3218 = ORIENTED_EDGE('',*,*,#3110,.F.);
#3219 = ORIENTED_EDGE('',*,*,#3220,.F.);
#3220 = EDGE_CURVE('',#3191,#3111,#3221,.T.);
#3221 = LINE('',#3222,#3223);
#3222 = CARTESIAN_POINT('',(12.,36.521825551285,116.07294901687));
#3223 = VECTOR('',#3224,1.);
#3224 = DIRECTION('',(0.,-0.951056516295,0.309016994375));
#3225 = PLANE('',#3226);
#3226 = AXIS2_PLACEMENT_3D('',#3227,#3228,#3229);
#3227 = CARTESIAN_POINT('',(12.,36.521825551285,116.07294901687));
#3228 = DIRECTION('',(0.,-0.309016994375,-0.951056516295));
#3229 = DIRECTION('',(0.,-0.951056516295,0.309016994375));
#3230 = ADVANCED_FACE('',(#3231),#3237,.T.);
#3231 = FACE_BOUND('',#3232,.T.);
#3232 = EDGE_LOOP('',(#3233,#3234,#3235,#3236));
#3233 = ORIENTED_EDGE('',*,*,#3136,.T.);
#3234 = ORIENTED_EDGE('',*,*,#3167,.T.);
#3235 = ORIENTED_EDGE('',*,*,#3198,.T.);
#3236 = ORIENTED_EDGE('',*,*,#3220,.T.);
#3237 = PLANE('',#3238);
#3238 = AXIS2_PLACEMENT_3D('',#3239,#3240,#3241);
#3239 = CARTESIAN_POINT('',(12.,36.176800257155,119.86517231547));
#3240 = DIRECTION('',(-1.,-0.,-0.));
#3241 = DIRECTION('',(0.,0.,-1.));
#3242 = ADVANCED_FACE('',(#3243),#3249,.F.);
#3243 = FACE_BOUND('',#3244,.F.);
#3244 = EDGE_LOOP('',(#3245,#3246,#3247,#3248));
#3245 = ORIENTED_EDGE('',*,*,#3120,.T.);
#3246 = ORIENTED_EDGE('',*,*,#3151,.T.);
#3247 = ORIENTED_EDGE('',*,*,#3182,.T.);
#3248 = ORIENTED_EDGE('',*,*,#3213,.T.);
#3249 = PLANE('',#3250);
#3250 = AXIS2_PLACEMENT_3D('',#3251,#3252,#3253);
#3251 = CARTESIAN_POINT('',(438.,36.176800257155,119.86517231547));
#3252 = DIRECTION('',(-1.,-0.,-0.));
#3253 = DIRECTION('',(0.,0.,-1.));
#3254 = ( GEOMETRIC_REPRESENTATION_CONTEXT(3) 
GLOBAL_UNCERTAINTY_ASSIGNED_CONTEXT((#3258)) 
GLOBAL_UNIT_ASSIGNED_CONTEXT((#3255,#3256,#3257)) REPRESENTATION_CONTEXT
('Context #1','3D Context with UNIT and UNCERTAINTY') );
#3255 = ( LENGTH_UNIT() NAMED_UNIT(*) SI_UNIT(.MILLI.,.METRE.) );
#3256 = ( NAMED_UNIT(*) PLANE_ANGLE_UNIT() SI_UNIT($,.RADIAN.) );
#3257 = ( NAMED_UNIT(*) SI_UNIT($,.STERADIAN.) SOLID_ANGLE_UNIT() );
#3258 = UNCERTAINTY_MEASURE_WITH_UNIT(LENGTH_MEASURE(1.E-07),#3255,
  'distance_accuracy_value','confusion accuracy');
#3259 = CONTEXT_DEPENDENT_SHAPE_REPRESENTATION(#3260,#3262);
#3260 = ( REPRESENTATION_RELATIONSHIP('','',#3103,#10) 
REPRESENTATION_RELATIONSHIP_WITH_TRANSFORMATION(#3261) 
SHAPE_REPRESENTATION_RELATIONSHIP() );
#3261 = ITEM_DEFINED_TRANSFORMATION('','',#11,#71);
#3262 = PRODUCT_DEFINITION_SHAPE('Placement','Placement of an item',
  #3263);
#3263 = NEXT_ASSEMBLY_USAGE_OCCURRENCE('79','横向木格栅 08','',#5,
  #3098,$);
#3264 = PRODUCT_RELATED_PRODUCT_CATEGORY('part',$,(#3100));
#3265 = SHAPE_DEFINITION_REPRESENTATION(#3266,#3272);
#3266 = PRODUCT_DEFINITION_SHAPE('','',#3267);
#3267 = PRODUCT_DEFINITION('design','',#3268,#3271);
#3268 = PRODUCT_DEFINITION_FORMATION('','',#3269);
#3269 = PRODUCT('灯带铝槽占位','灯带铝槽占位','',(#3270));
#3270 = PRODUCT_CONTEXT('',#2,'mechanical');
#3271 = PRODUCT_DEFINITION_CONTEXT('part definition',#2,'design');
#3272 = ADVANCED_BREP_SHAPE_REPRESENTATION('',(#11,#3273),#3423);
#3273 = MANIFOLD_SOLID_BREP('',#3274);
#3274 = CLOSED_SHELL('',(#3275,#3315,#3355,#3377,#3399,#3411));
#3275 = ADVANCED_FACE('',(#3276),#3310,.F.);
#3276 = FACE_BOUND('',#3277,.F.);
#3277 = EDGE_LOOP('',(#3278,#3288,#3296,#3304));
#3278 = ORIENTED_EDGE('',*,*,#3279,.F.);
#3279 = EDGE_CURVE('',#3280,#3282,#3284,.T.);
#3280 = VERTEX_POINT('',#3281);
#3281 = CARTESIAN_POINT('',(18.,7.,128.));
#3282 = VERTEX_POINT('',#3283);
#3283 = CARTESIAN_POINT('',(18.,7.,130.));
#3284 = LINE('',#3285,#3286);
#3285 = CARTESIAN_POINT('',(18.,7.,128.));
#3286 = VECTOR('',#3287,1.);
#3287 = DIRECTION('',(0.,0.,1.));
#3288 = ORIENTED_EDGE('',*,*,#3289,.T.);
#3289 = EDGE_CURVE('',#3280,#3290,#3292,.T.);
#3290 = VERTEX_POINT('',#3291);
#3291 = CARTESIAN_POINT('',(18.,21.,128.));
#3292 = LINE('',#3293,#3294);
#3293 = CARTESIAN_POINT('',(18.,7.,128.));
#3294 = VECTOR('',#3295,1.);
#3295 = DIRECTION('',(-0.,1.,0.));
#3296 = ORIENTED_EDGE('',*,*,#3297,.T.);
#3297 = EDGE_CURVE('',#3290,#3298,#3300,.T.);
#3298 = VERTEX_POINT('',#3299);
#3299 = CARTESIAN_POINT('',(18.,21.,130.));
#3300 = LINE('',#3301,#3302);
#3301 = CARTESIAN_POINT('',(18.,21.,128.));
#3302 = VECTOR('',#3303,1.);
#3303 = DIRECTION('',(0.,0.,1.));
#3304 = ORIENTED_EDGE('',*,*,#3305,.F.);
#3305 = EDGE_CURVE('',#3282,#3298,#3306,.T.);
#3306 = LINE('',#3307,#3308);
#3307 = CARTESIAN_POINT('',(18.,7.,130.));
#3308 = VECTOR('',#3309,1.);
#3309 = DIRECTION('',(-0.,1.,0.));
#3310 = PLANE('',#3311);
#3311 = AXIS2_PLACEMENT_3D('',#3312,#3313,#3314);
#3312 = CARTESIAN_POINT('',(18.,7.,128.));
#3313 = DIRECTION('',(1.,0.,-0.));
#3314 = DIRECTION('',(0.,0.,1.));
#3315 = ADVANCED_FACE('',(#3316),#3350,.T.);
#3316 = FACE_BOUND('',#3317,.T.);
#3317 = EDGE_LOOP('',(#3318,#3328,#3336,#3344));
#3318 = ORIENTED_EDGE('',*,*,#3319,.F.);
#3319 = EDGE_CURVE('',#3320,#3322,#3324,.T.);
#3320 = VERTEX_POINT('',#3321);
#3321 = CARTESIAN_POINT('',(432.,7.,128.));
#3322 = VERTEX_POINT('',#3323);
#3323 = CARTESIAN_POINT('',(432.,7.,130.));
#3324 = LINE('',#3325,#3326);
#3325 = CARTESIAN_POINT('',(432.,7.,128.));
#3326 = VECTOR('',#3327,1.);
#3327 = DIRECTION('',(0.,0.,1.));
#3328 = ORIENTED_EDGE('',*,*,#3329,.T.);
#3329 = EDGE_CURVE('',#3320,#3330,#3332,.T.);
#3330 = VERTEX_POINT('',#3331);
#3331 = CARTESIAN_POINT('',(432.,21.,128.));
#3332 = LINE('',#3333,#3334);
#3333 = CARTESIAN_POINT('',(432.,7.,128.));
#3334 = VECTOR('',#3335,1.);
#3335 = DIRECTION('',(-0.,1.,0.));
#3336 = ORIENTED_EDGE('',*,*,#3337,.T.);
#3337 = EDGE_CURVE('',#3330,#3338,#3340,.T.);
#3338 = VERTEX_POINT('',#3339);
#3339 = CARTESIAN_POINT('',(432.,21.,130.));
#3340 = LINE('',#3341,#3342);
#3341 = CARTESIAN_POINT('',(432.,21.,128.));
#3342 = VECTOR('',#3343,1.);
#3343 = DIRECTION('',(0.,0.,1.));
#3344 = ORIENTED_EDGE('',*,*,#3345,.F.);
#3345 = EDGE_CURVE('',#3322,#3338,#3346,.T.);
#3346 = LINE('',#3347,#3348);
#3347 = CARTESIAN_POINT('',(432.,7.,130.));
#3348 = VECTOR('',#3349,1.);
#3349 = DIRECTION('',(-0.,1.,0.));
#3350 = PLANE('',#3351);
#3351 = AXIS2_PLACEMENT_3D('',#3352,#3353,#3354);
#3352 = CARTESIAN_POINT('',(432.,7.,128.));
#3353 = DIRECTION('',(1.,0.,-0.));
#3354 = DIRECTION('',(0.,0.,1.));
#3355 = ADVANCED_FACE('',(#3356),#3372,.F.);
#3356 = FACE_BOUND('',#3357,.F.);
#3357 = EDGE_LOOP('',(#3358,#3364,#3365,#3371));
#3358 = ORIENTED_EDGE('',*,*,#3359,.F.);
#3359 = EDGE_CURVE('',#3280,#3320,#3360,.T.);
#3360 = LINE('',#3361,#3362);
#3361 = CARTESIAN_POINT('',(18.,7.,128.));
#3362 = VECTOR('',#3363,1.);
#3363 = DIRECTION('',(1.,0.,-0.));
#3364 = ORIENTED_EDGE('',*,*,#3279,.T.);
#3365 = ORIENTED_EDGE('',*,*,#3366,.T.);
#3366 = EDGE_CURVE('',#3282,#3322,#3367,.T.);
#3367 = LINE('',#3368,#3369);
#3368 = CARTESIAN_POINT('',(18.,7.,130.));
#3369 = VECTOR('',#3370,1.);
#3370 = DIRECTION('',(1.,0.,-0.));
#3371 = ORIENTED_EDGE('',*,*,#3319,.F.);
#3372 = PLANE('',#3373);
#3373 = AXIS2_PLACEMENT_3D('',#3374,#3375,#3376);
#3374 = CARTESIAN_POINT('',(18.,7.,128.));
#3375 = DIRECTION('',(-0.,1.,0.));
#3376 = DIRECTION('',(0.,0.,1.));
#3377 = ADVANCED_FACE('',(#3378),#3394,.T.);
#3378 = FACE_BOUND('',#3379,.T.);
#3379 = EDGE_LOOP('',(#3380,#3386,#3387,#3393));
#3380 = ORIENTED_EDGE('',*,*,#3381,.F.);
#3381 = EDGE_CURVE('',#3290,#3330,#3382,.T.);
#3382 = LINE('',#3383,#3384);
#3383 = CARTESIAN_POINT('',(18.,21.,128.));
#3384 = VECTOR('',#3385,1.);
#3385 = DIRECTION('',(1.,0.,-0.));
#3386 = ORIENTED_EDGE('',*,*,#3297,.T.);
#3387 = ORIENTED_EDGE('',*,*,#3388,.T.);
#3388 = EDGE_CURVE('',#3298,#3338,#3389,.T.);
#3389 = LINE('',#3390,#3391);
#3390 = CARTESIAN_POINT('',(18.,21.,130.));
#3391 = VECTOR('',#3392,1.);
#3392 = DIRECTION('',(1.,0.,-0.));
#3393 = ORIENTED_EDGE('',*,*,#3337,.F.);
#3394 = PLANE('',#3395);
#3395 = AXIS2_PLACEMENT_3D('',#3396,#3397,#3398);
#3396 = CARTESIAN_POINT('',(18.,21.,128.));
#3397 = DIRECTION('',(-0.,1.,0.));
#3398 = DIRECTION('',(0.,0.,1.));
#3399 = ADVANCED_FACE('',(#3400),#3406,.F.);
#3400 = FACE_BOUND('',#3401,.F.);
#3401 = EDGE_LOOP('',(#3402,#3403,#3404,#3405));
#3402 = ORIENTED_EDGE('',*,*,#3289,.F.);
#3403 = ORIENTED_EDGE('',*,*,#3359,.T.);
#3404 = ORIENTED_EDGE('',*,*,#3329,.T.);
#3405 = ORIENTED_EDGE('',*,*,#3381,.F.);
#3406 = PLANE('',#3407);
#3407 = AXIS2_PLACEMENT_3D('',#3408,#3409,#3410);
#3408 = CARTESIAN_POINT('',(18.,7.,128.));
#3409 = DIRECTION('',(0.,0.,1.));
#3410 = DIRECTION('',(1.,0.,-0.));
#3411 = ADVANCED_FACE('',(#3412),#3418,.T.);
#3412 = FACE_BOUND('',#3413,.T.);
#3413 = EDGE_LOOP('',(#3414,#3415,#3416,#3417));
#3414 = ORIENTED_EDGE('',*,*,#3305,.F.);
#3415 = ORIENTED_EDGE('',*,*,#3366,.T.);
#3416 = ORIENTED_EDGE('',*,*,#3345,.T.);
#3417 = ORIENTED_EDGE('',*,*,#3388,.F.);
#3418 = PLANE('',#3419);
#3419 = AXIS2_PLACEMENT_3D('',#3420,#3421,#3422);
#3420 = CARTESIAN_POINT('',(18.,7.,130.));
#3421 = DIRECTION('',(0.,0.,1.));
#3422 = DIRECTION('',(1.,0.,-0.));
#3423 = ( GEOMETRIC_REPRESENTATION_CONTEXT(3) 
GLOBAL_UNCERTAINTY_ASSIGNED_CONTEXT((#3427)) 
GLOBAL_UNIT_ASSIGNED_CONTEXT((#3424,#3425,#3426)) REPRESENTATION_CONTEXT
('Context #1','3D Context with UNIT and UNCERTAINTY') );
#3424 = ( LENGTH_UNIT() NAMED_UNIT(*) SI_UNIT(.MILLI.,.METRE.) );
#3425 = ( NAMED_UNIT(*) PLANE_ANGLE_UNIT() SI_UNIT($,.RADIAN.) );
#3426 = ( NAMED_UNIT(*) SI_UNIT($,.STERADIAN.) SOLID_ANGLE_UNIT() );
#3427 = UNCERTAINTY_MEASURE_WITH_UNIT(LENGTH_MEASURE(1.E-07),#3424,
  'distance_accuracy_value','confusion accuracy');
#3428 = CONTEXT_DEPENDENT_SHAPE_REPRESENTATION(#3429,#3431);
#3429 = ( REPRESENTATION_RELATIONSHIP('','',#3272,#10) 
REPRESENTATION_RELATIONSHIP_WITH_TRANSFORMATION(#3430) 
SHAPE_REPRESENTATION_RELATIONSHIP() );
#3430 = ITEM_DEFINED_TRANSFORMATION('','',#11,#75);
#3431 = PRODUCT_DEFINITION_SHAPE('Placement','Placement of an item',
  #3432);
#3432 = NEXT_ASSEMBLY_USAGE_OCCURRENCE('80','灯带铝槽占位','',#5,
  #3267,$);
#3433 = PRODUCT_RELATED_PRODUCT_CATEGORY('part',$,(#3269));
#3434 = SHAPE_DEFINITION_REPRESENTATION(#3435,#3441);
#3435 = PRODUCT_DEFINITION_SHAPE('','',#3436);
#3436 = PRODUCT_DEFINITION('design','',#3437,#3440);
#3437 = PRODUCT_DEFINITION_FORMATION('','',#3438);
#3438 = PRODUCT('3000 K 暖光扩散片','3000 K 暖光扩散片','',(
    #3439));
#3439 = PRODUCT_CONTEXT('',#2,'mechanical');
#3440 = PRODUCT_DEFINITION_CONTEXT('part definition',#2,'design');
#3441 = ADVANCED_BREP_SHAPE_REPRESENTATION('',(#11,#3442),#3592);
#3442 = MANIFOLD_SOLID_BREP('',#3443);
#3443 = CLOSED_SHELL('',(#3444,#3484,#3524,#3546,#3568,#3580));
#3444 = ADVANCED_FACE('',(#3445),#3479,.F.);
#3445 = FACE_BOUND('',#3446,.F.);
#3446 = EDGE_LOOP('',(#3447,#3457,#3465,#3473));
#3447 = ORIENTED_EDGE('',*,*,#3448,.F.);
#3448 = EDGE_CURVE('',#3449,#3451,#3453,.T.);
#3449 = VERTEX_POINT('',#3450);
#3450 = CARTESIAN_POINT('',(20.,8.,127.));
#3451 = VERTEX_POINT('',#3452);
#3452 = CARTESIAN_POINT('',(20.,8.,128.));
#3453 = LINE('',#3454,#3455);
#3454 = CARTESIAN_POINT('',(20.,8.,127.));
#3455 = VECTOR('',#3456,1.);
#3456 = DIRECTION('',(0.,0.,1.));
#3457 = ORIENTED_EDGE('',*,*,#3458,.T.);
#3458 = EDGE_CURVE('',#3449,#3459,#3461,.T.);
#3459 = VERTEX_POINT('',#3460);
#3460 = CARTESIAN_POINT('',(20.,20.,127.));
#3461 = LINE('',#3462,#3463);
#3462 = CARTESIAN_POINT('',(20.,8.,127.));
#3463 = VECTOR('',#3464,1.);
#3464 = DIRECTION('',(-0.,1.,0.));
#3465 = ORIENTED_EDGE('',*,*,#3466,.T.);
#3466 = EDGE_CURVE('',#3459,#3467,#3469,.T.);
#3467 = VERTEX_POINT('',#3468);
#3468 = CARTESIAN_POINT('',(20.,20.,128.));
#3469 = LINE('',#3470,#3471);
#3470 = CARTESIAN_POINT('',(20.,20.,127.));
#3471 = VECTOR('',#3472,1.);
#3472 = DIRECTION('',(0.,0.,1.));
#3473 = ORIENTED_EDGE('',*,*,#3474,.F.);
#3474 = EDGE_CURVE('',#3451,#3467,#3475,.T.);
#3475 = LINE('',#3476,#3477);
#3476 = CARTESIAN_POINT('',(20.,8.,128.));
#3477 = VECTOR('',#3478,1.);
#3478 = DIRECTION('',(-0.,1.,0.));
#3479 = PLANE('',#3480);
#3480 = AXIS2_PLACEMENT_3D('',#3481,#3482,#3483);
#3481 = CARTESIAN_POINT('',(20.,8.,127.));
#3482 = DIRECTION('',(1.,0.,-0.));
#3483 = DIRECTION('',(0.,0.,1.));
#3484 = ADVANCED_FACE('',(#3485),#3519,.T.);
#3485 = FACE_BOUND('',#3486,.T.);
#3486 = EDGE_LOOP('',(#3487,#3497,#3505,#3513));
#3487 = ORIENTED_EDGE('',*,*,#3488,.F.);
#3488 = EDGE_CURVE('',#3489,#3491,#3493,.T.);
#3489 = VERTEX_POINT('',#3490);
#3490 = CARTESIAN_POINT('',(430.,8.,127.));
#3491 = VERTEX_POINT('',#3492);
#3492 = CARTESIAN_POINT('',(430.,8.,128.));
#3493 = LINE('',#3494,#3495);
#3494 = CARTESIAN_POINT('',(430.,8.,127.));
#3495 = VECTOR('',#3496,1.);
#3496 = DIRECTION('',(0.,0.,1.));
#3497 = ORIENTED_EDGE('',*,*,#3498,.T.);
#3498 = EDGE_CURVE('',#3489,#3499,#3501,.T.);
#3499 = VERTEX_POINT('',#3500);
#3500 = CARTESIAN_POINT('',(430.,20.,127.));
#3501 = LINE('',#3502,#3503);
#3502 = CARTESIAN_POINT('',(430.,8.,127.));
#3503 = VECTOR('',#3504,1.);
#3504 = DIRECTION('',(-0.,1.,0.));
#3505 = ORIENTED_EDGE('',*,*,#3506,.T.);
#3506 = EDGE_CURVE('',#3499,#3507,#3509,.T.);
#3507 = VERTEX_POINT('',#3508);
#3508 = CARTESIAN_POINT('',(430.,20.,128.));
#3509 = LINE('',#3510,#3511);
#3510 = CARTESIAN_POINT('',(430.,20.,127.));
#3511 = VECTOR('',#3512,1.);
#3512 = DIRECTION('',(0.,0.,1.));
#3513 = ORIENTED_EDGE('',*,*,#3514,.F.);
#3514 = EDGE_CURVE('',#3491,#3507,#3515,.T.);
#3515 = LINE('',#3516,#3517);
#3516 = CARTESIAN_POINT('',(430.,8.,128.));
#3517 = VECTOR('',#3518,1.);
#3518 = DIRECTION('',(-0.,1.,0.));
#3519 = PLANE('',#3520);
#3520 = AXIS2_PLACEMENT_3D('',#3521,#3522,#3523);
#3521 = CARTESIAN_POINT('',(430.,8.,127.));
#3522 = DIRECTION('',(1.,0.,-0.));
#3523 = DIRECTION('',(0.,0.,1.));
#3524 = ADVANCED_FACE('',(#3525),#3541,.F.);
#3525 = FACE_BOUND('',#3526,.F.);
#3526 = EDGE_LOOP('',(#3527,#3533,#3534,#3540));
#3527 = ORIENTED_EDGE('',*,*,#3528,.F.);
#3528 = EDGE_CURVE('',#3449,#3489,#3529,.T.);
#3529 = LINE('',#3530,#3531);
#3530 = CARTESIAN_POINT('',(20.,8.,127.));
#3531 = VECTOR('',#3532,1.);
#3532 = DIRECTION('',(1.,0.,-0.));
#3533 = ORIENTED_EDGE('',*,*,#3448,.T.);
#3534 = ORIENTED_EDGE('',*,*,#3535,.T.);
#3535 = EDGE_CURVE('',#3451,#3491,#3536,.T.);
#3536 = LINE('',#3537,#3538);
#3537 = CARTESIAN_POINT('',(20.,8.,128.));
#3538 = VECTOR('',#3539,1.);
#3539 = DIRECTION('',(1.,0.,-0.));
#3540 = ORIENTED_EDGE('',*,*,#3488,.F.);
#3541 = PLANE('',#3542);
#3542 = AXIS2_PLACEMENT_3D('',#3543,#3544,#3545);
#3543 = CARTESIAN_POINT('',(20.,8.,127.));
#3544 = DIRECTION('',(-0.,1.,0.));
#3545 = DIRECTION('',(0.,0.,1.));
#3546 = ADVANCED_FACE('',(#3547),#3563,.T.);
#3547 = FACE_BOUND('',#3548,.T.);
#3548 = EDGE_LOOP('',(#3549,#3555,#3556,#3562));
#3549 = ORIENTED_EDGE('',*,*,#3550,.F.);
#3550 = EDGE_CURVE('',#3459,#3499,#3551,.T.);
#3551 = LINE('',#3552,#3553);
#3552 = CARTESIAN_POINT('',(20.,20.,127.));
#3553 = VECTOR('',#3554,1.);
#3554 = DIRECTION('',(1.,0.,-0.));
#3555 = ORIENTED_EDGE('',*,*,#3466,.T.);
#3556 = ORIENTED_EDGE('',*,*,#3557,.T.);
#3557 = EDGE_CURVE('',#3467,#3507,#3558,.T.);
#3558 = LINE('',#3559,#3560);
#3559 = CARTESIAN_POINT('',(20.,20.,128.));
#3560 = VECTOR('',#3561,1.);
#3561 = DIRECTION('',(1.,0.,-0.));
#3562 = ORIENTED_EDGE('',*,*,#3506,.F.);
#3563 = PLANE('',#3564);
#3564 = AXIS2_PLACEMENT_3D('',#3565,#3566,#3567);
#3565 = CARTESIAN_POINT('',(20.,20.,127.));
#3566 = DIRECTION('',(-0.,1.,0.));
#3567 = DIRECTION('',(0.,0.,1.));
#3568 = ADVANCED_FACE('',(#3569),#3575,.F.);
#3569 = FACE_BOUND('',#3570,.F.);
#3570 = EDGE_LOOP('',(#3571,#3572,#3573,#3574));
#3571 = ORIENTED_EDGE('',*,*,#3458,.F.);
#3572 = ORIENTED_EDGE('',*,*,#3528,.T.);
#3573 = ORIENTED_EDGE('',*,*,#3498,.T.);
#3574 = ORIENTED_EDGE('',*,*,#3550,.F.);
#3575 = PLANE('',#3576);
#3576 = AXIS2_PLACEMENT_3D('',#3577,#3578,#3579);
#3577 = CARTESIAN_POINT('',(20.,8.,127.));
#3578 = DIRECTION('',(0.,0.,1.));
#3579 = DIRECTION('',(1.,0.,-0.));
#3580 = ADVANCED_FACE('',(#3581),#3587,.T.);
#3581 = FACE_BOUND('',#3582,.T.);
#3582 = EDGE_LOOP('',(#3583,#3584,#3585,#3586));
#3583 = ORIENTED_EDGE('',*,*,#3474,.F.);
#3584 = ORIENTED_EDGE('',*,*,#3535,.T.);
#3585 = ORIENTED_EDGE('',*,*,#3514,.T.);
#3586 = ORIENTED_EDGE('',*,*,#3557,.F.);
#3587 = PLANE('',#3588);
#3588 = AXIS2_PLACEMENT_3D('',#3589,#3590,#3591);
#3589 = CARTESIAN_POINT('',(20.,8.,128.));
#3590 = DIRECTION('',(0.,0.,1.));
#3591 = DIRECTION('',(1.,0.,-0.));
#3592 = ( GEOMETRIC_REPRESENTATION_CONTEXT(3) 
GLOBAL_UNCERTAINTY_ASSIGNED_CONTEXT((#3596)) 
GLOBAL_UNIT_ASSIGNED_CONTEXT((#3593,#3594,#3595)) REPRESENTATION_CONTEXT
('Context #1','3D Context with UNIT and UNCERTAINTY') );
#3593 = ( LENGTH_UNIT() NAMED_UNIT(*) SI_UNIT(.MILLI.,.METRE.) );
#3594 = ( NAMED_UNIT(*) PLANE_ANGLE_UNIT() SI_UNIT($,.RADIAN.) );
#3595 = ( NAMED_UNIT(*) SI_UNIT($,.STERADIAN.) SOLID_ANGLE_UNIT() );
#3596 = UNCERTAINTY_MEASURE_WITH_UNIT(LENGTH_MEASURE(1.E-07),#3593,
  'distance_accuracy_value','confusion accuracy');
#3597 = CONTEXT_DEPENDENT_SHAPE_REPRESENTATION(#3598,#3600);
#3598 = ( REPRESENTATION_RELATIONSHIP('','',#3441,#10) 
REPRESENTATION_RELATIONSHIP_WITH_TRANSFORMATION(#3599) 
SHAPE_REPRESENTATION_RELATIONSHIP() );
#3599 = ITEM_DEFINED_TRANSFORMATION('','',#11,#79);
#3600 = PRODUCT_DEFINITION_SHAPE('Placement','Placement of an item',
  #3601);
#3601 = NEXT_ASSEMBLY_USAGE_OCCURRENCE('81','3000 K 暖光扩散片','',
  #5,#3436,$);
#3602 = PRODUCT_RELATED_PRODUCT_CATEGORY('part',$,(#3438));
#3603 = SHAPE_DEFINITION_REPRESENTATION(#3604,#3610);
#3604 = PRODUCT_DEFINITION_SHAPE('','',#3605);
#3605 = PRODUCT_DEFINITION('design','',#3606,#3609);
#3606 = PRODUCT_DEFINITION_FORMATION('','',#3607);
#3607 = PRODUCT('后部两侧隔振承托梁',
  '后部两侧隔振承托梁','',(#3608));
#3608 = PRODUCT_CONTEXT('',#2,'mechanical');
#3609 = PRODUCT_DEFINITION_CONTEXT('part definition',#2,'design');
#3610 = SHAPE_REPRESENTATION('',(#11,#3611,#3761),#3911);
#3611 = MANIFOLD_SOLID_BREP('',#3612);
#3612 = CLOSED_SHELL('',(#3613,#3653,#3693,#3715,#3737,#3749));
#3613 = ADVANCED_FACE('',(#3614),#3648,.F.);
#3614 = FACE_BOUND('',#3615,.F.);
#3615 = EDGE_LOOP('',(#3616,#3626,#3634,#3642));
#3616 = ORIENTED_EDGE('',*,*,#3617,.F.);
#3617 = EDGE_CURVE('',#3618,#3620,#3622,.T.);
#3618 = VERTEX_POINT('',#3619);
#3619 = CARTESIAN_POINT('',(20.,280.,128.));
#3620 = VERTEX_POINT('',#3621);
#3621 = CARTESIAN_POINT('',(20.,280.,136.));
#3622 = LINE('',#3623,#3624);
#3623 = CARTESIAN_POINT('',(20.,280.,128.));
#3624 = VECTOR('',#3625,1.);
#3625 = DIRECTION('',(0.,0.,1.));
#3626 = ORIENTED_EDGE('',*,*,#3627,.T.);
#3627 = EDGE_CURVE('',#3618,#3628,#3630,.T.);
#3628 = VERTEX_POINT('',#3629);
#3629 = CARTESIAN_POINT('',(20.,310.,128.));
#3630 = LINE('',#3631,#3632);
#3631 = CARTESIAN_POINT('',(20.,280.,128.));
#3632 = VECTOR('',#3633,1.);
#3633 = DIRECTION('',(-0.,1.,0.));
#3634 = ORIENTED_EDGE('',*,*,#3635,.T.);
#3635 = EDGE_CURVE('',#3628,#3636,#3638,.T.);
#3636 = VERTEX_POINT('',#3637);
#3637 = CARTESIAN_POINT('',(20.,310.,136.));
#3638 = LINE('',#3639,#3640);
#3639 = CARTESIAN_POINT('',(20.,310.,128.));
#3640 = VECTOR('',#3641,1.);
#3641 = DIRECTION('',(0.,0.,1.));
#3642 = ORIENTED_EDGE('',*,*,#3643,.F.);
#3643 = EDGE_CURVE('',#3620,#3636,#3644,.T.);
#3644 = LINE('',#3645,#3646);
#3645 = CARTESIAN_POINT('',(20.,280.,136.));
#3646 = VECTOR('',#3647,1.);
#3647 = DIRECTION('',(-0.,1.,0.));
#3648 = PLANE('',#3649);
#3649 = AXIS2_PLACEMENT_3D('',#3650,#3651,#3652);
#3650 = CARTESIAN_POINT('',(20.,280.,128.));
#3651 = DIRECTION('',(1.,0.,-0.));
#3652 = DIRECTION('',(0.,0.,1.));
#3653 = ADVANCED_FACE('',(#3654),#3688,.T.);
#3654 = FACE_BOUND('',#3655,.T.);
#3655 = EDGE_LOOP('',(#3656,#3666,#3674,#3682));
#3656 = ORIENTED_EDGE('',*,*,#3657,.F.);
#3657 = EDGE_CURVE('',#3658,#3660,#3662,.T.);
#3658 = VERTEX_POINT('',#3659);
#3659 = CARTESIAN_POINT('',(129.,280.,128.));
#3660 = VERTEX_POINT('',#3661);
#3661 = CARTESIAN_POINT('',(129.,280.,136.));
#3662 = LINE('',#3663,#3664);
#3663 = CARTESIAN_POINT('',(129.,280.,128.));
#3664 = VECTOR('',#3665,1.);
#3665 = DIRECTION('',(0.,0.,1.));
#3666 = ORIENTED_EDGE('',*,*,#3667,.T.);
#3667 = EDGE_CURVE('',#3658,#3668,#3670,.T.);
#3668 = VERTEX_POINT('',#3669);
#3669 = CARTESIAN_POINT('',(129.,310.,128.));
#3670 = LINE('',#3671,#3672);
#3671 = CARTESIAN_POINT('',(129.,280.,128.));
#3672 = VECTOR('',#3673,1.);
#3673 = DIRECTION('',(-0.,1.,0.));
#3674 = ORIENTED_EDGE('',*,*,#3675,.T.);
#3675 = EDGE_CURVE('',#3668,#3676,#3678,.T.);
#3676 = VERTEX_POINT('',#3677);
#3677 = CARTESIAN_POINT('',(129.,310.,136.));
#3678 = LINE('',#3679,#3680);
#3679 = CARTESIAN_POINT('',(129.,310.,128.));
#3680 = VECTOR('',#3681,1.);
#3681 = DIRECTION('',(0.,0.,1.));
#3682 = ORIENTED_EDGE('',*,*,#3683,.F.);
#3683 = EDGE_CURVE('',#3660,#3676,#3684,.T.);
#3684 = LINE('',#3685,#3686);
#3685 = CARTESIAN_POINT('',(129.,280.,136.));
#3686 = VECTOR('',#3687,1.);
#3687 = DIRECTION('',(-0.,1.,0.));
#3688 = PLANE('',#3689);
#3689 = AXIS2_PLACEMENT_3D('',#3690,#3691,#3692);
#3690 = CARTESIAN_POINT('',(129.,280.,128.));
#3691 = DIRECTION('',(1.,0.,-0.));
#3692 = DIRECTION('',(0.,0.,1.));
#3693 = ADVANCED_FACE('',(#3694),#3710,.F.);
#3694 = FACE_BOUND('',#3695,.F.);
#3695 = EDGE_LOOP('',(#3696,#3702,#3703,#3709));
#3696 = ORIENTED_EDGE('',*,*,#3697,.F.);
#3697 = EDGE_CURVE('',#3618,#3658,#3698,.T.);
#3698 = LINE('',#3699,#3700);
#3699 = CARTESIAN_POINT('',(20.,280.,128.));
#3700 = VECTOR('',#3701,1.);
#3701 = DIRECTION('',(1.,0.,-0.));
#3702 = ORIENTED_EDGE('',*,*,#3617,.T.);
#3703 = ORIENTED_EDGE('',*,*,#3704,.T.);
#3704 = EDGE_CURVE('',#3620,#3660,#3705,.T.);
#3705 = LINE('',#3706,#3707);
#3706 = CARTESIAN_POINT('',(20.,280.,136.));
#3707 = VECTOR('',#3708,1.);
#3708 = DIRECTION('',(1.,0.,-0.));
#3709 = ORIENTED_EDGE('',*,*,#3657,.F.);
#3710 = PLANE('',#3711);
#3711 = AXIS2_PLACEMENT_3D('',#3712,#3713,#3714);
#3712 = CARTESIAN_POINT('',(20.,280.,128.));
#3713 = DIRECTION('',(-0.,1.,0.));
#3714 = DIRECTION('',(0.,0.,1.));
#3715 = ADVANCED_FACE('',(#3716),#3732,.T.);
#3716 = FACE_BOUND('',#3717,.T.);
#3717 = EDGE_LOOP('',(#3718,#3724,#3725,#3731));
#3718 = ORIENTED_EDGE('',*,*,#3719,.F.);
#3719 = EDGE_CURVE('',#3628,#3668,#3720,.T.);
#3720 = LINE('',#3721,#3722);
#3721 = CARTESIAN_POINT('',(20.,310.,128.));
#3722 = VECTOR('',#3723,1.);
#3723 = DIRECTION('',(1.,0.,-0.));
#3724 = ORIENTED_EDGE('',*,*,#3635,.T.);
#3725 = ORIENTED_EDGE('',*,*,#3726,.T.);
#3726 = EDGE_CURVE('',#3636,#3676,#3727,.T.);
#3727 = LINE('',#3728,#3729);
#3728 = CARTESIAN_POINT('',(20.,310.,136.));
#3729 = VECTOR('',#3730,1.);
#3730 = DIRECTION('',(1.,0.,-0.));
#3731 = ORIENTED_EDGE('',*,*,#3675,.F.);
#3732 = PLANE('',#3733);
#3733 = AXIS2_PLACEMENT_3D('',#3734,#3735,#3736);
#3734 = CARTESIAN_POINT('',(20.,310.,128.));
#3735 = DIRECTION('',(-0.,1.,0.));
#3736 = DIRECTION('',(0.,0.,1.));
#3737 = ADVANCED_FACE('',(#3738),#3744,.F.);
#3738 = FACE_BOUND('',#3739,.F.);
#3739 = EDGE_LOOP('',(#3740,#3741,#3742,#3743));
#3740 = ORIENTED_EDGE('',*,*,#3627,.F.);
#3741 = ORIENTED_EDGE('',*,*,#3697,.T.);
#3742 = ORIENTED_EDGE('',*,*,#3667,.T.);
#3743 = ORIENTED_EDGE('',*,*,#3719,.F.);
#3744 = PLANE('',#3745);
#3745 = AXIS2_PLACEMENT_3D('',#3746,#3747,#3748);
#3746 = CARTESIAN_POINT('',(20.,280.,128.));
#3747 = DIRECTION('',(0.,0.,1.));
#3748 = DIRECTION('',(1.,0.,-0.));
#3749 = ADVANCED_FACE('',(#3750),#3756,.T.);
#3750 = FACE_BOUND('',#3751,.T.);
#3751 = EDGE_LOOP('',(#3752,#3753,#3754,#3755));
#3752 = ORIENTED_EDGE('',*,*,#3643,.F.);
#3753 = ORIENTED_EDGE('',*,*,#3704,.T.);
#3754 = ORIENTED_EDGE('',*,*,#3683,.T.);
#3755 = ORIENTED_EDGE('',*,*,#3726,.F.);
#3756 = PLANE('',#3757);
#3757 = AXIS2_PLACEMENT_3D('',#3758,#3759,#3760);
#3758 = CARTESIAN_POINT('',(20.,280.,136.));
#3759 = DIRECTION('',(0.,0.,1.));
#3760 = DIRECTION('',(1.,0.,-0.));
#3761 = MANIFOLD_SOLID_BREP('',#3762);
#3762 = CLOSED_SHELL('',(#3763,#3803,#3843,#3865,#3887,#3899));
#3763 = ADVANCED_FACE('',(#3764),#3798,.F.);
#3764 = FACE_BOUND('',#3765,.F.);
#3765 = EDGE_LOOP('',(#3766,#3776,#3784,#3792));
#3766 = ORIENTED_EDGE('',*,*,#3767,.F.);
#3767 = EDGE_CURVE('',#3768,#3770,#3772,.T.);
#3768 = VERTEX_POINT('',#3769);
#3769 = CARTESIAN_POINT('',(321.,280.,128.));
#3770 = VERTEX_POINT('',#3771);
#3771 = CARTESIAN_POINT('',(321.,280.,136.));
#3772 = LINE('',#3773,#3774);
#3773 = CARTESIAN_POINT('',(321.,280.,128.));
#3774 = VECTOR('',#3775,1.);
#3775 = DIRECTION('',(0.,0.,1.));
#3776 = ORIENTED_EDGE('',*,*,#3777,.T.);
#3777 = EDGE_CURVE('',#3768,#3778,#3780,.T.);
#3778 = VERTEX_POINT('',#3779);
#3779 = CARTESIAN_POINT('',(321.,310.,128.));
#3780 = LINE('',#3781,#3782);
#3781 = CARTESIAN_POINT('',(321.,280.,128.));
#3782 = VECTOR('',#3783,1.);
#3783 = DIRECTION('',(-0.,1.,0.));
#3784 = ORIENTED_EDGE('',*,*,#3785,.T.);
#3785 = EDGE_CURVE('',#3778,#3786,#3788,.T.);
#3786 = VERTEX_POINT('',#3787);
#3787 = CARTESIAN_POINT('',(321.,310.,136.));
#3788 = LINE('',#3789,#3790);
#3789 = CARTESIAN_POINT('',(321.,310.,128.));
#3790 = VECTOR('',#3791,1.);
#3791 = DIRECTION('',(0.,0.,1.));
#3792 = ORIENTED_EDGE('',*,*,#3793,.F.);
#3793 = EDGE_CURVE('',#3770,#3786,#3794,.T.);
#3794 = LINE('',#3795,#3796);
#3795 = CARTESIAN_POINT('',(321.,280.,136.));
#3796 = VECTOR('',#3797,1.);
#3797 = DIRECTION('',(-0.,1.,0.));
#3798 = PLANE('',#3799);
#3799 = AXIS2_PLACEMENT_3D('',#3800,#3801,#3802);
#3800 = CARTESIAN_POINT('',(321.,280.,128.));
#3801 = DIRECTION('',(1.,0.,-0.));
#3802 = DIRECTION('',(0.,0.,1.));
#3803 = ADVANCED_FACE('',(#3804),#3838,.T.);
#3804 = FACE_BOUND('',#3805,.T.);
#3805 = EDGE_LOOP('',(#3806,#3816,#3824,#3832));
#3806 = ORIENTED_EDGE('',*,*,#3807,.F.);
#3807 = EDGE_CURVE('',#3808,#3810,#3812,.T.);
#3808 = VERTEX_POINT('',#3809);
#3809 = CARTESIAN_POINT('',(430.,280.,128.));
#3810 = VERTEX_POINT('',#3811);
#3811 = CARTESIAN_POINT('',(430.,280.,136.));
#3812 = LINE('',#3813,#3814);
#3813 = CARTESIAN_POINT('',(430.,280.,128.));
#3814 = VECTOR('',#3815,1.);
#3815 = DIRECTION('',(0.,0.,1.));
#3816 = ORIENTED_EDGE('',*,*,#3817,.T.);
#3817 = EDGE_CURVE('',#3808,#3818,#3820,.T.);
#3818 = VERTEX_POINT('',#3819);
#3819 = CARTESIAN_POINT('',(430.,310.,128.));
#3820 = LINE('',#3821,#3822);
#3821 = CARTESIAN_POINT('',(430.,280.,128.));
#3822 = VECTOR('',#3823,1.);
#3823 = DIRECTION('',(-0.,1.,0.));
#3824 = ORIENTED_EDGE('',*,*,#3825,.T.);
#3825 = EDGE_CURVE('',#3818,#3826,#3828,.T.);
#3826 = VERTEX_POINT('',#3827);
#3827 = CARTESIAN_POINT('',(430.,310.,136.));
#3828 = LINE('',#3829,#3830);
#3829 = CARTESIAN_POINT('',(430.,310.,128.));
#3830 = VECTOR('',#3831,1.);
#3831 = DIRECTION('',(0.,0.,1.));
#3832 = ORIENTED_EDGE('',*,*,#3833,.F.);
#3833 = EDGE_CURVE('',#3810,#3826,#3834,.T.);
#3834 = LINE('',#3835,#3836);
#3835 = CARTESIAN_POINT('',(430.,280.,136.));
#3836 = VECTOR('',#3837,1.);
#3837 = DIRECTION('',(-0.,1.,0.));
#3838 = PLANE('',#3839);
#3839 = AXIS2_PLACEMENT_3D('',#3840,#3841,#3842);
#3840 = CARTESIAN_POINT('',(430.,280.,128.));
#3841 = DIRECTION('',(1.,0.,-0.));
#3842 = DIRECTION('',(0.,0.,1.));
#3843 = ADVANCED_FACE('',(#3844),#3860,.F.);
#3844 = FACE_BOUND('',#3845,.F.);
#3845 = EDGE_LOOP('',(#3846,#3852,#3853,#3859));
#3846 = ORIENTED_EDGE('',*,*,#3847,.F.);
#3847 = EDGE_CURVE('',#3768,#3808,#3848,.T.);
#3848 = LINE('',#3849,#3850);
#3849 = CARTESIAN_POINT('',(321.,280.,128.));
#3850 = VECTOR('',#3851,1.);
#3851 = DIRECTION('',(1.,0.,-0.));
#3852 = ORIENTED_EDGE('',*,*,#3767,.T.);
#3853 = ORIENTED_EDGE('',*,*,#3854,.T.);
#3854 = EDGE_CURVE('',#3770,#3810,#3855,.T.);
#3855 = LINE('',#3856,#3857);
#3856 = CARTESIAN_POINT('',(321.,280.,136.));
#3857 = VECTOR('',#3858,1.);
#3858 = DIRECTION('',(1.,0.,-0.));
#3859 = ORIENTED_EDGE('',*,*,#3807,.F.);
#3860 = PLANE('',#3861);
#3861 = AXIS2_PLACEMENT_3D('',#3862,#3863,#3864);
#3862 = CARTESIAN_POINT('',(321.,280.,128.));
#3863 = DIRECTION('',(-0.,1.,0.));
#3864 = DIRECTION('',(0.,0.,1.));
#3865 = ADVANCED_FACE('',(#3866),#3882,.T.);
#3866 = FACE_BOUND('',#3867,.T.);
#3867 = EDGE_LOOP('',(#3868,#3874,#3875,#3881));
#3868 = ORIENTED_EDGE('',*,*,#3869,.F.);
#3869 = EDGE_CURVE('',#3778,#3818,#3870,.T.);
#3870 = LINE('',#3871,#3872);
#3871 = CARTESIAN_POINT('',(321.,310.,128.));
#3872 = VECTOR('',#3873,1.);
#3873 = DIRECTION('',(1.,0.,-0.));
#3874 = ORIENTED_EDGE('',*,*,#3785,.T.);
#3875 = ORIENTED_EDGE('',*,*,#3876,.T.);
#3876 = EDGE_CURVE('',#3786,#3826,#3877,.T.);
#3877 = LINE('',#3878,#3879);
#3878 = CARTESIAN_POINT('',(321.,310.,136.));
#3879 = VECTOR('',#3880,1.);
#3880 = DIRECTION('',(1.,0.,-0.));
#3881 = ORIENTED_EDGE('',*,*,#3825,.F.);
#3882 = PLANE('',#3883);
#3883 = AXIS2_PLACEMENT_3D('',#3884,#3885,#3886);
#3884 = CARTESIAN_POINT('',(321.,310.,128.));
#3885 = DIRECTION('',(-0.,1.,0.));
#3886 = DIRECTION('',(0.,0.,1.));
#3887 = ADVANCED_FACE('',(#3888),#3894,.F.);
#3888 = FACE_BOUND('',#3889,.F.);
#3889 = EDGE_LOOP('',(#3890,#3891,#3892,#3893));
#3890 = ORIENTED_EDGE('',*,*,#3777,.F.);
#3891 = ORIENTED_EDGE('',*,*,#3847,.T.);
#3892 = ORIENTED_EDGE('',*,*,#3817,.T.);
#3893 = ORIENTED_EDGE('',*,*,#3869,.F.);
#3894 = PLANE('',#3895);
#3895 = AXIS2_PLACEMENT_3D('',#3896,#3897,#3898);
#3896 = CARTESIAN_POINT('',(321.,280.,128.));
#3897 = DIRECTION('',(0.,0.,1.));
#3898 = DIRECTION('',(1.,0.,-0.));
#3899 = ADVANCED_FACE('',(#3900),#3906,.T.);
#3900 = FACE_BOUND('',#3901,.T.);
#3901 = EDGE_LOOP('',(#3902,#3903,#3904,#3905));
#3902 = ORIENTED_EDGE('',*,*,#3793,.F.);
#3903 = ORIENTED_EDGE('',*,*,#3854,.T.);
#3904 = ORIENTED_EDGE('',*,*,#3833,.T.);
#3905 = ORIENTED_EDGE('',*,*,#3876,.F.);
#3906 = PLANE('',#3907);
#3907 = AXIS2_PLACEMENT_3D('',#3908,#3909,#3910);
#3908 = CARTESIAN_POINT('',(321.,280.,136.));
#3909 = DIRECTION('',(0.,0.,1.));
#3910 = DIRECTION('',(1.,0.,-0.));
#3911 = ( GEOMETRIC_REPRESENTATION_CONTEXT(3) 
GLOBAL_UNCERTAINTY_ASSIGNED_CONTEXT((#3915)) 
GLOBAL_UNIT_ASSIGNED_CONTEXT((#3912,#3913,#3914)) REPRESENTATION_CONTEXT
('Context #1','3D Context with UNIT and UNCERTAINTY') );
#3912 = ( LENGTH_UNIT() NAMED_UNIT(*) SI_UNIT(.MILLI.,.METRE.) );
#3913 = ( NAMED_UNIT(*) PLANE_ANGLE_UNIT() SI_UNIT($,.RADIAN.) );
#3914 = ( NAMED_UNIT(*) SI_UNIT($,.STERADIAN.) SOLID_ANGLE_UNIT() );
#3915 = UNCERTAINTY_MEASURE_WITH_UNIT(LENGTH_MEASURE(1.E-07),#3912,
  'distance_accuracy_value','confusion accuracy');
#3916 = CONTEXT_DEPENDENT_SHAPE_REPRESENTATION(#3917,#3919);
#3917 = ( REPRESENTATION_RELATIONSHIP('','',#3610,#10) 
REPRESENTATION_RELATIONSHIP_WITH_TRANSFORMATION(#3918) 
SHAPE_REPRESENTATION_RELATIONSHIP() );
#3918 = ITEM_DEFINED_TRANSFORMATION('','',#11,#83);
#3919 = PRODUCT_DEFINITION_SHAPE('Placement','Placement of an item',
  #3920);
#3920 = NEXT_ASSEMBLY_USAGE_OCCURRENCE('82',
  '后部两侧隔振承托梁','',#5,#3605,$);
#3921 = PRODUCT_RELATED_PRODUCT_CATEGORY('part',$,(#3607));
#3922 = SHAPE_DEFINITION_REPRESENTATION(#3923,#3929);
#3923 = PRODUCT_DEFINITION_SHAPE('','',#3924);
#3924 = PRODUCT_DEFINITION('design','',#3925,#3928);
#3925 = PRODUCT_DEFINITION_FORMATION('','',#3926);
#3926 = PRODUCT('弹性支承 1（刚度待定）',
  '弹性支承 1（刚度待定）','',(#3927));
#3927 = PRODUCT_CONTEXT('',#2,'mechanical');
#3928 = PRODUCT_DEFINITION_CONTEXT('part definition',#2,'design');
#3929 = ADVANCED_BREP_SHAPE_REPRESENTATION('',(#11,#3930),#3983);
#3930 = MANIFOLD_SOLID_BREP('',#3931);
#3931 = CLOSED_SHELL('',(#3932,#3965,#3974));
#3932 = ADVANCED_FACE('',(#3933),#3960,.T.);
#3933 = FACE_BOUND('',#3934,.T.);
#3934 = EDGE_LOOP('',(#3935,#3944,#3952,#3959));
#3935 = ORIENTED_EDGE('',*,*,#3936,.F.);
#3936 = EDGE_CURVE('',#3937,#3937,#3939,.T.);
#3937 = VERTEX_POINT('',#3938);
#3938 = CARTESIAN_POINT('',(52.,100.,144.));
#3939 = CIRCLE('',#3940,8.);
#3940 = AXIS2_PLACEMENT_3D('',#3941,#3942,#3943);
#3941 = CARTESIAN_POINT('',(44.,100.,144.));
#3942 = DIRECTION('',(0.,0.,1.));
#3943 = DIRECTION('',(1.,0.,-0.));
#3944 = ORIENTED_EDGE('',*,*,#3945,.F.);
#3945 = EDGE_CURVE('',#3946,#3937,#3948,.T.);
#3946 = VERTEX_POINT('',#3947);
#3947 = CARTESIAN_POINT('',(52.,100.,136.));
#3948 = LINE('',#3949,#3950);
#3949 = CARTESIAN_POINT('',(52.,100.,136.));
#3950 = VECTOR('',#3951,1.);
#3951 = DIRECTION('',(0.,0.,1.));
#3952 = ORIENTED_EDGE('',*,*,#3953,.T.);
#3953 = EDGE_CURVE('',#3946,#3946,#3954,.T.);
#3954 = CIRCLE('',#3955,8.);
#3955 = AXIS2_PLACEMENT_3D('',#3956,#3957,#3958);
#3956 = CARTESIAN_POINT('',(44.,100.,136.));
#3957 = DIRECTION('',(0.,0.,1.));
#3958 = DIRECTION('',(1.,0.,-0.));
#3959 = ORIENTED_EDGE('',*,*,#3945,.T.);
#3960 = CYLINDRICAL_SURFACE('',#3961,8.);
#3961 = AXIS2_PLACEMENT_3D('',#3962,#3963,#3964);
#3962 = CARTESIAN_POINT('',(44.,100.,136.));
#3963 = DIRECTION('',(0.,0.,1.));
#3964 = DIRECTION('',(1.,0.,-0.));
#3965 = ADVANCED_FACE('',(#3966),#3969,.T.);
#3966 = FACE_BOUND('',#3967,.T.);
#3967 = EDGE_LOOP('',(#3968));
#3968 = ORIENTED_EDGE('',*,*,#3936,.T.);
#3969 = PLANE('',#3970);
#3970 = AXIS2_PLACEMENT_3D('',#3971,#3972,#3973);
#3971 = CARTESIAN_POINT('',(44.,100.,144.));
#3972 = DIRECTION('',(0.,0.,1.));
#3973 = DIRECTION('',(1.,0.,-0.));
#3974 = ADVANCED_FACE('',(#3975),#3978,.F.);
#3975 = FACE_BOUND('',#3976,.T.);
#3976 = EDGE_LOOP('',(#3977));
#3977 = ORIENTED_EDGE('',*,*,#3953,.F.);
#3978 = PLANE('',#3979);
#3979 = AXIS2_PLACEMENT_3D('',#3980,#3981,#3982);
#3980 = CARTESIAN_POINT('',(44.,100.,136.));
#3981 = DIRECTION('',(0.,0.,1.));
#3982 = DIRECTION('',(1.,0.,-0.));
#3983 = ( GEOMETRIC_REPRESENTATION_CONTEXT(3) 
GLOBAL_UNCERTAINTY_ASSIGNED_CONTEXT((#3987)) 
GLOBAL_UNIT_ASSIGNED_CONTEXT((#3984,#3985,#3986)) REPRESENTATION_CONTEXT
('Context #1','3D Context with UNIT and UNCERTAINTY') );
#3984 = ( LENGTH_UNIT() NAMED_UNIT(*) SI_UNIT(.MILLI.,.METRE.) );
#3985 = ( NAMED_UNIT(*) PLANE_ANGLE_UNIT() SI_UNIT($,.RADIAN.) );
#3986 = ( NAMED_UNIT(*) SI_UNIT($,.STERADIAN.) SOLID_ANGLE_UNIT() );
#3987 = UNCERTAINTY_MEASURE_WITH_UNIT(LENGTH_MEASURE(1.E-07),#3984,
  'distance_accuracy_value','confusion accuracy');
#3988 = CONTEXT_DEPENDENT_SHAPE_REPRESENTATION(#3989,#3991);
#3989 = ( REPRESENTATION_RELATIONSHIP('','',#3929,#10) 
REPRESENTATION_RELATIONSHIP_WITH_TRANSFORMATION(#3990) 
SHAPE_REPRESENTATION_RELATIONSHIP() );
#3990 = ITEM_DEFINED_TRANSFORMATION('','',#11,#87);
#3991 = PRODUCT_DEFINITION_SHAPE('Placement','Placement of an item',
  #3992);
#3992 = NEXT_ASSEMBLY_USAGE_OCCURRENCE('83',
  '弹性支承 1（刚度待定）','',#5,#3924,$);
#3993 = PRODUCT_RELATED_PRODUCT_CATEGORY('part',$,(#3926));
#3994 = SHAPE_DEFINITION_REPRESENTATION(#3995,#4001);
#3995 = PRODUCT_DEFINITION_SHAPE('','',#3996);
#3996 = PRODUCT_DEFINITION('design','',#3997,#4000);
#3997 = PRODUCT_DEFINITION_FORMATION('','',#3998);
#3998 = PRODUCT('弹性支承 2（刚度待定）',
  '弹性支承 2（刚度待定）','',(#3999));
#3999 = PRODUCT_CONTEXT('',#2,'mechanical');
#4000 = PRODUCT_DEFINITION_CONTEXT('part definition',#2,'design');
#4001 = ADVANCED_BREP_SHAPE_REPRESENTATION('',(#11,#4002),#4055);
#4002 = MANIFOLD_SOLID_BREP('',#4003);
#4003 = CLOSED_SHELL('',(#4004,#4037,#4046));
#4004 = ADVANCED_FACE('',(#4005),#4032,.T.);
#4005 = FACE_BOUND('',#4006,.T.);
#4006 = EDGE_LOOP('',(#4007,#4016,#4024,#4031));
#4007 = ORIENTED_EDGE('',*,*,#4008,.F.);
#4008 = EDGE_CURVE('',#4009,#4009,#4011,.T.);
#4009 = VERTEX_POINT('',#4010);
#4010 = CARTESIAN_POINT('',(414.,100.,144.));
#4011 = CIRCLE('',#4012,8.);
#4012 = AXIS2_PLACEMENT_3D('',#4013,#4014,#4015);
#4013 = CARTESIAN_POINT('',(406.,100.,144.));
#4014 = DIRECTION('',(0.,0.,1.));
#4015 = DIRECTION('',(1.,0.,-0.));
#4016 = ORIENTED_EDGE('',*,*,#4017,.F.);
#4017 = EDGE_CURVE('',#4018,#4009,#4020,.T.);
#4018 = VERTEX_POINT('',#4019);
#4019 = CARTESIAN_POINT('',(414.,100.,136.));
#4020 = LINE('',#4021,#4022);
#4021 = CARTESIAN_POINT('',(414.,100.,136.));
#4022 = VECTOR('',#4023,1.);
#4023 = DIRECTION('',(0.,0.,1.));
#4024 = ORIENTED_EDGE('',*,*,#4025,.T.);
#4025 = EDGE_CURVE('',#4018,#4018,#4026,.T.);
#4026 = CIRCLE('',#4027,8.);
#4027 = AXIS2_PLACEMENT_3D('',#4028,#4029,#4030);
#4028 = CARTESIAN_POINT('',(406.,100.,136.));
#4029 = DIRECTION('',(0.,0.,1.));
#4030 = DIRECTION('',(1.,0.,-0.));
#4031 = ORIENTED_EDGE('',*,*,#4017,.T.);
#4032 = CYLINDRICAL_SURFACE('',#4033,8.);
#4033 = AXIS2_PLACEMENT_3D('',#4034,#4035,#4036);
#4034 = CARTESIAN_POINT('',(406.,100.,136.));
#4035 = DIRECTION('',(0.,0.,1.));
#4036 = DIRECTION('',(1.,0.,-0.));
#4037 = ADVANCED_FACE('',(#4038),#4041,.T.);
#4038 = FACE_BOUND('',#4039,.T.);
#4039 = EDGE_LOOP('',(#4040));
#4040 = ORIENTED_EDGE('',*,*,#4008,.T.);
#4041 = PLANE('',#4042);
#4042 = AXIS2_PLACEMENT_3D('',#4043,#4044,#4045);
#4043 = CARTESIAN_POINT('',(406.,100.,144.));
#4044 = DIRECTION('',(0.,0.,1.));
#4045 = DIRECTION('',(1.,0.,-0.));
#4046 = ADVANCED_FACE('',(#4047),#4050,.F.);
#4047 = FACE_BOUND('',#4048,.T.);
#4048 = EDGE_LOOP('',(#4049));
#4049 = ORIENTED_EDGE('',*,*,#4025,.F.);
#4050 = PLANE('',#4051);
#4051 = AXIS2_PLACEMENT_3D('',#4052,#4053,#4054);
#4052 = CARTESIAN_POINT('',(406.,100.,136.));
#4053 = DIRECTION('',(0.,0.,1.));
#4054 = DIRECTION('',(1.,0.,-0.));
#4055 = ( GEOMETRIC_REPRESENTATION_CONTEXT(3) 
GLOBAL_UNCERTAINTY_ASSIGNED_CONTEXT((#4059)) 
GLOBAL_UNIT_ASSIGNED_CONTEXT((#4056,#4057,#4058)) REPRESENTATION_CONTEXT
('Context #1','3D Context with UNIT and UNCERTAINTY') );
#4056 = ( LENGTH_UNIT() NAMED_UNIT(*) SI_UNIT(.MILLI.,.METRE.) );
#4057 = ( NAMED_UNIT(*) PLANE_ANGLE_UNIT() SI_UNIT($,.RADIAN.) );
#4058 = ( NAMED_UNIT(*) SI_UNIT($,.STERADIAN.) SOLID_ANGLE_UNIT() );
#4059 = UNCERTAINTY_MEASURE_WITH_UNIT(LENGTH_MEASURE(1.E-07),#4056,
  'distance_accuracy_value','confusion accuracy');
#4060 = CONTEXT_DEPENDENT_SHAPE_REPRESENTATION(#4061,#4063);
#4061 = ( REPRESENTATION_RELATIONSHIP('','',#4001,#10) 
REPRESENTATION_RELATIONSHIP_WITH_TRANSFORMATION(#4062) 
SHAPE_REPRESENTATION_RELATIONSHIP() );
#4062 = ITEM_DEFINED_TRANSFORMATION('','',#11,#91);
#4063 = PRODUCT_DEFINITION_SHAPE('Placement','Placement of an item',
  #4064);
#4064 = NEXT_ASSEMBLY_USAGE_OCCURRENCE('84',
  '弹性支承 2（刚度待定）','',#5,#3996,$);
#4065 = PRODUCT_RELATED_PRODUCT_CATEGORY('part',$,(#3998));
#4066 = SHAPE_DEFINITION_REPRESENTATION(#4067,#4073);
#4067 = PRODUCT_DEFINITION_SHAPE('','',#4068);
#4068 = PRODUCT_DEFINITION('design','',#4069,#4072);
#4069 = PRODUCT_DEFINITION_FORMATION('','',#4070);
#4070 = PRODUCT('弹性支承 3（刚度待定）',
  '弹性支承 3（刚度待定）','',(#4071));
#4071 = PRODUCT_CONTEXT('',#2,'mechanical');
#4072 = PRODUCT_DEFINITION_CONTEXT('part definition',#2,'design');
#4073 = ADVANCED_BREP_SHAPE_REPRESENTATION('',(#11,#4074),#4127);
#4074 = MANIFOLD_SOLID_BREP('',#4075);
#4075 = CLOSED_SHELL('',(#4076,#4109,#4118));
#4076 = ADVANCED_FACE('',(#4077),#4104,.T.);
#4077 = FACE_BOUND('',#4078,.T.);
#4078 = EDGE_LOOP('',(#4079,#4088,#4096,#4103));
#4079 = ORIENTED_EDGE('',*,*,#4080,.F.);
#4080 = EDGE_CURVE('',#4081,#4081,#4083,.T.);
#4081 = VERTEX_POINT('',#4082);
#4082 = CARTESIAN_POINT('',(233.,295.,144.));
#4083 = CIRCLE('',#4084,8.);
#4084 = AXIS2_PLACEMENT_3D('',#4085,#4086,#4087);
#4085 = CARTESIAN_POINT('',(225.,295.,144.));
#4086 = DIRECTION('',(0.,0.,1.));
#4087 = DIRECTION('',(1.,0.,-0.));
#4088 = ORIENTED_EDGE('',*,*,#4089,.F.);
#4089 = EDGE_CURVE('',#4090,#4081,#4092,.T.);
#4090 = VERTEX_POINT('',#4091);
#4091 = CARTESIAN_POINT('',(233.,295.,136.));
#4092 = LINE('',#4093,#4094);
#4093 = CARTESIAN_POINT('',(233.,295.,136.));
#4094 = VECTOR('',#4095,1.);
#4095 = DIRECTION('',(0.,0.,1.));
#4096 = ORIENTED_EDGE('',*,*,#4097,.T.);
#4097 = EDGE_CURVE('',#4090,#4090,#4098,.T.);
#4098 = CIRCLE('',#4099,8.);
#4099 = AXIS2_PLACEMENT_3D('',#4100,#4101,#4102);
#4100 = CARTESIAN_POINT('',(225.,295.,136.));
#4101 = DIRECTION('',(0.,0.,1.));
#4102 = DIRECTION('',(1.,0.,-0.));
#4103 = ORIENTED_EDGE('',*,*,#4089,.T.);
#4104 = CYLINDRICAL_SURFACE('',#4105,8.);
#4105 = AXIS2_PLACEMENT_3D('',#4106,#4107,#4108);
#4106 = CARTESIAN_POINT('',(225.,295.,136.));
#4107 = DIRECTION('',(0.,0.,1.));
#4108 = DIRECTION('',(1.,0.,-0.));
#4109 = ADVANCED_FACE('',(#4110),#4113,.T.);
#4110 = FACE_BOUND('',#4111,.T.);
#4111 = EDGE_LOOP('',(#4112));
#4112 = ORIENTED_EDGE('',*,*,#4080,.T.);
#4113 = PLANE('',#4114);
#4114 = AXIS2_PLACEMENT_3D('',#4115,#4116,#4117);
#4115 = CARTESIAN_POINT('',(225.,295.,144.));
#4116 = DIRECTION('',(0.,0.,1.));
#4117 = DIRECTION('',(1.,0.,-0.));
#4118 = ADVANCED_FACE('',(#4119),#4122,.F.);
#4119 = FACE_BOUND('',#4120,.T.);
#4120 = EDGE_LOOP('',(#4121));
#4121 = ORIENTED_EDGE('',*,*,#4097,.F.);
#4122 = PLANE('',#4123);
#4123 = AXIS2_PLACEMENT_3D('',#4124,#4125,#4126);
#4124 = CARTESIAN_POINT('',(225.,295.,136.));
#4125 = DIRECTION('',(0.,0.,1.));
#4126 = DIRECTION('',(1.,0.,-0.));
#4127 = ( GEOMETRIC_REPRESENTATION_CONTEXT(3) 
GLOBAL_UNCERTAINTY_ASSIGNED_CONTEXT((#4131)) 
GLOBAL_UNIT_ASSIGNED_CONTEXT((#4128,#4129,#4130)) REPRESENTATION_CONTEXT
('Context #1','3D Context with UNIT and UNCERTAINTY') );
#4128 = ( LENGTH_UNIT() NAMED_UNIT(*) SI_UNIT(.MILLI.,.METRE.) );
#4129 = ( NAMED_UNIT(*) PLANE_ANGLE_UNIT() SI_UNIT($,.RADIAN.) );
#4130 = ( NAMED_UNIT(*) SI_UNIT($,.STERADIAN.) SOLID_ANGLE_UNIT() );
#4131 = UNCERTAINTY_MEASURE_WITH_UNIT(LENGTH_MEASURE(1.E-07),#4128,
  'distance_accuracy_value','confusion accuracy');
#4132 = CONTEXT_DEPENDENT_SHAPE_REPRESENTATION(#4133,#4135);
#4133 = ( REPRESENTATION_RELATIONSHIP('','',#4073,#10) 
REPRESENTATION_RELATIONSHIP_WITH_TRANSFORMATION(#4134) 
SHAPE_REPRESENTATION_RELATIONSHIP() );
#4134 = ITEM_DEFINED_TRANSFORMATION('','',#11,#95);
#4135 = PRODUCT_DEFINITION_SHAPE('Placement','Placement of an item',
  #4136);
#4136 = NEXT_ASSEMBLY_USAGE_OCCURRENCE('85',
  '弹性支承 3（刚度待定）','',#5,#4068,$);
#4137 = PRODUCT_RELATED_PRODUCT_CATEGORY('part',$,(#4070));
#4138 = SHAPE_DEFINITION_REPRESENTATION(#4139,#4145);
#4139 = PRODUCT_DEFINITION_SHAPE('','',#4140);
#4140 = PRODUCT_DEFINITION('design','',#4141,#4144);
#4141 = PRODUCT_DEFINITION_FORMATION('','',#4142);
#4142 = PRODUCT('现有承载板（机芯开口与孔位待调整）',
  '现有承载板（机芯开口与孔位待调整）','',(#4143));
#4143 = PRODUCT_CONTEXT('',#2,'mechanical');
#4144 = PRODUCT_DEFINITION_CONTEXT('part definition',#2,'design');
#4145 = ADVANCED_BREP_SHAPE_REPRESENTATION('',(#11,#4146),#4335);
#4146 = MANIFOLD_SOLID_BREP('',#4147);
#4147 = CLOSED_SHELL('',(#4148,#4188,#4219,#4254,#4278,#4306,#4318));
#4148 = ADVANCED_FACE('',(#4149),#4183,.F.);
#4149 = FACE_BOUND('',#4150,.F.);
#4150 = EDGE_LOOP('',(#4151,#4161,#4169,#4177));
#4151 = ORIENTED_EDGE('',*,*,#4152,.F.);
#4152 = EDGE_CURVE('',#4153,#4155,#4157,.T.);
#4153 = VERTEX_POINT('',#4154);
#4154 = CARTESIAN_POINT('',(16.,8.,144.));
#4155 = VERTEX_POINT('',#4156);
#4156 = CARTESIAN_POINT('',(16.,8.,150.));
#4157 = LINE('',#4158,#4159);
#4158 = CARTESIAN_POINT('',(16.,8.,144.));
#4159 = VECTOR('',#4160,1.);
#4160 = DIRECTION('',(0.,0.,1.));
#4161 = ORIENTED_EDGE('',*,*,#4162,.T.);
#4162 = EDGE_CURVE('',#4153,#4163,#4165,.T.);
#4163 = VERTEX_POINT('',#4164);
#4164 = CARTESIAN_POINT('',(16.,322.,144.));
#4165 = LINE('',#4166,#4167);
#4166 = CARTESIAN_POINT('',(16.,8.,144.));
#4167 = VECTOR('',#4168,1.);
#4168 = DIRECTION('',(-0.,1.,0.));
#4169 = ORIENTED_EDGE('',*,*,#4170,.T.);
#4170 = EDGE_CURVE('',#4163,#4171,#4173,.T.);
#4171 = VERTEX_POINT('',#4172);
#4172 = CARTESIAN_POINT('',(16.,322.,150.));
#4173 = LINE('',#4174,#4175);
#4174 = CARTESIAN_POINT('',(16.,322.,144.));
#4175 = VECTOR('',#4176,1.);
#4176 = DIRECTION('',(0.,0.,1.));
#4177 = ORIENTED_EDGE('',*,*,#4178,.F.);
#4178 = EDGE_CURVE('',#4155,#4171,#4179,.T.);
#4179 = LINE('',#4180,#4181);
#4180 = CARTESIAN_POINT('',(16.,8.,150.));
#4181 = VECTOR('',#4182,1.);
#4182 = DIRECTION('',(-0.,1.,0.));
#4183 = PLANE('',#4184);
#4184 = AXIS2_PLACEMENT_3D('',#4185,#4186,#4187);
#4185 = CARTESIAN_POINT('',(16.,8.,144.));
#4186 = DIRECTION('',(1.,0.,-0.));
#4187 = DIRECTION('',(0.,0.,1.));
#4188 = ADVANCED_FACE('',(#4189),#4214,.F.);
#4189 = FACE_BOUND('',#4190,.F.);
#4190 = EDGE_LOOP('',(#4191,#4199,#4200,#4208));
#4191 = ORIENTED_EDGE('',*,*,#4192,.F.);
#4192 = EDGE_CURVE('',#4153,#4193,#4195,.T.);
#4193 = VERTEX_POINT('',#4194);
#4194 = CARTESIAN_POINT('',(434.,8.,144.));
#4195 = LINE('',#4196,#4197);
#4196 = CARTESIAN_POINT('',(16.,8.,144.));
#4197 = VECTOR('',#4198,1.);
#4198 = DIRECTION('',(1.,0.,-0.));
#4199 = ORIENTED_EDGE('',*,*,#4152,.T.);
#4200 = ORIENTED_EDGE('',*,*,#4201,.T.);
#4201 = EDGE_CURVE('',#4155,#4202,#4204,.T.);
#4202 = VERTEX_POINT('',#4203);
#4203 = CARTESIAN_POINT('',(434.,8.,150.));
#4204 = LINE('',#4205,#4206);
#4205 = CARTESIAN_POINT('',(16.,8.,150.));
#4206 = VECTOR('',#4207,1.);
#4207 = DIRECTION('',(1.,0.,-0.));
#4208 = ORIENTED_EDGE('',*,*,#4209,.F.);
#4209 = EDGE_CURVE('',#4193,#4202,#4210,.T.);
#4210 = LINE('',#4211,#4212);
#4211 = CARTESIAN_POINT('',(434.,8.,144.));
#4212 = VECTOR('',#4213,1.);
#4213 = DIRECTION('',(0.,0.,1.));
#4214 = PLANE('',#4215);
#4215 = AXIS2_PLACEMENT_3D('',#4216,#4217,#4218);
#4216 = CARTESIAN_POINT('',(16.,8.,144.));
#4217 = DIRECTION('',(-0.,1.,0.));
#4218 = DIRECTION('',(0.,0.,1.));
#4219 = ADVANCED_FACE('',(#4220,#4238),#4249,.T.);
#4220 = FACE_BOUND('',#4221,.T.);
#4221 = EDGE_LOOP('',(#4222,#4223,#4224,#4232));
#4222 = ORIENTED_EDGE('',*,*,#4178,.F.);
#4223 = ORIENTED_EDGE('',*,*,#4201,.T.);
#4224 = ORIENTED_EDGE('',*,*,#4225,.T.);
#4225 = EDGE_CURVE('',#4202,#4226,#4228,.T.);
#4226 = VERTEX_POINT('',#4227);
#4227 = CARTESIAN_POINT('',(434.,322.,150.));
#4228 = LINE('',#4229,#4230);
#4229 = CARTESIAN_POINT('',(434.,8.,150.));
#4230 = VECTOR('',#4231,1.);
#4231 = DIRECTION('',(-0.,1.,0.));
#4232 = ORIENTED_EDGE('',*,*,#4233,.F.);
#4233 = EDGE_CURVE('',#4171,#4226,#4234,.T.);
#4234 = LINE('',#4235,#4236);
#4235 = CARTESIAN_POINT('',(16.,322.,150.));
#4236 = VECTOR('',#4237,1.);
#4237 = DIRECTION('',(1.,0.,-0.));
#4238 = FACE_BOUND('',#4239,.T.);
#4239 = EDGE_LOOP('',(#4240));
#4240 = ORIENTED_EDGE('',*,*,#4241,.F.);
#4241 = EDGE_CURVE('',#4242,#4242,#4244,.T.);
#4242 = VERTEX_POINT('',#4243);
#4243 = CARTESIAN_POINT('',(186.2,172.,150.));
#4244 = CIRCLE('',#4245,10.2);
#4245 = AXIS2_PLACEMENT_3D('',#4246,#4247,#4248);
#4246 = CARTESIAN_POINT('',(176.,172.,150.));
#4247 = DIRECTION('',(0.,0.,1.));
#4248 = DIRECTION('',(1.,0.,-0.));
#4249 = PLANE('',#4250);
#4250 = AXIS2_PLACEMENT_3D('',#4251,#4252,#4253);
#4251 = CARTESIAN_POINT('',(16.,8.,150.));
#4252 = DIRECTION('',(0.,0.,1.));
#4253 = DIRECTION('',(1.,0.,-0.));
#4254 = ADVANCED_FACE('',(#4255),#4273,.T.);
#4255 = FACE_BOUND('',#4256,.T.);
#4256 = EDGE_LOOP('',(#4257,#4265,#4266,#4267));
#4257 = ORIENTED_EDGE('',*,*,#4258,.F.);
#4258 = EDGE_CURVE('',#4163,#4259,#4261,.T.);
#4259 = VERTEX_POINT('',#4260);
#4260 = CARTESIAN_POINT('',(434.,322.,144.));
#4261 = LINE('',#4262,#4263);
#4262 = CARTESIAN_POINT('',(16.,322.,144.));
#4263 = VECTOR('',#4264,1.);
#4264 = DIRECTION('',(1.,0.,-0.));
#4265 = ORIENTED_EDGE('',*,*,#4170,.T.);
#4266 = ORIENTED_EDGE('',*,*,#4233,.T.);
#4267 = ORIENTED_EDGE('',*,*,#4268,.F.);
#4268 = EDGE_CURVE('',#4259,#4226,#4269,.T.);
#4269 = LINE('',#4270,#4271);
#4270 = CARTESIAN_POINT('',(434.,322.,144.));
#4271 = VECTOR('',#4272,1.);
#4272 = DIRECTION('',(0.,0.,1.));
#4273 = PLANE('',#4274);
#4274 = AXIS2_PLACEMENT_3D('',#4275,#4276,#4277);
#4275 = CARTESIAN_POINT('',(16.,322.,144.));
#4276 = DIRECTION('',(-0.,1.,0.));
#4277 = DIRECTION('',(0.,0.,1.));
#4278 = ADVANCED_FACE('',(#4279,#4290),#4301,.F.);
#4279 = FACE_BOUND('',#4280,.F.);
#4280 = EDGE_LOOP('',(#4281,#4282,#4283,#4289));
#4281 = ORIENTED_EDGE('',*,*,#4162,.F.);
#4282 = ORIENTED_EDGE('',*,*,#4192,.T.);
#4283 = ORIENTED_EDGE('',*,*,#4284,.T.);
#4284 = EDGE_CURVE('',#4193,#4259,#4285,.T.);
#4285 = LINE('',#4286,#4287);
#4286 = CARTESIAN_POINT('',(434.,8.,144.));
#4287 = VECTOR('',#4288,1.);
#4288 = DIRECTION('',(-0.,1.,0.));
#4289 = ORIENTED_EDGE('',*,*,#4258,.F.);
#4290 = FACE_BOUND('',#4291,.F.);
#4291 = EDGE_LOOP('',(#4292));
#4292 = ORIENTED_EDGE('',*,*,#4293,.F.);
#4293 = EDGE_CURVE('',#4294,#4294,#4296,.T.);
#4294 = VERTEX_POINT('',#4295);
#4295 = CARTESIAN_POINT('',(186.2,172.,144.));
#4296 = CIRCLE('',#4297,10.2);
#4297 = AXIS2_PLACEMENT_3D('',#4298,#4299,#4300);
#4298 = CARTESIAN_POINT('',(176.,172.,144.));
#4299 = DIRECTION('',(0.,0.,1.));
#4300 = DIRECTION('',(1.,0.,-0.));
#4301 = PLANE('',#4302);
#4302 = AXIS2_PLACEMENT_3D('',#4303,#4304,#4305);
#4303 = CARTESIAN_POINT('',(16.,8.,144.));
#4304 = DIRECTION('',(0.,0.,1.));
#4305 = DIRECTION('',(1.,0.,-0.));
#4306 = ADVANCED_FACE('',(#4307),#4313,.T.);
#4307 = FACE_BOUND('',#4308,.T.);
#4308 = EDGE_LOOP('',(#4309,#4310,#4311,#4312));
#4309 = ORIENTED_EDGE('',*,*,#4209,.F.);
#4310 = ORIENTED_EDGE('',*,*,#4284,.T.);
#4311 = ORIENTED_EDGE('',*,*,#4268,.T.);
#4312 = ORIENTED_EDGE('',*,*,#4225,.F.);
#4313 = PLANE('',#4314);
#4314 = AXIS2_PLACEMENT_3D('',#4315,#4316,#4317);
#4315 = CARTESIAN_POINT('',(434.,8.,144.));
#4316 = DIRECTION('',(1.,0.,-0.));
#4317 = DIRECTION('',(0.,0.,1.));
#4318 = ADVANCED_FACE('',(#4319),#4330,.F.);
#4319 = FACE_BOUND('',#4320,.F.);
#4320 = EDGE_LOOP('',(#4321,#4322,#4328,#4329));
#4321 = ORIENTED_EDGE('',*,*,#4241,.F.);
#4322 = ORIENTED_EDGE('',*,*,#4323,.F.);
#4323 = EDGE_CURVE('',#4294,#4242,#4324,.T.);
#4324 = LINE('',#4325,#4326);
#4325 = CARTESIAN_POINT('',(186.2,172.,143.));
#4326 = VECTOR('',#4327,1.);
#4327 = DIRECTION('',(0.,0.,1.));
#4328 = ORIENTED_EDGE('',*,*,#4293,.T.);
#4329 = ORIENTED_EDGE('',*,*,#4323,.T.);
#4330 = CYLINDRICAL_SURFACE('',#4331,10.2);
#4331 = AXIS2_PLACEMENT_3D('',#4332,#4333,#4334);
#4332 = CARTESIAN_POINT('',(176.,172.,143.));
#4333 = DIRECTION('',(0.,0.,1.));
#4334 = DIRECTION('',(1.,0.,-0.));
#4335 = ( GEOMETRIC_REPRESENTATION_CONTEXT(3) 
GLOBAL_UNCERTAINTY_ASSIGNED_CONTEXT((#4339)) 
GLOBAL_UNIT_ASSIGNED_CONTEXT((#4336,#4337,#4338)) REPRESENTATION_CONTEXT
('Context #1','3D Context with UNIT and UNCERTAINTY') );
#4336 = ( LENGTH_UNIT() NAMED_UNIT(*) SI_UNIT(.MILLI.,.METRE.) );
#4337 = ( NAMED_UNIT(*) PLANE_ANGLE_UNIT() SI_UNIT($,.RADIAN.) );
#4338 = ( NAMED_UNIT(*) SI_UNIT($,.STERADIAN.) SOLID_ANGLE_UNIT() );
#4339 = UNCERTAINTY_MEASURE_WITH_UNIT(LENGTH_MEASURE(1.E-07),#4336,
  'distance_accuracy_value','confusion accuracy');
#4340 = CONTEXT_DEPENDENT_SHAPE_REPRESENTATION(#4341,#4343);
#4341 = ( REPRESENTATION_RELATIONSHIP('','',#4145,#10) 
REPRESENTATION_RELATIONSHIP_WITH_TRANSFORMATION(#4342) 
SHAPE_REPRESENTATION_RELATIONSHIP() );
#4342 = ITEM_DEFINED_TRANSFORMATION('','',#11,#99);
#4343 = PRODUCT_DEFINITION_SHAPE('Placement','Placement of an item',
  #4344);
#4344 = NEXT_ASSEMBLY_USAGE_OCCURRENCE('86',
  '现有承载板（机芯开口与孔位待调整）','',#5,#4140,$);
#4345 = PRODUCT_RELATED_PRODUCT_CATEGORY('part',$,(#4142));
#4346 = SHAPE_DEFINITION_REPRESENTATION(#4347,#4353);
#4347 = PRODUCT_DEFINITION_SHAPE('','',#4348);
#4348 = PRODUCT_DEFINITION('design','',#4349,#4352);
#4349 = PRODUCT_DEFINITION_FORMATION('','',#4350);
#4350 = PRODUCT('后置倒相管 · Ø32 × 160 可换试验件',
  '后置倒相管 · Ø32 × 160 可换试验件','',(#4351));
#4351 = PRODUCT_CONTEXT('',#2,'mechanical');
#4352 = PRODUCT_DEFINITION_CONTEXT('part definition',#2,'design');
#4353 = ADVANCED_BREP_SHAPE_REPRESENTATION('',(#11,#4354),#4491);
#4354 = MANIFOLD_SOLID_BREP('',#4355);
#4355 = CLOSED_SHELL('',(#4356,#4389,#4409,#4429,#4454,#4479));
#4356 = ADVANCED_FACE('',(#4357),#4384,.T.);
#4357 = FACE_BOUND('',#4358,.T.);
#4358 = EDGE_LOOP('',(#4359,#4368,#4376,#4383));
#4359 = ORIENTED_EDGE('',*,*,#4360,.F.);
#4360 = EDGE_CURVE('',#4361,#4361,#4363,.T.);
#4361 = VERTEX_POINT('',#4362);
#4362 = CARTESIAN_POINT('',(288.,347.,124.));
#4363 = CIRCLE('',#4364,18.);
#4364 = AXIS2_PLACEMENT_3D('',#4365,#4366,#4367);
#4365 = CARTESIAN_POINT('',(288.,347.,106.));
#4366 = DIRECTION('',(0.,1.,0.));
#4367 = DIRECTION('',(0.,-0.,1.));
#4368 = ORIENTED_EDGE('',*,*,#4369,.F.);
#4369 = EDGE_CURVE('',#4370,#4361,#4372,.T.);
#4370 = VERTEX_POINT('',#4371);
#4371 = CARTESIAN_POINT('',(288.,190.,124.));
#4372 = LINE('',#4373,#4374);
#4373 = CARTESIAN_POINT('',(288.,190.,124.));
#4374 = VECTOR('',#4375,1.);
#4375 = DIRECTION('',(0.,1.,0.));
#4376 = ORIENTED_EDGE('',*,*,#4377,.T.);
#4377 = EDGE_CURVE('',#4370,#4370,#4378,.T.);
#4378 = CIRCLE('',#4379,18.);
#4379 = AXIS2_PLACEMENT_3D('',#4380,#4381,#4382);
#4380 = CARTESIAN_POINT('',(288.,190.,106.));
#4381 = DIRECTION('',(0.,1.,0.));
#4382 = DIRECTION('',(0.,-0.,1.));
#4383 = ORIENTED_EDGE('',*,*,#4369,.T.);
#4384 = CYLINDRICAL_SURFACE('',#4385,18.);
#4385 = AXIS2_PLACEMENT_3D('',#4386,#4387,#4388);
#4386 = CARTESIAN_POINT('',(288.,190.,106.));
#4387 = DIRECTION('',(0.,1.,0.));
#4388 = DIRECTION('',(0.,-0.,1.));
#4389 = ADVANCED_FACE('',(#4390,#4401),#4404,.F.);
#4390 = FACE_BOUND('',#4391,.F.);
#4391 = EDGE_LOOP('',(#4392));
#4392 = ORIENTED_EDGE('',*,*,#4393,.T.);
#4393 = EDGE_CURVE('',#4394,#4394,#4396,.T.);
#4394 = VERTEX_POINT('',#4395);
#4395 = CARTESIAN_POINT('',(288.,347.,130.));
#4396 = CIRCLE('',#4397,24.);
#4397 = AXIS2_PLACEMENT_3D('',#4398,#4399,#4400);
#4398 = CARTESIAN_POINT('',(288.,347.,106.));
#4399 = DIRECTION('',(0.,1.,0.));
#4400 = DIRECTION('',(0.,-0.,1.));
#4401 = FACE_BOUND('',#4402,.F.);
#4402 = EDGE_LOOP('',(#4403));
#4403 = ORIENTED_EDGE('',*,*,#4360,.F.);
#4404 = PLANE('',#4405);
#4405 = AXIS2_PLACEMENT_3D('',#4406,#4407,#4408);
#4406 = CARTESIAN_POINT('',(288.,347.,106.));
#4407 = DIRECTION('',(0.,1.,0.));
#4408 = DIRECTION('',(0.,-0.,1.));
#4409 = ADVANCED_FACE('',(#4410,#4413),#4424,.F.);
#4410 = FACE_BOUND('',#4411,.F.);
#4411 = EDGE_LOOP('',(#4412));
#4412 = ORIENTED_EDGE('',*,*,#4377,.T.);
#4413 = FACE_BOUND('',#4414,.F.);
#4414 = EDGE_LOOP('',(#4415));
#4415 = ORIENTED_EDGE('',*,*,#4416,.F.);
#4416 = EDGE_CURVE('',#4417,#4417,#4419,.T.);
#4417 = VERTEX_POINT('',#4418);
#4418 = CARTESIAN_POINT('',(288.,190.,122.));
#4419 = CIRCLE('',#4420,16.);
#4420 = AXIS2_PLACEMENT_3D('',#4421,#4422,#4423);
#4421 = CARTESIAN_POINT('',(288.,190.,106.));
#4422 = DIRECTION('',(0.,1.,0.));
#4423 = DIRECTION('',(0.,-0.,1.));
#4424 = PLANE('',#4425);
#4425 = AXIS2_PLACEMENT_3D('',#4426,#4427,#4428);
#4426 = CARTESIAN_POINT('',(288.,190.,106.));
#4427 = DIRECTION('',(0.,1.,0.));
#4428 = DIRECTION('',(0.,-0.,1.));
#4429 = ADVANCED_FACE('',(#4430),#4449,.T.);
#4430 = FACE_BOUND('',#4431,.T.);
#4431 = EDGE_LOOP('',(#4432,#4441,#4447,#4448));
#4432 = ORIENTED_EDGE('',*,*,#4433,.F.);
#4433 = EDGE_CURVE('',#4434,#4434,#4436,.T.);
#4434 = VERTEX_POINT('',#4435);
#4435 = CARTESIAN_POINT('',(288.,350.,130.));
#4436 = CIRCLE('',#4437,24.);
#4437 = AXIS2_PLACEMENT_3D('',#4438,#4439,#4440);
#4438 = CARTESIAN_POINT('',(288.,350.,106.));
#4439 = DIRECTION('',(0.,1.,0.));
#4440 = DIRECTION('',(0.,-0.,1.));
#4441 = ORIENTED_EDGE('',*,*,#4442,.F.);
#4442 = EDGE_CURVE('',#4394,#4434,#4443,.T.);
#4443 = LINE('',#4444,#4445);
#4444 = CARTESIAN_POINT('',(288.,347.,130.));
#4445 = VECTOR('',#4446,1.);
#4446 = DIRECTION('',(0.,1.,0.));
#4447 = ORIENTED_EDGE('',*,*,#4393,.T.);
#4448 = ORIENTED_EDGE('',*,*,#4442,.T.);
#4449 = CYLINDRICAL_SURFACE('',#4450,24.);
#4450 = AXIS2_PLACEMENT_3D('',#4451,#4452,#4453);
#4451 = CARTESIAN_POINT('',(288.,347.,106.));
#4452 = DIRECTION('',(0.,1.,0.));
#4453 = DIRECTION('',(0.,-0.,1.));
#4454 = ADVANCED_FACE('',(#4455),#4474,.F.);
#4455 = FACE_BOUND('',#4456,.F.);
#4456 = EDGE_LOOP('',(#4457,#4466,#4472,#4473));
#4457 = ORIENTED_EDGE('',*,*,#4458,.F.);
#4458 = EDGE_CURVE('',#4459,#4459,#4461,.T.);
#4459 = VERTEX_POINT('',#4460);
#4460 = CARTESIAN_POINT('',(288.,350.,122.));
#4461 = CIRCLE('',#4462,16.);
#4462 = AXIS2_PLACEMENT_3D('',#4463,#4464,#4465);
#4463 = CARTESIAN_POINT('',(288.,350.,106.));
#4464 = DIRECTION('',(0.,1.,0.));
#4465 = DIRECTION('',(0.,-0.,1.));
#4466 = ORIENTED_EDGE('',*,*,#4467,.F.);
#4467 = EDGE_CURVE('',#4417,#4459,#4468,.T.);
#4468 = LINE('',#4469,#4470);
#4469 = CARTESIAN_POINT('',(288.,189.,122.));
#4470 = VECTOR('',#4471,1.);
#4471 = DIRECTION('',(0.,1.,0.));
#4472 = ORIENTED_EDGE('',*,*,#4416,.T.);
#4473 = ORIENTED_EDGE('',*,*,#4467,.T.);
#4474 = CYLINDRICAL_SURFACE('',#4475,16.);
#4475 = AXIS2_PLACEMENT_3D('',#4476,#4477,#4478);
#4476 = CARTESIAN_POINT('',(288.,189.,106.));
#4477 = DIRECTION('',(0.,1.,0.));
#4478 = DIRECTION('',(0.,-0.,1.));
#4479 = ADVANCED_FACE('',(#4480,#4483),#4486,.T.);
#4480 = FACE_BOUND('',#4481,.T.);
#4481 = EDGE_LOOP('',(#4482));
#4482 = ORIENTED_EDGE('',*,*,#4433,.T.);
#4483 = FACE_BOUND('',#4484,.T.);
#4484 = EDGE_LOOP('',(#4485));
#4485 = ORIENTED_EDGE('',*,*,#4458,.F.);
#4486 = PLANE('',#4487);
#4487 = AXIS2_PLACEMENT_3D('',#4488,#4489,#4490);
#4488 = CARTESIAN_POINT('',(288.,350.,106.));
#4489 = DIRECTION('',(0.,1.,0.));
#4490 = DIRECTION('',(0.,-0.,1.));
#4491 = ( GEOMETRIC_REPRESENTATION_CONTEXT(3) 
GLOBAL_UNCERTAINTY_ASSIGNED_CONTEXT((#4495)) 
GLOBAL_UNIT_ASSIGNED_CONTEXT((#4492,#4493,#4494)) REPRESENTATION_CONTEXT
('Context #1','3D Context with UNIT and UNCERTAINTY') );
#4492 = ( LENGTH_UNIT() NAMED_UNIT(*) SI_UNIT(.MILLI.,.METRE.) );
#4493 = ( NAMED_UNIT(*) PLANE_ANGLE_UNIT() SI_UNIT($,.RADIAN.) );
#4494 = ( NAMED_UNIT(*) SI_UNIT($,.STERADIAN.) SOLID_ANGLE_UNIT() );
#4495 = UNCERTAINTY_MEASURE_WITH_UNIT(LENGTH_MEASURE(1.E-07),#4492,
  'distance_accuracy_value','confusion accuracy');
#4496 = CONTEXT_DEPENDENT_SHAPE_REPRESENTATION(#4497,#4499);
#4497 = ( REPRESENTATION_RELATIONSHIP('','',#4353,#10) 
REPRESENTATION_RELATIONSHIP_WITH_TRANSFORMATION(#4498) 
SHAPE_REPRESENTATION_RELATIONSHIP() );
#4498 = ITEM_DEFINED_TRANSFORMATION('','',#11,#103);
#4499 = PRODUCT_DEFINITION_SHAPE('Placement','Placement of an item',
  #4500);
#4500 = NEXT_ASSEMBLY_USAGE_OCCURRENCE('87',
  '后置倒相管 · Ø32 × 160 可换试验件','',#5,#4348,$);
#4501 = PRODUCT_RELATED_PRODUCT_CATEGORY('part',$,(#4350));
#4502 = SHAPE_DEFINITION_REPRESENTATION(#4503,#4509);
#4503 = PRODUCT_DEFINITION_SHAPE('','',#4504);
#4504 = PRODUCT_DEFINITION('design','',#4505,#4508);
#4505 = PRODUCT_DEFINITION_FORMATION('','',#4506);
#4506 = PRODUCT('左右全频斜面障板','左右全频斜面障板',''
  ,(#4507));
#4507 = PRODUCT_CONTEXT('',#2,'mechanical');
#4508 = PRODUCT_DEFINITION_CONTEXT('part definition',#2,'design');
#4509 = ADVANCED_BREP_SHAPE_REPRESENTATION('',(#11,#4510),#4738);
#4510 = MANIFOLD_SOLID_BREP('',#4511);
#4511 = CLOSED_SHELL('',(#4512,#4574,#4605,#4629,#4653,#4670,#4695,#4720
    ));
#4512 = ADVANCED_FACE('',(#4513,#4547,#4558),#4569,.T.);
#4513 = FACE_BOUND('',#4514,.T.);
#4514 = EDGE_LOOP('',(#4515,#4525,#4533,#4541));
#4515 = ORIENTED_EDGE('',*,*,#4516,.T.);
#4516 = EDGE_CURVE('',#4517,#4519,#4521,.T.);
#4517 = VERTEX_POINT('',#4518);
#4518 = CARTESIAN_POINT('',(12.,16.,38.));
#4519 = VERTEX_POINT('',#4520);
#4520 = CARTESIAN_POINT('',(438.,16.,38.));
#4521 = LINE('',#4522,#4523);
#4522 = CARTESIAN_POINT('',(12.,16.,38.));
#4523 = VECTOR('',#4524,1.);
#4524 = DIRECTION('',(1.,0.,0.));
#4525 = ORIENTED_EDGE('',*,*,#4526,.T.);
#4526 = EDGE_CURVE('',#4519,#4527,#4529,.T.);
#4527 = VERTEX_POINT('',#4528);
#4528 = CARTESIAN_POINT('',(438.,45.242772660962,128.));
#4529 = LINE('',#4530,#4531);
#4530 = CARTESIAN_POINT('',(438.,16.,38.));
#4531 = VECTOR('',#4532,1.);
#4532 = DIRECTION('',(0.,0.309016994375,0.951056516295));
#4533 = ORIENTED_EDGE('',*,*,#4534,.F.);
#4534 = EDGE_CURVE('',#4535,#4527,#4537,.T.);
#4535 = VERTEX_POINT('',#4536);
#4536 = CARTESIAN_POINT('',(12.,45.242772660962,128.));
#4537 = LINE('',#4538,#4539);
#4538 = CARTESIAN_POINT('',(12.,45.242772660962,128.));
#4539 = VECTOR('',#4540,1.);
#4540 = DIRECTION('',(1.,0.,0.));
#4541 = ORIENTED_EDGE('',*,*,#4542,.F.);
#4542 = EDGE_CURVE('',#4517,#4535,#4543,.T.);
#4543 = LINE('',#4544,#4545);
#4544 = CARTESIAN_POINT('',(12.,16.,38.));
#4545 = VECTOR('',#4546,1.);
#4546 = DIRECTION('',(0.,0.309016994375,0.951056516295));
#4547 = FACE_BOUND('',#4548,.T.);
#4548 = EDGE_LOOP('',(#4549));
#4549 = ORIENTED_EDGE('',*,*,#4550,.T.);
#4550 = EDGE_CURVE('',#4551,#4551,#4553,.T.);
#4551 = VERTEX_POINT('',#4552);
#4552 = CARTESIAN_POINT('',(370.,38.426324699144,107.0211303259));
#4553 = CIRCLE('',#4554,20.);
#4554 = AXIS2_PLACEMENT_3D('',#4555,#4556,#4557);
#4555 = CARTESIAN_POINT('',(370.,32.245984811645,88.));
#4556 = DIRECTION('',(0.,0.951056516295,-0.309016994375));
#4557 = DIRECTION('',(0.,0.309016994375,0.951056516295));
#4558 = FACE_BOUND('',#4559,.T.);
#4559 = EDGE_LOOP('',(#4560));
#4560 = ORIENTED_EDGE('',*,*,#4561,.T.);
#4561 = EDGE_CURVE('',#4562,#4562,#4564,.T.);
#4562 = VERTEX_POINT('',#4563);
#4563 = CARTESIAN_POINT('',(80.,38.426324699144,107.0211303259));
#4564 = CIRCLE('',#4565,20.);
#4565 = AXIS2_PLACEMENT_3D('',#4566,#4567,#4568);
#4566 = CARTESIAN_POINT('',(80.,32.245984811645,88.));
#4567 = DIRECTION('',(0.,0.951056516295,-0.309016994375));
#4568 = DIRECTION('',(0.,0.309016994375,0.951056516295));
#4569 = PLANE('',#4570);
#4570 = AXIS2_PLACEMENT_3D('',#4571,#4572,#4573);
#4571 = CARTESIAN_POINT('',(12.,16.,38.));
#4572 = DIRECTION('',(0.,-0.951056516295,0.309016994375));
#4573 = DIRECTION('',(0.,0.309016994375,0.951056516295));
#4574 = ADVANCED_FACE('',(#4575),#4600,.T.);
#4575 = FACE_BOUND('',#4576,.T.);
#4576 = EDGE_LOOP('',(#4577,#4587,#4593,#4594));
#4577 = ORIENTED_EDGE('',*,*,#4578,.T.);
#4578 = EDGE_CURVE('',#4579,#4581,#4583,.T.);
#4579 = VERTEX_POINT('',#4580);
#4580 = CARTESIAN_POINT('',(12.,24.411697793906,38.));
#4581 = VERTEX_POINT('',#4582);
#4582 = CARTESIAN_POINT('',(438.,24.411697793906,38.));
#4583 = LINE('',#4584,#4585);
#4584 = CARTESIAN_POINT('',(12.,24.411697793906,38.));
#4585 = VECTOR('',#4586,1.);
#4586 = DIRECTION('',(1.,0.,0.));
#4587 = ORIENTED_EDGE('',*,*,#4588,.T.);
#4588 = EDGE_CURVE('',#4581,#4519,#4589,.T.);
#4589 = LINE('',#4590,#4591);
#4590 = CARTESIAN_POINT('',(438.,24.411697793906,38.));
#4591 = VECTOR('',#4592,1.);
#4592 = DIRECTION('',(0.,-1.,0.));
#4593 = ORIENTED_EDGE('',*,*,#4516,.F.);
#4594 = ORIENTED_EDGE('',*,*,#4595,.F.);
#4595 = EDGE_CURVE('',#4579,#4517,#4596,.T.);
#4596 = LINE('',#4597,#4598);
#4597 = CARTESIAN_POINT('',(12.,24.411697793906,38.));
#4598 = VECTOR('',#4599,1.);
#4599 = DIRECTION('',(0.,-1.,0.));
#4600 = PLANE('',#4601);
#4601 = AXIS2_PLACEMENT_3D('',#4602,#4603,#4604);
#4602 = CARTESIAN_POINT('',(12.,24.411697793906,38.));
#4603 = DIRECTION('',(0.,0.,-1.));
#4604 = DIRECTION('',(0.,-1.,0.));
#4605 = ADVANCED_FACE('',(#4606),#4624,.T.);
#4606 = FACE_BOUND('',#4607,.T.);
#4607 = EDGE_LOOP('',(#4608,#4609,#4617,#4623));
#4608 = ORIENTED_EDGE('',*,*,#4542,.T.);
#4609 = ORIENTED_EDGE('',*,*,#4610,.T.);
#4610 = EDGE_CURVE('',#4535,#4611,#4613,.T.);
#4611 = VERTEX_POINT('',#4612);
#4612 = CARTESIAN_POINT('',(12.,53.654470454868,128.));
#4613 = LINE('',#4614,#4615);
#4614 = CARTESIAN_POINT('',(12.,45.242772660962,128.));
#4615 = VECTOR('',#4616,1.);
#4616 = DIRECTION('',(0.,1.,0.));
#4617 = ORIENTED_EDGE('',*,*,#4618,.T.);
#4618 = EDGE_CURVE('',#4611,#4579,#4619,.T.);
#4619 = LINE('',#4620,#4621);
#4620 = CARTESIAN_POINT('',(12.,53.654470454868,128.));
#4621 = VECTOR('',#4622,1.);
#4622 = DIRECTION('',(0.,-0.309016994375,-0.951056516295));
#4623 = ORIENTED_EDGE('',*,*,#4595,.T.);
#4624 = PLANE('',#4625);
#4625 = AXIS2_PLACEMENT_3D('',#4626,#4627,#4628);
#4626 = CARTESIAN_POINT('',(12.,34.827235227434,83.));
#4627 = DIRECTION('',(-1.,-0.,-0.));
#4628 = DIRECTION('',(0.,0.,-1.));
#4629 = ADVANCED_FACE('',(#4630),#4648,.F.);
#4630 = FACE_BOUND('',#4631,.F.);
#4631 = EDGE_LOOP('',(#4632,#4633,#4641,#4647));
#4632 = ORIENTED_EDGE('',*,*,#4526,.T.);
#4633 = ORIENTED_EDGE('',*,*,#4634,.T.);
#4634 = EDGE_CURVE('',#4527,#4635,#4637,.T.);
#4635 = VERTEX_POINT('',#4636);
#4636 = CARTESIAN_POINT('',(438.,53.654470454868,128.));
#4637 = LINE('',#4638,#4639);
#4638 = CARTESIAN_POINT('',(438.,45.242772660962,128.));
#4639 = VECTOR('',#4640,1.);
#4640 = DIRECTION('',(0.,1.,0.));
#4641 = ORIENTED_EDGE('',*,*,#4642,.T.);
#4642 = EDGE_CURVE('',#4635,#4581,#4643,.T.);
#4643 = LINE('',#4644,#4645);
#4644 = CARTESIAN_POINT('',(438.,53.654470454868,128.));
#4645 = VECTOR('',#4646,1.);
#4646 = DIRECTION('',(0.,-0.309016994375,-0.951056516295));
#4647 = ORIENTED_EDGE('',*,*,#4588,.T.);
#4648 = PLANE('',#4649);
#4649 = AXIS2_PLACEMENT_3D('',#4650,#4651,#4652);
#4650 = CARTESIAN_POINT('',(438.,34.827235227434,83.));
#4651 = DIRECTION('',(-1.,-0.,-0.));
#4652 = DIRECTION('',(0.,0.,-1.));
#4653 = ADVANCED_FACE('',(#4654),#4665,.T.);
#4654 = FACE_BOUND('',#4655,.T.);
#4655 = EDGE_LOOP('',(#4656,#4657,#4658,#4664));
#4656 = ORIENTED_EDGE('',*,*,#4534,.T.);
#4657 = ORIENTED_EDGE('',*,*,#4634,.T.);
#4658 = ORIENTED_EDGE('',*,*,#4659,.F.);
#4659 = EDGE_CURVE('',#4611,#4635,#4660,.T.);
#4660 = LINE('',#4661,#4662);
#4661 = CARTESIAN_POINT('',(12.,53.654470454868,128.));
#4662 = VECTOR('',#4663,1.);
#4663 = DIRECTION('',(1.,0.,0.));
#4664 = ORIENTED_EDGE('',*,*,#4610,.F.);
#4665 = PLANE('',#4666);
#4666 = AXIS2_PLACEMENT_3D('',#4667,#4668,#4669);
#4667 = CARTESIAN_POINT('',(12.,45.242772660962,128.));
#4668 = DIRECTION('',(0.,0.,1.));
#4669 = DIRECTION('',(0.,1.,0.));
#4670 = ADVANCED_FACE('',(#4671),#4690,.F.);
#4671 = FACE_BOUND('',#4672,.F.);
#4672 = EDGE_LOOP('',(#4673,#4682,#4688,#4689));
#4673 = ORIENTED_EDGE('',*,*,#4674,.F.);
#4674 = EDGE_CURVE('',#4675,#4675,#4677,.T.);
#4675 = VERTEX_POINT('',#4676);
#4676 = CARTESIAN_POINT('',(370.,46.034776829505,104.5489943709));
#4677 = CIRCLE('',#4678,20.);
#4678 = AXIS2_PLACEMENT_3D('',#4679,#4680,#4681);
#4679 = CARTESIAN_POINT('',(370.,39.854436942007,85.527864045));
#4680 = DIRECTION('',(0.,0.951056516295,-0.309016994375));
#4681 = DIRECTION('',(0.,0.309016994375,0.951056516295));
#4682 = ORIENTED_EDGE('',*,*,#4683,.F.);
#4683 = EDGE_CURVE('',#4551,#4675,#4684,.T.);
#4684 = LINE('',#4685,#4686);
#4685 = CARTESIAN_POINT('',(370.,33.671042117668,108.56621529777));
#4686 = VECTOR('',#4687,1.);
#4687 = DIRECTION('',(0.,0.951056516295,-0.309016994375));
#4688 = ORIENTED_EDGE('',*,*,#4550,.T.);
#4689 = ORIENTED_EDGE('',*,*,#4683,.T.);
#4690 = CYLINDRICAL_SURFACE('',#4691,20.);
#4691 = AXIS2_PLACEMENT_3D('',#4692,#4693,#4694);
#4692 = CARTESIAN_POINT('',(370.,27.49070223017,89.545084971875));
#4693 = DIRECTION('',(0.,0.951056516295,-0.309016994375));
#4694 = DIRECTION('',(0.,0.309016994375,0.951056516295));
#4695 = ADVANCED_FACE('',(#4696),#4715,.F.);
#4696 = FACE_BOUND('',#4697,.F.);
#4697 = EDGE_LOOP('',(#4698,#4707,#4713,#4714));
#4698 = ORIENTED_EDGE('',*,*,#4699,.F.);
#4699 = EDGE_CURVE('',#4700,#4700,#4702,.T.);
#4700 = VERTEX_POINT('',#4701);
#4701 = CARTESIAN_POINT('',(80.,46.034776829505,104.5489943709));
#4702 = CIRCLE('',#4703,20.);
#4703 = AXIS2_PLACEMENT_3D('',#4704,#4705,#4706);
#4704 = CARTESIAN_POINT('',(80.,39.854436942007,85.527864045));
#4705 = DIRECTION('',(0.,0.951056516295,-0.309016994375));
#4706 = DIRECTION('',(0.,0.309016994375,0.951056516295));
#4707 = ORIENTED_EDGE('',*,*,#4708,.F.);
#4708 = EDGE_CURVE('',#4562,#4700,#4709,.T.);
#4709 = LINE('',#4710,#4711);
#4710 = CARTESIAN_POINT('',(80.,33.671042117668,108.56621529777));
#4711 = VECTOR('',#4712,1.);
#4712 = DIRECTION('',(0.,0.951056516295,-0.309016994375));
#4713 = ORIENTED_EDGE('',*,*,#4561,.T.);
#4714 = ORIENTED_EDGE('',*,*,#4708,.T.);
#4715 = CYLINDRICAL_SURFACE('',#4716,20.);
#4716 = AXIS2_PLACEMENT_3D('',#4717,#4718,#4719);
#4717 = CARTESIAN_POINT('',(80.,27.49070223017,89.545084971875));
#4718 = DIRECTION('',(0.,0.951056516295,-0.309016994375));
#4719 = DIRECTION('',(0.,0.309016994375,0.951056516295));
#4720 = ADVANCED_FACE('',(#4721,#4727,#4730),#4733,.T.);
#4721 = FACE_BOUND('',#4722,.T.);
#4722 = EDGE_LOOP('',(#4723,#4724,#4725,#4726));
#4723 = ORIENTED_EDGE('',*,*,#4659,.T.);
#4724 = ORIENTED_EDGE('',*,*,#4642,.T.);
#4725 = ORIENTED_EDGE('',*,*,#4578,.F.);
#4726 = ORIENTED_EDGE('',*,*,#4618,.F.);
#4727 = FACE_BOUND('',#4728,.T.);
#4728 = EDGE_LOOP('',(#4729));
#4729 = ORIENTED_EDGE('',*,*,#4674,.F.);
#4730 = FACE_BOUND('',#4731,.T.);
#4731 = EDGE_LOOP('',(#4732));
#4732 = ORIENTED_EDGE('',*,*,#4699,.F.);
#4733 = PLANE('',#4734);
#4734 = AXIS2_PLACEMENT_3D('',#4735,#4736,#4737);
#4735 = CARTESIAN_POINT('',(12.,53.654470454868,128.));
#4736 = DIRECTION('',(0.,0.951056516295,-0.309016994375));
#4737 = DIRECTION('',(0.,-0.309016994375,-0.951056516295));
#4738 = ( GEOMETRIC_REPRESENTATION_CONTEXT(3) 
GLOBAL_UNCERTAINTY_ASSIGNED_CONTEXT((#4742)) 
GLOBAL_UNIT_ASSIGNED_CONTEXT((#4739,#4740,#4741)) REPRESENTATION_CONTEXT
('Context #1','3D Context with UNIT and UNCERTAINTY') );
#4739 = ( LENGTH_UNIT() NAMED_UNIT(*) SI_UNIT(.MILLI.,.METRE.) );
#4740 = ( NAMED_UNIT(*) PLANE_ANGLE_UNIT() SI_UNIT($,.RADIAN.) );
#4741 = ( NAMED_UNIT(*) SI_UNIT($,.STERADIAN.) SOLID_ANGLE_UNIT() );
#4742 = UNCERTAINTY_MEASURE_WITH_UNIT(LENGTH_MEASURE(1.E-07),#4739,
  'distance_accuracy_value','confusion accuracy');
#4743 = CONTEXT_DEPENDENT_SHAPE_REPRESENTATION(#4744,#4746);
#4744 = ( REPRESENTATION_RELATIONSHIP('','',#4509,#10) 
REPRESENTATION_RELATIONSHIP_WITH_TRANSFORMATION(#4745) 
SHAPE_REPRESENTATION_RELATIONSHIP() );
#4745 = ITEM_DEFINED_TRANSFORMATION('','',#11,#107);
#4746 = PRODUCT_DEFINITION_SHAPE('Placement','Placement of an item',
  #4747);
#4747 = NEXT_ASSEMBLY_USAGE_OCCURRENCE('88','左右全频斜面障板',
  '',#5,#4504,$);
#4748 = PRODUCT_RELATED_PRODUCT_CATEGORY('part',$,(#4506));
#4749 = SHAPE_DEFINITION_REPRESENTATION(#4750,#4756);
#4750 = PRODUCT_DEFINITION_SHAPE('','',#4751);
#4751 = PRODUCT_DEFINITION('design','',#4752,#4755);
#4752 = PRODUCT_DEFINITION_FORMATION('','',#4753);
#4753 = PRODUCT('三音腔共用顶板 · 中部延伸至后板',
  '三音腔共用顶板 · 中部延伸至后板','',(#4754));
#4754 = PRODUCT_CONTEXT('',#2,'mechanical');
#4755 = PRODUCT_DEFINITION_CONTEXT('part definition',#2,'design');
#4756 = ADVANCED_BREP_SHAPE_REPRESENTATION('',(#11,#4757),#5142);
#4757 = MANIFOLD_SOLID_BREP('',#4758);
#4758 = CLOSED_SHELL('',(#4759,#4799,#4830,#4878,#4902,#4943,#4960,#5010
    ,#5027,#5051,#5094,#5111,#5123));
#4759 = ADVANCED_FACE('',(#4760),#4794,.F.);
#4760 = FACE_BOUND('',#4761,.F.);
#4761 = EDGE_LOOP('',(#4762,#4772,#4780,#4788));
#4762 = ORIENTED_EDGE('',*,*,#4763,.F.);
#4763 = EDGE_CURVE('',#4764,#4766,#4768,.T.);
#4764 = VERTEX_POINT('',#4765);
#4765 = CARTESIAN_POINT('',(12.,0.,128.));
#4766 = VERTEX_POINT('',#4767);
#4767 = CARTESIAN_POINT('',(12.,0.,136.));
#4768 = LINE('',#4769,#4770);
#4769 = CARTESIAN_POINT('',(12.,0.,128.));
#4770 = VECTOR('',#4771,1.);
#4771 = DIRECTION('',(0.,0.,1.));
#4772 = ORIENTED_EDGE('',*,*,#4773,.T.);
#4773 = EDGE_CURVE('',#4764,#4774,#4776,.T.);
#4774 = VERTEX_POINT('',#4775);
#4775 = CARTESIAN_POINT('',(12.,158.,128.));
#4776 = LINE('',#4777,#4778);
#4777 = CARTESIAN_POINT('',(12.,0.,128.));
#4778 = VECTOR('',#4779,1.);
#4779 = DIRECTION('',(-0.,1.,0.));
#4780 = ORIENTED_EDGE('',*,*,#4781,.T.);
#4781 = EDGE_CURVE('',#4774,#4782,#4784,.T.);
#4782 = VERTEX_POINT('',#4783);
#4783 = CARTESIAN_POINT('',(12.,158.,136.));
#4784 = LINE('',#4785,#4786);
#4785 = CARTESIAN_POINT('',(12.,158.,128.));
#4786 = VECTOR('',#4787,1.);
#4787 = DIRECTION('',(0.,0.,1.));
#4788 = ORIENTED_EDGE('',*,*,#4789,.F.);
#4789 = EDGE_CURVE('',#4766,#4782,#4790,.T.);
#4790 = LINE('',#4791,#4792);
#4791 = CARTESIAN_POINT('',(12.,0.,136.));
#4792 = VECTOR('',#4793,1.);
#4793 = DIRECTION('',(-0.,1.,0.));
#4794 = PLANE('',#4795);
#4795 = AXIS2_PLACEMENT_3D('',#4796,#4797,#4798);
#4796 = CARTESIAN_POINT('',(12.,0.,128.));
#4797 = DIRECTION('',(1.,0.,-0.));
#4798 = DIRECTION('',(0.,0.,1.));
#4799 = ADVANCED_FACE('',(#4800),#4825,.F.);
#4800 = FACE_BOUND('',#4801,.F.);
#4801 = EDGE_LOOP('',(#4802,#4810,#4811,#4819));
#4802 = ORIENTED_EDGE('',*,*,#4803,.F.);
#4803 = EDGE_CURVE('',#4764,#4804,#4806,.T.);
#4804 = VERTEX_POINT('',#4805);
#4805 = CARTESIAN_POINT('',(438.,0.,128.));
#4806 = LINE('',#4807,#4808);
#4807 = CARTESIAN_POINT('',(12.,0.,128.));
#4808 = VECTOR('',#4809,1.);
#4809 = DIRECTION('',(1.,0.,-0.));
#4810 = ORIENTED_EDGE('',*,*,#4763,.T.);
#4811 = ORIENTED_EDGE('',*,*,#4812,.T.);
#4812 = EDGE_CURVE('',#4766,#4813,#4815,.T.);
#4813 = VERTEX_POINT('',#4814);
#4814 = CARTESIAN_POINT('',(438.,0.,136.));
#4815 = LINE('',#4816,#4817);
#4816 = CARTESIAN_POINT('',(12.,0.,136.));
#4817 = VECTOR('',#4818,1.);
#4818 = DIRECTION('',(1.,0.,-0.));
#4819 = ORIENTED_EDGE('',*,*,#4820,.F.);
#4820 = EDGE_CURVE('',#4804,#4813,#4821,.T.);
#4821 = LINE('',#4822,#4823);
#4822 = CARTESIAN_POINT('',(438.,0.,128.));
#4823 = VECTOR('',#4824,1.);
#4824 = DIRECTION('',(0.,0.,1.));
#4825 = PLANE('',#4826);
#4826 = AXIS2_PLACEMENT_3D('',#4827,#4828,#4829);
#4827 = CARTESIAN_POINT('',(12.,0.,128.));
#4828 = DIRECTION('',(-0.,1.,0.));
#4829 = DIRECTION('',(0.,0.,1.));
#4830 = ADVANCED_FACE('',(#4831),#4873,.T.);
#4831 = FACE_BOUND('',#4832,.T.);
#4832 = EDGE_LOOP('',(#4833,#4834,#4835,#4843,#4851,#4859,#4867));
#4833 = ORIENTED_EDGE('',*,*,#4789,.F.);
#4834 = ORIENTED_EDGE('',*,*,#4812,.T.);
#4835 = ORIENTED_EDGE('',*,*,#4836,.T.);
#4836 = EDGE_CURVE('',#4813,#4837,#4839,.T.);
#4837 = VERTEX_POINT('',#4838);
#4838 = CARTESIAN_POINT('',(438.,158.,136.));
#4839 = LINE('',#4840,#4841);
#4840 = CARTESIAN_POINT('',(438.,0.,136.));
#4841 = VECTOR('',#4842,1.);
#4842 = DIRECTION('',(-0.,1.,0.));
#4843 = ORIENTED_EDGE('',*,*,#4844,.F.);
#4844 = EDGE_CURVE('',#4845,#4837,#4847,.T.);
#4845 = VERTEX_POINT('',#4846);
#4846 = CARTESIAN_POINT('',(321.,158.,136.));
#4847 = LINE('',#4848,#4849);
#4848 = CARTESIAN_POINT('',(12.,158.,136.));
#4849 = VECTOR('',#4850,1.);
#4850 = DIRECTION('',(1.,0.,-0.));
#4851 = ORIENTED_EDGE('',*,*,#4852,.F.);
#4852 = EDGE_CURVE('',#4853,#4845,#4855,.T.);
#4853 = VERTEX_POINT('',#4854);
#4854 = CARTESIAN_POINT('',(176.,158.,136.));
#4855 = LINE('',#4856,#4857);
#4856 = CARTESIAN_POINT('',(12.,158.,136.));
#4857 = VECTOR('',#4858,1.);
#4858 = DIRECTION('',(1.,0.,-0.));
#4859 = ORIENTED_EDGE('',*,*,#4860,.F.);
#4860 = EDGE_CURVE('',#4861,#4853,#4863,.T.);
#4861 = VERTEX_POINT('',#4862);
#4862 = CARTESIAN_POINT('',(129.,158.,136.));
#4863 = LINE('',#4864,#4865);
#4864 = CARTESIAN_POINT('',(12.,158.,136.));
#4865 = VECTOR('',#4866,1.);
#4866 = DIRECTION('',(1.,0.,-0.));
#4867 = ORIENTED_EDGE('',*,*,#4868,.F.);
#4868 = EDGE_CURVE('',#4782,#4861,#4869,.T.);
#4869 = LINE('',#4870,#4871);
#4870 = CARTESIAN_POINT('',(12.,158.,136.));
#4871 = VECTOR('',#4872,1.);
#4872 = DIRECTION('',(1.,0.,-0.));
#4873 = PLANE('',#4874);
#4874 = AXIS2_PLACEMENT_3D('',#4875,#4876,#4877);
#4875 = CARTESIAN_POINT('',(12.,0.,136.));
#4876 = DIRECTION('',(0.,0.,1.));
#4877 = DIRECTION('',(1.,0.,-0.));
#4878 = ADVANCED_FACE('',(#4879),#4897,.T.);
#4879 = FACE_BOUND('',#4880,.T.);
#4880 = EDGE_LOOP('',(#4881,#4889,#4890,#4891));
#4881 = ORIENTED_EDGE('',*,*,#4882,.F.);
#4882 = EDGE_CURVE('',#4774,#4883,#4885,.T.);
#4883 = VERTEX_POINT('',#4884);
#4884 = CARTESIAN_POINT('',(129.,158.,128.));
#4885 = LINE('',#4886,#4887);
#4886 = CARTESIAN_POINT('',(12.,158.,128.));
#4887 = VECTOR('',#4888,1.);
#4888 = DIRECTION('',(1.,0.,-0.));
#4889 = ORIENTED_EDGE('',*,*,#4781,.T.);
#4890 = ORIENTED_EDGE('',*,*,#4868,.T.);
#4891 = ORIENTED_EDGE('',*,*,#4892,.F.);
#4892 = EDGE_CURVE('',#4883,#4861,#4893,.T.);
#4893 = LINE('',#4894,#4895);
#4894 = CARTESIAN_POINT('',(129.,158.,128.));
#4895 = VECTOR('',#4896,1.);
#4896 = DIRECTION('',(0.,0.,1.));
#4897 = PLANE('',#4898);
#4898 = AXIS2_PLACEMENT_3D('',#4899,#4900,#4901);
#4899 = CARTESIAN_POINT('',(12.,158.,128.));
#4900 = DIRECTION('',(-0.,1.,0.));
#4901 = DIRECTION('',(0.,0.,1.));
#4902 = ADVANCED_FACE('',(#4903),#4938,.F.);
#4903 = FACE_BOUND('',#4904,.F.);
#4904 = EDGE_LOOP('',(#4905,#4906,#4907,#4915,#4923,#4931,#4937));
#4905 = ORIENTED_EDGE('',*,*,#4773,.F.);
#4906 = ORIENTED_EDGE('',*,*,#4803,.T.);
#4907 = ORIENTED_EDGE('',*,*,#4908,.T.);
#4908 = EDGE_CURVE('',#4804,#4909,#4911,.T.);
#4909 = VERTEX_POINT('',#4910);
#4910 = CARTESIAN_POINT('',(438.,158.,128.));
#4911 = LINE('',#4912,#4913);
#4912 = CARTESIAN_POINT('',(438.,0.,128.));
#4913 = VECTOR('',#4914,1.);
#4914 = DIRECTION('',(-0.,1.,0.));
#4915 = ORIENTED_EDGE('',*,*,#4916,.F.);
#4916 = EDGE_CURVE('',#4917,#4909,#4919,.T.);
#4917 = VERTEX_POINT('',#4918);
#4918 = CARTESIAN_POINT('',(321.,158.,128.));
#4919 = LINE('',#4920,#4921);
#4920 = CARTESIAN_POINT('',(12.,158.,128.));
#4921 = VECTOR('',#4922,1.);
#4922 = DIRECTION('',(1.,0.,-0.));
#4923 = ORIENTED_EDGE('',*,*,#4924,.F.);
#4924 = EDGE_CURVE('',#4925,#4917,#4927,.T.);
#4925 = VERTEX_POINT('',#4926);
#4926 = CARTESIAN_POINT('',(176.,158.,128.));
#4927 = LINE('',#4928,#4929);
#4928 = CARTESIAN_POINT('',(12.,158.,128.));
#4929 = VECTOR('',#4930,1.);
#4930 = DIRECTION('',(1.,0.,-0.));
#4931 = ORIENTED_EDGE('',*,*,#4932,.F.);
#4932 = EDGE_CURVE('',#4883,#4925,#4933,.T.);
#4933 = LINE('',#4934,#4935);
#4934 = CARTESIAN_POINT('',(12.,158.,128.));
#4935 = VECTOR('',#4936,1.);
#4936 = DIRECTION('',(1.,0.,-0.));
#4937 = ORIENTED_EDGE('',*,*,#4882,.F.);
#4938 = PLANE('',#4939);
#4939 = AXIS2_PLACEMENT_3D('',#4940,#4941,#4942);
#4940 = CARTESIAN_POINT('',(12.,0.,128.));
#4941 = DIRECTION('',(0.,0.,1.));
#4942 = DIRECTION('',(1.,0.,-0.));
#4943 = ADVANCED_FACE('',(#4944),#4955,.T.);
#4944 = FACE_BOUND('',#4945,.T.);
#4945 = EDGE_LOOP('',(#4946,#4947,#4948,#4954));
#4946 = ORIENTED_EDGE('',*,*,#4820,.F.);
#4947 = ORIENTED_EDGE('',*,*,#4908,.T.);
#4948 = ORIENTED_EDGE('',*,*,#4949,.T.);
#4949 = EDGE_CURVE('',#4909,#4837,#4950,.T.);
#4950 = LINE('',#4951,#4952);
#4951 = CARTESIAN_POINT('',(438.,158.,128.));
#4952 = VECTOR('',#4953,1.);
#4953 = DIRECTION('',(0.,0.,1.));
#4954 = ORIENTED_EDGE('',*,*,#4836,.F.);
#4955 = PLANE('',#4956);
#4956 = AXIS2_PLACEMENT_3D('',#4957,#4958,#4959);
#4957 = CARTESIAN_POINT('',(438.,0.,128.));
#4958 = DIRECTION('',(1.,0.,-0.));
#4959 = DIRECTION('',(0.,0.,1.));
#4960 = ADVANCED_FACE('',(#4961,#4987),#5005,.T.);
#4961 = FACE_BOUND('',#4962,.T.);
#4962 = EDGE_LOOP('',(#4963,#4971,#4972,#4973,#4981));
#4963 = ORIENTED_EDGE('',*,*,#4964,.F.);
#4964 = EDGE_CURVE('',#4861,#4965,#4967,.T.);
#4965 = VERTEX_POINT('',#4966);
#4966 = CARTESIAN_POINT('',(129.,338.,136.));
#4967 = LINE('',#4968,#4969);
#4968 = CARTESIAN_POINT('',(129.,158.,136.));
#4969 = VECTOR('',#4970,1.);
#4970 = DIRECTION('',(-0.,1.,0.));
#4971 = ORIENTED_EDGE('',*,*,#4860,.T.);
#4972 = ORIENTED_EDGE('',*,*,#4852,.T.);
#4973 = ORIENTED_EDGE('',*,*,#4974,.T.);
#4974 = EDGE_CURVE('',#4845,#4975,#4977,.T.);
#4975 = VERTEX_POINT('',#4976);
#4976 = CARTESIAN_POINT('',(321.,338.,136.));
#4977 = LINE('',#4978,#4979);
#4978 = CARTESIAN_POINT('',(321.,158.,136.));
#4979 = VECTOR('',#4980,1.);
#4980 = DIRECTION('',(-0.,1.,0.));
#4981 = ORIENTED_EDGE('',*,*,#4982,.F.);
#4982 = EDGE_CURVE('',#4965,#4975,#4983,.T.);
#4983 = LINE('',#4984,#4985);
#4984 = CARTESIAN_POINT('',(129.,338.,136.));
#4985 = VECTOR('',#4986,1.);
#4986 = DIRECTION('',(1.,0.,-0.));
#4987 = FACE_BOUND('',#4988,.T.);
#4988 = EDGE_LOOP('',(#4989,#4998));
#4989 = ORIENTED_EDGE('',*,*,#4990,.F.);
#4990 = EDGE_CURVE('',#4853,#4991,#4993,.T.);
#4991 = VERTEX_POINT('',#4992);
#4992 = CARTESIAN_POINT('',(190.,172.,136.));
#4993 = CIRCLE('',#4994,14.);
#4994 = AXIS2_PLACEMENT_3D('',#4995,#4996,#4997);
#4995 = CARTESIAN_POINT('',(176.,172.,136.));
#4996 = DIRECTION('',(0.,0.,1.));
#4997 = DIRECTION('',(1.,0.,-0.));
#4998 = ORIENTED_EDGE('',*,*,#4999,.F.);
#4999 = EDGE_CURVE('',#4991,#4853,#5000,.T.);
#5000 = CIRCLE('',#5001,14.);
#5001 = AXIS2_PLACEMENT_3D('',#5002,#5003,#5004);
#5002 = CARTESIAN_POINT('',(176.,172.,136.));
#5003 = DIRECTION('',(0.,0.,1.));
#5004 = DIRECTION('',(1.,0.,-0.));
#5005 = PLANE('',#5006);
#5006 = AXIS2_PLACEMENT_3D('',#5007,#5008,#5009);
#5007 = CARTESIAN_POINT('',(129.,158.,136.));
#5008 = DIRECTION('',(0.,0.,1.));
#5009 = DIRECTION('',(1.,0.,-0.));
#5010 = ADVANCED_FACE('',(#5011),#5022,.T.);
#5011 = FACE_BOUND('',#5012,.T.);
#5012 = EDGE_LOOP('',(#5013,#5014,#5020,#5021));
#5013 = ORIENTED_EDGE('',*,*,#4916,.F.);
#5014 = ORIENTED_EDGE('',*,*,#5015,.T.);
#5015 = EDGE_CURVE('',#4917,#4845,#5016,.T.);
#5016 = LINE('',#5017,#5018);
#5017 = CARTESIAN_POINT('',(321.,158.,128.));
#5018 = VECTOR('',#5019,1.);
#5019 = DIRECTION('',(0.,0.,1.));
#5020 = ORIENTED_EDGE('',*,*,#4844,.T.);
#5021 = ORIENTED_EDGE('',*,*,#4949,.F.);
#5022 = PLANE('',#5023);
#5023 = AXIS2_PLACEMENT_3D('',#5024,#5025,#5026);
#5024 = CARTESIAN_POINT('',(12.,158.,128.));
#5025 = DIRECTION('',(-0.,1.,0.));
#5026 = DIRECTION('',(0.,0.,1.));
#5027 = ADVANCED_FACE('',(#5028),#5046,.F.);
#5028 = FACE_BOUND('',#5029,.F.);
#5029 = EDGE_LOOP('',(#5030,#5031,#5039,#5045));
#5030 = ORIENTED_EDGE('',*,*,#4892,.F.);
#5031 = ORIENTED_EDGE('',*,*,#5032,.T.);
#5032 = EDGE_CURVE('',#4883,#5033,#5035,.T.);
#5033 = VERTEX_POINT('',#5034);
#5034 = CARTESIAN_POINT('',(129.,338.,128.));
#5035 = LINE('',#5036,#5037);
#5036 = CARTESIAN_POINT('',(129.,158.,128.));
#5037 = VECTOR('',#5038,1.);
#5038 = DIRECTION('',(-0.,1.,0.));
#5039 = ORIENTED_EDGE('',*,*,#5040,.T.);
#5040 = EDGE_CURVE('',#5033,#4965,#5041,.T.);
#5041 = LINE('',#5042,#5043);
#5042 = CARTESIAN_POINT('',(129.,338.,128.));
#5043 = VECTOR('',#5044,1.);
#5044 = DIRECTION('',(0.,0.,1.));
#5045 = ORIENTED_EDGE('',*,*,#4964,.F.);
#5046 = PLANE('',#5047);
#5047 = AXIS2_PLACEMENT_3D('',#5048,#5049,#5050);
#5048 = CARTESIAN_POINT('',(129.,158.,128.));
#5049 = DIRECTION('',(1.,0.,-0.));
#5050 = DIRECTION('',(0.,0.,1.));
#5051 = ADVANCED_FACE('',(#5052,#5071),#5089,.F.);
#5052 = FACE_BOUND('',#5053,.F.);
#5053 = EDGE_LOOP('',(#5054,#5055,#5056,#5057,#5065));
#5054 = ORIENTED_EDGE('',*,*,#5032,.F.);
#5055 = ORIENTED_EDGE('',*,*,#4932,.T.);
#5056 = ORIENTED_EDGE('',*,*,#4924,.T.);
#5057 = ORIENTED_EDGE('',*,*,#5058,.T.);
#5058 = EDGE_CURVE('',#4917,#5059,#5061,.T.);
#5059 = VERTEX_POINT('',#5060);
#5060 = CARTESIAN_POINT('',(321.,338.,128.));
#5061 = LINE('',#5062,#5063);
#5062 = CARTESIAN_POINT('',(321.,158.,128.));
#5063 = VECTOR('',#5064,1.);
#5064 = DIRECTION('',(-0.,1.,0.));
#5065 = ORIENTED_EDGE('',*,*,#5066,.F.);
#5066 = EDGE_CURVE('',#5033,#5059,#5067,.T.);
#5067 = LINE('',#5068,#5069);
#5068 = CARTESIAN_POINT('',(129.,338.,128.));
#5069 = VECTOR('',#5070,1.);
#5070 = DIRECTION('',(1.,0.,-0.));
#5071 = FACE_BOUND('',#5072,.F.);
#5072 = EDGE_LOOP('',(#5073,#5082));
#5073 = ORIENTED_EDGE('',*,*,#5074,.F.);
#5074 = EDGE_CURVE('',#4925,#5075,#5077,.T.);
#5075 = VERTEX_POINT('',#5076);
#5076 = CARTESIAN_POINT('',(190.,172.,128.));
#5077 = CIRCLE('',#5078,14.);
#5078 = AXIS2_PLACEMENT_3D('',#5079,#5080,#5081);
#5079 = CARTESIAN_POINT('',(176.,172.,128.));
#5080 = DIRECTION('',(0.,0.,1.));
#5081 = DIRECTION('',(1.,0.,-0.));
#5082 = ORIENTED_EDGE('',*,*,#5083,.F.);
#5083 = EDGE_CURVE('',#5075,#4925,#5084,.T.);
#5084 = CIRCLE('',#5085,14.);
#5085 = AXIS2_PLACEMENT_3D('',#5086,#5087,#5088);
#5086 = CARTESIAN_POINT('',(176.,172.,128.));
#5087 = DIRECTION('',(0.,0.,1.));
#5088 = DIRECTION('',(1.,0.,-0.));
#5089 = PLANE('',#5090);
#5090 = AXIS2_PLACEMENT_3D('',#5091,#5092,#5093);
#5091 = CARTESIAN_POINT('',(129.,158.,128.));
#5092 = DIRECTION('',(0.,0.,1.));
#5093 = DIRECTION('',(1.,0.,-0.));
#5094 = ADVANCED_FACE('',(#5095),#5106,.T.);
#5095 = FACE_BOUND('',#5096,.T.);
#5096 = EDGE_LOOP('',(#5097,#5098,#5099,#5100));
#5097 = ORIENTED_EDGE('',*,*,#5066,.F.);
#5098 = ORIENTED_EDGE('',*,*,#5040,.T.);
#5099 = ORIENTED_EDGE('',*,*,#4982,.T.);
#5100 = ORIENTED_EDGE('',*,*,#5101,.F.);
#5101 = EDGE_CURVE('',#5059,#4975,#5102,.T.);
#5102 = LINE('',#5103,#5104);
#5103 = CARTESIAN_POINT('',(321.,338.,128.));
#5104 = VECTOR('',#5105,1.);
#5105 = DIRECTION('',(0.,0.,1.));
#5106 = PLANE('',#5107);
#5107 = AXIS2_PLACEMENT_3D('',#5108,#5109,#5110);
#5108 = CARTESIAN_POINT('',(129.,338.,128.));
#5109 = DIRECTION('',(-0.,1.,0.));
#5110 = DIRECTION('',(0.,0.,1.));
#5111 = ADVANCED_FACE('',(#5112),#5118,.T.);
#5112 = FACE_BOUND('',#5113,.T.);
#5113 = EDGE_LOOP('',(#5114,#5115,#5116,#5117));
#5114 = ORIENTED_EDGE('',*,*,#5015,.F.);
#5115 = ORIENTED_EDGE('',*,*,#5058,.T.);
#5116 = ORIENTED_EDGE('',*,*,#5101,.T.);
#5117 = ORIENTED_EDGE('',*,*,#4974,.F.);
#5118 = PLANE('',#5119);
#5119 = AXIS2_PLACEMENT_3D('',#5120,#5121,#5122);
#5120 = CARTESIAN_POINT('',(321.,158.,128.));
#5121 = DIRECTION('',(1.,0.,-0.));
#5122 = DIRECTION('',(0.,0.,1.));
#5123 = ADVANCED_FACE('',(#5124),#5137,.F.);
#5124 = FACE_BOUND('',#5125,.F.);
#5125 = EDGE_LOOP('',(#5126,#5127,#5133,#5134,#5135,#5136));
#5126 = ORIENTED_EDGE('',*,*,#4999,.F.);
#5127 = ORIENTED_EDGE('',*,*,#5128,.F.);
#5128 = EDGE_CURVE('',#5075,#4991,#5129,.T.);
#5129 = LINE('',#5130,#5131);
#5130 = CARTESIAN_POINT('',(190.,172.,127.));
#5131 = VECTOR('',#5132,1.);
#5132 = DIRECTION('',(0.,0.,1.));
#5133 = ORIENTED_EDGE('',*,*,#5083,.T.);
#5134 = ORIENTED_EDGE('',*,*,#5074,.T.);
#5135 = ORIENTED_EDGE('',*,*,#5128,.T.);
#5136 = ORIENTED_EDGE('',*,*,#4990,.F.);
#5137 = CYLINDRICAL_SURFACE('',#5138,14.);
#5138 = AXIS2_PLACEMENT_3D('',#5139,#5140,#5141);
#5139 = CARTESIAN_POINT('',(176.,172.,127.));
#5140 = DIRECTION('',(0.,0.,1.));
#5141 = DIRECTION('',(1.,0.,-0.));
#5142 = ( GEOMETRIC_REPRESENTATION_CONTEXT(3) 
GLOBAL_UNCERTAINTY_ASSIGNED_CONTEXT((#5146)) 
GLOBAL_UNIT_ASSIGNED_CONTEXT((#5143,#5144,#5145)) REPRESENTATION_CONTEXT
('Context #1','3D Context with UNIT and UNCERTAINTY') );
#5143 = ( LENGTH_UNIT() NAMED_UNIT(*) SI_UNIT(.MILLI.,.METRE.) );
#5144 = ( NAMED_UNIT(*) PLANE_ANGLE_UNIT() SI_UNIT($,.RADIAN.) );
#5145 = ( NAMED_UNIT(*) SI_UNIT($,.STERADIAN.) SOLID_ANGLE_UNIT() );
#5146 = UNCERTAINTY_MEASURE_WITH_UNIT(LENGTH_MEASURE(1.E-07),#5143,
  'distance_accuracy_value','confusion accuracy');
#5147 = CONTEXT_DEPENDENT_SHAPE_REPRESENTATION(#5148,#5150);
#5148 = ( REPRESENTATION_RELATIONSHIP('','',#4756,#10) 
REPRESENTATION_RELATIONSHIP_WITH_TRANSFORMATION(#5149) 
SHAPE_REPRESENTATION_RELATIONSHIP() );
#5149 = ITEM_DEFINED_TRANSFORMATION('','',#11,#111);
#5150 = PRODUCT_DEFINITION_SHAPE('Placement','Placement of an item',
  #5151);
#5151 = NEXT_ASSEMBLY_USAGE_OCCURRENCE('89',
  '三音腔共用顶板 · 中部延伸至后板','',#5,#4751,$);
#5152 = PRODUCT_RELATED_PRODUCT_CATEGORY('part',$,(#4753));
#5153 = SHAPE_DEFINITION_REPRESENTATION(#5154,#5160);
#5154 = PRODUCT_DEFINITION_SHAPE('','',#5155);
#5155 = PRODUCT_DEFINITION('design','',#5156,#5159);
#5156 = PRODUCT_DEFINITION_FORMATION('','',#5157);
#5157 = PRODUCT('通用轴承密封避让杯（选定机芯待重做）'
  ,'通用轴承密封避让杯（选定机芯待重做）','',(#5158));
#5158 = PRODUCT_CONTEXT('',#2,'mechanical');
#5159 = PRODUCT_DEFINITION_CONTEXT('part definition',#2,'design');
#5160 = ADVANCED_BREP_SHAPE_REPRESENTATION('',(#11,#5161),#5259);
#5161 = MANIFOLD_SOLID_BREP('',#5162);
#5162 = CLOSED_SHELL('',(#5163,#5196,#5216,#5225,#5250));
#5163 = ADVANCED_FACE('',(#5164),#5191,.T.);
#5164 = FACE_BOUND('',#5165,.T.);
#5165 = EDGE_LOOP('',(#5166,#5175,#5183,#5190));
#5166 = ORIENTED_EDGE('',*,*,#5167,.F.);
#5167 = EDGE_CURVE('',#5168,#5168,#5170,.T.);
#5168 = VERTEX_POINT('',#5169);
#5169 = CARTESIAN_POINT('',(190.,172.,136.));
#5170 = CIRCLE('',#5171,14.);
#5171 = AXIS2_PLACEMENT_3D('',#5172,#5173,#5174);
#5172 = CARTESIAN_POINT('',(176.,172.,136.));
#5173 = DIRECTION('',(0.,0.,1.));
#5174 = DIRECTION('',(1.,0.,-0.));
#5175 = ORIENTED_EDGE('',*,*,#5176,.F.);
#5176 = EDGE_CURVE('',#5177,#5168,#5179,.T.);
#5177 = VERTEX_POINT('',#5178);
#5178 = CARTESIAN_POINT('',(190.,172.,110.));
#5179 = LINE('',#5180,#5181);
#5180 = CARTESIAN_POINT('',(190.,172.,110.));
#5181 = VECTOR('',#5182,1.);
#5182 = DIRECTION('',(0.,0.,1.));
#5183 = ORIENTED_EDGE('',*,*,#5184,.T.);
#5184 = EDGE_CURVE('',#5177,#5177,#5185,.T.);
#5185 = CIRCLE('',#5186,14.);
#5186 = AXIS2_PLACEMENT_3D('',#5187,#5188,#5189);
#5187 = CARTESIAN_POINT('',(176.,172.,110.));
#5188 = DIRECTION('',(0.,0.,1.));
#5189 = DIRECTION('',(1.,0.,-0.));
#5190 = ORIENTED_EDGE('',*,*,#5176,.T.);
#5191 = CYLINDRICAL_SURFACE('',#5192,14.);
#5192 = AXIS2_PLACEMENT_3D('',#5193,#5194,#5195);
#5193 = CARTESIAN_POINT('',(176.,172.,110.));
#5194 = DIRECTION('',(0.,0.,1.));
#5195 = DIRECTION('',(1.,0.,-0.));
#5196 = ADVANCED_FACE('',(#5197,#5200),#5211,.T.);
#5197 = FACE_BOUND('',#5198,.T.);
#5198 = EDGE_LOOP('',(#5199));
#5199 = ORIENTED_EDGE('',*,*,#5167,.T.);
#5200 = FACE_BOUND('',#5201,.T.);
#5201 = EDGE_LOOP('',(#5202));
#5202 = ORIENTED_EDGE('',*,*,#5203,.F.);
#5203 = EDGE_CURVE('',#5204,#5204,#5206,.T.);
#5204 = VERTEX_POINT('',#5205);
#5205 = CARTESIAN_POINT('',(188.,172.,136.));
#5206 = CIRCLE('',#5207,12.);
#5207 = AXIS2_PLACEMENT_3D('',#5208,#5209,#5210);
#5208 = CARTESIAN_POINT('',(176.,172.,136.));
#5209 = DIRECTION('',(0.,0.,1.));
#5210 = DIRECTION('',(1.,0.,-0.));
#5211 = PLANE('',#5212);
#5212 = AXIS2_PLACEMENT_3D('',#5213,#5214,#5215);
#5213 = CARTESIAN_POINT('',(176.,172.,136.));
#5214 = DIRECTION('',(0.,0.,1.));
#5215 = DIRECTION('',(1.,0.,-0.));
#5216 = ADVANCED_FACE('',(#5217),#5220,.F.);
#5217 = FACE_BOUND('',#5218,.T.);
#5218 = EDGE_LOOP('',(#5219));
#5219 = ORIENTED_EDGE('',*,*,#5184,.F.);
#5220 = PLANE('',#5221);
#5221 = AXIS2_PLACEMENT_3D('',#5222,#5223,#5224);
#5222 = CARTESIAN_POINT('',(176.,172.,110.));
#5223 = DIRECTION('',(0.,0.,1.));
#5224 = DIRECTION('',(1.,0.,-0.));
#5225 = ADVANCED_FACE('',(#5226),#5245,.F.);
#5226 = FACE_BOUND('',#5227,.F.);
#5227 = EDGE_LOOP('',(#5228,#5229,#5237,#5244));
#5228 = ORIENTED_EDGE('',*,*,#5203,.F.);
#5229 = ORIENTED_EDGE('',*,*,#5230,.F.);
#5230 = EDGE_CURVE('',#5231,#5204,#5233,.T.);
#5231 = VERTEX_POINT('',#5232);
#5232 = CARTESIAN_POINT('',(188.,172.,112.));
#5233 = LINE('',#5234,#5235);
#5234 = CARTESIAN_POINT('',(188.,172.,112.));
#5235 = VECTOR('',#5236,1.);
#5236 = DIRECTION('',(0.,0.,1.));
#5237 = ORIENTED_EDGE('',*,*,#5238,.T.);
#5238 = EDGE_CURVE('',#5231,#5231,#5239,.T.);
#5239 = CIRCLE('',#5240,12.);
#5240 = AXIS2_PLACEMENT_3D('',#5241,#5242,#5243);
#5241 = CARTESIAN_POINT('',(176.,172.,112.));
#5242 = DIRECTION('',(0.,0.,1.));
#5243 = DIRECTION('',(1.,0.,-0.));
#5244 = ORIENTED_EDGE('',*,*,#5230,.T.);
#5245 = CYLINDRICAL_SURFACE('',#5246,12.);
#5246 = AXIS2_PLACEMENT_3D('',#5247,#5248,#5249);
#5247 = CARTESIAN_POINT('',(176.,172.,112.));
#5248 = DIRECTION('',(0.,0.,1.));
#5249 = DIRECTION('',(1.,0.,-0.));
#5250 = ADVANCED_FACE('',(#5251),#5254,.T.);
#5251 = FACE_BOUND('',#5252,.F.);
#5252 = EDGE_LOOP('',(#5253));
#5253 = ORIENTED_EDGE('',*,*,#5238,.F.);
#5254 = PLANE('',#5255);
#5255 = AXIS2_PLACEMENT_3D('',#5256,#5257,#5258);
#5256 = CARTESIAN_POINT('',(176.,172.,112.));
#5257 = DIRECTION('',(0.,0.,1.));
#5258 = DIRECTION('',(1.,0.,-0.));
#5259 = ( GEOMETRIC_REPRESENTATION_CONTEXT(3) 
GLOBAL_UNCERTAINTY_ASSIGNED_CONTEXT((#5263)) 
GLOBAL_UNIT_ASSIGNED_CONTEXT((#5260,#5261,#5262)) REPRESENTATION_CONTEXT
('Context #1','3D Context with UNIT and UNCERTAINTY') );
#5260 = ( LENGTH_UNIT() NAMED_UNIT(*) SI_UNIT(.MILLI.,.METRE.) );
#5261 = ( NAMED_UNIT(*) PLANE_ANGLE_UNIT() SI_UNIT($,.RADIAN.) );
#5262 = ( NAMED_UNIT(*) SI_UNIT($,.STERADIAN.) SOLID_ANGLE_UNIT() );
#5263 = UNCERTAINTY_MEASURE_WITH_UNIT(LENGTH_MEASURE(1.E-07),#5260,
  'distance_accuracy_value','confusion accuracy');
#5264 = CONTEXT_DEPENDENT_SHAPE_REPRESENTATION(#5265,#5267);
#5265 = ( REPRESENTATION_RELATIONSHIP('','',#5160,#10) 
REPRESENTATION_RELATIONSHIP_WITH_TRANSFORMATION(#5266) 
SHAPE_REPRESENTATION_RELATIONSHIP() );
#5266 = ITEM_DEFINED_TRANSFORMATION('','',#11,#115);
#5267 = PRODUCT_DEFINITION_SHAPE('Placement','Placement of an item',
  #5268);
#5268 = NEXT_ASSEMBLY_USAGE_OCCURRENCE('90',
  '通用轴承密封避让杯（选定机芯待重做）','',#5,#5155,$
  );
#5269 = PRODUCT_RELATED_PRODUCT_CATEGORY('part',$,(#5157));
#5270 = SHAPE_DEFINITION_REPRESENTATION(#5271,#5277);
#5271 = PRODUCT_DEFINITION_SHAPE('','',#5272);
#5272 = PRODUCT_DEFINITION('design','',#5273,#5276);
#5273 = PRODUCT_DEFINITION_FORMATION('','',#5274);
#5274 = PRODUCT('左右全频腔后板 · 密封试装',
  '左右全频腔后板 · 密封试装','',(#5275));
#5275 = PRODUCT_CONTEXT('',#2,'mechanical');
#5276 = PRODUCT_DEFINITION_CONTEXT('part definition',#2,'design');
#5277 = SHAPE_REPRESENTATION('',(#11,#5278,#5428),#5578);
#5278 = MANIFOLD_SOLID_BREP('',#5279);
#5279 = CLOSED_SHELL('',(#5280,#5320,#5360,#5382,#5404,#5416));
#5280 = ADVANCED_FACE('',(#5281),#5315,.F.);
#5281 = FACE_BOUND('',#5282,.F.);
#5282 = EDGE_LOOP('',(#5283,#5293,#5301,#5309));
#5283 = ORIENTED_EDGE('',*,*,#5284,.F.);
#5284 = EDGE_CURVE('',#5285,#5287,#5289,.T.);
#5285 = VERTEX_POINT('',#5286);
#5286 = CARTESIAN_POINT('',(12.,150.,38.));
#5287 = VERTEX_POINT('',#5288);
#5288 = CARTESIAN_POINT('',(12.,150.,128.));
#5289 = LINE('',#5290,#5291);
#5290 = CARTESIAN_POINT('',(12.,150.,38.));
#5291 = VECTOR('',#5292,1.);
#5292 = DIRECTION('',(0.,0.,1.));
#5293 = ORIENTED_EDGE('',*,*,#5294,.T.);
#5294 = EDGE_CURVE('',#5285,#5295,#5297,.T.);
#5295 = VERTEX_POINT('',#5296);
#5296 = CARTESIAN_POINT('',(12.,158.,38.));
#5297 = LINE('',#5298,#5299);
#5298 = CARTESIAN_POINT('',(12.,150.,38.));
#5299 = VECTOR('',#5300,1.);
#5300 = DIRECTION('',(-0.,1.,0.));
#5301 = ORIENTED_EDGE('',*,*,#5302,.T.);
#5302 = EDGE_CURVE('',#5295,#5303,#5305,.T.);
#5303 = VERTEX_POINT('',#5304);
#5304 = CARTESIAN_POINT('',(12.,158.,128.));
#5305 = LINE('',#5306,#5307);
#5306 = CARTESIAN_POINT('',(12.,158.,38.));
#5307 = VECTOR('',#5308,1.);
#5308 = DIRECTION('',(0.,0.,1.));
#5309 = ORIENTED_EDGE('',*,*,#5310,.F.);
#5310 = EDGE_CURVE('',#5287,#5303,#5311,.T.);
#5311 = LINE('',#5312,#5313);
#5312 = CARTESIAN_POINT('',(12.,150.,128.));
#5313 = VECTOR('',#5314,1.);
#5314 = DIRECTION('',(-0.,1.,0.));
#5315 = PLANE('',#5316);
#5316 = AXIS2_PLACEMENT_3D('',#5317,#5318,#5319);
#5317 = CARTESIAN_POINT('',(12.,150.,38.));
#5318 = DIRECTION('',(1.,0.,-0.));
#5319 = DIRECTION('',(0.,0.,1.));
#5320 = ADVANCED_FACE('',(#5321),#5355,.T.);
#5321 = FACE_BOUND('',#5322,.T.);
#5322 = EDGE_LOOP('',(#5323,#5333,#5341,#5349));
#5323 = ORIENTED_EDGE('',*,*,#5324,.F.);
#5324 = EDGE_CURVE('',#5325,#5327,#5329,.T.);
#5325 = VERTEX_POINT('',#5326);
#5326 = CARTESIAN_POINT('',(129.,150.,38.));
#5327 = VERTEX_POINT('',#5328);
#5328 = CARTESIAN_POINT('',(129.,150.,128.));
#5329 = LINE('',#5330,#5331);
#5330 = CARTESIAN_POINT('',(129.,150.,38.));
#5331 = VECTOR('',#5332,1.);
#5332 = DIRECTION('',(0.,0.,1.));
#5333 = ORIENTED_EDGE('',*,*,#5334,.T.);
#5334 = EDGE_CURVE('',#5325,#5335,#5337,.T.);
#5335 = VERTEX_POINT('',#5336);
#5336 = CARTESIAN_POINT('',(129.,158.,38.));
#5337 = LINE('',#5338,#5339);
#5338 = CARTESIAN_POINT('',(129.,150.,38.));
#5339 = VECTOR('',#5340,1.);
#5340 = DIRECTION('',(-0.,1.,0.));
#5341 = ORIENTED_EDGE('',*,*,#5342,.T.);
#5342 = EDGE_CURVE('',#5335,#5343,#5345,.T.);
#5343 = VERTEX_POINT('',#5344);
#5344 = CARTESIAN_POINT('',(129.,158.,128.));
#5345 = LINE('',#5346,#5347);
#5346 = CARTESIAN_POINT('',(129.,158.,38.));
#5347 = VECTOR('',#5348,1.);
#5348 = DIRECTION('',(0.,0.,1.));
#5349 = ORIENTED_EDGE('',*,*,#5350,.F.);
#5350 = EDGE_CURVE('',#5327,#5343,#5351,.T.);
#5351 = LINE('',#5352,#5353);
#5352 = CARTESIAN_POINT('',(129.,150.,128.));
#5353 = VECTOR('',#5354,1.);
#5354 = DIRECTION('',(-0.,1.,0.));
#5355 = PLANE('',#5356);
#5356 = AXIS2_PLACEMENT_3D('',#5357,#5358,#5359);
#5357 = CARTESIAN_POINT('',(129.,150.,38.));
#5358 = DIRECTION('',(1.,0.,-0.));
#5359 = DIRECTION('',(0.,0.,1.));
#5360 = ADVANCED_FACE('',(#5361),#5377,.F.);
#5361 = FACE_BOUND('',#5362,.F.);
#5362 = EDGE_LOOP('',(#5363,#5369,#5370,#5376));
#5363 = ORIENTED_EDGE('',*,*,#5364,.F.);
#5364 = EDGE_CURVE('',#5285,#5325,#5365,.T.);
#5365 = LINE('',#5366,#5367);
#5366 = CARTESIAN_POINT('',(12.,150.,38.));
#5367 = VECTOR('',#5368,1.);
#5368 = DIRECTION('',(1.,0.,-0.));
#5369 = ORIENTED_EDGE('',*,*,#5284,.T.);
#5370 = ORIENTED_EDGE('',*,*,#5371,.T.);
#5371 = EDGE_CURVE('',#5287,#5327,#5372,.T.);
#5372 = LINE('',#5373,#5374);
#5373 = CARTESIAN_POINT('',(12.,150.,128.));
#5374 = VECTOR('',#5375,1.);
#5375 = DIRECTION('',(1.,0.,-0.));
#5376 = ORIENTED_EDGE('',*,*,#5324,.F.);
#5377 = PLANE('',#5378);
#5378 = AXIS2_PLACEMENT_3D('',#5379,#5380,#5381);
#5379 = CARTESIAN_POINT('',(12.,150.,38.));
#5380 = DIRECTION('',(-0.,1.,0.));
#5381 = DIRECTION('',(0.,0.,1.));
#5382 = ADVANCED_FACE('',(#5383),#5399,.T.);
#5383 = FACE_BOUND('',#5384,.T.);
#5384 = EDGE_LOOP('',(#5385,#5391,#5392,#5398));
#5385 = ORIENTED_EDGE('',*,*,#5386,.F.);
#5386 = EDGE_CURVE('',#5295,#5335,#5387,.T.);
#5387 = LINE('',#5388,#5389);
#5388 = CARTESIAN_POINT('',(12.,158.,38.));
#5389 = VECTOR('',#5390,1.);
#5390 = DIRECTION('',(1.,0.,-0.));
#5391 = ORIENTED_EDGE('',*,*,#5302,.T.);
#5392 = ORIENTED_EDGE('',*,*,#5393,.T.);
#5393 = EDGE_CURVE('',#5303,#5343,#5394,.T.);
#5394 = LINE('',#5395,#5396);
#5395 = CARTESIAN_POINT('',(12.,158.,128.));
#5396 = VECTOR('',#5397,1.);
#5397 = DIRECTION('',(1.,0.,-0.));
#5398 = ORIENTED_EDGE('',*,*,#5342,.F.);
#5399 = PLANE('',#5400);
#5400 = AXIS2_PLACEMENT_3D('',#5401,#5402,#5403);
#5401 = CARTESIAN_POINT('',(12.,158.,38.));
#5402 = DIRECTION('',(-0.,1.,0.));
#5403 = DIRECTION('',(0.,0.,1.));
#5404 = ADVANCED_FACE('',(#5405),#5411,.F.);
#5405 = FACE_BOUND('',#5406,.F.);
#5406 = EDGE_LOOP('',(#5407,#5408,#5409,#5410));
#5407 = ORIENTED_EDGE('',*,*,#5294,.F.);
#5408 = ORIENTED_EDGE('',*,*,#5364,.T.);
#5409 = ORIENTED_EDGE('',*,*,#5334,.T.);
#5410 = ORIENTED_EDGE('',*,*,#5386,.F.);
#5411 = PLANE('',#5412);
#5412 = AXIS2_PLACEMENT_3D('',#5413,#5414,#5415);
#5413 = CARTESIAN_POINT('',(12.,150.,38.));
#5414 = DIRECTION('',(0.,0.,1.));
#5415 = DIRECTION('',(1.,0.,-0.));
#5416 = ADVANCED_FACE('',(#5417),#5423,.T.);
#5417 = FACE_BOUND('',#5418,.T.);
#5418 = EDGE_LOOP('',(#5419,#5420,#5421,#5422));
#5419 = ORIENTED_EDGE('',*,*,#5310,.F.);
#5420 = ORIENTED_EDGE('',*,*,#5371,.T.);
#5421 = ORIENTED_EDGE('',*,*,#5350,.T.);
#5422 = ORIENTED_EDGE('',*,*,#5393,.F.);
#5423 = PLANE('',#5424);
#5424 = AXIS2_PLACEMENT_3D('',#5425,#5426,#5427);
#5425 = CARTESIAN_POINT('',(12.,150.,128.));
#5426 = DIRECTION('',(0.,0.,1.));
#5427 = DIRECTION('',(1.,0.,-0.));
#5428 = MANIFOLD_SOLID_BREP('',#5429);
#5429 = CLOSED_SHELL('',(#5430,#5470,#5510,#5532,#5554,#5566));
#5430 = ADVANCED_FACE('',(#5431),#5465,.F.);
#5431 = FACE_BOUND('',#5432,.F.);
#5432 = EDGE_LOOP('',(#5433,#5443,#5451,#5459));
#5433 = ORIENTED_EDGE('',*,*,#5434,.F.);
#5434 = EDGE_CURVE('',#5435,#5437,#5439,.T.);
#5435 = VERTEX_POINT('',#5436);
#5436 = CARTESIAN_POINT('',(321.,150.,38.));
#5437 = VERTEX_POINT('',#5438);
#5438 = CARTESIAN_POINT('',(321.,150.,128.));
#5439 = LINE('',#5440,#5441);
#5440 = CARTESIAN_POINT('',(321.,150.,38.));
#5441 = VECTOR('',#5442,1.);
#5442 = DIRECTION('',(0.,0.,1.));
#5443 = ORIENTED_EDGE('',*,*,#5444,.T.);
#5444 = EDGE_CURVE('',#5435,#5445,#5447,.T.);
#5445 = VERTEX_POINT('',#5446);
#5446 = CARTESIAN_POINT('',(321.,158.,38.));
#5447 = LINE('',#5448,#5449);
#5448 = CARTESIAN_POINT('',(321.,150.,38.));
#5449 = VECTOR('',#5450,1.);
#5450 = DIRECTION('',(-0.,1.,0.));
#5451 = ORIENTED_EDGE('',*,*,#5452,.T.);
#5452 = EDGE_CURVE('',#5445,#5453,#5455,.T.);
#5453 = VERTEX_POINT('',#5454);
#5454 = CARTESIAN_POINT('',(321.,158.,128.));
#5455 = LINE('',#5456,#5457);
#5456 = CARTESIAN_POINT('',(321.,158.,38.));
#5457 = VECTOR('',#5458,1.);
#5458 = DIRECTION('',(0.,0.,1.));
#5459 = ORIENTED_EDGE('',*,*,#5460,.F.);
#5460 = EDGE_CURVE('',#5437,#5453,#5461,.T.);
#5461 = LINE('',#5462,#5463);
#5462 = CARTESIAN_POINT('',(321.,150.,128.));
#5463 = VECTOR('',#5464,1.);
#5464 = DIRECTION('',(-0.,1.,0.));
#5465 = PLANE('',#5466);
#5466 = AXIS2_PLACEMENT_3D('',#5467,#5468,#5469);
#5467 = CARTESIAN_POINT('',(321.,150.,38.));
#5468 = DIRECTION('',(1.,0.,-0.));
#5469 = DIRECTION('',(0.,0.,1.));
#5470 = ADVANCED_FACE('',(#5471),#5505,.T.);
#5471 = FACE_BOUND('',#5472,.T.);
#5472 = EDGE_LOOP('',(#5473,#5483,#5491,#5499));
#5473 = ORIENTED_EDGE('',*,*,#5474,.F.);
#5474 = EDGE_CURVE('',#5475,#5477,#5479,.T.);
#5475 = VERTEX_POINT('',#5476);
#5476 = CARTESIAN_POINT('',(438.,150.,38.));
#5477 = VERTEX_POINT('',#5478);
#5478 = CARTESIAN_POINT('',(438.,150.,128.));
#5479 = LINE('',#5480,#5481);
#5480 = CARTESIAN_POINT('',(438.,150.,38.));
#5481 = VECTOR('',#5482,1.);
#5482 = DIRECTION('',(0.,0.,1.));
#5483 = ORIENTED_EDGE('',*,*,#5484,.T.);
#5484 = EDGE_CURVE('',#5475,#5485,#5487,.T.);
#5485 = VERTEX_POINT('',#5486);
#5486 = CARTESIAN_POINT('',(438.,158.,38.));
#5487 = LINE('',#5488,#5489);
#5488 = CARTESIAN_POINT('',(438.,150.,38.));
#5489 = VECTOR('',#5490,1.);
#5490 = DIRECTION('',(-0.,1.,0.));
#5491 = ORIENTED_EDGE('',*,*,#5492,.T.);
#5492 = EDGE_CURVE('',#5485,#5493,#5495,.T.);
#5493 = VERTEX_POINT('',#5494);
#5494 = CARTESIAN_POINT('',(438.,158.,128.));
#5495 = LINE('',#5496,#5497);
#5496 = CARTESIAN_POINT('',(438.,158.,38.));
#5497 = VECTOR('',#5498,1.);
#5498 = DIRECTION('',(0.,0.,1.));
#5499 = ORIENTED_EDGE('',*,*,#5500,.F.);
#5500 = EDGE_CURVE('',#5477,#5493,#5501,.T.);
#5501 = LINE('',#5502,#5503);
#5502 = CARTESIAN_POINT('',(438.,150.,128.));
#5503 = VECTOR('',#5504,1.);
#5504 = DIRECTION('',(-0.,1.,0.));
#5505 = PLANE('',#5506);
#5506 = AXIS2_PLACEMENT_3D('',#5507,#5508,#5509);
#5507 = CARTESIAN_POINT('',(438.,150.,38.));
#5508 = DIRECTION('',(1.,0.,-0.));
#5509 = DIRECTION('',(0.,0.,1.));
#5510 = ADVANCED_FACE('',(#5511),#5527,.F.);
#5511 = FACE_BOUND('',#5512,.F.);
#5512 = EDGE_LOOP('',(#5513,#5519,#5520,#5526));
#5513 = ORIENTED_EDGE('',*,*,#5514,.F.);
#5514 = EDGE_CURVE('',#5435,#5475,#5515,.T.);
#5515 = LINE('',#5516,#5517);
#5516 = CARTESIAN_POINT('',(321.,150.,38.));
#5517 = VECTOR('',#5518,1.);
#5518 = DIRECTION('',(1.,0.,-0.));
#5519 = ORIENTED_EDGE('',*,*,#5434,.T.);
#5520 = ORIENTED_EDGE('',*,*,#5521,.T.);
#5521 = EDGE_CURVE('',#5437,#5477,#5522,.T.);
#5522 = LINE('',#5523,#5524);
#5523 = CARTESIAN_POINT('',(321.,150.,128.));
#5524 = VECTOR('',#5525,1.);
#5525 = DIRECTION('',(1.,0.,-0.));
#5526 = ORIENTED_EDGE('',*,*,#5474,.F.);
#5527 = PLANE('',#5528);
#5528 = AXIS2_PLACEMENT_3D('',#5529,#5530,#5531);
#5529 = CARTESIAN_POINT('',(321.,150.,38.));
#5530 = DIRECTION('',(-0.,1.,0.));
#5531 = DIRECTION('',(0.,0.,1.));
#5532 = ADVANCED_FACE('',(#5533),#5549,.T.);
#5533 = FACE_BOUND('',#5534,.T.);
#5534 = EDGE_LOOP('',(#5535,#5541,#5542,#5548));
#5535 = ORIENTED_EDGE('',*,*,#5536,.F.);
#5536 = EDGE_CURVE('',#5445,#5485,#5537,.T.);
#5537 = LINE('',#5538,#5539);
#5538 = CARTESIAN_POINT('',(321.,158.,38.));
#5539 = VECTOR('',#5540,1.);
#5540 = DIRECTION('',(1.,0.,-0.));
#5541 = ORIENTED_EDGE('',*,*,#5452,.T.);
#5542 = ORIENTED_EDGE('',*,*,#5543,.T.);
#5543 = EDGE_CURVE('',#5453,#5493,#5544,.T.);
#5544 = LINE('',#5545,#5546);
#5545 = CARTESIAN_POINT('',(321.,158.,128.));
#5546 = VECTOR('',#5547,1.);
#5547 = DIRECTION('',(1.,0.,-0.));
#5548 = ORIENTED_EDGE('',*,*,#5492,.F.);
#5549 = PLANE('',#5550);
#5550 = AXIS2_PLACEMENT_3D('',#5551,#5552,#5553);
#5551 = CARTESIAN_POINT('',(321.,158.,38.));
#5552 = DIRECTION('',(-0.,1.,0.));
#5553 = DIRECTION('',(0.,0.,1.));
#5554 = ADVANCED_FACE('',(#5555),#5561,.F.);
#5555 = FACE_BOUND('',#5556,.F.);
#5556 = EDGE_LOOP('',(#5557,#5558,#5559,#5560));
#5557 = ORIENTED_EDGE('',*,*,#5444,.F.);
#5558 = ORIENTED_EDGE('',*,*,#5514,.T.);
#5559 = ORIENTED_EDGE('',*,*,#5484,.T.);
#5560 = ORIENTED_EDGE('',*,*,#5536,.F.);
#5561 = PLANE('',#5562);
#5562 = AXIS2_PLACEMENT_3D('',#5563,#5564,#5565);
#5563 = CARTESIAN_POINT('',(321.,150.,38.));
#5564 = DIRECTION('',(0.,0.,1.));
#5565 = DIRECTION('',(1.,0.,-0.));
#5566 = ADVANCED_FACE('',(#5567),#5573,.T.);
#5567 = FACE_BOUND('',#5568,.T.);
#5568 = EDGE_LOOP('',(#5569,#5570,#5571,#5572));
#5569 = ORIENTED_EDGE('',*,*,#5460,.F.);
#5570 = ORIENTED_EDGE('',*,*,#5521,.T.);
#5571 = ORIENTED_EDGE('',*,*,#5500,.T.);
#5572 = ORIENTED_EDGE('',*,*,#5543,.F.);
#5573 = PLANE('',#5574);
#5574 = AXIS2_PLACEMENT_3D('',#5575,#5576,#5577);
#5575 = CARTESIAN_POINT('',(321.,150.,128.));
#5576 = DIRECTION('',(0.,0.,1.));
#5577 = DIRECTION('',(1.,0.,-0.));
#5578 = ( GEOMETRIC_REPRESENTATION_CONTEXT(3) 
GLOBAL_UNCERTAINTY_ASSIGNED_CONTEXT((#5582)) 
GLOBAL_UNIT_ASSIGNED_CONTEXT((#5579,#5580,#5581)) REPRESENTATION_CONTEXT
('Context #1','3D Context with UNIT and UNCERTAINTY') );
#5579 = ( LENGTH_UNIT() NAMED_UNIT(*) SI_UNIT(.MILLI.,.METRE.) );
#5580 = ( NAMED_UNIT(*) PLANE_ANGLE_UNIT() SI_UNIT($,.RADIAN.) );
#5581 = ( NAMED_UNIT(*) SI_UNIT($,.STERADIAN.) SOLID_ANGLE_UNIT() );
#5582 = UNCERTAINTY_MEASURE_WITH_UNIT(LENGTH_MEASURE(1.E-07),#5579,
  'distance_accuracy_value','confusion accuracy');
#5583 = CONTEXT_DEPENDENT_SHAPE_REPRESENTATION(#5584,#5586);
#5584 = ( REPRESENTATION_RELATIONSHIP('','',#5277,#10) 
REPRESENTATION_RELATIONSHIP_WITH_TRANSFORMATION(#5585) 
SHAPE_REPRESENTATION_RELATIONSHIP() );
#5585 = ITEM_DEFINED_TRANSFORMATION('','',#11,#119);
#5586 = PRODUCT_DEFINITION_SHAPE('Placement','Placement of an item',
  #5587);
#5587 = NEXT_ASSEMBLY_USAGE_OCCURRENCE('91',
  '左右全频腔后板 · 密封试装','',#5,#5272,$);
#5588 = PRODUCT_RELATED_PRODUCT_CATEGORY('part',$,(#5274));
#5589 = SHAPE_DEFINITION_REPRESENTATION(#5590,#5596);
#5590 = PRODUCT_DEFINITION_SHAPE('','',#5591);
#5591 = PRODUCT_DEFINITION('design','',#5592,#5595);
#5592 = PRODUCT_DEFINITION_FORMATION('','',#5593);
#5593 = PRODUCT('低音腔左全深隔板','低音腔左全深隔板',''
  ,(#5594));
#5594 = PRODUCT_CONTEXT('',#2,'mechanical');
#5595 = PRODUCT_DEFINITION_CONTEXT('part definition',#2,'design');
#5596 = ADVANCED_BREP_SHAPE_REPRESENTATION('',(#11,#5597),#5747);
#5597 = MANIFOLD_SOLID_BREP('',#5598);
#5598 = CLOSED_SHELL('',(#5599,#5639,#5670,#5701,#5723,#5735));
#5599 = ADVANCED_FACE('',(#5600),#5634,.F.);
#5600 = FACE_BOUND('',#5601,.F.);
#5601 = EDGE_LOOP('',(#5602,#5612,#5620,#5628));
#5602 = ORIENTED_EDGE('',*,*,#5603,.T.);
#5603 = EDGE_CURVE('',#5604,#5606,#5608,.T.);
#5604 = VERTEX_POINT('',#5605);
#5605 = CARTESIAN_POINT('',(129.,24.411697793906,38.));
#5606 = VERTEX_POINT('',#5607);
#5607 = CARTESIAN_POINT('',(137.,24.411697793906,38.));
#5608 = LINE('',#5609,#5610);
#5609 = CARTESIAN_POINT('',(129.,24.411697793906,38.));
#5610 = VECTOR('',#5611,1.);
#5611 = DIRECTION('',(1.,0.,0.));
#5612 = ORIENTED_EDGE('',*,*,#5613,.T.);
#5613 = EDGE_CURVE('',#5606,#5614,#5616,.T.);
#5614 = VERTEX_POINT('',#5615);
#5615 = CARTESIAN_POINT('',(137.,338.,38.));
#5616 = LINE('',#5617,#5618);
#5617 = CARTESIAN_POINT('',(137.,24.411697793906,38.));
#5618 = VECTOR('',#5619,1.);
#5619 = DIRECTION('',(0.,1.,0.));
#5620 = ORIENTED_EDGE('',*,*,#5621,.F.);
#5621 = EDGE_CURVE('',#5622,#5614,#5624,.T.);
#5622 = VERTEX_POINT('',#5623);
#5623 = CARTESIAN_POINT('',(129.,338.,38.));
#5624 = LINE('',#5625,#5626);
#5625 = CARTESIAN_POINT('',(129.,338.,38.));
#5626 = VECTOR('',#5627,1.);
#5627 = DIRECTION('',(1.,0.,0.));
#5628 = ORIENTED_EDGE('',*,*,#5629,.F.);
#5629 = EDGE_CURVE('',#5604,#5622,#5630,.T.);
#5630 = LINE('',#5631,#5632);
#5631 = CARTESIAN_POINT('',(129.,24.411697793906,38.));
#5632 = VECTOR('',#5633,1.);
#5633 = DIRECTION('',(0.,1.,0.));
#5634 = PLANE('',#5635);
#5635 = AXIS2_PLACEMENT_3D('',#5636,#5637,#5638);
#5636 = CARTESIAN_POINT('',(129.,24.411697793906,38.));
#5637 = DIRECTION('',(0.,0.,1.));
#5638 = DIRECTION('',(0.,1.,0.));
#5639 = ADVANCED_FACE('',(#5640),#5665,.F.);
#5640 = FACE_BOUND('',#5641,.F.);
#5641 = EDGE_LOOP('',(#5642,#5643,#5651,#5659));
#5642 = ORIENTED_EDGE('',*,*,#5621,.T.);
#5643 = ORIENTED_EDGE('',*,*,#5644,.T.);
#5644 = EDGE_CURVE('',#5614,#5645,#5647,.T.);
#5645 = VERTEX_POINT('',#5646);
#5646 = CARTESIAN_POINT('',(137.,338.,128.));
#5647 = LINE('',#5648,#5649);
#5648 = CARTESIAN_POINT('',(137.,338.,38.));
#5649 = VECTOR('',#5650,1.);
#5650 = DIRECTION('',(0.,0.,1.));
#5651 = ORIENTED_EDGE('',*,*,#5652,.F.);
#5652 = EDGE_CURVE('',#5653,#5645,#5655,.T.);
#5653 = VERTEX_POINT('',#5654);
#5654 = CARTESIAN_POINT('',(129.,338.,128.));
#5655 = LINE('',#5656,#5657);
#5656 = CARTESIAN_POINT('',(129.,338.,128.));
#5657 = VECTOR('',#5658,1.);
#5658 = DIRECTION('',(1.,0.,0.));
#5659 = ORIENTED_EDGE('',*,*,#5660,.F.);
#5660 = EDGE_CURVE('',#5622,#5653,#5661,.T.);
#5661 = LINE('',#5662,#5663);
#5662 = CARTESIAN_POINT('',(129.,338.,38.));
#5663 = VECTOR('',#5664,1.);
#5664 = DIRECTION('',(0.,0.,1.));
#5665 = PLANE('',#5666);
#5666 = AXIS2_PLACEMENT_3D('',#5667,#5668,#5669);
#5667 = CARTESIAN_POINT('',(129.,338.,38.));
#5668 = DIRECTION('',(0.,-1.,0.));
#5669 = DIRECTION('',(0.,0.,1.));
#5670 = ADVANCED_FACE('',(#5671),#5696,.F.);
#5671 = FACE_BOUND('',#5672,.F.);
#5672 = EDGE_LOOP('',(#5673,#5674,#5682,#5690));
#5673 = ORIENTED_EDGE('',*,*,#5652,.T.);
#5674 = ORIENTED_EDGE('',*,*,#5675,.T.);
#5675 = EDGE_CURVE('',#5645,#5676,#5678,.T.);
#5676 = VERTEX_POINT('',#5677);
#5677 = CARTESIAN_POINT('',(137.,53.654470454868,128.));
#5678 = LINE('',#5679,#5680);
#5679 = CARTESIAN_POINT('',(137.,338.,128.));
#5680 = VECTOR('',#5681,1.);
#5681 = DIRECTION('',(0.,-1.,0.));
#5682 = ORIENTED_EDGE('',*,*,#5683,.F.);
#5683 = EDGE_CURVE('',#5684,#5676,#5686,.T.);
#5684 = VERTEX_POINT('',#5685);
#5685 = CARTESIAN_POINT('',(129.,53.654470454868,128.));
#5686 = LINE('',#5687,#5688);
#5687 = CARTESIAN_POINT('',(129.,53.654470454868,128.));
#5688 = VECTOR('',#5689,1.);
#5689 = DIRECTION('',(1.,0.,0.));
#5690 = ORIENTED_EDGE('',*,*,#5691,.F.);
#5691 = EDGE_CURVE('',#5653,#5684,#5692,.T.);
#5692 = LINE('',#5693,#5694);
#5693 = CARTESIAN_POINT('',(129.,338.,128.));
#5694 = VECTOR('',#5695,1.);
#5695 = DIRECTION('',(0.,-1.,0.));
#5696 = PLANE('',#5697);
#5697 = AXIS2_PLACEMENT_3D('',#5698,#5699,#5700);
#5698 = CARTESIAN_POINT('',(129.,338.,128.));
#5699 = DIRECTION('',(0.,0.,-1.));
#5700 = DIRECTION('',(0.,-1.,0.));
#5701 = ADVANCED_FACE('',(#5702),#5718,.F.);
#5702 = FACE_BOUND('',#5703,.F.);
#5703 = EDGE_LOOP('',(#5704,#5705,#5711,#5712));
#5704 = ORIENTED_EDGE('',*,*,#5683,.T.);
#5705 = ORIENTED_EDGE('',*,*,#5706,.T.);
#5706 = EDGE_CURVE('',#5676,#5606,#5707,.T.);
#5707 = LINE('',#5708,#5709);
#5708 = CARTESIAN_POINT('',(137.,53.654470454868,128.));
#5709 = VECTOR('',#5710,1.);
#5710 = DIRECTION('',(0.,-0.309016994375,-0.951056516295));
#5711 = ORIENTED_EDGE('',*,*,#5603,.F.);
#5712 = ORIENTED_EDGE('',*,*,#5713,.F.);
#5713 = EDGE_CURVE('',#5684,#5604,#5714,.T.);
#5714 = LINE('',#5715,#5716);
#5715 = CARTESIAN_POINT('',(129.,53.654470454868,128.));
#5716 = VECTOR('',#5717,1.);
#5717 = DIRECTION('',(0.,-0.309016994375,-0.951056516295));
#5718 = PLANE('',#5719);
#5719 = AXIS2_PLACEMENT_3D('',#5720,#5721,#5722);
#5720 = CARTESIAN_POINT('',(129.,53.654470454868,128.));
#5721 = DIRECTION('',(0.,0.951056516295,-0.309016994375));
#5722 = DIRECTION('',(0.,-0.309016994375,-0.951056516295));
#5723 = ADVANCED_FACE('',(#5724),#5730,.F.);
#5724 = FACE_BOUND('',#5725,.F.);
#5725 = EDGE_LOOP('',(#5726,#5727,#5728,#5729));
#5726 = ORIENTED_EDGE('',*,*,#5629,.T.);
#5727 = ORIENTED_EDGE('',*,*,#5660,.T.);
#5728 = ORIENTED_EDGE('',*,*,#5691,.T.);
#5729 = ORIENTED_EDGE('',*,*,#5713,.T.);
#5730 = PLANE('',#5731);
#5731 = AXIS2_PLACEMENT_3D('',#5732,#5733,#5734);
#5732 = CARTESIAN_POINT('',(129.,187.35864201683,81.318447613392));
#5733 = DIRECTION('',(1.,0.,0.));
#5734 = DIRECTION('',(-0.,0.,1.));
#5735 = ADVANCED_FACE('',(#5736),#5742,.T.);
#5736 = FACE_BOUND('',#5737,.T.);
#5737 = EDGE_LOOP('',(#5738,#5739,#5740,#5741));
#5738 = ORIENTED_EDGE('',*,*,#5613,.T.);
#5739 = ORIENTED_EDGE('',*,*,#5644,.T.);
#5740 = ORIENTED_EDGE('',*,*,#5675,.T.);
#5741 = ORIENTED_EDGE('',*,*,#5706,.T.);
#5742 = PLANE('',#5743);
#5743 = AXIS2_PLACEMENT_3D('',#5744,#5745,#5746);
#5744 = CARTESIAN_POINT('',(137.,187.35864201683,81.318447613392));
#5745 = DIRECTION('',(1.,0.,0.));
#5746 = DIRECTION('',(0.,0.,1.));
#5747 = ( GEOMETRIC_REPRESENTATION_CONTEXT(3) 
GLOBAL_UNCERTAINTY_ASSIGNED_CONTEXT((#5751)) 
GLOBAL_UNIT_ASSIGNED_CONTEXT((#5748,#5749,#5750)) REPRESENTATION_CONTEXT
('Context #1','3D Context with UNIT and UNCERTAINTY') );
#5748 = ( LENGTH_UNIT() NAMED_UNIT(*) SI_UNIT(.MILLI.,.METRE.) );
#5749 = ( NAMED_UNIT(*) PLANE_ANGLE_UNIT() SI_UNIT($,.RADIAN.) );
#5750 = ( NAMED_UNIT(*) SI_UNIT($,.STERADIAN.) SOLID_ANGLE_UNIT() );
#5751 = UNCERTAINTY_MEASURE_WITH_UNIT(LENGTH_MEASURE(1.E-07),#5748,
  'distance_accuracy_value','confusion accuracy');
#5752 = CONTEXT_DEPENDENT_SHAPE_REPRESENTATION(#5753,#5755);
#5753 = ( REPRESENTATION_RELATIONSHIP('','',#5596,#10) 
REPRESENTATION_RELATIONSHIP_WITH_TRANSFORMATION(#5754) 
SHAPE_REPRESENTATION_RELATIONSHIP() );
#5754 = ITEM_DEFINED_TRANSFORMATION('','',#11,#123);
#5755 = PRODUCT_DEFINITION_SHAPE('Placement','Placement of an item',
  #5756);
#5756 = NEXT_ASSEMBLY_USAGE_OCCURRENCE('92','低音腔左全深隔板',
  '',#5,#5591,$);
#5757 = PRODUCT_RELATED_PRODUCT_CATEGORY('part',$,(#5593));
#5758 = SHAPE_DEFINITION_REPRESENTATION(#5759,#5765);
#5759 = PRODUCT_DEFINITION_SHAPE('','',#5760);
#5760 = PRODUCT_DEFINITION('design','',#5761,#5764);
#5761 = PRODUCT_DEFINITION_FORMATION('','',#5762);
#5762 = PRODUCT('低音腔右全深隔板','低音腔右全深隔板',''
  ,(#5763));
#5763 = PRODUCT_CONTEXT('',#2,'mechanical');
#5764 = PRODUCT_DEFINITION_CONTEXT('part definition',#2,'design');
#5765 = ADVANCED_BREP_SHAPE_REPRESENTATION('',(#11,#5766),#5916);
#5766 = MANIFOLD_SOLID_BREP('',#5767);
#5767 = CLOSED_SHELL('',(#5768,#5808,#5839,#5870,#5892,#5904));
#5768 = ADVANCED_FACE('',(#5769),#5803,.F.);
#5769 = FACE_BOUND('',#5770,.F.);
#5770 = EDGE_LOOP('',(#5771,#5781,#5789,#5797));
#5771 = ORIENTED_EDGE('',*,*,#5772,.T.);
#5772 = EDGE_CURVE('',#5773,#5775,#5777,.T.);
#5773 = VERTEX_POINT('',#5774);
#5774 = CARTESIAN_POINT('',(313.,24.411697793906,38.));
#5775 = VERTEX_POINT('',#5776);
#5776 = CARTESIAN_POINT('',(321.,24.411697793906,38.));
#5777 = LINE('',#5778,#5779);
#5778 = CARTESIAN_POINT('',(313.,24.411697793906,38.));
#5779 = VECTOR('',#5780,1.);
#5780 = DIRECTION('',(1.,0.,0.));
#5781 = ORIENTED_EDGE('',*,*,#5782,.T.);
#5782 = EDGE_CURVE('',#5775,#5783,#5785,.T.);
#5783 = VERTEX_POINT('',#5784);
#5784 = CARTESIAN_POINT('',(321.,338.,38.));
#5785 = LINE('',#5786,#5787);
#5786 = CARTESIAN_POINT('',(321.,24.411697793906,38.));
#5787 = VECTOR('',#5788,1.);
#5788 = DIRECTION('',(0.,1.,0.));
#5789 = ORIENTED_EDGE('',*,*,#5790,.F.);
#5790 = EDGE_CURVE('',#5791,#5783,#5793,.T.);
#5791 = VERTEX_POINT('',#5792);
#5792 = CARTESIAN_POINT('',(313.,338.,38.));
#5793 = LINE('',#5794,#5795);
#5794 = CARTESIAN_POINT('',(313.,338.,38.));
#5795 = VECTOR('',#5796,1.);
#5796 = DIRECTION('',(1.,0.,0.));
#5797 = ORIENTED_EDGE('',*,*,#5798,.F.);
#5798 = EDGE_CURVE('',#5773,#5791,#5799,.T.);
#5799 = LINE('',#5800,#5801);
#5800 = CARTESIAN_POINT('',(313.,24.411697793906,38.));
#5801 = VECTOR('',#5802,1.);
#5802 = DIRECTION('',(0.,1.,0.));
#5803 = PLANE('',#5804);
#5804 = AXIS2_PLACEMENT_3D('',#5805,#5806,#5807);
#5805 = CARTESIAN_POINT('',(313.,24.411697793906,38.));
#5806 = DIRECTION('',(0.,0.,1.));
#5807 = DIRECTION('',(0.,1.,0.));
#5808 = ADVANCED_FACE('',(#5809),#5834,.F.);
#5809 = FACE_BOUND('',#5810,.F.);
#5810 = EDGE_LOOP('',(#5811,#5812,#5820,#5828));
#5811 = ORIENTED_EDGE('',*,*,#5790,.T.);
#5812 = ORIENTED_EDGE('',*,*,#5813,.T.);
#5813 = EDGE_CURVE('',#5783,#5814,#5816,.T.);
#5814 = VERTEX_POINT('',#5815);
#5815 = CARTESIAN_POINT('',(321.,338.,128.));
#5816 = LINE('',#5817,#5818);
#5817 = CARTESIAN_POINT('',(321.,338.,38.));
#5818 = VECTOR('',#5819,1.);
#5819 = DIRECTION('',(0.,0.,1.));
#5820 = ORIENTED_EDGE('',*,*,#5821,.F.);
#5821 = EDGE_CURVE('',#5822,#5814,#5824,.T.);
#5822 = VERTEX_POINT('',#5823);
#5823 = CARTESIAN_POINT('',(313.,338.,128.));
#5824 = LINE('',#5825,#5826);
#5825 = CARTESIAN_POINT('',(313.,338.,128.));
#5826 = VECTOR('',#5827,1.);
#5827 = DIRECTION('',(1.,0.,0.));
#5828 = ORIENTED_EDGE('',*,*,#5829,.F.);
#5829 = EDGE_CURVE('',#5791,#5822,#5830,.T.);
#5830 = LINE('',#5831,#5832);
#5831 = CARTESIAN_POINT('',(313.,338.,38.));
#5832 = VECTOR('',#5833,1.);
#5833 = DIRECTION('',(0.,0.,1.));
#5834 = PLANE('',#5835);
#5835 = AXIS2_PLACEMENT_3D('',#5836,#5837,#5838);
#5836 = CARTESIAN_POINT('',(313.,338.,38.));
#5837 = DIRECTION('',(0.,-1.,0.));
#5838 = DIRECTION('',(0.,0.,1.));
#5839 = ADVANCED_FACE('',(#5840),#5865,.F.);
#5840 = FACE_BOUND('',#5841,.F.);
#5841 = EDGE_LOOP('',(#5842,#5843,#5851,#5859));
#5842 = ORIENTED_EDGE('',*,*,#5821,.T.);
#5843 = ORIENTED_EDGE('',*,*,#5844,.T.);
#5844 = EDGE_CURVE('',#5814,#5845,#5847,.T.);
#5845 = VERTEX_POINT('',#5846);
#5846 = CARTESIAN_POINT('',(321.,53.654470454868,128.));
#5847 = LINE('',#5848,#5849);
#5848 = CARTESIAN_POINT('',(321.,338.,128.));
#5849 = VECTOR('',#5850,1.);
#5850 = DIRECTION('',(0.,-1.,0.));
#5851 = ORIENTED_EDGE('',*,*,#5852,.F.);
#5852 = EDGE_CURVE('',#5853,#5845,#5855,.T.);
#5853 = VERTEX_POINT('',#5854);
#5854 = CARTESIAN_POINT('',(313.,53.654470454868,128.));
#5855 = LINE('',#5856,#5857);
#5856 = CARTESIAN_POINT('',(313.,53.654470454868,128.));
#5857 = VECTOR('',#5858,1.);
#5858 = DIRECTION('',(1.,0.,0.));
#5859 = ORIENTED_EDGE('',*,*,#5860,.F.);
#5860 = EDGE_CURVE('',#5822,#5853,#5861,.T.);
#5861 = LINE('',#5862,#5863);
#5862 = CARTESIAN_POINT('',(313.,338.,128.));
#5863 = VECTOR('',#5864,1.);
#5864 = DIRECTION('',(0.,-1.,0.));
#5865 = PLANE('',#5866);
#5866 = AXIS2_PLACEMENT_3D('',#5867,#5868,#5869);
#5867 = CARTESIAN_POINT('',(313.,338.,128.));
#5868 = DIRECTION('',(0.,0.,-1.));
#5869 = DIRECTION('',(0.,-1.,0.));
#5870 = ADVANCED_FACE('',(#5871),#5887,.F.);
#5871 = FACE_BOUND('',#5872,.F.);
#5872 = EDGE_LOOP('',(#5873,#5874,#5880,#5881));
#5873 = ORIENTED_EDGE('',*,*,#5852,.T.);
#5874 = ORIENTED_EDGE('',*,*,#5875,.T.);
#5875 = EDGE_CURVE('',#5845,#5775,#5876,.T.);
#5876 = LINE('',#5877,#5878);
#5877 = CARTESIAN_POINT('',(321.,53.654470454868,128.));
#5878 = VECTOR('',#5879,1.);
#5879 = DIRECTION('',(0.,-0.309016994375,-0.951056516295));
#5880 = ORIENTED_EDGE('',*,*,#5772,.F.);
#5881 = ORIENTED_EDGE('',*,*,#5882,.F.);
#5882 = EDGE_CURVE('',#5853,#5773,#5883,.T.);
#5883 = LINE('',#5884,#5885);
#5884 = CARTESIAN_POINT('',(313.,53.654470454868,128.));
#5885 = VECTOR('',#5886,1.);
#5886 = DIRECTION('',(0.,-0.309016994375,-0.951056516295));
#5887 = PLANE('',#5888);
#5888 = AXIS2_PLACEMENT_3D('',#5889,#5890,#5891);
#5889 = CARTESIAN_POINT('',(313.,53.654470454868,128.));
#5890 = DIRECTION('',(0.,0.951056516295,-0.309016994375));
#5891 = DIRECTION('',(0.,-0.309016994375,-0.951056516295));
#5892 = ADVANCED_FACE('',(#5893),#5899,.F.);
#5893 = FACE_BOUND('',#5894,.F.);
#5894 = EDGE_LOOP('',(#5895,#5896,#5897,#5898));
#5895 = ORIENTED_EDGE('',*,*,#5798,.T.);
#5896 = ORIENTED_EDGE('',*,*,#5829,.T.);
#5897 = ORIENTED_EDGE('',*,*,#5860,.T.);
#5898 = ORIENTED_EDGE('',*,*,#5882,.T.);
#5899 = PLANE('',#5900);
#5900 = AXIS2_PLACEMENT_3D('',#5901,#5902,#5903);
#5901 = CARTESIAN_POINT('',(313.,187.35864201683,81.318447613392));
#5902 = DIRECTION('',(1.,0.,0.));
#5903 = DIRECTION('',(-0.,0.,1.));
#5904 = ADVANCED_FACE('',(#5905),#5911,.T.);
#5905 = FACE_BOUND('',#5906,.T.);
#5906 = EDGE_LOOP('',(#5907,#5908,#5909,#5910));
#5907 = ORIENTED_EDGE('',*,*,#5782,.T.);
#5908 = ORIENTED_EDGE('',*,*,#5813,.T.);
#5909 = ORIENTED_EDGE('',*,*,#5844,.T.);
#5910 = ORIENTED_EDGE('',*,*,#5875,.T.);
#5911 = PLANE('',#5912);
#5912 = AXIS2_PLACEMENT_3D('',#5913,#5914,#5915);
#5913 = CARTESIAN_POINT('',(321.,187.35864201683,81.318447613392));
#5914 = DIRECTION('',(1.,0.,0.));
#5915 = DIRECTION('',(0.,0.,1.));
#5916 = ( GEOMETRIC_REPRESENTATION_CONTEXT(3) 
GLOBAL_UNCERTAINTY_ASSIGNED_CONTEXT((#5920)) 
GLOBAL_UNIT_ASSIGNED_CONTEXT((#5917,#5918,#5919)) REPRESENTATION_CONTEXT
('Context #1','3D Context with UNIT and UNCERTAINTY') );
#5917 = ( LENGTH_UNIT() NAMED_UNIT(*) SI_UNIT(.MILLI.,.METRE.) );
#5918 = ( NAMED_UNIT(*) PLANE_ANGLE_UNIT() SI_UNIT($,.RADIAN.) );
#5919 = ( NAMED_UNIT(*) SI_UNIT($,.STERADIAN.) SOLID_ANGLE_UNIT() );
#5920 = UNCERTAINTY_MEASURE_WITH_UNIT(LENGTH_MEASURE(1.E-07),#5917,
  'distance_accuracy_value','confusion accuracy');
#5921 = CONTEXT_DEPENDENT_SHAPE_REPRESENTATION(#5922,#5924);
#5922 = ( REPRESENTATION_RELATIONSHIP('','',#5765,#10) 
REPRESENTATION_RELATIONSHIP_WITH_TRANSFORMATION(#5923) 
SHAPE_REPRESENTATION_RELATIONSHIP() );
#5923 = ITEM_DEFINED_TRANSFORMATION('','',#11,#127);
#5924 = PRODUCT_DEFINITION_SHAPE('Placement','Placement of an item',
  #5925);
#5925 = NEXT_ASSEMBLY_USAGE_OCCURRENCE('93','低音腔右全深隔板',
  '',#5,#5760,$);
#5926 = PRODUCT_RELATED_PRODUCT_CATEGORY('part',$,(#5762));
#5927 = SHAPE_DEFINITION_REPRESENTATION(#5928,#5934);
#5928 = PRODUCT_DEFINITION_SHAPE('','',#5929);
#5929 = PRODUCT_DEFINITION('design','',#5930,#5933);
#5930 = PRODUCT_DEFINITION_FORMATION('','',#5931);
#5931 = PRODUCT('左全频 · SC-2103 安装占位',
  '左全频 · SC-2103 安装占位','',(#5932));
#5932 = PRODUCT_CONTEXT('',#2,'mechanical');
#5933 = PRODUCT_DEFINITION_CONTEXT('part definition',#2,'design');
#5934 = SHAPE_REPRESENTATION('',(#11,#5935,#6027,#6125,#6217),#6270);
#5935 = MANIFOLD_SOLID_BREP('',#5936);
#5936 = CLOSED_SHELL('',(#5937,#5970,#5990,#6010));
#5937 = ADVANCED_FACE('',(#5938),#5965,.T.);
#5938 = FACE_BOUND('',#5939,.T.);
#5939 = EDGE_LOOP('',(#5940,#5949,#5957,#5964));
#5940 = ORIENTED_EDGE('',*,*,#5941,.F.);
#5941 = EDGE_CURVE('',#5942,#5942,#5944,.T.);
#5942 = VERTEX_POINT('',#5943);
#5943 = CARTESIAN_POINT('',(80.,44.297647592268,125.09120413551));
#5944 = CIRCLE('',#5945,39.);
#5945 = AXIS2_PLACEMENT_3D('',#5946,#5947,#5948);
#5946 = CARTESIAN_POINT('',(80.,32.245984811645,88.));
#5947 = DIRECTION('',(0.,0.951056516295,-0.309016994375));
#5948 = DIRECTION('',(0.,0.309016994375,0.951056516295));
#5949 = ORIENTED_EDGE('',*,*,#5950,.F.);
#5950 = EDGE_CURVE('',#5951,#5942,#5953,.T.);
#5951 = VERTEX_POINT('',#5952);
#5952 = CARTESIAN_POINT('',(80.,41.444478043383,126.01825511863));
#5953 = LINE('',#5954,#5955);
#5954 = CARTESIAN_POINT('',(80.,41.444478043383,126.01825511863));
#5955 = VECTOR('',#5956,1.);
#5956 = DIRECTION('',(0.,0.951056516295,-0.309016994375));
#5957 = ORIENTED_EDGE('',*,*,#5958,.T.);
#5958 = EDGE_CURVE('',#5951,#5951,#5959,.T.);
#5959 = CIRCLE('',#5960,39.);
#5960 = AXIS2_PLACEMENT_3D('',#5961,#5962,#5963);
#5961 = CARTESIAN_POINT('',(80.,29.39281526276,88.927050983125));
#5962 = DIRECTION('',(0.,0.951056516295,-0.309016994375));
#5963 = DIRECTION('',(0.,0.309016994375,0.951056516295));
#5964 = ORIENTED_EDGE('',*,*,#5950,.T.);
#5965 = CYLINDRICAL_SURFACE('',#5966,39.);
#5966 = AXIS2_PLACEMENT_3D('',#5967,#5968,#5969);
#5967 = CARTESIAN_POINT('',(80.,29.39281526276,88.927050983125));
#5968 = DIRECTION('',(0.,0.951056516295,-0.309016994375));
#5969 = DIRECTION('',(0.,0.309016994375,0.951056516295));
#5970 = ADVANCED_FACE('',(#5971,#5974),#5985,.T.);
#5971 = FACE_BOUND('',#5972,.T.);
#5972 = EDGE_LOOP('',(#5973));
#5973 = ORIENTED_EDGE('',*,*,#5941,.T.);
#5974 = FACE_BOUND('',#5975,.T.);
#5975 = EDGE_LOOP('',(#5976));
#5976 = ORIENTED_EDGE('',*,*,#5977,.F.);
#5977 = EDGE_CURVE('',#5978,#5978,#5980,.T.);
#5978 = VERTEX_POINT('',#5979);
#5979 = CARTESIAN_POINT('',(80.,38.117307704769,106.0700738096));
#5980 = CIRCLE('',#5981,19.);
#5981 = AXIS2_PLACEMENT_3D('',#5982,#5983,#5984);
#5982 = CARTESIAN_POINT('',(80.,32.245984811645,88.));
#5983 = DIRECTION('',(0.,0.951056516295,-0.309016994375));
#5984 = DIRECTION('',(0.,0.309016994375,0.951056516295));
#5985 = PLANE('',#5986);
#5986 = AXIS2_PLACEMENT_3D('',#5987,#5988,#5989);
#5987 = CARTESIAN_POINT('',(80.,32.245984811645,88.));
#5988 = DIRECTION('',(0.,0.951056516295,-0.309016994375));
#5989 = DIRECTION('',(0.,0.309016994375,0.951056516295));
#5990 = ADVANCED_FACE('',(#5991,#5994),#6005,.F.);
#5991 = FACE_BOUND('',#5992,.F.);
#5992 = EDGE_LOOP('',(#5993));
#5993 = ORIENTED_EDGE('',*,*,#5958,.T.);
#5994 = FACE_BOUND('',#5995,.F.);
#5995 = EDGE_LOOP('',(#5996));
#5996 = ORIENTED_EDGE('',*,*,#5997,.F.);
#5997 = EDGE_CURVE('',#5998,#5998,#6000,.T.);
#5998 = VERTEX_POINT('',#5999);
#5999 = CARTESIAN_POINT('',(80.,35.264138155884,106.99712479273));
#6000 = CIRCLE('',#6001,19.);
#6001 = AXIS2_PLACEMENT_3D('',#6002,#6003,#6004);
#6002 = CARTESIAN_POINT('',(80.,29.39281526276,88.927050983125));
#6003 = DIRECTION('',(0.,0.951056516295,-0.309016994375));
#6004 = DIRECTION('',(0.,0.309016994375,0.951056516295));
#6005 = PLANE('',#6006);
#6006 = AXIS2_PLACEMENT_3D('',#6007,#6008,#6009);
#6007 = CARTESIAN_POINT('',(80.,29.39281526276,88.927050983125));
#6008 = DIRECTION('',(0.,0.951056516295,-0.309016994375));
#6009 = DIRECTION('',(0.,0.309016994375,0.951056516295));
#6010 = ADVANCED_FACE('',(#6011),#6022,.F.);
#6011 = FACE_BOUND('',#6012,.F.);
#6012 = EDGE_LOOP('',(#6013,#6014,#6020,#6021));
#6013 = ORIENTED_EDGE('',*,*,#5977,.F.);
#6014 = ORIENTED_EDGE('',*,*,#6015,.F.);
#6015 = EDGE_CURVE('',#5998,#5978,#6016,.T.);
#6016 = LINE('',#6017,#6018);
#6017 = CARTESIAN_POINT('',(80.,34.788609897736,107.15163328992));
#6018 = VECTOR('',#6019,1.);
#6019 = DIRECTION('',(0.,0.951056516295,-0.309016994375));
#6020 = ORIENTED_EDGE('',*,*,#5997,.T.);
#6021 = ORIENTED_EDGE('',*,*,#6015,.T.);
#6022 = CYLINDRICAL_SURFACE('',#6023,19.);
#6023 = AXIS2_PLACEMENT_3D('',#6024,#6025,#6026);
#6024 = CARTESIAN_POINT('',(80.,28.917287004612,89.081559480312));
#6025 = DIRECTION('',(0.,0.951056516295,-0.309016994375));
#6026 = DIRECTION('',(0.,0.309016994375,0.951056516295));
#6027 = MANIFOLD_SOLID_BREP('',#6028);
#6028 = CLOSED_SHELL('',(#6029,#6062,#6071,#6091,#6116));
#6029 = ADVANCED_FACE('',(#6030),#6057,.T.);
#6030 = FACE_BOUND('',#6031,.T.);
#6031 = EDGE_LOOP('',(#6032,#6041,#6049,#6056));
#6032 = ORIENTED_EDGE('',*,*,#6033,.F.);
#6033 = EDGE_CURVE('',#6034,#6034,#6036,.T.);
#6034 = VERTEX_POINT('',#6035);
#6035 = CARTESIAN_POINT('',(80.,46.725285658292,90.655625536911));
#6036 = CIRCLE('',#6037,7.);
#6037 = AXIS2_PLACEMENT_3D('',#6038,#6039,#6040);
#6038 = CARTESIAN_POINT('',(80.,44.562166697668,83.998229922844));
#6039 = DIRECTION('',(0.,0.951056516295,-0.309016994375));
#6040 = DIRECTION('',(0.,0.309016994375,0.951056516295));
#6041 = ORIENTED_EDGE('',*,*,#6042,.F.);
#6042 = EDGE_CURVE('',#6043,#6034,#6045,.T.);
#6043 = VERTEX_POINT('',#6044);
#6044 = CARTESIAN_POINT('',(80.,38.117307704769,106.0700738096));
#6045 = LINE('',#6046,#6047);
#6046 = CARTESIAN_POINT('',(80.,38.117307704769,106.0700738096));
#6047 = VECTOR('',#6048,1.);
#6048 = DIRECTION('',(1.7E-16,0.48756329485,-0.873087643662));
#6049 = ORIENTED_EDGE('',*,*,#6050,.T.);
#6050 = EDGE_CURVE('',#6043,#6043,#6051,.T.);
#6051 = CIRCLE('',#6052,19.);
#6052 = AXIS2_PLACEMENT_3D('',#6053,#6054,#6055);
#6053 = CARTESIAN_POINT('',(80.,32.245984811645,88.));
#6054 = DIRECTION('',(0.,0.951056516295,-0.309016994375));
#6055 = DIRECTION('',(0.,0.309016994375,0.951056516295));
#6056 = ORIENTED_EDGE('',*,*,#6042,.T.);
#6057 = CONICAL_SURFACE('',#6058,19.,0.747340395954);
#6058 = AXIS2_PLACEMENT_3D('',#6059,#6060,#6061);
#6059 = CARTESIAN_POINT('',(80.,32.245984811645,88.));
#6060 = DIRECTION('',(-0.,-0.951056516295,0.309016994375));
#6061 = DIRECTION('',(0.,0.309016994375,0.951056516295));
#6062 = ADVANCED_FACE('',(#6063),#6066,.T.);
#6063 = FACE_BOUND('',#6064,.T.);
#6064 = EDGE_LOOP('',(#6065));
#6065 = ORIENTED_EDGE('',*,*,#6033,.T.);
#6066 = PLANE('',#6067);
#6067 = AXIS2_PLACEMENT_3D('',#6068,#6069,#6070);
#6068 = CARTESIAN_POINT('',(80.,44.562166697668,83.998229922844));
#6069 = DIRECTION('',(0.,0.951056516295,-0.309016994375));
#6070 = DIRECTION('',(0.,0.309016994375,0.951056516295));
#6071 = ADVANCED_FACE('',(#6072,#6075),#6086,.F.);
#6072 = FACE_BOUND('',#6073,.F.);
#6073 = EDGE_LOOP('',(#6074));
#6074 = ORIENTED_EDGE('',*,*,#6050,.T.);
#6075 = FACE_BOUND('',#6076,.F.);
#6076 = EDGE_LOOP('',(#6077));
#6077 = ORIENTED_EDGE('',*,*,#6078,.F.);
#6078 = EDGE_CURVE('',#6079,#6079,#6081,.T.);
#6079 = VERTEX_POINT('',#6080);
#6080 = CARTESIAN_POINT('',(80.,37.607847254584,104.50211576922));
#6081 = CIRCLE('',#6082,17.351351351351);
#6082 = AXIS2_PLACEMENT_3D('',#6083,#6084,#6085);
#6083 = CARTESIAN_POINT('',(80.,32.245984811645,88.));
#6084 = DIRECTION('',(0.,0.951056516295,-0.309016994375));
#6085 = DIRECTION('',(0.,0.309016994375,0.951056516295));
#6086 = PLANE('',#6087);
#6087 = AXIS2_PLACEMENT_3D('',#6088,#6089,#6090);
#6088 = CARTESIAN_POINT('',(80.,32.245984811645,88.));
#6089 = DIRECTION('',(0.,0.951056516295,-0.309016994375));
#6090 = DIRECTION('',(0.,0.309016994375,0.951056516295));
#6091 = ADVANCED_FACE('',(#6092),#6111,.F.);
#6092 = FACE_BOUND('',#6093,.F.);
#6093 = EDGE_LOOP('',(#6094,#6102,#6109,#6110));
#6094 = ORIENTED_EDGE('',*,*,#6095,.T.);
#6095 = EDGE_CURVE('',#6079,#6096,#6098,.T.);
#6096 = VERTEX_POINT('',#6097);
#6097 = CARTESIAN_POINT('',(80.,45.750529102511,89.920880916678));
#6098 = LINE('',#6099,#6100);
#6099 = CARTESIAN_POINT('',(80.,37.142551148988,105.33532918937));
#6100 = VECTOR('',#6101,1.);
#6101 = DIRECTION('',(1.7E-16,0.48756329485,-0.873087643662));
#6102 = ORIENTED_EDGE('',*,*,#6103,.F.);
#6103 = EDGE_CURVE('',#6096,#6096,#6104,.T.);
#6104 = CIRCLE('',#6105,6.);
#6105 = AXIS2_PLACEMENT_3D('',#6106,#6107,#6108);
#6106 = CARTESIAN_POINT('',(80.,43.896427136261,84.214541818907));
#6107 = DIRECTION('',(0.,0.951056516295,-0.309016994375));
#6108 = DIRECTION('',(0.,0.309016994375,0.951056516295));
#6109 = ORIENTED_EDGE('',*,*,#6095,.F.);
#6110 = ORIENTED_EDGE('',*,*,#6078,.T.);
#6111 = CONICAL_SURFACE('',#6112,18.,0.747340395954);
#6112 = AXIS2_PLACEMENT_3D('',#6113,#6114,#6115);
#6113 = CARTESIAN_POINT('',(80.,31.580245250239,88.216311896062));
#6114 = DIRECTION('',(-0.,-0.951056516295,0.309016994375));
#6115 = DIRECTION('',(0.,0.309016994375,0.951056516295));
#6116 = ADVANCED_FACE('',(#6117),#6120,.F.);
#6117 = FACE_BOUND('',#6118,.F.);
#6118 = EDGE_LOOP('',(#6119));
#6119 = ORIENTED_EDGE('',*,*,#6103,.T.);
#6120 = PLANE('',#6121);
#6121 = AXIS2_PLACEMENT_3D('',#6122,#6123,#6124);
#6122 = CARTESIAN_POINT('',(80.,43.896427136261,84.214541818907));
#6123 = DIRECTION('',(0.,0.951056516295,-0.309016994375));
#6124 = DIRECTION('',(0.,0.309016994375,0.951056516295));
#6125 = MANIFOLD_SOLID_BREP('',#6126);
#6126 = CLOSED_SHELL('',(#6127,#6160,#6180,#6200));
#6127 = ADVANCED_FACE('',(#6128),#6155,.T.);
#6128 = FACE_BOUND('',#6129,.T.);
#6129 = EDGE_LOOP('',(#6130,#6139,#6147,#6154));
#6130 = ORIENTED_EDGE('',*,*,#6131,.F.);
#6131 = EDGE_CURVE('',#6132,#6132,#6134,.T.);
#6132 = VERTEX_POINT('',#6133);
#6133 = CARTESIAN_POINT('',(80.,58.827097961043,91.980819480824));
#6134 = CIRCLE('',#6135,12.);
#6135 = AXIS2_PLACEMENT_3D('',#6136,#6137,#6138);
#6136 = CARTESIAN_POINT('',(80.,55.118894028544,80.568141285283));
#6137 = DIRECTION('',(0.,0.951056516295,-0.309016994375));
#6138 = DIRECTION('',(0.,0.309016994375,0.951056516295));
#6139 = ORIENTED_EDGE('',*,*,#6140,.F.);
#6140 = EDGE_CURVE('',#6141,#6132,#6143,.T.);
#6141 = VERTEX_POINT('',#6142);
#6142 = CARTESIAN_POINT('',(80.,38.426324699144,107.0211303259));
#6143 = LINE('',#6144,#6145);
#6144 = CARTESIAN_POINT('',(80.,38.426324699144,107.0211303259));
#6145 = VECTOR('',#6146,1.);
#6146 = DIRECTION('',(8.E-17,0.804902021001,-0.593407732161));
#6147 = ORIENTED_EDGE('',*,*,#6148,.T.);
#6148 = EDGE_CURVE('',#6141,#6141,#6149,.T.);
#6149 = CIRCLE('',#6150,20.);
#6150 = AXIS2_PLACEMENT_3D('',#6151,#6152,#6153);
#6151 = CARTESIAN_POINT('',(80.,32.245984811645,88.));
#6152 = DIRECTION('',(0.,0.951056516295,-0.309016994375));
#6153 = DIRECTION('',(0.,0.309016994375,0.951056516295));
#6154 = ORIENTED_EDGE('',*,*,#6140,.T.);
#6155 = CONICAL_SURFACE('',#6156,20.,0.321126724159);
#6156 = AXIS2_PLACEMENT_3D('',#6157,#6158,#6159);
#6157 = CARTESIAN_POINT('',(80.,32.245984811645,88.));
#6158 = DIRECTION('',(-0.,-0.951056516295,0.309016994375));
#6159 = DIRECTION('',(0.,0.309016994375,0.951056516295));
#6160 = ADVANCED_FACE('',(#6161,#6164),#6175,.T.);
#6161 = FACE_BOUND('',#6162,.T.);
#6162 = EDGE_LOOP('',(#6163));
#6163 = ORIENTED_EDGE('',*,*,#6131,.T.);
#6164 = FACE_BOUND('',#6165,.T.);
#6165 = EDGE_LOOP('',(#6166));
#6166 = ORIENTED_EDGE('',*,*,#6167,.F.);
#6167 = EDGE_CURVE('',#6168,#6168,#6170,.T.);
#6168 = VERTEX_POINT('',#6169);
#6169 = CARTESIAN_POINT('',(80.,58.518080966668,91.029762964529));
#6170 = CIRCLE('',#6171,11.);
#6171 = AXIS2_PLACEMENT_3D('',#6172,#6173,#6174);
#6172 = CARTESIAN_POINT('',(80.,55.118894028544,80.568141285283));
#6173 = DIRECTION('',(0.,0.951056516295,-0.309016994375));
#6174 = DIRECTION('',(0.,0.309016994375,0.951056516295));
#6175 = PLANE('',#6176);
#6176 = AXIS2_PLACEMENT_3D('',#6177,#6178,#6179);
#6177 = CARTESIAN_POINT('',(80.,55.118894028544,80.568141285283));
#6178 = DIRECTION('',(0.,0.951056516295,-0.309016994375));
#6179 = DIRECTION('',(0.,0.309016994375,0.951056516295));
#6180 = ADVANCED_FACE('',(#6181,#6184),#6195,.F.);
#6181 = FACE_BOUND('',#6182,.F.);
#6182 = EDGE_LOOP('',(#6183));
#6183 = ORIENTED_EDGE('',*,*,#6148,.T.);
#6184 = FACE_BOUND('',#6185,.F.);
#6185 = EDGE_LOOP('',(#6186));
#6186 = ORIENTED_EDGE('',*,*,#6187,.F.);
#6187 = EDGE_CURVE('',#6188,#6188,#6190,.T.);
#6188 = VERTEX_POINT('',#6189);
#6189 = CARTESIAN_POINT('',(80.,38.117307704769,106.0700738096));
#6190 = CIRCLE('',#6191,19.);
#6191 = AXIS2_PLACEMENT_3D('',#6192,#6193,#6194);
#6192 = CARTESIAN_POINT('',(80.,32.245984811645,88.));
#6193 = DIRECTION('',(0.,0.951056516295,-0.309016994375));
#6194 = DIRECTION('',(0.,0.309016994375,0.951056516295));
#6195 = PLANE('',#6196);
#6196 = AXIS2_PLACEMENT_3D('',#6197,#6198,#6199);
#6197 = CARTESIAN_POINT('',(80.,32.245984811645,88.));
#6198 = DIRECTION('',(0.,0.951056516295,-0.309016994375));
#6199 = DIRECTION('',(0.,0.309016994375,0.951056516295));
#6200 = ADVANCED_FACE('',(#6201),#6212,.F.);
#6201 = FACE_BOUND('',#6202,.F.);
#6202 = EDGE_LOOP('',(#6203,#6204,#6210,#6211));
#6203 = ORIENTED_EDGE('',*,*,#6167,.F.);
#6204 = ORIENTED_EDGE('',*,*,#6205,.F.);
#6205 = EDGE_CURVE('',#6188,#6168,#6206,.T.);
#6206 = LINE('',#6207,#6208);
#6207 = CARTESIAN_POINT('',(80.,38.117307704769,106.0700738096));
#6208 = VECTOR('',#6209,1.);
#6209 = DIRECTION('',(8.E-17,0.804902021001,-0.593407732161));
#6210 = ORIENTED_EDGE('',*,*,#6187,.T.);
#6211 = ORIENTED_EDGE('',*,*,#6205,.T.);
#6212 = CONICAL_SURFACE('',#6213,19.,0.321126724159);
#6213 = AXIS2_PLACEMENT_3D('',#6214,#6215,#6216);
#6214 = CARTESIAN_POINT('',(80.,32.245984811645,88.));
#6215 = DIRECTION('',(-0.,-0.951056516295,0.309016994375));
#6216 = DIRECTION('',(0.,0.309016994375,0.951056516295));
#6217 = MANIFOLD_SOLID_BREP('',#6218);
#6218 = CLOSED_SHELL('',(#6219,#6252,#6261));
#6219 = ADVANCED_FACE('',(#6220),#6247,.T.);
#6220 = FACE_BOUND('',#6221,.T.);
#6221 = EDGE_LOOP('',(#6222,#6231,#6239,#6246));
#6222 = ORIENTED_EDGE('',*,*,#6223,.F.);
#6223 = EDGE_CURVE('',#6224,#6224,#6226,.T.);
#6224 = VERTEX_POINT('',#6225);
#6225 = CARTESIAN_POINT('',(80.,71.143279847065,87.979049403669));
#6226 = CIRCLE('',#6227,12.);
#6227 = AXIS2_PLACEMENT_3D('',#6228,#6229,#6230);
#6228 = CARTESIAN_POINT('',(80.,67.435075914566,76.566371208127));
#6229 = DIRECTION('',(0.,0.951056516295,-0.309016994375));
#6230 = DIRECTION('',(0.,0.309016994375,0.951056516295));
#6231 = ORIENTED_EDGE('',*,*,#6232,.F.);
#6232 = EDGE_CURVE('',#6233,#6224,#6235,.T.);
#6233 = VERTEX_POINT('',#6234);
#6234 = CARTESIAN_POINT('',(80.,58.827097961043,91.980819480824));
#6235 = LINE('',#6236,#6237);
#6236 = CARTESIAN_POINT('',(80.,58.827097961043,91.980819480824));
#6237 = VECTOR('',#6238,1.);
#6238 = DIRECTION('',(0.,0.951056516295,-0.309016994375));
#6239 = ORIENTED_EDGE('',*,*,#6240,.T.);
#6240 = EDGE_CURVE('',#6233,#6233,#6241,.T.);
#6241 = CIRCLE('',#6242,12.);
#6242 = AXIS2_PLACEMENT_3D('',#6243,#6244,#6245);
#6243 = CARTESIAN_POINT('',(80.,55.118894028544,80.568141285283));
#6244 = DIRECTION('',(0.,0.951056516295,-0.309016994375));
#6245 = DIRECTION('',(0.,0.309016994375,0.951056516295));
#6246 = ORIENTED_EDGE('',*,*,#6232,.T.);
#6247 = CYLINDRICAL_SURFACE('',#6248,12.);
#6248 = AXIS2_PLACEMENT_3D('',#6249,#6250,#6251);
#6249 = CARTESIAN_POINT('',(80.,55.118894028544,80.568141285283));
#6250 = DIRECTION('',(0.,0.951056516295,-0.309016994375));
#6251 = DIRECTION('',(0.,0.309016994375,0.951056516295));
#6252 = ADVANCED_FACE('',(#6253),#6256,.T.);
#6253 = FACE_BOUND('',#6254,.T.);
#6254 = EDGE_LOOP('',(#6255));
#6255 = ORIENTED_EDGE('',*,*,#6223,.T.);
#6256 = PLANE('',#6257);
#6257 = AXIS2_PLACEMENT_3D('',#6258,#6259,#6260);
#6258 = CARTESIAN_POINT('',(80.,67.435075914566,76.566371208127));
#6259 = DIRECTION('',(0.,0.951056516295,-0.309016994375));
#6260 = DIRECTION('',(0.,0.309016994375,0.951056516295));
#6261 = ADVANCED_FACE('',(#6262),#6265,.F.);
#6262 = FACE_BOUND('',#6263,.T.);
#6263 = EDGE_LOOP('',(#6264));
#6264 = ORIENTED_EDGE('',*,*,#6240,.F.);
#6265 = PLANE('',#6266);
#6266 = AXIS2_PLACEMENT_3D('',#6267,#6268,#6269);
#6267 = CARTESIAN_POINT('',(80.,55.118894028544,80.568141285283));
#6268 = DIRECTION('',(0.,0.951056516295,-0.309016994375));
#6269 = DIRECTION('',(0.,0.309016994375,0.951056516295));
#6270 = ( GEOMETRIC_REPRESENTATION_CONTEXT(3) 
GLOBAL_UNCERTAINTY_ASSIGNED_CONTEXT((#6274)) 
GLOBAL_UNIT_ASSIGNED_CONTEXT((#6271,#6272,#6273)) REPRESENTATION_CONTEXT
('Context #1','3D Context with UNIT and UNCERTAINTY') );
#6271 = ( LENGTH_UNIT() NAMED_UNIT(*) SI_UNIT(.MILLI.,.METRE.) );
#6272 = ( NAMED_UNIT(*) PLANE_ANGLE_UNIT() SI_UNIT($,.RADIAN.) );
#6273 = ( NAMED_UNIT(*) SI_UNIT($,.STERADIAN.) SOLID_ANGLE_UNIT() );
#6274 = UNCERTAINTY_MEASURE_WITH_UNIT(LENGTH_MEASURE(1.E-07),#6271,
  'distance_accuracy_value','confusion accuracy');
#6275 = CONTEXT_DEPENDENT_SHAPE_REPRESENTATION(#6276,#6278);
#6276 = ( REPRESENTATION_RELATIONSHIP('','',#5934,#10) 
REPRESENTATION_RELATIONSHIP_WITH_TRANSFORMATION(#6277) 
SHAPE_REPRESENTATION_RELATIONSHIP() );
#6277 = ITEM_DEFINED_TRANSFORMATION('','',#11,#131);
#6278 = PRODUCT_DEFINITION_SHAPE('Placement','Placement of an item',
  #6279);
#6279 = NEXT_ASSEMBLY_USAGE_OCCURRENCE('94',
  '左全频 · SC-2103 安装占位','',#5,#5929,$);
#6280 = PRODUCT_RELATED_PRODUCT_CATEGORY('part',$,(#5931));
#6281 = SHAPE_DEFINITION_REPRESENTATION(#6282,#6288);
#6282 = PRODUCT_DEFINITION_SHAPE('','',#6283);
#6283 = PRODUCT_DEFINITION('design','',#6284,#6287);
#6284 = PRODUCT_DEFINITION_FORMATION('','',#6285);
#6285 = PRODUCT('右全频 · SC-2103 安装占位',
  '右全频 · SC-2103 安装占位','',(#6286));
#6286 = PRODUCT_CONTEXT('',#2,'mechanical');
#6287 = PRODUCT_DEFINITION_CONTEXT('part definition',#2,'design');
#6288 = SHAPE_REPRESENTATION('',(#11,#6289,#6381,#6479,#6571),#6624);
#6289 = MANIFOLD_SOLID_BREP('',#6290);
#6290 = CLOSED_SHELL('',(#6291,#6324,#6344,#6364));
#6291 = ADVANCED_FACE('',(#6292),#6319,.T.);
#6292 = FACE_BOUND('',#6293,.T.);
#6293 = EDGE_LOOP('',(#6294,#6303,#6311,#6318));
#6294 = ORIENTED_EDGE('',*,*,#6295,.F.);
#6295 = EDGE_CURVE('',#6296,#6296,#6298,.T.);
#6296 = VERTEX_POINT('',#6297);
#6297 = CARTESIAN_POINT('',(370.,44.297647592268,125.09120413551));
#6298 = CIRCLE('',#6299,39.);
#6299 = AXIS2_PLACEMENT_3D('',#6300,#6301,#6302);
#6300 = CARTESIAN_POINT('',(370.,32.245984811645,88.));
#6301 = DIRECTION('',(0.,0.951056516295,-0.309016994375));
#6302 = DIRECTION('',(0.,0.309016994375,0.951056516295));
#6303 = ORIENTED_EDGE('',*,*,#6304,.F.);
#6304 = EDGE_CURVE('',#6305,#6296,#6307,.T.);
#6305 = VERTEX_POINT('',#6306);
#6306 = CARTESIAN_POINT('',(370.,41.444478043383,126.01825511863));
#6307 = LINE('',#6308,#6309);
#6308 = CARTESIAN_POINT('',(370.,41.444478043383,126.01825511863));
#6309 = VECTOR('',#6310,1.);
#6310 = DIRECTION('',(0.,0.951056516295,-0.309016994375));
#6311 = ORIENTED_EDGE('',*,*,#6312,.T.);
#6312 = EDGE_CURVE('',#6305,#6305,#6313,.T.);
#6313 = CIRCLE('',#6314,39.);
#6314 = AXIS2_PLACEMENT_3D('',#6315,#6316,#6317);
#6315 = CARTESIAN_POINT('',(370.,29.39281526276,88.927050983125));
#6316 = DIRECTION('',(0.,0.951056516295,-0.309016994375));
#6317 = DIRECTION('',(0.,0.309016994375,0.951056516295));
#6318 = ORIENTED_EDGE('',*,*,#6304,.T.);
#6319 = CYLINDRICAL_SURFACE('',#6320,39.);
#6320 = AXIS2_PLACEMENT_3D('',#6321,#6322,#6323);
#6321 = CARTESIAN_POINT('',(370.,29.39281526276,88.927050983125));
#6322 = DIRECTION('',(0.,0.951056516295,-0.309016994375));
#6323 = DIRECTION('',(0.,0.309016994375,0.951056516295));
#6324 = ADVANCED_FACE('',(#6325,#6328),#6339,.T.);
#6325 = FACE_BOUND('',#6326,.T.);
#6326 = EDGE_LOOP('',(#6327));
#6327 = ORIENTED_EDGE('',*,*,#6295,.T.);
#6328 = FACE_BOUND('',#6329,.T.);
#6329 = EDGE_LOOP('',(#6330));
#6330 = ORIENTED_EDGE('',*,*,#6331,.F.);
#6331 = EDGE_CURVE('',#6332,#6332,#6334,.T.);
#6332 = VERTEX_POINT('',#6333);
#6333 = CARTESIAN_POINT('',(370.,38.117307704769,106.0700738096));
#6334 = CIRCLE('',#6335,19.);
#6335 = AXIS2_PLACEMENT_3D('',#6336,#6337,#6338);
#6336 = CARTESIAN_POINT('',(370.,32.245984811645,88.));
#6337 = DIRECTION('',(0.,0.951056516295,-0.309016994375));
#6338 = DIRECTION('',(0.,0.309016994375,0.951056516295));
#6339 = PLANE('',#6340);
#6340 = AXIS2_PLACEMENT_3D('',#6341,#6342,#6343);
#6341 = CARTESIAN_POINT('',(370.,32.245984811645,88.));
#6342 = DIRECTION('',(0.,0.951056516295,-0.309016994375));
#6343 = DIRECTION('',(0.,0.309016994375,0.951056516295));
#6344 = ADVANCED_FACE('',(#6345,#6348),#6359,.F.);
#6345 = FACE_BOUND('',#6346,.F.);
#6346 = EDGE_LOOP('',(#6347));
#6347 = ORIENTED_EDGE('',*,*,#6312,.T.);
#6348 = FACE_BOUND('',#6349,.F.);
#6349 = EDGE_LOOP('',(#6350));
#6350 = ORIENTED_EDGE('',*,*,#6351,.F.);
#6351 = EDGE_CURVE('',#6352,#6352,#6354,.T.);
#6352 = VERTEX_POINT('',#6353);
#6353 = CARTESIAN_POINT('',(370.,35.264138155884,106.99712479273));
#6354 = CIRCLE('',#6355,19.);
#6355 = AXIS2_PLACEMENT_3D('',#6356,#6357,#6358);
#6356 = CARTESIAN_POINT('',(370.,29.39281526276,88.927050983125));
#6357 = DIRECTION('',(0.,0.951056516295,-0.309016994375));
#6358 = DIRECTION('',(0.,0.309016994375,0.951056516295));
#6359 = PLANE('',#6360);
#6360 = AXIS2_PLACEMENT_3D('',#6361,#6362,#6363);
#6361 = CARTESIAN_POINT('',(370.,29.39281526276,88.927050983125));
#6362 = DIRECTION('',(0.,0.951056516295,-0.309016994375));
#6363 = DIRECTION('',(0.,0.309016994375,0.951056516295));
#6364 = ADVANCED_FACE('',(#6365),#6376,.F.);
#6365 = FACE_BOUND('',#6366,.F.);
#6366 = EDGE_LOOP('',(#6367,#6368,#6374,#6375));
#6367 = ORIENTED_EDGE('',*,*,#6331,.F.);
#6368 = ORIENTED_EDGE('',*,*,#6369,.F.);
#6369 = EDGE_CURVE('',#6352,#6332,#6370,.T.);
#6370 = LINE('',#6371,#6372);
#6371 = CARTESIAN_POINT('',(370.,34.788609897736,107.15163328992));
#6372 = VECTOR('',#6373,1.);
#6373 = DIRECTION('',(0.,0.951056516295,-0.309016994375));
#6374 = ORIENTED_EDGE('',*,*,#6351,.T.);
#6375 = ORIENTED_EDGE('',*,*,#6369,.T.);
#6376 = CYLINDRICAL_SURFACE('',#6377,19.);
#6377 = AXIS2_PLACEMENT_3D('',#6378,#6379,#6380);
#6378 = CARTESIAN_POINT('',(370.,28.917287004612,89.081559480312));
#6379 = DIRECTION('',(0.,0.951056516295,-0.309016994375));
#6380 = DIRECTION('',(0.,0.309016994375,0.951056516295));
#6381 = MANIFOLD_SOLID_BREP('',#6382);
#6382 = CLOSED_SHELL('',(#6383,#6416,#6425,#6445,#6470));
#6383 = ADVANCED_FACE('',(#6384),#6411,.T.);
#6384 = FACE_BOUND('',#6385,.T.);
#6385 = EDGE_LOOP('',(#6386,#6395,#6403,#6410));
#6386 = ORIENTED_EDGE('',*,*,#6387,.F.);
#6387 = EDGE_CURVE('',#6388,#6388,#6390,.T.);
#6388 = VERTEX_POINT('',#6389);
#6389 = CARTESIAN_POINT('',(370.,46.725285658292,90.655625536911));
#6390 = CIRCLE('',#6391,7.);
#6391 = AXIS2_PLACEMENT_3D('',#6392,#6393,#6394);
#6392 = CARTESIAN_POINT('',(370.,44.562166697668,83.998229922844));
#6393 = DIRECTION('',(0.,0.951056516295,-0.309016994375));
#6394 = DIRECTION('',(0.,0.309016994375,0.951056516295));
#6395 = ORIENTED_EDGE('',*,*,#6396,.F.);
#6396 = EDGE_CURVE('',#6397,#6388,#6399,.T.);
#6397 = VERTEX_POINT('',#6398);
#6398 = CARTESIAN_POINT('',(370.,38.117307704769,106.0700738096));
#6399 = LINE('',#6400,#6401);
#6400 = CARTESIAN_POINT('',(370.,38.117307704769,106.0700738096));
#6401 = VECTOR('',#6402,1.);
#6402 = DIRECTION('',(1.7E-16,0.48756329485,-0.873087643662));
#6403 = ORIENTED_EDGE('',*,*,#6404,.T.);
#6404 = EDGE_CURVE('',#6397,#6397,#6405,.T.);
#6405 = CIRCLE('',#6406,19.);
#6406 = AXIS2_PLACEMENT_3D('',#6407,#6408,#6409);
#6407 = CARTESIAN_POINT('',(370.,32.245984811645,88.));
#6408 = DIRECTION('',(0.,0.951056516295,-0.309016994375));
#6409 = DIRECTION('',(0.,0.309016994375,0.951056516295));
#6410 = ORIENTED_EDGE('',*,*,#6396,.T.);
#6411 = CONICAL_SURFACE('',#6412,19.,0.747340395954);
#6412 = AXIS2_PLACEMENT_3D('',#6413,#6414,#6415);
#6413 = CARTESIAN_POINT('',(370.,32.245984811645,88.));
#6414 = DIRECTION('',(-0.,-0.951056516295,0.309016994375));
#6415 = DIRECTION('',(0.,0.309016994375,0.951056516295));
#6416 = ADVANCED_FACE('',(#6417),#6420,.T.);
#6417 = FACE_BOUND('',#6418,.T.);
#6418 = EDGE_LOOP('',(#6419));
#6419 = ORIENTED_EDGE('',*,*,#6387,.T.);
#6420 = PLANE('',#6421);
#6421 = AXIS2_PLACEMENT_3D('',#6422,#6423,#6424);
#6422 = CARTESIAN_POINT('',(370.,44.562166697668,83.998229922844));
#6423 = DIRECTION('',(0.,0.951056516295,-0.309016994375));
#6424 = DIRECTION('',(0.,0.309016994375,0.951056516295));
#6425 = ADVANCED_FACE('',(#6426,#6429),#6440,.F.);
#6426 = FACE_BOUND('',#6427,.F.);
#6427 = EDGE_LOOP('',(#6428));
#6428 = ORIENTED_EDGE('',*,*,#6404,.T.);
#6429 = FACE_BOUND('',#6430,.F.);
#6430 = EDGE_LOOP('',(#6431));
#6431 = ORIENTED_EDGE('',*,*,#6432,.F.);
#6432 = EDGE_CURVE('',#6433,#6433,#6435,.T.);
#6433 = VERTEX_POINT('',#6434);
#6434 = CARTESIAN_POINT('',(370.,37.607847254584,104.50211576922));
#6435 = CIRCLE('',#6436,17.351351351351);
#6436 = AXIS2_PLACEMENT_3D('',#6437,#6438,#6439);
#6437 = CARTESIAN_POINT('',(370.,32.245984811645,88.));
#6438 = DIRECTION('',(0.,0.951056516295,-0.309016994375));
#6439 = DIRECTION('',(0.,0.309016994375,0.951056516295));
#6440 = PLANE('',#6441);
#6441 = AXIS2_PLACEMENT_3D('',#6442,#6443,#6444);
#6442 = CARTESIAN_POINT('',(370.,32.245984811645,88.));
#6443 = DIRECTION('',(0.,0.951056516295,-0.309016994375));
#6444 = DIRECTION('',(0.,0.309016994375,0.951056516295));
#6445 = ADVANCED_FACE('',(#6446),#6465,.F.);
#6446 = FACE_BOUND('',#6447,.F.);
#6447 = EDGE_LOOP('',(#6448,#6456,#6463,#6464));
#6448 = ORIENTED_EDGE('',*,*,#6449,.T.);
#6449 = EDGE_CURVE('',#6433,#6450,#6452,.T.);
#6450 = VERTEX_POINT('',#6451);
#6451 = CARTESIAN_POINT('',(370.,45.750529102511,89.920880916678));
#6452 = LINE('',#6453,#6454);
#6453 = CARTESIAN_POINT('',(370.,37.142551148988,105.33532918937));
#6454 = VECTOR('',#6455,1.);
#6455 = DIRECTION('',(1.7E-16,0.48756329485,-0.873087643662));
#6456 = ORIENTED_EDGE('',*,*,#6457,.F.);
#6457 = EDGE_CURVE('',#6450,#6450,#6458,.T.);
#6458 = CIRCLE('',#6459,6.);
#6459 = AXIS2_PLACEMENT_3D('',#6460,#6461,#6462);
#6460 = CARTESIAN_POINT('',(370.,43.896427136261,84.214541818907));
#6461 = DIRECTION('',(0.,0.951056516295,-0.309016994375));
#6462 = DIRECTION('',(0.,0.309016994375,0.951056516295));
#6463 = ORIENTED_EDGE('',*,*,#6449,.F.);
#6464 = ORIENTED_EDGE('',*,*,#6432,.T.);
#6465 = CONICAL_SURFACE('',#6466,18.,0.747340395954);
#6466 = AXIS2_PLACEMENT_3D('',#6467,#6468,#6469);
#6467 = CARTESIAN_POINT('',(370.,31.580245250239,88.216311896062));
#6468 = DIRECTION('',(-0.,-0.951056516295,0.309016994375));
#6469 = DIRECTION('',(0.,0.309016994375,0.951056516295));
#6470 = ADVANCED_FACE('',(#6471),#6474,.F.);
#6471 = FACE_BOUND('',#6472,.F.);
#6472 = EDGE_LOOP('',(#6473));
#6473 = ORIENTED_EDGE('',*,*,#6457,.T.);
#6474 = PLANE('',#6475);
#6475 = AXIS2_PLACEMENT_3D('',#6476,#6477,#6478);
#6476 = CARTESIAN_POINT('',(370.,43.896427136261,84.214541818907));
#6477 = DIRECTION('',(0.,0.951056516295,-0.309016994375));
#6478 = DIRECTION('',(0.,0.309016994375,0.951056516295));
#6479 = MANIFOLD_SOLID_BREP('',#6480);
#6480 = CLOSED_SHELL('',(#6481,#6514,#6534,#6554));
#6481 = ADVANCED_FACE('',(#6482),#6509,.T.);
#6482 = FACE_BOUND('',#6483,.T.);
#6483 = EDGE_LOOP('',(#6484,#6493,#6501,#6508));
#6484 = ORIENTED_EDGE('',*,*,#6485,.F.);
#6485 = EDGE_CURVE('',#6486,#6486,#6488,.T.);
#6486 = VERTEX_POINT('',#6487);
#6487 = CARTESIAN_POINT('',(370.,58.827097961043,91.980819480824));
#6488 = CIRCLE('',#6489,12.);
#6489 = AXIS2_PLACEMENT_3D('',#6490,#6491,#6492);
#6490 = CARTESIAN_POINT('',(370.,55.118894028544,80.568141285283));
#6491 = DIRECTION('',(0.,0.951056516295,-0.309016994375));
#6492 = DIRECTION('',(0.,0.309016994375,0.951056516295));
#6493 = ORIENTED_EDGE('',*,*,#6494,.F.);
#6494 = EDGE_CURVE('',#6495,#6486,#6497,.T.);
#6495 = VERTEX_POINT('',#6496);
#6496 = CARTESIAN_POINT('',(370.,38.426324699144,107.0211303259));
#6497 = LINE('',#6498,#6499);
#6498 = CARTESIAN_POINT('',(370.,38.426324699144,107.0211303259));
#6499 = VECTOR('',#6500,1.);
#6500 = DIRECTION('',(8.E-17,0.804902021001,-0.593407732161));
#6501 = ORIENTED_EDGE('',*,*,#6502,.T.);
#6502 = EDGE_CURVE('',#6495,#6495,#6503,.T.);
#6503 = CIRCLE('',#6504,20.);
#6504 = AXIS2_PLACEMENT_3D('',#6505,#6506,#6507);
#6505 = CARTESIAN_POINT('',(370.,32.245984811645,88.));
#6506 = DIRECTION('',(0.,0.951056516295,-0.309016994375));
#6507 = DIRECTION('',(0.,0.309016994375,0.951056516295));
#6508 = ORIENTED_EDGE('',*,*,#6494,.T.);
#6509 = CONICAL_SURFACE('',#6510,20.,0.321126724159);
#6510 = AXIS2_PLACEMENT_3D('',#6511,#6512,#6513);
#6511 = CARTESIAN_POINT('',(370.,32.245984811645,88.));
#6512 = DIRECTION('',(-0.,-0.951056516295,0.309016994375));
#6513 = DIRECTION('',(0.,0.309016994375,0.951056516295));
#6514 = ADVANCED_FACE('',(#6515,#6518),#6529,.T.);
#6515 = FACE_BOUND('',#6516,.T.);
#6516 = EDGE_LOOP('',(#6517));
#6517 = ORIENTED_EDGE('',*,*,#6485,.T.);
#6518 = FACE_BOUND('',#6519,.T.);
#6519 = EDGE_LOOP('',(#6520));
#6520 = ORIENTED_EDGE('',*,*,#6521,.F.);
#6521 = EDGE_CURVE('',#6522,#6522,#6524,.T.);
#6522 = VERTEX_POINT('',#6523);
#6523 = CARTESIAN_POINT('',(370.,58.518080966668,91.029762964529));
#6524 = CIRCLE('',#6525,11.);
#6525 = AXIS2_PLACEMENT_3D('',#6526,#6527,#6528);
#6526 = CARTESIAN_POINT('',(370.,55.118894028544,80.568141285283));
#6527 = DIRECTION('',(0.,0.951056516295,-0.309016994375));
#6528 = DIRECTION('',(0.,0.309016994375,0.951056516295));
#6529 = PLANE('',#6530);
#6530 = AXIS2_PLACEMENT_3D('',#6531,#6532,#6533);
#6531 = CARTESIAN_POINT('',(370.,55.118894028544,80.568141285283));
#6532 = DIRECTION('',(0.,0.951056516295,-0.309016994375));
#6533 = DIRECTION('',(0.,0.309016994375,0.951056516295));
#6534 = ADVANCED_FACE('',(#6535,#6538),#6549,.F.);
#6535 = FACE_BOUND('',#6536,.F.);
#6536 = EDGE_LOOP('',(#6537));
#6537 = ORIENTED_EDGE('',*,*,#6502,.T.);
#6538 = FACE_BOUND('',#6539,.F.);
#6539 = EDGE_LOOP('',(#6540));
#6540 = ORIENTED_EDGE('',*,*,#6541,.F.);
#6541 = EDGE_CURVE('',#6542,#6542,#6544,.T.);
#6542 = VERTEX_POINT('',#6543);
#6543 = CARTESIAN_POINT('',(370.,38.117307704769,106.0700738096));
#6544 = CIRCLE('',#6545,19.);
#6545 = AXIS2_PLACEMENT_3D('',#6546,#6547,#6548);
#6546 = CARTESIAN_POINT('',(370.,32.245984811645,88.));
#6547 = DIRECTION('',(0.,0.951056516295,-0.309016994375));
#6548 = DIRECTION('',(0.,0.309016994375,0.951056516295));
#6549 = PLANE('',#6550);
#6550 = AXIS2_PLACEMENT_3D('',#6551,#6552,#6553);
#6551 = CARTESIAN_POINT('',(370.,32.245984811645,88.));
#6552 = DIRECTION('',(0.,0.951056516295,-0.309016994375));
#6553 = DIRECTION('',(0.,0.309016994375,0.951056516295));
#6554 = ADVANCED_FACE('',(#6555),#6566,.F.);
#6555 = FACE_BOUND('',#6556,.F.);
#6556 = EDGE_LOOP('',(#6557,#6558,#6564,#6565));
#6557 = ORIENTED_EDGE('',*,*,#6521,.F.);
#6558 = ORIENTED_EDGE('',*,*,#6559,.F.);
#6559 = EDGE_CURVE('',#6542,#6522,#6560,.T.);
#6560 = LINE('',#6561,#6562);
#6561 = CARTESIAN_POINT('',(370.,38.117307704769,106.0700738096));
#6562 = VECTOR('',#6563,1.);
#6563 = DIRECTION('',(8.E-17,0.804902021001,-0.593407732161));
#6564 = ORIENTED_EDGE('',*,*,#6541,.T.);
#6565 = ORIENTED_EDGE('',*,*,#6559,.T.);
#6566 = CONICAL_SURFACE('',#6567,19.,0.321126724159);
#6567 = AXIS2_PLACEMENT_3D('',#6568,#6569,#6570);
#6568 = CARTESIAN_POINT('',(370.,32.245984811645,88.));
#6569 = DIRECTION('',(-0.,-0.951056516295,0.309016994375));
#6570 = DIRECTION('',(0.,0.309016994375,0.951056516295));
#6571 = MANIFOLD_SOLID_BREP('',#6572);
#6572 = CLOSED_SHELL('',(#6573,#6606,#6615));
#6573 = ADVANCED_FACE('',(#6574),#6601,.T.);
#6574 = FACE_BOUND('',#6575,.T.);
#6575 = EDGE_LOOP('',(#6576,#6585,#6593,#6600));
#6576 = ORIENTED_EDGE('',*,*,#6577,.F.);
#6577 = EDGE_CURVE('',#6578,#6578,#6580,.T.);
#6578 = VERTEX_POINT('',#6579);
#6579 = CARTESIAN_POINT('',(370.,71.143279847065,87.979049403669));
#6580 = CIRCLE('',#6581,12.);
#6581 = AXIS2_PLACEMENT_3D('',#6582,#6583,#6584);
#6582 = CARTESIAN_POINT('',(370.,67.435075914566,76.566371208127));
#6583 = DIRECTION('',(0.,0.951056516295,-0.309016994375));
#6584 = DIRECTION('',(0.,0.309016994375,0.951056516295));
#6585 = ORIENTED_EDGE('',*,*,#6586,.F.);
#6586 = EDGE_CURVE('',#6587,#6578,#6589,.T.);
#6587 = VERTEX_POINT('',#6588);
#6588 = CARTESIAN_POINT('',(370.,58.827097961043,91.980819480824));
#6589 = LINE('',#6590,#6591);
#6590 = CARTESIAN_POINT('',(370.,58.827097961043,91.980819480824));
#6591 = VECTOR('',#6592,1.);
#6592 = DIRECTION('',(0.,0.951056516295,-0.309016994375));
#6593 = ORIENTED_EDGE('',*,*,#6594,.T.);
#6594 = EDGE_CURVE('',#6587,#6587,#6595,.T.);
#6595 = CIRCLE('',#6596,12.);
#6596 = AXIS2_PLACEMENT_3D('',#6597,#6598,#6599);
#6597 = CARTESIAN_POINT('',(370.,55.118894028544,80.568141285283));
#6598 = DIRECTION('',(0.,0.951056516295,-0.309016994375));
#6599 = DIRECTION('',(0.,0.309016994375,0.951056516295));
#6600 = ORIENTED_EDGE('',*,*,#6586,.T.);
#6601 = CYLINDRICAL_SURFACE('',#6602,12.);
#6602 = AXIS2_PLACEMENT_3D('',#6603,#6604,#6605);
#6603 = CARTESIAN_POINT('',(370.,55.118894028544,80.568141285283));
#6604 = DIRECTION('',(0.,0.951056516295,-0.309016994375));
#6605 = DIRECTION('',(0.,0.309016994375,0.951056516295));
#6606 = ADVANCED_FACE('',(#6607),#6610,.T.);
#6607 = FACE_BOUND('',#6608,.T.);
#6608 = EDGE_LOOP('',(#6609));
#6609 = ORIENTED_EDGE('',*,*,#6577,.T.);
#6610 = PLANE('',#6611);
#6611 = AXIS2_PLACEMENT_3D('',#6612,#6613,#6614);
#6612 = CARTESIAN_POINT('',(370.,67.435075914566,76.566371208127));
#6613 = DIRECTION('',(0.,0.951056516295,-0.309016994375));
#6614 = DIRECTION('',(0.,0.309016994375,0.951056516295));
#6615 = ADVANCED_FACE('',(#6616),#6619,.F.);
#6616 = FACE_BOUND('',#6617,.T.);
#6617 = EDGE_LOOP('',(#6618));
#6618 = ORIENTED_EDGE('',*,*,#6594,.F.);
#6619 = PLANE('',#6620);
#6620 = AXIS2_PLACEMENT_3D('',#6621,#6622,#6623);
#6621 = CARTESIAN_POINT('',(370.,55.118894028544,80.568141285283));
#6622 = DIRECTION('',(0.,0.951056516295,-0.309016994375));
#6623 = DIRECTION('',(0.,0.309016994375,0.951056516295));
#6624 = ( GEOMETRIC_REPRESENTATION_CONTEXT(3) 
GLOBAL_UNCERTAINTY_ASSIGNED_CONTEXT((#6628)) 
GLOBAL_UNIT_ASSIGNED_CONTEXT((#6625,#6626,#6627)) REPRESENTATION_CONTEXT
('Context #1','3D Context with UNIT and UNCERTAINTY') );
#6625 = ( LENGTH_UNIT() NAMED_UNIT(*) SI_UNIT(.MILLI.,.METRE.) );
#6626 = ( NAMED_UNIT(*) PLANE_ANGLE_UNIT() SI_UNIT($,.RADIAN.) );
#6627 = ( NAMED_UNIT(*) SI_UNIT($,.STERADIAN.) SOLID_ANGLE_UNIT() );
#6628 = UNCERTAINTY_MEASURE_WITH_UNIT(LENGTH_MEASURE(1.E-07),#6625,
  'distance_accuracy_value','confusion accuracy');
#6629 = CONTEXT_DEPENDENT_SHAPE_REPRESENTATION(#6630,#6632);
#6630 = ( REPRESENTATION_RELATIONSHIP('','',#6288,#10) 
REPRESENTATION_RELATIONSHIP_WITH_TRANSFORMATION(#6631) 
SHAPE_REPRESENTATION_RELATIONSHIP() );
#6631 = ITEM_DEFINED_TRANSFORMATION('','',#11,#135);
#6632 = PRODUCT_DEFINITION_SHAPE('Placement','Placement of an item',
  #6633);
#6633 = NEXT_ASSEMBLY_USAGE_OCCURRENCE('95',
  '右全频 · SC-2103 安装占位','',#5,#6283,$);
#6634 = PRODUCT_RELATED_PRODUCT_CATEGORY('part',$,(#6285));
#6635 = SHAPE_DEFINITION_REPRESENTATION(#6636,#6642);
#6636 = PRODUCT_DEFINITION_SHAPE('','',#6637);
#6637 = PRODUCT_DEFINITION('design','',#6638,#6641);
#6638 = PRODUCT_DEFINITION_FORMATION('','',#6639);
#6639 = PRODUCT('后排低音 · SC-2103 朝下安装占位',
  '后排低音 · SC-2103 朝下安装占位','',(#6640));
#6640 = PRODUCT_CONTEXT('',#2,'mechanical');
#6641 = PRODUCT_DEFINITION_CONTEXT('part definition',#2,'design');
#6642 = SHAPE_REPRESENTATION('',(#11,#6643,#6735,#6833,#6925),#6978);
#6643 = MANIFOLD_SOLID_BREP('',#6644);
#6644 = CLOSED_SHELL('',(#6645,#6678,#6698,#6718));
#6645 = ADVANCED_FACE('',(#6646),#6673,.T.);
#6646 = FACE_BOUND('',#6647,.T.);
#6647 = EDGE_LOOP('',(#6648,#6657,#6665,#6672));
#6648 = ORIENTED_EDGE('',*,*,#6649,.F.);
#6649 = EDGE_CURVE('',#6650,#6650,#6652,.T.);
#6650 = VERTEX_POINT('',#6651);
#6651 = CARTESIAN_POINT('',(291.,247.,26.));
#6652 = CIRCLE('',#6653,66.);
#6653 = AXIS2_PLACEMENT_3D('',#6654,#6655,#6656);
#6654 = CARTESIAN_POINT('',(225.,247.,26.));
#6655 = DIRECTION('',(0.,0.,1.));
#6656 = DIRECTION('',(1.,0.,-0.));
#6657 = ORIENTED_EDGE('',*,*,#6658,.F.);
#6658 = EDGE_CURVE('',#6659,#6650,#6661,.T.);
#6659 = VERTEX_POINT('',#6660);
#6660 = CARTESIAN_POINT('',(291.,247.,23.));
#6661 = LINE('',#6662,#6663);
#6662 = CARTESIAN_POINT('',(291.,247.,23.));
#6663 = VECTOR('',#6664,1.);
#6664 = DIRECTION('',(0.,0.,1.));
#6665 = ORIENTED_EDGE('',*,*,#6666,.T.);
#6666 = EDGE_CURVE('',#6659,#6659,#6667,.T.);
#6667 = CIRCLE('',#6668,66.);
#6668 = AXIS2_PLACEMENT_3D('',#6669,#6670,#6671);
#6669 = CARTESIAN_POINT('',(225.,247.,23.));
#6670 = DIRECTION('',(0.,0.,1.));
#6671 = DIRECTION('',(1.,0.,-0.));
#6672 = ORIENTED_EDGE('',*,*,#6658,.T.);
#6673 = CYLINDRICAL_SURFACE('',#6674,66.);
#6674 = AXIS2_PLACEMENT_3D('',#6675,#6676,#6677);
#6675 = CARTESIAN_POINT('',(225.,247.,23.));
#6676 = DIRECTION('',(0.,0.,1.));
#6677 = DIRECTION('',(1.,0.,-0.));
#6678 = ADVANCED_FACE('',(#6679,#6682),#6693,.T.);
#6679 = FACE_BOUND('',#6680,.T.);
#6680 = EDGE_LOOP('',(#6681));
#6681 = ORIENTED_EDGE('',*,*,#6649,.T.);
#6682 = FACE_BOUND('',#6683,.T.);
#6683 = EDGE_LOOP('',(#6684));
#6684 = ORIENTED_EDGE('',*,*,#6685,.F.);
#6685 = EDGE_CURVE('',#6686,#6686,#6688,.T.);
#6686 = VERTEX_POINT('',#6687);
#6687 = CARTESIAN_POINT('',(274.,247.,26.));
#6688 = CIRCLE('',#6689,49.);
#6689 = AXIS2_PLACEMENT_3D('',#6690,#6691,#6692);
#6690 = CARTESIAN_POINT('',(225.,247.,26.));
#6691 = DIRECTION('',(0.,0.,1.));
#6692 = DIRECTION('',(1.,0.,-0.));
#6693 = PLANE('',#6694);
#6694 = AXIS2_PLACEMENT_3D('',#6695,#6696,#6697);
#6695 = CARTESIAN_POINT('',(225.,247.,26.));
#6696 = DIRECTION('',(0.,0.,1.));
#6697 = DIRECTION('',(1.,0.,-0.));
#6698 = ADVANCED_FACE('',(#6699,#6702),#6713,.F.);
#6699 = FACE_BOUND('',#6700,.F.);
#6700 = EDGE_LOOP('',(#6701));
#6701 = ORIENTED_EDGE('',*,*,#6666,.T.);
#6702 = FACE_BOUND('',#6703,.F.);
#6703 = EDGE_LOOP('',(#6704));
#6704 = ORIENTED_EDGE('',*,*,#6705,.F.);
#6705 = EDGE_CURVE('',#6706,#6706,#6708,.T.);
#6706 = VERTEX_POINT('',#6707);
#6707 = CARTESIAN_POINT('',(274.,247.,23.));
#6708 = CIRCLE('',#6709,49.);
#6709 = AXIS2_PLACEMENT_3D('',#6710,#6711,#6712);
#6710 = CARTESIAN_POINT('',(225.,247.,23.));
#6711 = DIRECTION('',(0.,0.,1.));
#6712 = DIRECTION('',(1.,0.,-0.));
#6713 = PLANE('',#6714);
#6714 = AXIS2_PLACEMENT_3D('',#6715,#6716,#6717);
#6715 = CARTESIAN_POINT('',(225.,247.,23.));
#6716 = DIRECTION('',(0.,0.,1.));
#6717 = DIRECTION('',(1.,0.,-0.));
#6718 = ADVANCED_FACE('',(#6719),#6730,.F.);
#6719 = FACE_BOUND('',#6720,.F.);
#6720 = EDGE_LOOP('',(#6721,#6722,#6728,#6729));
#6721 = ORIENTED_EDGE('',*,*,#6685,.F.);
#6722 = ORIENTED_EDGE('',*,*,#6723,.F.);
#6723 = EDGE_CURVE('',#6706,#6686,#6724,.T.);
#6724 = LINE('',#6725,#6726);
#6725 = CARTESIAN_POINT('',(274.,247.,22.5));
#6726 = VECTOR('',#6727,1.);
#6727 = DIRECTION('',(0.,0.,1.));
#6728 = ORIENTED_EDGE('',*,*,#6705,.T.);
#6729 = ORIENTED_EDGE('',*,*,#6723,.T.);
#6730 = CYLINDRICAL_SURFACE('',#6731,49.);
#6731 = AXIS2_PLACEMENT_3D('',#6732,#6733,#6734);
#6732 = CARTESIAN_POINT('',(225.,247.,22.5));
#6733 = DIRECTION('',(0.,0.,1.));
#6734 = DIRECTION('',(1.,0.,-0.));
#6735 = MANIFOLD_SOLID_BREP('',#6736);
#6736 = CLOSED_SHELL('',(#6737,#6770,#6779,#6799,#6824));
#6737 = ADVANCED_FACE('',(#6738),#6765,.T.);
#6738 = FACE_BOUND('',#6739,.T.);
#6739 = EDGE_LOOP('',(#6740,#6749,#6757,#6764));
#6740 = ORIENTED_EDGE('',*,*,#6741,.F.);
#6741 = EDGE_CURVE('',#6742,#6742,#6744,.T.);
#6742 = VERTEX_POINT('',#6743);
#6743 = CARTESIAN_POINT('',(242.5,247.,47.7));
#6744 = CIRCLE('',#6745,17.5);
#6745 = AXIS2_PLACEMENT_3D('',#6746,#6747,#6748);
#6746 = CARTESIAN_POINT('',(225.,247.,47.7));
#6747 = DIRECTION('',(0.,0.,1.));
#6748 = DIRECTION('',(1.,0.,-0.));
#6749 = ORIENTED_EDGE('',*,*,#6750,.F.);
#6750 = EDGE_CURVE('',#6751,#6742,#6753,.T.);
#6751 = VERTEX_POINT('',#6752);
#6752 = CARTESIAN_POINT('',(274.,247.,26.));
#6753 = LINE('',#6754,#6755);
#6754 = CARTESIAN_POINT('',(274.,247.,26.));
#6755 = VECTOR('',#6756,1.);
#6756 = DIRECTION('',(-0.82350760101,2.E-16,0.567305236251));
#6757 = ORIENTED_EDGE('',*,*,#6758,.T.);
#6758 = EDGE_CURVE('',#6751,#6751,#6759,.T.);
#6759 = CIRCLE('',#6760,49.);
#6760 = AXIS2_PLACEMENT_3D('',#6761,#6762,#6763);
#6761 = CARTESIAN_POINT('',(225.,247.,26.));
#6762 = DIRECTION('',(0.,0.,1.));
#6763 = DIRECTION('',(1.,0.,-0.));
#6764 = ORIENTED_EDGE('',*,*,#6750,.T.);
#6765 = CONICAL_SURFACE('',#6766,49.,0.96756647387);
#6766 = AXIS2_PLACEMENT_3D('',#6767,#6768,#6769);
#6767 = CARTESIAN_POINT('',(225.,247.,26.));
#6768 = DIRECTION('',(-0.,-0.,-1.));
#6769 = DIRECTION('',(1.,0.,-0.));
#6770 = ADVANCED_FACE('',(#6771),#6774,.T.);
#6771 = FACE_BOUND('',#6772,.T.);
#6772 = EDGE_LOOP('',(#6773));
#6773 = ORIENTED_EDGE('',*,*,#6741,.T.);
#6774 = PLANE('',#6775);
#6775 = AXIS2_PLACEMENT_3D('',#6776,#6777,#6778);
#6776 = CARTESIAN_POINT('',(225.,247.,47.7));
#6777 = DIRECTION('',(0.,0.,1.));
#6778 = DIRECTION('',(1.,0.,-0.));
#6779 = ADVANCED_FACE('',(#6780,#6783),#6794,.F.);
#6780 = FACE_BOUND('',#6781,.F.);
#6781 = EDGE_LOOP('',(#6782));
#6782 = ORIENTED_EDGE('',*,*,#6758,.T.);
#6783 = FACE_BOUND('',#6784,.F.);
#6784 = EDGE_LOOP('',(#6785));
#6785 = ORIENTED_EDGE('',*,*,#6786,.F.);
#6786 = EDGE_CURVE('',#6787,#6787,#6789,.T.);
#6787 = VERTEX_POINT('',#6788);
#6788 = CARTESIAN_POINT('',(271.98387096774,247.,26.));
#6789 = CIRCLE('',#6790,46.983870967742);
#6790 = AXIS2_PLACEMENT_3D('',#6791,#6792,#6793);
#6791 = CARTESIAN_POINT('',(225.,247.,26.));
#6792 = DIRECTION('',(0.,0.,1.));
#6793 = DIRECTION('',(1.,0.,-0.));
#6794 = PLANE('',#6795);
#6795 = AXIS2_PLACEMENT_3D('',#6796,#6797,#6798);
#6796 = CARTESIAN_POINT('',(225.,247.,26.));
#6797 = DIRECTION('',(0.,0.,1.));
#6798 = DIRECTION('',(1.,0.,-0.));
#6799 = ADVANCED_FACE('',(#6800),#6819,.F.);
#6800 = FACE_BOUND('',#6801,.F.);
#6801 = EDGE_LOOP('',(#6802,#6810,#6817,#6818));
#6802 = ORIENTED_EDGE('',*,*,#6803,.T.);
#6803 = EDGE_CURVE('',#6787,#6804,#6806,.T.);
#6804 = VERTEX_POINT('',#6805);
#6805 = CARTESIAN_POINT('',(241.5,247.,47.));
#6806 = LINE('',#6807,#6808);
#6807 = CARTESIAN_POINT('',(273.,247.,25.3));
#6808 = VECTOR('',#6809,1.);
#6809 = DIRECTION('',(-0.82350760101,2.E-16,0.567305236251));
#6810 = ORIENTED_EDGE('',*,*,#6811,.F.);
#6811 = EDGE_CURVE('',#6804,#6804,#6812,.T.);
#6812 = CIRCLE('',#6813,16.5);
#6813 = AXIS2_PLACEMENT_3D('',#6814,#6815,#6816);
#6814 = CARTESIAN_POINT('',(225.,247.,47.));
#6815 = DIRECTION('',(0.,0.,1.));
#6816 = DIRECTION('',(1.,0.,-0.));
#6817 = ORIENTED_EDGE('',*,*,#6803,.F.);
#6818 = ORIENTED_EDGE('',*,*,#6786,.T.);
#6819 = CONICAL_SURFACE('',#6820,48.,0.96756647387);
#6820 = AXIS2_PLACEMENT_3D('',#6821,#6822,#6823);
#6821 = CARTESIAN_POINT('',(225.,247.,25.3));
#6822 = DIRECTION('',(-0.,-0.,-1.));
#6823 = DIRECTION('',(1.,0.,-0.));
#6824 = ADVANCED_FACE('',(#6825),#6828,.F.);
#6825 = FACE_BOUND('',#6826,.F.);
#6826 = EDGE_LOOP('',(#6827));
#6827 = ORIENTED_EDGE('',*,*,#6811,.T.);
#6828 = PLANE('',#6829);
#6829 = AXIS2_PLACEMENT_3D('',#6830,#6831,#6832);
#6830 = CARTESIAN_POINT('',(225.,247.,47.));
#6831 = DIRECTION('',(0.,0.,1.));
#6832 = DIRECTION('',(1.,0.,-0.));
#6833 = MANIFOLD_SOLID_BREP('',#6834);
#6834 = CLOSED_SHELL('',(#6835,#6868,#6888,#6908));
#6835 = ADVANCED_FACE('',(#6836),#6863,.T.);
#6836 = FACE_BOUND('',#6837,.T.);
#6837 = EDGE_LOOP('',(#6838,#6847,#6855,#6862));
#6838 = ORIENTED_EDGE('',*,*,#6839,.F.);
#6839 = EDGE_CURVE('',#6840,#6840,#6842,.T.);
#6840 = VERTEX_POINT('',#6841);
#6841 = CARTESIAN_POINT('',(255.,247.,74.));
#6842 = CIRCLE('',#6843,30.);
#6843 = AXIS2_PLACEMENT_3D('',#6844,#6845,#6846);
#6844 = CARTESIAN_POINT('',(225.,247.,74.));
#6845 = DIRECTION('',(0.,0.,1.));
#6846 = DIRECTION('',(1.,0.,-0.));
#6847 = ORIENTED_EDGE('',*,*,#6848,.F.);
#6848 = EDGE_CURVE('',#6849,#6840,#6851,.T.);
#6849 = VERTEX_POINT('',#6850);
#6850 = CARTESIAN_POINT('',(275.,247.,26.));
#6851 = LINE('',#6852,#6853);
#6852 = CARTESIAN_POINT('',(275.,247.,26.));
#6853 = VECTOR('',#6854,1.);
#6854 = DIRECTION('',(-0.384615384615,9.E-17,0.923076923077));
#6855 = ORIENTED_EDGE('',*,*,#6856,.T.);
#6856 = EDGE_CURVE('',#6849,#6849,#6857,.T.);
#6857 = CIRCLE('',#6858,50.);
#6858 = AXIS2_PLACEMENT_3D('',#6859,#6860,#6861);
#6859 = CARTESIAN_POINT('',(225.,247.,26.));
#6860 = DIRECTION('',(0.,0.,1.));
#6861 = DIRECTION('',(1.,0.,-0.));
#6862 = ORIENTED_EDGE('',*,*,#6848,.T.);
#6863 = CONICAL_SURFACE('',#6864,50.,0.3947911197);
#6864 = AXIS2_PLACEMENT_3D('',#6865,#6866,#6867);
#6865 = CARTESIAN_POINT('',(225.,247.,26.));
#6866 = DIRECTION('',(-0.,-0.,-1.));
#6867 = DIRECTION('',(1.,0.,-0.));
#6868 = ADVANCED_FACE('',(#6869,#6872),#6883,.T.);
#6869 = FACE_BOUND('',#6870,.T.);
#6870 = EDGE_LOOP('',(#6871));
#6871 = ORIENTED_EDGE('',*,*,#6839,.T.);
#6872 = FACE_BOUND('',#6873,.T.);
#6873 = EDGE_LOOP('',(#6874));
#6874 = ORIENTED_EDGE('',*,*,#6875,.F.);
#6875 = EDGE_CURVE('',#6876,#6876,#6878,.T.);
#6876 = VERTEX_POINT('',#6877);
#6877 = CARTESIAN_POINT('',(254.,247.,74.));
#6878 = CIRCLE('',#6879,29.);
#6879 = AXIS2_PLACEMENT_3D('',#6880,#6881,#6882);
#6880 = CARTESIAN_POINT('',(225.,247.,74.));
#6881 = DIRECTION('',(0.,0.,1.));
#6882 = DIRECTION('',(1.,0.,-0.));
#6883 = PLANE('',#6884);
#6884 = AXIS2_PLACEMENT_3D('',#6885,#6886,#6887);
#6885 = CARTESIAN_POINT('',(225.,247.,74.));
#6886 = DIRECTION('',(0.,0.,1.));
#6887 = DIRECTION('',(1.,0.,-0.));
#6888 = ADVANCED_FACE('',(#6889,#6892),#6903,.F.);
#6889 = FACE_BOUND('',#6890,.F.);
#6890 = EDGE_LOOP('',(#6891));
#6891 = ORIENTED_EDGE('',*,*,#6856,.T.);
#6892 = FACE_BOUND('',#6893,.F.);
#6893 = EDGE_LOOP('',(#6894));
#6894 = ORIENTED_EDGE('',*,*,#6895,.F.);
#6895 = EDGE_CURVE('',#6896,#6896,#6898,.T.);
#6896 = VERTEX_POINT('',#6897);
#6897 = CARTESIAN_POINT('',(274.,247.,26.));
#6898 = CIRCLE('',#6899,49.);
#6899 = AXIS2_PLACEMENT_3D('',#6900,#6901,#6902);
#6900 = CARTESIAN_POINT('',(225.,247.,26.));
#6901 = DIRECTION('',(0.,0.,1.));
#6902 = DIRECTION('',(1.,0.,-0.));
#6903 = PLANE('',#6904);
#6904 = AXIS2_PLACEMENT_3D('',#6905,#6906,#6907);
#6905 = CARTESIAN_POINT('',(225.,247.,26.));
#6906 = DIRECTION('',(0.,0.,1.));
#6907 = DIRECTION('',(1.,0.,-0.));
#6908 = ADVANCED_FACE('',(#6909),#6920,.F.);
#6909 = FACE_BOUND('',#6910,.F.);
#6910 = EDGE_LOOP('',(#6911,#6912,#6918,#6919));
#6911 = ORIENTED_EDGE('',*,*,#6875,.F.);
#6912 = ORIENTED_EDGE('',*,*,#6913,.F.);
#6913 = EDGE_CURVE('',#6896,#6876,#6914,.T.);
#6914 = LINE('',#6915,#6916);
#6915 = CARTESIAN_POINT('',(274.,247.,26.));
#6916 = VECTOR('',#6917,1.);
#6917 = DIRECTION('',(-0.384615384615,9.E-17,0.923076923077));
#6918 = ORIENTED_EDGE('',*,*,#6895,.T.);
#6919 = ORIENTED_EDGE('',*,*,#6913,.T.);
#6920 = CONICAL_SURFACE('',#6921,49.,0.3947911197);
#6921 = AXIS2_PLACEMENT_3D('',#6922,#6923,#6924);
#6922 = CARTESIAN_POINT('',(225.,247.,26.));
#6923 = DIRECTION('',(-0.,-0.,-1.));
#6924 = DIRECTION('',(1.,0.,-0.));
#6925 = MANIFOLD_SOLID_BREP('',#6926);
#6926 = CLOSED_SHELL('',(#6927,#6960,#6969));
#6927 = ADVANCED_FACE('',(#6928),#6955,.T.);
#6928 = FACE_BOUND('',#6929,.T.);
#6929 = EDGE_LOOP('',(#6930,#6939,#6947,#6954));
#6930 = ORIENTED_EDGE('',*,*,#6931,.F.);
#6931 = EDGE_CURVE('',#6932,#6932,#6934,.T.);
#6932 = VERTEX_POINT('',#6933);
#6933 = CARTESIAN_POINT('',(255.,247.,88.));
#6934 = CIRCLE('',#6935,30.);
#6935 = AXIS2_PLACEMENT_3D('',#6936,#6937,#6938);
#6936 = CARTESIAN_POINT('',(225.,247.,88.));
#6937 = DIRECTION('',(0.,0.,1.));
#6938 = DIRECTION('',(1.,0.,-0.));
#6939 = ORIENTED_EDGE('',*,*,#6940,.F.);
#6940 = EDGE_CURVE('',#6941,#6932,#6943,.T.);
#6941 = VERTEX_POINT('',#6942);
#6942 = CARTESIAN_POINT('',(255.,247.,74.));
#6943 = LINE('',#6944,#6945);
#6944 = CARTESIAN_POINT('',(255.,247.,74.));
#6945 = VECTOR('',#6946,1.);
#6946 = DIRECTION('',(0.,0.,1.));
#6947 = ORIENTED_EDGE('',*,*,#6948,.T.);
#6948 = EDGE_CURVE('',#6941,#6941,#6949,.T.);
#6949 = CIRCLE('',#6950,30.);
#6950 = AXIS2_PLACEMENT_3D('',#6951,#6952,#6953);
#6951 = CARTESIAN_POINT('',(225.,247.,74.));
#6952 = DIRECTION('',(0.,0.,1.));
#6953 = DIRECTION('',(1.,0.,-0.));
#6954 = ORIENTED_EDGE('',*,*,#6940,.T.);
#6955 = CYLINDRICAL_SURFACE('',#6956,30.);
#6956 = AXIS2_PLACEMENT_3D('',#6957,#6958,#6959);
#6957 = CARTESIAN_POINT('',(225.,247.,74.));
#6958 = DIRECTION('',(0.,0.,1.));
#6959 = DIRECTION('',(1.,0.,-0.));
#6960 = ADVANCED_FACE('',(#6961),#6964,.T.);
#6961 = FACE_BOUND('',#6962,.T.);
#6962 = EDGE_LOOP('',(#6963));
#6963 = ORIENTED_EDGE('',*,*,#6931,.T.);
#6964 = PLANE('',#6965);
#6965 = AXIS2_PLACEMENT_3D('',#6966,#6967,#6968);
#6966 = CARTESIAN_POINT('',(225.,247.,88.));
#6967 = DIRECTION('',(0.,0.,1.));
#6968 = DIRECTION('',(1.,0.,-0.));
#6969 = ADVANCED_FACE('',(#6970),#6973,.F.);
#6970 = FACE_BOUND('',#6971,.T.);
#6971 = EDGE_LOOP('',(#6972));
#6972 = ORIENTED_EDGE('',*,*,#6948,.F.);
#6973 = PLANE('',#6974);
#6974 = AXIS2_PLACEMENT_3D('',#6975,#6976,#6977);
#6975 = CARTESIAN_POINT('',(225.,247.,74.));
#6976 = DIRECTION('',(0.,0.,1.));
#6977 = DIRECTION('',(1.,0.,-0.));
#6978 = ( GEOMETRIC_REPRESENTATION_CONTEXT(3) 
GLOBAL_UNCERTAINTY_ASSIGNED_CONTEXT((#6982)) 
GLOBAL_UNIT_ASSIGNED_CONTEXT((#6979,#6980,#6981)) REPRESENTATION_CONTEXT
('Context #1','3D Context with UNIT and UNCERTAINTY') );
#6979 = ( LENGTH_UNIT() NAMED_UNIT(*) SI_UNIT(.MILLI.,.METRE.) );
#6980 = ( NAMED_UNIT(*) PLANE_ANGLE_UNIT() SI_UNIT($,.RADIAN.) );
#6981 = ( NAMED_UNIT(*) SI_UNIT($,.STERADIAN.) SOLID_ANGLE_UNIT() );
#6982 = UNCERTAINTY_MEASURE_WITH_UNIT(LENGTH_MEASURE(1.E-07),#6979,
  'distance_accuracy_value','confusion accuracy');
#6983 = CONTEXT_DEPENDENT_SHAPE_REPRESENTATION(#6984,#6986);
#6984 = ( REPRESENTATION_RELATIONSHIP('','',#6642,#10) 
REPRESENTATION_RELATIONSHIP_WITH_TRANSFORMATION(#6985) 
SHAPE_REPRESENTATION_RELATIONSHIP() );
#6985 = ITEM_DEFINED_TRANSFORMATION('','',#11,#139);
#6986 = PRODUCT_DEFINITION_SHAPE('Placement','Placement of an item',
  #6987);
#6987 = NEXT_ASSEMBLY_USAGE_OCCURRENCE('96',
  '后排低音 · SC-2103 朝下安装占位','',#5,#6637,$);
#6988 = PRODUCT_RELATED_PRODUCT_CATEGORY('part',$,(#6639));
#6989 = SHAPE_DEFINITION_REPRESENTATION(#6990,#6996);
#6990 = PRODUCT_DEFINITION_SHAPE('','',#6991);
#6991 = PRODUCT_DEFINITION('design','',#6992,#6995);
#6992 = PRODUCT_DEFINITION_FORMATION('','',#6993);
#6993 = PRODUCT('8 字 AC 插座 · 开关保险一体式安装包络',
  '8 字 AC 插座 · 开关保险一体式安装包络','',(#6994));
#6994 = PRODUCT_CONTEXT('',#2,'mechanical');
#6995 = PRODUCT_DEFINITION_CONTEXT('part definition',#2,'design');
#6996 = ADVANCED_BREP_SHAPE_REPRESENTATION('',(#11,#6997),#7647);
#6997 = MANIFOLD_SOLID_BREP('',#6998);
#6998 = CLOSED_SHELL('',(#6999,#7039,#7072,#7153,#7178,#7321,#7338,#7360
    ,#7372,#7389,#7401,#7418,#7435,#7467,#7491,#7515,#7540,#7565,#7589,
    #7613,#7631));
#6999 = ADVANCED_FACE('',(#7000),#7034,.T.);
#7000 = FACE_BOUND('',#7001,.T.);
#7001 = EDGE_LOOP('',(#7002,#7012,#7020,#7028));
#7002 = ORIENTED_EDGE('',*,*,#7003,.F.);
#7003 = EDGE_CURVE('',#7004,#7006,#7008,.T.);
#7004 = VERTEX_POINT('',#7005);
#7005 = CARTESIAN_POINT('',(44.,350.,132.5));
#7006 = VERTEX_POINT('',#7007);
#7007 = CARTESIAN_POINT('',(44.,351.88,132.5));
#7008 = LINE('',#7009,#7010);
#7009 = CARTESIAN_POINT('',(44.,350.,132.5));
#7010 = VECTOR('',#7011,1.);
#7011 = DIRECTION('',(-0.,1.,0.));
#7012 = ORIENTED_EDGE('',*,*,#7013,.T.);
#7013 = EDGE_CURVE('',#7004,#7014,#7016,.T.);
#7014 = VERTEX_POINT('',#7015);
#7015 = CARTESIAN_POINT('',(96.,350.,132.5));
#7016 = LINE('',#7017,#7018);
#7017 = CARTESIAN_POINT('',(44.,350.,132.5));
#7018 = VECTOR('',#7019,1.);
#7019 = DIRECTION('',(1.,0.,-0.));
#7020 = ORIENTED_EDGE('',*,*,#7021,.T.);
#7021 = EDGE_CURVE('',#7014,#7022,#7024,.T.);
#7022 = VERTEX_POINT('',#7023);
#7023 = CARTESIAN_POINT('',(96.,351.88,132.5));
#7024 = LINE('',#7025,#7026);
#7025 = CARTESIAN_POINT('',(96.,350.,132.5));
#7026 = VECTOR('',#7027,1.);
#7027 = DIRECTION('',(-0.,1.,0.));
#7028 = ORIENTED_EDGE('',*,*,#7029,.F.);
#7029 = EDGE_CURVE('',#7006,#7022,#7030,.T.);
#7030 = LINE('',#7031,#7032);
#7031 = CARTESIAN_POINT('',(44.,351.88,132.5));
#7032 = VECTOR('',#7033,1.);
#7033 = DIRECTION('',(1.,0.,-0.));
#7034 = PLANE('',#7035);
#7035 = AXIS2_PLACEMENT_3D('',#7036,#7037,#7038);
#7036 = CARTESIAN_POINT('',(44.,350.,132.5));
#7037 = DIRECTION('',(0.,0.,1.));
#7038 = DIRECTION('',(1.,0.,-0.));
#7039 = ADVANCED_FACE('',(#7040),#7067,.T.);
#7040 = FACE_BOUND('',#7041,.T.);
#7041 = EDGE_LOOP('',(#7042,#7051,#7059,#7066));
#7042 = ORIENTED_EDGE('',*,*,#7043,.F.);
#7043 = EDGE_CURVE('',#7044,#7006,#7046,.T.);
#7044 = VERTEX_POINT('',#7045);
#7045 = CARTESIAN_POINT('',(41.,351.88,129.5));
#7046 = CIRCLE('',#7047,3.);
#7047 = AXIS2_PLACEMENT_3D('',#7048,#7049,#7050);
#7048 = CARTESIAN_POINT('',(44.,351.88,129.5));
#7049 = DIRECTION('',(0.,1.,0.));
#7050 = DIRECTION('',(0.,-0.,1.));
#7051 = ORIENTED_EDGE('',*,*,#7052,.F.);
#7052 = EDGE_CURVE('',#7053,#7044,#7055,.T.);
#7053 = VERTEX_POINT('',#7054);
#7054 = CARTESIAN_POINT('',(41.,350.,129.5));
#7055 = LINE('',#7056,#7057);
#7056 = CARTESIAN_POINT('',(41.,350.,129.5));
#7057 = VECTOR('',#7058,1.);
#7058 = DIRECTION('',(-0.,1.,0.));
#7059 = ORIENTED_EDGE('',*,*,#7060,.T.);
#7060 = EDGE_CURVE('',#7053,#7004,#7061,.T.);
#7061 = CIRCLE('',#7062,3.);
#7062 = AXIS2_PLACEMENT_3D('',#7063,#7064,#7065);
#7063 = CARTESIAN_POINT('',(44.,350.,129.5));
#7064 = DIRECTION('',(0.,1.,0.));
#7065 = DIRECTION('',(0.,-0.,1.));
#7066 = ORIENTED_EDGE('',*,*,#7003,.T.);
#7067 = CYLINDRICAL_SURFACE('',#7068,3.);
#7068 = AXIS2_PLACEMENT_3D('',#7069,#7070,#7071);
#7069 = CARTESIAN_POINT('',(44.,350.,129.5));
#7070 = DIRECTION('',(0.,1.,0.));
#7071 = DIRECTION('',(0.,-0.,1.));
#7072 = ADVANCED_FACE('',(#7073,#7126,#7137),#7148,.T.);
#7073 = FACE_BOUND('',#7074,.T.);
#7074 = EDGE_LOOP('',(#7075,#7085,#7094,#7100,#7101,#7102,#7111,#7119));
#7075 = ORIENTED_EDGE('',*,*,#7076,.F.);
#7076 = EDGE_CURVE('',#7077,#7079,#7081,.T.);
#7077 = VERTEX_POINT('',#7078);
#7078 = CARTESIAN_POINT('',(44.,351.88,83.5));
#7079 = VERTEX_POINT('',#7080);
#7080 = CARTESIAN_POINT('',(96.,351.88,83.5));
#7081 = LINE('',#7082,#7083);
#7082 = CARTESIAN_POINT('',(44.,351.88,83.5));
#7083 = VECTOR('',#7084,1.);
#7084 = DIRECTION('',(1.,0.,-0.));
#7085 = ORIENTED_EDGE('',*,*,#7086,.T.);
#7086 = EDGE_CURVE('',#7077,#7087,#7089,.T.);
#7087 = VERTEX_POINT('',#7088);
#7088 = CARTESIAN_POINT('',(41.,351.88,86.5));
#7089 = CIRCLE('',#7090,3.);
#7090 = AXIS2_PLACEMENT_3D('',#7091,#7092,#7093);
#7091 = CARTESIAN_POINT('',(44.,351.88,86.5));
#7092 = DIRECTION('',(0.,1.,0.));
#7093 = DIRECTION('',(0.,-0.,1.));
#7094 = ORIENTED_EDGE('',*,*,#7095,.T.);
#7095 = EDGE_CURVE('',#7087,#7044,#7096,.T.);
#7096 = LINE('',#7097,#7098);
#7097 = CARTESIAN_POINT('',(41.,351.88,86.5));
#7098 = VECTOR('',#7099,1.);
#7099 = DIRECTION('',(0.,0.,1.));
#7100 = ORIENTED_EDGE('',*,*,#7043,.T.);
#7101 = ORIENTED_EDGE('',*,*,#7029,.T.);
#7102 = ORIENTED_EDGE('',*,*,#7103,.T.);
#7103 = EDGE_CURVE('',#7022,#7104,#7106,.T.);
#7104 = VERTEX_POINT('',#7105);
#7105 = CARTESIAN_POINT('',(99.,351.88,129.5));
#7106 = CIRCLE('',#7107,3.);
#7107 = AXIS2_PLACEMENT_3D('',#7108,#7109,#7110);
#7108 = CARTESIAN_POINT('',(96.,351.88,129.5));
#7109 = DIRECTION('',(0.,1.,0.));
#7110 = DIRECTION('',(0.,-0.,1.));
#7111 = ORIENTED_EDGE('',*,*,#7112,.F.);
#7112 = EDGE_CURVE('',#7113,#7104,#7115,.T.);
#7113 = VERTEX_POINT('',#7114);
#7114 = CARTESIAN_POINT('',(99.,351.88,86.5));
#7115 = LINE('',#7116,#7117);
#7116 = CARTESIAN_POINT('',(99.,351.88,86.5));
#7117 = VECTOR('',#7118,1.);
#7118 = DIRECTION('',(0.,0.,1.));
#7119 = ORIENTED_EDGE('',*,*,#7120,.T.);
#7120 = EDGE_CURVE('',#7113,#7079,#7121,.T.);
#7121 = CIRCLE('',#7122,3.);
#7122 = AXIS2_PLACEMENT_3D('',#7123,#7124,#7125);
#7123 = CARTESIAN_POINT('',(96.,351.88,86.5));
#7124 = DIRECTION('',(0.,1.,0.));
#7125 = DIRECTION('',(0.,-0.,1.));
#7126 = FACE_BOUND('',#7127,.T.);
#7127 = EDGE_LOOP('',(#7128));
#7128 = ORIENTED_EDGE('',*,*,#7129,.F.);
#7129 = EDGE_CURVE('',#7130,#7130,#7132,.T.);
#7130 = VERTEX_POINT('',#7131);
#7131 = CARTESIAN_POINT('',(70.,351.88,90.25));
#7132 = CIRCLE('',#7133,2.25);
#7133 = AXIS2_PLACEMENT_3D('',#7134,#7135,#7136);
#7134 = CARTESIAN_POINT('',(70.,351.88,88.));
#7135 = DIRECTION('',(0.,1.,0.));
#7136 = DIRECTION('',(0.,-0.,1.));
#7137 = FACE_BOUND('',#7138,.T.);
#7138 = EDGE_LOOP('',(#7139));
#7139 = ORIENTED_EDGE('',*,*,#7140,.F.);
#7140 = EDGE_CURVE('',#7141,#7141,#7143,.T.);
#7141 = VERTEX_POINT('',#7142);
#7142 = CARTESIAN_POINT('',(70.,351.88,130.25));
#7143 = CIRCLE('',#7144,2.25);
#7144 = AXIS2_PLACEMENT_3D('',#7145,#7146,#7147);
#7145 = CARTESIAN_POINT('',(70.,351.88,128.));
#7146 = DIRECTION('',(0.,1.,0.));
#7147 = DIRECTION('',(0.,-0.,1.));
#7148 = PLANE('',#7149);
#7149 = AXIS2_PLACEMENT_3D('',#7150,#7151,#7152);
#7150 = CARTESIAN_POINT('',(70.,351.88,108.));
#7151 = DIRECTION('',(0.,1.,0.));
#7152 = DIRECTION('',(0.,-0.,1.));
#7153 = ADVANCED_FACE('',(#7154),#7173,.T.);
#7154 = FACE_BOUND('',#7155,.T.);
#7155 = EDGE_LOOP('',(#7156,#7157,#7158,#7167));
#7156 = ORIENTED_EDGE('',*,*,#7103,.F.);
#7157 = ORIENTED_EDGE('',*,*,#7021,.F.);
#7158 = ORIENTED_EDGE('',*,*,#7159,.T.);
#7159 = EDGE_CURVE('',#7014,#7160,#7162,.T.);
#7160 = VERTEX_POINT('',#7161);
#7161 = CARTESIAN_POINT('',(99.,350.,129.5));
#7162 = CIRCLE('',#7163,3.);
#7163 = AXIS2_PLACEMENT_3D('',#7164,#7165,#7166);
#7164 = CARTESIAN_POINT('',(96.,350.,129.5));
#7165 = DIRECTION('',(0.,1.,0.));
#7166 = DIRECTION('',(0.,-0.,1.));
#7167 = ORIENTED_EDGE('',*,*,#7168,.T.);
#7168 = EDGE_CURVE('',#7160,#7104,#7169,.T.);
#7169 = LINE('',#7170,#7171);
#7170 = CARTESIAN_POINT('',(99.,350.,129.5));
#7171 = VECTOR('',#7172,1.);
#7172 = DIRECTION('',(-0.,1.,0.));
#7173 = CYLINDRICAL_SURFACE('',#7174,3.);
#7174 = AXIS2_PLACEMENT_3D('',#7175,#7176,#7177);
#7175 = CARTESIAN_POINT('',(96.,350.,129.5));
#7176 = DIRECTION('',(0.,1.,0.));
#7177 = DIRECTION('',(0.,-0.,1.));
#7178 = ADVANCED_FACE('',(#7179,#7224,#7235,#7305),#7316,.T.);
#7179 = FACE_BOUND('',#7180,.T.);
#7180 = EDGE_LOOP('',(#7181,#7191,#7200,#7206,#7207,#7208,#7209,#7217));
#7181 = ORIENTED_EDGE('',*,*,#7182,.T.);
#7182 = EDGE_CURVE('',#7183,#7185,#7187,.T.);
#7183 = VERTEX_POINT('',#7184);
#7184 = CARTESIAN_POINT('',(44.,350.,83.5));
#7185 = VERTEX_POINT('',#7186);
#7186 = CARTESIAN_POINT('',(96.,350.,83.5));
#7187 = LINE('',#7188,#7189);
#7188 = CARTESIAN_POINT('',(44.,350.,83.5));
#7189 = VECTOR('',#7190,1.);
#7190 = DIRECTION('',(1.,0.,-0.));
#7191 = ORIENTED_EDGE('',*,*,#7192,.F.);
#7192 = EDGE_CURVE('',#7193,#7185,#7195,.T.);
#7193 = VERTEX_POINT('',#7194);
#7194 = CARTESIAN_POINT('',(99.,350.,86.5));
#7195 = CIRCLE('',#7196,3.);
#7196 = AXIS2_PLACEMENT_3D('',#7197,#7198,#7199);
#7197 = CARTESIAN_POINT('',(96.,350.,86.5));
#7198 = DIRECTION('',(0.,1.,0.));
#7199 = DIRECTION('',(0.,-0.,1.));
#7200 = ORIENTED_EDGE('',*,*,#7201,.T.);
#7201 = EDGE_CURVE('',#7193,#7160,#7202,.T.);
#7202 = LINE('',#7203,#7204);
#7203 = CARTESIAN_POINT('',(99.,350.,86.5));
#7204 = VECTOR('',#7205,1.);
#7205 = DIRECTION('',(0.,0.,1.));
#7206 = ORIENTED_EDGE('',*,*,#7159,.F.);
#7207 = ORIENTED_EDGE('',*,*,#7013,.F.);
#7208 = ORIENTED_EDGE('',*,*,#7060,.F.);
#7209 = ORIENTED_EDGE('',*,*,#7210,.F.);
#7210 = EDGE_CURVE('',#7211,#7053,#7213,.T.);
#7211 = VERTEX_POINT('',#7212);
#7212 = CARTESIAN_POINT('',(41.,350.,86.5));
#7213 = LINE('',#7214,#7215);
#7214 = CARTESIAN_POINT('',(41.,350.,86.5));
#7215 = VECTOR('',#7216,1.);
#7216 = DIRECTION('',(0.,0.,1.));
#7217 = ORIENTED_EDGE('',*,*,#7218,.F.);
#7218 = EDGE_CURVE('',#7183,#7211,#7219,.T.);
#7219 = CIRCLE('',#7220,3.);
#7220 = AXIS2_PLACEMENT_3D('',#7221,#7222,#7223);
#7221 = CARTESIAN_POINT('',(44.,350.,86.5));
#7222 = DIRECTION('',(0.,1.,0.));
#7223 = DIRECTION('',(0.,-0.,1.));
#7224 = FACE_BOUND('',#7225,.T.);
#7225 = EDGE_LOOP('',(#7226));
#7226 = ORIENTED_EDGE('',*,*,#7227,.T.);
#7227 = EDGE_CURVE('',#7228,#7228,#7230,.T.);
#7228 = VERTEX_POINT('',#7229);
#7229 = CARTESIAN_POINT('',(70.,350.,130.25));
#7230 = CIRCLE('',#7231,2.25);
#7231 = AXIS2_PLACEMENT_3D('',#7232,#7233,#7234);
#7232 = CARTESIAN_POINT('',(70.,350.,128.));
#7233 = DIRECTION('',(0.,1.,0.));
#7234 = DIRECTION('',(0.,-0.,1.));
#7235 = FACE_BOUND('',#7236,.T.);
#7236 = EDGE_LOOP('',(#7237,#7248,#7256,#7265,#7273,#7282,#7290,#7299));
#7237 = ORIENTED_EDGE('',*,*,#7238,.T.);
#7238 = EDGE_CURVE('',#7239,#7241,#7243,.T.);
#7239 = VERTEX_POINT('',#7240);
#7240 = CARTESIAN_POINT('',(46.2,350.,118.6));
#7241 = VERTEX_POINT('',#7242);
#7242 = CARTESIAN_POINT('',(49.2,350.,121.6));
#7243 = CIRCLE('',#7244,3.);
#7244 = AXIS2_PLACEMENT_3D('',#7245,#7246,#7247);
#7245 = CARTESIAN_POINT('',(49.2,350.,118.6));
#7246 = DIRECTION('',(0.,1.,0.));
#7247 = DIRECTION('',(0.,-0.,1.));
#7248 = ORIENTED_EDGE('',*,*,#7249,.T.);
#7249 = EDGE_CURVE('',#7241,#7250,#7252,.T.);
#7250 = VERTEX_POINT('',#7251);
#7251 = CARTESIAN_POINT('',(90.8,350.,121.6));
#7252 = LINE('',#7253,#7254);
#7253 = CARTESIAN_POINT('',(49.2,350.,121.6));
#7254 = VECTOR('',#7255,1.);
#7255 = DIRECTION('',(1.,0.,-0.));
#7256 = ORIENTED_EDGE('',*,*,#7257,.T.);
#7257 = EDGE_CURVE('',#7250,#7258,#7260,.T.);
#7258 = VERTEX_POINT('',#7259);
#7259 = CARTESIAN_POINT('',(93.8,350.,118.6));
#7260 = CIRCLE('',#7261,3.);
#7261 = AXIS2_PLACEMENT_3D('',#7262,#7263,#7264);
#7262 = CARTESIAN_POINT('',(90.8,350.,118.6));
#7263 = DIRECTION('',(0.,1.,0.));
#7264 = DIRECTION('',(0.,-0.,1.));
#7265 = ORIENTED_EDGE('',*,*,#7266,.F.);
#7266 = EDGE_CURVE('',#7267,#7258,#7269,.T.);
#7267 = VERTEX_POINT('',#7268);
#7268 = CARTESIAN_POINT('',(93.8,350.,97.4));
#7269 = LINE('',#7270,#7271);
#7270 = CARTESIAN_POINT('',(93.8,350.,97.4));
#7271 = VECTOR('',#7272,1.);
#7272 = DIRECTION('',(0.,0.,1.));
#7273 = ORIENTED_EDGE('',*,*,#7274,.T.);
#7274 = EDGE_CURVE('',#7267,#7275,#7277,.T.);
#7275 = VERTEX_POINT('',#7276);
#7276 = CARTESIAN_POINT('',(90.8,350.,94.4));
#7277 = CIRCLE('',#7278,3.);
#7278 = AXIS2_PLACEMENT_3D('',#7279,#7280,#7281);
#7279 = CARTESIAN_POINT('',(90.8,350.,97.4));
#7280 = DIRECTION('',(0.,1.,0.));
#7281 = DIRECTION('',(0.,-0.,1.));
#7282 = ORIENTED_EDGE('',*,*,#7283,.F.);
#7283 = EDGE_CURVE('',#7284,#7275,#7286,.T.);
#7284 = VERTEX_POINT('',#7285);
#7285 = CARTESIAN_POINT('',(49.2,350.,94.4));
#7286 = LINE('',#7287,#7288);
#7287 = CARTESIAN_POINT('',(49.2,350.,94.4));
#7288 = VECTOR('',#7289,1.);
#7289 = DIRECTION('',(1.,0.,-0.));
#7290 = ORIENTED_EDGE('',*,*,#7291,.T.);
#7291 = EDGE_CURVE('',#7284,#7292,#7294,.T.);
#7292 = VERTEX_POINT('',#7293);
#7293 = CARTESIAN_POINT('',(46.2,350.,97.4));
#7294 = CIRCLE('',#7295,3.);
#7295 = AXIS2_PLACEMENT_3D('',#7296,#7297,#7298);
#7296 = CARTESIAN_POINT('',(49.2,350.,97.4));
#7297 = DIRECTION('',(0.,1.,0.));
#7298 = DIRECTION('',(0.,-0.,1.));
#7299 = ORIENTED_EDGE('',*,*,#7300,.T.);
#7300 = EDGE_CURVE('',#7292,#7239,#7301,.T.);
#7301 = LINE('',#7302,#7303);
#7302 = CARTESIAN_POINT('',(46.2,350.,97.4));
#7303 = VECTOR('',#7304,1.);
#7304 = DIRECTION('',(0.,0.,1.));
#7305 = FACE_BOUND('',#7306,.T.);
#7306 = EDGE_LOOP('',(#7307));
#7307 = ORIENTED_EDGE('',*,*,#7308,.T.);
#7308 = EDGE_CURVE('',#7309,#7309,#7311,.T.);
#7309 = VERTEX_POINT('',#7310);
#7310 = CARTESIAN_POINT('',(70.,350.,90.25));
#7311 = CIRCLE('',#7312,2.25);
#7312 = AXIS2_PLACEMENT_3D('',#7313,#7314,#7315);
#7313 = CARTESIAN_POINT('',(70.,350.,88.));
#7314 = DIRECTION('',(0.,1.,0.));
#7315 = DIRECTION('',(0.,-0.,1.));
#7316 = PLANE('',#7317);
#7317 = AXIS2_PLACEMENT_3D('',#7318,#7319,#7320);
#7318 = CARTESIAN_POINT('',(70.,350.,108.));
#7319 = DIRECTION('',(-0.,-1.,-0.));
#7320 = DIRECTION('',(0.,0.,-1.));
#7321 = ADVANCED_FACE('',(#7322),#7333,.F.);
#7322 = FACE_BOUND('',#7323,.F.);
#7323 = EDGE_LOOP('',(#7324,#7325,#7331,#7332));
#7324 = ORIENTED_EDGE('',*,*,#7210,.F.);
#7325 = ORIENTED_EDGE('',*,*,#7326,.T.);
#7326 = EDGE_CURVE('',#7211,#7087,#7327,.T.);
#7327 = LINE('',#7328,#7329);
#7328 = CARTESIAN_POINT('',(41.,350.,86.5));
#7329 = VECTOR('',#7330,1.);
#7330 = DIRECTION('',(-0.,1.,0.));
#7331 = ORIENTED_EDGE('',*,*,#7095,.T.);
#7332 = ORIENTED_EDGE('',*,*,#7052,.F.);
#7333 = PLANE('',#7334);
#7334 = AXIS2_PLACEMENT_3D('',#7335,#7336,#7337);
#7335 = CARTESIAN_POINT('',(41.,350.,86.5));
#7336 = DIRECTION('',(1.,0.,-0.));
#7337 = DIRECTION('',(0.,0.,1.));
#7338 = ADVANCED_FACE('',(#7339),#7355,.F.);
#7339 = FACE_BOUND('',#7340,.F.);
#7340 = EDGE_LOOP('',(#7341,#7347,#7348,#7354));
#7341 = ORIENTED_EDGE('',*,*,#7342,.F.);
#7342 = EDGE_CURVE('',#7183,#7077,#7343,.T.);
#7343 = LINE('',#7344,#7345);
#7344 = CARTESIAN_POINT('',(44.,350.,83.5));
#7345 = VECTOR('',#7346,1.);
#7346 = DIRECTION('',(-0.,1.,0.));
#7347 = ORIENTED_EDGE('',*,*,#7182,.T.);
#7348 = ORIENTED_EDGE('',*,*,#7349,.T.);
#7349 = EDGE_CURVE('',#7185,#7079,#7350,.T.);
#7350 = LINE('',#7351,#7352);
#7351 = CARTESIAN_POINT('',(96.,350.,83.5));
#7352 = VECTOR('',#7353,1.);
#7353 = DIRECTION('',(-0.,1.,0.));
#7354 = ORIENTED_EDGE('',*,*,#7076,.F.);
#7355 = PLANE('',#7356);
#7356 = AXIS2_PLACEMENT_3D('',#7357,#7358,#7359);
#7357 = CARTESIAN_POINT('',(44.,350.,83.5));
#7358 = DIRECTION('',(0.,0.,1.));
#7359 = DIRECTION('',(1.,0.,-0.));
#7360 = ADVANCED_FACE('',(#7361),#7367,.T.);
#7361 = FACE_BOUND('',#7362,.T.);
#7362 = EDGE_LOOP('',(#7363,#7364,#7365,#7366));
#7363 = ORIENTED_EDGE('',*,*,#7086,.F.);
#7364 = ORIENTED_EDGE('',*,*,#7342,.F.);
#7365 = ORIENTED_EDGE('',*,*,#7218,.T.);
#7366 = ORIENTED_EDGE('',*,*,#7326,.T.);
#7367 = CYLINDRICAL_SURFACE('',#7368,3.);
#7368 = AXIS2_PLACEMENT_3D('',#7369,#7370,#7371);
#7369 = CARTESIAN_POINT('',(44.,350.,86.5));
#7370 = DIRECTION('',(0.,1.,0.));
#7371 = DIRECTION('',(0.,-0.,1.));
#7372 = ADVANCED_FACE('',(#7373),#7384,.T.);
#7373 = FACE_BOUND('',#7374,.T.);
#7374 = EDGE_LOOP('',(#7375,#7376,#7382,#7383));
#7375 = ORIENTED_EDGE('',*,*,#7120,.F.);
#7376 = ORIENTED_EDGE('',*,*,#7377,.F.);
#7377 = EDGE_CURVE('',#7193,#7113,#7378,.T.);
#7378 = LINE('',#7379,#7380);
#7379 = CARTESIAN_POINT('',(99.,350.,86.5));
#7380 = VECTOR('',#7381,1.);
#7381 = DIRECTION('',(-0.,1.,0.));
#7382 = ORIENTED_EDGE('',*,*,#7192,.T.);
#7383 = ORIENTED_EDGE('',*,*,#7349,.T.);
#7384 = CYLINDRICAL_SURFACE('',#7385,3.);
#7385 = AXIS2_PLACEMENT_3D('',#7386,#7387,#7388);
#7386 = CARTESIAN_POINT('',(96.,350.,86.5));
#7387 = DIRECTION('',(0.,1.,0.));
#7388 = DIRECTION('',(0.,-0.,1.));
#7389 = ADVANCED_FACE('',(#7390),#7396,.T.);
#7390 = FACE_BOUND('',#7391,.T.);
#7391 = EDGE_LOOP('',(#7392,#7393,#7394,#7395));
#7392 = ORIENTED_EDGE('',*,*,#7201,.F.);
#7393 = ORIENTED_EDGE('',*,*,#7377,.T.);
#7394 = ORIENTED_EDGE('',*,*,#7112,.T.);
#7395 = ORIENTED_EDGE('',*,*,#7168,.F.);
#7396 = PLANE('',#7397);
#7397 = AXIS2_PLACEMENT_3D('',#7398,#7399,#7400);
#7398 = CARTESIAN_POINT('',(99.,350.,86.5));
#7399 = DIRECTION('',(1.,0.,-0.));
#7400 = DIRECTION('',(0.,0.,1.));
#7401 = ADVANCED_FACE('',(#7402),#7413,.F.);
#7402 = FACE_BOUND('',#7403,.F.);
#7403 = EDGE_LOOP('',(#7404,#7410,#7411,#7412));
#7404 = ORIENTED_EDGE('',*,*,#7405,.T.);
#7405 = EDGE_CURVE('',#7309,#7130,#7406,.T.);
#7406 = LINE('',#7407,#7408);
#7407 = CARTESIAN_POINT('',(70.,338.,90.25));
#7408 = VECTOR('',#7409,1.);
#7409 = DIRECTION('',(0.,1.,0.));
#7410 = ORIENTED_EDGE('',*,*,#7129,.F.);
#7411 = ORIENTED_EDGE('',*,*,#7405,.F.);
#7412 = ORIENTED_EDGE('',*,*,#7308,.T.);
#7413 = CYLINDRICAL_SURFACE('',#7414,2.25);
#7414 = AXIS2_PLACEMENT_3D('',#7415,#7416,#7417);
#7415 = CARTESIAN_POINT('',(70.,338.,88.));
#7416 = DIRECTION('',(0.,1.,0.));
#7417 = DIRECTION('',(0.,-0.,1.));
#7418 = ADVANCED_FACE('',(#7419),#7430,.F.);
#7419 = FACE_BOUND('',#7420,.F.);
#7420 = EDGE_LOOP('',(#7421,#7427,#7428,#7429));
#7421 = ORIENTED_EDGE('',*,*,#7422,.T.);
#7422 = EDGE_CURVE('',#7228,#7141,#7423,.T.);
#7423 = LINE('',#7424,#7425);
#7424 = CARTESIAN_POINT('',(70.,338.,130.25));
#7425 = VECTOR('',#7426,1.);
#7426 = DIRECTION('',(0.,1.,0.));
#7427 = ORIENTED_EDGE('',*,*,#7140,.F.);
#7428 = ORIENTED_EDGE('',*,*,#7422,.F.);
#7429 = ORIENTED_EDGE('',*,*,#7227,.T.);
#7430 = CYLINDRICAL_SURFACE('',#7431,2.25);
#7431 = AXIS2_PLACEMENT_3D('',#7432,#7433,#7434);
#7432 = CARTESIAN_POINT('',(70.,338.,128.));
#7433 = DIRECTION('',(0.,1.,0.));
#7434 = DIRECTION('',(0.,-0.,1.));
#7435 = ADVANCED_FACE('',(#7436),#7462,.T.);
#7436 = FACE_BOUND('',#7437,.T.);
#7437 = EDGE_LOOP('',(#7438,#7439,#7447,#7456));
#7438 = ORIENTED_EDGE('',*,*,#7238,.F.);
#7439 = ORIENTED_EDGE('',*,*,#7440,.F.);
#7440 = EDGE_CURVE('',#7441,#7239,#7443,.T.);
#7441 = VERTEX_POINT('',#7442);
#7442 = CARTESIAN_POINT('',(46.2,321.22,118.6));
#7443 = LINE('',#7444,#7445);
#7444 = CARTESIAN_POINT('',(46.2,321.22,118.6));
#7445 = VECTOR('',#7446,1.);
#7446 = DIRECTION('',(-0.,1.,0.));
#7447 = ORIENTED_EDGE('',*,*,#7448,.T.);
#7448 = EDGE_CURVE('',#7441,#7449,#7451,.T.);
#7449 = VERTEX_POINT('',#7450);
#7450 = CARTESIAN_POINT('',(49.2,321.22,121.6));
#7451 = CIRCLE('',#7452,3.);
#7452 = AXIS2_PLACEMENT_3D('',#7453,#7454,#7455);
#7453 = CARTESIAN_POINT('',(49.2,321.22,118.6));
#7454 = DIRECTION('',(0.,1.,0.));
#7455 = DIRECTION('',(0.,-0.,1.));
#7456 = ORIENTED_EDGE('',*,*,#7457,.T.);
#7457 = EDGE_CURVE('',#7449,#7241,#7458,.T.);
#7458 = LINE('',#7459,#7460);
#7459 = CARTESIAN_POINT('',(49.2,321.22,121.6));
#7460 = VECTOR('',#7461,1.);
#7461 = DIRECTION('',(-0.,1.,0.));
#7462 = CYLINDRICAL_SURFACE('',#7463,3.);
#7463 = AXIS2_PLACEMENT_3D('',#7464,#7465,#7466);
#7464 = CARTESIAN_POINT('',(49.2,321.22,118.6));
#7465 = DIRECTION('',(0.,1.,0.));
#7466 = DIRECTION('',(0.,-0.,1.));
#7467 = ADVANCED_FACE('',(#7468),#7486,.F.);
#7468 = FACE_BOUND('',#7469,.F.);
#7469 = EDGE_LOOP('',(#7470,#7478,#7484,#7485));
#7470 = ORIENTED_EDGE('',*,*,#7471,.F.);
#7471 = EDGE_CURVE('',#7472,#7441,#7474,.T.);
#7472 = VERTEX_POINT('',#7473);
#7473 = CARTESIAN_POINT('',(46.2,321.22,97.4));
#7474 = LINE('',#7475,#7476);
#7475 = CARTESIAN_POINT('',(46.2,321.22,97.4));
#7476 = VECTOR('',#7477,1.);
#7477 = DIRECTION('',(0.,0.,1.));
#7478 = ORIENTED_EDGE('',*,*,#7479,.T.);
#7479 = EDGE_CURVE('',#7472,#7292,#7480,.T.);
#7480 = LINE('',#7481,#7482);
#7481 = CARTESIAN_POINT('',(46.2,321.22,97.4));
#7482 = VECTOR('',#7483,1.);
#7483 = DIRECTION('',(-0.,1.,0.));
#7484 = ORIENTED_EDGE('',*,*,#7300,.T.);
#7485 = ORIENTED_EDGE('',*,*,#7440,.F.);
#7486 = PLANE('',#7487);
#7487 = AXIS2_PLACEMENT_3D('',#7488,#7489,#7490);
#7488 = CARTESIAN_POINT('',(46.2,321.22,97.4));
#7489 = DIRECTION('',(1.,0.,-0.));
#7490 = DIRECTION('',(0.,0.,1.));
#7491 = ADVANCED_FACE('',(#7492),#7510,.T.);
#7492 = FACE_BOUND('',#7493,.T.);
#7493 = EDGE_LOOP('',(#7494,#7495,#7503,#7509));
#7494 = ORIENTED_EDGE('',*,*,#7457,.F.);
#7495 = ORIENTED_EDGE('',*,*,#7496,.T.);
#7496 = EDGE_CURVE('',#7449,#7497,#7499,.T.);
#7497 = VERTEX_POINT('',#7498);
#7498 = CARTESIAN_POINT('',(90.8,321.22,121.6));
#7499 = LINE('',#7500,#7501);
#7500 = CARTESIAN_POINT('',(49.2,321.22,121.6));
#7501 = VECTOR('',#7502,1.);
#7502 = DIRECTION('',(1.,0.,-0.));
#7503 = ORIENTED_EDGE('',*,*,#7504,.T.);
#7504 = EDGE_CURVE('',#7497,#7250,#7505,.T.);
#7505 = LINE('',#7506,#7507);
#7506 = CARTESIAN_POINT('',(90.8,321.22,121.6));
#7507 = VECTOR('',#7508,1.);
#7508 = DIRECTION('',(-0.,1.,0.));
#7509 = ORIENTED_EDGE('',*,*,#7249,.F.);
#7510 = PLANE('',#7511);
#7511 = AXIS2_PLACEMENT_3D('',#7512,#7513,#7514);
#7512 = CARTESIAN_POINT('',(49.2,321.22,121.6));
#7513 = DIRECTION('',(0.,0.,1.));
#7514 = DIRECTION('',(1.,0.,-0.));
#7515 = ADVANCED_FACE('',(#7516),#7535,.T.);
#7516 = FACE_BOUND('',#7517,.T.);
#7517 = EDGE_LOOP('',(#7518,#7519,#7527,#7534));
#7518 = ORIENTED_EDGE('',*,*,#7291,.F.);
#7519 = ORIENTED_EDGE('',*,*,#7520,.F.);
#7520 = EDGE_CURVE('',#7521,#7284,#7523,.T.);
#7521 = VERTEX_POINT('',#7522);
#7522 = CARTESIAN_POINT('',(49.2,321.22,94.4));
#7523 = LINE('',#7524,#7525);
#7524 = CARTESIAN_POINT('',(49.2,321.22,94.4));
#7525 = VECTOR('',#7526,1.);
#7526 = DIRECTION('',(-0.,1.,0.));
#7527 = ORIENTED_EDGE('',*,*,#7528,.T.);
#7528 = EDGE_CURVE('',#7521,#7472,#7529,.T.);
#7529 = CIRCLE('',#7530,3.);
#7530 = AXIS2_PLACEMENT_3D('',#7531,#7532,#7533);
#7531 = CARTESIAN_POINT('',(49.2,321.22,97.4));
#7532 = DIRECTION('',(0.,1.,0.));
#7533 = DIRECTION('',(0.,-0.,1.));
#7534 = ORIENTED_EDGE('',*,*,#7479,.T.);
#7535 = CYLINDRICAL_SURFACE('',#7536,3.);
#7536 = AXIS2_PLACEMENT_3D('',#7537,#7538,#7539);
#7537 = CARTESIAN_POINT('',(49.2,321.22,97.4));
#7538 = DIRECTION('',(0.,1.,0.));
#7539 = DIRECTION('',(0.,-0.,1.));
#7540 = ADVANCED_FACE('',(#7541),#7560,.T.);
#7541 = FACE_BOUND('',#7542,.T.);
#7542 = EDGE_LOOP('',(#7543,#7544,#7545,#7554));
#7543 = ORIENTED_EDGE('',*,*,#7257,.F.);
#7544 = ORIENTED_EDGE('',*,*,#7504,.F.);
#7545 = ORIENTED_EDGE('',*,*,#7546,.T.);
#7546 = EDGE_CURVE('',#7497,#7547,#7549,.T.);
#7547 = VERTEX_POINT('',#7548);
#7548 = CARTESIAN_POINT('',(93.8,321.22,118.6));
#7549 = CIRCLE('',#7550,3.);
#7550 = AXIS2_PLACEMENT_3D('',#7551,#7552,#7553);
#7551 = CARTESIAN_POINT('',(90.8,321.22,118.6));
#7552 = DIRECTION('',(0.,1.,0.));
#7553 = DIRECTION('',(0.,-0.,1.));
#7554 = ORIENTED_EDGE('',*,*,#7555,.T.);
#7555 = EDGE_CURVE('',#7547,#7258,#7556,.T.);
#7556 = LINE('',#7557,#7558);
#7557 = CARTESIAN_POINT('',(93.8,321.22,118.6));
#7558 = VECTOR('',#7559,1.);
#7559 = DIRECTION('',(-0.,1.,0.));
#7560 = CYLINDRICAL_SURFACE('',#7561,3.);
#7561 = AXIS2_PLACEMENT_3D('',#7562,#7563,#7564);
#7562 = CARTESIAN_POINT('',(90.8,321.22,118.6));
#7563 = DIRECTION('',(0.,1.,0.));
#7564 = DIRECTION('',(0.,-0.,1.));
#7565 = ADVANCED_FACE('',(#7566),#7584,.F.);
#7566 = FACE_BOUND('',#7567,.F.);
#7567 = EDGE_LOOP('',(#7568,#7569,#7577,#7583));
#7568 = ORIENTED_EDGE('',*,*,#7520,.F.);
#7569 = ORIENTED_EDGE('',*,*,#7570,.T.);
#7570 = EDGE_CURVE('',#7521,#7571,#7573,.T.);
#7571 = VERTEX_POINT('',#7572);
#7572 = CARTESIAN_POINT('',(90.8,321.22,94.4));
#7573 = LINE('',#7574,#7575);
#7574 = CARTESIAN_POINT('',(49.2,321.22,94.4));
#7575 = VECTOR('',#7576,1.);
#7576 = DIRECTION('',(1.,0.,-0.));
#7577 = ORIENTED_EDGE('',*,*,#7578,.T.);
#7578 = EDGE_CURVE('',#7571,#7275,#7579,.T.);
#7579 = LINE('',#7580,#7581);
#7580 = CARTESIAN_POINT('',(90.8,321.22,94.4));
#7581 = VECTOR('',#7582,1.);
#7582 = DIRECTION('',(-0.,1.,0.));
#7583 = ORIENTED_EDGE('',*,*,#7283,.F.);
#7584 = PLANE('',#7585);
#7585 = AXIS2_PLACEMENT_3D('',#7586,#7587,#7588);
#7586 = CARTESIAN_POINT('',(49.2,321.22,94.4));
#7587 = DIRECTION('',(0.,0.,1.));
#7588 = DIRECTION('',(1.,0.,-0.));
#7589 = ADVANCED_FACE('',(#7590),#7608,.T.);
#7590 = FACE_BOUND('',#7591,.T.);
#7591 = EDGE_LOOP('',(#7592,#7600,#7606,#7607));
#7592 = ORIENTED_EDGE('',*,*,#7593,.F.);
#7593 = EDGE_CURVE('',#7594,#7547,#7596,.T.);
#7594 = VERTEX_POINT('',#7595);
#7595 = CARTESIAN_POINT('',(93.8,321.22,97.4));
#7596 = LINE('',#7597,#7598);
#7597 = CARTESIAN_POINT('',(93.8,321.22,97.4));
#7598 = VECTOR('',#7599,1.);
#7599 = DIRECTION('',(0.,0.,1.));
#7600 = ORIENTED_EDGE('',*,*,#7601,.T.);
#7601 = EDGE_CURVE('',#7594,#7267,#7602,.T.);
#7602 = LINE('',#7603,#7604);
#7603 = CARTESIAN_POINT('',(93.8,321.22,97.4));
#7604 = VECTOR('',#7605,1.);
#7605 = DIRECTION('',(-0.,1.,0.));
#7606 = ORIENTED_EDGE('',*,*,#7266,.T.);
#7607 = ORIENTED_EDGE('',*,*,#7555,.F.);
#7608 = PLANE('',#7609);
#7609 = AXIS2_PLACEMENT_3D('',#7610,#7611,#7612);
#7610 = CARTESIAN_POINT('',(93.8,321.22,97.4));
#7611 = DIRECTION('',(1.,0.,-0.));
#7612 = DIRECTION('',(0.,0.,1.));
#7613 = ADVANCED_FACE('',(#7614),#7626,.T.);
#7614 = FACE_BOUND('',#7615,.T.);
#7615 = EDGE_LOOP('',(#7616,#7617,#7618,#7625));
#7616 = ORIENTED_EDGE('',*,*,#7274,.F.);
#7617 = ORIENTED_EDGE('',*,*,#7601,.F.);
#7618 = ORIENTED_EDGE('',*,*,#7619,.T.);
#7619 = EDGE_CURVE('',#7594,#7571,#7620,.T.);
#7620 = CIRCLE('',#7621,3.);
#7621 = AXIS2_PLACEMENT_3D('',#7622,#7623,#7624);
#7622 = CARTESIAN_POINT('',(90.8,321.22,97.4));
#7623 = DIRECTION('',(0.,1.,0.));
#7624 = DIRECTION('',(0.,-0.,1.));
#7625 = ORIENTED_EDGE('',*,*,#7578,.T.);
#7626 = CYLINDRICAL_SURFACE('',#7627,3.);
#7627 = AXIS2_PLACEMENT_3D('',#7628,#7629,#7630);
#7628 = CARTESIAN_POINT('',(90.8,321.22,97.4));
#7629 = DIRECTION('',(0.,1.,0.));
#7630 = DIRECTION('',(0.,-0.,1.));
#7631 = ADVANCED_FACE('',(#7632),#7642,.T.);
#7632 = FACE_BOUND('',#7633,.T.);
#7633 = EDGE_LOOP('',(#7634,#7635,#7636,#7637,#7638,#7639,#7640,#7641));
#7634 = ORIENTED_EDGE('',*,*,#7570,.T.);
#7635 = ORIENTED_EDGE('',*,*,#7619,.F.);
#7636 = ORIENTED_EDGE('',*,*,#7593,.T.);
#7637 = ORIENTED_EDGE('',*,*,#7546,.F.);
#7638 = ORIENTED_EDGE('',*,*,#7496,.F.);
#7639 = ORIENTED_EDGE('',*,*,#7448,.F.);
#7640 = ORIENTED_EDGE('',*,*,#7471,.F.);
#7641 = ORIENTED_EDGE('',*,*,#7528,.F.);
#7642 = PLANE('',#7643);
#7643 = AXIS2_PLACEMENT_3D('',#7644,#7645,#7646);
#7644 = CARTESIAN_POINT('',(70.,321.22,108.));
#7645 = DIRECTION('',(-0.,-1.,-0.));
#7646 = DIRECTION('',(0.,0.,-1.));
#7647 = ( GEOMETRIC_REPRESENTATION_CONTEXT(3) 
GLOBAL_UNCERTAINTY_ASSIGNED_CONTEXT((#7651)) 
GLOBAL_UNIT_ASSIGNED_CONTEXT((#7648,#7649,#7650)) REPRESENTATION_CONTEXT
('Context #1','3D Context with UNIT and UNCERTAINTY') );
#7648 = ( LENGTH_UNIT() NAMED_UNIT(*) SI_UNIT(.MILLI.,.METRE.) );
#7649 = ( NAMED_UNIT(*) PLANE_ANGLE_UNIT() SI_UNIT($,.RADIAN.) );
#7650 = ( NAMED_UNIT(*) SI_UNIT($,.STERADIAN.) SOLID_ANGLE_UNIT() );
#7651 = UNCERTAINTY_MEASURE_WITH_UNIT(LENGTH_MEASURE(1.E-07),#7648,
  'distance_accuracy_value','confusion accuracy');
#7652 = CONTEXT_DEPENDENT_SHAPE_REPRESENTATION(#7653,#7655);
#7653 = ( REPRESENTATION_RELATIONSHIP('','',#6996,#10) 
REPRESENTATION_RELATIONSHIP_WITH_TRANSFORMATION(#7654) 
SHAPE_REPRESENTATION_RELATIONSHIP() );
#7654 = ITEM_DEFINED_TRANSFORMATION('','',#11,#143);
#7655 = PRODUCT_DEFINITION_SHAPE('Placement','Placement of an item',
  #7656);
#7656 = NEXT_ASSEMBLY_USAGE_OCCURRENCE('97',
  '8 字 AC 插座 · 开关保险一体式安装包络','',#5,#6991,$);
#7657 = PRODUCT_RELATED_PRODUCT_CATEGORY('part',$,(#6993));
#7658 = SHAPE_DEFINITION_REPRESENTATION(#7659,#7665);
#7659 = PRODUCT_DEFINITION_SHAPE('','',#7660);
#7660 = PRODUCT_DEFINITION('design','',#7661,#7664);
#7661 = PRODUCT_DEFINITION_FORMATION('','',#7662);
#7662 = PRODUCT(
  '功放板 · 含散热片整体包络（用户提供尺寸）',
  '功放板 · 含散热片整体包络（用户提供尺寸）','',(
    #7663));
#7663 = PRODUCT_CONTEXT('',#2,'mechanical');
#7664 = PRODUCT_DEFINITION_CONTEXT('part definition',#2,'design');
#7665 = ADVANCED_BREP_SHAPE_REPRESENTATION('',(#11,#7666),#7816);
#7666 = MANIFOLD_SOLID_BREP('',#7667);
#7667 = CLOSED_SHELL('',(#7668,#7708,#7748,#7770,#7792,#7804));
#7668 = ADVANCED_FACE('',(#7669),#7703,.F.);
#7669 = FACE_BOUND('',#7670,.F.);
#7670 = EDGE_LOOP('',(#7671,#7681,#7689,#7697));
#7671 = ORIENTED_EDGE('',*,*,#7672,.F.);
#7672 = EDGE_CURVE('',#7673,#7675,#7677,.T.);
#7673 = VERTEX_POINT('',#7674);
#7674 = CARTESIAN_POINT('',(335.,185.,48.));
#7675 = VERTEX_POINT('',#7676);
#7676 = CARTESIAN_POINT('',(335.,185.,93.));
#7677 = LINE('',#7678,#7679);
#7678 = CARTESIAN_POINT('',(335.,185.,48.));
#7679 = VECTOR('',#7680,1.);
#7680 = DIRECTION('',(0.,0.,1.));
#7681 = ORIENTED_EDGE('',*,*,#7682,.T.);
#7682 = EDGE_CURVE('',#7673,#7683,#7685,.T.);
#7683 = VERTEX_POINT('',#7684);
#7684 = CARTESIAN_POINT('',(335.,310.,48.));
#7685 = LINE('',#7686,#7687);
#7686 = CARTESIAN_POINT('',(335.,185.,48.));
#7687 = VECTOR('',#7688,1.);
#7688 = DIRECTION('',(-0.,1.,0.));
#7689 = ORIENTED_EDGE('',*,*,#7690,.T.);
#7690 = EDGE_CURVE('',#7683,#7691,#7693,.T.);
#7691 = VERTEX_POINT('',#7692);
#7692 = CARTESIAN_POINT('',(335.,310.,93.));
#7693 = LINE('',#7694,#7695);
#7694 = CARTESIAN_POINT('',(335.,310.,48.));
#7695 = VECTOR('',#7696,1.);
#7696 = DIRECTION('',(0.,0.,1.));
#7697 = ORIENTED_EDGE('',*,*,#7698,.F.);
#7698 = EDGE_CURVE('',#7675,#7691,#7699,.T.);
#7699 = LINE('',#7700,#7701);
#7700 = CARTESIAN_POINT('',(335.,185.,93.));
#7701 = VECTOR('',#7702,1.);
#7702 = DIRECTION('',(-0.,1.,0.));
#7703 = PLANE('',#7704);
#7704 = AXIS2_PLACEMENT_3D('',#7705,#7706,#7707);
#7705 = CARTESIAN_POINT('',(335.,185.,48.));
#7706 = DIRECTION('',(1.,0.,-0.));
#7707 = DIRECTION('',(0.,0.,1.));
#7708 = ADVANCED_FACE('',(#7709),#7743,.T.);
#7709 = FACE_BOUND('',#7710,.T.);
#7710 = EDGE_LOOP('',(#7711,#7721,#7729,#7737));
#7711 = ORIENTED_EDGE('',*,*,#7712,.F.);
#7712 = EDGE_CURVE('',#7713,#7715,#7717,.T.);
#7713 = VERTEX_POINT('',#7714);
#7714 = CARTESIAN_POINT('',(410.,185.,48.));
#7715 = VERTEX_POINT('',#7716);
#7716 = CARTESIAN_POINT('',(410.,185.,93.));
#7717 = LINE('',#7718,#7719);
#7718 = CARTESIAN_POINT('',(410.,185.,48.));
#7719 = VECTOR('',#7720,1.);
#7720 = DIRECTION('',(0.,0.,1.));
#7721 = ORIENTED_EDGE('',*,*,#7722,.T.);
#7722 = EDGE_CURVE('',#7713,#7723,#7725,.T.);
#7723 = VERTEX_POINT('',#7724);
#7724 = CARTESIAN_POINT('',(410.,310.,48.));
#7725 = LINE('',#7726,#7727);
#7726 = CARTESIAN_POINT('',(410.,185.,48.));
#7727 = VECTOR('',#7728,1.);
#7728 = DIRECTION('',(-0.,1.,0.));
#7729 = ORIENTED_EDGE('',*,*,#7730,.T.);
#7730 = EDGE_CURVE('',#7723,#7731,#7733,.T.);
#7731 = VERTEX_POINT('',#7732);
#7732 = CARTESIAN_POINT('',(410.,310.,93.));
#7733 = LINE('',#7734,#7735);
#7734 = CARTESIAN_POINT('',(410.,310.,48.));
#7735 = VECTOR('',#7736,1.);
#7736 = DIRECTION('',(0.,0.,1.));
#7737 = ORIENTED_EDGE('',*,*,#7738,.F.);
#7738 = EDGE_CURVE('',#7715,#7731,#7739,.T.);
#7739 = LINE('',#7740,#7741);
#7740 = CARTESIAN_POINT('',(410.,185.,93.));
#7741 = VECTOR('',#7742,1.);
#7742 = DIRECTION('',(-0.,1.,0.));
#7743 = PLANE('',#7744);
#7744 = AXIS2_PLACEMENT_3D('',#7745,#7746,#7747);
#7745 = CARTESIAN_POINT('',(410.,185.,48.));
#7746 = DIRECTION('',(1.,0.,-0.));
#7747 = DIRECTION('',(0.,0.,1.));
#7748 = ADVANCED_FACE('',(#7749),#7765,.F.);
#7749 = FACE_BOUND('',#7750,.F.);
#7750 = EDGE_LOOP('',(#7751,#7757,#7758,#7764));
#7751 = ORIENTED_EDGE('',*,*,#7752,.F.);
#7752 = EDGE_CURVE('',#7673,#7713,#7753,.T.);
#7753 = LINE('',#7754,#7755);
#7754 = CARTESIAN_POINT('',(335.,185.,48.));
#7755 = VECTOR('',#7756,1.);
#7756 = DIRECTION('',(1.,0.,-0.));
#7757 = ORIENTED_EDGE('',*,*,#7672,.T.);
#7758 = ORIENTED_EDGE('',*,*,#7759,.T.);
#7759 = EDGE_CURVE('',#7675,#7715,#7760,.T.);
#7760 = LINE('',#7761,#7762);
#7761 = CARTESIAN_POINT('',(335.,185.,93.));
#7762 = VECTOR('',#7763,1.);
#7763 = DIRECTION('',(1.,0.,-0.));
#7764 = ORIENTED_EDGE('',*,*,#7712,.F.);
#7765 = PLANE('',#7766);
#7766 = AXIS2_PLACEMENT_3D('',#7767,#7768,#7769);
#7767 = CARTESIAN_POINT('',(335.,185.,48.));
#7768 = DIRECTION('',(-0.,1.,0.));
#7769 = DIRECTION('',(0.,0.,1.));
#7770 = ADVANCED_FACE('',(#7771),#7787,.T.);
#7771 = FACE_BOUND('',#7772,.T.);
#7772 = EDGE_LOOP('',(#7773,#7779,#7780,#7786));
#7773 = ORIENTED_EDGE('',*,*,#7774,.F.);
#7774 = EDGE_CURVE('',#7683,#7723,#7775,.T.);
#7775 = LINE('',#7776,#7777);
#7776 = CARTESIAN_POINT('',(335.,310.,48.));
#7777 = VECTOR('',#7778,1.);
#7778 = DIRECTION('',(1.,0.,-0.));
#7779 = ORIENTED_EDGE('',*,*,#7690,.T.);
#7780 = ORIENTED_EDGE('',*,*,#7781,.T.);
#7781 = EDGE_CURVE('',#7691,#7731,#7782,.T.);
#7782 = LINE('',#7783,#7784);
#7783 = CARTESIAN_POINT('',(335.,310.,93.));
#7784 = VECTOR('',#7785,1.);
#7785 = DIRECTION('',(1.,0.,-0.));
#7786 = ORIENTED_EDGE('',*,*,#7730,.F.);
#7787 = PLANE('',#7788);
#7788 = AXIS2_PLACEMENT_3D('',#7789,#7790,#7791);
#7789 = CARTESIAN_POINT('',(335.,310.,48.));
#7790 = DIRECTION('',(-0.,1.,0.));
#7791 = DIRECTION('',(0.,0.,1.));
#7792 = ADVANCED_FACE('',(#7793),#7799,.F.);
#7793 = FACE_BOUND('',#7794,.F.);
#7794 = EDGE_LOOP('',(#7795,#7796,#7797,#7798));
#7795 = ORIENTED_EDGE('',*,*,#7682,.F.);
#7796 = ORIENTED_EDGE('',*,*,#7752,.T.);
#7797 = ORIENTED_EDGE('',*,*,#7722,.T.);
#7798 = ORIENTED_EDGE('',*,*,#7774,.F.);
#7799 = PLANE('',#7800);
#7800 = AXIS2_PLACEMENT_3D('',#7801,#7802,#7803);
#7801 = CARTESIAN_POINT('',(335.,185.,48.));
#7802 = DIRECTION('',(0.,0.,1.));
#7803 = DIRECTION('',(1.,0.,-0.));
#7804 = ADVANCED_FACE('',(#7805),#7811,.T.);
#7805 = FACE_BOUND('',#7806,.T.);
#7806 = EDGE_LOOP('',(#7807,#7808,#7809,#7810));
#7807 = ORIENTED_EDGE('',*,*,#7698,.F.);
#7808 = ORIENTED_EDGE('',*,*,#7759,.T.);
#7809 = ORIENTED_EDGE('',*,*,#7738,.T.);
#7810 = ORIENTED_EDGE('',*,*,#7781,.F.);
#7811 = PLANE('',#7812);
#7812 = AXIS2_PLACEMENT_3D('',#7813,#7814,#7815);
#7813 = CARTESIAN_POINT('',(335.,185.,93.));
#7814 = DIRECTION('',(0.,0.,1.));
#7815 = DIRECTION('',(1.,0.,-0.));
#7816 = ( GEOMETRIC_REPRESENTATION_CONTEXT(3) 
GLOBAL_UNCERTAINTY_ASSIGNED_CONTEXT((#7820)) 
GLOBAL_UNIT_ASSIGNED_CONTEXT((#7817,#7818,#7819)) REPRESENTATION_CONTEXT
('Context #1','3D Context with UNIT and UNCERTAINTY') );
#7817 = ( LENGTH_UNIT() NAMED_UNIT(*) SI_UNIT(.MILLI.,.METRE.) );
#7818 = ( NAMED_UNIT(*) PLANE_ANGLE_UNIT() SI_UNIT($,.RADIAN.) );
#7819 = ( NAMED_UNIT(*) SI_UNIT($,.STERADIAN.) SOLID_ANGLE_UNIT() );
#7820 = UNCERTAINTY_MEASURE_WITH_UNIT(LENGTH_MEASURE(1.E-07),#7817,
  'distance_accuracy_value','confusion accuracy');
#7821 = CONTEXT_DEPENDENT_SHAPE_REPRESENTATION(#7822,#7824);
#7822 = ( REPRESENTATION_RELATIONSHIP('','',#7665,#10) 
REPRESENTATION_RELATIONSHIP_WITH_TRANSFORMATION(#7823) 
SHAPE_REPRESENTATION_RELATIONSHIP() );
#7823 = ITEM_DEFINED_TRANSFORMATION('','',#11,#147);
#7824 = PRODUCT_DEFINITION_SHAPE('Placement','Placement of an item',
  #7825);
#7825 = NEXT_ASSEMBLY_USAGE_OCCURRENCE('98',
  '功放板 · 含散热片整体包络（用户提供尺寸）','',#5,
  #7660,$);
#7826 = PRODUCT_RELATED_PRODUCT_CATEGORY('part',$,(#7662));
#7827 = SHAPE_DEFINITION_REPRESENTATION(#7828,#7834);
#7828 = PRODUCT_DEFINITION_SHAPE('','',#7829);
#7829 = PRODUCT_DEFINITION('design','',#7830,#7833);
#7830 = PRODUCT_DEFINITION_FORMATION('','',#7831);
#7831 = PRODUCT('备用电子预留区（不代表另需唱放）',
  '备用电子预留区（不代表另需唱放）','',(#7832));
#7832 = PRODUCT_CONTEXT('',#2,'mechanical');
#7833 = PRODUCT_DEFINITION_CONTEXT('part definition',#2,'design');
#7834 = ADVANCED_BREP_SHAPE_REPRESENTATION('',(#11,#7835),#7985);
#7835 = MANIFOLD_SOLID_BREP('',#7836);
#7836 = CLOSED_SHELL('',(#7837,#7877,#7917,#7939,#7961,#7973));
#7837 = ADVANCED_FACE('',(#7838),#7872,.F.);
#7838 = FACE_BOUND('',#7839,.F.);
#7839 = EDGE_LOOP('',(#7840,#7850,#7858,#7866));
#7840 = ORIENTED_EDGE('',*,*,#7841,.F.);
#7841 = EDGE_CURVE('',#7842,#7844,#7846,.T.);
#7842 = VERTEX_POINT('',#7843);
#7843 = CARTESIAN_POINT('',(26.,170.,48.));
#7844 = VERTEX_POINT('',#7845);
#7845 = CARTESIAN_POINT('',(26.,170.,65.));
#7846 = LINE('',#7847,#7848);
#7847 = CARTESIAN_POINT('',(26.,170.,48.));
#7848 = VECTOR('',#7849,1.);
#7849 = DIRECTION('',(0.,0.,1.));
#7850 = ORIENTED_EDGE('',*,*,#7851,.T.);
#7851 = EDGE_CURVE('',#7842,#7852,#7854,.T.);
#7852 = VERTEX_POINT('',#7853);
#7853 = CARTESIAN_POINT('',(26.,222.,48.));
#7854 = LINE('',#7855,#7856);
#7855 = CARTESIAN_POINT('',(26.,170.,48.));
#7856 = VECTOR('',#7857,1.);
#7857 = DIRECTION('',(-0.,1.,0.));
#7858 = ORIENTED_EDGE('',*,*,#7859,.T.);
#7859 = EDGE_CURVE('',#7852,#7860,#7862,.T.);
#7860 = VERTEX_POINT('',#7861);
#7861 = CARTESIAN_POINT('',(26.,222.,65.));
#7862 = LINE('',#7863,#7864);
#7863 = CARTESIAN_POINT('',(26.,222.,48.));
#7864 = VECTOR('',#7865,1.);
#7865 = DIRECTION('',(0.,0.,1.));
#7866 = ORIENTED_EDGE('',*,*,#7867,.F.);
#7867 = EDGE_CURVE('',#7844,#7860,#7868,.T.);
#7868 = LINE('',#7869,#7870);
#7869 = CARTESIAN_POINT('',(26.,170.,65.));
#7870 = VECTOR('',#7871,1.);
#7871 = DIRECTION('',(-0.,1.,0.));
#7872 = PLANE('',#7873);
#7873 = AXIS2_PLACEMENT_3D('',#7874,#7875,#7876);
#7874 = CARTESIAN_POINT('',(26.,170.,48.));
#7875 = DIRECTION('',(1.,0.,-0.));
#7876 = DIRECTION('',(0.,0.,1.));
#7877 = ADVANCED_FACE('',(#7878),#7912,.T.);
#7878 = FACE_BOUND('',#7879,.T.);
#7879 = EDGE_LOOP('',(#7880,#7890,#7898,#7906));
#7880 = ORIENTED_EDGE('',*,*,#7881,.F.);
#7881 = EDGE_CURVE('',#7882,#7884,#7886,.T.);
#7882 = VERTEX_POINT('',#7883);
#7883 = CARTESIAN_POINT('',(106.,170.,48.));
#7884 = VERTEX_POINT('',#7885);
#7885 = CARTESIAN_POINT('',(106.,170.,65.));
#7886 = LINE('',#7887,#7888);
#7887 = CARTESIAN_POINT('',(106.,170.,48.));
#7888 = VECTOR('',#7889,1.);
#7889 = DIRECTION('',(0.,0.,1.));
#7890 = ORIENTED_EDGE('',*,*,#7891,.T.);
#7891 = EDGE_CURVE('',#7882,#7892,#7894,.T.);
#7892 = VERTEX_POINT('',#7893);
#7893 = CARTESIAN_POINT('',(106.,222.,48.));
#7894 = LINE('',#7895,#7896);
#7895 = CARTESIAN_POINT('',(106.,170.,48.));
#7896 = VECTOR('',#7897,1.);
#7897 = DIRECTION('',(-0.,1.,0.));
#7898 = ORIENTED_EDGE('',*,*,#7899,.T.);
#7899 = EDGE_CURVE('',#7892,#7900,#7902,.T.);
#7900 = VERTEX_POINT('',#7901);
#7901 = CARTESIAN_POINT('',(106.,222.,65.));
#7902 = LINE('',#7903,#7904);
#7903 = CARTESIAN_POINT('',(106.,222.,48.));
#7904 = VECTOR('',#7905,1.);
#7905 = DIRECTION('',(0.,0.,1.));
#7906 = ORIENTED_EDGE('',*,*,#7907,.F.);
#7907 = EDGE_CURVE('',#7884,#7900,#7908,.T.);
#7908 = LINE('',#7909,#7910);
#7909 = CARTESIAN_POINT('',(106.,170.,65.));
#7910 = VECTOR('',#7911,1.);
#7911 = DIRECTION('',(-0.,1.,0.));
#7912 = PLANE('',#7913);
#7913 = AXIS2_PLACEMENT_3D('',#7914,#7915,#7916);
#7914 = CARTESIAN_POINT('',(106.,170.,48.));
#7915 = DIRECTION('',(1.,0.,-0.));
#7916 = DIRECTION('',(0.,0.,1.));
#7917 = ADVANCED_FACE('',(#7918),#7934,.F.);
#7918 = FACE_BOUND('',#7919,.F.);
#7919 = EDGE_LOOP('',(#7920,#7926,#7927,#7933));
#7920 = ORIENTED_EDGE('',*,*,#7921,.F.);
#7921 = EDGE_CURVE('',#7842,#7882,#7922,.T.);
#7922 = LINE('',#7923,#7924);
#7923 = CARTESIAN_POINT('',(26.,170.,48.));
#7924 = VECTOR('',#7925,1.);
#7925 = DIRECTION('',(1.,0.,-0.));
#7926 = ORIENTED_EDGE('',*,*,#7841,.T.);
#7927 = ORIENTED_EDGE('',*,*,#7928,.T.);
#7928 = EDGE_CURVE('',#7844,#7884,#7929,.T.);
#7929 = LINE('',#7930,#7931);
#7930 = CARTESIAN_POINT('',(26.,170.,65.));
#7931 = VECTOR('',#7932,1.);
#7932 = DIRECTION('',(1.,0.,-0.));
#7933 = ORIENTED_EDGE('',*,*,#7881,.F.);
#7934 = PLANE('',#7935);
#7935 = AXIS2_PLACEMENT_3D('',#7936,#7937,#7938);
#7936 = CARTESIAN_POINT('',(26.,170.,48.));
#7937 = DIRECTION('',(-0.,1.,0.));
#7938 = DIRECTION('',(0.,0.,1.));
#7939 = ADVANCED_FACE('',(#7940),#7956,.T.);
#7940 = FACE_BOUND('',#7941,.T.);
#7941 = EDGE_LOOP('',(#7942,#7948,#7949,#7955));
#7942 = ORIENTED_EDGE('',*,*,#7943,.F.);
#7943 = EDGE_CURVE('',#7852,#7892,#7944,.T.);
#7944 = LINE('',#7945,#7946);
#7945 = CARTESIAN_POINT('',(26.,222.,48.));
#7946 = VECTOR('',#7947,1.);
#7947 = DIRECTION('',(1.,0.,-0.));
#7948 = ORIENTED_EDGE('',*,*,#7859,.T.);
#7949 = ORIENTED_EDGE('',*,*,#7950,.T.);
#7950 = EDGE_CURVE('',#7860,#7900,#7951,.T.);
#7951 = LINE('',#7952,#7953);
#7952 = CARTESIAN_POINT('',(26.,222.,65.));
#7953 = VECTOR('',#7954,1.);
#7954 = DIRECTION('',(1.,0.,-0.));
#7955 = ORIENTED_EDGE('',*,*,#7899,.F.);
#7956 = PLANE('',#7957);
#7957 = AXIS2_PLACEMENT_3D('',#7958,#7959,#7960);
#7958 = CARTESIAN_POINT('',(26.,222.,48.));
#7959 = DIRECTION('',(-0.,1.,0.));
#7960 = DIRECTION('',(0.,0.,1.));
#7961 = ADVANCED_FACE('',(#7962),#7968,.F.);
#7962 = FACE_BOUND('',#7963,.F.);
#7963 = EDGE_LOOP('',(#7964,#7965,#7966,#7967));
#7964 = ORIENTED_EDGE('',*,*,#7851,.F.);
#7965 = ORIENTED_EDGE('',*,*,#7921,.T.);
#7966 = ORIENTED_EDGE('',*,*,#7891,.T.);
#7967 = ORIENTED_EDGE('',*,*,#7943,.F.);
#7968 = PLANE('',#7969);
#7969 = AXIS2_PLACEMENT_3D('',#7970,#7971,#7972);
#7970 = CARTESIAN_POINT('',(26.,170.,48.));
#7971 = DIRECTION('',(0.,0.,1.));
#7972 = DIRECTION('',(1.,0.,-0.));
#7973 = ADVANCED_FACE('',(#7974),#7980,.T.);
#7974 = FACE_BOUND('',#7975,.T.);
#7975 = EDGE_LOOP('',(#7976,#7977,#7978,#7979));
#7976 = ORIENTED_EDGE('',*,*,#7867,.F.);
#7977 = ORIENTED_EDGE('',*,*,#7928,.T.);
#7978 = ORIENTED_EDGE('',*,*,#7907,.T.);
#7979 = ORIENTED_EDGE('',*,*,#7950,.F.);
#7980 = PLANE('',#7981);
#7981 = AXIS2_PLACEMENT_3D('',#7982,#7983,#7984);
#7982 = CARTESIAN_POINT('',(26.,170.,65.));
#7983 = DIRECTION('',(0.,0.,1.));
#7984 = DIRECTION('',(1.,0.,-0.));
#7985 = ( GEOMETRIC_REPRESENTATION_CONTEXT(3) 
GLOBAL_UNCERTAINTY_ASSIGNED_CONTEXT((#7989)) 
GLOBAL_UNIT_ASSIGNED_CONTEXT((#7986,#7987,#7988)) REPRESENTATION_CONTEXT
('Context #1','3D Context with UNIT and UNCERTAINTY') );
#7986 = ( LENGTH_UNIT() NAMED_UNIT(*) SI_UNIT(.MILLI.,.METRE.) );
#7987 = ( NAMED_UNIT(*) PLANE_ANGLE_UNIT() SI_UNIT($,.RADIAN.) );
#7988 = ( NAMED_UNIT(*) SI_UNIT($,.STERADIAN.) SOLID_ANGLE_UNIT() );
#7989 = UNCERTAINTY_MEASURE_WITH_UNIT(LENGTH_MEASURE(1.E-07),#7986,
  'distance_accuracy_value','confusion accuracy');
#7990 = CONTEXT_DEPENDENT_SHAPE_REPRESENTATION(#7991,#7993);
#7991 = ( REPRESENTATION_RELATIONSHIP('','',#7834,#10) 
REPRESENTATION_RELATIONSHIP_WITH_TRANSFORMATION(#7992) 
SHAPE_REPRESENTATION_RELATIONSHIP() );
#7992 = ITEM_DEFINED_TRANSFORMATION('','',#11,#151);
#7993 = PRODUCT_DEFINITION_SHAPE('Placement','Placement of an item',
  #7994);
#7994 = NEXT_ASSEMBLY_USAGE_OCCURRENCE('99',
  '备用电子预留区（不代表另需唱放）','',#5,#7829,$);
#7995 = PRODUCT_RELATED_PRODUCT_CATEGORY('part',$,(#7831));
#7996 = SHAPE_DEFINITION_REPRESENTATION(#7997,#8003);
#7997 = PRODUCT_DEFINITION_SHAPE('','',#7998);
#7998 = PRODUCT_DEFINITION('design','',#7999,#8002);
#7999 = PRODUCT_DEFINITION_FORMATION('','',#8000);
#8000 = PRODUCT('扬声器电源变压器 · 含固定耳包络',
  '扬声器电源变压器 · 含固定耳包络','',(#8001));
#8001 = PRODUCT_CONTEXT('',#2,'mechanical');
#8002 = PRODUCT_DEFINITION_CONTEXT('part definition',#2,'design');
#8003 = ADVANCED_BREP_SHAPE_REPRESENTATION('',(#11,#8004),#8286);
#8004 = MANIFOLD_SOLID_BREP('',#8005);
#8005 = CLOSED_SHELL('',(#8006,#8046,#8077,#8108,#8139,#8170,#8201,#8232
    ,#8253,#8270));
#8006 = ADVANCED_FACE('',(#8007),#8041,.T.);
#8007 = FACE_BOUND('',#8008,.T.);
#8008 = EDGE_LOOP('',(#8009,#8019,#8027,#8035));
#8009 = ORIENTED_EDGE('',*,*,#8010,.F.);
#8010 = EDGE_CURVE('',#8011,#8013,#8015,.T.);
#8011 = VERTEX_POINT('',#8012);
#8012 = CARTESIAN_POINT('',(114.,249.5,38.));
#8013 = VERTEX_POINT('',#8014);
#8014 = CARTESIAN_POINT('',(114.,249.5,40.));
#8015 = LINE('',#8016,#8017);
#8016 = CARTESIAN_POINT('',(114.,249.5,38.));
#8017 = VECTOR('',#8018,1.);
#8018 = DIRECTION('',(0.,0.,1.));
#8019 = ORIENTED_EDGE('',*,*,#8020,.T.);
#8020 = EDGE_CURVE('',#8011,#8021,#8023,.T.);
#8021 = VERTEX_POINT('',#8022);
#8022 = CARTESIAN_POINT('',(114.,304.5,38.));
#8023 = LINE('',#8024,#8025);
#8024 = CARTESIAN_POINT('',(114.,249.5,38.));
#8025 = VECTOR('',#8026,1.);
#8026 = DIRECTION('',(-0.,1.,0.));
#8027 = ORIENTED_EDGE('',*,*,#8028,.T.);
#8028 = EDGE_CURVE('',#8021,#8029,#8031,.T.);
#8029 = VERTEX_POINT('',#8030);
#8030 = CARTESIAN_POINT('',(114.,304.5,40.));
#8031 = LINE('',#8032,#8033);
#8032 = CARTESIAN_POINT('',(114.,304.5,38.));
#8033 = VECTOR('',#8034,1.);
#8034 = DIRECTION('',(0.,0.,1.));
#8035 = ORIENTED_EDGE('',*,*,#8036,.F.);
#8036 = EDGE_CURVE('',#8013,#8029,#8037,.T.);
#8037 = LINE('',#8038,#8039);
#8038 = CARTESIAN_POINT('',(114.,249.5,40.));
#8039 = VECTOR('',#8040,1.);
#8040 = DIRECTION('',(-0.,1.,0.));
#8041 = PLANE('',#8042);
#8042 = AXIS2_PLACEMENT_3D('',#8043,#8044,#8045);
#8043 = CARTESIAN_POINT('',(114.,249.5,38.));
#8044 = DIRECTION('',(1.,0.,-0.));
#8045 = DIRECTION('',(0.,0.,1.));
#8046 = ADVANCED_FACE('',(#8047),#8072,.T.);
#8047 = FACE_BOUND('',#8048,.T.);
#8048 = EDGE_LOOP('',(#8049,#8057,#8065,#8071));
#8049 = ORIENTED_EDGE('',*,*,#8050,.F.);
#8050 = EDGE_CURVE('',#8051,#8029,#8053,.T.);
#8051 = VERTEX_POINT('',#8052);
#8052 = CARTESIAN_POINT('',(100.,304.5,40.));
#8053 = LINE('',#8054,#8055);
#8054 = CARTESIAN_POINT('',(26.,304.5,40.));
#8055 = VECTOR('',#8056,1.);
#8056 = DIRECTION('',(1.,0.,-0.));
#8057 = ORIENTED_EDGE('',*,*,#8058,.T.);
#8058 = EDGE_CURVE('',#8051,#8059,#8061,.T.);
#8059 = VERTEX_POINT('',#8060);
#8060 = CARTESIAN_POINT('',(100.,249.5,40.));
#8061 = LINE('',#8062,#8063);
#8062 = CARTESIAN_POINT('',(100.,249.5,40.));
#8063 = VECTOR('',#8064,1.);
#8064 = DIRECTION('',(0.,-1.,0.));
#8065 = ORIENTED_EDGE('',*,*,#8066,.T.);
#8066 = EDGE_CURVE('',#8059,#8013,#8067,.T.);
#8067 = LINE('',#8068,#8069);
#8068 = CARTESIAN_POINT('',(26.,249.5,40.));
#8069 = VECTOR('',#8070,1.);
#8070 = DIRECTION('',(1.,0.,-0.));
#8071 = ORIENTED_EDGE('',*,*,#8036,.T.);
#8072 = PLANE('',#8073);
#8073 = AXIS2_PLACEMENT_3D('',#8074,#8075,#8076);
#8074 = CARTESIAN_POINT('',(26.,249.5,40.));
#8075 = DIRECTION('',(0.,0.,1.));
#8076 = DIRECTION('',(1.,0.,-0.));
#8077 = ADVANCED_FACE('',(#8078),#8103,.T.);
#8078 = FACE_BOUND('',#8079,.T.);
#8079 = EDGE_LOOP('',(#8080,#8088,#8089,#8097));
#8080 = ORIENTED_EDGE('',*,*,#8081,.F.);
#8081 = EDGE_CURVE('',#8059,#8082,#8084,.T.);
#8082 = VERTEX_POINT('',#8083);
#8083 = CARTESIAN_POINT('',(100.,249.5,88.));
#8084 = LINE('',#8085,#8086);
#8085 = CARTESIAN_POINT('',(100.,249.5,38.));
#8086 = VECTOR('',#8087,1.);
#8087 = DIRECTION('',(0.,0.,1.));
#8088 = ORIENTED_EDGE('',*,*,#8058,.F.);
#8089 = ORIENTED_EDGE('',*,*,#8090,.T.);
#8090 = EDGE_CURVE('',#8051,#8091,#8093,.T.);
#8091 = VERTEX_POINT('',#8092);
#8092 = CARTESIAN_POINT('',(100.,304.5,88.));
#8093 = LINE('',#8094,#8095);
#8094 = CARTESIAN_POINT('',(100.,304.5,38.));
#8095 = VECTOR('',#8096,1.);
#8096 = DIRECTION('',(0.,0.,1.));
#8097 = ORIENTED_EDGE('',*,*,#8098,.F.);
#8098 = EDGE_CURVE('',#8082,#8091,#8099,.T.);
#8099 = LINE('',#8100,#8101);
#8100 = CARTESIAN_POINT('',(100.,249.5,88.));
#8101 = VECTOR('',#8102,1.);
#8102 = DIRECTION('',(-0.,1.,0.));
#8103 = PLANE('',#8104);
#8104 = AXIS2_PLACEMENT_3D('',#8105,#8106,#8107);
#8105 = CARTESIAN_POINT('',(100.,249.5,38.));
#8106 = DIRECTION('',(1.,0.,-0.));
#8107 = DIRECTION('',(0.,0.,1.));
#8108 = ADVANCED_FACE('',(#8109),#8134,.T.);
#8109 = FACE_BOUND('',#8110,.T.);
#8110 = EDGE_LOOP('',(#8111,#8121,#8127,#8128));
#8111 = ORIENTED_EDGE('',*,*,#8112,.F.);
#8112 = EDGE_CURVE('',#8113,#8115,#8117,.T.);
#8113 = VERTEX_POINT('',#8114);
#8114 = CARTESIAN_POINT('',(40.,249.5,88.));
#8115 = VERTEX_POINT('',#8116);
#8116 = CARTESIAN_POINT('',(40.,304.5,88.));
#8117 = LINE('',#8118,#8119);
#8118 = CARTESIAN_POINT('',(40.,249.5,88.));
#8119 = VECTOR('',#8120,1.);
#8120 = DIRECTION('',(-0.,1.,0.));
#8121 = ORIENTED_EDGE('',*,*,#8122,.T.);
#8122 = EDGE_CURVE('',#8113,#8082,#8123,.T.);
#8123 = LINE('',#8124,#8125);
#8124 = CARTESIAN_POINT('',(40.,249.5,88.));
#8125 = VECTOR('',#8126,1.);
#8126 = DIRECTION('',(1.,0.,-0.));
#8127 = ORIENTED_EDGE('',*,*,#8098,.T.);
#8128 = ORIENTED_EDGE('',*,*,#8129,.F.);
#8129 = EDGE_CURVE('',#8115,#8091,#8130,.T.);
#8130 = LINE('',#8131,#8132);
#8131 = CARTESIAN_POINT('',(40.,304.5,88.));
#8132 = VECTOR('',#8133,1.);
#8133 = DIRECTION('',(1.,0.,-0.));
#8134 = PLANE('',#8135);
#8135 = AXIS2_PLACEMENT_3D('',#8136,#8137,#8138);
#8136 = CARTESIAN_POINT('',(40.,249.5,88.));
#8137 = DIRECTION('',(0.,0.,1.));
#8138 = DIRECTION('',(1.,0.,-0.));
#8139 = ADVANCED_FACE('',(#8140),#8165,.F.);
#8140 = FACE_BOUND('',#8141,.F.);
#8141 = EDGE_LOOP('',(#8142,#8150,#8158,#8164));
#8142 = ORIENTED_EDGE('',*,*,#8143,.F.);
#8143 = EDGE_CURVE('',#8144,#8113,#8146,.T.);
#8144 = VERTEX_POINT('',#8145);
#8145 = CARTESIAN_POINT('',(40.,249.5,40.));
#8146 = LINE('',#8147,#8148);
#8147 = CARTESIAN_POINT('',(40.,249.5,38.));
#8148 = VECTOR('',#8149,1.);
#8149 = DIRECTION('',(0.,0.,1.));
#8150 = ORIENTED_EDGE('',*,*,#8151,.F.);
#8151 = EDGE_CURVE('',#8152,#8144,#8154,.T.);
#8152 = VERTEX_POINT('',#8153);
#8153 = CARTESIAN_POINT('',(40.,304.5,40.));
#8154 = LINE('',#8155,#8156);
#8155 = CARTESIAN_POINT('',(40.,249.5,40.));
#8156 = VECTOR('',#8157,1.);
#8157 = DIRECTION('',(0.,-1.,0.));
#8158 = ORIENTED_EDGE('',*,*,#8159,.T.);
#8159 = EDGE_CURVE('',#8152,#8115,#8160,.T.);
#8160 = LINE('',#8161,#8162);
#8161 = CARTESIAN_POINT('',(40.,304.5,38.));
#8162 = VECTOR('',#8163,1.);
#8163 = DIRECTION('',(0.,0.,1.));
#8164 = ORIENTED_EDGE('',*,*,#8112,.F.);
#8165 = PLANE('',#8166);
#8166 = AXIS2_PLACEMENT_3D('',#8167,#8168,#8169);
#8167 = CARTESIAN_POINT('',(40.,249.5,38.));
#8168 = DIRECTION('',(1.,0.,-0.));
#8169 = DIRECTION('',(0.,0.,1.));
#8170 = ADVANCED_FACE('',(#8171),#8196,.T.);
#8171 = FACE_BOUND('',#8172,.T.);
#8172 = EDGE_LOOP('',(#8173,#8181,#8189,#8195));
#8173 = ORIENTED_EDGE('',*,*,#8174,.F.);
#8174 = EDGE_CURVE('',#8175,#8152,#8177,.T.);
#8175 = VERTEX_POINT('',#8176);
#8176 = CARTESIAN_POINT('',(26.,304.5,40.));
#8177 = LINE('',#8178,#8179);
#8178 = CARTESIAN_POINT('',(26.,304.5,40.));
#8179 = VECTOR('',#8180,1.);
#8180 = DIRECTION('',(1.,0.,-0.));
#8181 = ORIENTED_EDGE('',*,*,#8182,.F.);
#8182 = EDGE_CURVE('',#8183,#8175,#8185,.T.);
#8183 = VERTEX_POINT('',#8184);
#8184 = CARTESIAN_POINT('',(26.,249.5,40.));
#8185 = LINE('',#8186,#8187);
#8186 = CARTESIAN_POINT('',(26.,249.5,40.));
#8187 = VECTOR('',#8188,1.);
#8188 = DIRECTION('',(-0.,1.,0.));
#8189 = ORIENTED_EDGE('',*,*,#8190,.T.);
#8190 = EDGE_CURVE('',#8183,#8144,#8191,.T.);
#8191 = LINE('',#8192,#8193);
#8192 = CARTESIAN_POINT('',(26.,249.5,40.));
#8193 = VECTOR('',#8194,1.);
#8194 = DIRECTION('',(1.,0.,-0.));
#8195 = ORIENTED_EDGE('',*,*,#8151,.F.);
#8196 = PLANE('',#8197);
#8197 = AXIS2_PLACEMENT_3D('',#8198,#8199,#8200);
#8198 = CARTESIAN_POINT('',(26.,249.5,40.));
#8199 = DIRECTION('',(0.,0.,1.));
#8200 = DIRECTION('',(1.,0.,-0.));
#8201 = ADVANCED_FACE('',(#8202),#8227,.F.);
#8202 = FACE_BOUND('',#8203,.F.);
#8203 = EDGE_LOOP('',(#8204,#8212,#8220,#8226));
#8204 = ORIENTED_EDGE('',*,*,#8205,.F.);
#8205 = EDGE_CURVE('',#8206,#8183,#8208,.T.);
#8206 = VERTEX_POINT('',#8207);
#8207 = CARTESIAN_POINT('',(26.,249.5,38.));
#8208 = LINE('',#8209,#8210);
#8209 = CARTESIAN_POINT('',(26.,249.5,38.));
#8210 = VECTOR('',#8211,1.);
#8211 = DIRECTION('',(0.,0.,1.));
#8212 = ORIENTED_EDGE('',*,*,#8213,.T.);
#8213 = EDGE_CURVE('',#8206,#8214,#8216,.T.);
#8214 = VERTEX_POINT('',#8215);
#8215 = CARTESIAN_POINT('',(26.,304.5,38.));
#8216 = LINE('',#8217,#8218);
#8217 = CARTESIAN_POINT('',(26.,249.5,38.));
#8218 = VECTOR('',#8219,1.);
#8219 = DIRECTION('',(-0.,1.,0.));
#8220 = ORIENTED_EDGE('',*,*,#8221,.T.);
#8221 = EDGE_CURVE('',#8214,#8175,#8222,.T.);
#8222 = LINE('',#8223,#8224);
#8223 = CARTESIAN_POINT('',(26.,304.5,38.));
#8224 = VECTOR('',#8225,1.);
#8225 = DIRECTION('',(0.,0.,1.));
#8226 = ORIENTED_EDGE('',*,*,#8182,.F.);
#8227 = PLANE('',#8228);
#8228 = AXIS2_PLACEMENT_3D('',#8229,#8230,#8231);
#8229 = CARTESIAN_POINT('',(26.,249.5,38.));
#8230 = DIRECTION('',(1.,0.,-0.));
#8231 = DIRECTION('',(0.,0.,1.));
#8232 = ADVANCED_FACE('',(#8233),#8248,.T.);
#8233 = FACE_BOUND('',#8234,.T.);
#8234 = EDGE_LOOP('',(#8235,#8236,#8237,#8238,#8239,#8240,#8241,#8242));
#8235 = ORIENTED_EDGE('',*,*,#8010,.T.);
#8236 = ORIENTED_EDGE('',*,*,#8066,.F.);
#8237 = ORIENTED_EDGE('',*,*,#8081,.T.);
#8238 = ORIENTED_EDGE('',*,*,#8122,.F.);
#8239 = ORIENTED_EDGE('',*,*,#8143,.F.);
#8240 = ORIENTED_EDGE('',*,*,#8190,.F.);
#8241 = ORIENTED_EDGE('',*,*,#8205,.F.);
#8242 = ORIENTED_EDGE('',*,*,#8243,.T.);
#8243 = EDGE_CURVE('',#8206,#8011,#8244,.T.);
#8244 = LINE('',#8245,#8246);
#8245 = CARTESIAN_POINT('',(26.,249.5,38.));
#8246 = VECTOR('',#8247,1.);
#8247 = DIRECTION('',(1.,0.,-0.));
#8248 = PLANE('',#8249);
#8249 = AXIS2_PLACEMENT_3D('',#8250,#8251,#8252);
#8250 = CARTESIAN_POINT('',(70.,249.5,58.130434782609));
#8251 = DIRECTION('',(-0.,-1.,-0.));
#8252 = DIRECTION('',(0.,0.,-1.));
#8253 = ADVANCED_FACE('',(#8254),#8265,.T.);
#8254 = FACE_BOUND('',#8255,.T.);
#8255 = EDGE_LOOP('',(#8256,#8257,#8258,#8259));
#8256 = ORIENTED_EDGE('',*,*,#8020,.F.);
#8257 = ORIENTED_EDGE('',*,*,#8243,.F.);
#8258 = ORIENTED_EDGE('',*,*,#8213,.T.);
#8259 = ORIENTED_EDGE('',*,*,#8260,.T.);
#8260 = EDGE_CURVE('',#8214,#8021,#8261,.T.);
#8261 = LINE('',#8262,#8263);
#8262 = CARTESIAN_POINT('',(26.,304.5,38.));
#8263 = VECTOR('',#8264,1.);
#8264 = DIRECTION('',(1.,0.,-0.));
#8265 = PLANE('',#8266);
#8266 = AXIS2_PLACEMENT_3D('',#8267,#8268,#8269);
#8267 = CARTESIAN_POINT('',(70.,277.,38.));
#8268 = DIRECTION('',(-0.,-0.,-1.));
#8269 = DIRECTION('',(-1.,0.,0.));
#8270 = ADVANCED_FACE('',(#8271),#8281,.T.);
#8271 = FACE_BOUND('',#8272,.T.);
#8272 = EDGE_LOOP('',(#8273,#8274,#8275,#8276,#8277,#8278,#8279,#8280));
#8273 = ORIENTED_EDGE('',*,*,#8260,.F.);
#8274 = ORIENTED_EDGE('',*,*,#8221,.T.);
#8275 = ORIENTED_EDGE('',*,*,#8174,.T.);
#8276 = ORIENTED_EDGE('',*,*,#8159,.T.);
#8277 = ORIENTED_EDGE('',*,*,#8129,.T.);
#8278 = ORIENTED_EDGE('',*,*,#8090,.F.);
#8279 = ORIENTED_EDGE('',*,*,#8050,.T.);
#8280 = ORIENTED_EDGE('',*,*,#8028,.F.);
#8281 = PLANE('',#8282);
#8282 = AXIS2_PLACEMENT_3D('',#8283,#8284,#8285);
#8283 = CARTESIAN_POINT('',(70.,304.5,58.130434782609));
#8284 = DIRECTION('',(0.,1.,0.));
#8285 = DIRECTION('',(0.,-0.,1.));
#8286 = ( GEOMETRIC_REPRESENTATION_CONTEXT(3) 
GLOBAL_UNCERTAINTY_ASSIGNED_CONTEXT((#8290)) 
GLOBAL_UNIT_ASSIGNED_CONTEXT((#8287,#8288,#8289)) REPRESENTATION_CONTEXT
('Context #1','3D Context with UNIT and UNCERTAINTY') );
#8287 = ( LENGTH_UNIT() NAMED_UNIT(*) SI_UNIT(.MILLI.,.METRE.) );
#8288 = ( NAMED_UNIT(*) PLANE_ANGLE_UNIT() SI_UNIT($,.RADIAN.) );
#8289 = ( NAMED_UNIT(*) SI_UNIT($,.STERADIAN.) SOLID_ANGLE_UNIT() );
#8290 = UNCERTAINTY_MEASURE_WITH_UNIT(LENGTH_MEASURE(1.E-07),#8287,
  'distance_accuracy_value','confusion accuracy');
#8291 = CONTEXT_DEPENDENT_SHAPE_REPRESENTATION(#8292,#8294);
#8292 = ( REPRESENTATION_RELATIONSHIP('','',#8003,#10) 
REPRESENTATION_RELATIONSHIP_WITH_TRANSFORMATION(#8293) 
SHAPE_REPRESENTATION_RELATIONSHIP() );
#8293 = ITEM_DEFINED_TRANSFORMATION('','',#11,#155);
#8294 = PRODUCT_DEFINITION_SHAPE('Placement','Placement of an item',
  #8295);
#8295 = NEXT_ASSEMBLY_USAGE_OCCURRENCE('100',
  '扬声器电源变压器 · 含固定耳包络','',#5,#7998,$);
#8296 = PRODUCT_RELATED_PRODUCT_CATEGORY('part',$,(#8000));
#8297 = SHAPE_DEFINITION_REPRESENTATION(#8298,#8304);
#8298 = PRODUCT_DEFINITION_SHAPE('','',#8299);
#8299 = PRODUCT_DEFINITION('design','',#8300,#8303);
#8300 = PRODUCT_DEFINITION_FORMATION('','',#8301);
#8301 = PRODUCT('套装 RCA 后板预留区（孔位待确认）',
  '套装 RCA 后板预留区（孔位待确认）','',(#8302));
#8302 = PRODUCT_CONTEXT('',#2,'mechanical');
#8303 = PRODUCT_DEFINITION_CONTEXT('part definition',#2,'design');
#8304 = ADVANCED_BREP_SHAPE_REPRESENTATION('',(#11,#8305),#8455);
#8305 = MANIFOLD_SOLID_BREP('',#8306);
#8306 = CLOSED_SHELL('',(#8307,#8347,#8387,#8409,#8431,#8443));
#8307 = ADVANCED_FACE('',(#8308),#8342,.F.);
#8308 = FACE_BOUND('',#8309,.F.);
#8309 = EDGE_LOOP('',(#8310,#8320,#8328,#8336));
#8310 = ORIENTED_EDGE('',*,*,#8311,.F.);
#8311 = EDGE_CURVE('',#8312,#8314,#8316,.T.);
#8312 = VERTEX_POINT('',#8313);
#8313 = CARTESIAN_POINT('',(324.,336.,65.));
#8314 = VERTEX_POINT('',#8315);
#8315 = CARTESIAN_POINT('',(324.,336.,97.));
#8316 = LINE('',#8317,#8318);
#8317 = CARTESIAN_POINT('',(324.,336.,65.));
#8318 = VECTOR('',#8319,1.);
#8319 = DIRECTION('',(0.,0.,1.));
#8320 = ORIENTED_EDGE('',*,*,#8321,.T.);
#8321 = EDGE_CURVE('',#8312,#8322,#8324,.T.);
#8322 = VERTEX_POINT('',#8323);
#8323 = CARTESIAN_POINT('',(324.,338.,65.));
#8324 = LINE('',#8325,#8326);
#8325 = CARTESIAN_POINT('',(324.,336.,65.));
#8326 = VECTOR('',#8327,1.);
#8327 = DIRECTION('',(-0.,1.,0.));
#8328 = ORIENTED_EDGE('',*,*,#8329,.T.);
#8329 = EDGE_CURVE('',#8322,#8330,#8332,.T.);
#8330 = VERTEX_POINT('',#8331);
#8331 = CARTESIAN_POINT('',(324.,338.,97.));
#8332 = LINE('',#8333,#8334);
#8333 = CARTESIAN_POINT('',(324.,338.,65.));
#8334 = VECTOR('',#8335,1.);
#8335 = DIRECTION('',(0.,0.,1.));
#8336 = ORIENTED_EDGE('',*,*,#8337,.F.);
#8337 = EDGE_CURVE('',#8314,#8330,#8338,.T.);
#8338 = LINE('',#8339,#8340);
#8339 = CARTESIAN_POINT('',(324.,336.,97.));
#8340 = VECTOR('',#8341,1.);
#8341 = DIRECTION('',(-0.,1.,0.));
#8342 = PLANE('',#8343);
#8343 = AXIS2_PLACEMENT_3D('',#8344,#8345,#8346);
#8344 = CARTESIAN_POINT('',(324.,336.,65.));
#8345 = DIRECTION('',(1.,0.,-0.));
#8346 = DIRECTION('',(0.,0.,1.));
#8347 = ADVANCED_FACE('',(#8348),#8382,.T.);
#8348 = FACE_BOUND('',#8349,.T.);
#8349 = EDGE_LOOP('',(#8350,#8360,#8368,#8376));
#8350 = ORIENTED_EDGE('',*,*,#8351,.F.);
#8351 = EDGE_CURVE('',#8352,#8354,#8356,.T.);
#8352 = VERTEX_POINT('',#8353);
#8353 = CARTESIAN_POINT('',(429.,336.,65.));
#8354 = VERTEX_POINT('',#8355);
#8355 = CARTESIAN_POINT('',(429.,336.,97.));
#8356 = LINE('',#8357,#8358);
#8357 = CARTESIAN_POINT('',(429.,336.,65.));
#8358 = VECTOR('',#8359,1.);
#8359 = DIRECTION('',(0.,0.,1.));
#8360 = ORIENTED_EDGE('',*,*,#8361,.T.);
#8361 = EDGE_CURVE('',#8352,#8362,#8364,.T.);
#8362 = VERTEX_POINT('',#8363);
#8363 = CARTESIAN_POINT('',(429.,338.,65.));
#8364 = LINE('',#8365,#8366);
#8365 = CARTESIAN_POINT('',(429.,336.,65.));
#8366 = VECTOR('',#8367,1.);
#8367 = DIRECTION('',(-0.,1.,0.));
#8368 = ORIENTED_EDGE('',*,*,#8369,.T.);
#8369 = EDGE_CURVE('',#8362,#8370,#8372,.T.);
#8370 = VERTEX_POINT('',#8371);
#8371 = CARTESIAN_POINT('',(429.,338.,97.));
#8372 = LINE('',#8373,#8374);
#8373 = CARTESIAN_POINT('',(429.,338.,65.));
#8374 = VECTOR('',#8375,1.);
#8375 = DIRECTION('',(0.,0.,1.));
#8376 = ORIENTED_EDGE('',*,*,#8377,.F.);
#8377 = EDGE_CURVE('',#8354,#8370,#8378,.T.);
#8378 = LINE('',#8379,#8380);
#8379 = CARTESIAN_POINT('',(429.,336.,97.));
#8380 = VECTOR('',#8381,1.);
#8381 = DIRECTION('',(-0.,1.,0.));
#8382 = PLANE('',#8383);
#8383 = AXIS2_PLACEMENT_3D('',#8384,#8385,#8386);
#8384 = CARTESIAN_POINT('',(429.,336.,65.));
#8385 = DIRECTION('',(1.,0.,-0.));
#8386 = DIRECTION('',(0.,0.,1.));
#8387 = ADVANCED_FACE('',(#8388),#8404,.F.);
#8388 = FACE_BOUND('',#8389,.F.);
#8389 = EDGE_LOOP('',(#8390,#8396,#8397,#8403));
#8390 = ORIENTED_EDGE('',*,*,#8391,.F.);
#8391 = EDGE_CURVE('',#8312,#8352,#8392,.T.);
#8392 = LINE('',#8393,#8394);
#8393 = CARTESIAN_POINT('',(324.,336.,65.));
#8394 = VECTOR('',#8395,1.);
#8395 = DIRECTION('',(1.,0.,-0.));
#8396 = ORIENTED_EDGE('',*,*,#8311,.T.);
#8397 = ORIENTED_EDGE('',*,*,#8398,.T.);
#8398 = EDGE_CURVE('',#8314,#8354,#8399,.T.);
#8399 = LINE('',#8400,#8401);
#8400 = CARTESIAN_POINT('',(324.,336.,97.));
#8401 = VECTOR('',#8402,1.);
#8402 = DIRECTION('',(1.,0.,-0.));
#8403 = ORIENTED_EDGE('',*,*,#8351,.F.);
#8404 = PLANE('',#8405);
#8405 = AXIS2_PLACEMENT_3D('',#8406,#8407,#8408);
#8406 = CARTESIAN_POINT('',(324.,336.,65.));
#8407 = DIRECTION('',(-0.,1.,0.));
#8408 = DIRECTION('',(0.,0.,1.));
#8409 = ADVANCED_FACE('',(#8410),#8426,.T.);
#8410 = FACE_BOUND('',#8411,.T.);
#8411 = EDGE_LOOP('',(#8412,#8418,#8419,#8425));
#8412 = ORIENTED_EDGE('',*,*,#8413,.F.);
#8413 = EDGE_CURVE('',#8322,#8362,#8414,.T.);
#8414 = LINE('',#8415,#8416);
#8415 = CARTESIAN_POINT('',(324.,338.,65.));
#8416 = VECTOR('',#8417,1.);
#8417 = DIRECTION('',(1.,0.,-0.));
#8418 = ORIENTED_EDGE('',*,*,#8329,.T.);
#8419 = ORIENTED_EDGE('',*,*,#8420,.T.);
#8420 = EDGE_CURVE('',#8330,#8370,#8421,.T.);
#8421 = LINE('',#8422,#8423);
#8422 = CARTESIAN_POINT('',(324.,338.,97.));
#8423 = VECTOR('',#8424,1.);
#8424 = DIRECTION('',(1.,0.,-0.));
#8425 = ORIENTED_EDGE('',*,*,#8369,.F.);
#8426 = PLANE('',#8427);
#8427 = AXIS2_PLACEMENT_3D('',#8428,#8429,#8430);
#8428 = CARTESIAN_POINT('',(324.,338.,65.));
#8429 = DIRECTION('',(-0.,1.,0.));
#8430 = DIRECTION('',(0.,0.,1.));
#8431 = ADVANCED_FACE('',(#8432),#8438,.F.);
#8432 = FACE_BOUND('',#8433,.F.);
#8433 = EDGE_LOOP('',(#8434,#8435,#8436,#8437));
#8434 = ORIENTED_EDGE('',*,*,#8321,.F.);
#8435 = ORIENTED_EDGE('',*,*,#8391,.T.);
#8436 = ORIENTED_EDGE('',*,*,#8361,.T.);
#8437 = ORIENTED_EDGE('',*,*,#8413,.F.);
#8438 = PLANE('',#8439);
#8439 = AXIS2_PLACEMENT_3D('',#8440,#8441,#8442);
#8440 = CARTESIAN_POINT('',(324.,336.,65.));
#8441 = DIRECTION('',(0.,0.,1.));
#8442 = DIRECTION('',(1.,0.,-0.));
#8443 = ADVANCED_FACE('',(#8444),#8450,.T.);
#8444 = FACE_BOUND('',#8445,.T.);
#8445 = EDGE_LOOP('',(#8446,#8447,#8448,#8449));
#8446 = ORIENTED_EDGE('',*,*,#8337,.F.);
#8447 = ORIENTED_EDGE('',*,*,#8398,.T.);
#8448 = ORIENTED_EDGE('',*,*,#8377,.T.);
#8449 = ORIENTED_EDGE('',*,*,#8420,.F.);
#8450 = PLANE('',#8451);
#8451 = AXIS2_PLACEMENT_3D('',#8452,#8453,#8454);
#8452 = CARTESIAN_POINT('',(324.,336.,97.));
#8453 = DIRECTION('',(0.,0.,1.));
#8454 = DIRECTION('',(1.,0.,-0.));
#8455 = ( GEOMETRIC_REPRESENTATION_CONTEXT(3) 
GLOBAL_UNCERTAINTY_ASSIGNED_CONTEXT((#8459)) 
GLOBAL_UNIT_ASSIGNED_CONTEXT((#8456,#8457,#8458)) REPRESENTATION_CONTEXT
('Context #1','3D Context with UNIT and UNCERTAINTY') );
#8456 = ( LENGTH_UNIT() NAMED_UNIT(*) SI_UNIT(.MILLI.,.METRE.) );
#8457 = ( NAMED_UNIT(*) PLANE_ANGLE_UNIT() SI_UNIT($,.RADIAN.) );
#8458 = ( NAMED_UNIT(*) SI_UNIT($,.STERADIAN.) SOLID_ANGLE_UNIT() );
#8459 = UNCERTAINTY_MEASURE_WITH_UNIT(LENGTH_MEASURE(1.E-07),#8456,
  'distance_accuracy_value','confusion accuracy');
#8460 = CONTEXT_DEPENDENT_SHAPE_REPRESENTATION(#8461,#8463);
#8461 = ( REPRESENTATION_RELATIONSHIP('','',#8304,#10) 
REPRESENTATION_RELATIONSHIP_WITH_TRANSFORMATION(#8462) 
SHAPE_REPRESENTATION_RELATIONSHIP() );
#8462 = ITEM_DEFINED_TRANSFORMATION('','',#11,#159);
#8463 = PRODUCT_DEFINITION_SHAPE('Placement','Placement of an item',
  #8464);
#8464 = NEXT_ASSEMBLY_USAGE_OCCURRENCE('101',
  '套装 RCA 后板预留区（孔位待确认）','',#5,#8299,$);
#8465 = PRODUCT_RELATED_PRODUCT_CATEGORY('part',$,(#8301));
#8466 = SHAPE_DEFINITION_REPRESENTATION(#8467,#8473);
#8467 = PRODUCT_DEFINITION_SHAPE('','',#8468);
#8468 = PRODUCT_DEFINITION('design','',#8469,#8472);
#8469 = PRODUCT_DEFINITION_FORMATION('','',#8470);
#8470 = PRODUCT('烟灰透明防尘盖','烟灰透明防尘盖','',(
    #8471));
#8471 = PRODUCT_CONTEXT('',#2,'mechanical');
#8472 = PRODUCT_DEFINITION_CONTEXT('part definition',#2,'design');
#8473 = ADVANCED_BREP_SHAPE_REPRESENTATION('',(#11,#8474),#8766);
#8474 = MANIFOLD_SOLID_BREP('',#8475);
#8475 = CLOSED_SHELL('',(#8476,#8516,#8547,#8571,#8595,#8646,#8658,#8689
    ,#8713,#8737,#8754));
#8476 = ADVANCED_FACE('',(#8477),#8511,.F.);
#8477 = FACE_BOUND('',#8478,.F.);
#8478 = EDGE_LOOP('',(#8479,#8489,#8497,#8505));
#8479 = ORIENTED_EDGE('',*,*,#8480,.F.);
#8480 = EDGE_CURVE('',#8481,#8483,#8485,.T.);
#8481 = VERTEX_POINT('',#8482);
#8482 = CARTESIAN_POINT('',(12.,2.,151.));
#8483 = VERTEX_POINT('',#8484);
#8484 = CARTESIAN_POINT('',(12.,2.,214.2));
#8485 = LINE('',#8486,#8487);
#8486 = CARTESIAN_POINT('',(12.,2.,151.));
#8487 = VECTOR('',#8488,1.);
#8488 = DIRECTION('',(0.,0.,1.));
#8489 = ORIENTED_EDGE('',*,*,#8490,.T.);
#8490 = EDGE_CURVE('',#8481,#8491,#8493,.T.);
#8491 = VERTEX_POINT('',#8492);
#8492 = CARTESIAN_POINT('',(12.,348.,151.));
#8493 = LINE('',#8494,#8495);
#8494 = CARTESIAN_POINT('',(12.,2.,151.));
#8495 = VECTOR('',#8496,1.);
#8496 = DIRECTION('',(-0.,1.,0.));
#8497 = ORIENTED_EDGE('',*,*,#8498,.T.);
#8498 = EDGE_CURVE('',#8491,#8499,#8501,.T.);
#8499 = VERTEX_POINT('',#8500);
#8500 = CARTESIAN_POINT('',(12.,348.,214.2));
#8501 = LINE('',#8502,#8503);
#8502 = CARTESIAN_POINT('',(12.,348.,151.));
#8503 = VECTOR('',#8504,1.);
#8504 = DIRECTION('',(0.,0.,1.));
#8505 = ORIENTED_EDGE('',*,*,#8506,.F.);
#8506 = EDGE_CURVE('',#8483,#8499,#8507,.T.);
#8507 = LINE('',#8508,#8509);
#8508 = CARTESIAN_POINT('',(12.,2.,214.2));
#8509 = VECTOR('',#8510,1.);
#8510 = DIRECTION('',(-0.,1.,0.));
#8511 = PLANE('',#8512);
#8512 = AXIS2_PLACEMENT_3D('',#8513,#8514,#8515);
#8513 = CARTESIAN_POINT('',(12.,2.,151.));
#8514 = DIRECTION('',(1.,0.,-0.));
#8515 = DIRECTION('',(0.,0.,1.));
#8516 = ADVANCED_FACE('',(#8517),#8542,.F.);
#8517 = FACE_BOUND('',#8518,.F.);
#8518 = EDGE_LOOP('',(#8519,#8527,#8528,#8536));
#8519 = ORIENTED_EDGE('',*,*,#8520,.F.);
#8520 = EDGE_CURVE('',#8481,#8521,#8523,.T.);
#8521 = VERTEX_POINT('',#8522);
#8522 = CARTESIAN_POINT('',(438.,2.,151.));
#8523 = LINE('',#8524,#8525);
#8524 = CARTESIAN_POINT('',(12.,2.,151.));
#8525 = VECTOR('',#8526,1.);
#8526 = DIRECTION('',(1.,0.,-0.));
#8527 = ORIENTED_EDGE('',*,*,#8480,.T.);
#8528 = ORIENTED_EDGE('',*,*,#8529,.T.);
#8529 = EDGE_CURVE('',#8483,#8530,#8532,.T.);
#8530 = VERTEX_POINT('',#8531);
#8531 = CARTESIAN_POINT('',(438.,2.,214.2));
#8532 = LINE('',#8533,#8534);
#8533 = CARTESIAN_POINT('',(12.,2.,214.2));
#8534 = VECTOR('',#8535,1.);
#8535 = DIRECTION('',(1.,0.,-0.));
#8536 = ORIENTED_EDGE('',*,*,#8537,.F.);
#8537 = EDGE_CURVE('',#8521,#8530,#8538,.T.);
#8538 = LINE('',#8539,#8540);
#8539 = CARTESIAN_POINT('',(438.,2.,151.));
#8540 = VECTOR('',#8541,1.);
#8541 = DIRECTION('',(0.,0.,1.));
#8542 = PLANE('',#8543);
#8543 = AXIS2_PLACEMENT_3D('',#8544,#8545,#8546);
#8544 = CARTESIAN_POINT('',(12.,2.,151.));
#8545 = DIRECTION('',(-0.,1.,0.));
#8546 = DIRECTION('',(0.,0.,1.));
#8547 = ADVANCED_FACE('',(#8548),#8566,.T.);
#8548 = FACE_BOUND('',#8549,.T.);
#8549 = EDGE_LOOP('',(#8550,#8551,#8552,#8560));
#8550 = ORIENTED_EDGE('',*,*,#8506,.F.);
#8551 = ORIENTED_EDGE('',*,*,#8529,.T.);
#8552 = ORIENTED_EDGE('',*,*,#8553,.T.);
#8553 = EDGE_CURVE('',#8530,#8554,#8556,.T.);
#8554 = VERTEX_POINT('',#8555);
#8555 = CARTESIAN_POINT('',(438.,348.,214.2));
#8556 = LINE('',#8557,#8558);
#8557 = CARTESIAN_POINT('',(438.,2.,214.2));
#8558 = VECTOR('',#8559,1.);
#8559 = DIRECTION('',(-0.,1.,0.));
#8560 = ORIENTED_EDGE('',*,*,#8561,.F.);
#8561 = EDGE_CURVE('',#8499,#8554,#8562,.T.);
#8562 = LINE('',#8563,#8564);
#8563 = CARTESIAN_POINT('',(12.,348.,214.2));
#8564 = VECTOR('',#8565,1.);
#8565 = DIRECTION('',(1.,0.,-0.));
#8566 = PLANE('',#8567);
#8567 = AXIS2_PLACEMENT_3D('',#8568,#8569,#8570);
#8568 = CARTESIAN_POINT('',(12.,2.,214.2));
#8569 = DIRECTION('',(0.,0.,1.));
#8570 = DIRECTION('',(1.,0.,-0.));
#8571 = ADVANCED_FACE('',(#8572),#8590,.T.);
#8572 = FACE_BOUND('',#8573,.T.);
#8573 = EDGE_LOOP('',(#8574,#8582,#8583,#8584));
#8574 = ORIENTED_EDGE('',*,*,#8575,.F.);
#8575 = EDGE_CURVE('',#8491,#8576,#8578,.T.);
#8576 = VERTEX_POINT('',#8577);
#8577 = CARTESIAN_POINT('',(438.,348.,151.));
#8578 = LINE('',#8579,#8580);
#8579 = CARTESIAN_POINT('',(12.,348.,151.));
#8580 = VECTOR('',#8581,1.);
#8581 = DIRECTION('',(1.,0.,-0.));
#8582 = ORIENTED_EDGE('',*,*,#8498,.T.);
#8583 = ORIENTED_EDGE('',*,*,#8561,.T.);
#8584 = ORIENTED_EDGE('',*,*,#8585,.F.);
#8585 = EDGE_CURVE('',#8576,#8554,#8586,.T.);
#8586 = LINE('',#8587,#8588);
#8587 = CARTESIAN_POINT('',(438.,348.,151.));
#8588 = VECTOR('',#8589,1.);
#8589 = DIRECTION('',(0.,0.,1.));
#8590 = PLANE('',#8591);
#8591 = AXIS2_PLACEMENT_3D('',#8592,#8593,#8594);
#8592 = CARTESIAN_POINT('',(12.,348.,151.));
#8593 = DIRECTION('',(-0.,1.,0.));
#8594 = DIRECTION('',(0.,0.,1.));
#8595 = ADVANCED_FACE('',(#8596,#8607),#8641,.F.);
#8596 = FACE_BOUND('',#8597,.F.);
#8597 = EDGE_LOOP('',(#8598,#8599,#8600,#8606));
#8598 = ORIENTED_EDGE('',*,*,#8490,.F.);
#8599 = ORIENTED_EDGE('',*,*,#8520,.T.);
#8600 = ORIENTED_EDGE('',*,*,#8601,.T.);
#8601 = EDGE_CURVE('',#8521,#8576,#8602,.T.);
#8602 = LINE('',#8603,#8604);
#8603 = CARTESIAN_POINT('',(438.,2.,151.));
#8604 = VECTOR('',#8605,1.);
#8605 = DIRECTION('',(-0.,1.,0.));
#8606 = ORIENTED_EDGE('',*,*,#8575,.F.);
#8607 = FACE_BOUND('',#8608,.F.);
#8608 = EDGE_LOOP('',(#8609,#8619,#8627,#8635));
#8609 = ORIENTED_EDGE('',*,*,#8610,.T.);
#8610 = EDGE_CURVE('',#8611,#8613,#8615,.T.);
#8611 = VERTEX_POINT('',#8612);
#8612 = CARTESIAN_POINT('',(435.,5.,151.));
#8613 = VERTEX_POINT('',#8614);
#8614 = CARTESIAN_POINT('',(15.,5.,151.));
#8615 = LINE('',#8616,#8617);
#8616 = CARTESIAN_POINT('',(13.5,5.,151.));
#8617 = VECTOR('',#8618,1.);
#8618 = DIRECTION('',(-1.,-0.,0.));
#8619 = ORIENTED_EDGE('',*,*,#8620,.T.);
#8620 = EDGE_CURVE('',#8613,#8621,#8623,.T.);
#8621 = VERTEX_POINT('',#8622);
#8622 = CARTESIAN_POINT('',(15.,345.,151.));
#8623 = LINE('',#8624,#8625);
#8624 = CARTESIAN_POINT('',(15.,3.5,151.));
#8625 = VECTOR('',#8626,1.);
#8626 = DIRECTION('',(-0.,1.,0.));
#8627 = ORIENTED_EDGE('',*,*,#8628,.F.);
#8628 = EDGE_CURVE('',#8629,#8621,#8631,.T.);
#8629 = VERTEX_POINT('',#8630);
#8630 = CARTESIAN_POINT('',(435.,345.,151.));
#8631 = LINE('',#8632,#8633);
#8632 = CARTESIAN_POINT('',(13.5,345.,151.));
#8633 = VECTOR('',#8634,1.);
#8634 = DIRECTION('',(-1.,-0.,0.));
#8635 = ORIENTED_EDGE('',*,*,#8636,.F.);
#8636 = EDGE_CURVE('',#8611,#8629,#8637,.T.);
#8637 = LINE('',#8638,#8639);
#8638 = CARTESIAN_POINT('',(435.,3.5,151.));
#8639 = VECTOR('',#8640,1.);
#8640 = DIRECTION('',(-0.,1.,0.));
#8641 = PLANE('',#8642);
#8642 = AXIS2_PLACEMENT_3D('',#8643,#8644,#8645);
#8643 = CARTESIAN_POINT('',(12.,2.,151.));
#8644 = DIRECTION('',(0.,0.,1.));
#8645 = DIRECTION('',(1.,0.,-0.));
#8646 = ADVANCED_FACE('',(#8647),#8653,.T.);
#8647 = FACE_BOUND('',#8648,.T.);
#8648 = EDGE_LOOP('',(#8649,#8650,#8651,#8652));
#8649 = ORIENTED_EDGE('',*,*,#8537,.F.);
#8650 = ORIENTED_EDGE('',*,*,#8601,.T.);
#8651 = ORIENTED_EDGE('',*,*,#8585,.T.);
#8652 = ORIENTED_EDGE('',*,*,#8553,.F.);
#8653 = PLANE('',#8654);
#8654 = AXIS2_PLACEMENT_3D('',#8655,#8656,#8657);
#8655 = CARTESIAN_POINT('',(438.,2.,151.));
#8656 = DIRECTION('',(1.,0.,-0.));
#8657 = DIRECTION('',(0.,0.,1.));
#8658 = ADVANCED_FACE('',(#8659),#8684,.T.);
#8659 = FACE_BOUND('',#8660,.T.);
#8660 = EDGE_LOOP('',(#8661,#8669,#8670,#8678));
#8661 = ORIENTED_EDGE('',*,*,#8662,.F.);
#8662 = EDGE_CURVE('',#8611,#8663,#8665,.T.);
#8663 = VERTEX_POINT('',#8664);
#8664 = CARTESIAN_POINT('',(435.,5.,211.2));
#8665 = LINE('',#8666,#8667);
#8666 = CARTESIAN_POINT('',(435.,5.,148.));
#8667 = VECTOR('',#8668,1.);
#8668 = DIRECTION('',(0.,0.,1.));
#8669 = ORIENTED_EDGE('',*,*,#8610,.T.);
#8670 = ORIENTED_EDGE('',*,*,#8671,.T.);
#8671 = EDGE_CURVE('',#8613,#8672,#8674,.T.);
#8672 = VERTEX_POINT('',#8673);
#8673 = CARTESIAN_POINT('',(15.,5.,211.2));
#8674 = LINE('',#8675,#8676);
#8675 = CARTESIAN_POINT('',(15.,5.,148.));
#8676 = VECTOR('',#8677,1.);
#8677 = DIRECTION('',(0.,0.,1.));
#8678 = ORIENTED_EDGE('',*,*,#8679,.T.);
#8679 = EDGE_CURVE('',#8672,#8663,#8680,.T.);
#8680 = LINE('',#8681,#8682);
#8681 = CARTESIAN_POINT('',(15.,5.,211.2));
#8682 = VECTOR('',#8683,1.);
#8683 = DIRECTION('',(1.,0.,-0.));
#8684 = PLANE('',#8685);
#8685 = AXIS2_PLACEMENT_3D('',#8686,#8687,#8688);
#8686 = CARTESIAN_POINT('',(15.,5.,148.));
#8687 = DIRECTION('',(-0.,1.,0.));
#8688 = DIRECTION('',(0.,0.,1.));
#8689 = ADVANCED_FACE('',(#8690),#8708,.F.);
#8690 = FACE_BOUND('',#8691,.F.);
#8691 = EDGE_LOOP('',(#8692,#8693,#8694,#8702));
#8692 = ORIENTED_EDGE('',*,*,#8662,.F.);
#8693 = ORIENTED_EDGE('',*,*,#8636,.T.);
#8694 = ORIENTED_EDGE('',*,*,#8695,.T.);
#8695 = EDGE_CURVE('',#8629,#8696,#8698,.T.);
#8696 = VERTEX_POINT('',#8697);
#8697 = CARTESIAN_POINT('',(435.,345.,211.2));
#8698 = LINE('',#8699,#8700);
#8699 = CARTESIAN_POINT('',(435.,345.,148.));
#8700 = VECTOR('',#8701,1.);
#8701 = DIRECTION('',(0.,0.,1.));
#8702 = ORIENTED_EDGE('',*,*,#8703,.F.);
#8703 = EDGE_CURVE('',#8663,#8696,#8704,.T.);
#8704 = LINE('',#8705,#8706);
#8705 = CARTESIAN_POINT('',(435.,5.,211.2));
#8706 = VECTOR('',#8707,1.);
#8707 = DIRECTION('',(-0.,1.,0.));
#8708 = PLANE('',#8709);
#8709 = AXIS2_PLACEMENT_3D('',#8710,#8711,#8712);
#8710 = CARTESIAN_POINT('',(435.,5.,148.));
#8711 = DIRECTION('',(1.,0.,-0.));
#8712 = DIRECTION('',(0.,0.,1.));
#8713 = ADVANCED_FACE('',(#8714),#8732,.F.);
#8714 = FACE_BOUND('',#8715,.F.);
#8715 = EDGE_LOOP('',(#8716,#8717,#8718,#8726));
#8716 = ORIENTED_EDGE('',*,*,#8695,.F.);
#8717 = ORIENTED_EDGE('',*,*,#8628,.T.);
#8718 = ORIENTED_EDGE('',*,*,#8719,.T.);
#8719 = EDGE_CURVE('',#8621,#8720,#8722,.T.);
#8720 = VERTEX_POINT('',#8721);
#8721 = CARTESIAN_POINT('',(15.,345.,211.2));
#8722 = LINE('',#8723,#8724);
#8723 = CARTESIAN_POINT('',(15.,345.,148.));
#8724 = VECTOR('',#8725,1.);
#8725 = DIRECTION('',(0.,0.,1.));
#8726 = ORIENTED_EDGE('',*,*,#8727,.T.);
#8727 = EDGE_CURVE('',#8720,#8696,#8728,.T.);
#8728 = LINE('',#8729,#8730);
#8729 = CARTESIAN_POINT('',(15.,345.,211.2));
#8730 = VECTOR('',#8731,1.);
#8731 = DIRECTION('',(1.,0.,-0.));
#8732 = PLANE('',#8733);
#8733 = AXIS2_PLACEMENT_3D('',#8734,#8735,#8736);
#8734 = CARTESIAN_POINT('',(15.,345.,148.));
#8735 = DIRECTION('',(-0.,1.,0.));
#8736 = DIRECTION('',(0.,0.,1.));
#8737 = ADVANCED_FACE('',(#8738),#8749,.T.);
#8738 = FACE_BOUND('',#8739,.T.);
#8739 = EDGE_LOOP('',(#8740,#8741,#8742,#8743));
#8740 = ORIENTED_EDGE('',*,*,#8671,.F.);
#8741 = ORIENTED_EDGE('',*,*,#8620,.T.);
#8742 = ORIENTED_EDGE('',*,*,#8719,.T.);
#8743 = ORIENTED_EDGE('',*,*,#8744,.F.);
#8744 = EDGE_CURVE('',#8672,#8720,#8745,.T.);
#8745 = LINE('',#8746,#8747);
#8746 = CARTESIAN_POINT('',(15.,5.,211.2));
#8747 = VECTOR('',#8748,1.);
#8748 = DIRECTION('',(-0.,1.,0.));
#8749 = PLANE('',#8750);
#8750 = AXIS2_PLACEMENT_3D('',#8751,#8752,#8753);
#8751 = CARTESIAN_POINT('',(15.,5.,148.));
#8752 = DIRECTION('',(1.,0.,-0.));
#8753 = DIRECTION('',(0.,0.,1.));
#8754 = ADVANCED_FACE('',(#8755),#8761,.F.);
#8755 = FACE_BOUND('',#8756,.F.);
#8756 = EDGE_LOOP('',(#8757,#8758,#8759,#8760));
#8757 = ORIENTED_EDGE('',*,*,#8744,.F.);
#8758 = ORIENTED_EDGE('',*,*,#8679,.T.);
#8759 = ORIENTED_EDGE('',*,*,#8703,.T.);
#8760 = ORIENTED_EDGE('',*,*,#8727,.F.);
#8761 = PLANE('',#8762);
#8762 = AXIS2_PLACEMENT_3D('',#8763,#8764,#8765);
#8763 = CARTESIAN_POINT('',(15.,5.,211.2));
#8764 = DIRECTION('',(0.,0.,1.));
#8765 = DIRECTION('',(1.,0.,-0.));
#8766 = ( GEOMETRIC_REPRESENTATION_CONTEXT(3) 
GLOBAL_UNCERTAINTY_ASSIGNED_CONTEXT((#8770)) 
GLOBAL_UNIT_ASSIGNED_CONTEXT((#8767,#8768,#8769)) REPRESENTATION_CONTEXT
('Context #1','3D Context with UNIT and UNCERTAINTY') );
#8767 = ( LENGTH_UNIT() NAMED_UNIT(*) SI_UNIT(.MILLI.,.METRE.) );
#8768 = ( NAMED_UNIT(*) PLANE_ANGLE_UNIT() SI_UNIT($,.RADIAN.) );
#8769 = ( NAMED_UNIT(*) SI_UNIT($,.STERADIAN.) SOLID_ANGLE_UNIT() );
#8770 = UNCERTAINTY_MEASURE_WITH_UNIT(LENGTH_MEASURE(1.E-07),#8767,
  'distance_accuracy_value','confusion accuracy');
#8771 = CONTEXT_DEPENDENT_SHAPE_REPRESENTATION(#8772,#8774);
#8772 = ( REPRESENTATION_RELATIONSHIP('','',#8473,#10) 
REPRESENTATION_RELATIONSHIP_WITH_TRANSFORMATION(#8773) 
SHAPE_REPRESENTATION_RELATIONSHIP() );
#8773 = ITEM_DEFINED_TRANSFORMATION('','',#11,#163);
#8774 = PRODUCT_DEFINITION_SHAPE('Placement','Placement of an item',
  #8775);
#8775 = NEXT_ASSEMBLY_USAGE_OCCURRENCE('102','烟灰透明防尘盖','',
  #5,#8468,$);
#8776 = PRODUCT_RELATED_PRODUCT_CATEGORY('part',$,(#8470));
#8777 = SHAPE_DEFINITION_REPRESENTATION(#8778,#8784);
#8778 = PRODUCT_DEFINITION_SHAPE('','',#8779);
#8779 = PRODUCT_DEFINITION('design','',#8780,#8783);
#8780 = PRODUCT_DEFINITION_FORMATION('','',#8781);
#8781 = PRODUCT('铰链固定座 1','铰链固定座 1','',(#8782));
#8782 = PRODUCT_CONTEXT('',#2,'mechanical');
#8783 = PRODUCT_DEFINITION_CONTEXT('part definition',#2,'design');
#8784 = ADVANCED_BREP_SHAPE_REPRESENTATION('',(#11,#8785),#8935);
#8785 = MANIFOLD_SOLID_BREP('',#8786);
#8786 = CLOSED_SHELL('',(#8787,#8827,#8867,#8889,#8911,#8923));
#8787 = ADVANCED_FACE('',(#8788),#8822,.F.);
#8788 = FACE_BOUND('',#8789,.F.);
#8789 = EDGE_LOOP('',(#8790,#8800,#8808,#8816));
#8790 = ORIENTED_EDGE('',*,*,#8791,.F.);
#8791 = EDGE_CURVE('',#8792,#8794,#8796,.T.);
#8792 = VERTEX_POINT('',#8793);
#8793 = CARTESIAN_POINT('',(55.,337.,138.));
#8794 = VERTEX_POINT('',#8795);
#8795 = CARTESIAN_POINT('',(55.,337.,150.));
#8796 = LINE('',#8797,#8798);
#8797 = CARTESIAN_POINT('',(55.,337.,138.));
#8798 = VECTOR('',#8799,1.);
#8799 = DIRECTION('',(0.,0.,1.));
#8800 = ORIENTED_EDGE('',*,*,#8801,.T.);
#8801 = EDGE_CURVE('',#8792,#8802,#8804,.T.);
#8802 = VERTEX_POINT('',#8803);
#8803 = CARTESIAN_POINT('',(55.,346.,138.));
#8804 = LINE('',#8805,#8806);
#8805 = CARTESIAN_POINT('',(55.,337.,138.));
#8806 = VECTOR('',#8807,1.);
#8807 = DIRECTION('',(-0.,1.,0.));
#8808 = ORIENTED_EDGE('',*,*,#8809,.T.);
#8809 = EDGE_CURVE('',#8802,#8810,#8812,.T.);
#8810 = VERTEX_POINT('',#8811);
#8811 = CARTESIAN_POINT('',(55.,346.,150.));
#8812 = LINE('',#8813,#8814);
#8813 = CARTESIAN_POINT('',(55.,346.,138.));
#8814 = VECTOR('',#8815,1.);
#8815 = DIRECTION('',(0.,0.,1.));
#8816 = ORIENTED_EDGE('',*,*,#8817,.F.);
#8817 = EDGE_CURVE('',#8794,#8810,#8818,.T.);
#8818 = LINE('',#8819,#8820);
#8819 = CARTESIAN_POINT('',(55.,337.,150.));
#8820 = VECTOR('',#8821,1.);
#8821 = DIRECTION('',(-0.,1.,0.));
#8822 = PLANE('',#8823);
#8823 = AXIS2_PLACEMENT_3D('',#8824,#8825,#8826);
#8824 = CARTESIAN_POINT('',(55.,337.,138.));
#8825 = DIRECTION('',(1.,0.,-0.));
#8826 = DIRECTION('',(0.,0.,1.));
#8827 = ADVANCED_FACE('',(#8828),#8862,.T.);
#8828 = FACE_BOUND('',#8829,.T.);
#8829 = EDGE_LOOP('',(#8830,#8840,#8848,#8856));
#8830 = ORIENTED_EDGE('',*,*,#8831,.F.);
#8831 = EDGE_CURVE('',#8832,#8834,#8836,.T.);
#8832 = VERTEX_POINT('',#8833);
#8833 = CARTESIAN_POINT('',(77.,337.,138.));
#8834 = VERTEX_POINT('',#8835);
#8835 = CARTESIAN_POINT('',(77.,337.,150.));
#8836 = LINE('',#8837,#8838);
#8837 = CARTESIAN_POINT('',(77.,337.,138.));
#8838 = VECTOR('',#8839,1.);
#8839 = DIRECTION('',(0.,0.,1.));
#8840 = ORIENTED_EDGE('',*,*,#8841,.T.);
#8841 = EDGE_CURVE('',#8832,#8842,#8844,.T.);
#8842 = VERTEX_POINT('',#8843);
#8843 = CARTESIAN_POINT('',(77.,346.,138.));
#8844 = LINE('',#8845,#8846);
#8845 = CARTESIAN_POINT('',(77.,337.,138.));
#8846 = VECTOR('',#8847,1.);
#8847 = DIRECTION('',(-0.,1.,0.));
#8848 = ORIENTED_EDGE('',*,*,#8849,.T.);
#8849 = EDGE_CURVE('',#8842,#8850,#8852,.T.);
#8850 = VERTEX_POINT('',#8851);
#8851 = CARTESIAN_POINT('',(77.,346.,150.));
#8852 = LINE('',#8853,#8854);
#8853 = CARTESIAN_POINT('',(77.,346.,138.));
#8854 = VECTOR('',#8855,1.);
#8855 = DIRECTION('',(0.,0.,1.));
#8856 = ORIENTED_EDGE('',*,*,#8857,.F.);
#8857 = EDGE_CURVE('',#8834,#8850,#8858,.T.);
#8858 = LINE('',#8859,#8860);
#8859 = CARTESIAN_POINT('',(77.,337.,150.));
#8860 = VECTOR('',#8861,1.);
#8861 = DIRECTION('',(-0.,1.,0.));
#8862 = PLANE('',#8863);
#8863 = AXIS2_PLACEMENT_3D('',#8864,#8865,#8866);
#8864 = CARTESIAN_POINT('',(77.,337.,138.));
#8865 = DIRECTION('',(1.,0.,-0.));
#8866 = DIRECTION('',(0.,0.,1.));
#8867 = ADVANCED_FACE('',(#8868),#8884,.F.);
#8868 = FACE_BOUND('',#8869,.F.);
#8869 = EDGE_LOOP('',(#8870,#8876,#8877,#8883));
#8870 = ORIENTED_EDGE('',*,*,#8871,.F.);
#8871 = EDGE_CURVE('',#8792,#8832,#8872,.T.);
#8872 = LINE('',#8873,#8874);
#8873 = CARTESIAN_POINT('',(55.,337.,138.));
#8874 = VECTOR('',#8875,1.);
#8875 = DIRECTION('',(1.,0.,-0.));
#8876 = ORIENTED_EDGE('',*,*,#8791,.T.);
#8877 = ORIENTED_EDGE('',*,*,#8878,.T.);
#8878 = EDGE_CURVE('',#8794,#8834,#8879,.T.);
#8879 = LINE('',#8880,#8881);
#8880 = CARTESIAN_POINT('',(55.,337.,150.));
#8881 = VECTOR('',#8882,1.);
#8882 = DIRECTION('',(1.,0.,-0.));
#8883 = ORIENTED_EDGE('',*,*,#8831,.F.);
#8884 = PLANE('',#8885);
#8885 = AXIS2_PLACEMENT_3D('',#8886,#8887,#8888);
#8886 = CARTESIAN_POINT('',(55.,337.,138.));
#8887 = DIRECTION('',(-0.,1.,0.));
#8888 = DIRECTION('',(0.,0.,1.));
#8889 = ADVANCED_FACE('',(#8890),#8906,.T.);
#8890 = FACE_BOUND('',#8891,.T.);
#8891 = EDGE_LOOP('',(#8892,#8898,#8899,#8905));
#8892 = ORIENTED_EDGE('',*,*,#8893,.F.);
#8893 = EDGE_CURVE('',#8802,#8842,#8894,.T.);
#8894 = LINE('',#8895,#8896);
#8895 = CARTESIAN_POINT('',(55.,346.,138.));
#8896 = VECTOR('',#8897,1.);
#8897 = DIRECTION('',(1.,0.,-0.));
#8898 = ORIENTED_EDGE('',*,*,#8809,.T.);
#8899 = ORIENTED_EDGE('',*,*,#8900,.T.);
#8900 = EDGE_CURVE('',#8810,#8850,#8901,.T.);
#8901 = LINE('',#8902,#8903);
#8902 = CARTESIAN_POINT('',(55.,346.,150.));
#8903 = VECTOR('',#8904,1.);
#8904 = DIRECTION('',(1.,0.,-0.));
#8905 = ORIENTED_EDGE('',*,*,#8849,.F.);
#8906 = PLANE('',#8907);
#8907 = AXIS2_PLACEMENT_3D('',#8908,#8909,#8910);
#8908 = CARTESIAN_POINT('',(55.,346.,138.));
#8909 = DIRECTION('',(-0.,1.,0.));
#8910 = DIRECTION('',(0.,0.,1.));
#8911 = ADVANCED_FACE('',(#8912),#8918,.F.);
#8912 = FACE_BOUND('',#8913,.F.);
#8913 = EDGE_LOOP('',(#8914,#8915,#8916,#8917));
#8914 = ORIENTED_EDGE('',*,*,#8801,.F.);
#8915 = ORIENTED_EDGE('',*,*,#8871,.T.);
#8916 = ORIENTED_EDGE('',*,*,#8841,.T.);
#8917 = ORIENTED_EDGE('',*,*,#8893,.F.);
#8918 = PLANE('',#8919);
#8919 = AXIS2_PLACEMENT_3D('',#8920,#8921,#8922);
#8920 = CARTESIAN_POINT('',(55.,337.,138.));
#8921 = DIRECTION('',(0.,0.,1.));
#8922 = DIRECTION('',(1.,0.,-0.));
#8923 = ADVANCED_FACE('',(#8924),#8930,.T.);
#8924 = FACE_BOUND('',#8925,.T.);
#8925 = EDGE_LOOP('',(#8926,#8927,#8928,#8929));
#8926 = ORIENTED_EDGE('',*,*,#8817,.F.);
#8927 = ORIENTED_EDGE('',*,*,#8878,.T.);
#8928 = ORIENTED_EDGE('',*,*,#8857,.T.);
#8929 = ORIENTED_EDGE('',*,*,#8900,.F.);
#8930 = PLANE('',#8931);
#8931 = AXIS2_PLACEMENT_3D('',#8932,#8933,#8934);
#8932 = CARTESIAN_POINT('',(55.,337.,150.));
#8933 = DIRECTION('',(0.,0.,1.));
#8934 = DIRECTION('',(1.,0.,-0.));
#8935 = ( GEOMETRIC_REPRESENTATION_CONTEXT(3) 
GLOBAL_UNCERTAINTY_ASSIGNED_CONTEXT((#8939)) 
GLOBAL_UNIT_ASSIGNED_CONTEXT((#8936,#8937,#8938)) REPRESENTATION_CONTEXT
('Context #1','3D Context with UNIT and UNCERTAINTY') );
#8936 = ( LENGTH_UNIT() NAMED_UNIT(*) SI_UNIT(.MILLI.,.METRE.) );
#8937 = ( NAMED_UNIT(*) PLANE_ANGLE_UNIT() SI_UNIT($,.RADIAN.) );
#8938 = ( NAMED_UNIT(*) SI_UNIT($,.STERADIAN.) SOLID_ANGLE_UNIT() );
#8939 = UNCERTAINTY_MEASURE_WITH_UNIT(LENGTH_MEASURE(1.E-07),#8936,
  'distance_accuracy_value','confusion accuracy');
#8940 = CONTEXT_DEPENDENT_SHAPE_REPRESENTATION(#8941,#8943);
#8941 = ( REPRESENTATION_RELATIONSHIP('','',#8784,#10) 
REPRESENTATION_RELATIONSHIP_WITH_TRANSFORMATION(#8942) 
SHAPE_REPRESENTATION_RELATIONSHIP() );
#8942 = ITEM_DEFINED_TRANSFORMATION('','',#11,#167);
#8943 = PRODUCT_DEFINITION_SHAPE('Placement','Placement of an item',
  #8944);
#8944 = NEXT_ASSEMBLY_USAGE_OCCURRENCE('103','铰链固定座 1','',#5,
  #8779,$);
#8945 = PRODUCT_RELATED_PRODUCT_CATEGORY('part',$,(#8781));
#8946 = SHAPE_DEFINITION_REPRESENTATION(#8947,#8953);
#8947 = PRODUCT_DEFINITION_SHAPE('','',#8948);
#8948 = PRODUCT_DEFINITION('design','',#8949,#8952);
#8949 = PRODUCT_DEFINITION_FORMATION('','',#8950);
#8950 = PRODUCT('铰链轴 1','铰链轴 1','',(#8951));
#8951 = PRODUCT_CONTEXT('',#2,'mechanical');
#8952 = PRODUCT_DEFINITION_CONTEXT('part definition',#2,'design');
#8953 = ADVANCED_BREP_SHAPE_REPRESENTATION('',(#11,#8954),#9007);
#8954 = MANIFOLD_SOLID_BREP('',#8955);
#8955 = CLOSED_SHELL('',(#8956,#8989,#8998));
#8956 = ADVANCED_FACE('',(#8957),#8984,.T.);
#8957 = FACE_BOUND('',#8958,.T.);
#8958 = EDGE_LOOP('',(#8959,#8968,#8976,#8983));
#8959 = ORIENTED_EDGE('',*,*,#8960,.F.);
#8960 = EDGE_CURVE('',#8961,#8961,#8963,.T.);
#8961 = VERTEX_POINT('',#8962);
#8962 = CARTESIAN_POINT('',(77.,347.,154.));
#8963 = CIRCLE('',#8964,3.);
#8964 = AXIS2_PLACEMENT_3D('',#8965,#8966,#8967);
#8965 = CARTESIAN_POINT('',(77.,347.,151.));
#8966 = DIRECTION('',(1.,0.,0.));
#8967 = DIRECTION('',(-0.,0.,1.));
#8968 = ORIENTED_EDGE('',*,*,#8969,.F.);
#8969 = EDGE_CURVE('',#8970,#8961,#8972,.T.);
#8970 = VERTEX_POINT('',#8971);
#8971 = CARTESIAN_POINT('',(55.,347.,154.));
#8972 = LINE('',#8973,#8974);
#8973 = CARTESIAN_POINT('',(55.,347.,154.));
#8974 = VECTOR('',#8975,1.);
#8975 = DIRECTION('',(1.,0.,0.));
#8976 = ORIENTED_EDGE('',*,*,#8977,.T.);
#8977 = EDGE_CURVE('',#8970,#8970,#8978,.T.);
#8978 = CIRCLE('',#8979,3.);
#8979 = AXIS2_PLACEMENT_3D('',#8980,#8981,#8982);
#8980 = CARTESIAN_POINT('',(55.,347.,151.));
#8981 = DIRECTION('',(1.,0.,0.));
#8982 = DIRECTION('',(-0.,0.,1.));
#8983 = ORIENTED_EDGE('',*,*,#8969,.T.);
#8984 = CYLINDRICAL_SURFACE('',#8985,3.);
#8985 = AXIS2_PLACEMENT_3D('',#8986,#8987,#8988);
#8986 = CARTESIAN_POINT('',(55.,347.,151.));
#8987 = DIRECTION('',(1.,0.,0.));
#8988 = DIRECTION('',(-0.,0.,1.));
#8989 = ADVANCED_FACE('',(#8990),#8993,.T.);
#8990 = FACE_BOUND('',#8991,.T.);
#8991 = EDGE_LOOP('',(#8992));
#8992 = ORIENTED_EDGE('',*,*,#8960,.T.);
#8993 = PLANE('',#8994);
#8994 = AXIS2_PLACEMENT_3D('',#8995,#8996,#8997);
#8995 = CARTESIAN_POINT('',(77.,347.,151.));
#8996 = DIRECTION('',(1.,0.,0.));
#8997 = DIRECTION('',(-0.,0.,1.));
#8998 = ADVANCED_FACE('',(#8999),#9002,.F.);
#8999 = FACE_BOUND('',#9000,.T.);
#9000 = EDGE_LOOP('',(#9001));
#9001 = ORIENTED_EDGE('',*,*,#8977,.F.);
#9002 = PLANE('',#9003);
#9003 = AXIS2_PLACEMENT_3D('',#9004,#9005,#9006);
#9004 = CARTESIAN_POINT('',(55.,347.,151.));
#9005 = DIRECTION('',(1.,0.,0.));
#9006 = DIRECTION('',(-0.,0.,1.));
#9007 = ( GEOMETRIC_REPRESENTATION_CONTEXT(3) 
GLOBAL_UNCERTAINTY_ASSIGNED_CONTEXT((#9011)) 
GLOBAL_UNIT_ASSIGNED_CONTEXT((#9008,#9009,#9010)) REPRESENTATION_CONTEXT
('Context #1','3D Context with UNIT and UNCERTAINTY') );
#9008 = ( LENGTH_UNIT() NAMED_UNIT(*) SI_UNIT(.MILLI.,.METRE.) );
#9009 = ( NAMED_UNIT(*) PLANE_ANGLE_UNIT() SI_UNIT($,.RADIAN.) );
#9010 = ( NAMED_UNIT(*) SI_UNIT($,.STERADIAN.) SOLID_ANGLE_UNIT() );
#9011 = UNCERTAINTY_MEASURE_WITH_UNIT(LENGTH_MEASURE(1.E-07),#9008,
  'distance_accuracy_value','confusion accuracy');
#9012 = CONTEXT_DEPENDENT_SHAPE_REPRESENTATION(#9013,#9015);
#9013 = ( REPRESENTATION_RELATIONSHIP('','',#8953,#10) 
REPRESENTATION_RELATIONSHIP_WITH_TRANSFORMATION(#9014) 
SHAPE_REPRESENTATION_RELATIONSHIP() );
#9014 = ITEM_DEFINED_TRANSFORMATION('','',#11,#171);
#9015 = PRODUCT_DEFINITION_SHAPE('Placement','Placement of an item',
  #9016);
#9016 = NEXT_ASSEMBLY_USAGE_OCCURRENCE('104','铰链轴 1','',#5,#8948,$
  );
#9017 = PRODUCT_RELATED_PRODUCT_CATEGORY('part',$,(#8950));
#9018 = SHAPE_DEFINITION_REPRESENTATION(#9019,#9025);
#9019 = PRODUCT_DEFINITION_SHAPE('','',#9020);
#9020 = PRODUCT_DEFINITION('design','',#9021,#9024);
#9021 = PRODUCT_DEFINITION_FORMATION('','',#9022);
#9022 = PRODUCT('铰链固定座 2','铰链固定座 2','',(#9023));
#9023 = PRODUCT_CONTEXT('',#2,'mechanical');
#9024 = PRODUCT_DEFINITION_CONTEXT('part definition',#2,'design');
#9025 = ADVANCED_BREP_SHAPE_REPRESENTATION('',(#11,#9026),#9176);
#9026 = MANIFOLD_SOLID_BREP('',#9027);
#9027 = CLOSED_SHELL('',(#9028,#9068,#9108,#9130,#9152,#9164));
#9028 = ADVANCED_FACE('',(#9029),#9063,.F.);
#9029 = FACE_BOUND('',#9030,.F.);
#9030 = EDGE_LOOP('',(#9031,#9041,#9049,#9057));
#9031 = ORIENTED_EDGE('',*,*,#9032,.F.);
#9032 = EDGE_CURVE('',#9033,#9035,#9037,.T.);
#9033 = VERTEX_POINT('',#9034);
#9034 = CARTESIAN_POINT('',(373.,337.,138.));
#9035 = VERTEX_POINT('',#9036);
#9036 = CARTESIAN_POINT('',(373.,337.,150.));
#9037 = LINE('',#9038,#9039);
#9038 = CARTESIAN_POINT('',(373.,337.,138.));
#9039 = VECTOR('',#9040,1.);
#9040 = DIRECTION('',(0.,0.,1.));
#9041 = ORIENTED_EDGE('',*,*,#9042,.T.);
#9042 = EDGE_CURVE('',#9033,#9043,#9045,.T.);
#9043 = VERTEX_POINT('',#9044);
#9044 = CARTESIAN_POINT('',(373.,346.,138.));
#9045 = LINE('',#9046,#9047);
#9046 = CARTESIAN_POINT('',(373.,337.,138.));
#9047 = VECTOR('',#9048,1.);
#9048 = DIRECTION('',(-0.,1.,0.));
#9049 = ORIENTED_EDGE('',*,*,#9050,.T.);
#9050 = EDGE_CURVE('',#9043,#9051,#9053,.T.);
#9051 = VERTEX_POINT('',#9052);
#9052 = CARTESIAN_POINT('',(373.,346.,150.));
#9053 = LINE('',#9054,#9055);
#9054 = CARTESIAN_POINT('',(373.,346.,138.));
#9055 = VECTOR('',#9056,1.);
#9056 = DIRECTION('',(0.,0.,1.));
#9057 = ORIENTED_EDGE('',*,*,#9058,.F.);
#9058 = EDGE_CURVE('',#9035,#9051,#9059,.T.);
#9059 = LINE('',#9060,#9061);
#9060 = CARTESIAN_POINT('',(373.,337.,150.));
#9061 = VECTOR('',#9062,1.);
#9062 = DIRECTION('',(-0.,1.,0.));
#9063 = PLANE('',#9064);
#9064 = AXIS2_PLACEMENT_3D('',#9065,#9066,#9067);
#9065 = CARTESIAN_POINT('',(373.,337.,138.));
#9066 = DIRECTION('',(1.,0.,-0.));
#9067 = DIRECTION('',(0.,0.,1.));
#9068 = ADVANCED_FACE('',(#9069),#9103,.T.);
#9069 = FACE_BOUND('',#9070,.T.);
#9070 = EDGE_LOOP('',(#9071,#9081,#9089,#9097));
#9071 = ORIENTED_EDGE('',*,*,#9072,.F.);
#9072 = EDGE_CURVE('',#9073,#9075,#9077,.T.);
#9073 = VERTEX_POINT('',#9074);
#9074 = CARTESIAN_POINT('',(395.,337.,138.));
#9075 = VERTEX_POINT('',#9076);
#9076 = CARTESIAN_POINT('',(395.,337.,150.));
#9077 = LINE('',#9078,#9079);
#9078 = CARTESIAN_POINT('',(395.,337.,138.));
#9079 = VECTOR('',#9080,1.);
#9080 = DIRECTION('',(0.,0.,1.));
#9081 = ORIENTED_EDGE('',*,*,#9082,.T.);
#9082 = EDGE_CURVE('',#9073,#9083,#9085,.T.);
#9083 = VERTEX_POINT('',#9084);
#9084 = CARTESIAN_POINT('',(395.,346.,138.));
#9085 = LINE('',#9086,#9087);
#9086 = CARTESIAN_POINT('',(395.,337.,138.));
#9087 = VECTOR('',#9088,1.);
#9088 = DIRECTION('',(-0.,1.,0.));
#9089 = ORIENTED_EDGE('',*,*,#9090,.T.);
#9090 = EDGE_CURVE('',#9083,#9091,#9093,.T.);
#9091 = VERTEX_POINT('',#9092);
#9092 = CARTESIAN_POINT('',(395.,346.,150.));
#9093 = LINE('',#9094,#9095);
#9094 = CARTESIAN_POINT('',(395.,346.,138.));
#9095 = VECTOR('',#9096,1.);
#9096 = DIRECTION('',(0.,0.,1.));
#9097 = ORIENTED_EDGE('',*,*,#9098,.F.);
#9098 = EDGE_CURVE('',#9075,#9091,#9099,.T.);
#9099 = LINE('',#9100,#9101);
#9100 = CARTESIAN_POINT('',(395.,337.,150.));
#9101 = VECTOR('',#9102,1.);
#9102 = DIRECTION('',(-0.,1.,0.));
#9103 = PLANE('',#9104);
#9104 = AXIS2_PLACEMENT_3D('',#9105,#9106,#9107);
#9105 = CARTESIAN_POINT('',(395.,337.,138.));
#9106 = DIRECTION('',(1.,0.,-0.));
#9107 = DIRECTION('',(0.,0.,1.));
#9108 = ADVANCED_FACE('',(#9109),#9125,.F.);
#9109 = FACE_BOUND('',#9110,.F.);
#9110 = EDGE_LOOP('',(#9111,#9117,#9118,#9124));
#9111 = ORIENTED_EDGE('',*,*,#9112,.F.);
#9112 = EDGE_CURVE('',#9033,#9073,#9113,.T.);
#9113 = LINE('',#9114,#9115);
#9114 = CARTESIAN_POINT('',(373.,337.,138.));
#9115 = VECTOR('',#9116,1.);
#9116 = DIRECTION('',(1.,0.,-0.));
#9117 = ORIENTED_EDGE('',*,*,#9032,.T.);
#9118 = ORIENTED_EDGE('',*,*,#9119,.T.);
#9119 = EDGE_CURVE('',#9035,#9075,#9120,.T.);
#9120 = LINE('',#9121,#9122);
#9121 = CARTESIAN_POINT('',(373.,337.,150.));
#9122 = VECTOR('',#9123,1.);
#9123 = DIRECTION('',(1.,0.,-0.));
#9124 = ORIENTED_EDGE('',*,*,#9072,.F.);
#9125 = PLANE('',#9126);
#9126 = AXIS2_PLACEMENT_3D('',#9127,#9128,#9129);
#9127 = CARTESIAN_POINT('',(373.,337.,138.));
#9128 = DIRECTION('',(-0.,1.,0.));
#9129 = DIRECTION('',(0.,0.,1.));
#9130 = ADVANCED_FACE('',(#9131),#9147,.T.);
#9131 = FACE_BOUND('',#9132,.T.);
#9132 = EDGE_LOOP('',(#9133,#9139,#9140,#9146));
#9133 = ORIENTED_EDGE('',*,*,#9134,.F.);
#9134 = EDGE_CURVE('',#9043,#9083,#9135,.T.);
#9135 = LINE('',#9136,#9137);
#9136 = CARTESIAN_POINT('',(373.,346.,138.));
#9137 = VECTOR('',#9138,1.);
#9138 = DIRECTION('',(1.,0.,-0.));
#9139 = ORIENTED_EDGE('',*,*,#9050,.T.);
#9140 = ORIENTED_EDGE('',*,*,#9141,.T.);
#9141 = EDGE_CURVE('',#9051,#9091,#9142,.T.);
#9142 = LINE('',#9143,#9144);
#9143 = CARTESIAN_POINT('',(373.,346.,150.));
#9144 = VECTOR('',#9145,1.);
#9145 = DIRECTION('',(1.,0.,-0.));
#9146 = ORIENTED_EDGE('',*,*,#9090,.F.);
#9147 = PLANE('',#9148);
#9148 = AXIS2_PLACEMENT_3D('',#9149,#9150,#9151);
#9149 = CARTESIAN_POINT('',(373.,346.,138.));
#9150 = DIRECTION('',(-0.,1.,0.));
#9151 = DIRECTION('',(0.,0.,1.));
#9152 = ADVANCED_FACE('',(#9153),#9159,.F.);
#9153 = FACE_BOUND('',#9154,.F.);
#9154 = EDGE_LOOP('',(#9155,#9156,#9157,#9158));
#9155 = ORIENTED_EDGE('',*,*,#9042,.F.);
#9156 = ORIENTED_EDGE('',*,*,#9112,.T.);
#9157 = ORIENTED_EDGE('',*,*,#9082,.T.);
#9158 = ORIENTED_EDGE('',*,*,#9134,.F.);
#9159 = PLANE('',#9160);
#9160 = AXIS2_PLACEMENT_3D('',#9161,#9162,#9163);
#9161 = CARTESIAN_POINT('',(373.,337.,138.));
#9162 = DIRECTION('',(0.,0.,1.));
#9163 = DIRECTION('',(1.,0.,-0.));
#9164 = ADVANCED_FACE('',(#9165),#9171,.T.);
#9165 = FACE_BOUND('',#9166,.T.);
#9166 = EDGE_LOOP('',(#9167,#9168,#9169,#9170));
#9167 = ORIENTED_EDGE('',*,*,#9058,.F.);
#9168 = ORIENTED_EDGE('',*,*,#9119,.T.);
#9169 = ORIENTED_EDGE('',*,*,#9098,.T.);
#9170 = ORIENTED_EDGE('',*,*,#9141,.F.);
#9171 = PLANE('',#9172);
#9172 = AXIS2_PLACEMENT_3D('',#9173,#9174,#9175);
#9173 = CARTESIAN_POINT('',(373.,337.,150.));
#9174 = DIRECTION('',(0.,0.,1.));
#9175 = DIRECTION('',(1.,0.,-0.));
#9176 = ( GEOMETRIC_REPRESENTATION_CONTEXT(3) 
GLOBAL_UNCERTAINTY_ASSIGNED_CONTEXT((#9180)) 
GLOBAL_UNIT_ASSIGNED_CONTEXT((#9177,#9178,#9179)) REPRESENTATION_CONTEXT
('Context #1','3D Context with UNIT and UNCERTAINTY') );
#9177 = ( LENGTH_UNIT() NAMED_UNIT(*) SI_UNIT(.MILLI.,.METRE.) );
#9178 = ( NAMED_UNIT(*) PLANE_ANGLE_UNIT() SI_UNIT($,.RADIAN.) );
#9179 = ( NAMED_UNIT(*) SI_UNIT($,.STERADIAN.) SOLID_ANGLE_UNIT() );
#9180 = UNCERTAINTY_MEASURE_WITH_UNIT(LENGTH_MEASURE(1.E-07),#9177,
  'distance_accuracy_value','confusion accuracy');
#9181 = CONTEXT_DEPENDENT_SHAPE_REPRESENTATION(#9182,#9184);
#9182 = ( REPRESENTATION_RELATIONSHIP('','',#9025,#10) 
REPRESENTATION_RELATIONSHIP_WITH_TRANSFORMATION(#9183) 
SHAPE_REPRESENTATION_RELATIONSHIP() );
#9183 = ITEM_DEFINED_TRANSFORMATION('','',#11,#175);
#9184 = PRODUCT_DEFINITION_SHAPE('Placement','Placement of an item',
  #9185);
#9185 = NEXT_ASSEMBLY_USAGE_OCCURRENCE('105','铰链固定座 2','',#5,
  #9020,$);
#9186 = PRODUCT_RELATED_PRODUCT_CATEGORY('part',$,(#9022));
#9187 = SHAPE_DEFINITION_REPRESENTATION(#9188,#9194);
#9188 = PRODUCT_DEFINITION_SHAPE('','',#9189);
#9189 = PRODUCT_DEFINITION('design','',#9190,#9193);
#9190 = PRODUCT_DEFINITION_FORMATION('','',#9191);
#9191 = PRODUCT('铰链轴 2','铰链轴 2','',(#9192));
#9192 = PRODUCT_CONTEXT('',#2,'mechanical');
#9193 = PRODUCT_DEFINITION_CONTEXT('part definition',#2,'design');
#9194 = ADVANCED_BREP_SHAPE_REPRESENTATION('',(#11,#9195),#9248);
#9195 = MANIFOLD_SOLID_BREP('',#9196);
#9196 = CLOSED_SHELL('',(#9197,#9230,#9239));
#9197 = ADVANCED_FACE('',(#9198),#9225,.T.);
#9198 = FACE_BOUND('',#9199,.T.);
#9199 = EDGE_LOOP('',(#9200,#9209,#9217,#9224));
#9200 = ORIENTED_EDGE('',*,*,#9201,.F.);
#9201 = EDGE_CURVE('',#9202,#9202,#9204,.T.);
#9202 = VERTEX_POINT('',#9203);
#9203 = CARTESIAN_POINT('',(395.,347.,154.));
#9204 = CIRCLE('',#9205,3.);
#9205 = AXIS2_PLACEMENT_3D('',#9206,#9207,#9208);
#9206 = CARTESIAN_POINT('',(395.,347.,151.));
#9207 = DIRECTION('',(1.,0.,0.));
#9208 = DIRECTION('',(-0.,0.,1.));
#9209 = ORIENTED_EDGE('',*,*,#9210,.F.);
#9210 = EDGE_CURVE('',#9211,#9202,#9213,.T.);
#9211 = VERTEX_POINT('',#9212);
#9212 = CARTESIAN_POINT('',(373.,347.,154.));
#9213 = LINE('',#9214,#9215);
#9214 = CARTESIAN_POINT('',(373.,347.,154.));
#9215 = VECTOR('',#9216,1.);
#9216 = DIRECTION('',(1.,0.,0.));
#9217 = ORIENTED_EDGE('',*,*,#9218,.T.);
#9218 = EDGE_CURVE('',#9211,#9211,#9219,.T.);
#9219 = CIRCLE('',#9220,3.);
#9220 = AXIS2_PLACEMENT_3D('',#9221,#9222,#9223);
#9221 = CARTESIAN_POINT('',(373.,347.,151.));
#9222 = DIRECTION('',(1.,0.,0.));
#9223 = DIRECTION('',(-0.,0.,1.));
#9224 = ORIENTED_EDGE('',*,*,#9210,.T.);
#9225 = CYLINDRICAL_SURFACE('',#9226,3.);
#9226 = AXIS2_PLACEMENT_3D('',#9227,#9228,#9229);
#9227 = CARTESIAN_POINT('',(373.,347.,151.));
#9228 = DIRECTION('',(1.,0.,0.));
#9229 = DIRECTION('',(-0.,0.,1.));
#9230 = ADVANCED_FACE('',(#9231),#9234,.T.);
#9231 = FACE_BOUND('',#9232,.T.);
#9232 = EDGE_LOOP('',(#9233));
#9233 = ORIENTED_EDGE('',*,*,#9201,.T.);
#9234 = PLANE('',#9235);
#9235 = AXIS2_PLACEMENT_3D('',#9236,#9237,#9238);
#9236 = CARTESIAN_POINT('',(395.,347.,151.));
#9237 = DIRECTION('',(1.,0.,0.));
#9238 = DIRECTION('',(-0.,0.,1.));
#9239 = ADVANCED_FACE('',(#9240),#9243,.F.);
#9240 = FACE_BOUND('',#9241,.T.);
#9241 = EDGE_LOOP('',(#9242));
#9242 = ORIENTED_EDGE('',*,*,#9218,.F.);
#9243 = PLANE('',#9244);
#9244 = AXIS2_PLACEMENT_3D('',#9245,#9246,#9247);
#9245 = CARTESIAN_POINT('',(373.,347.,151.));
#9246 = DIRECTION('',(1.,0.,0.));
#9247 = DIRECTION('',(-0.,0.,1.));
#9248 = ( GEOMETRIC_REPRESENTATION_CONTEXT(3) 
GLOBAL_UNCERTAINTY_ASSIGNED_CONTEXT((#9252)) 
GLOBAL_UNIT_ASSIGNED_CONTEXT((#9249,#9250,#9251)) REPRESENTATION_CONTEXT
('Context #1','3D Context with UNIT and UNCERTAINTY') );
#9249 = ( LENGTH_UNIT() NAMED_UNIT(*) SI_UNIT(.MILLI.,.METRE.) );
#9250 = ( NAMED_UNIT(*) PLANE_ANGLE_UNIT() SI_UNIT($,.RADIAN.) );
#9251 = ( NAMED_UNIT(*) SI_UNIT($,.STERADIAN.) SOLID_ANGLE_UNIT() );
#9252 = UNCERTAINTY_MEASURE_WITH_UNIT(LENGTH_MEASURE(1.E-07),#9249,
  'distance_accuracy_value','confusion accuracy');
#9253 = CONTEXT_DEPENDENT_SHAPE_REPRESENTATION(#9254,#9256);
#9254 = ( REPRESENTATION_RELATIONSHIP('','',#9194,#10) 
REPRESENTATION_RELATIONSHIP_WITH_TRANSFORMATION(#9255) 
SHAPE_REPRESENTATION_RELATIONSHIP() );
#9255 = ITEM_DEFINED_TRANSFORMATION('','',#11,#179);
#9256 = PRODUCT_DEFINITION_SHAPE('Placement','Placement of an item',
  #9257);
#9257 = NEXT_ASSEMBLY_USAGE_OCCURRENCE('106','铰链轴 2','',#5,#9189,$
  );
#9258 = PRODUCT_RELATED_PRODUCT_CATEGORY('part',$,(#9191));
#9259 = SHAPE_DEFINITION_REPRESENTATION(#9260,#9266);
#9260 = PRODUCT_DEFINITION_SHAPE('','',#9261);
#9261 = PRODUCT_DEFINITION('design','',#9262,#9265);
#9262 = PRODUCT_DEFINITION_FORMATION('','',#9263);
#9263 = PRODUCT('脚垫 1','脚垫 1','',(#9264));
#9264 = PRODUCT_CONTEXT('',#2,'mechanical');
#9265 = PRODUCT_DEFINITION_CONTEXT('part definition',#2,'design');
#9266 = ADVANCED_BREP_SHAPE_REPRESENTATION('',(#11,#9267),#9345);
#9267 = MANIFOLD_SOLID_BREP('',#9268);
#9268 = CLOSED_SHELL('',(#9269,#9302,#9311,#9336));
#9269 = ADVANCED_FACE('',(#9270),#9297,.T.);
#9270 = FACE_BOUND('',#9271,.T.);
#9271 = EDGE_LOOP('',(#9272,#9281,#9289,#9296));
#9272 = ORIENTED_EDGE('',*,*,#9273,.F.);
#9273 = EDGE_CURVE('',#9274,#9274,#9276,.T.);
#9274 = VERTEX_POINT('',#9275);
#9275 = CARTESIAN_POINT('',(48.,30.,26.));
#9276 = CIRCLE('',#9277,15.);
#9277 = AXIS2_PLACEMENT_3D('',#9278,#9279,#9280);
#9278 = CARTESIAN_POINT('',(33.,30.,26.));
#9279 = DIRECTION('',(0.,0.,1.));
#9280 = DIRECTION('',(1.,0.,-0.));
#9281 = ORIENTED_EDGE('',*,*,#9282,.F.);
#9282 = EDGE_CURVE('',#9283,#9274,#9285,.T.);
#9283 = VERTEX_POINT('',#9284);
#9284 = CARTESIAN_POINT('',(48.,30.,7.));
#9285 = LINE('',#9286,#9287);
#9286 = CARTESIAN_POINT('',(48.,30.,7.));
#9287 = VECTOR('',#9288,1.);
#9288 = DIRECTION('',(0.,0.,1.));
#9289 = ORIENTED_EDGE('',*,*,#9290,.T.);
#9290 = EDGE_CURVE('',#9283,#9283,#9291,.T.);
#9291 = CIRCLE('',#9292,15.);
#9292 = AXIS2_PLACEMENT_3D('',#9293,#9294,#9295);
#9293 = CARTESIAN_POINT('',(33.,30.,7.));
#9294 = DIRECTION('',(0.,0.,1.));
#9295 = DIRECTION('',(1.,0.,-0.));
#9296 = ORIENTED_EDGE('',*,*,#9282,.T.);
#9297 = CYLINDRICAL_SURFACE('',#9298,15.);
#9298 = AXIS2_PLACEMENT_3D('',#9299,#9300,#9301);
#9299 = CARTESIAN_POINT('',(33.,30.,7.));
#9300 = DIRECTION('',(0.,0.,1.));
#9301 = DIRECTION('',(1.,0.,-0.));
#9302 = ADVANCED_FACE('',(#9303),#9306,.T.);
#9303 = FACE_BOUND('',#9304,.T.);
#9304 = EDGE_LOOP('',(#9305));
#9305 = ORIENTED_EDGE('',*,*,#9273,.T.);
#9306 = PLANE('',#9307);
#9307 = AXIS2_PLACEMENT_3D('',#9308,#9309,#9310);
#9308 = CARTESIAN_POINT('',(33.,30.,26.));
#9309 = DIRECTION('',(0.,0.,1.));
#9310 = DIRECTION('',(1.,0.,-0.));
#9311 = ADVANCED_FACE('',(#9312),#9331,.T.);
#9312 = FACE_BOUND('',#9313,.T.);
#9313 = EDGE_LOOP('',(#9314,#9315,#9323,#9330));
#9314 = ORIENTED_EDGE('',*,*,#9290,.F.);
#9315 = ORIENTED_EDGE('',*,*,#9316,.F.);
#9316 = EDGE_CURVE('',#9317,#9283,#9319,.T.);
#9317 = VERTEX_POINT('',#9318);
#9318 = CARTESIAN_POINT('',(44.,30.,0.));
#9319 = LINE('',#9320,#9321);
#9320 = CARTESIAN_POINT('',(44.,30.,0.));
#9321 = VECTOR('',#9322,1.);
#9322 = DIRECTION('',(0.496138938357,-1.2E-16,0.868243142124));
#9323 = ORIENTED_EDGE('',*,*,#9324,.T.);
#9324 = EDGE_CURVE('',#9317,#9317,#9325,.T.);
#9325 = CIRCLE('',#9326,11.);
#9326 = AXIS2_PLACEMENT_3D('',#9327,#9328,#9329);
#9327 = CARTESIAN_POINT('',(33.,30.,0.));
#9328 = DIRECTION('',(0.,0.,1.));
#9329 = DIRECTION('',(1.,0.,-0.));
#9330 = ORIENTED_EDGE('',*,*,#9316,.T.);
#9331 = CONICAL_SURFACE('',#9332,11.,0.519146114247);
#9332 = AXIS2_PLACEMENT_3D('',#9333,#9334,#9335);
#9333 = CARTESIAN_POINT('',(33.,30.,0.));
#9334 = DIRECTION('',(0.,0.,1.));
#9335 = DIRECTION('',(1.,0.,-0.));
#9336 = ADVANCED_FACE('',(#9337),#9340,.F.);
#9337 = FACE_BOUND('',#9338,.T.);
#9338 = EDGE_LOOP('',(#9339));
#9339 = ORIENTED_EDGE('',*,*,#9324,.F.);
#9340 = PLANE('',#9341);
#9341 = AXIS2_PLACEMENT_3D('',#9342,#9343,#9344);
#9342 = CARTESIAN_POINT('',(33.,30.,0.));
#9343 = DIRECTION('',(0.,0.,1.));
#9344 = DIRECTION('',(1.,0.,-0.));
#9345 = ( GEOMETRIC_REPRESENTATION_CONTEXT(3) 
GLOBAL_UNCERTAINTY_ASSIGNED_CONTEXT((#9349)) 
GLOBAL_UNIT_ASSIGNED_CONTEXT((#9346,#9347,#9348)) REPRESENTATION_CONTEXT
('Context #1','3D Context with UNIT and UNCERTAINTY') );
#9346 = ( LENGTH_UNIT() NAMED_UNIT(*) SI_UNIT(.MILLI.,.METRE.) );
#9347 = ( NAMED_UNIT(*) PLANE_ANGLE_UNIT() SI_UNIT($,.RADIAN.) );
#9348 = ( NAMED_UNIT(*) SI_UNIT($,.STERADIAN.) SOLID_ANGLE_UNIT() );
#9349 = UNCERTAINTY_MEASURE_WITH_UNIT(LENGTH_MEASURE(1.E-07),#9346,
  'distance_accuracy_value','confusion accuracy');
#9350 = CONTEXT_DEPENDENT_SHAPE_REPRESENTATION(#9351,#9353);
#9351 = ( REPRESENTATION_RELATIONSHIP('','',#9266,#10) 
REPRESENTATION_RELATIONSHIP_WITH_TRANSFORMATION(#9352) 
SHAPE_REPRESENTATION_RELATIONSHIP() );
#9352 = ITEM_DEFINED_TRANSFORMATION('','',#11,#183);
#9353 = PRODUCT_DEFINITION_SHAPE('Placement','Placement of an item',
  #9354);
#9354 = NEXT_ASSEMBLY_USAGE_OCCURRENCE('107','脚垫 1','',#5,#9261,$);
#9355 = PRODUCT_RELATED_PRODUCT_CATEGORY('part',$,(#9263));
#9356 = SHAPE_DEFINITION_REPRESENTATION(#9357,#9363);
#9357 = PRODUCT_DEFINITION_SHAPE('','',#9358);
#9358 = PRODUCT_DEFINITION('design','',#9359,#9362);
#9359 = PRODUCT_DEFINITION_FORMATION('','',#9360);
#9360 = PRODUCT('脚垫 2','脚垫 2','',(#9361));
#9361 = PRODUCT_CONTEXT('',#2,'mechanical');
#9362 = PRODUCT_DEFINITION_CONTEXT('part definition',#2,'design');
#9363 = ADVANCED_BREP_SHAPE_REPRESENTATION('',(#11,#9364),#9442);
#9364 = MANIFOLD_SOLID_BREP('',#9365);
#9365 = CLOSED_SHELL('',(#9366,#9399,#9408,#9433));
#9366 = ADVANCED_FACE('',(#9367),#9394,.T.);
#9367 = FACE_BOUND('',#9368,.T.);
#9368 = EDGE_LOOP('',(#9369,#9378,#9386,#9393));
#9369 = ORIENTED_EDGE('',*,*,#9370,.F.);
#9370 = EDGE_CURVE('',#9371,#9371,#9373,.T.);
#9371 = VERTEX_POINT('',#9372);
#9372 = CARTESIAN_POINT('',(432.,30.,26.));
#9373 = CIRCLE('',#9374,15.);
#9374 = AXIS2_PLACEMENT_3D('',#9375,#9376,#9377);
#9375 = CARTESIAN_POINT('',(417.,30.,26.));
#9376 = DIRECTION('',(0.,0.,1.));
#9377 = DIRECTION('',(1.,0.,-0.));
#9378 = ORIENTED_EDGE('',*,*,#9379,.F.);
#9379 = EDGE_CURVE('',#9380,#9371,#9382,.T.);
#9380 = VERTEX_POINT('',#9381);
#9381 = CARTESIAN_POINT('',(432.,30.,7.));
#9382 = LINE('',#9383,#9384);
#9383 = CARTESIAN_POINT('',(432.,30.,7.));
#9384 = VECTOR('',#9385,1.);
#9385 = DIRECTION('',(0.,0.,1.));
#9386 = ORIENTED_EDGE('',*,*,#9387,.T.);
#9387 = EDGE_CURVE('',#9380,#9380,#9388,.T.);
#9388 = CIRCLE('',#9389,15.);
#9389 = AXIS2_PLACEMENT_3D('',#9390,#9391,#9392);
#9390 = CARTESIAN_POINT('',(417.,30.,7.));
#9391 = DIRECTION('',(0.,0.,1.));
#9392 = DIRECTION('',(1.,0.,-0.));
#9393 = ORIENTED_EDGE('',*,*,#9379,.T.);
#9394 = CYLINDRICAL_SURFACE('',#9395,15.);
#9395 = AXIS2_PLACEMENT_3D('',#9396,#9397,#9398);
#9396 = CARTESIAN_POINT('',(417.,30.,7.));
#9397 = DIRECTION('',(0.,0.,1.));
#9398 = DIRECTION('',(1.,0.,-0.));
#9399 = ADVANCED_FACE('',(#9400),#9403,.T.);
#9400 = FACE_BOUND('',#9401,.T.);
#9401 = EDGE_LOOP('',(#9402));
#9402 = ORIENTED_EDGE('',*,*,#9370,.T.);
#9403 = PLANE('',#9404);
#9404 = AXIS2_PLACEMENT_3D('',#9405,#9406,#9407);
#9405 = CARTESIAN_POINT('',(417.,30.,26.));
#9406 = DIRECTION('',(0.,0.,1.));
#9407 = DIRECTION('',(1.,0.,-0.));
#9408 = ADVANCED_FACE('',(#9409),#9428,.T.);
#9409 = FACE_BOUND('',#9410,.T.);
#9410 = EDGE_LOOP('',(#9411,#9412,#9420,#9427));
#9411 = ORIENTED_EDGE('',*,*,#9387,.F.);
#9412 = ORIENTED_EDGE('',*,*,#9413,.F.);
#9413 = EDGE_CURVE('',#9414,#9380,#9416,.T.);
#9414 = VERTEX_POINT('',#9415);
#9415 = CARTESIAN_POINT('',(428.,30.,0.));
#9416 = LINE('',#9417,#9418);
#9417 = CARTESIAN_POINT('',(428.,30.,0.));
#9418 = VECTOR('',#9419,1.);
#9419 = DIRECTION('',(0.496138938357,-1.2E-16,0.868243142124));
#9420 = ORIENTED_EDGE('',*,*,#9421,.T.);
#9421 = EDGE_CURVE('',#9414,#9414,#9422,.T.);
#9422 = CIRCLE('',#9423,11.);
#9423 = AXIS2_PLACEMENT_3D('',#9424,#9425,#9426);
#9424 = CARTESIAN_POINT('',(417.,30.,0.));
#9425 = DIRECTION('',(0.,0.,1.));
#9426 = DIRECTION('',(1.,0.,-0.));
#9427 = ORIENTED_EDGE('',*,*,#9413,.T.);
#9428 = CONICAL_SURFACE('',#9429,11.,0.519146114247);
#9429 = AXIS2_PLACEMENT_3D('',#9430,#9431,#9432);
#9430 = CARTESIAN_POINT('',(417.,30.,0.));
#9431 = DIRECTION('',(0.,0.,1.));
#9432 = DIRECTION('',(1.,0.,-0.));
#9433 = ADVANCED_FACE('',(#9434),#9437,.F.);
#9434 = FACE_BOUND('',#9435,.T.);
#9435 = EDGE_LOOP('',(#9436));
#9436 = ORIENTED_EDGE('',*,*,#9421,.F.);
#9437 = PLANE('',#9438);
#9438 = AXIS2_PLACEMENT_3D('',#9439,#9440,#9441);
#9439 = CARTESIAN_POINT('',(417.,30.,0.));
#9440 = DIRECTION('',(0.,0.,1.));
#9441 = DIRECTION('',(1.,0.,-0.));
#9442 = ( GEOMETRIC_REPRESENTATION_CONTEXT(3) 
GLOBAL_UNCERTAINTY_ASSIGNED_CONTEXT((#9446)) 
GLOBAL_UNIT_ASSIGNED_CONTEXT((#9443,#9444,#9445)) REPRESENTATION_CONTEXT
('Context #1','3D Context with UNIT and UNCERTAINTY') );
#9443 = ( LENGTH_UNIT() NAMED_UNIT(*) SI_UNIT(.MILLI.,.METRE.) );
#9444 = ( NAMED_UNIT(*) PLANE_ANGLE_UNIT() SI_UNIT($,.RADIAN.) );
#9445 = ( NAMED_UNIT(*) SI_UNIT($,.STERADIAN.) SOLID_ANGLE_UNIT() );
#9446 = UNCERTAINTY_MEASURE_WITH_UNIT(LENGTH_MEASURE(1.E-07),#9443,
  'distance_accuracy_value','confusion accuracy');
#9447 = CONTEXT_DEPENDENT_SHAPE_REPRESENTATION(#9448,#9450);
#9448 = ( REPRESENTATION_RELATIONSHIP('','',#9363,#10) 
REPRESENTATION_RELATIONSHIP_WITH_TRANSFORMATION(#9449) 
SHAPE_REPRESENTATION_RELATIONSHIP() );
#9449 = ITEM_DEFINED_TRANSFORMATION('','',#11,#187);
#9450 = PRODUCT_DEFINITION_SHAPE('Placement','Placement of an item',
  #9451);
#9451 = NEXT_ASSEMBLY_USAGE_OCCURRENCE('108','脚垫 2','',#5,#9358,$);
#9452 = PRODUCT_RELATED_PRODUCT_CATEGORY('part',$,(#9360));
#9453 = SHAPE_DEFINITION_REPRESENTATION(#9454,#9460);
#9454 = PRODUCT_DEFINITION_SHAPE('','',#9455);
#9455 = PRODUCT_DEFINITION('design','',#9456,#9459);
#9456 = PRODUCT_DEFINITION_FORMATION('','',#9457);
#9457 = PRODUCT('脚垫 3','脚垫 3','',(#9458));
#9458 = PRODUCT_CONTEXT('',#2,'mechanical');
#9459 = PRODUCT_DEFINITION_CONTEXT('part definition',#2,'design');
#9460 = ADVANCED_BREP_SHAPE_REPRESENTATION('',(#11,#9461),#9539);
#9461 = MANIFOLD_SOLID_BREP('',#9462);
#9462 = CLOSED_SHELL('',(#9463,#9496,#9505,#9530));
#9463 = ADVANCED_FACE('',(#9464),#9491,.T.);
#9464 = FACE_BOUND('',#9465,.T.);
#9465 = EDGE_LOOP('',(#9466,#9475,#9483,#9490));
#9466 = ORIENTED_EDGE('',*,*,#9467,.F.);
#9467 = EDGE_CURVE('',#9468,#9468,#9470,.T.);
#9468 = VERTEX_POINT('',#9469);
#9469 = CARTESIAN_POINT('',(48.,320.,26.));
#9470 = CIRCLE('',#9471,15.);
#9471 = AXIS2_PLACEMENT_3D('',#9472,#9473,#9474);
#9472 = CARTESIAN_POINT('',(33.,320.,26.));
#9473 = DIRECTION('',(0.,0.,1.));
#9474 = DIRECTION('',(1.,0.,-0.));
#9475 = ORIENTED_EDGE('',*,*,#9476,.F.);
#9476 = EDGE_CURVE('',#9477,#9468,#9479,.T.);
#9477 = VERTEX_POINT('',#9478);
#9478 = CARTESIAN_POINT('',(48.,320.,7.));
#9479 = LINE('',#9480,#9481);
#9480 = CARTESIAN_POINT('',(48.,320.,7.));
#9481 = VECTOR('',#9482,1.);
#9482 = DIRECTION('',(0.,0.,1.));
#9483 = ORIENTED_EDGE('',*,*,#9484,.T.);
#9484 = EDGE_CURVE('',#9477,#9477,#9485,.T.);
#9485 = CIRCLE('',#9486,15.);
#9486 = AXIS2_PLACEMENT_3D('',#9487,#9488,#9489);
#9487 = CARTESIAN_POINT('',(33.,320.,7.));
#9488 = DIRECTION('',(0.,0.,1.));
#9489 = DIRECTION('',(1.,0.,-0.));
#9490 = ORIENTED_EDGE('',*,*,#9476,.T.);
#9491 = CYLINDRICAL_SURFACE('',#9492,15.);
#9492 = AXIS2_PLACEMENT_3D('',#9493,#9494,#9495);
#9493 = CARTESIAN_POINT('',(33.,320.,7.));
#9494 = DIRECTION('',(0.,0.,1.));
#9495 = DIRECTION('',(1.,0.,-0.));
#9496 = ADVANCED_FACE('',(#9497),#9500,.T.);
#9497 = FACE_BOUND('',#9498,.T.);
#9498 = EDGE_LOOP('',(#9499));
#9499 = ORIENTED_EDGE('',*,*,#9467,.T.);
#9500 = PLANE('',#9501);
#9501 = AXIS2_PLACEMENT_3D('',#9502,#9503,#9504);
#9502 = CARTESIAN_POINT('',(33.,320.,26.));
#9503 = DIRECTION('',(0.,0.,1.));
#9504 = DIRECTION('',(1.,0.,-0.));
#9505 = ADVANCED_FACE('',(#9506),#9525,.T.);
#9506 = FACE_BOUND('',#9507,.T.);
#9507 = EDGE_LOOP('',(#9508,#9509,#9517,#9524));
#9508 = ORIENTED_EDGE('',*,*,#9484,.F.);
#9509 = ORIENTED_EDGE('',*,*,#9510,.F.);
#9510 = EDGE_CURVE('',#9511,#9477,#9513,.T.);
#9511 = VERTEX_POINT('',#9512);
#9512 = CARTESIAN_POINT('',(44.,320.,0.));
#9513 = LINE('',#9514,#9515);
#9514 = CARTESIAN_POINT('',(44.,320.,0.));
#9515 = VECTOR('',#9516,1.);
#9516 = DIRECTION('',(0.496138938357,-1.2E-16,0.868243142124));
#9517 = ORIENTED_EDGE('',*,*,#9518,.T.);
#9518 = EDGE_CURVE('',#9511,#9511,#9519,.T.);
#9519 = CIRCLE('',#9520,11.);
#9520 = AXIS2_PLACEMENT_3D('',#9521,#9522,#9523);
#9521 = CARTESIAN_POINT('',(33.,320.,0.));
#9522 = DIRECTION('',(0.,0.,1.));
#9523 = DIRECTION('',(1.,0.,-0.));
#9524 = ORIENTED_EDGE('',*,*,#9510,.T.);
#9525 = CONICAL_SURFACE('',#9526,11.,0.519146114247);
#9526 = AXIS2_PLACEMENT_3D('',#9527,#9528,#9529);
#9527 = CARTESIAN_POINT('',(33.,320.,0.));
#9528 = DIRECTION('',(0.,0.,1.));
#9529 = DIRECTION('',(1.,0.,-0.));
#9530 = ADVANCED_FACE('',(#9531),#9534,.F.);
#9531 = FACE_BOUND('',#9532,.T.);
#9532 = EDGE_LOOP('',(#9533));
#9533 = ORIENTED_EDGE('',*,*,#9518,.F.);
#9534 = PLANE('',#9535);
#9535 = AXIS2_PLACEMENT_3D('',#9536,#9537,#9538);
#9536 = CARTESIAN_POINT('',(33.,320.,0.));
#9537 = DIRECTION('',(0.,0.,1.));
#9538 = DIRECTION('',(1.,0.,-0.));
#9539 = ( GEOMETRIC_REPRESENTATION_CONTEXT(3) 
GLOBAL_UNCERTAINTY_ASSIGNED_CONTEXT((#9543)) 
GLOBAL_UNIT_ASSIGNED_CONTEXT((#9540,#9541,#9542)) REPRESENTATION_CONTEXT
('Context #1','3D Context with UNIT and UNCERTAINTY') );
#9540 = ( LENGTH_UNIT() NAMED_UNIT(*) SI_UNIT(.MILLI.,.METRE.) );
#9541 = ( NAMED_UNIT(*) PLANE_ANGLE_UNIT() SI_UNIT($,.RADIAN.) );
#9542 = ( NAMED_UNIT(*) SI_UNIT($,.STERADIAN.) SOLID_ANGLE_UNIT() );
#9543 = UNCERTAINTY_MEASURE_WITH_UNIT(LENGTH_MEASURE(1.E-07),#9540,
  'distance_accuracy_value','confusion accuracy');
#9544 = CONTEXT_DEPENDENT_SHAPE_REPRESENTATION(#9545,#9547);
#9545 = ( REPRESENTATION_RELATIONSHIP('','',#9460,#10) 
REPRESENTATION_RELATIONSHIP_WITH_TRANSFORMATION(#9546) 
SHAPE_REPRESENTATION_RELATIONSHIP() );
#9546 = ITEM_DEFINED_TRANSFORMATION('','',#11,#191);
#9547 = PRODUCT_DEFINITION_SHAPE('Placement','Placement of an item',
  #9548);
#9548 = NEXT_ASSEMBLY_USAGE_OCCURRENCE('109','脚垫 3','',#5,#9455,$);
#9549 = PRODUCT_RELATED_PRODUCT_CATEGORY('part',$,(#9457));
#9550 = SHAPE_DEFINITION_REPRESENTATION(#9551,#9557);
#9551 = PRODUCT_DEFINITION_SHAPE('','',#9552);
#9552 = PRODUCT_DEFINITION('design','',#9553,#9556);
#9553 = PRODUCT_DEFINITION_FORMATION('','',#9554);
#9554 = PRODUCT('脚垫 4','脚垫 4','',(#9555));
#9555 = PRODUCT_CONTEXT('',#2,'mechanical');
#9556 = PRODUCT_DEFINITION_CONTEXT('part definition',#2,'design');
#9557 = ADVANCED_BREP_SHAPE_REPRESENTATION('',(#11,#9558),#9636);
#9558 = MANIFOLD_SOLID_BREP('',#9559);
#9559 = CLOSED_SHELL('',(#9560,#9593,#9602,#9627));
#9560 = ADVANCED_FACE('',(#9561),#9588,.T.);
#9561 = FACE_BOUND('',#9562,.T.);
#9562 = EDGE_LOOP('',(#9563,#9572,#9580,#9587));
#9563 = ORIENTED_EDGE('',*,*,#9564,.F.);
#9564 = EDGE_CURVE('',#9565,#9565,#9567,.T.);
#9565 = VERTEX_POINT('',#9566);
#9566 = CARTESIAN_POINT('',(432.,320.,26.));
#9567 = CIRCLE('',#9568,15.);
#9568 = AXIS2_PLACEMENT_3D('',#9569,#9570,#9571);
#9569 = CARTESIAN_POINT('',(417.,320.,26.));
#9570 = DIRECTION('',(0.,0.,1.));
#9571 = DIRECTION('',(1.,0.,-0.));
#9572 = ORIENTED_EDGE('',*,*,#9573,.F.);
#9573 = EDGE_CURVE('',#9574,#9565,#9576,.T.);
#9574 = VERTEX_POINT('',#9575);
#9575 = CARTESIAN_POINT('',(432.,320.,7.));
#9576 = LINE('',#9577,#9578);
#9577 = CARTESIAN_POINT('',(432.,320.,7.));
#9578 = VECTOR('',#9579,1.);
#9579 = DIRECTION('',(0.,0.,1.));
#9580 = ORIENTED_EDGE('',*,*,#9581,.T.);
#9581 = EDGE_CURVE('',#9574,#9574,#9582,.T.);
#9582 = CIRCLE('',#9583,15.);
#9583 = AXIS2_PLACEMENT_3D('',#9584,#9585,#9586);
#9584 = CARTESIAN_POINT('',(417.,320.,7.));
#9585 = DIRECTION('',(0.,0.,1.));
#9586 = DIRECTION('',(1.,0.,-0.));
#9587 = ORIENTED_EDGE('',*,*,#9573,.T.);
#9588 = CYLINDRICAL_SURFACE('',#9589,15.);
#9589 = AXIS2_PLACEMENT_3D('',#9590,#9591,#9592);
#9590 = CARTESIAN_POINT('',(417.,320.,7.));
#9591 = DIRECTION('',(0.,0.,1.));
#9592 = DIRECTION('',(1.,0.,-0.));
#9593 = ADVANCED_FACE('',(#9594),#9597,.T.);
#9594 = FACE_BOUND('',#9595,.T.);
#9595 = EDGE_LOOP('',(#9596));
#9596 = ORIENTED_EDGE('',*,*,#9564,.T.);
#9597 = PLANE('',#9598);
#9598 = AXIS2_PLACEMENT_3D('',#9599,#9600,#9601);
#9599 = CARTESIAN_POINT('',(417.,320.,26.));
#9600 = DIRECTION('',(0.,0.,1.));
#9601 = DIRECTION('',(1.,0.,-0.));
#9602 = ADVANCED_FACE('',(#9603),#9622,.T.);
#9603 = FACE_BOUND('',#9604,.T.);
#9604 = EDGE_LOOP('',(#9605,#9606,#9614,#9621));
#9605 = ORIENTED_EDGE('',*,*,#9581,.F.);
#9606 = ORIENTED_EDGE('',*,*,#9607,.F.);
#9607 = EDGE_CURVE('',#9608,#9574,#9610,.T.);
#9608 = VERTEX_POINT('',#9609);
#9609 = CARTESIAN_POINT('',(428.,320.,0.));
#9610 = LINE('',#9611,#9612);
#9611 = CARTESIAN_POINT('',(428.,320.,0.));
#9612 = VECTOR('',#9613,1.);
#9613 = DIRECTION('',(0.496138938357,-1.2E-16,0.868243142124));
#9614 = ORIENTED_EDGE('',*,*,#9615,.T.);
#9615 = EDGE_CURVE('',#9608,#9608,#9616,.T.);
#9616 = CIRCLE('',#9617,11.);
#9617 = AXIS2_PLACEMENT_3D('',#9618,#9619,#9620);
#9618 = CARTESIAN_POINT('',(417.,320.,0.));
#9619 = DIRECTION('',(0.,0.,1.));
#9620 = DIRECTION('',(1.,0.,-0.));
#9621 = ORIENTED_EDGE('',*,*,#9607,.T.);
#9622 = CONICAL_SURFACE('',#9623,11.,0.519146114247);
#9623 = AXIS2_PLACEMENT_3D('',#9624,#9625,#9626);
#9624 = CARTESIAN_POINT('',(417.,320.,0.));
#9625 = DIRECTION('',(0.,0.,1.));
#9626 = DIRECTION('',(1.,0.,-0.));
#9627 = ADVANCED_FACE('',(#9628),#9631,.F.);
#9628 = FACE_BOUND('',#9629,.T.);
#9629 = EDGE_LOOP('',(#9630));
#9630 = ORIENTED_EDGE('',*,*,#9615,.F.);
#9631 = PLANE('',#9632);
#9632 = AXIS2_PLACEMENT_3D('',#9633,#9634,#9635);
#9633 = CARTESIAN_POINT('',(417.,320.,0.));
#9634 = DIRECTION('',(0.,0.,1.));
#9635 = DIRECTION('',(1.,0.,-0.));
#9636 = ( GEOMETRIC_REPRESENTATION_CONTEXT(3) 
GLOBAL_UNCERTAINTY_ASSIGNED_CONTEXT((#9640)) 
GLOBAL_UNIT_ASSIGNED_CONTEXT((#9637,#9638,#9639)) REPRESENTATION_CONTEXT
('Context #1','3D Context with UNIT and UNCERTAINTY') );
#9637 = ( LENGTH_UNIT() NAMED_UNIT(*) SI_UNIT(.MILLI.,.METRE.) );
#9638 = ( NAMED_UNIT(*) PLANE_ANGLE_UNIT() SI_UNIT($,.RADIAN.) );
#9639 = ( NAMED_UNIT(*) SI_UNIT($,.STERADIAN.) SOLID_ANGLE_UNIT() );
#9640 = UNCERTAINTY_MEASURE_WITH_UNIT(LENGTH_MEASURE(1.E-07),#9637,
  'distance_accuracy_value','confusion accuracy');
#9641 = CONTEXT_DEPENDENT_SHAPE_REPRESENTATION(#9642,#9644);
#9642 = ( REPRESENTATION_RELATIONSHIP('','',#9557,#10) 
REPRESENTATION_RELATIONSHIP_WITH_TRANSFORMATION(#9643) 
SHAPE_REPRESENTATION_RELATIONSHIP() );
#9643 = ITEM_DEFINED_TRANSFORMATION('','',#11,#195);
#9644 = PRODUCT_DEFINITION_SHAPE('Placement','Placement of an item',
  #9645);
#9645 = NEXT_ASSEMBLY_USAGE_OCCURRENCE('110','脚垫 4','',#5,#9552,$);
#9646 = PRODUCT_RELATED_PRODUCT_CATEGORY('part',$,(#9554));
#9647 = SHAPE_DEFINITION_REPRESENTATION(#9648,#9654);
#9648 = PRODUCT_DEFINITION_SHAPE('','',#9649);
#9649 = PRODUCT_DEFINITION('design','',#9650,#9653);
#9650 = PRODUCT_DEFINITION_FORMATION('','',#9651);
#9651 = PRODUCT('左前旋钮底座','左前旋钮底座','',(#9652));
#9652 = PRODUCT_CONTEXT('',#2,'mechanical');
#9653 = PRODUCT_DEFINITION_CONTEXT('part definition',#2,'design');
#9654 = ADVANCED_BREP_SHAPE_REPRESENTATION('',(#11,#9655),#9708);
#9655 = MANIFOLD_SOLID_BREP('',#9656);
#9656 = CLOSED_SHELL('',(#9657,#9690,#9699));
#9657 = ADVANCED_FACE('',(#9658),#9685,.T.);
#9658 = FACE_BOUND('',#9659,.T.);
#9659 = EDGE_LOOP('',(#9660,#9669,#9677,#9684));
#9660 = ORIENTED_EDGE('',*,*,#9661,.F.);
#9661 = EDGE_CURVE('',#9662,#9662,#9664,.T.);
#9662 = VERTEX_POINT('',#9663);
#9663 = CARTESIAN_POINT('',(63.,43.,152.));
#9664 = CIRCLE('',#9665,17.);
#9665 = AXIS2_PLACEMENT_3D('',#9666,#9667,#9668);
#9666 = CARTESIAN_POINT('',(46.,43.,152.));
#9667 = DIRECTION('',(0.,0.,1.));
#9668 = DIRECTION('',(1.,0.,-0.));
#9669 = ORIENTED_EDGE('',*,*,#9670,.F.);
#9670 = EDGE_CURVE('',#9671,#9662,#9673,.T.);
#9671 = VERTEX_POINT('',#9672);
#9672 = CARTESIAN_POINT('',(63.,43.,150.));
#9673 = LINE('',#9674,#9675);
#9674 = CARTESIAN_POINT('',(63.,43.,150.));
#9675 = VECTOR('',#9676,1.);
#9676 = DIRECTION('',(0.,0.,1.));
#9677 = ORIENTED_EDGE('',*,*,#9678,.T.);
#9678 = EDGE_CURVE('',#9671,#9671,#9679,.T.);
#9679 = CIRCLE('',#9680,17.);
#9680 = AXIS2_PLACEMENT_3D('',#9681,#9682,#9683);
#9681 = CARTESIAN_POINT('',(46.,43.,150.));
#9682 = DIRECTION('',(0.,0.,1.));
#9683 = DIRECTION('',(1.,0.,-0.));
#9684 = ORIENTED_EDGE('',*,*,#9670,.T.);
#9685 = CYLINDRICAL_SURFACE('',#9686,17.);
#9686 = AXIS2_PLACEMENT_3D('',#9687,#9688,#9689);
#9687 = CARTESIAN_POINT('',(46.,43.,150.));
#9688 = DIRECTION('',(0.,0.,1.));
#9689 = DIRECTION('',(1.,0.,-0.));
#9690 = ADVANCED_FACE('',(#9691),#9694,.T.);
#9691 = FACE_BOUND('',#9692,.T.);
#9692 = EDGE_LOOP('',(#9693));
#9693 = ORIENTED_EDGE('',*,*,#9661,.T.);
#9694 = PLANE('',#9695);
#9695 = AXIS2_PLACEMENT_3D('',#9696,#9697,#9698);
#9696 = CARTESIAN_POINT('',(46.,43.,152.));
#9697 = DIRECTION('',(0.,0.,1.));
#9698 = DIRECTION('',(1.,0.,-0.));
#9699 = ADVANCED_FACE('',(#9700),#9703,.F.);
#9700 = FACE_BOUND('',#9701,.T.);
#9701 = EDGE_LOOP('',(#9702));
#9702 = ORIENTED_EDGE('',*,*,#9678,.F.);
#9703 = PLANE('',#9704);
#9704 = AXIS2_PLACEMENT_3D('',#9705,#9706,#9707);
#9705 = CARTESIAN_POINT('',(46.,43.,150.));
#9706 = DIRECTION('',(0.,0.,1.));
#9707 = DIRECTION('',(1.,0.,-0.));
#9708 = ( GEOMETRIC_REPRESENTATION_CONTEXT(3) 
GLOBAL_UNCERTAINTY_ASSIGNED_CONTEXT((#9712)) 
GLOBAL_UNIT_ASSIGNED_CONTEXT((#9709,#9710,#9711)) REPRESENTATION_CONTEXT
('Context #1','3D Context with UNIT and UNCERTAINTY') );
#9709 = ( LENGTH_UNIT() NAMED_UNIT(*) SI_UNIT(.MILLI.,.METRE.) );
#9710 = ( NAMED_UNIT(*) PLANE_ANGLE_UNIT() SI_UNIT($,.RADIAN.) );
#9711 = ( NAMED_UNIT(*) SI_UNIT($,.STERADIAN.) SOLID_ANGLE_UNIT() );
#9712 = UNCERTAINTY_MEASURE_WITH_UNIT(LENGTH_MEASURE(1.E-07),#9709,
  'distance_accuracy_value','confusion accuracy');
#9713 = CONTEXT_DEPENDENT_SHAPE_REPRESENTATION(#9714,#9716);
#9714 = ( REPRESENTATION_RELATIONSHIP('','',#9654,#10) 
REPRESENTATION_RELATIONSHIP_WITH_TRANSFORMATION(#9715) 
SHAPE_REPRESENTATION_RELATIONSHIP() );
#9715 = ITEM_DEFINED_TRANSFORMATION('','',#11,#199);
#9716 = PRODUCT_DEFINITION_SHAPE('Placement','Placement of an item',
  #9717);
#9717 = NEXT_ASSEMBLY_USAGE_OCCURRENCE('111','左前旋钮底座','',#5,
  #9649,$);
#9718 = PRODUCT_RELATED_PRODUCT_CATEGORY('part',$,(#9651));
#9719 = SHAPE_DEFINITION_REPRESENTATION(#9720,#9726);
#9720 = PRODUCT_DEFINITION_SHAPE('','',#9721);
#9721 = PRODUCT_DEFINITION('design','',#9722,#9725);
#9722 = PRODUCT_DEFINITION_FORMATION('','',#9723);
#9723 = PRODUCT('多功能旋钮','多功能旋钮','',(#9724));
#9724 = PRODUCT_CONTEXT('',#2,'mechanical');
#9725 = PRODUCT_DEFINITION_CONTEXT('part definition',#2,'design');
#9726 = ADVANCED_BREP_SHAPE_REPRESENTATION('',(#11,#9727),#9780);
#9727 = MANIFOLD_SOLID_BREP('',#9728);
#9728 = CLOSED_SHELL('',(#9729,#9762,#9771));
#9729 = ADVANCED_FACE('',(#9730),#9757,.T.);
#9730 = FACE_BOUND('',#9731,.T.);
#9731 = EDGE_LOOP('',(#9732,#9741,#9749,#9756));
#9732 = ORIENTED_EDGE('',*,*,#9733,.F.);
#9733 = EDGE_CURVE('',#9734,#9734,#9736,.T.);
#9734 = VERTEX_POINT('',#9735);
#9735 = CARTESIAN_POINT('',(62.,43.,166.));
#9736 = CIRCLE('',#9737,16.);
#9737 = AXIS2_PLACEMENT_3D('',#9738,#9739,#9740);
#9738 = CARTESIAN_POINT('',(46.,43.,166.));
#9739 = DIRECTION('',(0.,0.,1.));
#9740 = DIRECTION('',(1.,0.,-0.));
#9741 = ORIENTED_EDGE('',*,*,#9742,.F.);
#9742 = EDGE_CURVE('',#9743,#9734,#9745,.T.);
#9743 = VERTEX_POINT('',#9744);
#9744 = CARTESIAN_POINT('',(62.,43.,152.));
#9745 = LINE('',#9746,#9747);
#9746 = CARTESIAN_POINT('',(62.,43.,152.));
#9747 = VECTOR('',#9748,1.);
#9748 = DIRECTION('',(0.,0.,1.));
#9749 = ORIENTED_EDGE('',*,*,#9750,.T.);
#9750 = EDGE_CURVE('',#9743,#9743,#9751,.T.);
#9751 = CIRCLE('',#9752,16.);
#9752 = AXIS2_PLACEMENT_3D('',#9753,#9754,#9755);
#9753 = CARTESIAN_POINT('',(46.,43.,152.));
#9754 = DIRECTION('',(0.,0.,1.));
#9755 = DIRECTION('',(1.,0.,-0.));
#9756 = ORIENTED_EDGE('',*,*,#9742,.T.);
#9757 = CYLINDRICAL_SURFACE('',#9758,16.);
#9758 = AXIS2_PLACEMENT_3D('',#9759,#9760,#9761);
#9759 = CARTESIAN_POINT('',(46.,43.,152.));
#9760 = DIRECTION('',(0.,0.,1.));
#9761 = DIRECTION('',(1.,0.,-0.));
#9762 = ADVANCED_FACE('',(#9763),#9766,.T.);
#9763 = FACE_BOUND('',#9764,.T.);
#9764 = EDGE_LOOP('',(#9765));
#9765 = ORIENTED_EDGE('',*,*,#9733,.T.);
#9766 = PLANE('',#9767);
#9767 = AXIS2_PLACEMENT_3D('',#9768,#9769,#9770);
#9768 = CARTESIAN_POINT('',(46.,43.,166.));
#9769 = DIRECTION('',(0.,0.,1.));
#9770 = DIRECTION('',(1.,0.,-0.));
#9771 = ADVANCED_FACE('',(#9772),#9775,.F.);
#9772 = FACE_BOUND('',#9773,.T.);
#9773 = EDGE_LOOP('',(#9774));
#9774 = ORIENTED_EDGE('',*,*,#9750,.F.);
#9775 = PLANE('',#9776);
#9776 = AXIS2_PLACEMENT_3D('',#9777,#9778,#9779);
#9777 = CARTESIAN_POINT('',(46.,43.,152.));
#9778 = DIRECTION('',(0.,0.,1.));
#9779 = DIRECTION('',(1.,0.,-0.));
#9780 = ( GEOMETRIC_REPRESENTATION_CONTEXT(3) 
GLOBAL_UNCERTAINTY_ASSIGNED_CONTEXT((#9784)) 
GLOBAL_UNIT_ASSIGNED_CONTEXT((#9781,#9782,#9783)) REPRESENTATION_CONTEXT
('Context #1','3D Context with UNIT and UNCERTAINTY') );
#9781 = ( LENGTH_UNIT() NAMED_UNIT(*) SI_UNIT(.MILLI.,.METRE.) );
#9782 = ( NAMED_UNIT(*) PLANE_ANGLE_UNIT() SI_UNIT($,.RADIAN.) );
#9783 = ( NAMED_UNIT(*) SI_UNIT($,.STERADIAN.) SOLID_ANGLE_UNIT() );
#9784 = UNCERTAINTY_MEASURE_WITH_UNIT(LENGTH_MEASURE(1.E-07),#9781,
  'distance_accuracy_value','confusion accuracy');
#9785 = CONTEXT_DEPENDENT_SHAPE_REPRESENTATION(#9786,#9788);
#9786 = ( REPRESENTATION_RELATIONSHIP('','',#9726,#10) 
REPRESENTATION_RELATIONSHIP_WITH_TRANSFORMATION(#9787) 
SHAPE_REPRESENTATION_RELATIONSHIP() );
#9787 = ITEM_DEFINED_TRANSFORMATION('','',#11,#203);
#9788 = PRODUCT_DEFINITION_SHAPE('Placement','Placement of an item',
  #9789);
#9789 = NEXT_ASSEMBLY_USAGE_OCCURRENCE('112','多功能旋钮','',#5,
  #9721,$);
#9790 = PRODUCT_RELATED_PRODUCT_CATEGORY('part',$,(#9723));
#9791 = SHAPE_DEFINITION_REPRESENTATION(#9792,#9798);
#9792 = PRODUCT_DEFINITION_SHAPE('','',#9793);
#9793 = PRODUCT_DEFINITION('design','',#9794,#9797);
#9794 = PRODUCT_DEFINITION_FORMATION('','',#9795);
#9795 = PRODUCT('一体机芯基座外观占位',
  '一体机芯基座外观占位','',(#9796));
#9796 = PRODUCT_CONTEXT('',#2,'mechanical');
#9797 = PRODUCT_DEFINITION_CONTEXT('part definition',#2,'design');
#9798 = ADVANCED_BREP_SHAPE_REPRESENTATION('',(#11,#9799),#10099);
#9799 = MANIFOLD_SOLID_BREP('',#9800);
#9800 = CLOSED_SHELL('',(#9801,#9843,#9876,#9900,#9931,#9955,#9986,
    #10003,#10034,#10058,#10076,#10087));
#9801 = ADVANCED_FACE('',(#9802),#9838,.T.);
#9802 = FACE_BOUND('',#9803,.T.);
#9803 = EDGE_LOOP('',(#9804,#9814,#9823,#9831));
#9804 = ORIENTED_EDGE('',*,*,#9805,.T.);
#9805 = EDGE_CURVE('',#9806,#9808,#9810,.T.);
#9806 = VERTEX_POINT('',#9807);
#9807 = CARTESIAN_POINT('',(316.,172.,150.));
#9808 = VERTEX_POINT('',#9809);
#9809 = CARTESIAN_POINT('',(316.,172.,152.));
#9810 = LINE('',#9811,#9812);
#9811 = CARTESIAN_POINT('',(316.,172.,150.));
#9812 = VECTOR('',#9813,1.);
#9813 = DIRECTION('',(0.,0.,1.));
#9814 = ORIENTED_EDGE('',*,*,#9815,.F.);
#9815 = EDGE_CURVE('',#9816,#9808,#9818,.T.);
#9816 = VERTEX_POINT('',#9817);
#9817 = CARTESIAN_POINT('',(291.,251.84359711334,152.));
#9818 = CIRCLE('',#9819,140.);
#9819 = AXIS2_PLACEMENT_3D('',#9820,#9821,#9822);
#9820 = CARTESIAN_POINT('',(176.,172.,152.));
#9821 = DIRECTION('',(0.,0.,1.));
#9822 = DIRECTION('',(1.,0.,-0.));
#9823 = ORIENTED_EDGE('',*,*,#9824,.F.);
#9824 = EDGE_CURVE('',#9825,#9816,#9827,.T.);
#9825 = VERTEX_POINT('',#9826);
#9826 = CARTESIAN_POINT('',(291.,251.84359711334,150.));
#9827 = LINE('',#9828,#9829);
#9828 = CARTESIAN_POINT('',(291.,251.84359711335,150.));
#9829 = VECTOR('',#9830,1.);
#9830 = DIRECTION('',(0.,0.,1.));
#9831 = ORIENTED_EDGE('',*,*,#9832,.T.);
#9832 = EDGE_CURVE('',#9825,#9806,#9833,.T.);
#9833 = CIRCLE('',#9834,140.);
#9834 = AXIS2_PLACEMENT_3D('',#9835,#9836,#9837);
#9835 = CARTESIAN_POINT('',(176.,172.,150.));
#9836 = DIRECTION('',(0.,0.,1.));
#9837 = DIRECTION('',(1.,0.,-0.));
#9838 = CYLINDRICAL_SURFACE('',#9839,140.);
#9839 = AXIS2_PLACEMENT_3D('',#9840,#9841,#9842);
#9840 = CARTESIAN_POINT('',(176.,172.,150.));
#9841 = DIRECTION('',(0.,0.,1.));
#9842 = DIRECTION('',(1.,0.,-0.));
#9843 = ADVANCED_FACE('',(#9844),#9871,.T.);
#9844 = FACE_BOUND('',#9845,.T.);
#9845 = EDGE_LOOP('',(#9846,#9855,#9856,#9865));
#9846 = ORIENTED_EDGE('',*,*,#9847,.F.);
#9847 = EDGE_CURVE('',#9808,#9848,#9850,.T.);
#9848 = VERTEX_POINT('',#9849);
#9849 = CARTESIAN_POINT('',(308.57073583562,217.,152.));
#9850 = CIRCLE('',#9851,140.);
#9851 = AXIS2_PLACEMENT_3D('',#9852,#9853,#9854);
#9852 = CARTESIAN_POINT('',(176.,172.,152.));
#9853 = DIRECTION('',(0.,0.,1.));
#9854 = DIRECTION('',(1.,0.,-0.));
#9855 = ORIENTED_EDGE('',*,*,#9805,.F.);
#9856 = ORIENTED_EDGE('',*,*,#9857,.T.);
#9857 = EDGE_CURVE('',#9806,#9858,#9860,.T.);
#9858 = VERTEX_POINT('',#9859);
#9859 = CARTESIAN_POINT('',(308.57073583562,217.,150.));
#9860 = CIRCLE('',#9861,140.);
#9861 = AXIS2_PLACEMENT_3D('',#9862,#9863,#9864);
#9862 = CARTESIAN_POINT('',(176.,172.,150.));
#9863 = DIRECTION('',(0.,0.,1.));
#9864 = DIRECTION('',(1.,0.,-0.));
#9865 = ORIENTED_EDGE('',*,*,#9866,.T.);
#9866 = EDGE_CURVE('',#9858,#9848,#9867,.T.);
#9867 = LINE('',#9868,#9869);
#9868 = CARTESIAN_POINT('',(308.57073583562,217.,150.));
#9869 = VECTOR('',#9870,1.);
#9870 = DIRECTION('',(0.,0.,1.));
#9871 = CYLINDRICAL_SURFACE('',#9872,140.);
#9872 = AXIS2_PLACEMENT_3D('',#9873,#9874,#9875);
#9873 = CARTESIAN_POINT('',(176.,172.,150.));
#9874 = DIRECTION('',(0.,0.,1.));
#9875 = DIRECTION('',(1.,0.,-0.));
#9876 = ADVANCED_FACE('',(#9877),#9895,.F.);
#9877 = FACE_BOUND('',#9878,.F.);
#9878 = EDGE_LOOP('',(#9879,#9880,#9881,#9889));
#9879 = ORIENTED_EDGE('',*,*,#9832,.T.);
#9880 = ORIENTED_EDGE('',*,*,#9857,.T.);
#9881 = ORIENTED_EDGE('',*,*,#9882,.F.);
#9882 = EDGE_CURVE('',#9883,#9858,#9885,.T.);
#9883 = VERTEX_POINT('',#9884);
#9884 = CARTESIAN_POINT('',(291.,217.,150.));
#9885 = LINE('',#9886,#9887);
#9886 = CARTESIAN_POINT('',(291.,217.,150.));
#9887 = VECTOR('',#9888,1.);
#9888 = DIRECTION('',(1.,0.,-0.));
#9889 = ORIENTED_EDGE('',*,*,#9890,.T.);
#9890 = EDGE_CURVE('',#9883,#9825,#9891,.T.);
#9891 = LINE('',#9892,#9893);
#9892 = CARTESIAN_POINT('',(291.,217.,150.));
#9893 = VECTOR('',#9894,1.);
#9894 = DIRECTION('',(-0.,1.,0.));
#9895 = PLANE('',#9896);
#9896 = AXIS2_PLACEMENT_3D('',#9897,#9898,#9899);
#9897 = CARTESIAN_POINT('',(176.,172.,150.));
#9898 = DIRECTION('',(0.,0.,1.));
#9899 = DIRECTION('',(1.,0.,-0.));
#9900 = ADVANCED_FACE('',(#9901),#9926,.F.);
#9901 = FACE_BOUND('',#9902,.F.);
#9902 = EDGE_LOOP('',(#9903,#9904,#9912,#9920));
#9903 = ORIENTED_EDGE('',*,*,#9824,.F.);
#9904 = ORIENTED_EDGE('',*,*,#9905,.T.);
#9905 = EDGE_CURVE('',#9825,#9906,#9908,.T.);
#9906 = VERTEX_POINT('',#9907);
#9907 = CARTESIAN_POINT('',(291.,297.,150.));
#9908 = LINE('',#9909,#9910);
#9909 = CARTESIAN_POINT('',(291.,217.,150.));
#9910 = VECTOR('',#9911,1.);
#9911 = DIRECTION('',(-0.,1.,0.));
#9912 = ORIENTED_EDGE('',*,*,#9913,.T.);
#9913 = EDGE_CURVE('',#9906,#9914,#9916,.T.);
#9914 = VERTEX_POINT('',#9915);
#9915 = CARTESIAN_POINT('',(291.,297.,152.));
#9916 = LINE('',#9917,#9918);
#9917 = CARTESIAN_POINT('',(291.,297.,150.));
#9918 = VECTOR('',#9919,1.);
#9919 = DIRECTION('',(0.,0.,1.));
#9920 = ORIENTED_EDGE('',*,*,#9921,.F.);
#9921 = EDGE_CURVE('',#9816,#9914,#9922,.T.);
#9922 = LINE('',#9923,#9924);
#9923 = CARTESIAN_POINT('',(291.,217.,152.));
#9924 = VECTOR('',#9925,1.);
#9925 = DIRECTION('',(-0.,1.,0.));
#9926 = PLANE('',#9927);
#9927 = AXIS2_PLACEMENT_3D('',#9928,#9929,#9930);
#9928 = CARTESIAN_POINT('',(291.,217.,150.));
#9929 = DIRECTION('',(1.,0.,-0.));
#9930 = DIRECTION('',(0.,0.,1.));
#9931 = ADVANCED_FACE('',(#9932),#9950,.T.);
#9932 = FACE_BOUND('',#9933,.T.);
#9933 = EDGE_LOOP('',(#9934,#9935,#9936,#9944));
#9934 = ORIENTED_EDGE('',*,*,#9815,.T.);
#9935 = ORIENTED_EDGE('',*,*,#9847,.T.);
#9936 = ORIENTED_EDGE('',*,*,#9937,.F.);
#9937 = EDGE_CURVE('',#9938,#9848,#9940,.T.);
#9938 = VERTEX_POINT('',#9939);
#9939 = CARTESIAN_POINT('',(291.,217.,152.));
#9940 = LINE('',#9941,#9942);
#9941 = CARTESIAN_POINT('',(291.,217.,152.));
#9942 = VECTOR('',#9943,1.);
#9943 = DIRECTION('',(1.,0.,-0.));
#9944 = ORIENTED_EDGE('',*,*,#9945,.T.);
#9945 = EDGE_CURVE('',#9938,#9816,#9946,.T.);
#9946 = LINE('',#9947,#9948);
#9947 = CARTESIAN_POINT('',(291.,217.,152.));
#9948 = VECTOR('',#9949,1.);
#9949 = DIRECTION('',(-0.,1.,0.));
#9950 = PLANE('',#9951);
#9951 = AXIS2_PLACEMENT_3D('',#9952,#9953,#9954);
#9952 = CARTESIAN_POINT('',(176.,172.,152.));
#9953 = DIRECTION('',(0.,0.,1.));
#9954 = DIRECTION('',(1.,0.,-0.));
#9955 = ADVANCED_FACE('',(#9956),#9981,.F.);
#9956 = FACE_BOUND('',#9957,.F.);
#9957 = EDGE_LOOP('',(#9958,#9966,#9967,#9975));
#9958 = ORIENTED_EDGE('',*,*,#9959,.F.);
#9959 = EDGE_CURVE('',#9858,#9960,#9962,.T.);
#9960 = VERTEX_POINT('',#9961);
#9961 = CARTESIAN_POINT('',(391.,217.,150.));
#9962 = LINE('',#9963,#9964);
#9963 = CARTESIAN_POINT('',(291.,217.,150.));
#9964 = VECTOR('',#9965,1.);
#9965 = DIRECTION('',(1.,0.,-0.));
#9966 = ORIENTED_EDGE('',*,*,#9866,.T.);
#9967 = ORIENTED_EDGE('',*,*,#9968,.T.);
#9968 = EDGE_CURVE('',#9848,#9969,#9971,.T.);
#9969 = VERTEX_POINT('',#9970);
#9970 = CARTESIAN_POINT('',(391.,217.,152.));
#9971 = LINE('',#9972,#9973);
#9972 = CARTESIAN_POINT('',(291.,217.,152.));
#9973 = VECTOR('',#9974,1.);
#9974 = DIRECTION('',(1.,0.,-0.));
#9975 = ORIENTED_EDGE('',*,*,#9976,.F.);
#9976 = EDGE_CURVE('',#9960,#9969,#9977,.T.);
#9977 = LINE('',#9978,#9979);
#9978 = CARTESIAN_POINT('',(391.,217.,150.));
#9979 = VECTOR('',#9980,1.);
#9980 = DIRECTION('',(0.,0.,1.));
#9981 = PLANE('',#9982);
#9982 = AXIS2_PLACEMENT_3D('',#9983,#9984,#9985);
#9983 = CARTESIAN_POINT('',(291.,217.,150.));
#9984 = DIRECTION('',(-0.,1.,0.));
#9985 = DIRECTION('',(0.,0.,1.));
#9986 = ADVANCED_FACE('',(#9987),#9998,.F.);
#9987 = FACE_BOUND('',#9988,.F.);
#9988 = EDGE_LOOP('',(#9989,#9990,#9997));
#9989 = ORIENTED_EDGE('',*,*,#9882,.T.);
#9990 = ORIENTED_EDGE('',*,*,#9991,.T.);
#9991 = EDGE_CURVE('',#9858,#9825,#9992,.T.);
#9992 = CIRCLE('',#9993,140.);
#9993 = AXIS2_PLACEMENT_3D('',#9994,#9995,#9996);
#9994 = CARTESIAN_POINT('',(176.,172.,150.));
#9995 = DIRECTION('',(0.,0.,1.));
#9996 = DIRECTION('',(1.,0.,-0.));
#9997 = ORIENTED_EDGE('',*,*,#9890,.F.);
#9998 = PLANE('',#9999);
#9999 = AXIS2_PLACEMENT_3D('',#10000,#10001,#10002);
#10000 = CARTESIAN_POINT('',(176.,172.,150.));
#10001 = DIRECTION('',(0.,0.,1.));
#10002 = DIRECTION('',(1.,0.,-0.));
#10003 = ADVANCED_FACE('',(#10004),#10029,.T.);
#10004 = FACE_BOUND('',#10005,.T.);
#10005 = EDGE_LOOP('',(#10006,#10007,#10014,#10015,#10023));
#10006 = ORIENTED_EDGE('',*,*,#9921,.F.);
#10007 = ORIENTED_EDGE('',*,*,#10008,.F.);
#10008 = EDGE_CURVE('',#9848,#9816,#10009,.T.);
#10009 = CIRCLE('',#10010,140.);
#10010 = AXIS2_PLACEMENT_3D('',#10011,#10012,#10013);
#10011 = CARTESIAN_POINT('',(176.,172.,152.));
#10012 = DIRECTION('',(0.,0.,1.));
#10013 = DIRECTION('',(1.,0.,-0.));
#10014 = ORIENTED_EDGE('',*,*,#9968,.T.);
#10015 = ORIENTED_EDGE('',*,*,#10016,.T.);
#10016 = EDGE_CURVE('',#9969,#10017,#10019,.T.);
#10017 = VERTEX_POINT('',#10018);
#10018 = CARTESIAN_POINT('',(391.,297.,152.));
#10019 = LINE('',#10020,#10021);
#10020 = CARTESIAN_POINT('',(391.,217.,152.));
#10021 = VECTOR('',#10022,1.);
#10022 = DIRECTION('',(-0.,1.,0.));
#10023 = ORIENTED_EDGE('',*,*,#10024,.F.);
#10024 = EDGE_CURVE('',#9914,#10017,#10025,.T.);
#10025 = LINE('',#10026,#10027);
#10026 = CARTESIAN_POINT('',(291.,297.,152.));
#10027 = VECTOR('',#10028,1.);
#10028 = DIRECTION('',(1.,0.,-0.));
#10029 = PLANE('',#10030);
#10030 = AXIS2_PLACEMENT_3D('',#10031,#10032,#10033);
#10031 = CARTESIAN_POINT('',(291.,217.,152.));
#10032 = DIRECTION('',(0.,0.,1.));
#10033 = DIRECTION('',(1.,0.,-0.));
#10034 = ADVANCED_FACE('',(#10035),#10053,.T.);
#10035 = FACE_BOUND('',#10036,.T.);
#10036 = EDGE_LOOP('',(#10037,#10045,#10046,#10047));
#10037 = ORIENTED_EDGE('',*,*,#10038,.F.);
#10038 = EDGE_CURVE('',#9906,#10039,#10041,.T.);
#10039 = VERTEX_POINT('',#10040);
#10040 = CARTESIAN_POINT('',(391.,297.,150.));
#10041 = LINE('',#10042,#10043);
#10042 = CARTESIAN_POINT('',(291.,297.,150.));
#10043 = VECTOR('',#10044,1.);
#10044 = DIRECTION('',(1.,0.,-0.));
#10045 = ORIENTED_EDGE('',*,*,#9913,.T.);
#10046 = ORIENTED_EDGE('',*,*,#10024,.T.);
#10047 = ORIENTED_EDGE('',*,*,#10048,.F.);
#10048 = EDGE_CURVE('',#10039,#10017,#10049,.T.);
#10049 = LINE('',#10050,#10051);
#10050 = CARTESIAN_POINT('',(391.,297.,150.));
#10051 = VECTOR('',#10052,1.);
#10052 = DIRECTION('',(0.,0.,1.));
#10053 = PLANE('',#10054);
#10054 = AXIS2_PLACEMENT_3D('',#10055,#10056,#10057);
#10055 = CARTESIAN_POINT('',(291.,297.,150.));
#10056 = DIRECTION('',(-0.,1.,0.));
#10057 = DIRECTION('',(0.,0.,1.));
#10058 = ADVANCED_FACE('',(#10059),#10071,.F.);
#10059 = FACE_BOUND('',#10060,.F.);
#10060 = EDGE_LOOP('',(#10061,#10062,#10063,#10064,#10070));
#10061 = ORIENTED_EDGE('',*,*,#9905,.F.);
#10062 = ORIENTED_EDGE('',*,*,#9991,.F.);
#10063 = ORIENTED_EDGE('',*,*,#9959,.T.);
#10064 = ORIENTED_EDGE('',*,*,#10065,.T.);
#10065 = EDGE_CURVE('',#9960,#10039,#10066,.T.);
#10066 = LINE('',#10067,#10068);
#10067 = CARTESIAN_POINT('',(391.,217.,150.));
#10068 = VECTOR('',#10069,1.);
#10069 = DIRECTION('',(-0.,1.,0.));
#10070 = ORIENTED_EDGE('',*,*,#10038,.F.);
#10071 = PLANE('',#10072);
#10072 = AXIS2_PLACEMENT_3D('',#10073,#10074,#10075);
#10073 = CARTESIAN_POINT('',(291.,217.,150.));
#10074 = DIRECTION('',(0.,0.,1.));
#10075 = DIRECTION('',(1.,0.,-0.));
#10076 = ADVANCED_FACE('',(#10077),#10082,.T.);
#10077 = FACE_BOUND('',#10078,.T.);
#10078 = EDGE_LOOP('',(#10079,#10080,#10081));
#10079 = ORIENTED_EDGE('',*,*,#9937,.T.);
#10080 = ORIENTED_EDGE('',*,*,#10008,.T.);
#10081 = ORIENTED_EDGE('',*,*,#9945,.F.);
#10082 = PLANE('',#10083);
#10083 = AXIS2_PLACEMENT_3D('',#10084,#10085,#10086);
#10084 = CARTESIAN_POINT('',(176.,172.,152.));
#10085 = DIRECTION('',(0.,0.,1.));
#10086 = DIRECTION('',(1.,0.,-0.));
#10087 = ADVANCED_FACE('',(#10088),#10094,.T.);
#10088 = FACE_BOUND('',#10089,.T.);
#10089 = EDGE_LOOP('',(#10090,#10091,#10092,#10093));
#10090 = ORIENTED_EDGE('',*,*,#9976,.F.);
#10091 = ORIENTED_EDGE('',*,*,#10065,.T.);
#10092 = ORIENTED_EDGE('',*,*,#10048,.T.);
#10093 = ORIENTED_EDGE('',*,*,#10016,.F.);
#10094 = PLANE('',#10095);
#10095 = AXIS2_PLACEMENT_3D('',#10096,#10097,#10098);
#10096 = CARTESIAN_POINT('',(391.,217.,150.));
#10097 = DIRECTION('',(1.,0.,-0.));
#10098 = DIRECTION('',(0.,0.,1.));
#10099 = ( GEOMETRIC_REPRESENTATION_CONTEXT(3) 
GLOBAL_UNCERTAINTY_ASSIGNED_CONTEXT((#10103)) 
GLOBAL_UNIT_ASSIGNED_CONTEXT((#10100,#10101,#10102)) 
REPRESENTATION_CONTEXT('Context #1',
  '3D Context with UNIT and UNCERTAINTY') );
#10100 = ( LENGTH_UNIT() NAMED_UNIT(*) SI_UNIT(.MILLI.,.METRE.) );
#10101 = ( NAMED_UNIT(*) PLANE_ANGLE_UNIT() SI_UNIT($,.RADIAN.) );
#10102 = ( NAMED_UNIT(*) SI_UNIT($,.STERADIAN.) SOLID_ANGLE_UNIT() );
#10103 = UNCERTAINTY_MEASURE_WITH_UNIT(LENGTH_MEASURE(1.E-07),#10100,
  'distance_accuracy_value','confusion accuracy');
#10104 = CONTEXT_DEPENDENT_SHAPE_REPRESENTATION(#10105,#10107);
#10105 = ( REPRESENTATION_RELATIONSHIP('','',#9798,#10) 
REPRESENTATION_RELATIONSHIP_WITH_TRANSFORMATION(#10106) 
SHAPE_REPRESENTATION_RELATIONSHIP() );
#10106 = ITEM_DEFINED_TRANSFORMATION('','',#11,#207);
#10107 = PRODUCT_DEFINITION_SHAPE('Placement','Placement of an item',
  #10108);
#10108 = NEXT_ASSEMBLY_USAGE_OCCURRENCE('113',
  '一体机芯基座外观占位','',#5,#9793,$);
#10109 = PRODUCT_RELATED_PRODUCT_CATEGORY('part',$,(#9795));
#10110 = SHAPE_DEFINITION_REPRESENTATION(#10111,#10117);
#10111 = PRODUCT_DEFINITION_SHAPE('','',#10112);
#10112 = PRODUCT_DEFINITION('design','',#10113,#10116);
#10113 = PRODUCT_DEFINITION_FORMATION('','',#10114);
#10114 = PRODUCT('候选 Ø280 唱盘（弯臂尺寸待确认）',
  '候选 Ø280 唱盘（弯臂尺寸待确认）','',(#10115));
#10115 = PRODUCT_CONTEXT('',#2,'mechanical');
#10116 = PRODUCT_DEFINITION_CONTEXT('part definition',#2,'design');
#10117 = ADVANCED_BREP_SHAPE_REPRESENTATION('',(#11,#10118),#10171);
#10118 = MANIFOLD_SOLID_BREP('',#10119);
#10119 = CLOSED_SHELL('',(#10120,#10153,#10162));
#10120 = ADVANCED_FACE('',(#10121),#10148,.T.);
#10121 = FACE_BOUND('',#10122,.T.);
#10122 = EDGE_LOOP('',(#10123,#10132,#10140,#10147));
#10123 = ORIENTED_EDGE('',*,*,#10124,.F.);
#10124 = EDGE_CURVE('',#10125,#10125,#10127,.T.);
#10125 = VERTEX_POINT('',#10126);
#10126 = CARTESIAN_POINT('',(316.,172.,162.));
#10127 = CIRCLE('',#10128,140.);
#10128 = AXIS2_PLACEMENT_3D('',#10129,#10130,#10131);
#10129 = CARTESIAN_POINT('',(176.,172.,162.));
#10130 = DIRECTION('',(0.,0.,1.));
#10131 = DIRECTION('',(1.,0.,-0.));
#10132 = ORIENTED_EDGE('',*,*,#10133,.F.);
#10133 = EDGE_CURVE('',#10134,#10125,#10136,.T.);
#10134 = VERTEX_POINT('',#10135);
#10135 = CARTESIAN_POINT('',(316.,172.,152.));
#10136 = LINE('',#10137,#10138);
#10137 = CARTESIAN_POINT('',(316.,172.,152.));
#10138 = VECTOR('',#10139,1.);
#10139 = DIRECTION('',(0.,0.,1.));
#10140 = ORIENTED_EDGE('',*,*,#10141,.T.);
#10141 = EDGE_CURVE('',#10134,#10134,#10142,.T.);
#10142 = CIRCLE('',#10143,140.);
#10143 = AXIS2_PLACEMENT_3D('',#10144,#10145,#10146);
#10144 = CARTESIAN_POINT('',(176.,172.,152.));
#10145 = DIRECTION('',(0.,0.,1.));
#10146 = DIRECTION('',(1.,0.,-0.));
#10147 = ORIENTED_EDGE('',*,*,#10133,.T.);
#10148 = CYLINDRICAL_SURFACE('',#10149,140.);
#10149 = AXIS2_PLACEMENT_3D('',#10150,#10151,#10152);
#10150 = CARTESIAN_POINT('',(176.,172.,152.));
#10151 = DIRECTION('',(0.,0.,1.));
#10152 = DIRECTION('',(1.,0.,-0.));
#10153 = ADVANCED_FACE('',(#10154),#10157,.T.);
#10154 = FACE_BOUND('',#10155,.T.);
#10155 = EDGE_LOOP('',(#10156));
#10156 = ORIENTED_EDGE('',*,*,#10124,.T.);
#10157 = PLANE('',#10158);
#10158 = AXIS2_PLACEMENT_3D('',#10159,#10160,#10161);
#10159 = CARTESIAN_POINT('',(176.,172.,162.));
#10160 = DIRECTION('',(0.,0.,1.));
#10161 = DIRECTION('',(1.,0.,-0.));
#10162 = ADVANCED_FACE('',(#10163),#10166,.F.);
#10163 = FACE_BOUND('',#10164,.T.);
#10164 = EDGE_LOOP('',(#10165));
#10165 = ORIENTED_EDGE('',*,*,#10141,.F.);
#10166 = PLANE('',#10167);
#10167 = AXIS2_PLACEMENT_3D('',#10168,#10169,#10170);
#10168 = CARTESIAN_POINT('',(176.,172.,152.));
#10169 = DIRECTION('',(0.,0.,1.));
#10170 = DIRECTION('',(1.,0.,-0.));
#10171 = ( GEOMETRIC_REPRESENTATION_CONTEXT(3) 
GLOBAL_UNCERTAINTY_ASSIGNED_CONTEXT((#10175)) 
GLOBAL_UNIT_ASSIGNED_CONTEXT((#10172,#10173,#10174)) 
REPRESENTATION_CONTEXT('Context #1',
  '3D Context with UNIT and UNCERTAINTY') );
#10172 = ( LENGTH_UNIT() NAMED_UNIT(*) SI_UNIT(.MILLI.,.METRE.) );
#10173 = ( NAMED_UNIT(*) PLANE_ANGLE_UNIT() SI_UNIT($,.RADIAN.) );
#10174 = ( NAMED_UNIT(*) SI_UNIT($,.STERADIAN.) SOLID_ANGLE_UNIT() );
#10175 = UNCERTAINTY_MEASURE_WITH_UNIT(LENGTH_MEASURE(1.E-07),#10172,
  'distance_accuracy_value','confusion accuracy');
#10176 = CONTEXT_DEPENDENT_SHAPE_REPRESENTATION(#10177,#10179);
#10177 = ( REPRESENTATION_RELATIONSHIP('','',#10117,#10) 
REPRESENTATION_RELATIONSHIP_WITH_TRANSFORMATION(#10178) 
SHAPE_REPRESENTATION_RELATIONSHIP() );
#10178 = ITEM_DEFINED_TRANSFORMATION('','',#11,#211);
#10179 = PRODUCT_DEFINITION_SHAPE('Placement','Placement of an item',
  #10180);
#10180 = NEXT_ASSEMBLY_USAGE_OCCURRENCE('114',
  '候选 Ø280 唱盘（弯臂尺寸待确认）','',#5,#10112,$);
#10181 = PRODUCT_RELATED_PRODUCT_CATEGORY('part',$,(#10114));
#10182 = SHAPE_DEFINITION_REPRESENTATION(#10183,#10189);
#10183 = PRODUCT_DEFINITION_SHAPE('','',#10184);
#10184 = PRODUCT_DEFINITION('design','',#10185,#10188);
#10185 = PRODUCT_DEFINITION_FORMATION('','',#10186);
#10186 = PRODUCT('唱盘表面环纹示意','唱盘表面环纹示意',
  '',(#10187));
#10187 = PRODUCT_CONTEXT('',#2,'mechanical');
#10188 = PRODUCT_DEFINITION_CONTEXT('part definition',#2,'design');
#10189 = SHAPE_REPRESENTATION('',(#11,#10190,#10282,#10374,#10466),
  #10558);
#10190 = MANIFOLD_SOLID_BREP('',#10191);
#10191 = CLOSED_SHELL('',(#10192,#10225,#10245,#10265));
#10192 = ADVANCED_FACE('',(#10193),#10220,.T.);
#10193 = FACE_BOUND('',#10194,.T.);
#10194 = EDGE_LOOP('',(#10195,#10204,#10212,#10219));
#10195 = ORIENTED_EDGE('',*,*,#10196,.F.);
#10196 = EDGE_CURVE('',#10197,#10197,#10199,.T.);
#10197 = VERTEX_POINT('',#10198);
#10198 = CARTESIAN_POINT('',(218.,172.,162.3));
#10199 = CIRCLE('',#10200,42.);
#10200 = AXIS2_PLACEMENT_3D('',#10201,#10202,#10203);
#10201 = CARTESIAN_POINT('',(176.,172.,162.3));
#10202 = DIRECTION('',(0.,0.,1.));
#10203 = DIRECTION('',(1.,0.,-0.));
#10204 = ORIENTED_EDGE('',*,*,#10205,.F.);
#10205 = EDGE_CURVE('',#10206,#10197,#10208,.T.);
#10206 = VERTEX_POINT('',#10207);
#10207 = CARTESIAN_POINT('',(218.,172.,162.));
#10208 = LINE('',#10209,#10210);
#10209 = CARTESIAN_POINT('',(218.,172.,162.));
#10210 = VECTOR('',#10211,1.);
#10211 = DIRECTION('',(0.,0.,1.));
#10212 = ORIENTED_EDGE('',*,*,#10213,.T.);
#10213 = EDGE_CURVE('',#10206,#10206,#10214,.T.);
#10214 = CIRCLE('',#10215,42.);
#10215 = AXIS2_PLACEMENT_3D('',#10216,#10217,#10218);
#10216 = CARTESIAN_POINT('',(176.,172.,162.));
#10217 = DIRECTION('',(0.,0.,1.));
#10218 = DIRECTION('',(1.,0.,-0.));
#10219 = ORIENTED_EDGE('',*,*,#10205,.T.);
#10220 = CYLINDRICAL_SURFACE('',#10221,42.);
#10221 = AXIS2_PLACEMENT_3D('',#10222,#10223,#10224);
#10222 = CARTESIAN_POINT('',(176.,172.,162.));
#10223 = DIRECTION('',(0.,0.,1.));
#10224 = DIRECTION('',(1.,0.,-0.));
#10225 = ADVANCED_FACE('',(#10226,#10229),#10240,.T.);
#10226 = FACE_BOUND('',#10227,.T.);
#10227 = EDGE_LOOP('',(#10228));
#10228 = ORIENTED_EDGE('',*,*,#10196,.T.);
#10229 = FACE_BOUND('',#10230,.T.);
#10230 = EDGE_LOOP('',(#10231));
#10231 = ORIENTED_EDGE('',*,*,#10232,.F.);
#10232 = EDGE_CURVE('',#10233,#10233,#10235,.T.);
#10233 = VERTEX_POINT('',#10234);
#10234 = CARTESIAN_POINT('',(217.5,172.,162.3));
#10235 = CIRCLE('',#10236,41.5);
#10236 = AXIS2_PLACEMENT_3D('',#10237,#10238,#10239);
#10237 = CARTESIAN_POINT('',(176.,172.,162.3));
#10238 = DIRECTION('',(0.,0.,1.));
#10239 = DIRECTION('',(1.,0.,-0.));
#10240 = PLANE('',#10241);
#10241 = AXIS2_PLACEMENT_3D('',#10242,#10243,#10244);
#10242 = CARTESIAN_POINT('',(176.,172.,162.3));
#10243 = DIRECTION('',(0.,0.,1.));
#10244 = DIRECTION('',(1.,0.,-0.));
#10245 = ADVANCED_FACE('',(#10246,#10249),#10260,.F.);
#10246 = FACE_BOUND('',#10247,.F.);
#10247 = EDGE_LOOP('',(#10248));
#10248 = ORIENTED_EDGE('',*,*,#10213,.T.);
#10249 = FACE_BOUND('',#10250,.F.);
#10250 = EDGE_LOOP('',(#10251));
#10251 = ORIENTED_EDGE('',*,*,#10252,.F.);
#10252 = EDGE_CURVE('',#10253,#10253,#10255,.T.);
#10253 = VERTEX_POINT('',#10254);
#10254 = CARTESIAN_POINT('',(217.5,172.,162.));
#10255 = CIRCLE('',#10256,41.5);
#10256 = AXIS2_PLACEMENT_3D('',#10257,#10258,#10259);
#10257 = CARTESIAN_POINT('',(176.,172.,162.));
#10258 = DIRECTION('',(0.,0.,1.));
#10259 = DIRECTION('',(1.,0.,-0.));
#10260 = PLANE('',#10261);
#10261 = AXIS2_PLACEMENT_3D('',#10262,#10263,#10264);
#10262 = CARTESIAN_POINT('',(176.,172.,162.));
#10263 = DIRECTION('',(0.,0.,1.));
#10264 = DIRECTION('',(1.,0.,-0.));
#10265 = ADVANCED_FACE('',(#10266),#10277,.F.);
#10266 = FACE_BOUND('',#10267,.F.);
#10267 = EDGE_LOOP('',(#10268,#10269,#10275,#10276));
#10268 = ORIENTED_EDGE('',*,*,#10232,.F.);
#10269 = ORIENTED_EDGE('',*,*,#10270,.F.);
#10270 = EDGE_CURVE('',#10253,#10233,#10271,.T.);
#10271 = LINE('',#10272,#10273);
#10272 = CARTESIAN_POINT('',(217.5,172.,162.));
#10273 = VECTOR('',#10274,1.);
#10274 = DIRECTION('',(0.,0.,1.));
#10275 = ORIENTED_EDGE('',*,*,#10252,.T.);
#10276 = ORIENTED_EDGE('',*,*,#10270,.T.);
#10277 = CYLINDRICAL_SURFACE('',#10278,41.5);
#10278 = AXIS2_PLACEMENT_3D('',#10279,#10280,#10281);
#10279 = CARTESIAN_POINT('',(176.,172.,162.));
#10280 = DIRECTION('',(0.,0.,1.));
#10281 = DIRECTION('',(1.,0.,-0.));
#10282 = MANIFOLD_SOLID_BREP('',#10283);
#10283 = CLOSED_SHELL('',(#10284,#10317,#10337,#10357));
#10284 = ADVANCED_FACE('',(#10285),#10312,.T.);
#10285 = FACE_BOUND('',#10286,.T.);
#10286 = EDGE_LOOP('',(#10287,#10296,#10304,#10311));
#10287 = ORIENTED_EDGE('',*,*,#10288,.F.);
#10288 = EDGE_CURVE('',#10289,#10289,#10291,.T.);
#10289 = VERTEX_POINT('',#10290);
#10290 = CARTESIAN_POINT('',(251.6,172.,162.3));
#10291 = CIRCLE('',#10292,75.6);
#10292 = AXIS2_PLACEMENT_3D('',#10293,#10294,#10295);
#10293 = CARTESIAN_POINT('',(176.,172.,162.3));
#10294 = DIRECTION('',(0.,0.,1.));
#10295 = DIRECTION('',(1.,0.,-0.));
#10296 = ORIENTED_EDGE('',*,*,#10297,.F.);
#10297 = EDGE_CURVE('',#10298,#10289,#10300,.T.);
#10298 = VERTEX_POINT('',#10299);
#10299 = CARTESIAN_POINT('',(251.6,172.,162.));
#10300 = LINE('',#10301,#10302);
#10301 = CARTESIAN_POINT('',(251.6,172.,162.));
#10302 = VECTOR('',#10303,1.);
#10303 = DIRECTION('',(0.,0.,1.));
#10304 = ORIENTED_EDGE('',*,*,#10305,.T.);
#10305 = EDGE_CURVE('',#10298,#10298,#10306,.T.);
#10306 = CIRCLE('',#10307,75.6);
#10307 = AXIS2_PLACEMENT_3D('',#10308,#10309,#10310);
#10308 = CARTESIAN_POINT('',(176.,172.,162.));
#10309 = DIRECTION('',(0.,0.,1.));
#10310 = DIRECTION('',(1.,0.,-0.));
#10311 = ORIENTED_EDGE('',*,*,#10297,.T.);
#10312 = CYLINDRICAL_SURFACE('',#10313,75.6);
#10313 = AXIS2_PLACEMENT_3D('',#10314,#10315,#10316);
#10314 = CARTESIAN_POINT('',(176.,172.,162.));
#10315 = DIRECTION('',(0.,0.,1.));
#10316 = DIRECTION('',(1.,0.,-0.));
#10317 = ADVANCED_FACE('',(#10318,#10321),#10332,.T.);
#10318 = FACE_BOUND('',#10319,.T.);
#10319 = EDGE_LOOP('',(#10320));
#10320 = ORIENTED_EDGE('',*,*,#10288,.T.);
#10321 = FACE_BOUND('',#10322,.T.);
#10322 = EDGE_LOOP('',(#10323));
#10323 = ORIENTED_EDGE('',*,*,#10324,.F.);
#10324 = EDGE_CURVE('',#10325,#10325,#10327,.T.);
#10325 = VERTEX_POINT('',#10326);
#10326 = CARTESIAN_POINT('',(251.1,172.,162.3));
#10327 = CIRCLE('',#10328,75.1);
#10328 = AXIS2_PLACEMENT_3D('',#10329,#10330,#10331);
#10329 = CARTESIAN_POINT('',(176.,172.,162.3));
#10330 = DIRECTION('',(0.,0.,1.));
#10331 = DIRECTION('',(1.,0.,-0.));
#10332 = PLANE('',#10333);
#10333 = AXIS2_PLACEMENT_3D('',#10334,#10335,#10336);
#10334 = CARTESIAN_POINT('',(176.,172.,162.3));
#10335 = DIRECTION('',(0.,0.,1.));
#10336 = DIRECTION('',(1.,0.,-0.));
#10337 = ADVANCED_FACE('',(#10338,#10341),#10352,.F.);
#10338 = FACE_BOUND('',#10339,.F.);
#10339 = EDGE_LOOP('',(#10340));
#10340 = ORIENTED_EDGE('',*,*,#10305,.T.);
#10341 = FACE_BOUND('',#10342,.F.);
#10342 = EDGE_LOOP('',(#10343));
#10343 = ORIENTED_EDGE('',*,*,#10344,.F.);
#10344 = EDGE_CURVE('',#10345,#10345,#10347,.T.);
#10345 = VERTEX_POINT('',#10346);
#10346 = CARTESIAN_POINT('',(251.1,172.,162.));
#10347 = CIRCLE('',#10348,75.1);
#10348 = AXIS2_PLACEMENT_3D('',#10349,#10350,#10351);
#10349 = CARTESIAN_POINT('',(176.,172.,162.));
#10350 = DIRECTION('',(0.,0.,1.));
#10351 = DIRECTION('',(1.,0.,-0.));
#10352 = PLANE('',#10353);
#10353 = AXIS2_PLACEMENT_3D('',#10354,#10355,#10356);
#10354 = CARTESIAN_POINT('',(176.,172.,162.));
#10355 = DIRECTION('',(0.,0.,1.));
#10356 = DIRECTION('',(1.,0.,-0.));
#10357 = ADVANCED_FACE('',(#10358),#10369,.F.);
#10358 = FACE_BOUND('',#10359,.F.);
#10359 = EDGE_LOOP('',(#10360,#10361,#10367,#10368));
#10360 = ORIENTED_EDGE('',*,*,#10324,.F.);
#10361 = ORIENTED_EDGE('',*,*,#10362,.F.);
#10362 = EDGE_CURVE('',#10345,#10325,#10363,.T.);
#10363 = LINE('',#10364,#10365);
#10364 = CARTESIAN_POINT('',(251.1,172.,162.));
#10365 = VECTOR('',#10366,1.);
#10366 = DIRECTION('',(0.,0.,1.));
#10367 = ORIENTED_EDGE('',*,*,#10344,.T.);
#10368 = ORIENTED_EDGE('',*,*,#10362,.T.);
#10369 = CYLINDRICAL_SURFACE('',#10370,75.1);
#10370 = AXIS2_PLACEMENT_3D('',#10371,#10372,#10373);
#10371 = CARTESIAN_POINT('',(176.,172.,162.));
#10372 = DIRECTION('',(0.,0.,1.));
#10373 = DIRECTION('',(1.,0.,-0.));
#10374 = MANIFOLD_SOLID_BREP('',#10375);
#10375 = CLOSED_SHELL('',(#10376,#10409,#10429,#10449));
#10376 = ADVANCED_FACE('',(#10377),#10404,.T.);
#10377 = FACE_BOUND('',#10378,.T.);
#10378 = EDGE_LOOP('',(#10379,#10388,#10396,#10403));
#10379 = ORIENTED_EDGE('',*,*,#10380,.F.);
#10380 = EDGE_CURVE('',#10381,#10381,#10383,.T.);
#10381 = VERTEX_POINT('',#10382);
#10382 = CARTESIAN_POINT('',(276.8,172.,162.3));
#10383 = CIRCLE('',#10384,100.8);
#10384 = AXIS2_PLACEMENT_3D('',#10385,#10386,#10387);
#10385 = CARTESIAN_POINT('',(176.,172.,162.3));
#10386 = DIRECTION('',(0.,0.,1.));
#10387 = DIRECTION('',(1.,0.,-0.));
#10388 = ORIENTED_EDGE('',*,*,#10389,.F.);
#10389 = EDGE_CURVE('',#10390,#10381,#10392,.T.);
#10390 = VERTEX_POINT('',#10391);
#10391 = CARTESIAN_POINT('',(276.8,172.,162.));
#10392 = LINE('',#10393,#10394);
#10393 = CARTESIAN_POINT('',(276.8,172.,162.));
#10394 = VECTOR('',#10395,1.);
#10395 = DIRECTION('',(0.,0.,1.));
#10396 = ORIENTED_EDGE('',*,*,#10397,.T.);
#10397 = EDGE_CURVE('',#10390,#10390,#10398,.T.);
#10398 = CIRCLE('',#10399,100.8);
#10399 = AXIS2_PLACEMENT_3D('',#10400,#10401,#10402);
#10400 = CARTESIAN_POINT('',(176.,172.,162.));
#10401 = DIRECTION('',(0.,0.,1.));
#10402 = DIRECTION('',(1.,0.,-0.));
#10403 = ORIENTED_EDGE('',*,*,#10389,.T.);
#10404 = CYLINDRICAL_SURFACE('',#10405,100.8);
#10405 = AXIS2_PLACEMENT_3D('',#10406,#10407,#10408);
#10406 = CARTESIAN_POINT('',(176.,172.,162.));
#10407 = DIRECTION('',(0.,0.,1.));
#10408 = DIRECTION('',(1.,0.,-0.));
#10409 = ADVANCED_FACE('',(#10410,#10413),#10424,.T.);
#10410 = FACE_BOUND('',#10411,.T.);
#10411 = EDGE_LOOP('',(#10412));
#10412 = ORIENTED_EDGE('',*,*,#10380,.T.);
#10413 = FACE_BOUND('',#10414,.T.);
#10414 = EDGE_LOOP('',(#10415));
#10415 = ORIENTED_EDGE('',*,*,#10416,.F.);
#10416 = EDGE_CURVE('',#10417,#10417,#10419,.T.);
#10417 = VERTEX_POINT('',#10418);
#10418 = CARTESIAN_POINT('',(276.3,172.,162.3));
#10419 = CIRCLE('',#10420,100.3);
#10420 = AXIS2_PLACEMENT_3D('',#10421,#10422,#10423);
#10421 = CARTESIAN_POINT('',(176.,172.,162.3));
#10422 = DIRECTION('',(0.,0.,1.));
#10423 = DIRECTION('',(1.,0.,-0.));
#10424 = PLANE('',#10425);
#10425 = AXIS2_PLACEMENT_3D('',#10426,#10427,#10428);
#10426 = CARTESIAN_POINT('',(176.,172.,162.3));
#10427 = DIRECTION('',(0.,0.,1.));
#10428 = DIRECTION('',(1.,0.,-0.));
#10429 = ADVANCED_FACE('',(#10430,#10433),#10444,.F.);
#10430 = FACE_BOUND('',#10431,.F.);
#10431 = EDGE_LOOP('',(#10432));
#10432 = ORIENTED_EDGE('',*,*,#10397,.T.);
#10433 = FACE_BOUND('',#10434,.F.);
#10434 = EDGE_LOOP('',(#10435));
#10435 = ORIENTED_EDGE('',*,*,#10436,.F.);
#10436 = EDGE_CURVE('',#10437,#10437,#10439,.T.);
#10437 = VERTEX_POINT('',#10438);
#10438 = CARTESIAN_POINT('',(276.3,172.,162.));
#10439 = CIRCLE('',#10440,100.3);
#10440 = AXIS2_PLACEMENT_3D('',#10441,#10442,#10443);
#10441 = CARTESIAN_POINT('',(176.,172.,162.));
#10442 = DIRECTION('',(0.,0.,1.));
#10443 = DIRECTION('',(1.,0.,-0.));
#10444 = PLANE('',#10445);
#10445 = AXIS2_PLACEMENT_3D('',#10446,#10447,#10448);
#10446 = CARTESIAN_POINT('',(176.,172.,162.));
#10447 = DIRECTION('',(0.,0.,1.));
#10448 = DIRECTION('',(1.,0.,-0.));
#10449 = ADVANCED_FACE('',(#10450),#10461,.F.);
#10450 = FACE_BOUND('',#10451,.F.);
#10451 = EDGE_LOOP('',(#10452,#10453,#10459,#10460));
#10452 = ORIENTED_EDGE('',*,*,#10416,.F.);
#10453 = ORIENTED_EDGE('',*,*,#10454,.F.);
#10454 = EDGE_CURVE('',#10437,#10417,#10455,.T.);
#10455 = LINE('',#10456,#10457);
#10456 = CARTESIAN_POINT('',(276.3,172.,162.));
#10457 = VECTOR('',#10458,1.);
#10458 = DIRECTION('',(0.,0.,1.));
#10459 = ORIENTED_EDGE('',*,*,#10436,.T.);
#10460 = ORIENTED_EDGE('',*,*,#10454,.T.);
#10461 = CYLINDRICAL_SURFACE('',#10462,100.3);
#10462 = AXIS2_PLACEMENT_3D('',#10463,#10464,#10465);
#10463 = CARTESIAN_POINT('',(176.,172.,162.));
#10464 = DIRECTION('',(0.,0.,1.));
#10465 = DIRECTION('',(1.,0.,-0.));
#10466 = MANIFOLD_SOLID_BREP('',#10467);
#10467 = CLOSED_SHELL('',(#10468,#10501,#10521,#10541));
#10468 = ADVANCED_FACE('',(#10469),#10496,.T.);
#10469 = FACE_BOUND('',#10470,.T.);
#10470 = EDGE_LOOP('',(#10471,#10480,#10488,#10495));
#10471 = ORIENTED_EDGE('',*,*,#10472,.F.);
#10472 = EDGE_CURVE('',#10473,#10473,#10475,.T.);
#10473 = VERTEX_POINT('',#10474);
#10474 = CARTESIAN_POINT('',(312.,172.,162.3));
#10475 = CIRCLE('',#10476,136.);
#10476 = AXIS2_PLACEMENT_3D('',#10477,#10478,#10479);
#10477 = CARTESIAN_POINT('',(176.,172.,162.3));
#10478 = DIRECTION('',(0.,0.,1.));
#10479 = DIRECTION('',(1.,0.,-0.));
#10480 = ORIENTED_EDGE('',*,*,#10481,.F.);
#10481 = EDGE_CURVE('',#10482,#10473,#10484,.T.);
#10482 = VERTEX_POINT('',#10483);
#10483 = CARTESIAN_POINT('',(312.,172.,162.));
#10484 = LINE('',#10485,#10486);
#10485 = CARTESIAN_POINT('',(312.,172.,162.));
#10486 = VECTOR('',#10487,1.);
#10487 = DIRECTION('',(0.,0.,1.));
#10488 = ORIENTED_EDGE('',*,*,#10489,.T.);
#10489 = EDGE_CURVE('',#10482,#10482,#10490,.T.);
#10490 = CIRCLE('',#10491,136.);
#10491 = AXIS2_PLACEMENT_3D('',#10492,#10493,#10494);
#10492 = CARTESIAN_POINT('',(176.,172.,162.));
#10493 = DIRECTION('',(0.,0.,1.));
#10494 = DIRECTION('',(1.,0.,-0.));
#10495 = ORIENTED_EDGE('',*,*,#10481,.T.);
#10496 = CYLINDRICAL_SURFACE('',#10497,136.);
#10497 = AXIS2_PLACEMENT_3D('',#10498,#10499,#10500);
#10498 = CARTESIAN_POINT('',(176.,172.,162.));
#10499 = DIRECTION('',(0.,0.,1.));
#10500 = DIRECTION('',(1.,0.,-0.));
#10501 = ADVANCED_FACE('',(#10502,#10505),#10516,.T.);
#10502 = FACE_BOUND('',#10503,.T.);
#10503 = EDGE_LOOP('',(#10504));
#10504 = ORIENTED_EDGE('',*,*,#10472,.T.);
#10505 = FACE_BOUND('',#10506,.T.);
#10506 = EDGE_LOOP('',(#10507));
#10507 = ORIENTED_EDGE('',*,*,#10508,.F.);
#10508 = EDGE_CURVE('',#10509,#10509,#10511,.T.);
#10509 = VERTEX_POINT('',#10510);
#10510 = CARTESIAN_POINT('',(311.5,172.,162.3));
#10511 = CIRCLE('',#10512,135.5);
#10512 = AXIS2_PLACEMENT_3D('',#10513,#10514,#10515);
#10513 = CARTESIAN_POINT('',(176.,172.,162.3));
#10514 = DIRECTION('',(0.,0.,1.));
#10515 = DIRECTION('',(1.,0.,-0.));
#10516 = PLANE('',#10517);
#10517 = AXIS2_PLACEMENT_3D('',#10518,#10519,#10520);
#10518 = CARTESIAN_POINT('',(176.,172.,162.3));
#10519 = DIRECTION('',(0.,0.,1.));
#10520 = DIRECTION('',(1.,0.,-0.));
#10521 = ADVANCED_FACE('',(#10522,#10525),#10536,.F.);
#10522 = FACE_BOUND('',#10523,.F.);
#10523 = EDGE_LOOP('',(#10524));
#10524 = ORIENTED_EDGE('',*,*,#10489,.T.);
#10525 = FACE_BOUND('',#10526,.F.);
#10526 = EDGE_LOOP('',(#10527));
#10527 = ORIENTED_EDGE('',*,*,#10528,.F.);
#10528 = EDGE_CURVE('',#10529,#10529,#10531,.T.);
#10529 = VERTEX_POINT('',#10530);
#10530 = CARTESIAN_POINT('',(311.5,172.,162.));
#10531 = CIRCLE('',#10532,135.5);
#10532 = AXIS2_PLACEMENT_3D('',#10533,#10534,#10535);
#10533 = CARTESIAN_POINT('',(176.,172.,162.));
#10534 = DIRECTION('',(0.,0.,1.));
#10535 = DIRECTION('',(1.,0.,-0.));
#10536 = PLANE('',#10537);
#10537 = AXIS2_PLACEMENT_3D('',#10538,#10539,#10540);
#10538 = CARTESIAN_POINT('',(176.,172.,162.));
#10539 = DIRECTION('',(0.,0.,1.));
#10540 = DIRECTION('',(1.,0.,-0.));
#10541 = ADVANCED_FACE('',(#10542),#10553,.F.);
#10542 = FACE_BOUND('',#10543,.F.);
#10543 = EDGE_LOOP('',(#10544,#10545,#10551,#10552));
#10544 = ORIENTED_EDGE('',*,*,#10508,.F.);
#10545 = ORIENTED_EDGE('',*,*,#10546,.F.);
#10546 = EDGE_CURVE('',#10529,#10509,#10547,.T.);
#10547 = LINE('',#10548,#10549);
#10548 = CARTESIAN_POINT('',(311.5,172.,162.));
#10549 = VECTOR('',#10550,1.);
#10550 = DIRECTION('',(0.,0.,1.));
#10551 = ORIENTED_EDGE('',*,*,#10528,.T.);
#10552 = ORIENTED_EDGE('',*,*,#10546,.T.);
#10553 = CYLINDRICAL_SURFACE('',#10554,135.5);
#10554 = AXIS2_PLACEMENT_3D('',#10555,#10556,#10557);
#10555 = CARTESIAN_POINT('',(176.,172.,162.));
#10556 = DIRECTION('',(0.,0.,1.));
#10557 = DIRECTION('',(1.,0.,-0.));
#10558 = ( GEOMETRIC_REPRESENTATION_CONTEXT(3) 
GLOBAL_UNCERTAINTY_ASSIGNED_CONTEXT((#10562)) 
GLOBAL_UNIT_ASSIGNED_CONTEXT((#10559,#10560,#10561)) 
REPRESENTATION_CONTEXT('Context #1',
  '3D Context with UNIT and UNCERTAINTY') );
#10559 = ( LENGTH_UNIT() NAMED_UNIT(*) SI_UNIT(.MILLI.,.METRE.) );
#10560 = ( NAMED_UNIT(*) PLANE_ANGLE_UNIT() SI_UNIT($,.RADIAN.) );
#10561 = ( NAMED_UNIT(*) SI_UNIT($,.STERADIAN.) SOLID_ANGLE_UNIT() );
#10562 = UNCERTAINTY_MEASURE_WITH_UNIT(LENGTH_MEASURE(1.E-07),#10559,
  'distance_accuracy_value','confusion accuracy');
#10563 = CONTEXT_DEPENDENT_SHAPE_REPRESENTATION(#10564,#10566);
#10564 = ( REPRESENTATION_RELATIONSHIP('','',#10189,#10) 
REPRESENTATION_RELATIONSHIP_WITH_TRANSFORMATION(#10565) 
SHAPE_REPRESENTATION_RELATIONSHIP() );
#10565 = ITEM_DEFINED_TRANSFORMATION('','',#11,#215);
#10566 = PRODUCT_DEFINITION_SHAPE('Placement','Placement of an item',
  #10567);
#10567 = NEXT_ASSEMBLY_USAGE_OCCURRENCE('115','唱盘表面环纹示意'
  ,'',#5,#10184,$);
#10568 = PRODUCT_RELATED_PRODUCT_CATEGORY('part',$,(#10186));
#10569 = SHAPE_DEFINITION_REPRESENTATION(#10570,#10576);
#10570 = PRODUCT_DEFINITION_SHAPE('','',#10571);
#10571 = PRODUCT_DEFINITION('design','',#10572,#10575);
#10572 = PRODUCT_DEFINITION_FORMATION('','',#10573);
#10573 = PRODUCT('机芯主轴示意','机芯主轴示意','',(#10574));
#10574 = PRODUCT_CONTEXT('',#2,'mechanical');
#10575 = PRODUCT_DEFINITION_CONTEXT('part definition',#2,'design');
#10576 = ADVANCED_BREP_SHAPE_REPRESENTATION('',(#11,#10577),#10630);
#10577 = MANIFOLD_SOLID_BREP('',#10578);
#10578 = CLOSED_SHELL('',(#10579,#10612,#10621));
#10579 = ADVANCED_FACE('',(#10580),#10607,.T.);
#10580 = FACE_BOUND('',#10581,.T.);
#10581 = EDGE_LOOP('',(#10582,#10591,#10599,#10606));
#10582 = ORIENTED_EDGE('',*,*,#10583,.F.);
#10583 = EDGE_CURVE('',#10584,#10584,#10586,.T.);
#10584 = VERTEX_POINT('',#10585);
#10585 = CARTESIAN_POINT('',(179.5,172.,172.));
#10586 = CIRCLE('',#10587,3.5);
#10587 = AXIS2_PLACEMENT_3D('',#10588,#10589,#10590);
#10588 = CARTESIAN_POINT('',(176.,172.,172.));
#10589 = DIRECTION('',(0.,0.,1.));
#10590 = DIRECTION('',(1.,0.,-0.));
#10591 = ORIENTED_EDGE('',*,*,#10592,.F.);
#10592 = EDGE_CURVE('',#10593,#10584,#10595,.T.);
#10593 = VERTEX_POINT('',#10594);
#10594 = CARTESIAN_POINT('',(179.5,172.,162.));
#10595 = LINE('',#10596,#10597);
#10596 = CARTESIAN_POINT('',(179.5,172.,162.));
#10597 = VECTOR('',#10598,1.);
#10598 = DIRECTION('',(0.,0.,1.));
#10599 = ORIENTED_EDGE('',*,*,#10600,.T.);
#10600 = EDGE_CURVE('',#10593,#10593,#10601,.T.);
#10601 = CIRCLE('',#10602,3.5);
#10602 = AXIS2_PLACEMENT_3D('',#10603,#10604,#10605);
#10603 = CARTESIAN_POINT('',(176.,172.,162.));
#10604 = DIRECTION('',(0.,0.,1.));
#10605 = DIRECTION('',(1.,0.,-0.));
#10606 = ORIENTED_EDGE('',*,*,#10592,.T.);
#10607 = CYLINDRICAL_SURFACE('',#10608,3.5);
#10608 = AXIS2_PLACEMENT_3D('',#10609,#10610,#10611);
#10609 = CARTESIAN_POINT('',(176.,172.,162.));
#10610 = DIRECTION('',(0.,0.,1.));
#10611 = DIRECTION('',(1.,0.,-0.));
#10612 = ADVANCED_FACE('',(#10613),#10616,.T.);
#10613 = FACE_BOUND('',#10614,.T.);
#10614 = EDGE_LOOP('',(#10615));
#10615 = ORIENTED_EDGE('',*,*,#10583,.T.);
#10616 = PLANE('',#10617);
#10617 = AXIS2_PLACEMENT_3D('',#10618,#10619,#10620);
#10618 = CARTESIAN_POINT('',(176.,172.,172.));
#10619 = DIRECTION('',(0.,0.,1.));
#10620 = DIRECTION('',(1.,0.,-0.));
#10621 = ADVANCED_FACE('',(#10622),#10625,.F.);
#10622 = FACE_BOUND('',#10623,.T.);
#10623 = EDGE_LOOP('',(#10624));
#10624 = ORIENTED_EDGE('',*,*,#10600,.F.);
#10625 = PLANE('',#10626);
#10626 = AXIS2_PLACEMENT_3D('',#10627,#10628,#10629);
#10627 = CARTESIAN_POINT('',(176.,172.,162.));
#10628 = DIRECTION('',(0.,0.,1.));
#10629 = DIRECTION('',(1.,0.,-0.));
#10630 = ( GEOMETRIC_REPRESENTATION_CONTEXT(3) 
GLOBAL_UNCERTAINTY_ASSIGNED_CONTEXT((#10634)) 
GLOBAL_UNIT_ASSIGNED_CONTEXT((#10631,#10632,#10633)) 
REPRESENTATION_CONTEXT('Context #1',
  '3D Context with UNIT and UNCERTAINTY') );
#10631 = ( LENGTH_UNIT() NAMED_UNIT(*) SI_UNIT(.MILLI.,.METRE.) );
#10632 = ( NAMED_UNIT(*) PLANE_ANGLE_UNIT() SI_UNIT($,.RADIAN.) );
#10633 = ( NAMED_UNIT(*) SI_UNIT($,.STERADIAN.) SOLID_ANGLE_UNIT() );
#10634 = UNCERTAINTY_MEASURE_WITH_UNIT(LENGTH_MEASURE(1.E-07),#10631,
  'distance_accuracy_value','confusion accuracy');
#10635 = CONTEXT_DEPENDENT_SHAPE_REPRESENTATION(#10636,#10638);
#10636 = ( REPRESENTATION_RELATIONSHIP('','',#10576,#10) 
REPRESENTATION_RELATIONSHIP_WITH_TRANSFORMATION(#10637) 
SHAPE_REPRESENTATION_RELATIONSHIP() );
#10637 = ITEM_DEFINED_TRANSFORMATION('','',#11,#219);
#10638 = PRODUCT_DEFINITION_SHAPE('Placement','Placement of an item',
  #10639);
#10639 = NEXT_ASSEMBLY_USAGE_OCCURRENCE('116','机芯主轴示意','',#5
  ,#10571,$);
#10640 = PRODUCT_RELATED_PRODUCT_CATEGORY('part',$,(#10573));
#10641 = SHAPE_DEFINITION_REPRESENTATION(#10642,#10648);
#10642 = PRODUCT_DEFINITION_SHAPE('','',#10643);
#10643 = PRODUCT_DEFINITION('design','',#10644,#10647);
#10644 = PRODUCT_DEFINITION_FORMATION('','',#10645);
#10645 = PRODUCT('机芯自带唱臂支座示意',
  '机芯自带唱臂支座示意','',(#10646));
#10646 = PRODUCT_CONTEXT('',#2,'mechanical');
#10647 = PRODUCT_DEFINITION_CONTEXT('part definition',#2,'design');
#10648 = ADVANCED_BREP_SHAPE_REPRESENTATION('',(#11,#10649),#10799);
#10649 = MANIFOLD_SOLID_BREP('',#10650);
#10650 = CLOSED_SHELL('',(#10651,#10691,#10731,#10753,#10775,#10787));
#10651 = ADVANCED_FACE('',(#10652),#10686,.F.);
#10652 = FACE_BOUND('',#10653,.F.);
#10653 = EDGE_LOOP('',(#10654,#10664,#10672,#10680));
#10654 = ORIENTED_EDGE('',*,*,#10655,.F.);
#10655 = EDGE_CURVE('',#10656,#10658,#10660,.T.);
#10656 = VERTEX_POINT('',#10657);
#10657 = CARTESIAN_POINT('',(333.5,251.5,150.));
#10658 = VERTEX_POINT('',#10659);
#10659 = CARTESIAN_POINT('',(333.5,251.5,185.));
#10660 = LINE('',#10661,#10662);
#10661 = CARTESIAN_POINT('',(333.5,251.5,150.));
#10662 = VECTOR('',#10663,1.);
#10663 = DIRECTION('',(0.,0.,1.));
#10664 = ORIENTED_EDGE('',*,*,#10665,.T.);
#10665 = EDGE_CURVE('',#10656,#10666,#10668,.T.);
#10666 = VERTEX_POINT('',#10667);
#10667 = CARTESIAN_POINT('',(333.5,284.5,150.));
#10668 = LINE('',#10669,#10670);
#10669 = CARTESIAN_POINT('',(333.5,251.5,150.));
#10670 = VECTOR('',#10671,1.);
#10671 = DIRECTION('',(-0.,1.,0.));
#10672 = ORIENTED_EDGE('',*,*,#10673,.T.);
#10673 = EDGE_CURVE('',#10666,#10674,#10676,.T.);
#10674 = VERTEX_POINT('',#10675);
#10675 = CARTESIAN_POINT('',(333.5,284.5,185.));
#10676 = LINE('',#10677,#10678);
#10677 = CARTESIAN_POINT('',(333.5,284.5,150.));
#10678 = VECTOR('',#10679,1.);
#10679 = DIRECTION('',(0.,0.,1.));
#10680 = ORIENTED_EDGE('',*,*,#10681,.F.);
#10681 = EDGE_CURVE('',#10658,#10674,#10682,.T.);
#10682 = LINE('',#10683,#10684);
#10683 = CARTESIAN_POINT('',(333.5,251.5,185.));
#10684 = VECTOR('',#10685,1.);
#10685 = DIRECTION('',(-0.,1.,0.));
#10686 = PLANE('',#10687);
#10687 = AXIS2_PLACEMENT_3D('',#10688,#10689,#10690);
#10688 = CARTESIAN_POINT('',(333.5,251.5,150.));
#10689 = DIRECTION('',(1.,0.,-0.));
#10690 = DIRECTION('',(0.,0.,1.));
#10691 = ADVANCED_FACE('',(#10692),#10726,.T.);
#10692 = FACE_BOUND('',#10693,.T.);
#10693 = EDGE_LOOP('',(#10694,#10704,#10712,#10720));
#10694 = ORIENTED_EDGE('',*,*,#10695,.F.);
#10695 = EDGE_CURVE('',#10696,#10698,#10700,.T.);
#10696 = VERTEX_POINT('',#10697);
#10697 = CARTESIAN_POINT('',(358.5,251.5,150.));
#10698 = VERTEX_POINT('',#10699);
#10699 = CARTESIAN_POINT('',(358.5,251.5,185.));
#10700 = LINE('',#10701,#10702);
#10701 = CARTESIAN_POINT('',(358.5,251.5,150.));
#10702 = VECTOR('',#10703,1.);
#10703 = DIRECTION('',(0.,0.,1.));
#10704 = ORIENTED_EDGE('',*,*,#10705,.T.);
#10705 = EDGE_CURVE('',#10696,#10706,#10708,.T.);
#10706 = VERTEX_POINT('',#10707);
#10707 = CARTESIAN_POINT('',(358.5,284.5,150.));
#10708 = LINE('',#10709,#10710);
#10709 = CARTESIAN_POINT('',(358.5,251.5,150.));
#10710 = VECTOR('',#10711,1.);
#10711 = DIRECTION('',(-0.,1.,0.));
#10712 = ORIENTED_EDGE('',*,*,#10713,.T.);
#10713 = EDGE_CURVE('',#10706,#10714,#10716,.T.);
#10714 = VERTEX_POINT('',#10715);
#10715 = CARTESIAN_POINT('',(358.5,284.5,185.));
#10716 = LINE('',#10717,#10718);
#10717 = CARTESIAN_POINT('',(358.5,284.5,150.));
#10718 = VECTOR('',#10719,1.);
#10719 = DIRECTION('',(0.,0.,1.));
#10720 = ORIENTED_EDGE('',*,*,#10721,.F.);
#10721 = EDGE_CURVE('',#10698,#10714,#10722,.T.);
#10722 = LINE('',#10723,#10724);
#10723 = CARTESIAN_POINT('',(358.5,251.5,185.));
#10724 = VECTOR('',#10725,1.);
#10725 = DIRECTION('',(-0.,1.,0.));
#10726 = PLANE('',#10727);
#10727 = AXIS2_PLACEMENT_3D('',#10728,#10729,#10730);
#10728 = CARTESIAN_POINT('',(358.5,251.5,150.));
#10729 = DIRECTION('',(1.,0.,-0.));
#10730 = DIRECTION('',(0.,0.,1.));
#10731 = ADVANCED_FACE('',(#10732),#10748,.F.);
#10732 = FACE_BOUND('',#10733,.F.);
#10733 = EDGE_LOOP('',(#10734,#10740,#10741,#10747));
#10734 = ORIENTED_EDGE('',*,*,#10735,.F.);
#10735 = EDGE_CURVE('',#10656,#10696,#10736,.T.);
#10736 = LINE('',#10737,#10738);
#10737 = CARTESIAN_POINT('',(333.5,251.5,150.));
#10738 = VECTOR('',#10739,1.);
#10739 = DIRECTION('',(1.,0.,-0.));
#10740 = ORIENTED_EDGE('',*,*,#10655,.T.);
#10741 = ORIENTED_EDGE('',*,*,#10742,.T.);
#10742 = EDGE_CURVE('',#10658,#10698,#10743,.T.);
#10743 = LINE('',#10744,#10745);
#10744 = CARTESIAN_POINT('',(333.5,251.5,185.));
#10745 = VECTOR('',#10746,1.);
#10746 = DIRECTION('',(1.,0.,-0.));
#10747 = ORIENTED_EDGE('',*,*,#10695,.F.);
#10748 = PLANE('',#10749);
#10749 = AXIS2_PLACEMENT_3D('',#10750,#10751,#10752);
#10750 = CARTESIAN_POINT('',(333.5,251.5,150.));
#10751 = DIRECTION('',(-0.,1.,0.));
#10752 = DIRECTION('',(0.,0.,1.));
#10753 = ADVANCED_FACE('',(#10754),#10770,.T.);
#10754 = FACE_BOUND('',#10755,.T.);
#10755 = EDGE_LOOP('',(#10756,#10762,#10763,#10769));
#10756 = ORIENTED_EDGE('',*,*,#10757,.F.);
#10757 = EDGE_CURVE('',#10666,#10706,#10758,.T.);
#10758 = LINE('',#10759,#10760);
#10759 = CARTESIAN_POINT('',(333.5,284.5,150.));
#10760 = VECTOR('',#10761,1.);
#10761 = DIRECTION('',(1.,0.,-0.));
#10762 = ORIENTED_EDGE('',*,*,#10673,.T.);
#10763 = ORIENTED_EDGE('',*,*,#10764,.T.);
#10764 = EDGE_CURVE('',#10674,#10714,#10765,.T.);
#10765 = LINE('',#10766,#10767);
#10766 = CARTESIAN_POINT('',(333.5,284.5,185.));
#10767 = VECTOR('',#10768,1.);
#10768 = DIRECTION('',(1.,0.,-0.));
#10769 = ORIENTED_EDGE('',*,*,#10713,.F.);
#10770 = PLANE('',#10771);
#10771 = AXIS2_PLACEMENT_3D('',#10772,#10773,#10774);
#10772 = CARTESIAN_POINT('',(333.5,284.5,150.));
#10773 = DIRECTION('',(-0.,1.,0.));
#10774 = DIRECTION('',(0.,0.,1.));
#10775 = ADVANCED_FACE('',(#10776),#10782,.F.);
#10776 = FACE_BOUND('',#10777,.F.);
#10777 = EDGE_LOOP('',(#10778,#10779,#10780,#10781));
#10778 = ORIENTED_EDGE('',*,*,#10665,.F.);
#10779 = ORIENTED_EDGE('',*,*,#10735,.T.);
#10780 = ORIENTED_EDGE('',*,*,#10705,.T.);
#10781 = ORIENTED_EDGE('',*,*,#10757,.F.);
#10782 = PLANE('',#10783);
#10783 = AXIS2_PLACEMENT_3D('',#10784,#10785,#10786);
#10784 = CARTESIAN_POINT('',(333.5,251.5,150.));
#10785 = DIRECTION('',(0.,0.,1.));
#10786 = DIRECTION('',(1.,0.,-0.));
#10787 = ADVANCED_FACE('',(#10788),#10794,.T.);
#10788 = FACE_BOUND('',#10789,.T.);
#10789 = EDGE_LOOP('',(#10790,#10791,#10792,#10793));
#10790 = ORIENTED_EDGE('',*,*,#10681,.F.);
#10791 = ORIENTED_EDGE('',*,*,#10742,.T.);
#10792 = ORIENTED_EDGE('',*,*,#10721,.T.);
#10793 = ORIENTED_EDGE('',*,*,#10764,.F.);
#10794 = PLANE('',#10795);
#10795 = AXIS2_PLACEMENT_3D('',#10796,#10797,#10798);
#10796 = CARTESIAN_POINT('',(333.5,251.5,185.));
#10797 = DIRECTION('',(0.,0.,1.));
#10798 = DIRECTION('',(1.,0.,-0.));
#10799 = ( GEOMETRIC_REPRESENTATION_CONTEXT(3) 
GLOBAL_UNCERTAINTY_ASSIGNED_CONTEXT((#10803)) 
GLOBAL_UNIT_ASSIGNED_CONTEXT((#10800,#10801,#10802)) 
REPRESENTATION_CONTEXT('Context #1',
  '3D Context with UNIT and UNCERTAINTY') );
#10800 = ( LENGTH_UNIT() NAMED_UNIT(*) SI_UNIT(.MILLI.,.METRE.) );
#10801 = ( NAMED_UNIT(*) PLANE_ANGLE_UNIT() SI_UNIT($,.RADIAN.) );
#10802 = ( NAMED_UNIT(*) SI_UNIT($,.STERADIAN.) SOLID_ANGLE_UNIT() );
#10803 = UNCERTAINTY_MEASURE_WITH_UNIT(LENGTH_MEASURE(1.E-07),#10800,
  'distance_accuracy_value','confusion accuracy');
#10804 = CONTEXT_DEPENDENT_SHAPE_REPRESENTATION(#10805,#10807);
#10805 = ( REPRESENTATION_RELATIONSHIP('','',#10648,#10) 
REPRESENTATION_RELATIONSHIP_WITH_TRANSFORMATION(#10806) 
SHAPE_REPRESENTATION_RELATIONSHIP() );
#10806 = ITEM_DEFINED_TRANSFORMATION('','',#11,#223);
#10807 = PRODUCT_DEFINITION_SHAPE('Placement','Placement of an item',
  #10808);
#10808 = NEXT_ASSEMBLY_USAGE_OCCURRENCE('117',
  '机芯自带唱臂支座示意','',#5,#10643,$);
#10809 = PRODUCT_RELATED_PRODUCT_CATEGORY('part',$,(#10645));
#10810 = SHAPE_DEFINITION_REPRESENTATION(#10811,#10817);
#10811 = PRODUCT_DEFINITION_SHAPE('','',#10812);
#10812 = PRODUCT_DEFINITION('design','',#10813,#10816);
#10813 = PRODUCT_DEFINITION_FORMATION('','',#10814);
#10814 = PRODUCT('弯臂外观近似（停放姿态）',
  '弯臂外观近似（停放姿态）','',(#10815));
#10815 = PRODUCT_CONTEXT('',#2,'mechanical');
#10816 = PRODUCT_DEFINITION_CONTEXT('part definition',#2,'design');
#10817 = ADVANCED_BREP_SHAPE_REPRESENTATION('',(#11,#10818),#12470);
#10818 = MANIFOLD_SOLID_BREP('',#10819);
#10819 = CLOSED_SHELL('',(#10820,#12452,#12461));
#10820 = ADVANCED_FACE('',(#10821),#11051,.T.);
#10821 = FACE_BOUND('',#10822,.T.);
#10822 = EDGE_LOOP('',(#10823,#11030,#11040,#11041));
#10823 = ORIENTED_EDGE('',*,*,#10824,.T.);
#10824 = EDGE_CURVE('',#10825,#10827,#10829,.T.);
#10825 = VERTEX_POINT('',#10826);
#10826 = CARTESIAN_POINT('',(349.19494054811,268.17979432904,
    184.99462475766));
#10827 = VERTEX_POINT('',#10828);
#10828 = CARTESIAN_POINT('',(368.90055227819,63.427239131573,
    177.09382191511));
#10829 = ( BOUNDED_CURVE() B_SPLINE_CURVE(11,(#10830,#10831,#10832,
    #10833,#10834,#10835,#10836,#10837,#10838,#10839,#10840,#10841,
    #10842,#10843,#10844,#10845,#10846,#10847,#10848,#10849,#10850,
    #10851,#10852,#10853,#10854,#10855,#10856,#10857,#10858,#10859,
    #10860,#10861,#10862,#10863,#10864,#10865,#10866,#10867,#10868,
    #10869,#10870,#10871,#10872,#10873,#10874,#10875,#10876,#10877,
    #10878,#10879,#10880,#10881,#10882,#10883,#10884,#10885,#10886,
    #10887,#10888,#10889,#10890,#10891,#10892,#10893,#10894,#10895,
    #10896,#10897,#10898,#10899,#10900,#10901,#10902,#10903,#10904,
    #10905,#10906,#10907,#10908,#10909,#10910,#10911,#10912,#10913,
    #10914,#10915,#10916,#10917,#10918,#10919,#10920,#10921,#10922,
    #10923,#10924,#10925,#10926,#10927,#10928,#10929,#10930,#10931,
    #10932,#10933,#10934,#10935,#10936,#10937,#10938,#10939,#10940,
    #10941,#10942,#10943,#10944,#10945,#10946,#10947,#10948,#10949,
    #10950,#10951,#10952,#10953,#10954,#10955,#10956,#10957,#10958,
    #10959,#10960,#10961,#10962,#10963,#10964,#10965,#10966,#10967,
    #10968,#10969,#10970,#10971,#10972,#10973,#10974,#10975,#10976,
    #10977,#10978,#10979,#10980,#10981,#10982,#10983,#10984,#10985,
    #10986,#10987,#10988,#10989,#10990,#10991,#10992,#10993,#10994,
    #10995,#10996,#10997,#10998,#10999,#11000,#11001,#11002,#11003,
    #11004,#11005,#11006,#11007,#11008,#11009,#11010,#11011,#11012,
    #11013,#11014,#11015,#11016,#11017,#11018,#11019,#11020,#11021,
    #11022,#11023,#11024,#11025,#11026,#11027,#11028,#11029),
.UNSPECIFIED.,.F.,.F.) B_SPLINE_CURVE_WITH_KNOTS((12,9,9,11,9,9,9,11,9,9
    ,11,9,9,9,9,9,9,9,9,9,11,12),(0.,20.137695562571,40.275391125143,50.
    ,56.470063720103,77.501211142162,95.917929502684,108.15496539419,
    117.07684188216,138.23575426164,155.14432589207,159.39466664113,
    160.85769168795,161.77912344619,162.54356448567,164.43601357257,
    165.92090984481,168.07929752171,171.27522200896,176.04894755319,
188.26531621543,211.58912379481),.UNSPECIFIED.) CURVE() 
GEOMETRIC_REPRESENTATION_ITEM() RATIONAL_B_SPLINE_CURVE((1.669078461068,
    1.669078461068,1.669078461068,1.669078461068,1.669078461068,
    1.669078461068,1.669078461068,1.669078461068,1.669078461068,
    1.669078461068,1.669078461068,1.669078461068,1.669078461069,
    1.669078461068,1.669078461069,1.669078461067,1.669078461069,
    1.669078461068,1.669078461068,1.669078461068,1.669078461068,
    1.669078461069,1.669078461066,1.669078461072,1.669078461065,
    1.669078461071,1.669078461067,1.669078461069,1.669078461068,
    1.669078461068,1.669078461068,1.669078461069,1.669078461066,
    1.669078461072,1.669078461064,1.669078461072,1.669078461066,
    1.669078461069,1.669078461068,1.669078461069,1.669078461068,
    1.66907846107,1.669078461066,1.669078461071,1.669078461066,
    1.66907846107,1.669078461067,1.669078461068,1.669078461068,
    1.669078461068,1.669078461068,1.669078461069,1.669078461068,
    1.669078461069,1.669078461068,1.669078461068,1.669078461068,
    1.669078461068,1.669078461068,1.669078461068,1.669078461068,
    1.669078461068,1.669078461068,1.669078461068,1.669078461068,
    1.669078461068,1.669078461068,1.669078461068,1.669078461068,
    1.669078461068,1.669078461069,1.669078461067,1.66907846107,
    1.669078461067,1.669078461069,1.669078461068,1.669078461068,
    1.669078461068,1.669078461069,1.669078461067,1.66907846107,
    1.669078461066,1.66907846107,1.669078461067,1.669078461069,
    1.669078461068,1.669078461068,1.669078461068,1.669078461068,
    1.669078461068,1.669078461069,1.669078461068,1.669078461069,
    1.669078461068,1.669078461068,1.669078461068,1.669078461068,
    1.669078461068,1.669078461068,1.669078461068,1.669078461069,
    1.669078461068,1.669078461069,1.669078461068,1.669078461068,
    1.669078461068,1.669078461068,1.669078461068,1.669078461068,
    1.669078461069,1.669078461067,1.669078461069,1.669078461068,
    1.669078461069,1.669078461068,1.669078461068,1.669078461068,
    1.669078461068,1.669078461068,1.669078461069,1.669078461068,
    1.669078461068,1.669078461068,1.669078461068,1.669078461068,
    1.669078461068,1.669078461069,1.669078461067,1.66907846107,
    1.669078461067,1.669078461069,1.669078461068,1.669078461068,
    1.669078461068,1.669078461068,1.669078461068,1.669078461068,
    1.669078461068,1.669078461068,1.669078461068,1.669078461068,
    1.669078461068,1.669078461068,1.669078461068,1.669078461068,
    1.669078461069,1.669078461067,1.669078461069,1.669078461068,
    1.669078461069,1.669078461068,1.669078461068,1.669078461068,
    1.669078461068,1.669078461068,1.669078461068,1.669078461068,
    1.669078461068,1.669078461068,1.669078461068,1.669078461068,
    1.669078461068,1.669078461068,1.669078461068,1.669078461068,
    1.669078461069,1.669078461068,1.669078461068,1.669078461068,
    1.669078461068,1.669078461068,1.669078461069,1.669078461067,
    1.66907846107,1.669078461067,1.669078461069,1.669078461068,
    1.669078461068,1.669078461068,1.669078461069,1.669078461067,
    1.66907846107,1.669078461066,1.66907846107,1.669078461067,
    1.669078461069,1.669078461068,1.669078461068,1.669078461068,
    1.669078461068,1.669078461068,1.669078461069,1.669078461068,
    1.669078461069,1.669078461067,1.669078461069,1.669078461068,
1.669078461068,1.669078461068,1.669078461068)) REPRESENTATION_ITEM('') 
  );
#10830 = CARTESIAN_POINT('',(349.19494054811,268.17979432904,
    184.99462475766));
#10831 = CARTESIAN_POINT('',(349.29743077499,266.35689975928,
    184.93957152496));
#10832 = CARTESIAN_POINT('',(349.38201440107,264.53294417858,
    184.91762692747));
#10833 = CARTESIAN_POINT('',(349.45427203659,262.70787730331,
    184.92323836078));
#10834 = CARTESIAN_POINT('',(349.51656382832,260.88138741301,
    184.95066270927));
#10835 = CARTESIAN_POINT('',(349.56945399308,259.05315229691,
    184.99430657753));
#10836 = CARTESIAN_POINT('',(349.61274926007,257.22296076715,
    185.04883950788));
#10837 = CARTESIAN_POINT('',(349.64619210812,255.39074115147,
    185.10918506512));
#10838 = CARTESIAN_POINT('',(349.66984968348,253.55653318009,
    185.1704946695));
#10839 = CARTESIAN_POINT('',(349.68423928402,251.72043968,
    185.22820905876));
#10840 = CARTESIAN_POINT('',(349.69622330748,248.04474930076,
    185.32841546187));
#10841 = CARTESIAN_POINT('',(349.6783959704,244.36279377189,
    185.3864918359));
#10842 = CARTESIAN_POINT('',(349.66300589709,242.52043481815,
    185.40179300901));
#10843 = CARTESIAN_POINT('',(349.64209086521,240.67686902638,
    185.40310168283));
#10844 = CARTESIAN_POINT('',(349.6168478446,238.83242016055,
    185.38518766265));
#10845 = CARTESIAN_POINT('',(349.58790666278,236.98715421088,
    185.3566442407));
#10846 = CARTESIAN_POINT('',(349.5549571028,235.1413497086,
    185.31776112316));
#10847 = CARTESIAN_POINT('',(349.51872633599,233.29523281045,
    185.27239204024));
#10848 = CARTESIAN_POINT('',(349.48143845037,231.44836046143,
    185.25069344568));
#10849 = CARTESIAN_POINT('',(349.42326891441,228.70839221149,
    185.25030937351));
#10850 = CARTESIAN_POINT('',(349.36413187808,225.96839656199,
    185.21379918562));
#10851 = CARTESIAN_POINT('',(349.34486866524,225.07611557898,
    185.19984192474));
#10852 = CARTESIAN_POINT('',(349.32561566739,224.1838398635,
    185.18399376516));
#10853 = CARTESIAN_POINT('',(349.30655403834,223.2916248741,
    185.1641801636));
#10854 = CARTESIAN_POINT('',(349.28784402157,222.3995433642,
    185.13806865005));
#10855 = CARTESIAN_POINT('',(349.26946657157,221.50764247363,
    185.10521120967));
#10856 = CARTESIAN_POINT('',(349.2512994691,220.61591142138,
    185.067943163));
#10857 = CARTESIAN_POINT('',(349.23337869304,219.72427258848,
    185.0307634131));
#10858 = CARTESIAN_POINT('',(349.2160402135,218.83259491685,
    184.99903818246));
#10859 = CARTESIAN_POINT('',(349.19938177329,217.94071468568,
    184.97898761688));
#10860 = CARTESIAN_POINT('',(349.18815754942,217.34787926014,
    184.94262131191));
#10861 = CARTESIAN_POINT('',(349.17706384303,216.75499794739,
    184.91074862394));
#10862 = CARTESIAN_POINT('',(349.16627191465,216.16197689604,
    184.88718412615));
#10863 = CARTESIAN_POINT('',(349.15598286348,215.56893846043,
    184.86638906099));
#10864 = CARTESIAN_POINT('',(349.14601978406,214.97586229596,
    184.85001267956));
#10865 = CARTESIAN_POINT('',(349.13668688637,214.38270893122,
    184.83886496952));
#10866 = CARTESIAN_POINT('',(349.12766050365,213.78963312869,
    184.82772677277));
#10867 = CARTESIAN_POINT('',(349.119124769,213.19655480647,184.81967144)
  );
#10868 = CARTESIAN_POINT('',(349.1109813089,212.60357056049,
    184.81144129614));
#10869 = CARTESIAN_POINT('',(349.07820884357,210.08356725563,
    184.77394717299));
#10870 = CARTESIAN_POINT('',(349.05363866901,207.56652921837,
    184.70329723832));
#10871 = CARTESIAN_POINT('',(349.04089578328,205.64350022915,
    184.6395842693));
#10872 = CARTESIAN_POINT('',(349.03499683277,203.72249535623,
    184.57094286449));
#10873 = CARTESIAN_POINT('',(349.03666013371,201.80375007964,
    184.49945254425));
#10874 = CARTESIAN_POINT('',(349.04667624543,199.88753294709,
    184.42585708371));
#10875 = CARTESIAN_POINT('',(349.06591079436,197.97413794649,
    184.3502182433));
#10876 = CARTESIAN_POINT('',(349.09523370768,196.06388296457,
    184.27212782891));
#10877 = CARTESIAN_POINT('',(349.13544950983,194.15711085708,
    184.19072344828));
#10878 = CARTESIAN_POINT('',(349.2327110959,190.58782485228,
    184.0294703495));
#10879 = CARTESIAN_POINT('',(349.37388040637,187.03345596999,
    183.84764405472));
#10880 = CARTESIAN_POINT('',(349.44989977859,185.37749833042,
    183.75882075146));
#10881 = CARTESIAN_POINT('',(349.53657184121,183.72517492339,
    183.66650692388));
#10882 = CARTESIAN_POINT('',(349.63443561924,182.07667643231,
    183.57106902807));
#10883 = CARTESIAN_POINT('',(349.74403016163,180.43219248348,
    183.47281577383));
#10884 = CARTESIAN_POINT('',(349.86589464845,178.79191113999,
    183.37201440029));
#10885 = CARTESIAN_POINT('',(350.00056766992,177.15601832017,
    183.26890247867));
#10886 = CARTESIAN_POINT('',(350.14858567722,175.52469714048,
    183.16369524255));
#10887 = CARTESIAN_POINT('',(350.41805210641,172.81734859022,
    182.98542105842));
#10888 = CARTESIAN_POINT('',(350.72741546951,170.12364832043,
    182.80236819914));
#10889 = CARTESIAN_POINT('',(350.8574247899,169.05059200995,
    182.72790742522));
#10890 = CARTESIAN_POINT('',(350.99409936198,167.97991195652,
    182.65143418662));
#10891 = CARTESIAN_POINT('',(351.13759776776,166.91171591235,
    182.57231947895));
#10892 = CARTESIAN_POINT('',(351.28808201131,165.84611770414,
    182.4899323075));
#10893 = CARTESIAN_POINT('',(351.44571324076,164.78323685683,
    182.40363997576));
#10894 = CARTESIAN_POINT('',(351.61064398908,163.72319712484,
    182.31280838219));
#10895 = CARTESIAN_POINT('',(351.78300693389,162.66612393097,
    182.21680232535));
#10896 = CARTESIAN_POINT('',(351.96290017605,161.61214071279,
    182.11498581721));
#10897 = CARTESIAN_POINT('',(352.15036903718,160.56136417666,
    182.00672240474));
#10898 = CARTESIAN_POINT('',(352.28749044058,159.7923754126,
    181.962053982));
#10899 = CARTESIAN_POINT('',(352.42854963949,159.02499747359,
    181.91340849781));
#10900 = CARTESIAN_POINT('',(352.57367287707,158.25924974844,
    181.860600662));
#10901 = CARTESIAN_POINT('',(352.72298262871,157.49515419327,
    181.80344670337));
#10902 = CARTESIAN_POINT('',(352.87659192093,156.7327328652,
    181.74176394792));
#10903 = CARTESIAN_POINT('',(353.0345986502,155.97200545589,
    181.67537039697));
#10904 = CARTESIAN_POINT('',(353.19707990184,155.2129868252,
    181.60408430538));
#10905 = CARTESIAN_POINT('',(353.36408626891,154.45568453476,
    181.52772375973));
#10906 = CARTESIAN_POINT('',(353.53563617101,153.70009638166,
    181.44610625648));
#10907 = CARTESIAN_POINT('',(354.12928313449,151.15830382088,
    181.15258363179));
#10908 = CARTESIAN_POINT('',(354.77364211218,148.6355015351,
    180.79511386289));
#10909 = CARTESIAN_POINT('',(355.25121861194,146.86840424633,
    180.5257997394));
#10910 = CARTESIAN_POINT('',(355.75228654415,145.10651192986,
    180.25193188527));
#10911 = CARTESIAN_POINT('',(356.27822424907,143.34774912272,
    179.98784959391));
#10912 = CARTESIAN_POINT('',(356.83328732101,141.5909317695,
    179.74749685719));
#10913 = CARTESIAN_POINT('',(357.42371095915,139.83611961197,
    179.54358274653));
#10914 = CARTESIAN_POINT('',(358.05536640767,138.08414528689,
    179.38862836845));
#10915 = CARTESIAN_POINT('',(358.73010164058,136.33504202347,
    179.29703496448));
#10916 = CARTESIAN_POINT('',(360.00894598461,133.18698091444,
    179.27562646394));
#10917 = CARTESIAN_POINT('',(361.33445026325,130.00104093467,
    179.54807221896));
#10918 = CARTESIAN_POINT('',(361.92111025613,128.57577069353,
    179.70000980712));
#10919 = CARTESIAN_POINT('',(362.49949521325,127.13903545095,
    179.85424412798));
#10920 = CARTESIAN_POINT('',(363.07361341357,125.6927823623,
    179.97886602805));
#10921 = CARTESIAN_POINT('',(363.66825463089,124.24880862773,
    180.04811772718));
#10922 = CARTESIAN_POINT('',(364.31233986767,122.82192917061,
    180.0476370219));
#10923 = CARTESIAN_POINT('',(365.02949890497,121.42642104761,
    179.97246522614));
#10924 = CARTESIAN_POINT('',(365.83896389039,120.07726992505,
    179.80856724708));
#10925 = CARTESIAN_POINT('',(366.73276488614,118.77689485116,
    179.50438467457));
#10926 = CARTESIAN_POINT('',(367.64528680312,117.48588794235,
    179.01715030941));
#10927 = CARTESIAN_POINT('',(367.86715279275,117.15510493804,
    178.92336604186));
#10928 = CARTESIAN_POINT('',(368.09091632651,116.82424057395,
    178.82308246191));
#10929 = CARTESIAN_POINT('',(368.31591446991,116.49292792416,
    178.71664964175));
#10930 = CARTESIAN_POINT('',(368.54121655415,116.1606047948,
    178.60472843327));
#10931 = CARTESIAN_POINT('',(368.76615346618,115.82683886153,
    178.48834597503));
#10932 = CARTESIAN_POINT('',(368.99004209348,115.49114385598,
    178.36919415214));
#10933 = CARTESIAN_POINT('',(369.21206896549,115.15289738714,
    178.24991172178));
#10934 = CARTESIAN_POINT('',(369.43169545562,114.81158137993,
    178.13443989548));
#10935 = CARTESIAN_POINT('',(369.64934523093,114.4671765233,
    178.02889024861));
#10936 = CARTESIAN_POINT('',(369.94129192561,114.00070213626,
    177.91439370776));
#10937 = CARTESIAN_POINT('',(370.23372813624,113.52876689747,
    177.87175160739));
#10938 = CARTESIAN_POINT('',(370.3086906668,113.40766324807,
    177.86432505258));
#10939 = CARTESIAN_POINT('',(370.38373699239,113.28637348705,
    177.85931308867));
#10940 = CARTESIAN_POINT('',(370.45885949873,113.164949786,
    177.85575754273));
#10941 = CARTESIAN_POINT('',(370.53405173915,113.04343551476,
    177.85284710987));
#10942 = CARTESIAN_POINT('',(370.60931334135,112.92186745448,
    177.84994442179));
#10943 = CARTESIAN_POINT('',(370.68464896944,112.8002767277,
    177.84656635406));
#10944 = CARTESIAN_POINT('',(370.76006485467,112.67869277119,
    177.84227054015));
#10945 = CARTESIAN_POINT('',(370.88311824416,112.48060844113,
    177.83270438779));
#10946 = CARTESIAN_POINT('',(371.00641724249,112.28283660703,
    177.81547402851));
#10947 = CARTESIAN_POINT('',(371.05408666018,112.20640788556,
    177.80847256282));
#10948 = CARTESIAN_POINT('',(371.10177094713,112.12993395769,
    177.80186921648));
#10949 = CARTESIAN_POINT('',(371.14946565045,112.05338365863,
    177.79624802918));
#10950 = CARTESIAN_POINT('',(371.19716778377,111.97673858613,
    177.79196823836));
#10951 = CARTESIAN_POINT('',(371.24487492478,111.89999418074,
    177.78912600466));
#10952 = CARTESIAN_POINT('',(371.29258529144,111.8231599221,
    177.78754549173));
#10953 = CARTESIAN_POINT('',(371.34029879658,111.74625863984,
    177.78679930049));
#10954 = CARTESIAN_POINT('',(371.42760892998,111.6054989693,
    177.78580939602));
#10955 = CARTESIAN_POINT('',(371.51497650807,111.46477782404,
    177.78298954889));
#10956 = CARTESIAN_POINT('',(371.55460491319,111.40097980659,
    177.78129693818));
#10957 = CARTESIAN_POINT('',(371.59424750737,111.33719825222,
    177.77909380575));
#10958 = CARTESIAN_POINT('',(371.63390570606,111.273438754,
    177.77628648606));
#10959 = CARTESIAN_POINT('',(371.67357975608,111.20970357647,
    177.77283346133));
#10960 = CARTESIAN_POINT('',(371.71326817607,111.14598956819,
    177.7687822231));
#10961 = CARTESIAN_POINT('',(371.75296754106,111.08228692972,
    177.76429372252));
#10962 = CARTESIAN_POINT('',(371.79267261112,111.01857883769,
    177.7596544094));
#10963 = CARTESIAN_POINT('',(371.93066844462,110.79705491806,
    177.74443633005));
#10964 = CARTESIAN_POINT('',(372.06856782775,110.57483764853,
    177.73869705623));
#10965 = CARTESIAN_POINT('',(372.16681035066,110.41654534312,
    177.73344962151));
#10966 = CARTESIAN_POINT('',(372.2650828647,110.25831342132,
    177.72572091743));
#10967 = CARTESIAN_POINT('',(372.36336650883,110.10009570161,
    177.71627447518));
#10968 = CARTESIAN_POINT('',(372.46163292062,109.94181950292,
    177.70638395146));
#10969 = CARTESIAN_POINT('',(372.55985630745,109.78343154427,
    177.6970228931));
#10970 = CARTESIAN_POINT('',(372.65801919136,109.62491161626,
    177.68859832838));
#10971 = CARTESIAN_POINT('',(372.75611319732,109.46626741245,
    177.68100703856));
#10972 = CARTESIAN_POINT('',(372.93104932903,109.18296696612,
    177.66813320503));
#10973 = CARTESIAN_POINT('',(373.10575702689,108.89947612209,
    177.65400992473));
#10974 = CARTESIAN_POINT('',(373.18251571503,108.77478035227,
    177.64790199814));
#10975 = CARTESIAN_POINT('',(373.25921252384,108.65001837519,
    177.64211097519));
#10976 = CARTESIAN_POINT('',(373.33584092492,108.52518489934,
    177.63674550733));
#10977 = CARTESIAN_POINT('',(373.41239545169,108.40027919794,
    177.63182604471));
#10978 = CARTESIAN_POINT('',(373.48887148728,108.27530411184,
    177.62730073254));
#10979 = CARTESIAN_POINT('',(373.56526517859,108.150265281,
    177.62305872041));
#10980 = CARTESIAN_POINT('',(373.64157347669,108.02517060305,
    177.61894088482));
#10981 = CARTESIAN_POINT('',(373.82858594313,107.71813027336,
    177.60865329845));
#10982 = CARTESIAN_POINT('',(374.01506693015,107.41088343774,
    177.5965059368));
#10983 = CARTESIAN_POINT('',(374.12533605696,107.22876733443,
    177.58906433251));
#10984 = CARTESIAN_POINT('',(374.23537798747,107.04654311033,
    177.58164068777));
#10985 = CARTESIAN_POINT('',(374.34517456162,106.86420261479,
    177.57438596653));
#10986 = CARTESIAN_POINT('',(374.4547088396,106.68174205819,
    177.56736592525));
#10987 = CARTESIAN_POINT('',(374.56396494754,106.49916080732,
    177.56058267928));
#10988 = CARTESIAN_POINT('',(374.67292793654,106.31646046753,
    177.55399089454));
#10989 = CARTESIAN_POINT('',(374.78158365433,106.13364425325,
    177.54750860454));
#10990 = CARTESIAN_POINT('',(375.05033022147,105.67985574902,
    177.53141890437));
#10991 = CARTESIAN_POINT('',(375.31702365024,105.22541677738,
    177.51441879617));
#10992 = CARTESIAN_POINT('',(375.47542215588,104.95391702637,
    177.50425708375));
#10993 = CARTESIAN_POINT('',(375.63297865584,104.68215379296,
    177.49427297427));
#10994 = CARTESIAN_POINT('',(375.78964004991,104.41011849482,
    177.48456942105));
#10995 = CARTESIAN_POINT('',(375.94535423409,104.1378054796,
    177.47518361143));
#10996 = CARTESIAN_POINT('',(376.10006984906,103.86521094721,
    177.46610539299));
#10997 = CARTESIAN_POINT('',(376.25373609422,103.59233216814,
    177.45729068992));
#10998 = CARTESIAN_POINT('',(376.40630260747,103.31916699563,
    177.44866990956));
#10999 = CARTESIAN_POINT('',(376.78388941638,102.63725874469,
    177.42742722198));
#11000 = CARTESIAN_POINT('',(377.15401841914,101.95355078077,
    177.4061022248));
#11001 = CARTESIAN_POINT('',(377.37286775135,101.54334217813,
    177.39350798261));
#11002 = CARTESIAN_POINT('',(377.58868599817,101.1324305602,
    177.38121611291));
#11003 = CARTESIAN_POINT('',(377.80129539708,100.72078992668,
    177.36928559433));
#11004 = CARTESIAN_POINT('',(378.01051754305,100.30839461999,
    177.35772865916));
#11005 = CARTESIAN_POINT('',(378.21617296986,99.895218573132,
    177.34652443589));
#11006 = CARTESIAN_POINT('',(378.4180807423,99.481234810664,
    177.3356287645));
#11007 = CARTESIAN_POINT('',(378.61605805831,99.066415202494,
    177.32498018416));
#11008 = CARTESIAN_POINT('',(379.30602866449,97.586957976544,
    177.28768777117));
#11009 = CARTESIAN_POINT('',(379.94149028504,96.096160046916,
    177.25137175187));
#11010 = CARTESIAN_POINT('',(380.3670181313,95.017763572392,
    177.22675423517));
#11011 = CARTESIAN_POINT('',(380.75781809298,93.932301712053,
    177.20411787823));
#11012 = CARTESIAN_POINT('',(381.11039612083,92.839143911598,
    177.18367706661));
#11013 = CARTESIAN_POINT('',(381.42104426941,91.737668295004,
    177.16550896956));
#11014 = CARTESIAN_POINT('',(381.685776463,90.627370830085,
    177.1496175571));
#11015 = CARTESIAN_POINT('',(381.90029746976,89.508016557717,
    177.13595274882));
#11016 = CARTESIAN_POINT('',(382.06004221503,88.379809313259,
    177.12441061594));
#11017 = CARTESIAN_POINT('',(382.16032256491,87.243556371689,
    177.11484055886));
#11018 = CARTESIAN_POINT('',(382.19661871119,86.100804445483,
    177.10708538179));
#11019 = CARTESIAN_POINT('',(382.26631103666,83.919174514568,
    177.08036094819));
#11020 = CARTESIAN_POINT('',(382.10229179919,81.727304518123,
    177.06261959888));
#11021 = CARTESIAN_POINT('',(381.68797091305,79.536496833785,
    177.05273155875));
#11022 = CARTESIAN_POINT('',(381.0088169644,77.362398296488,
    177.0495699688));
#11023 = CARTESIAN_POINT('',(380.06152262263,75.228012843803,
    177.05188495071));
#11024 = CARTESIAN_POINT('',(378.85212675907,73.146739989906,
    177.05816945597));
#11025 = CARTESIAN_POINT('',(377.38714954628,71.118187104867,
    177.0667724236));
#11026 = CARTESIAN_POINT('',(375.66621624877,69.136571144807,
    177.07610916498));
#11027 = CARTESIAN_POINT('',(373.682687769,67.197724626708,
    177.08471630559));
#11028 = CARTESIAN_POINT('',(371.43048125996,65.296051302879,
    177.09109904156));
#11029 = CARTESIAN_POINT('',(368.90055227819,63.427239131573,
    177.09382191511));
#11030 = ORIENTED_EDGE('',*,*,#11031,.F.);
#11031 = EDGE_CURVE('',#10827,#10827,#11032,.T.);
#11032 = ( BOUNDED_CURVE() B_SPLINE_CURVE(6,(#11033,#11034,#11035,#11036
    ,#11037,#11038,#11039),.UNSPECIFIED.,.T.,.F.) 
B_SPLINE_CURVE_WITH_KNOTS((1,6,6,1),(-6.28318530718,0.,6.28318530718,
12.566370614359),.UNSPECIFIED.) CURVE() GEOMETRIC_REPRESENTATION_ITEM() 
RATIONAL_B_SPLINE_CURVE((1.669078461068,1.03672962321,1.038346699848,
    0.853534330196,1.038346699848,1.03672962321,1.669078461068)) 
REPRESENTATION_ITEM('') );
#11033 = CARTESIAN_POINT('',(368.90055227819,63.427239131573,
    177.09382191511));
#11034 = CARTESIAN_POINT('',(368.84019132995,63.576455295834,
    182.40832274831));
#11035 = CARTESIAN_POINT('',(364.92674828088,68.883741384434,
    182.97863297398));
#11036 = CARTESIAN_POINT('',(361.77515957276,73.0728204371,
    176.7420725856));
#11037 = CARTESIAN_POINT('',(365.0648037871,68.54245925259,
    170.82348756438));
#11038 = CARTESIAN_POINT('',(368.96091322642,63.278022967313,
    171.7793210819));
#11039 = CARTESIAN_POINT('',(368.90055227819,63.427239131573,
    177.09382191511));
#11040 = ORIENTED_EDGE('',*,*,#10824,.F.);
#11041 = ORIENTED_EDGE('',*,*,#11042,.T.);
#11042 = EDGE_CURVE('',#10825,#10825,#11043,.T.);
#11043 = ( BOUNDED_CURVE() B_SPLINE_CURVE(6,(#11044,#11045,#11046,#11047
    ,#11048,#11049,#11050),.UNSPECIFIED.,.T.,.F.) 
B_SPLINE_CURVE_WITH_KNOTS((1,6,6,1),(-6.28318530718,0.,6.28318530718,
12.566370614359),.UNSPECIFIED.) CURVE() GEOMETRIC_REPRESENTATION_ITEM() 
RATIONAL_B_SPLINE_CURVE((1.669078461068,1.03672962321,1.038346699848,
    0.853534330196,1.038346699848,1.03672962321,1.669078461068)) 
REPRESENTATION_ITEM('') );
#11044 = CARTESIAN_POINT('',(349.19494054811,268.17979432904,
    184.99462475766));
#11045 = CARTESIAN_POINT('',(349.19494054811,268.33868179596,
    190.30918803103));
#11046 = CARTESIAN_POINT('',(342.63078122607,267.99209921868,
    191.08331256239));
#11047 = CARTESIAN_POINT('',(337.21673487755,267.50572436773,
    185.01477716966));
#11048 = CARTESIAN_POINT('',(342.63078122607,267.62869721258,
    178.92802434176));
#11049 = CARTESIAN_POINT('',(349.19494054811,268.02090686211,
    179.68006148428));
#11050 = CARTESIAN_POINT('',(349.19494054811,268.17979432904,
    184.99462475766));
#11051 = ( BOUNDED_SURFACE() B_SPLINE_SURFACE(6,11,(
    (#11052,#11053,#11054,#11055,#11056,#11057,#11058,#11059,#11060
      ,#11061,#11062,#11063,#11064,#11065,#11066,#11067,#11068,#11069
      ,#11070,#11071,#11072,#11073,#11074,#11075,#11076,#11077,#11078
      ,#11079,#11080,#11081,#11082,#11083,#11084,#11085,#11086,#11087
      ,#11088,#11089,#11090,#11091,#11092,#11093,#11094,#11095,#11096
      ,#11097,#11098,#11099,#11100,#11101,#11102,#11103,#11104,#11105
      ,#11106,#11107,#11108,#11109,#11110,#11111,#11112,#11113,#11114
      ,#11115,#11116,#11117,#11118,#11119,#11120,#11121,#11122,#11123
      ,#11124,#11125,#11126,#11127,#11128,#11129,#11130,#11131,#11132
      ,#11133,#11134,#11135,#11136,#11137,#11138,#11139,#11140,#11141
      ,#11142,#11143,#11144,#11145,#11146,#11147,#11148,#11149,#11150
      ,#11151,#11152,#11153,#11154,#11155,#11156,#11157,#11158,#11159
      ,#11160,#11161,#11162,#11163,#11164,#11165,#11166,#11167,#11168
      ,#11169,#11170,#11171,#11172,#11173,#11174,#11175,#11176,#11177
      ,#11178,#11179,#11180,#11181,#11182,#11183,#11184,#11185,#11186
      ,#11187,#11188,#11189,#11190,#11191,#11192,#11193,#11194,#11195
      ,#11196,#11197,#11198,#11199,#11200,#11201,#11202,#11203,#11204
      ,#11205,#11206,#11207,#11208,#11209,#11210,#11211,#11212,#11213
      ,#11214,#11215,#11216,#11217,#11218,#11219,#11220,#11221,#11222
      ,#11223,#11224,#11225,#11226,#11227,#11228,#11229,#11230,#11231
      ,#11232,#11233,#11234,#11235,#11236,#11237,#11238,#11239,#11240
      ,#11241,#11242,#11243,#11244,#11245,#11246,#11247,#11248,#11249
      ,#11250,#11251)
    ,(#11252,#11253,#11254,#11255,#11256,#11257,#11258,#11259,#11260
      ,#11261,#11262,#11263,#11264,#11265,#11266,#11267,#11268,#11269
      ,#11270,#11271,#11272,#11273,#11274,#11275,#11276,#11277,#11278
      ,#11279,#11280,#11281,#11282,#11283,#11284,#11285,#11286,#11287
      ,#11288,#11289,#11290,#11291,#11292,#11293,#11294,#11295,#11296
      ,#11297,#11298,#11299,#11300,#11301,#11302,#11303,#11304,#11305
      ,#11306,#11307,#11308,#11309,#11310,#11311,#11312,#11313,#11314
      ,#11315,#11316,#11317,#11318,#11319,#11320,#11321,#11322,#11323
      ,#11324,#11325,#11326,#11327,#11328,#11329,#11330,#11331,#11332
      ,#11333,#11334,#11335,#11336,#11337,#11338,#11339,#11340,#11341
      ,#11342,#11343,#11344,#11345,#11346,#11347,#11348,#11349,#11350
      ,#11351,#11352,#11353,#11354,#11355,#11356,#11357,#11358,#11359
      ,#11360,#11361,#11362,#11363,#11364,#11365,#11366,#11367,#11368
      ,#11369,#11370,#11371,#11372,#11373,#11374,#11375,#11376,#11377
      ,#11378,#11379,#11380,#11381,#11382,#11383,#11384,#11385,#11386
      ,#11387,#11388,#11389,#11390,#11391,#11392,#11393,#11394,#11395
      ,#11396,#11397,#11398,#11399,#11400,#11401,#11402,#11403,#11404
      ,#11405,#11406,#11407,#11408,#11409,#11410,#11411,#11412,#11413
      ,#11414,#11415,#11416,#11417,#11418,#11419,#11420,#11421,#11422
      ,#11423,#11424,#11425,#11426,#11427,#11428,#11429,#11430,#11431
      ,#11432,#11433,#11434,#11435,#11436,#11437,#11438,#11439,#11440
      ,#11441,#11442,#11443,#11444,#11445,#11446,#11447,#11448,#11449
      ,#11450,#11451)
    ,(#11452,#11453,#11454,#11455,#11456,#11457,#11458,#11459,#11460
      ,#11461,#11462,#11463,#11464,#11465,#11466,#11467,#11468,#11469
      ,#11470,#11471,#11472,#11473,#11474,#11475,#11476,#11477,#11478
      ,#11479,#11480,#11481,#11482,#11483,#11484,#11485,#11486,#11487
      ,#11488,#11489,#11490,#11491,#11492,#11493,#11494,#11495,#11496
      ,#11497,#11498,#11499,#11500,#11501,#11502,#11503,#11504,#11505
      ,#11506,#11507,#11508,#11509,#11510,#11511,#11512,#11513,#11514
      ,#11515,#11516,#11517,#11518,#11519,#11520,#11521,#11522,#11523
      ,#11524,#11525,#11526,#11527,#11528,#11529,#11530,#11531,#11532
      ,#11533,#11534,#11535,#11536,#11537,#11538,#11539,#11540,#11541
      ,#11542,#11543,#11544,#11545,#11546,#11547,#11548,#11549,#11550
      ,#11551,#11552,#11553,#11554,#11555,#11556,#11557,#11558,#11559
      ,#11560,#11561,#11562,#11563,#11564,#11565,#11566,#11567,#11568
      ,#11569,#11570,#11571,#11572,#11573,#11574,#11575,#11576,#11577
      ,#11578,#11579,#11580,#11581,#11582,#11583,#11584,#11585,#11586
      ,#11587,#11588,#11589,#11590,#11591,#11592,#11593,#11594,#11595
      ,#11596,#11597,#11598,#11599,#11600,#11601,#11602,#11603,#11604
      ,#11605,#11606,#11607,#11608,#11609,#11610,#11611,#11612,#11613
      ,#11614,#11615,#11616,#11617,#11618,#11619,#11620,#11621,#11622
      ,#11623,#11624,#11625,#11626,#11627,#11628,#11629,#11630,#11631
      ,#11632,#11633,#11634,#11635,#11636,#11637,#11638,#11639,#11640
      ,#11641,#11642,#11643,#11644,#11645,#11646,#11647,#11648,#11649
      ,#11650,#11651)
    ,(#11652,#11653,#11654,#11655,#11656,#11657,#11658,#11659,#11660
      ,#11661,#11662,#11663,#11664,#11665,#11666,#11667,#11668,#11669
      ,#11670,#11671,#11672,#11673,#11674,#11675,#11676,#11677,#11678
      ,#11679,#11680,#11681,#11682,#11683,#11684,#11685,#11686,#11687
      ,#11688,#11689,#11690,#11691,#11692,#11693,#11694,#11695,#11696
      ,#11697,#11698,#11699,#11700,#11701,#11702,#11703,#11704,#11705
      ,#11706,#11707,#11708,#11709,#11710,#11711,#11712,#11713,#11714
      ,#11715,#11716,#11717,#11718,#11719,#11720,#11721,#11722,#11723
      ,#11724,#11725,#11726,#11727,#11728,#11729,#11730,#11731,#11732
      ,#11733,#11734,#11735,#11736,#11737,#11738,#11739,#11740,#11741
      ,#11742,#11743,#11744,#11745,#11746,#11747,#11748,#11749,#11750
      ,#11751,#11752,#11753,#11754,#11755,#11756,#11757,#11758,#11759
      ,#11760,#11761,#11762,#11763,#11764,#11765,#11766,#11767,#11768
      ,#11769,#11770,#11771,#11772,#11773,#11774,#11775,#11776,#11777
      ,#11778,#11779,#11780,#11781,#11782,#11783,#11784,#11785,#11786
      ,#11787,#11788,#11789,#11790,#11791,#11792,#11793,#11794,#11795
      ,#11796,#11797,#11798,#11799,#11800,#11801,#11802,#11803,#11804
      ,#11805,#11806,#11807,#11808,#11809,#11810,#11811,#11812,#11813
      ,#11814,#11815,#11816,#11817,#11818,#11819,#11820,#11821,#11822
      ,#11823,#11824,#11825,#11826,#11827,#11828,#11829,#11830,#11831
      ,#11832,#11833,#11834,#11835,#11836,#11837,#11838,#11839,#11840
      ,#11841,#11842,#11843,#11844,#11845,#11846,#11847,#11848,#11849
      ,#11850,#11851)
    ,(#11852,#11853,#11854,#11855,#11856,#11857,#11858,#11859,#11860
      ,#11861,#11862,#11863,#11864,#11865,#11866,#11867,#11868,#11869
      ,#11870,#11871,#11872,#11873,#11874,#11875,#11876,#11877,#11878
      ,#11879,#11880,#11881,#11882,#11883,#11884,#11885,#11886,#11887
      ,#11888,#11889,#11890,#11891,#11892,#11893,#11894,#11895,#11896
      ,#11897,#11898,#11899,#11900,#11901,#11902,#11903,#11904,#11905
      ,#11906,#11907,#11908,#11909,#11910,#11911,#11912,#11913,#11914
      ,#11915,#11916,#11917,#11918,#11919,#11920,#11921,#11922,#11923
      ,#11924,#11925,#11926,#11927,#11928,#11929,#11930,#11931,#11932
      ,#11933,#11934,#11935,#11936,#11937,#11938,#11939,#11940,#11941
      ,#11942,#11943,#11944,#11945,#11946,#11947,#11948,#11949,#11950
      ,#11951,#11952,#11953,#11954,#11955,#11956,#11957,#11958,#11959
      ,#11960,#11961,#11962,#11963,#11964,#11965,#11966,#11967,#11968
      ,#11969,#11970,#11971,#11972,#11973,#11974,#11975,#11976,#11977
      ,#11978,#11979,#11980,#11981,#11982,#11983,#11984,#11985,#11986
      ,#11987,#11988,#11989,#11990,#11991,#11992,#11993,#11994,#11995
      ,#11996,#11997,#11998,#11999,#12000,#12001,#12002,#12003,#12004
      ,#12005,#12006,#12007,#12008,#12009,#12010,#12011,#12012,#12013
      ,#12014,#12015,#12016,#12017,#12018,#12019,#12020,#12021,#12022
      ,#12023,#12024,#12025,#12026,#12027,#12028,#12029,#12030,#12031
      ,#12032,#12033,#12034,#12035,#12036,#12037,#12038,#12039,#12040
      ,#12041,#12042,#12043,#12044,#12045,#12046,#12047,#12048,#12049
      ,#12050,#12051)
    ,(#12052,#12053,#12054,#12055,#12056,#12057,#12058,#12059,#12060
      ,#12061,#12062,#12063,#12064,#12065,#12066,#12067,#12068,#12069
      ,#12070,#12071,#12072,#12073,#12074,#12075,#12076,#12077,#12078
      ,#12079,#12080,#12081,#12082,#12083,#12084,#12085,#12086,#12087
      ,#12088,#12089,#12090,#12091,#12092,#12093,#12094,#12095,#12096
      ,#12097,#12098,#12099,#12100,#12101,#12102,#12103,#12104,#12105
      ,#12106,#12107,#12108,#12109,#12110,#12111,#12112,#12113,#12114
      ,#12115,#12116,#12117,#12118,#12119,#12120,#12121,#12122,#12123
      ,#12124,#12125,#12126,#12127,#12128,#12129,#12130,#12131,#12132
      ,#12133,#12134,#12135,#12136,#12137,#12138,#12139,#12140,#12141
      ,#12142,#12143,#12144,#12145,#12146,#12147,#12148,#12149,#12150
      ,#12151,#12152,#12153,#12154,#12155,#12156,#12157,#12158,#12159
      ,#12160,#12161,#12162,#12163,#12164,#12165,#12166,#12167,#12168
      ,#12169,#12170,#12171,#12172,#12173,#12174,#12175,#12176,#12177
      ,#12178,#12179,#12180,#12181,#12182,#12183,#12184,#12185,#12186
      ,#12187,#12188,#12189,#12190,#12191,#12192,#12193,#12194,#12195
      ,#12196,#12197,#12198,#12199,#12200,#12201,#12202,#12203,#12204
      ,#12205,#12206,#12207,#12208,#12209,#12210,#12211,#12212,#12213
      ,#12214,#12215,#12216,#12217,#12218,#12219,#12220,#12221,#12222
      ,#12223,#12224,#12225,#12226,#12227,#12228,#12229,#12230,#12231
      ,#12232,#12233,#12234,#12235,#12236,#12237,#12238,#12239,#12240
      ,#12241,#12242,#12243,#12244,#12245,#12246,#12247,#12248,#12249
      ,#12250,#12251)
    ,(#12252,#12253,#12254,#12255,#12256,#12257,#12258,#12259,#12260
      ,#12261,#12262,#12263,#12264,#12265,#12266,#12267,#12268,#12269
      ,#12270,#12271,#12272,#12273,#12274,#12275,#12276,#12277,#12278
      ,#12279,#12280,#12281,#12282,#12283,#12284,#12285,#12286,#12287
      ,#12288,#12289,#12290,#12291,#12292,#12293,#12294,#12295,#12296
      ,#12297,#12298,#12299,#12300,#12301,#12302,#12303,#12304,#12305
      ,#12306,#12307,#12308,#12309,#12310,#12311,#12312,#12313,#12314
      ,#12315,#12316,#12317,#12318,#12319,#12320,#12321,#12322,#12323
      ,#12324,#12325,#12326,#12327,#12328,#12329,#12330,#12331,#12332
      ,#12333,#12334,#12335,#12336,#12337,#12338,#12339,#12340,#12341
      ,#12342,#12343,#12344,#12345,#12346,#12347,#12348,#12349,#12350
      ,#12351,#12352,#12353,#12354,#12355,#12356,#12357,#12358,#12359
      ,#12360,#12361,#12362,#12363,#12364,#12365,#12366,#12367,#12368
      ,#12369,#12370,#12371,#12372,#12373,#12374,#12375,#12376,#12377
      ,#12378,#12379,#12380,#12381,#12382,#12383,#12384,#12385,#12386
      ,#12387,#12388,#12389,#12390,#12391,#12392,#12393,#12394,#12395
      ,#12396,#12397,#12398,#12399,#12400,#12401,#12402,#12403,#12404
      ,#12405,#12406,#12407,#12408,#12409,#12410,#12411,#12412,#12413
      ,#12414,#12415,#12416,#12417,#12418,#12419,#12420,#12421,#12422
      ,#12423,#12424,#12425,#12426,#12427,#12428,#12429,#12430,#12431
      ,#12432,#12433,#12434,#12435,#12436,#12437,#12438,#12439,#12440
      ,#12441,#12442,#12443,#12444,#12445,#12446,#12447,#12448,#12449
      ,#12450,#12451
)),.UNSPECIFIED.,.T.,.F.,.F.) B_SPLINE_SURFACE_WITH_KNOTS((1,6,6,1),(12,
    9,9,11,9,9,9,11,9,9,11,9,9,9,9,9,9,9,9,9,11,12),(-6.28318530718,0.,
    6.28318530718,12.566370614359),(0.,20.137695562571,40.275391125143,
    50.,56.470063720103,77.501211142162,95.917929502684,108.15496539419,
    117.07684188216,138.23575426164,155.14432589207,159.39466664113,
    160.85769168795,161.77912344619,162.54356448567,164.43601357257,
    165.92090984481,168.07929752171,171.27522200896,176.04894755319,
    188.26531621543,211.58912379481),.UNSPECIFIED.) 
GEOMETRIC_REPRESENTATION_ITEM() RATIONAL_B_SPLINE_SURFACE((
    (1.669078461068,1.669078461068,1.669078461068,1.669078461068
      ,1.669078461068,1.669078461068,1.669078461068,1.669078461068
      ,1.669078461068,1.669078461068,1.669078461068,1.669078461068
      ,1.669078461069,1.669078461068,1.669078461069,1.669078461067
      ,1.669078461069,1.669078461068,1.669078461068,1.669078461068
      ,1.669078461068,1.669078461069,1.669078461066,1.669078461072
      ,1.669078461065,1.669078461071,1.669078461067,1.669078461069
      ,1.669078461068,1.669078461068,1.669078461068,1.669078461069
      ,1.669078461066,1.669078461072,1.669078461064,1.669078461072
      ,1.669078461066,1.669078461069,1.669078461068,1.669078461069
      ,1.669078461068,1.66907846107,1.669078461066,1.669078461071
      ,1.669078461066,1.66907846107,1.669078461067,1.669078461068
      ,1.669078461068,1.669078461068,1.669078461068,1.669078461069
      ,1.669078461068,1.669078461069,1.669078461068,1.669078461068
      ,1.669078461068,1.669078461068,1.669078461068,1.669078461068
      ,1.669078461068,1.669078461068,1.669078461068,1.669078461068
      ,1.669078461068,1.669078461068,1.669078461068,1.669078461068
      ,1.669078461068,1.669078461068,1.669078461069,1.669078461067
      ,1.66907846107,1.669078461067,1.669078461069,1.669078461068
      ,1.669078461068,1.669078461068,1.669078461069,1.669078461067
      ,1.66907846107,1.669078461066,1.66907846107,1.669078461067
      ,1.669078461069,1.669078461068,1.669078461068,1.669078461068
      ,1.669078461068,1.669078461068,1.669078461069,1.669078461068
      ,1.669078461069,1.669078461068,1.669078461068,1.669078461068
      ,1.669078461068,1.669078461068,1.669078461068,1.669078461068
      ,1.669078461069,1.669078461068,1.669078461069,1.669078461068
      ,1.669078461068,1.669078461068,1.669078461068,1.669078461068
      ,1.669078461068,1.669078461069,1.669078461067,1.669078461069
      ,1.669078461068,1.669078461069,1.669078461068,1.669078461068
      ,1.669078461068,1.669078461068,1.669078461068,1.669078461069
      ,1.669078461068,1.669078461068,1.669078461068,1.669078461068
      ,1.669078461068,1.669078461068,1.669078461069,1.669078461067
      ,1.66907846107,1.669078461067,1.669078461069,1.669078461068
      ,1.669078461068,1.669078461068,1.669078461068,1.669078461068
      ,1.669078461068,1.669078461068,1.669078461068,1.669078461068
      ,1.669078461068,1.669078461068,1.669078461068,1.669078461068
      ,1.669078461068,1.669078461069,1.669078461067,1.669078461069
      ,1.669078461068,1.669078461069,1.669078461068,1.669078461068
      ,1.669078461068,1.669078461068,1.669078461068,1.669078461068
      ,1.669078461068,1.669078461068,1.669078461068,1.669078461068
      ,1.669078461068,1.669078461068,1.669078461068,1.669078461068
      ,1.669078461068,1.669078461069,1.669078461068,1.669078461068
      ,1.669078461068,1.669078461068,1.669078461068,1.669078461069
      ,1.669078461067,1.66907846107,1.669078461067,1.669078461069
      ,1.669078461068,1.669078461068,1.669078461068,1.669078461069
      ,1.669078461067,1.66907846107,1.669078461066,1.66907846107
      ,1.669078461067,1.669078461069,1.669078461068,1.669078461068
      ,1.669078461068,1.669078461068,1.669078461068,1.669078461069
      ,1.669078461068,1.669078461069,1.669078461067,1.669078461069
      ,1.669078461068,1.669078461068,1.669078461068,1.669078461068)
    ,(1.03672962321,1.03672962321,1.03672962321,1.03672962321
      ,1.036729623209,1.03672962321,1.036729623209,1.03672962321
      ,1.036729623209,1.03672962321,1.03672962321,1.03672962321
      ,1.03672962321,1.036729623209,1.03672962321,1.036729623209
      ,1.03672962321,1.03672962321,1.03672962321,1.03672962321
      ,1.036729623209,1.03672962321,1.036729623208,1.036729623211
      ,1.036729623208,1.036729623211,1.036729623209,1.03672962321
      ,1.03672962321,1.03672962321,1.036729623209,1.03672962321
      ,1.036729623208,1.036729623212,1.036729623207,1.036729623212
      ,1.036729623208,1.03672962321,1.03672962321,1.03672962321
      ,1.036729623209,1.03672962321,1.036729623208,1.036729623211
      ,1.036729623208,1.036729623211,1.036729623209,1.03672962321
      ,1.03672962321,1.03672962321,1.03672962321,1.03672962321
      ,1.03672962321,1.03672962321,1.03672962321,1.03672962321
      ,1.03672962321,1.03672962321,1.03672962321,1.03672962321
      ,1.036729623209,1.03672962321,1.036729623209,1.03672962321
      ,1.03672962321,1.03672962321,1.03672962321,1.03672962321
      ,1.03672962321,1.036729623209,1.03672962321,1.036729623209
      ,1.036729623211,1.036729623209,1.03672962321,1.036729623209
      ,1.03672962321,1.036729623209,1.03672962321,1.036729623209
      ,1.036729623211,1.036729623208,1.036729623211,1.036729623209
      ,1.03672962321,1.036729623209,1.03672962321,1.03672962321
      ,1.03672962321,1.036729623209,1.03672962321,1.036729623209
      ,1.03672962321,1.036729623209,1.03672962321,1.03672962321
      ,1.03672962321,1.03672962321,1.03672962321,1.036729623209
      ,1.03672962321,1.036729623209,1.03672962321,1.036729623209
      ,1.03672962321,1.03672962321,1.03672962321,1.03672962321
      ,1.036729623209,1.03672962321,1.036729623209,1.03672962321
      ,1.036729623209,1.03672962321,1.03672962321,1.03672962321
      ,1.03672962321,1.03672962321,1.03672962321,1.036729623209
      ,1.03672962321,1.036729623209,1.03672962321,1.03672962321
      ,1.03672962321,1.03672962321,1.03672962321,1.036729623209
      ,1.03672962321,1.036729623209,1.03672962321,1.036729623209
      ,1.03672962321,1.03672962321,1.03672962321,1.036729623209
      ,1.03672962321,1.036729623209,1.03672962321,1.036729623209
      ,1.03672962321,1.03672962321,1.03672962321,1.03672962321
      ,1.036729623209,1.03672962321,1.036729623209,1.03672962321
      ,1.036729623209,1.03672962321,1.03672962321,1.03672962321
      ,1.03672962321,1.03672962321,1.03672962321,1.03672962321
      ,1.03672962321,1.03672962321,1.03672962321,1.03672962321
      ,1.03672962321,1.03672962321,1.03672962321,1.036729623209
      ,1.03672962321,1.036729623209,1.03672962321,1.03672962321
      ,1.03672962321,1.03672962321,1.036729623209,1.03672962321
      ,1.036729623208,1.036729623211,1.036729623208,1.03672962321
      ,1.036729623209,1.03672962321,1.036729623209,1.03672962321
      ,1.036729623209,1.036729623211,1.036729623208,1.036729623211
      ,1.036729623209,1.03672962321,1.036729623209,1.03672962321
      ,1.03672962321,1.03672962321,1.03672962321,1.03672962321
      ,1.036729623209,1.03672962321,1.036729623209,1.03672962321
      ,1.036729623209,1.03672962321,1.03672962321,1.03672962321)
    ,(1.038346699848,1.038346699847,1.038346699848,1.038346699847
      ,1.038346699848,1.038346699847,1.038346699848,1.038346699847
      ,1.038346699848,1.038346699847,1.038346699848,1.038346699847
      ,1.038346699848,1.038346699847,1.038346699848,1.038346699847
      ,1.038346699848,1.038346699848,1.038346699847,1.038346699848
      ,1.038346699847,1.038346699848,1.038346699846,1.038346699849
      ,1.038346699846,1.038346699849,1.038346699847,1.038346699848
      ,1.038346699847,1.038346699848,1.038346699847,1.038346699848
      ,1.038346699846,1.03834669985,1.038346699845,1.03834669985
      ,1.038346699846,1.038346699848,1.038346699847,1.038346699848
      ,1.038346699847,1.038346699848,1.038346699846,1.03834669985
      ,1.038346699846,1.038346699849,1.038346699847,1.038346699848
      ,1.038346699847,1.038346699848,1.038346699848,1.038346699847
      ,1.038346699848,1.038346699847,1.038346699848,1.038346699847
      ,1.038346699848,1.038346699847,1.038346699848,1.038346699848
      ,1.038346699847,1.038346699848,1.038346699847,1.038346699848
      ,1.038346699847,1.038346699848,1.038346699848,1.038346699848
      ,1.038346699848,1.038346699847,1.038346699848,1.038346699846
      ,1.038346699849,1.038346699846,1.038346699848,1.038346699847
      ,1.038346699848,1.038346699847,1.038346699848,1.038346699847
      ,1.038346699849,1.038346699846,1.038346699849,1.038346699847
      ,1.038346699848,1.038346699847,1.038346699848,1.038346699847
      ,1.038346699848,1.038346699847,1.038346699848,1.038346699847
      ,1.038346699848,1.038346699847,1.038346699848,1.038346699847
      ,1.038346699848,1.038346699848,1.038346699848,1.038346699847
      ,1.038346699848,1.038346699847,1.038346699848,1.038346699847
      ,1.038346699848,1.038346699847,1.038346699847,1.038346699848
      ,1.038346699847,1.038346699848,1.038346699847,1.038346699848
      ,1.038346699847,1.038346699848,1.038346699847,1.038346699848
      ,1.038346699847,1.038346699848,1.038346699847,1.038346699848
      ,1.038346699847,1.038346699848,1.038346699847,1.038346699848
      ,1.038346699848,1.038346699847,1.038346699848,1.038346699847
      ,1.038346699848,1.038346699847,1.038346699848,1.038346699847
      ,1.038346699848,1.038346699848,1.038346699848,1.038346699847
      ,1.038346699848,1.038346699847,1.038346699848,1.038346699847
      ,1.038346699848,1.038346699847,1.038346699848,1.038346699848
      ,1.038346699847,1.038346699848,1.038346699847,1.038346699848
      ,1.038346699847,1.038346699848,1.038346699848,1.038346699847
      ,1.038346699848,1.038346699847,1.038346699848,1.038346699847
      ,1.038346699848,1.038346699847,1.038346699848,1.038346699847
      ,1.038346699848,1.038346699847,1.038346699848,1.038346699847
      ,1.038346699848,1.038346699847,1.038346699848,1.038346699847
      ,1.038346699847,1.038346699848,1.038346699847,1.038346699848
      ,1.038346699847,1.038346699849,1.038346699846,1.038346699848
      ,1.038346699847,1.038346699848,1.038346699847,1.038346699848
      ,1.038346699847,1.038346699849,1.038346699846,1.038346699849
      ,1.038346699846,1.038346699848,1.038346699847,1.038346699848
      ,1.038346699848,1.038346699848,1.038346699847,1.038346699848
      ,1.038346699847,1.038346699848,1.038346699847,1.038346699848
      ,1.038346699847,1.038346699848,1.038346699848,1.038346699848)
    ,(0.853534330196,0.853534330196,0.853534330196,0.853534330196
      ,0.853534330196,0.853534330197,0.853534330196,0.853534330196
      ,0.853534330196,0.853534330196,0.853534330196,0.853534330196
      ,0.853534330196,0.853534330196,0.853534330196,0.853534330196
      ,0.853534330196,0.853534330196,0.853534330196,0.853534330196
      ,0.853534330196,0.853534330197,0.853534330195,0.853534330198
      ,0.853534330194,0.853534330198,0.853534330195,0.853534330196
      ,0.853534330196,0.853534330196,0.853534330196,0.853534330197
      ,0.853534330195,0.853534330198,0.853534330194,0.853534330198
      ,0.853534330195,0.853534330197,0.853534330196,0.853534330196
      ,0.853534330196,0.853534330197,0.853534330195,0.853534330198
      ,0.853534330195,0.853534330197,0.853534330196,0.853534330196
      ,0.853534330196,0.853534330196,0.853534330196,0.853534330196
      ,0.853534330196,0.853534330196,0.853534330196,0.853534330196
      ,0.853534330196,0.853534330196,0.853534330196,0.853534330196
      ,0.853534330196,0.853534330196,0.853534330196,0.853534330196
      ,0.853534330196,0.853534330196,0.853534330196,0.853534330196
      ,0.853534330196,0.853534330196,0.853534330197,0.853534330195
      ,0.853534330197,0.853534330195,0.853534330197,0.853534330196
      ,0.853534330196,0.853534330196,0.853534330196,0.853534330196
      ,0.853534330197,0.853534330195,0.853534330197,0.853534330195
      ,0.853534330196,0.853534330196,0.853534330196,0.853534330196
      ,0.853534330196,0.853534330196,0.853534330197,0.853534330196
      ,0.853534330197,0.853534330196,0.853534330196,0.853534330196
      ,0.853534330196,0.853534330196,0.853534330196,0.853534330196
      ,0.853534330196,0.853534330196,0.853534330196,0.853534330196
      ,0.853534330196,0.853534330196,0.853534330196,0.853534330196
      ,0.853534330196,0.853534330197,0.853534330196,0.853534330197
      ,0.853534330196,0.853534330196,0.853534330196,0.853534330196
      ,0.853534330196,0.853534330196,0.853534330196,0.853534330196
      ,0.853534330196,0.853534330196,0.853534330196,0.853534330196
      ,0.853534330196,0.853534330196,0.853534330196,0.853534330196
      ,0.853534330197,0.853534330195,0.853534330197,0.853534330196
      ,0.853534330196,0.853534330196,0.853534330196,0.853534330196
      ,0.853534330196,0.853534330196,0.853534330196,0.853534330196
      ,0.853534330196,0.853534330196,0.853534330196,0.853534330196
      ,0.853534330196,0.853534330197,0.853534330196,0.853534330197
      ,0.853534330196,0.853534330196,0.853534330196,0.853534330196
      ,0.853534330196,0.853534330196,0.853534330196,0.853534330196
      ,0.853534330197,0.853534330196,0.853534330196,0.853534330196
      ,0.853534330196,0.853534330196,0.853534330196,0.853534330196
      ,0.853534330196,0.853534330196,0.853534330196,0.853534330196
      ,0.853534330196,0.853534330196,0.853534330196,0.853534330197
      ,0.853534330195,0.853534330197,0.853534330195,0.853534330197
      ,0.853534330196,0.853534330196,0.853534330196,0.853534330196
      ,0.853534330196,0.853534330197,0.853534330195,0.853534330197
      ,0.853534330195,0.853534330197,0.853534330196,0.853534330196
      ,0.853534330196,0.853534330196,0.853534330196,0.853534330196
      ,0.853534330196,0.853534330197,0.853534330196,0.853534330197
      ,0.853534330196,0.853534330196,0.853534330196,0.853534330196)
    ,(1.038346699848,1.038346699847,1.038346699848,1.038346699847
      ,1.038346699848,1.038346699847,1.038346699848,1.038346699847
      ,1.038346699848,1.038346699847,1.038346699848,1.038346699847
      ,1.038346699848,1.038346699847,1.038346699848,1.038346699847
      ,1.038346699848,1.038346699848,1.038346699847,1.038346699848
      ,1.038346699847,1.038346699848,1.038346699846,1.038346699849
      ,1.038346699846,1.038346699849,1.038346699847,1.038346699848
      ,1.038346699847,1.038346699848,1.038346699847,1.038346699848
      ,1.038346699846,1.03834669985,1.038346699845,1.03834669985
      ,1.038346699846,1.038346699848,1.038346699847,1.038346699848
      ,1.038346699847,1.038346699848,1.038346699846,1.03834669985
      ,1.038346699846,1.038346699849,1.038346699847,1.038346699848
      ,1.038346699847,1.038346699848,1.038346699848,1.038346699847
      ,1.038346699848,1.038346699847,1.038346699848,1.038346699847
      ,1.038346699848,1.038346699847,1.038346699848,1.038346699848
      ,1.038346699847,1.038346699848,1.038346699847,1.038346699848
      ,1.038346699847,1.038346699848,1.038346699848,1.038346699848
      ,1.038346699848,1.038346699847,1.038346699848,1.038346699846
      ,1.038346699849,1.038346699846,1.038346699848,1.038346699847
      ,1.038346699848,1.038346699847,1.038346699848,1.038346699847
      ,1.038346699849,1.038346699846,1.038346699849,1.038346699847
      ,1.038346699848,1.038346699847,1.038346699848,1.038346699847
      ,1.038346699848,1.038346699847,1.038346699848,1.038346699847
      ,1.038346699848,1.038346699847,1.038346699848,1.038346699847
      ,1.038346699848,1.038346699848,1.038346699848,1.038346699847
      ,1.038346699848,1.038346699847,1.038346699848,1.038346699847
      ,1.038346699848,1.038346699847,1.038346699847,1.038346699848
      ,1.038346699847,1.038346699848,1.038346699847,1.038346699848
      ,1.038346699847,1.038346699848,1.038346699847,1.038346699848
      ,1.038346699847,1.038346699848,1.038346699847,1.038346699848
      ,1.038346699847,1.038346699848,1.038346699847,1.038346699848
      ,1.038346699848,1.038346699847,1.038346699848,1.038346699847
      ,1.038346699848,1.038346699847,1.038346699848,1.038346699847
      ,1.038346699848,1.038346699848,1.038346699848,1.038346699847
      ,1.038346699848,1.038346699847,1.038346699848,1.038346699847
      ,1.038346699848,1.038346699847,1.038346699848,1.038346699848
      ,1.038346699847,1.038346699848,1.038346699847,1.038346699848
      ,1.038346699847,1.038346699848,1.038346699848,1.038346699847
      ,1.038346699848,1.038346699847,1.038346699848,1.038346699847
      ,1.038346699848,1.038346699847,1.038346699848,1.038346699847
      ,1.038346699848,1.038346699847,1.038346699848,1.038346699847
      ,1.038346699848,1.038346699847,1.038346699848,1.038346699847
      ,1.038346699847,1.038346699848,1.038346699847,1.038346699848
      ,1.038346699847,1.038346699849,1.038346699846,1.038346699848
      ,1.038346699847,1.038346699848,1.038346699847,1.038346699848
      ,1.038346699847,1.038346699849,1.038346699846,1.038346699849
      ,1.038346699846,1.038346699848,1.038346699847,1.038346699848
      ,1.038346699848,1.038346699848,1.038346699847,1.038346699848
      ,1.038346699847,1.038346699848,1.038346699847,1.038346699848
      ,1.038346699847,1.038346699848,1.038346699848,1.038346699848)
    ,(1.03672962321,1.03672962321,1.03672962321,1.03672962321
      ,1.03672962321,1.03672962321,1.03672962321,1.03672962321
      ,1.03672962321,1.03672962321,1.03672962321,1.03672962321
      ,1.03672962321,1.036729623209,1.03672962321,1.036729623209
      ,1.03672962321,1.03672962321,1.03672962321,1.03672962321
      ,1.03672962321,1.03672962321,1.036729623208,1.036729623212
      ,1.036729623208,1.036729623211,1.036729623209,1.03672962321
      ,1.03672962321,1.03672962321,1.036729623209,1.03672962321
      ,1.036729623208,1.036729623212,1.036729623207,1.036729623212
      ,1.036729623208,1.03672962321,1.036729623209,1.03672962321
      ,1.036729623209,1.036729623211,1.036729623208,1.036729623212
      ,1.036729623207,1.036729623211,1.036729623209,1.03672962321
      ,1.03672962321,1.03672962321,1.03672962321,1.03672962321
      ,1.036729623209,1.03672962321,1.036729623209,1.03672962321
      ,1.03672962321,1.03672962321,1.03672962321,1.03672962321
      ,1.03672962321,1.036729623209,1.03672962321,1.036729623209
      ,1.03672962321,1.03672962321,1.03672962321,1.03672962321
      ,1.03672962321,1.036729623209,1.03672962321,1.036729623209
      ,1.036729623211,1.036729623208,1.03672962321,1.036729623209
      ,1.03672962321,1.036729623209,1.03672962321,1.036729623209
      ,1.036729623211,1.036729623208,1.036729623211,1.036729623209
      ,1.03672962321,1.036729623209,1.03672962321,1.03672962321
      ,1.03672962321,1.036729623209,1.03672962321,1.036729623209
      ,1.03672962321,1.036729623209,1.03672962321,1.03672962321
      ,1.03672962321,1.03672962321,1.03672962321,1.03672962321
      ,1.03672962321,1.036729623209,1.03672962321,1.036729623209
      ,1.03672962321,1.03672962321,1.03672962321,1.03672962321
      ,1.036729623209,1.03672962321,1.036729623209,1.03672962321
      ,1.036729623209,1.03672962321,1.03672962321,1.03672962321
      ,1.03672962321,1.03672962321,1.03672962321,1.03672962321
      ,1.03672962321,1.03672962321,1.03672962321,1.03672962321
      ,1.03672962321,1.03672962321,1.03672962321,1.036729623209
      ,1.03672962321,1.036729623209,1.03672962321,1.036729623209
      ,1.03672962321,1.03672962321,1.03672962321,1.036729623209
      ,1.03672962321,1.036729623209,1.03672962321,1.036729623209
      ,1.03672962321,1.03672962321,1.03672962321,1.03672962321
      ,1.036729623209,1.03672962321,1.036729623209,1.03672962321
      ,1.036729623209,1.03672962321,1.03672962321,1.03672962321
      ,1.03672962321,1.036729623209,1.03672962321,1.036729623209
      ,1.03672962321,1.036729623209,1.03672962321,1.03672962321
      ,1.03672962321,1.03672962321,1.03672962321,1.036729623209
      ,1.03672962321,1.036729623209,1.03672962321,1.03672962321
      ,1.03672962321,1.03672962321,1.036729623209,1.03672962321
      ,1.036729623209,1.036729623211,1.036729623209,1.03672962321
      ,1.036729623209,1.03672962321,1.036729623209,1.03672962321
      ,1.036729623209,1.036729623211,1.036729623208,1.036729623211
      ,1.036729623208,1.03672962321,1.036729623209,1.03672962321
      ,1.03672962321,1.03672962321,1.03672962321,1.03672962321
      ,1.036729623209,1.03672962321,1.036729623209,1.03672962321
      ,1.036729623209,1.03672962321,1.03672962321,1.03672962321)
    ,(1.669078461068,1.669078461068,1.669078461068,1.669078461068
      ,1.669078461068,1.669078461068,1.669078461068,1.669078461068
      ,1.669078461068,1.669078461068,1.669078461068,1.669078461068
      ,1.669078461069,1.669078461068,1.669078461069,1.669078461067
      ,1.669078461069,1.669078461068,1.669078461068,1.669078461068
      ,1.669078461068,1.669078461069,1.669078461066,1.669078461072
      ,1.669078461065,1.669078461071,1.669078461067,1.669078461069
      ,1.669078461068,1.669078461068,1.669078461068,1.669078461069
      ,1.669078461066,1.669078461072,1.669078461064,1.669078461072
      ,1.669078461066,1.669078461069,1.669078461068,1.669078461069
      ,1.669078461068,1.66907846107,1.669078461066,1.669078461071
      ,1.669078461066,1.66907846107,1.669078461067,1.669078461068
      ,1.669078461068,1.669078461068,1.669078461068,1.669078461069
      ,1.669078461068,1.669078461069,1.669078461068,1.669078461068
      ,1.669078461068,1.669078461068,1.669078461068,1.669078461068
      ,1.669078461068,1.669078461068,1.669078461068,1.669078461068
      ,1.669078461068,1.669078461068,1.669078461068,1.669078461068
      ,1.669078461068,1.669078461068,1.669078461069,1.669078461067
      ,1.66907846107,1.669078461067,1.669078461069,1.669078461068
      ,1.669078461068,1.669078461068,1.669078461069,1.669078461067
      ,1.66907846107,1.669078461066,1.66907846107,1.669078461067
      ,1.669078461069,1.669078461068,1.669078461068,1.669078461068
      ,1.669078461068,1.669078461068,1.669078461069,1.669078461068
      ,1.669078461069,1.669078461068,1.669078461068,1.669078461068
      ,1.669078461068,1.669078461068,1.669078461068,1.669078461068
      ,1.669078461069,1.669078461068,1.669078461069,1.669078461068
      ,1.669078461068,1.669078461068,1.669078461068,1.669078461068
      ,1.669078461068,1.669078461069,1.669078461067,1.669078461069
      ,1.669078461068,1.669078461069,1.669078461068,1.669078461068
      ,1.669078461068,1.669078461068,1.669078461068,1.669078461069
      ,1.669078461068,1.669078461068,1.669078461068,1.669078461068
      ,1.669078461068,1.669078461068,1.669078461069,1.669078461067
      ,1.66907846107,1.669078461067,1.669078461069,1.669078461068
      ,1.669078461068,1.669078461068,1.669078461068,1.669078461068
      ,1.669078461068,1.669078461068,1.669078461068,1.669078461068
      ,1.669078461068,1.669078461068,1.669078461068,1.669078461068
      ,1.669078461068,1.669078461069,1.669078461067,1.669078461069
      ,1.669078461068,1.669078461069,1.669078461068,1.669078461068
      ,1.669078461068,1.669078461068,1.669078461068,1.669078461068
      ,1.669078461068,1.669078461068,1.669078461068,1.669078461068
      ,1.669078461068,1.669078461068,1.669078461068,1.669078461068
      ,1.669078461068,1.669078461069,1.669078461068,1.669078461068
      ,1.669078461068,1.669078461068,1.669078461068,1.669078461069
      ,1.669078461067,1.66907846107,1.669078461067,1.669078461069
      ,1.669078461068,1.669078461068,1.669078461068,1.669078461069
      ,1.669078461067,1.66907846107,1.669078461066,1.66907846107
      ,1.669078461067,1.669078461069,1.669078461068,1.669078461068
      ,1.669078461068,1.669078461068,1.669078461068,1.669078461069
      ,1.669078461068,1.669078461069,1.669078461067,1.669078461069
      ,1.669078461068,1.669078461068,1.669078461068,1.669078461068
))) REPRESENTATION_ITEM('') SURFACE() );
#11052 = CARTESIAN_POINT('',(349.19494054811,268.17979432904,
    184.99462475766));
#11053 = CARTESIAN_POINT('',(349.29743077499,266.35689975928,
    184.93957152496));
#11054 = CARTESIAN_POINT('',(349.38201440107,264.53294417858,
    184.91762692747));
#11055 = CARTESIAN_POINT('',(349.45427203659,262.70787730331,
    184.92323836078));
#11056 = CARTESIAN_POINT('',(349.51656382832,260.88138741301,
    184.95066270927));
#11057 = CARTESIAN_POINT('',(349.56945399308,259.05315229691,
    184.99430657753));
#11058 = CARTESIAN_POINT('',(349.61274926007,257.22296076715,
    185.04883950788));
#11059 = CARTESIAN_POINT('',(349.64619210812,255.39074115147,
    185.10918506512));
#11060 = CARTESIAN_POINT('',(349.66984968348,253.55653318009,
    185.1704946695));
#11061 = CARTESIAN_POINT('',(349.68423928402,251.72043968,
    185.22820905876));
#11062 = CARTESIAN_POINT('',(349.69622330748,248.04474930076,
    185.32841546187));
#11063 = CARTESIAN_POINT('',(349.6783959704,244.36279377189,
    185.3864918359));
#11064 = CARTESIAN_POINT('',(349.66300589709,242.52043481815,
    185.40179300901));
#11065 = CARTESIAN_POINT('',(349.64209086521,240.67686902638,
    185.40310168283));
#11066 = CARTESIAN_POINT('',(349.6168478446,238.83242016055,
    185.38518766265));
#11067 = CARTESIAN_POINT('',(349.58790666278,236.98715421088,
    185.3566442407));
#11068 = CARTESIAN_POINT('',(349.5549571028,235.1413497086,
    185.31776112316));
#11069 = CARTESIAN_POINT('',(349.51872633599,233.29523281045,
    185.27239204024));
#11070 = CARTESIAN_POINT('',(349.48143845037,231.44836046143,
    185.25069344568));
#11071 = CARTESIAN_POINT('',(349.42326891441,228.70839221149,
    185.25030937351));
#11072 = CARTESIAN_POINT('',(349.36413187808,225.96839656199,
    185.21379918562));
#11073 = CARTESIAN_POINT('',(349.34486866524,225.07611557898,
    185.19984192474));
#11074 = CARTESIAN_POINT('',(349.32561566739,224.1838398635,
    185.18399376516));
#11075 = CARTESIAN_POINT('',(349.30655403834,223.2916248741,
    185.1641801636));
#11076 = CARTESIAN_POINT('',(349.28784402157,222.3995433642,
    185.13806865005));
#11077 = CARTESIAN_POINT('',(349.26946657157,221.50764247363,
    185.10521120967));
#11078 = CARTESIAN_POINT('',(349.2512994691,220.61591142138,
    185.067943163));
#11079 = CARTESIAN_POINT('',(349.23337869304,219.72427258848,
    185.0307634131));
#11080 = CARTESIAN_POINT('',(349.2160402135,218.83259491685,
    184.99903818246));
#11081 = CARTESIAN_POINT('',(349.19938177329,217.94071468568,
    184.97898761688));
#11082 = CARTESIAN_POINT('',(349.18815754942,217.34787926014,
    184.94262131191));
#11083 = CARTESIAN_POINT('',(349.17706384303,216.75499794739,
    184.91074862394));
#11084 = CARTESIAN_POINT('',(349.16627191465,216.16197689604,
    184.88718412615));
#11085 = CARTESIAN_POINT('',(349.15598286348,215.56893846043,
    184.86638906099));
#11086 = CARTESIAN_POINT('',(349.14601978406,214.97586229596,
    184.85001267956));
#11087 = CARTESIAN_POINT('',(349.13668688637,214.38270893122,
    184.83886496952));
#11088 = CARTESIAN_POINT('',(349.12766050365,213.78963312869,
    184.82772677277));
#11089 = CARTESIAN_POINT('',(349.119124769,213.19655480647,184.81967144)
  );
#11090 = CARTESIAN_POINT('',(349.1109813089,212.60357056049,
    184.81144129614));
#11091 = CARTESIAN_POINT('',(349.07820884357,210.08356725563,
    184.77394717299));
#11092 = CARTESIAN_POINT('',(349.05363866901,207.56652921837,
    184.70329723832));
#11093 = CARTESIAN_POINT('',(349.04089578328,205.64350022915,
    184.6395842693));
#11094 = CARTESIAN_POINT('',(349.03499683277,203.72249535623,
    184.57094286449));
#11095 = CARTESIAN_POINT('',(349.03666013371,201.80375007964,
    184.49945254425));
#11096 = CARTESIAN_POINT('',(349.04667624543,199.88753294709,
    184.42585708371));
#11097 = CARTESIAN_POINT('',(349.06591079436,197.97413794649,
    184.3502182433));
#11098 = CARTESIAN_POINT('',(349.09523370768,196.06388296457,
    184.27212782891));
#11099 = CARTESIAN_POINT('',(349.13544950983,194.15711085708,
    184.19072344828));
#11100 = CARTESIAN_POINT('',(349.2327110959,190.58782485228,
    184.0294703495));
#11101 = CARTESIAN_POINT('',(349.37388040637,187.03345596999,
    183.84764405472));
#11102 = CARTESIAN_POINT('',(349.44989977859,185.37749833042,
    183.75882075146));
#11103 = CARTESIAN_POINT('',(349.53657184121,183.72517492339,
    183.66650692388));
#11104 = CARTESIAN_POINT('',(349.63443561924,182.07667643231,
    183.57106902807));
#11105 = CARTESIAN_POINT('',(349.74403016163,180.43219248348,
    183.47281577383));
#11106 = CARTESIAN_POINT('',(349.86589464845,178.79191113999,
    183.37201440029));
#11107 = CARTESIAN_POINT('',(350.00056766992,177.15601832017,
    183.26890247867));
#11108 = CARTESIAN_POINT('',(350.14858567722,175.52469714048,
    183.16369524255));
#11109 = CARTESIAN_POINT('',(350.41805210641,172.81734859022,
    182.98542105842));
#11110 = CARTESIAN_POINT('',(350.72741546951,170.12364832043,
    182.80236819914));
#11111 = CARTESIAN_POINT('',(350.8574247899,169.05059200995,
    182.72790742522));
#11112 = CARTESIAN_POINT('',(350.99409936198,167.97991195652,
    182.65143418662));
#11113 = CARTESIAN_POINT('',(351.13759776776,166.91171591235,
    182.57231947895));
#11114 = CARTESIAN_POINT('',(351.28808201131,165.84611770414,
    182.4899323075));
#11115 = CARTESIAN_POINT('',(351.44571324076,164.78323685683,
    182.40363997576));
#11116 = CARTESIAN_POINT('',(351.61064398908,163.72319712484,
    182.31280838219));
#11117 = CARTESIAN_POINT('',(351.78300693389,162.66612393097,
    182.21680232535));
#11118 = CARTESIAN_POINT('',(351.96290017605,161.61214071279,
    182.11498581721));
#11119 = CARTESIAN_POINT('',(352.15036903718,160.56136417666,
    182.00672240474));
#11120 = CARTESIAN_POINT('',(352.28749044058,159.7923754126,
    181.962053982));
#11121 = CARTESIAN_POINT('',(352.42854963949,159.02499747359,
    181.91340849781));
#11122 = CARTESIAN_POINT('',(352.57367287707,158.25924974844,
    181.860600662));
#11123 = CARTESIAN_POINT('',(352.72298262871,157.49515419327,
    181.80344670337));
#11124 = CARTESIAN_POINT('',(352.87659192093,156.7327328652,
    181.74176394792));
#11125 = CARTESIAN_POINT('',(353.0345986502,155.97200545589,
    181.67537039697));
#11126 = CARTESIAN_POINT('',(353.19707990184,155.2129868252,
    181.60408430538));
#11127 = CARTESIAN_POINT('',(353.36408626891,154.45568453476,
    181.52772375973));
#11128 = CARTESIAN_POINT('',(353.53563617101,153.70009638166,
    181.44610625648));
#11129 = CARTESIAN_POINT('',(354.12928313449,151.15830382088,
    181.15258363179));
#11130 = CARTESIAN_POINT('',(354.77364211218,148.6355015351,
    180.79511386289));
#11131 = CARTESIAN_POINT('',(355.25121861194,146.86840424633,
    180.5257997394));
#11132 = CARTESIAN_POINT('',(355.75228654415,145.10651192986,
    180.25193188527));
#11133 = CARTESIAN_POINT('',(356.27822424907,143.34774912272,
    179.98784959391));
#11134 = CARTESIAN_POINT('',(356.83328732101,141.5909317695,
    179.74749685719));
#11135 = CARTESIAN_POINT('',(357.42371095915,139.83611961197,
    179.54358274653));
#11136 = CARTESIAN_POINT('',(358.05536640767,138.08414528689,
    179.38862836845));
#11137 = CARTESIAN_POINT('',(358.73010164058,136.33504202347,
    179.29703496448));
#11138 = CARTESIAN_POINT('',(360.00894598461,133.18698091444,
    179.27562646394));
#11139 = CARTESIAN_POINT('',(361.33445026325,130.00104093467,
    179.54807221896));
#11140 = CARTESIAN_POINT('',(361.92111025613,128.57577069353,
    179.70000980712));
#11141 = CARTESIAN_POINT('',(362.49949521325,127.13903545095,
    179.85424412798));
#11142 = CARTESIAN_POINT('',(363.07361341357,125.6927823623,
    179.97886602805));
#11143 = CARTESIAN_POINT('',(363.66825463089,124.24880862773,
    180.04811772718));
#11144 = CARTESIAN_POINT('',(364.31233986767,122.82192917061,
    180.0476370219));
#11145 = CARTESIAN_POINT('',(365.02949890497,121.42642104761,
    179.97246522614));
#11146 = CARTESIAN_POINT('',(365.83896389039,120.07726992505,
    179.80856724708));
#11147 = CARTESIAN_POINT('',(366.73276488614,118.77689485116,
    179.50438467457));
#11148 = CARTESIAN_POINT('',(367.64528680312,117.48588794235,
    179.01715030941));
#11149 = CARTESIAN_POINT('',(367.86715279275,117.15510493804,
    178.92336604186));
#11150 = CARTESIAN_POINT('',(368.09091632651,116.82424057395,
    178.82308246191));
#11151 = CARTESIAN_POINT('',(368.31591446991,116.49292792416,
    178.71664964175));
#11152 = CARTESIAN_POINT('',(368.54121655415,116.1606047948,
    178.60472843327));
#11153 = CARTESIAN_POINT('',(368.76615346618,115.82683886153,
    178.48834597503));
#11154 = CARTESIAN_POINT('',(368.99004209348,115.49114385598,
    178.36919415214));
#11155 = CARTESIAN_POINT('',(369.21206896549,115.15289738714,
    178.24991172178));
#11156 = CARTESIAN_POINT('',(369.43169545562,114.81158137993,
    178.13443989548));
#11157 = CARTESIAN_POINT('',(369.64934523093,114.4671765233,
    178.02889024861));
#11158 = CARTESIAN_POINT('',(369.94129192561,114.00070213626,
    177.91439370776));
#11159 = CARTESIAN_POINT('',(370.23372813624,113.52876689747,
    177.87175160739));
#11160 = CARTESIAN_POINT('',(370.3086906668,113.40766324807,
    177.86432505258));
#11161 = CARTESIAN_POINT('',(370.38373699239,113.28637348705,
    177.85931308867));
#11162 = CARTESIAN_POINT('',(370.45885949873,113.164949786,
    177.85575754273));
#11163 = CARTESIAN_POINT('',(370.53405173915,113.04343551476,
    177.85284710987));
#11164 = CARTESIAN_POINT('',(370.60931334135,112.92186745448,
    177.84994442179));
#11165 = CARTESIAN_POINT('',(370.68464896944,112.8002767277,
    177.84656635406));
#11166 = CARTESIAN_POINT('',(370.76006485467,112.67869277119,
    177.84227054015));
#11167 = CARTESIAN_POINT('',(370.88311824416,112.48060844113,
    177.83270438779));
#11168 = CARTESIAN_POINT('',(371.00641724249,112.28283660703,
    177.81547402851));
#11169 = CARTESIAN_POINT('',(371.05408666018,112.20640788556,
    177.80847256282));
#11170 = CARTESIAN_POINT('',(371.10177094713,112.12993395769,
    177.80186921648));
#11171 = CARTESIAN_POINT('',(371.14946565045,112.05338365863,
    177.79624802918));
#11172 = CARTESIAN_POINT('',(371.19716778377,111.97673858613,
    177.79196823836));
#11173 = CARTESIAN_POINT('',(371.24487492478,111.89999418074,
    177.78912600466));
#11174 = CARTESIAN_POINT('',(371.29258529144,111.8231599221,
    177.78754549173));
#11175 = CARTESIAN_POINT('',(371.34029879658,111.74625863984,
    177.78679930049));
#11176 = CARTESIAN_POINT('',(371.42760892998,111.6054989693,
    177.78580939602));
#11177 = CARTESIAN_POINT('',(371.51497650807,111.46477782404,
    177.78298954889));
#11178 = CARTESIAN_POINT('',(371.55460491319,111.40097980659,
    177.78129693818));
#11179 = CARTESIAN_POINT('',(371.59424750737,111.33719825222,
    177.77909380575));
#11180 = CARTESIAN_POINT('',(371.63390570606,111.273438754,
    177.77628648606));
#11181 = CARTESIAN_POINT('',(371.67357975608,111.20970357647,
    177.77283346133));
#11182 = CARTESIAN_POINT('',(371.71326817607,111.14598956819,
    177.7687822231));
#11183 = CARTESIAN_POINT('',(371.75296754106,111.08228692972,
    177.76429372252));
#11184 = CARTESIAN_POINT('',(371.79267261112,111.01857883769,
    177.7596544094));
#11185 = CARTESIAN_POINT('',(371.93066844462,110.79705491806,
    177.74443633005));
#11186 = CARTESIAN_POINT('',(372.06856782775,110.57483764853,
    177.73869705623));
#11187 = CARTESIAN_POINT('',(372.16681035066,110.41654534312,
    177.73344962151));
#11188 = CARTESIAN_POINT('',(372.2650828647,110.25831342132,
    177.72572091743));
#11189 = CARTESIAN_POINT('',(372.36336650883,110.10009570161,
    177.71627447518));
#11190 = CARTESIAN_POINT('',(372.46163292062,109.94181950292,
    177.70638395146));
#11191 = CARTESIAN_POINT('',(372.55985630745,109.78343154427,
    177.6970228931));
#11192 = CARTESIAN_POINT('',(372.65801919136,109.62491161626,
    177.68859832838));
#11193 = CARTESIAN_POINT('',(372.75611319732,109.46626741245,
    177.68100703856));
#11194 = CARTESIAN_POINT('',(372.93104932903,109.18296696612,
    177.66813320503));
#11195 = CARTESIAN_POINT('',(373.10575702689,108.89947612209,
    177.65400992473));
#11196 = CARTESIAN_POINT('',(373.18251571503,108.77478035227,
    177.64790199814));
#11197 = CARTESIAN_POINT('',(373.25921252384,108.65001837519,
    177.64211097519));
#11198 = CARTESIAN_POINT('',(373.33584092492,108.52518489934,
    177.63674550733));
#11199 = CARTESIAN_POINT('',(373.41239545169,108.40027919794,
    177.63182604471));
#11200 = CARTESIAN_POINT('',(373.48887148728,108.27530411184,
    177.62730073254));
#11201 = CARTESIAN_POINT('',(373.56526517859,108.150265281,
    177.62305872041));
#11202 = CARTESIAN_POINT('',(373.64157347669,108.02517060305,
    177.61894088482));
#11203 = CARTESIAN_POINT('',(373.82858594313,107.71813027336,
    177.60865329845));
#11204 = CARTESIAN_POINT('',(374.01506693015,107.41088343774,
    177.5965059368));
#11205 = CARTESIAN_POINT('',(374.12533605696,107.22876733443,
    177.58906433251));
#11206 = CARTESIAN_POINT('',(374.23537798747,107.04654311033,
    177.58164068777));
#11207 = CARTESIAN_POINT('',(374.34517456162,106.86420261479,
    177.57438596653));
#11208 = CARTESIAN_POINT('',(374.4547088396,106.68174205819,
    177.56736592525));
#11209 = CARTESIAN_POINT('',(374.56396494754,106.49916080732,
    177.56058267928));
#11210 = CARTESIAN_POINT('',(374.67292793654,106.31646046753,
    177.55399089454));
#11211 = CARTESIAN_POINT('',(374.78158365433,106.13364425325,
    177.54750860454));
#11212 = CARTESIAN_POINT('',(375.05033022147,105.67985574902,
    177.53141890437));
#11213 = CARTESIAN_POINT('',(375.31702365024,105.22541677738,
    177.51441879617));
#11214 = CARTESIAN_POINT('',(375.47542215588,104.95391702637,
    177.50425708375));
#11215 = CARTESIAN_POINT('',(375.63297865584,104.68215379296,
    177.49427297427));
#11216 = CARTESIAN_POINT('',(375.78964004991,104.41011849482,
    177.48456942105));
#11217 = CARTESIAN_POINT('',(375.94535423409,104.1378054796,
    177.47518361143));
#11218 = CARTESIAN_POINT('',(376.10006984906,103.86521094721,
    177.46610539299));
#11219 = CARTESIAN_POINT('',(376.25373609422,103.59233216814,
    177.45729068992));
#11220 = CARTESIAN_POINT('',(376.40630260747,103.31916699563,
    177.44866990956));
#11221 = CARTESIAN_POINT('',(376.78388941638,102.63725874469,
    177.42742722198));
#11222 = CARTESIAN_POINT('',(377.15401841914,101.95355078077,
    177.4061022248));
#11223 = CARTESIAN_POINT('',(377.37286775135,101.54334217813,
    177.39350798261));
#11224 = CARTESIAN_POINT('',(377.58868599817,101.1324305602,
    177.38121611291));
#11225 = CARTESIAN_POINT('',(377.80129539708,100.72078992668,
    177.36928559433));
#11226 = CARTESIAN_POINT('',(378.01051754305,100.30839461999,
    177.35772865916));
#11227 = CARTESIAN_POINT('',(378.21617296986,99.895218573132,
    177.34652443589));
#11228 = CARTESIAN_POINT('',(378.4180807423,99.481234810664,
    177.3356287645));
#11229 = CARTESIAN_POINT('',(378.61605805831,99.066415202494,
    177.32498018416));
#11230 = CARTESIAN_POINT('',(379.30602866449,97.586957976544,
    177.28768777117));
#11231 = CARTESIAN_POINT('',(379.94149028504,96.096160046916,
    177.25137175187));
#11232 = CARTESIAN_POINT('',(380.3670181313,95.017763572392,
    177.22675423517));
#11233 = CARTESIAN_POINT('',(380.75781809298,93.932301712053,
    177.20411787823));
#11234 = CARTESIAN_POINT('',(381.11039612083,92.839143911598,
    177.18367706661));
#11235 = CARTESIAN_POINT('',(381.42104426941,91.737668295004,
    177.16550896956));
#11236 = CARTESIAN_POINT('',(381.685776463,90.627370830085,
    177.1496175571));
#11237 = CARTESIAN_POINT('',(381.90029746976,89.508016557717,
    177.13595274882));
#11238 = CARTESIAN_POINT('',(382.06004221503,88.379809313259,
    177.12441061594));
#11239 = CARTESIAN_POINT('',(382.16032256491,87.243556371689,
    177.11484055886));
#11240 = CARTESIAN_POINT('',(382.19661871119,86.100804445483,
    177.10708538179));
#11241 = CARTESIAN_POINT('',(382.26631103666,83.919174514568,
    177.08036094819));
#11242 = CARTESIAN_POINT('',(382.10229179919,81.727304518123,
    177.06261959888));
#11243 = CARTESIAN_POINT('',(381.68797091305,79.536496833785,
    177.05273155875));
#11244 = CARTESIAN_POINT('',(381.0088169644,77.362398296488,
    177.0495699688));
#11245 = CARTESIAN_POINT('',(380.06152262263,75.228012843803,
    177.05188495071));
#11246 = CARTESIAN_POINT('',(378.85212675907,73.146739989906,
    177.05816945597));
#11247 = CARTESIAN_POINT('',(377.38714954628,71.118187104867,
    177.0667724236));
#11248 = CARTESIAN_POINT('',(375.66621624877,69.136571144807,
    177.07610916498));
#11249 = CARTESIAN_POINT('',(373.682687769,67.197724626708,
    177.08471630559));
#11250 = CARTESIAN_POINT('',(371.43048125996,65.296051302879,
    177.09109904156));
#11251 = CARTESIAN_POINT('',(368.90055227819,63.427239131573,
    177.09382191511));
#11252 = CARTESIAN_POINT('',(349.19494054811,268.33868179596,
    190.30918803103));
#11253 = CARTESIAN_POINT('',(349.47986616358,266.51216837102,
    190.25424298986));
#11254 = CARTESIAN_POINT('',(349.68339258305,264.67833381752,
    190.22570223199));
#11255 = CARTESIAN_POINT('',(349.82036797401,262.83980615215,
    190.22592468533));
#11256 = CARTESIAN_POINT('',(349.90282099129,260.99811967179,
    190.25176669337));
#11257 = CARTESIAN_POINT('',(349.94077755443,259.15419457811,
    190.29728883737));
#11258 = CARTESIAN_POINT('',(349.94308574926,257.30861976176,
    190.35558790832));
#11259 = CARTESIAN_POINT('',(349.91811117161,255.46179157622,
    190.41992970561));
#11260 = CARTESIAN_POINT('',(349.87416502971,253.61396143812,
    190.48435834092));
#11261 = CARTESIAN_POINT('',(349.81952732303,251.76524508346,
    190.54395772426));
#11262 = CARTESIAN_POINT('',(349.704327506,248.06604754831,
    190.64592409654));
#11263 = CARTESIAN_POINT('',(349.60119491941,244.36325213196,
    190.70316601483));
#11264 = CARTESIAN_POINT('',(349.55912741416,242.51092880686,
    190.71780917123));
#11265 = CARTESIAN_POINT('',(349.5281128827,240.65765598179,
    190.71858773827));
#11266 = CARTESIAN_POINT('',(349.5182129135,238.80330291403,
    190.70104137487));
#11267 = CARTESIAN_POINT('',(349.51595440073,236.94805880738,
    190.67360224488));
#11268 = CARTESIAN_POINT('',(349.52071989244,235.09206697982,
    190.63482877709));
#11269 = CARTESIAN_POINT('',(349.52701322294,233.23569330606,
    190.58857163812));
#11270 = CARTESIAN_POINT('',(349.48713826475,231.37979954988,
    190.56750383264));
#11271 = CARTESIAN_POINT('',(349.36397897455,228.62820641658,
    190.56636850492));
#11272 = CARTESIAN_POINT('',(349.28789581635,225.87606283299,
    190.5293924048));
#11273 = CARTESIAN_POINT('',(349.26529913038,224.9798260961,
    190.51534094123));
#11274 = CARTESIAN_POINT('',(349.24462327009,224.08360486218,
    190.49934742916));
#11275 = CARTESIAN_POINT('',(349.22951544737,223.18737207497,
    190.47950206679));
#11276 = CARTESIAN_POINT('',(349.22403097219,222.29111382248,
    190.45360198049));
#11277 = CARTESIAN_POINT('',(349.22891562738,221.39487848962,
    190.42103236837));
#11278 = CARTESIAN_POINT('',(349.24018770301,220.49876933799,
    190.38379290517));
#11279 = CARTESIAN_POINT('',(349.25042778535,219.60288328931,
    190.34631194693));
#11280 = CARTESIAN_POINT('',(349.25107316084,218.70724564289,
    190.31438455209));
#11281 = CARTESIAN_POINT('',(349.23190245942,217.81183741735,
    190.29426381559));
#11282 = CARTESIAN_POINT('',(349.25727015151,217.2159456851,
    190.25759952372));
#11283 = CARTESIAN_POINT('',(349.27481702946,216.62017913159,
    190.22520259368));
#11284 = CARTESIAN_POINT('',(349.27837160641,216.02454924636,
    190.20113493739));
#11285 = CARTESIAN_POINT('',(349.27733428904,215.42897457533,
    190.1801475557));
#11286 = CARTESIAN_POINT('',(349.26878474594,214.83350188313,
    190.16355688414));
#11287 = CARTESIAN_POINT('',(349.25167595283,214.23806651946,
    190.15263858183));
#11288 = CARTESIAN_POINT('',(349.23435486123,213.64269119664,
    190.14159169574));
#11289 = CARTESIAN_POINT('',(349.21189419386,213.04736398671,
    190.1337575478));
#11290 = CARTESIAN_POINT('',(349.1896061857,212.45209392938,
    190.12567251972));
#11291 = CARTESIAN_POINT('',(349.09870435525,209.92218837944,
    190.08859016577));
#11292 = CARTESIAN_POINT('',(349.06178183867,207.39408362625,
    190.01736859256));
#11293 = CARTESIAN_POINT('',(349.05012445196,205.46227845841,
    189.95335595941));
#11294 = CARTESIAN_POINT('',(349.04782570911,203.53233961974,
    189.88451202528));
#11295 = CARTESIAN_POINT('',(349.05203365107,201.60452794708,
    189.81274501602));
#11296 = CARTESIAN_POINT('',(349.06218897517,199.67906894294,
    189.73874822078));
#11297 = CARTESIAN_POINT('',(349.0789428239,197.75619033475,
    189.66265936234));
#11298 = CARTESIAN_POINT('',(349.10373433262,195.83615424811,
    189.58415634333));
#11299 = CARTESIAN_POINT('',(349.13869460014,193.91928538472,
    189.50235889164));
#11300 = CARTESIAN_POINT('',(349.22844465687,190.33055302236,
    189.34019956283));
#11301 = CARTESIAN_POINT('',(349.37362341263,186.75626440987,
    189.1573662559));
#11302 = CARTESIAN_POINT('',(349.45304139363,185.09091421605,
    189.06805016569));
#11303 = CARTESIAN_POINT('',(349.54382729357,183.42910043608,
    188.9752173872));
#11304 = CARTESIAN_POINT('',(349.64583980797,181.77099274542,
    188.87923088996));
#11305 = CARTESIAN_POINT('',(349.75903474454,180.11674319309,
    188.78039731375));
#11306 = CARTESIAN_POINT('',(349.88343857369,178.46648505294,
    188.67898316984));
#11307 = CARTESIAN_POINT('',(350.01912869834,176.82033155221,
    188.57522510486));
#11308 = CARTESIAN_POINT('',(350.16622044278,175.17837447734,
    188.46933422759));
#11309 = CARTESIAN_POINT('',(350.43026972818,172.45251411395,
    188.28984011289));
#11310 = CARTESIAN_POINT('',(350.72680914011,169.73859275972,
    188.10536041605));
#11311 = CARTESIAN_POINT('',(350.85153598882,168.65727450106,
    188.03029660032));
#11312 = CARTESIAN_POINT('',(350.98378407811,167.57825517375,
    187.95319178934));
#11313 = CARTESIAN_POINT('',(351.12473202907,166.50178654575,
    187.87343262954));
#11314 = CARTESIAN_POINT('',(351.27556146215,165.42816082865,
    187.79041394599));
#11315 = CARTESIAN_POINT('',(351.43745097974,164.357713564,
    187.70353254892));
#11316 = CARTESIAN_POINT('',(351.61156627457,163.29082599882,
    187.61217513341));
#11317 = CARTESIAN_POINT('',(351.79904636411,162.2279269501,
    187.51570027218));
#11318 = CARTESIAN_POINT('',(352.00098595082,161.16949415842,
    187.41341450148));
#11319 = CARTESIAN_POINT('',(352.21841390828,160.11605513064,
    187.30454250011));
#11320 = CARTESIAN_POINT('',(352.32112588063,159.33510158884,
    187.25931032881));
#11321 = CARTESIAN_POINT('',(352.43291515501,158.55660116082,
    187.20983025462));
#11322 = CARTESIAN_POINT('',(352.55428705664,157.78072086522,
    187.15605144797));
#11323 = CARTESIAN_POINT('',(352.68573769442,157.00764286304,
    187.09792119578));
#11324 = CARTESIAN_POINT('',(352.82774810046,156.2375634163,
    187.03537442083));
#11325 = CARTESIAN_POINT('',(352.98077836946,155.47069184675,
    186.96832320113));
#11326 = CARTESIAN_POINT('',(353.14526179833,154.70724949452,
    186.89664628931));
#11327 = CARTESIAN_POINT('',(353.32159902557,153.94746867683,
    186.82017863197));
#11328 = CARTESIAN_POINT('',(353.51015217081,153.19159164661,
    186.73870088905));
#11329 = CARTESIAN_POINT('',(354.18813170659,150.65710311518,
    186.44614267172));
#11330 = CARTESIAN_POINT('',(355.01162876977,148.17279011686,
    186.08931758828));
#11331 = CARTESIAN_POINT('',(355.64018088566,146.44570664225,
    185.81749518063));
#11332 = CARTESIAN_POINT('',(356.29609460075,144.73332947907,
    185.53499461599));
#11333 = CARTESIAN_POINT('',(356.95849553676,143.02740331646,
    185.25640351036));
#11334 = CARTESIAN_POINT('',(357.61064103929,141.31857169276,
    185.00064460661));
#11335 = CARTESIAN_POINT('',(358.2404383179,139.59753367235,
    184.78890818733));
#11336 = CARTESIAN_POINT('',(358.83649397142,137.85438892383,
    184.6418690435));
#11337 = CARTESIAN_POINT('',(359.38115655872,136.0762879759,
    184.57531009255));
#11338 = CARTESIAN_POINT('',(360.2163813252,132.78178876479,
    184.60379850829));
#11339 = CARTESIAN_POINT('',(360.6765012183,129.2433044746,
    184.79969792507));
#11340 = CARTESIAN_POINT('',(360.83892301243,127.6359011588,
    184.87287700689));
#11341 = CARTESIAN_POINT('',(360.99827941953,126.0094698328,
    184.89275383164));
#11342 = CARTESIAN_POINT('',(361.20781578162,124.38763143603,
    184.83438251814));
#11343 = CARTESIAN_POINT('',(361.53214400365,122.80044941215,
    184.71724897049));
#11344 = CARTESIAN_POINT('',(362.02117322102,121.27612003455,
    184.58069494806));
#11345 = CARTESIAN_POINT('',(362.70501299041,119.83635969778,
    184.46527250074));
#11346 = CARTESIAN_POINT('',(363.62286781702,118.51072150135,
    184.39680897677));
#11347 = CARTESIAN_POINT('',(364.83520422356,117.35630411757,
    184.31478382903));
#11348 = CARTESIAN_POINT('',(366.32695528982,116.38791360375,
    184.04967277699));
#11349 = CARTESIAN_POINT('',(366.65278590128,116.11483914081,
    183.99571393219));
#11350 = CARTESIAN_POINT('',(366.98974386254,115.8484064837,
    183.93570332909));
#11351 = CARTESIAN_POINT('',(367.33660366948,115.58803119778,
    183.86888721407));
#11352 = CARTESIAN_POINT('',(367.69143112694,115.33266215691,
    183.79427397678));
#11353 = CARTESIAN_POINT('',(368.05206070946,115.08101595315,
    183.71172042088));
#11354 = CARTESIAN_POINT('',(368.41538905463,114.83114714719,
    183.62168030381));
#11355 = CARTESIAN_POINT('',(368.7768585435,114.58012207392,
    183.52525012116));
#11356 = CARTESIAN_POINT('',(369.13038201601,114.32391335552,
    183.42530654056));
#11357 = CARTESIAN_POINT('',(369.46783676422,114.05698171001,
    183.32868932055));
#11358 = CARTESIAN_POINT('',(369.88225280743,113.67170236549,
    183.22095551996));
#11359 = CARTESIAN_POINT('',(370.19604218751,113.21897485603,
    183.17952316671));
#11360 = CARTESIAN_POINT('',(370.27157756626,113.09977379747,
    183.17220327724));
#11361 = CARTESIAN_POINT('',(370.34383277281,112.97830488732,
    183.16716895369));
#11362 = CARTESIAN_POINT('',(370.41415809792,112.85545462254,
    183.16350320518));
#11363 = CARTESIAN_POINT('',(370.48369539197,112.73197498944,
    183.16043002586));
#11364 = CARTESIAN_POINT('',(370.55334568162,112.60846045249,
    183.15735025332));
#11365 = CARTESIAN_POINT('',(370.62379652144,112.48536531714,
    183.15382117692));
#11366 = CARTESIAN_POINT('',(370.69567915536,112.36310684331,
    183.14944161125));
#11367 = CARTESIAN_POINT('',(370.81668689058,112.16621347795,
    183.13992764178));
#11368 = CARTESIAN_POINT('',(370.94891342569,111.9764217323,
    183.12326725481));
#11369 = CARTESIAN_POINT('',(371.00053753122,111.903389809,
    183.11650155294));
#11370 = CARTESIAN_POINT('',(371.05163345965,111.82997632529,
    183.11010333616));
#11371 = CARTESIAN_POINT('',(371.1013715285,111.75563782196,
    183.10462466496));
#11372 = CARTESIAN_POINT('',(371.14924138542,111.68004047298,
    183.10040605033));
#11373 = CARTESIAN_POINT('',(371.19510498003,111.60309503511,
    183.09753786735));
#11374 = CARTESIAN_POINT('',(371.23920913833,111.52496500301,
    183.0958517213));
#11375 = CARTESIAN_POINT('',(371.28215773998,111.44604796958,
    183.09494176651));
#11376 = CARTESIAN_POINT('',(371.36025658767,111.30129225848,
    183.09361384655));
#11377 = CARTESIAN_POINT('',(371.44106721455,111.15821682797,
    183.09056926836));
#11378 = CARTESIAN_POINT('',(371.4783214831,111.09372190713,
    183.08880222963));
#11379 = CARTESIAN_POINT('',(371.51632539528,111.02969866193,
    183.08656070589));
#11380 = CARTESIAN_POINT('',(371.5552127313,110.96623472092,
    183.08375888164));
#11381 = CARTESIAN_POINT('',(371.59504242046,110.90336864735,
    183.08035851976));
#11382 = CARTESIAN_POINT('',(371.63574587608,110.84105556776,
    183.07640320385));
#11383 = CARTESIAN_POINT('',(371.67709220483,110.7791445542,
    183.07204140654));
#11384 = CARTESIAN_POINT('',(371.71867129011,110.71736776044,
    183.06753838388));
#11385 = CARTESIAN_POINT('',(371.86194748426,110.50178872923,
    183.05272716242));
#11386 = CARTESIAN_POINT('',(371.99189434094,110.27730793558,
    183.04675043176));
#11387 = CARTESIAN_POINT('',(372.08619368392,110.11846956012,
    183.04141656962));
#11388 = CARTESIAN_POINT('',(372.18411365097,109.96191287335,
    183.0337761846));
#11389 = CARTESIAN_POINT('',(372.28455747644,109.80691960027,
    183.02454012184));
#11390 = CARTESIAN_POINT('',(372.38569690003,109.65230001806,
    183.01489284499));
#11391 = CARTESIAN_POINT('',(372.48612912715,109.49714916038,
    183.0057394891));
#11392 = CARTESIAN_POINT('',(372.58525950577,109.34109298773,
    182.99745949902));
#11393 = CARTESIAN_POINT('',(372.6832237444,109.18423204835,
    182.98995939491));
#11394 = CARTESIAN_POINT('',(372.85711888212,108.90361145897,
    182.9772131397));
#11395 = CARTESIAN_POINT('',(373.03281634263,108.62403343476,
    182.96330786895));
#11396 = CARTESIAN_POINT('',(373.10991695044,108.50099693981,
    182.95729058829));
#11397 = CARTESIAN_POINT('',(373.1865570043,108.37764605249,
    182.9515713278));
#11398 = CARTESIAN_POINT('',(373.26257528489,108.25388187466,
    182.94625212625));
#11399 = CARTESIAN_POINT('',(373.33793641637,108.12968712924,
    182.94135232385));
#11400 = CARTESIAN_POINT('',(373.41270836041,108.00511094392,
    182.93682327374));
#11401 = CARTESIAN_POINT('',(373.48704370212,107.88025611433,
    182.9325608449));
#11402 = CARTESIAN_POINT('',(373.56116472738,107.75526884741,
    182.92841571644));
#11403 = CARTESIAN_POINT('',(373.74318846117,107.44872614854,
    182.91807578792));
#11404 = CARTESIAN_POINT('',(373.92761190931,107.14375816589,
    182.90600947074));
#11405 = CARTESIAN_POINT('',(374.03711288825,106.96326242654,
    182.89863634424));
#11406 = CARTESIAN_POINT('',(374.14646337181,106.78270106782,
    182.8912842832));
#11407 = CARTESIAN_POINT('',(374.25542957272,106.60193643424,
    182.88409405279));
#11408 = CARTESIAN_POINT('',(374.36389958627,106.4209094823,
    182.87712681118));
#11409 = CARTESIAN_POINT('',(374.4718530233,106.23961923319,
    182.87038438854));
#11410 = CARTESIAN_POINT('',(374.57933825112,106.05810721671,
    182.86382446371));
#11411 = CARTESIAN_POINT('',(374.6864572421,105.87644690867,
    182.85737063823));
#11412 = CARTESIAN_POINT('',(374.95164601973,105.42568202774,
    182.84136211027));
#11413 = CARTESIAN_POINT('',(375.21668683773,104.97539226718,
    182.8245280677));
#11414 = CARTESIAN_POINT('',(375.37433494972,104.70650342369,
    182.81447477818));
#11415 = CARTESIAN_POINT('',(375.53110031131,104.43732223585,
    182.80459551709));
#11416 = CARTESIAN_POINT('',(375.68677924631,104.16775494023,
    182.79498642717));
#11417 = CARTESIAN_POINT('',(375.84126258458,103.89776744168,
    182.78568230013));
#11418 = CARTESIAN_POINT('',(375.99450979771,103.62736736055,
    182.77667371037));
#11419 = CARTESIAN_POINT('',(376.14653027686,103.35659073609,
    182.76791949566));
#11420 = CARTESIAN_POINT('',(376.29737175222,103.08549338446,
    182.75935458472));
#11421 = CARTESIAN_POINT('',(376.67078736139,102.40883896905,
    182.73825443029));
#11422 = CARTESIAN_POINT('',(377.03811419843,101.73118304865,
    182.7171261624));
#11423 = CARTESIAN_POINT('',(377.25547047678,101.3247096497,
    182.70465512435));
#11424 = CARTESIAN_POINT('',(377.46979604964,100.91754228076,
    182.69248352511));
#11425 = CARTESIAN_POINT('',(377.68081954126,100.50960940228,
    182.68066635544));
#11426 = CARTESIAN_POINT('',(377.88833639153,100.10087885521,
    182.6692149561));
#11427 = CARTESIAN_POINT('',(378.09218985469,99.691343861578,
    182.6581096989));
#11428 = CARTESIAN_POINT('',(378.292257384,99.28101250994,
    182.64730909379));
#11429 = CARTESIAN_POINT('',(378.48844240263,98.869900725959,
    182.63675532202));
#11430 = CARTESIAN_POINT('',(379.17260192833,97.404013342187,
    182.59981512934));
#11431 = CARTESIAN_POINT('',(379.80604573088,95.928805987277,
    182.56397028975));
#11432 = CARTESIAN_POINT('',(380.2305620651,94.861820331476,
    182.53968191793));
#11433 = CARTESIAN_POINT('',(380.61996813592,93.787610855032,
    182.51733231467));
#11434 = CARTESIAN_POINT('',(380.97032406514,92.70546824531,
    182.49712388711));
#11435 = CARTESIAN_POINT('',(381.27767481727,91.614850975459,
    182.47913117528));
#11436 = CARTESIAN_POINT('',(381.53791384958,90.51543080694,
    182.46335838266));
#11437 = CARTESIAN_POINT('',(381.74674311508,89.407212592697,
    182.44975567622));
#11438 = CARTESIAN_POINT('',(381.89972464533,88.290679397068,
    182.43821888546));
#11439 = CARTESIAN_POINT('',(381.99241893661,87.166913950161,
    182.42859723006));
#11440 = CARTESIAN_POINT('',(382.02060536562,86.03764745287,
    182.42073370571));
#11441 = CARTESIAN_POINT('',(382.09460808176,83.882388439999,
    182.39446549239));
#11442 = CARTESIAN_POINT('',(381.92940463605,81.717150912201,
    182.37685361269));
#11443 = CARTESIAN_POINT('',(381.51120399722,79.555196966267,
    182.36689573838));
#11444 = CARTESIAN_POINT('',(380.82866051134,77.413144137083,
    182.36350307117));
#11445 = CARTESIAN_POINT('',(379.88194334392,75.31258284486,
    182.36543868213));
#11446 = CARTESIAN_POINT('',(378.67896858522,73.263754583046,
    182.37126447345));
#11447 = CARTESIAN_POINT('',(377.22635579009,71.262716106402,
    182.37947824383));
#11448 = CARTESIAN_POINT('',(375.52325767354,69.300669949415,
    182.38868511355));
#11449 = CARTESIAN_POINT('',(373.56278002887,67.370909206853,
    182.39757610937));
#11450 = CARTESIAN_POINT('',(371.33825867008,65.465104691238,
    182.40468102395));
#11451 = CARTESIAN_POINT('',(368.84019132995,63.576455295834,
    182.40832274831));
#11452 = CARTESIAN_POINT('',(342.63078122607,267.99209921868,
    191.08331256239));
#11453 = CARTESIAN_POINT('',(342.93934546442,266.21716866856,
    191.25190443996));
#11454 = CARTESIAN_POINT('',(343.16639720886,264.42856902313,
    191.36751936127));
#11455 = CARTESIAN_POINT('',(343.3181305887,262.62970352266,
    191.44526189543));
#11456 = CARTESIAN_POINT('',(343.40459438759,260.82329932034,
    191.49436271814));
#11457 = CARTESIAN_POINT('',(343.43749478486,259.01140435987,
    191.52052621449));
#11458 = CARTESIAN_POINT('',(343.42885606635,257.19544365995,
    191.52777662367));
#11459 = CARTESIAN_POINT('',(343.39029198134,255.3763153841,
    191.51977308535));
#11460 = CARTESIAN_POINT('',(343.33264042077,253.55450707048,
    191.50056394769));
#11461 = CARTESIAN_POINT('',(343.26571409347,251.730212401,
    191.47475069674));
#11462 = CARTESIAN_POINT('',(343.13012565786,248.07664536733,
    191.41931303783));
#11463 = CARTESIAN_POINT('',(343.01603263168,244.41256418579,
    191.37101240645));
#11464 = CARTESIAN_POINT('',(342.97110725138,242.57774564229,
    191.35269361373));
#11465 = CARTESIAN_POINT('',(342.9394698716,240.74002594207,
    191.34109898966));
#11466 = CARTESIAN_POINT('',(342.93147658791,238.89883124888,
    191.34282600453));
#11467 = CARTESIAN_POINT('',(342.9318162732,237.05452023349,
    191.3488299403));
#11468 = CARTESIAN_POINT('',(342.94194564839,235.20693189808,
    191.35702701484));
#11469 = CARTESIAN_POINT('',(342.95546190491,233.35627488414,
    191.36355136689));
#11470 = CARTESIAN_POINT('',(342.91441265686,231.50479593776,
    191.33968103394));
#11471 = CARTESIAN_POINT('',(342.78276663463,228.75846058205,
    191.25849419393));
#11472 = CARTESIAN_POINT('',(342.70459775735,226.00615382049,
    191.20085021312));
#11473 = CARTESIAN_POINT('',(342.68154979902,225.10933586101,
    191.18276960683));
#11474 = CARTESIAN_POINT('',(342.66074602589,224.21201589072,
    191.16509195642));
#11475 = CARTESIAN_POINT('',(342.64612589912,223.31407342318,
    191.15021606444));
#11476 = CARTESIAN_POINT('',(342.6421415375,222.41536498716,
    191.14077253836));
#11477 = CARTESIAN_POINT('',(342.64985444165,221.51587465502,
    191.1370657977));
#11478 = CARTESIAN_POINT('',(342.6651466213,220.61577657296,
    191.13627199683));
#11479 = CARTESIAN_POINT('',(342.67962104644,219.71538455538,
    191.13358885044));
#11480 = CARTESIAN_POINT('',(342.68291380869,218.81504797688,
    191.12387052896));
#11481 = CARTESIAN_POINT('',(342.66328784329,217.91513737024,
    191.10061797018));
#11482 = CARTESIAN_POINT('',(342.69413605535,217.31500120692,
    191.1091421019));
#11483 = CARTESIAN_POINT('',(342.7163013808,216.71498438943,
    191.11206067713));
#11484 = CARTESIAN_POINT('',(342.72239973011,216.1153246556,
    191.10562933628));
#11485 = CARTESIAN_POINT('',(342.72278917678,215.51567820605,
    191.09601576828));
#11486 = CARTESIAN_POINT('',(342.71456891182,214.91616154082,
    191.08109559543));
#11487 = CARTESIAN_POINT('',(342.69592285351,214.31680579153,
    191.06054262006));
#11488 = CARTESIAN_POINT('',(342.67715786638,213.71731504389,
    191.03919080439));
#11489 = CARTESIAN_POINT('',(342.65228442222,213.1178699891,
    191.01410103876));
#11490 = CARTESIAN_POINT('',(342.62764371124,212.51828693496,
    190.98846862464));
#11491 = CARTESIAN_POINT('',(342.52727161963,209.96909738497,
    190.87919164191));
#11492 = CARTESIAN_POINT('',(342.48862141722,207.41617247533,
    190.79202669317));
#11493 = CARTESIAN_POINT('',(342.47698730567,205.46261497396,
    190.72872328158));
#11494 = CARTESIAN_POINT('',(342.47498370618,203.50842260746,
    190.66355632394));
#11495 = CARTESIAN_POINT('',(342.4794864621,201.55400459314,
    190.59398034039));
#11496 = CARTESIAN_POINT('',(342.48983445971,199.59965705358,
    190.51899661348));
#11497 = CARTESIAN_POINT('',(342.50658582246,197.64562273475,
    190.43847024722));
#11498 = CARTESIAN_POINT('',(342.53119035553,195.69213118704,
    190.35277352483));
#11499 = CARTESIAN_POINT('',(342.56603294538,193.7394286367,
    190.26263879754));
#11500 = CARTESIAN_POINT('',(342.65657178098,190.0787954023,
    190.08719697993));
#11501 = CARTESIAN_POINT('',(342.80540611917,186.4232804018,
    189.9042455824));
#11502 = CARTESIAN_POINT('',(342.88705190895,184.71800603142,
    189.81651113661));
#11503 = CARTESIAN_POINT('',(342.98051339256,183.01429372171,
    189.72587692089));
#11504 = CARTESIAN_POINT('',(343.08559659462,181.31234043306,
    189.63184732101));
#11505 = CARTESIAN_POINT('',(343.20221854289,179.61232529232,
    189.53398923891));
#11506 = CARTESIAN_POINT('',(343.33037678568,177.91440939135,
    189.43191484429));
#11507 = CARTESIAN_POINT('',(343.4701284133,176.21873561169,
    189.32526736806));
#11508 = CARTESIAN_POINT('',(343.62157858429,174.52542847427,
    189.21370993753));
#11509 = CARTESIAN_POINT('',(343.89338364184,171.71111470927,
    189.01931438701));
#11510 = CARTESIAN_POINT('',(344.19858504396,168.90389353684,
    188.8095335165));
#11511 = CARTESIAN_POINT('',(344.32708433754,167.78449009719,
    188.72396360813));
#11512 = CARTESIAN_POINT('',(344.46358669559,166.66647544037,
    188.6372043926));
#11513 = CARTESIAN_POINT('',(344.60942946541,165.55002444624,
    188.54990622793));
#11514 = CARTESIAN_POINT('',(344.76594590221,164.43534489273,
    188.46273320013));
#11515 = CARTESIAN_POINT('',(344.9344676913,163.32268158378,
    188.37635540621));
#11516 = CARTESIAN_POINT('',(345.11633069192,162.2123222943,
    188.29143446404));
#11517 = CARTESIAN_POINT('',(345.31288390262,161.10460553214,
    188.20860224897));
#11518 = CARTESIAN_POINT('',(345.52550164831,159.99993011712,
    188.12843285743));
#11519 = CARTESIAN_POINT('',(345.7555989888,158.89876657699,
    188.05140779714));
#11520 = CARTESIAN_POINT('',(345.8585669859,158.08749587731,
    187.95897824117));
#11521 = CARTESIAN_POINT('',(345.97198797614,157.27806771676,
    187.86857517203));
#11522 = CARTESIAN_POINT('',(346.09628407361,156.47058299871,
    187.78065821043));
#11523 = CARTESIAN_POINT('',(346.2318751348,155.66515429974,
    187.69568148425));
#11524 = CARTESIAN_POINT('',(346.3791845445,154.86191010018,
    187.61408257019));
#11525 = CARTESIAN_POINT('',(346.53864500171,154.06099901476,
    187.5362714356));
#11526 = CARTESIAN_POINT('',(346.71070430547,153.26259402322,
    187.46261938014));
#11527 = CARTESIAN_POINT('',(346.89583114083,152.46689670088,
    187.39344797759));
#11528 = CARTESIAN_POINT('',(347.09452086467,151.67414144927,
    187.32901801757));
#11529 = CARTESIAN_POINT('',(347.81192634618,149.01214115269,
    187.12841066612));
#11530 = CARTESIAN_POINT('',(348.69594297162,146.39022588396,
    186.98505514409));
#11531 = CARTESIAN_POINT('',(349.37753350541,144.56436936571,
    186.89629072127));
#11532 = CARTESIAN_POINT('',(350.09727681685,142.75471936183,
    186.80341366343));
#11533 = CARTESIAN_POINT('',(350.82989528535,140.95576409858,
    186.69305981059));
#11534 = CARTESIAN_POINT('',(351.54851167764,139.15877311384,
    186.55769150474));
#11535 = CARTESIAN_POINT('',(352.22721483452,137.35234541513,
    186.39507872486));
#11536 = CARTESIAN_POINT('',(352.8416934273,135.52269562625,
    186.20281511397));
#11537 = CARTESIAN_POINT('',(353.36932321486,133.6544229877,
    185.96876726841));
#11538 = CARTESIAN_POINT('',(354.13321821875,130.19929137655,
    185.41450650169));
#11539 = CARTESIAN_POINT('',(354.59173004546,126.56911098531,
    184.43296114514));
#11540 = CARTESIAN_POINT('',(354.7974618359,124.94194689373,
    183.91930575796));
#11541 = CARTESIAN_POINT('',(355.06415115477,123.32166294874,
    183.34651578703));
#11542 = CARTESIAN_POINT('',(355.44470636748,121.73066837732,
    182.75695592303));
#11543 = CARTESIAN_POINT('',(355.95935399571,120.17708825412,
    182.23028076464));
#11544 = CARTESIAN_POINT('',(356.60242574162,118.66027903822,
    181.84380275633));
#11545 = CARTESIAN_POINT('',(357.35724164481,117.17336921104,
    181.65554824551));
#11546 = CARTESIAN_POINT('',(358.22718914846,115.71689155956,
    181.72665579399));
#11547 = CARTESIAN_POINT('',(359.29976432885,114.35050259385,
    182.10199915352));
#11548 = CARTESIAN_POINT('',(360.70279610648,113.17743479193,
    182.68247302657));
#11549 = CARTESIAN_POINT('',(361.01578963234,112.86241367136,
    182.77982101782));
#11550 = CARTESIAN_POINT('',(361.34062758643,112.55524118411,
    182.88530129462));
#11551 = CARTESIAN_POINT('',(361.6771234072,112.25606418935,
    182.99727496959));
#11552 = CARTESIAN_POINT('',(362.0248686012,111.96492506994,
    183.1131480119));
#11553 = CARTESIAN_POINT('',(362.38261519574,111.68131510571,
    183.23049147639));
#11554 = CARTESIAN_POINT('',(362.74807349641,111.40408706362,
    183.34609788395));
#11555 = CARTESIAN_POINT('',(363.1175772899,111.13126280915,
    183.45541343089));
#11556 = CARTESIAN_POINT('',(363.48510706254,110.85938415524,
    183.55305712249));
#11557 = CARTESIAN_POINT('',(363.84020023511,110.58216757909,
    183.63340934283));
#11558 = CARTESIAN_POINT('',(364.27588084224,110.18719497524,
    183.70749493239));
#11559 = CARTESIAN_POINT('',(364.59741546499,109.72736857354,
    183.70072109013));
#11560 = CARTESIAN_POINT('',(364.67419222046,109.606458769,
    183.69515350431));
#11561 = CARTESIAN_POINT('',(364.7471453402,109.48338333122,
    183.68697440016));
#11562 = CARTESIAN_POINT('',(364.81782584854,109.35904171615,
    183.67724101038));
#11563 = CARTESIAN_POINT('',(364.88754383445,109.23419890301,
    183.66684896052));
#11564 = CARTESIAN_POINT('',(364.95732063271,109.10945421451,
    183.65651377583));
#11565 = CARTESIAN_POINT('',(365.02792238428,108.98525912826,
    183.64679084896));
#11566 = CARTESIAN_POINT('',(365.10004738956,108.86202646284,
    183.63819346883));
#11567 = CARTESIAN_POINT('',(365.22178181316,108.66375462968,
    183.62723304607));
#11568 = CARTESIAN_POINT('',(365.35591895513,108.47297353942,
    183.62516012543));
#11569 = CARTESIAN_POINT('',(365.40832168692,108.39961941727,
    183.62477037048));
#11570 = CARTESIAN_POINT('',(365.46009965196,108.32593691119,
    183.6239574168));
#11571 = CARTESIAN_POINT('',(365.51031135862,108.25137312291,
    183.62206872007));
#11572 = CARTESIAN_POINT('',(365.5583772723,108.17558683353,
    183.61870395643));
#11573 = CARTESIAN_POINT('',(365.60414237655,108.09848609634,
    183.61375502817));
#11574 = CARTESIAN_POINT('',(365.64789038577,108.02023713193,
    183.60741579787));
#11575 = CARTESIAN_POINT('',(365.69030960917,107.9412445263,
    183.60016155115));
#11576 = CARTESIAN_POINT('',(365.7673383081,107.79644487264,
    183.58650640975));
#11577 = CARTESIAN_POINT('',(365.84732397203,107.6535129059,
    183.57501483014));
#11578 = CARTESIAN_POINT('',(365.88425939083,107.58912109953,
    183.57029346889));
#11579 = CARTESIAN_POINT('',(365.92201439831,107.52523894508,
    183.56617303653));
#11580 = CARTESIAN_POINT('',(365.96073746219,107.46195440903,
    183.56276124203));
#11581 = CARTESIAN_POINT('',(366.00049402068,107.39930666442,
    183.56010557651));
#11582 = CARTESIAN_POINT('',(366.04120748576,107.33725137219,
    183.55815144574));
#11583 = CARTESIAN_POINT('',(366.08261993053,107.2756375247,
    183.55671480567));
#11584 = CARTESIAN_POINT('',(366.12427246096,107.21419584777,
    183.55546930126));
#11585 = CARTESIAN_POINT('',(366.26758115614,106.99990058185,
    183.55018155063));
#11586 = CARTESIAN_POINT('',(366.39566091552,106.77703153448,
    183.53441535511));
#11587 = CARTESIAN_POINT('',(366.48871556009,106.61956015511,
    183.52463104281));
#11588 = CARTESIAN_POINT('',(366.5857016642,106.46460849984,
    183.5177908654));
#11589 = CARTESIAN_POINT('',(366.68538505593,106.31145743929,
    183.51302873818));
#11590 = CARTESIAN_POINT('',(366.78571592394,106.15890695266,
    183.50889887569));
#11591 = CARTESIAN_POINT('',(366.88512536328,106.00604001939,
    183.50429573785));
#11592 = CARTESIAN_POINT('',(366.9829503706,105.85247408059,
    183.49875789635));
#11593 = CARTESIAN_POINT('',(367.07934316083,105.69830797475,
    183.49240468415));
#11594 = CARTESIAN_POINT('',(367.25009333884,105.42287386423,
    183.48053646655));
#11595 = CARTESIAN_POINT('',(367.42247413712,105.14920501574,
    183.47048135154));
#11596 = CARTESIAN_POINT('',(367.49802337479,105.02890129718,
    183.46602289795));
#11597 = CARTESIAN_POINT('',(367.57298100722,104.90841417765,
    183.46128381978));
#11598 = CARTESIAN_POINT('',(367.64716668484,104.78764255937,
    183.45614166101));
#11599 = CARTESIAN_POINT('',(367.72054163645,104.66656865149,
    183.45057327096));
#11600 = CARTESIAN_POINT('',(367.79318339818,104.54524275993,
    183.44463668595));
#11601 = CARTESIAN_POINT('',(367.86526460107,104.423770412,
    183.43845617155));
#11602 = CARTESIAN_POINT('',(367.9370358173,104.30230181647,
    183.43221042559));
#11603 = CARTESIAN_POINT('',(368.11314421826,104.00473842799,
    183.41727686475));
#11604 = CARTESIAN_POINT('',(368.29152009015,103.70962955492,
    183.40489622594));
#11605 = CARTESIAN_POINT('',(368.39732055719,103.53527806454,
    183.39799666683));
#11606 = CARTESIAN_POINT('',(368.50280749254,103.36116157766,
    183.39123391475));
#11607 = CARTESIAN_POINT('',(368.60772172747,103.18714172362,
    183.38443613833));
#11608 = CARTESIAN_POINT('',(368.71194079391,103.0131604452,
    183.3775277662));
#11609 = CARTESIAN_POINT('',(368.81544453626,102.83921914844,
    183.37050527211));
#11610 = CARTESIAN_POINT('',(368.91828939451,102.6653629312,
    183.36341893908));
#11611 = CARTESIAN_POINT('',(369.02059135933,102.49166988699,
    183.35636060278));
#11612 = CARTESIAN_POINT('',(369.27343977413,102.06145599065,
    183.33923576335));
#11613 = CARTESIAN_POINT('',(369.52532152477,101.63370950621,
    183.3240628994));
#11614 = CARTESIAN_POINT('',(369.67477216051,101.37899039447,
    183.3153480378));
#11615 = CARTESIAN_POINT('',(369.8229661001,101.1246995849,
    183.3067543067));
#11616 = CARTESIAN_POINT('',(369.96968413045,100.87075239672,
    183.29816220119));
#11617 = CARTESIAN_POINT('',(370.11481292422,100.61712594433,
    183.28952661862));
#11618 = CARTESIAN_POINT('',(370.25831601469,100.36384097576,
    183.28085594921));
#11619 = CARTESIAN_POINT('',(370.40021279416,100.11094838507,
    183.27219685772));
#11620 = CARTESIAN_POINT('',(370.54056553493,99.858520402027,
    183.26362475634));
#11621 = CARTESIAN_POINT('',(370.88696148841,99.230424460082,
    183.2427156816));
#11622 = CARTESIAN_POINT('',(371.22525689367,98.606440229873,
    183.22376172514));
#11623 = CARTESIAN_POINT('',(371.42447992963,98.233998584938,
    183.21286331846));
#11624 = CARTESIAN_POINT('',(371.61992341241,97.86279996359,
    183.20226980502));
#11625 = CARTESIAN_POINT('',(371.81132444356,97.492831971861,
    183.19190394016));
#11626 = CARTESIAN_POINT('',(371.99849794643,97.124126497292,
    183.18174131647));
#11627 = CARTESIAN_POINT('',(372.18131585634,96.756745352702,
    183.1717948774));
#11628 = CARTESIAN_POINT('',(372.35969244743,96.390769348966,
    183.16210375685));
#11629 = CARTESIAN_POINT('',(372.53357579587,96.026290797362,
    183.15272644482));
#11630 = CARTESIAN_POINT('',(373.13637651379,94.734765263383,
    183.1207368006));
#11631 = CARTESIAN_POINT('',(373.68218613751,93.464821028827,
    183.09486725579));
#11632 = CARTESIAN_POINT('',(374.04106174887,92.562732012054,
    183.07812931804));
#11633 = CARTESIAN_POINT('',(374.36318954397,91.672103577542,
    183.06252822809));
#11634 = CARTESIAN_POINT('',(374.64599082991,90.793716166107,
    183.04764843085));
#11635 = CARTESIAN_POINT('',(374.8873397521,89.92852301995,
    183.03322976403));
#11636 = CARTESIAN_POINT('',(375.08554856169,89.077462257373,
    183.01909253109));
#11637 = CARTESIAN_POINT('',(375.23939007442,88.241261457178,
    183.00511405033));
#11638 = CARTESIAN_POINT('',(375.34807024433,87.42023054419,
    182.99122786631));
#11639 = CARTESIAN_POINT('',(375.41106376993,86.614038771751,
    182.97741681002));
#11640 = CARTESIAN_POINT('',(375.42772565582,85.821471592541,
    182.96367109408));
#11641 = CARTESIAN_POINT('',(375.48175635044,84.308846226185,
    182.95075386033));
#11642 = CARTESIAN_POINT('',(375.36330705495,82.827840328603,
    182.93544096082));
#11643 = CARTESIAN_POINT('',(375.07303124603,81.369127154336,
    182.91936058944));
#11644 = CARTESIAN_POINT('',(374.60985366131,79.917667492723,
    182.90403564441));
#11645 = CARTESIAN_POINT('',(373.961195183,78.447937163691,
    182.89109003679));
#11646 = CARTESIAN_POINT('',(373.10279176634,76.942545329789,
    182.88248291822));
#11647 = CARTESIAN_POINT('',(372.00783870807,75.398196670112,
    182.88041669099));
#11648 = CARTESIAN_POINT('',(370.65614826572,73.817893496574,
    182.88707059327));
#11649 = CARTESIAN_POINT('',(369.03438742999,72.203477635892,
    182.90445544023));
#11650 = CARTESIAN_POINT('',(367.12826352743,70.558076312371,
    182.93446674825));
#11651 = CARTESIAN_POINT('',(364.92674828088,68.883741384434,
    182.97863297398));
#11652 = CARTESIAN_POINT('',(337.21673487755,267.50572436773,
    185.01477716966));
#11653 = CARTESIAN_POINT('',(337.31456095464,265.77790583142,
    185.36760329838));
#11654 = CARTESIAN_POINT('',(337.41090929489,264.03908278931,
    185.61044064841));
#11655 = CARTESIAN_POINT('',(337.49314053479,262.28991783917,
    185.75892183114));
#11656 = CARTESIAN_POINT('',(337.55746874129,260.5317922996,
    185.8292031955));
#11657 = CARTESIAN_POINT('',(337.60504520294,258.76611632739,
    185.83702949212));
#11658 = CARTESIAN_POINT('',(337.63910363011,256.99399486569,
    185.79742262508));
#11659 = CARTESIAN_POINT('',(337.66305436516,255.21614931153,
    185.72470616086));
#11660 = CARTESIAN_POINT('',(337.67941520162,253.43299480465,
    185.63257726477));
#11661 = CARTESIAN_POINT('',(337.68946641362,251.64477302372,
    185.53393773449));
#11662 = CARTESIAN_POINT('',(337.69756877579,248.05850775932,
    185.34645386711));
#11663 = CARTESIAN_POINT('',(337.68209166186,244.45265777057,
    185.21215599295));
#11664 = CARTESIAN_POINT('',(337.66847628736,242.64485210106,
    185.16748097023));
#11665 = CARTESIAN_POINT('',(337.64907084491,240.8322108068,
    185.14635007368));
#11666 = CARTESIAN_POINT('',(337.62328711094,239.01436818471,
    185.16350957275));
#11667 = CARTESIAN_POINT('',(337.59209600242,237.19166718283,
    185.19570335499));
#11668 = CARTESIAN_POINT('',(337.55905272847,235.36386644791,
    185.24250283686));
#11669 = CARTESIAN_POINT('',(337.52486059653,233.53086861146,
    185.29368151608));
#11670 = CARTESIAN_POINT('',(337.48610771507,231.69441604541,
    185.26670362804));
#11671 = CARTESIAN_POINT('',(337.42947956123,228.96708795007,
    185.12043927293));
#11672 = CARTESIAN_POINT('',(337.37097655808,226.22997739894,
    185.0463366369));
#11673 = CARTESIAN_POINT('',(337.35176326718,225.33767224904,
    185.02505172266));
#11674 = CARTESIAN_POINT('',(337.33264965765,224.44442533145,
    185.00616844957));
#11675 = CARTESIAN_POINT('',(337.31344203936,223.550143234,
    184.99543140451));
#11676 = CARTESIAN_POINT('',(337.29400420709,222.65468499877,
    184.99929424509));
#11677 = CARTESIAN_POINT('',(337.27469284205,221.75798008274,
    185.01903004137));
#11678 = CARTESIAN_POINT('',(337.25614826204,220.86011717398,
    185.04826014898));
#11679 = CARTESIAN_POINT('',(337.23857587981,219.96136870591,
    185.07465798225));
#11680 = CARTESIAN_POINT('',(337.22135639705,219.06215402234,
    185.08351259298));
#11681 = CARTESIAN_POINT('',(337.20452543028,218.16298226074,
    185.05776549797));
#11682 = CARTESIAN_POINT('',(337.19371460067,217.56320242287,
    185.10393660605));
#11683 = CARTESIAN_POINT('',(337.18354450581,216.96332123322,
    185.13664461927));
#11684 = CARTESIAN_POINT('',(337.17363551685,216.36363009557,
    185.14539450764));
#11685 = CARTESIAN_POINT('',(337.16352597478,215.76382603884,
    185.14540464109));
#11686 = CARTESIAN_POINT('',(337.15379339975,215.16399838801,
    185.13213271319));
#11687 = CARTESIAN_POINT('',(337.14369266923,214.56428905005,
    185.10334365099));
#11688 = CARTESIAN_POINT('',(337.13420476727,213.96430595993,
    185.07337720801));
#11689 = CARTESIAN_POINT('',(337.12491467679,213.36430266767,
    185.03377606169));
#11690 = CARTESIAN_POINT('',(337.11618402435,212.76404701496,
    184.99348761936));
#11691 = CARTESIAN_POINT('',(337.08136072677,210.21144895288,
    184.82414564526));
#11692 = CARTESIAN_POINT('',(337.0568743105,207.65201894259,
    184.72455218868));
#11693 = CARTESIAN_POINT('',(337.04388948691,205.69159596923,
    184.66221191395));
#11694 = CARTESIAN_POINT('',(337.03758582523,203.72867430198,
    184.60033327978));
#11695 = CARTESIAN_POINT('',(337.03912038148,201.76375354014,
    184.53291361407));
#11696 = CARTESIAN_POINT('',(337.04945160686,199.79724237641,
    184.45762236464));
#11697 = CARTESIAN_POINT('',(337.06933158432,197.82947956515,
    184.37400391742));
#11698 = CARTESIAN_POINT('',(337.09950057369,195.86073816014,
    184.28289461826));
#11699 = CARTESIAN_POINT('',(337.14087863441,193.89122257248,
    184.18637945693));
#11700 = CARTESIAN_POINT('',(337.2415476611,190.19582776165,
    184.00112605889));
#11701 = CARTESIAN_POINT('',(337.38833712881,186.49845700216,
    183.81934811955));
#11702 = CARTESIAN_POINT('',(337.4675313171,184.77210709508,
    183.73354009809));
#11703 = CARTESIAN_POINT('',(337.55800789444,183.04581427194,
    183.64537415325));
#11704 = CARTESIAN_POINT('',(337.66038802468,181.3198245097,
    183.55365092053));
#11705 = CARTESIAN_POINT('',(337.77529280594,179.59438669141,
    183.45732978657));
#11706 = CARTESIAN_POINT('',(337.90334297578,177.86975399761,
    183.35548414595));
#11707 = CARTESIAN_POINT('',(338.04516089336,176.14618550496,
    183.2472689536));
#11708 = CARTESIAN_POINT('',(338.2013747983,174.42394799289,
    183.13190057336));
#11709 = CARTESIAN_POINT('',(338.48641321364,171.56004090413,
    182.92675404557));
#11710 = CARTESIAN_POINT('',(338.81494286711,168.70138625207,
    182.69790572687));
#11711 = CARTESIAN_POINT('',(338.95322015661,167.56099722439,
    182.60443155292));
#11712 = CARTESIAN_POINT('',(339.09881764823,166.42134388478,
    182.51050654059));
#11713 = CARTESIAN_POINT('',(339.25191630681,165.28235594748,
    182.41780359185));
#11714 = CARTESIAN_POINT('',(339.41268768949,164.14394642725,
    182.32800108039));
#11715 = CARTESIAN_POINT('',(339.58130570668,163.00601267376,
    182.24278205833));
#11716 = CARTESIAN_POINT('',(339.75796795265,161.8684404093,
    182.16383344034));
#11717 = CARTESIAN_POINT('',(339.9429266065,160.73111076965,
    182.09284516486));
#11718 = CARTESIAN_POINT('',(340.1365289028,159.59391034815,
    182.0315093328));
#11719 = CARTESIAN_POINT('',(340.33926717246,158.45674424307,
    181.98151932337));
#11720 = CARTESIAN_POINT('',(340.48587133533,157.63556793825,
    181.85087333964));
#11721 = CARTESIAN_POINT('',(340.63757704459,156.81466760163,
    181.72777069454));
#11722 = CARTESIAN_POINT('',(340.79425937784,155.99390329533,
    181.61292233214));
#11723 = CARTESIAN_POINT('',(340.95580377072,155.17312802355,
    181.50703502066));
#11724 = CARTESIAN_POINT('',(341.12212163493,154.35219451288,
    181.41081251208));
#11725 = CARTESIAN_POINT('',(341.29316597644,153.53096199283,
    181.32495670177));
#11726 = CARTESIAN_POINT('',(341.46894701347,152.70930297606,
    181.25016878809));
#11727 = CARTESIAN_POINT('',(341.64954779466,151.88711003891,
    181.18715043205));
#11728 = CARTESIAN_POINT('',(341.83513981713,151.06430260168,
    181.13660491694));
#11729 = CARTESIAN_POINT('',(342.47863494956,148.28791425671,
    181.01062053704));
#11730 = CARTESIAN_POINT('',(343.18649363156,145.50393233668,
    181.04251876069));
#11731 = CARTESIAN_POINT('',(343.72129713613,143.54611112005,
    181.1079040249));
#11732 = CARTESIAN_POINT('',(344.29826967967,141.59374299658,
    181.18232090329));
#11733 = CARTESIAN_POINT('',(344.91658501892,139.65137805312,
    181.22903753356));
#11734 = CARTESIAN_POINT('',(345.56750700287,137.72111579253,
    181.2124087835));
#11735 = CARTESIAN_POINT('',(346.2368573152,135.80163637416,
    181.10018446171));
#11736 = CARTESIAN_POINT('',(346.91145819444,133.88949517837,
    180.86063111423));
#11737 = CARTESIAN_POINT('',(347.58919231926,131.98344525051,
    180.45684657608));
#11738 = CARTESIAN_POINT('',(348.85410706123,128.58063195457,
    179.35897035913));
#11739 = CARTESIAN_POINT('',(350.40341514649,125.31973559536,
    177.50288365568));
#11740 = CARTESIAN_POINT('',(351.18026081859,123.90612654784,
    176.60460757421));
#11741 = CARTESIAN_POINT('',(352.0642947933,122.53031099186,
    175.7125528758));
#11742 = CARTESIAN_POINT('',(353.04600990227,121.18634624446,
    174.91581355996));
#11743 = CARTESIAN_POINT('',(354.05876821799,119.84121069788,
    174.28657278173));
#11744 = CARTESIAN_POINT('',(355.02457458231,118.45358667047,
    173.86568592344));
#11745 = CARTESIAN_POINT('',(355.87998002343,116.98363513888,
    173.66815699855));
#11746 = CARTESIAN_POINT('',(356.57362517807,115.38956902919,
    173.733942124));
#11747 = CARTESIAN_POINT('',(357.12893239618,113.66414836975,
    174.2061534033));
#11748 = CARTESIAN_POINT('',(357.7277972886,111.91512031494,
    175.20373487316));
#11749 = CARTESIAN_POINT('',(357.89899867624,111.4926733749,
    175.37561904943));
#11750 = CARTESIAN_POINT('',(358.070987836,111.07058575317,
    175.56676953733));
#11751 = CARTESIAN_POINT('',(358.24514508244,110.64988196973,
    175.77621043864));
#11752 = CARTESIAN_POINT('',(358.42358676302,110.23212335863,
    176.00211148532));
#11753 = CARTESIAN_POINT('',(358.60771017788,109.81851422811,
    176.24163544459));
#11754 = CARTESIAN_POINT('',(358.79895111328,109.41040718369,
    176.49011761748));
#11755 = CARTESIAN_POINT('',(358.9991037251,109.00952904939,
    176.74029024316));
#11756 = CARTESIAN_POINT('',(359.20920659087,108.61731987118,
    176.98130496145));
#11757 = CARTESIAN_POINT('',(359.42765283044,108.23384853538,
    177.19634682818));
#11758 = CARTESIAN_POINT('',(359.72631483945,107.72841219254,
    177.41186041256));
#11759 = CARTESIAN_POINT('',(360.02728976868,107.23849038225,
    177.43214581728));
#11760 = CARTESIAN_POINT('',(360.10436745864,107.11377013673,
    177.42788889966));
#11761 = CARTESIAN_POINT('',(360.18141862583,106.9895957404,
    177.41714423316));
#11762 = CARTESIAN_POINT('',(360.2584461696,106.8658244118,
    177.40254539623));
#11763 = CARTESIAN_POINT('',(360.33544977935,106.74233756639,
    177.38632220996));
#11764 = CARTESIAN_POINT('',(360.41241244546,106.61903473284,
    177.37022632333));
#11765 = CARTESIAN_POINT('',(360.48930331239,106.4958309958,
    177.35558535102));
#11766 = CARTESIAN_POINT('',(360.5660872166,106.37264607458,
    177.3436148594));
#11767 = CARTESIAN_POINT('',(360.69100263812,106.17173428861,
    177.33139556263));
#11768 = CARTESIAN_POINT('',(360.81544899904,105.9700662572,
    177.34063491367));
#11769 = CARTESIAN_POINT('',(360.86350308296,105.89215960034,
    177.34520643356));
#11770 = CARTESIAN_POINT('',(360.91153806324,105.81439290059,
    177.34874126812));
#11771 = CARTESIAN_POINT('',(360.95956167623,105.73685199443,
    177.34963368625));
#11772 = CARTESIAN_POINT('',(361.0075776267,105.65958763295,
    177.34689596463));
#11773 = CARTESIAN_POINT('',(361.05558806869,105.58261251134,
    177.34026360878));
#11774 = CARTESIAN_POINT('',(361.10359339618,105.50590073016,
    177.33021987572));
#11775 = CARTESIAN_POINT('',(361.15158934361,105.42938968882,
    177.31793959789));
#11776 = CARTESIAN_POINT('',(361.2393601178,105.28959682953,
    177.29454367841));
#11777 = CARTESIAN_POINT('',(361.32694029048,105.14975431847,
    177.27636871756));
#11778 = CARTESIAN_POINT('',(361.36660890638,105.08632705791,
    177.26930459241));
#11779 = CARTESIAN_POINT('',(361.40622665086,105.0228662894,
    177.26368290708));
#11780 = CARTESIAN_POINT('',(361.44578706021,104.95935672895,
    177.25976108054));
#11781 = CARTESIAN_POINT('',(361.48528688342,104.89579224282,
    177.25765317141));
#11782 = CARTESIAN_POINT('',(361.52472762045,104.83218158676,
    177.2572285413));
#11783 = CARTESIAN_POINT('',(361.56411611449,104.76855179238,
    177.25804463811));
#11784 = CARTESIAN_POINT('',(361.60346419826,104.70494920102,
    177.25931389917));
#11785 = CARTESIAN_POINT('',(361.74013583914,104.48421027004,
    177.26136754426));
#11786 = CARTESIAN_POINT('',(361.87671179432,104.26552716027,
    177.23782677848));
#11787 = CARTESIAN_POINT('',(361.97371615252,104.1098724093,
    177.22448085602));
#11788 = CARTESIAN_POINT('',(362.07037693411,103.95413040532,
    177.21818922163));
#11789 = CARTESIAN_POINT('',(362.16670696094,103.79842950179,
    177.21685164647));
#11790 = CARTESIAN_POINT('',(362.26274517547,103.64297090092,
    177.21696550692));
#11791 = CARTESIAN_POINT('',(362.3585234552,103.48790247385,
    177.21585321654));
#11792 = CARTESIAN_POINT('',(362.45405081994,103.33328117204,
    177.21239461456));
#11793 = CARTESIAN_POINT('',(362.54931126431,103.17908724009,
    177.20687226902));
#11794 = CARTESIAN_POINT('',(362.7187812576,102.90454887762,
    177.19556724225));
#11795 = CARTESIAN_POINT('',(362.88717742036,102.63081583977,
    177.18841256336));
#11796 = CARTESIAN_POINT('',(362.96101559943,102.51067206586,
    177.18512541723));
#11797 = CARTESIAN_POINT('',(363.03465721443,102.39076614299,
    177.18110421781));
#11798 = CARTESIAN_POINT('',(363.10810135863,102.27111329158,
    177.17604969347));
#11799 = CARTESIAN_POINT('',(363.18134420612,102.15171618349,
    177.16990504834));
#11800 = CARTESIAN_POINT('',(363.25437959517,102.03256768227,
    177.16281226135));
#11801 = CARTESIAN_POINT('',(363.32719926419,101.91365295679,
    177.15507549715));
#11802 = CARTESIAN_POINT('',(363.39979274101,101.79495096904,
    177.14713162884));
#11803 = CARTESIAN_POINT('',(363.5773180643,101.50416560253,
    177.12847534688));
#11804 = CARTESIAN_POINT('',(363.75330259372,101.21431248235,
    177.11573318023));
#11805 = CARTESIAN_POINT('',(363.85702032854,101.04298378759,
    177.10913779474));
#11806 = CARTESIAN_POINT('',(363.96019326388,100.87208440953,
    177.10277075895));
#11807 = CARTESIAN_POINT('',(364.06281342007,100.70163882409,
    177.09621528626));
#11808 = CARTESIAN_POINT('',(364.16486946305,100.53165951804,
    177.08928883542));
#11809 = CARTESIAN_POINT('',(364.26634712815,100.362150301,
    177.08198382207));
#11810 = CARTESIAN_POINT('',(364.36722960805,100.19310882833,
    177.07442310587));
#11811 = CARTESIAN_POINT('',(364.46749790523,100.02452833199,
    177.06683025323));
#11812 = CARTESIAN_POINT('',(364.71465808572,99.607448822764,
    177.04868225236));
#11813 = CARTESIAN_POINT('',(364.95777199153,99.193059444067,
    177.03466993399));
#11814 = CARTESIAN_POINT('',(365.1014084424,98.946732383212,
    177.02692216236));
#11815 = CARTESIAN_POINT('',(365.24353119092,98.701464429969,
    177.01925640267));
#11816 = CARTESIAN_POINT('',(365.3840982376,98.457285893818,
    177.0113838812));
#11817 = CARTESIAN_POINT('',(365.52306484422,98.214219030217,
    177.00319662264));
#11818 = CARTESIAN_POINT('',(365.66038422543,97.972281001471,
    176.99471679421));
#11819 = CARTESIAN_POINT('',(365.79600805976,97.731486027773,
    176.98605982247));
#11820 = CARTESIAN_POINT('',(365.92988682042,97.491846726538,
    176.97741128279));
#11821 = CARTESIAN_POINT('',(366.25926134944,96.897170893131,
    176.95647993043));
#11822 = CARTESIAN_POINT('',(366.57714830672,96.309816750931,
    176.93907104805));
#11823 = CARTESIAN_POINT('',(366.76329949086,95.960730262734,
    176.92931424571));
#11824 = CARTESIAN_POINT('',(366.94505300102,95.614472993843,
    176.9198705377));
#11825 = CARTESIAN_POINT('',(367.12227107153,95.271138803901,
    176.91055864576));
#11826 = CARTESIAN_POINT('',(367.29481770329,94.930820610165,
    176.90132580291));
#11827 = CARTESIAN_POINT('',(367.46255981418,94.593612455616,
    176.89221024826));
#11828 = CARTESIAN_POINT('',(367.62536836092,94.259610880507,
    176.88331424387));
#11829 = CARTESIAN_POINT('',(367.78311943208,93.928915599443,
    176.87478761366));
#11830 = CARTESIAN_POINT('',(368.32614993476,92.764076541636,
    176.84643662224));
#11831 = CARTESIAN_POINT('',(368.80222635624,91.643755629097,
    176.82819995789));
#11832 = CARTESIAN_POINT('',(369.10823875892,90.863270993132,
    176.81727415135));
#11833 = CARTESIAN_POINT('',(369.37663527513,90.10985757531,
    176.80687727527));
#11834 = CARTESIAN_POINT('',(369.60652254262,89.385623942598,
    176.79609920296));
#11835 = CARTESIAN_POINT('',(369.79759522487,88.69265480457,
    176.78440703145));
#11836 = CARTESIAN_POINT('',(369.95031259795,88.032710904052,
    176.77146909089));
#11837 = CARTESIAN_POINT('',(370.06598384422,87.406813270812,
    176.75710230254));
#11838 = CARTESIAN_POINT('',(370.14665997559,86.814776637102,
    176.74127162302));
#11839 = CARTESIAN_POINT('',(370.19473030815,86.254756809198,
    176.72407031252));
#11840 = CARTESIAN_POINT('',(370.21212141103,85.722876793211,
    176.70560976491));
#11841 = CARTESIAN_POINT('',(370.24423965188,84.707008257689,
    176.70312851818));
#11842 = CARTESIAN_POINT('',(370.16584714583,83.7567386709,
    176.68954840047));
#11843 = CARTESIAN_POINT('',(369.98597860982,82.841637076253,
    176.66850639224));
#11844 = CARTESIAN_POINT('',(369.70800923081,81.919329096597,
    176.64363145731));
#11845 = CARTESIAN_POINT('',(369.30445787913,80.927214818471,
    176.61889075386));
#11846 = CARTESIAN_POINT('',(368.7221496224,79.829098012704,
    176.59895843106));
#11847 = CARTESIAN_POINT('',(367.90658637591,78.626698665201,
    176.58890454525));
#11848 = CARTESIAN_POINT('',(366.82222496232,77.33655564162,
    176.59361668726));
#11849 = CARTESIAN_POINT('',(365.45074366878,75.970766440764,
    176.6176489414));
#11850 = CARTESIAN_POINT('',(363.77229158421,74.54535640325,
    176.6656417949));
#11851 = CARTESIAN_POINT('',(361.77515957276,73.0728204371,
    176.7420725856));
#11852 = CARTESIAN_POINT('',(342.63078122607,267.62869721258,
    178.92802434176));
#11853 = CARTESIAN_POINT('',(342.52208545339,265.86204358485,
    179.09636876734));
#11854 = CARTESIAN_POINT('',(342.47709528941,264.09603878977,
    179.22707020217));
#11855 = CARTESIAN_POINT('',(342.48080842189,262.32796035019,
    179.31713822786));
#11856 = CARTESIAN_POINT('',(342.52116015195,260.55631327147,
    179.36985812582));
#11857 = CARTESIAN_POINT('',(342.58821617453,258.78030389355,
    179.3917256938));
#11858 = CARTESIAN_POINT('',(342.67332169234,256.99952732322,
    179.39036231442));
#11859 = CARTESIAN_POINT('',(342.76836795496,255.21381127098,
    179.37321871188));
#11860 = CARTESIAN_POINT('',(342.8653373154,253.42315911352,
    179.34687583285));
#11861 = CARTESIAN_POINT('',(342.95628789561,251.62773500729,
    179.31675128759));
#11862 = CARTESIAN_POINT('',(343.11159001085,248.0279327405,
    179.25728828711));
#11863 = CARTESIAN_POINT('',(343.19260424772,244.41151584024,
    179.21089619448));
#11864 = CARTESIAN_POINT('',(343.20869458169,242.59948746777,
    179.19408239519));
#11865 = CARTESIAN_POINT('',(343.20015643359,240.7839693636,
    179.1837002133));
#11866 = CARTESIAN_POINT('',(343.15707104497,238.9654272241,
    179.1845863361));
#11867 = CARTESIAN_POINT('',(343.09638303782,237.14393790958,
    179.18806457287));
#11868 = CARTESIAN_POINT('',(343.02025183055,235.3196496779,
    179.19601086025));
#11869 = CARTESIAN_POINT('',(342.93650841916,233.49245161194,
    179.20456634388));
#11870 = CARTESIAN_POINT('',(342.90137623542,231.66160612095,
    179.17925329161));
#11871 = CARTESIAN_POINT('',(342.91837256696,228.94185880278,
    179.09978469772));
#11872 = CARTESIAN_POINT('',(342.8789622828,226.21733638259,
    179.0432063355));
#11873 = CARTESIAN_POINT('',(342.86353853075,225.32956588873,
    179.0253411864));
#11874 = CARTESIAN_POINT('',(342.84598908017,224.44126997392,
    179.00799598124));
#11875 = CARTESIAN_POINT('',(342.82232594212,223.55251687679,
    178.99319273153));
#11876 = CARTESIAN_POINT('',(342.78809257196,222.66336134421,
    178.98326563621));
#11877 = CARTESIAN_POINT('',(342.74260118091,221.773784601,
    178.97890058459));
#11878 = CARTESIAN_POINT('',(342.69056107448,220.88369995876,
    178.97804140856));
#11879 = CARTESIAN_POINT('',(342.64062694282,219.99302202858,
    178.97604717562));
#11880 = CARTESIAN_POINT('',(342.60278764401,219.10174256961,
    178.96679123724));
#11881 = CARTESIAN_POINT('',(342.58890763691,218.20990107162,
    178.943699171));
#11882 = CARTESIAN_POINT('',(342.53606406431,217.61675518896,
    178.95290484821));
#11883 = CARTESIAN_POINT('',(342.49272362014,217.02333739594,
    178.95702245203));
#11884 = CARTESIAN_POINT('',(342.46600913079,216.42964449818,
    178.9517419182));
#11885 = CARTESIAN_POINT('',(342.44523832684,215.83579883989,
    178.94256821001));
#11886 = CARTESIAN_POINT('',(342.43378506971,215.2417634314,
    178.92813815427));
#11887 = CARTESIAN_POINT('',(342.43292377472,214.64762699228,
    178.90706048533));
#11888 = CARTESIAN_POINT('',(342.43313016341,214.05339562927,
    178.88549982704));
#11889 = CARTESIAN_POINT('',(342.44010535136,213.45909415384,
    178.85990417498));
#11890 = CARTESIAN_POINT('',(342.44781556927,212.86473912964,
    178.83393985699));
#11891 = CARTESIAN_POINT('',(342.48039498293,210.33819765755,
    178.72372108975));
#11892 = CARTESIAN_POINT('',(342.46999663674,207.81058416389,
    178.63786357324));
#11893 = CARTESIAN_POINT('',(342.45587980879,205.87709923952,
    178.57524554325));
#11894 = CARTESIAN_POINT('',(342.44564193689,203.94334033541,
    178.51054180376));
#11895 = CARTESIAN_POINT('',(342.44432467647,202.00965867357,
    178.44159865394));
#11896 = CARTESIAN_POINT('',(342.45435427226,200.07644882814,
    178.36753284609));
#11897 = CARTESIAN_POINT('',(342.47677940811,198.14410509376,
    178.28803574574));
#11898 = CARTESIAN_POINT('',(342.51174801551,196.21298455585,
    178.20328271859));
#11899 = CARTESIAN_POINT('',(342.55861088527,194.28337496194,
    178.11404701007));
#11900 = CARTESIAN_POINT('',(342.66632983511,190.66721877462,
    177.94067789091));
#11901 = CARTESIAN_POINT('',(342.8059939065,187.05726350301,
    177.76002969728));
#11902 = CARTESIAN_POINT('',(342.87986651397,185.37347146298,
    177.67342233706));
#11903 = CARTESIAN_POINT('',(342.9639189689,183.69146521124,
    177.58397504818));
#11904 = CARTESIAN_POINT('',(343.05951332234,182.01148975679,
    177.49120019082));
#11905 = CARTESIAN_POINT('',(343.1679005716,180.33381017197,
    177.39466940139));
#11906 = CARTESIAN_POINT('',(343.29025091704,178.65871286073,
    177.29399651431));
#11907 = CARTESIAN_POINT('',(343.42767626089,176.98650696118,
    177.18882687515));
#11908 = CARTESIAN_POINT('',(343.58124494875,175.31752588119,
    177.07883304538));
#11909 = CARTESIAN_POINT('',(343.8654399132,172.54555170509,
    176.88722767857));
#11910 = CARTESIAN_POINT('',(344.19997181992,169.7845795087,
    176.68071022236));
#11911 = CARTESIAN_POINT('',(344.34055300292,168.6840725157,
    176.59651957069));
#11912 = CARTESIAN_POINT('',(344.48717946173,167.58513116224,
    176.511204866));
#11913 = CARTESIAN_POINT('',(344.63885554501,166.48760094025,
    176.4253806703));
#11914 = CARTESIAN_POINT('',(344.79458247608,165.39128163184,
    176.3396520155));
#11915 = CARTESIAN_POINT('',(344.95336485347,164.29592397507,
    176.25462151174));
#11916 = CARTESIAN_POINT('',(345.11422127194,163.20122681659,
    176.1709032116));
#11917 = CARTESIAN_POINT('',(345.27619906376,162.10683475135,
    176.08914323));
#11918 = CARTESIAN_POINT('',(345.43839316062,161.01233624938,
    176.01004711982));
#11919 = CARTESIAN_POINT('',(345.59996907575,159.91726226952,
    175.93441400333));
#11920 = CARTESIAN_POINT('',(345.78163715232,159.13335700223,
    175.84327383389));
#11921 = CARTESIAN_POINT('',(345.96200331765,158.34936781996,
    175.75477961057));
#11922 = CARTESIAN_POINT('',(346.14062266225,157.56505797213,
    175.66908342043));
#11923 = CARTESIAN_POINT('',(346.31706048075,156.78017362024,
    175.58633963966));
#11924 = CARTESIAN_POINT('',(346.49089846814,155.99444480902,
    175.5067168816));
#11925 = CARTESIAN_POINT('',(346.66174091585,155.20758643777,
    175.43040994457));
#11926 = CARTESIAN_POINT('',(346.82922090804,154.41929923154,
    175.35765175984));
#11927 = CARTESIAN_POINT('',(346.99300651761,153.6292707124,
    175.2887253395));
#11928 = CARTESIAN_POINT('',(347.1528070025,152.83717617069,
    175.2239757244));
#11929 = CARTESIAN_POINT('',(347.67732989519,150.15847034678,
    175.02116261328));
#11930 = CARTESIAN_POINT('',(348.15162798902,147.44852368989,
    174.8763325886));
#11931 = CARTESIAN_POINT('',(348.48791223252,145.53114893787,
    174.79330502795));
#11932 = CARTESIAN_POINT('',(348.85349754004,143.60824956083,
    174.72017241173));
#11933 = CARTESIAN_POINT('',(349.27400195137,141.68844812262,
    174.64300262503));
#11934 = CARTESIAN_POINT('',(349.77057471292,139.78170581074,
    174.54287078002));
#11935 = CARTESIAN_POINT('',(350.35922381952,137.89803105515,
    174.39814891815));
#11936 = CARTESIAN_POINT('',(351.05512505166,136.04818655936,
    174.18778185292));
#11937 = CARTESIAN_POINT('',(351.88025256685,134.24623643779,
    173.89647605855));
#11938 = CARTESIAN_POINT('',(353.65877916849,131.12603306922,
    173.22809276329));
#11939 = CARTESIAN_POINT('',(356.09656870566,128.30218002477,
    172.42162158609));
#11940 = CARTESIAN_POINT('',(357.27260366397,127.09158450209,
    172.08809997379));
#11941 = CARTESIAN_POINT('',(358.49768081947,125.90516698219,
    171.82260789468));
#11942 = CARTESIAN_POINT('',(359.71209520286,124.7157651509,171.65158388
    ));
#11943 = CARTESIAN_POINT('',(360.84499351295,123.48972615243,
    171.55120271381));
#11944 = CARTESIAN_POINT('',(361.8427041086,122.19580107764,
    171.4759469648));
#11945 = CARTESIAN_POINT('',(362.67372670725,120.81010340753,
    171.37975237416));
#11946 = CARTESIAN_POINT('',(363.2957686555,119.29984779174,
    171.23258548539));
#11947 = CARTESIAN_POINT('',(363.63980048672,117.59962936535,
    171.09981794482));
#11948 = CARTESIAN_POINT('',(363.71803907007,115.68868432611,
    171.1722589368));
#11949 = CARTESIAN_POINT('',(363.79324825163,115.24167419398,
    171.17851957671));
#11950 = CARTESIAN_POINT('',(363.85919176407,114.7871356997,
    171.19188887167));
#11951 = CARTESIAN_POINT('',(363.91696973595,114.32571318081,
    171.21325256714));
#11952 = CARTESIAN_POINT('',(363.96846890514,113.85856728971,
    171.24379608763));
#11953 = CARTESIAN_POINT('',(364.01586384247,113.38713587519,
    171.28376723818));
#11954 = CARTESIAN_POINT('',(364.06240036672,112.91360907094,
    171.33279034309));
#11955 = CARTESIAN_POINT('',(364.11297575329,112.44129500925,
    171.38983900694));
#11956 = CARTESIAN_POINT('',(364.17426090544,111.97476186136,
    171.45196702349));
#11957 = CARTESIAN_POINT('',(364.25534022196,111.52035119374,
    171.51188930118));
#11958 = CARTESIAN_POINT('',(364.41091310376,110.93967205239,
    171.57050738141));
#11959 = CARTESIAN_POINT('',(364.68360948416,110.43591438596,
    171.56096664669));
#11960 = CARTESIAN_POINT('',(364.75907604074,110.3106530404,
    171.55515509955));
#11961 = CARTESIAN_POINT('',(364.83841291293,110.18798734642,
    171.54702713561));
#11962 = CARTESIAN_POINT('',(364.92006537094,110.06690851937,
    171.53754579738));
#11963 = CARTESIAN_POINT('',(365.00271715769,109.94656081495,
    171.52752597569));
#11964 = CARTESIAN_POINT('',(365.08532795901,109.82626804164,
    171.51759581257));
#11965 = CARTESIAN_POINT('',(365.16710203204,109.70551378748,
    171.50821826758));
#11966 = CARTESIAN_POINT('',(365.24730816946,109.5838238551,
    171.49981244162));
#11967 = CARTESIAN_POINT('',(365.37372134384,109.38282808804,
    171.48873266794));
#11968 = CARTESIAN_POINT('',(365.48743972759,109.17379521107,
    171.48535612604));
#11969 = CARTESIAN_POINT('',(365.53079743197,109.09267204779,
    171.4844271401));
#11970 = CARTESIAN_POINT('',(365.57477240673,109.01198979797,
    171.48314502106));
#11971 = CARTESIAN_POINT('',(365.62031059733,108.93236726582,
    171.48093036636));
#11972 = CARTESIAN_POINT('',(365.66799289927,108.85418465882,
    171.47742568261));
#11973 = CARTESIAN_POINT('',(365.71797450011,108.77754371635,
    171.47253610466));
#11974 = CARTESIAN_POINT('',(365.76997050632,108.70225840083,
    171.46643847484));
#11975 = CARTESIAN_POINT('',(365.8232878548,108.6278761527,
    171.45955878255));
#11976 = CARTESIAN_POINT('',(365.92138429287,108.49221610697,
    171.44667673867));
#11977 = CARTESIAN_POINT('',(366.01636679243,108.35466878133,
    171.43569915629));
#11978 = CARTESIAN_POINT('',(366.05873225558,108.29187090868,
    171.43114802426));
#11979 = CARTESIAN_POINT('',(366.10023520075,108.22854154125,
    171.42711539921));
#11980 = CARTESIAN_POINT('',(366.14072135547,108.16458101684,
    171.42369103573));
#11981 = CARTESIAN_POINT('',(366.18012194145,108.09994548719,
    171.42091492154));
#11982 = CARTESIAN_POINT('',(366.21851385159,108.03468603859,
    171.41874140048));
#11983 = CARTESIAN_POINT('',(366.2561594169,107.96897444755,
    171.41701496901));
#11984 = CARTESIAN_POINT('',(366.2935257635,107.90311557096,
    171.41545774572));
#11985 = CARTESIAN_POINT('',(366.42475739753,107.67522335861,
    171.40923944356));
#11986 = CARTESIAN_POINT('',(366.5710259047,107.45753136658,
    171.39401635125));
#11987 = CARTESIAN_POINT('',(366.67309925621,107.30130893997,
    171.38442971279));
#11988 = CARTESIAN_POINT('',(366.77089169379,107.14252574429,
    171.37738753505));
#11989 = CARTESIAN_POINT('',(366.8656343923,106.98199983896,
    171.37214423503));
#11990 = CARTESIAN_POINT('',(366.95939420548,106.82108606383,
    171.36745802655));
#11991 = CARTESIAN_POINT('',(367.05375166054,106.66081534317,
    171.36237983869));
#11992 = CARTESIAN_POINT('',(367.14936384688,106.50161438715,
    171.35651133101));
#11993 = CARTESIAN_POINT('',(367.24605343651,106.34336965953,
    171.34994956194));
#11994 = CARTESIAN_POINT('',(367.41918454055,106.06180627145,
    171.33778955157));
#11995 = CARTESIAN_POINT('',(367.58930158739,105.77918815463,
    171.32723581252));
#11996 = CARTESIAN_POINT('',(367.66406879801,105.65508939907,
    171.32257003666));
#11997 = CARTESIAN_POINT('',(367.73915623845,105.53137488302,
    171.31766682582));
#11998 = CARTESIAN_POINT('',(367.81473736288,105.40815760281,
    171.3124188483));
#11999 = CARTESIAN_POINT('',(367.8908418076,105.28545762048,
    171.30680549209));
#12000 = CARTESIAN_POINT('',(367.96738110947,105.16321937673,
    171.30087745636));
#12001 = CARTESIAN_POINT('',(368.04417009955,105.04132618736,
    171.29474363836));
#12002 = CARTESIAN_POINT('',(368.12094397174,104.91961192499,
    171.28856031574));
#12003 = CARTESIAN_POINT('',(368.30846243223,104.62091037224,
    171.27374647008));
#12004 = CARTESIAN_POINT('',(368.491544237,104.32058938421,
    171.26118046911));
#12005 = CARTESIAN_POINT('',(368.59910158571,104.14253185256,
    171.25412428995));
#12006 = CARTESIAN_POINT('',(368.70616997498,103.96461211656,
    171.24719781406));
#12007 = CARTESIAN_POINT('',(368.81298341132,103.78698800476,
    171.24025253639));
#12008 = CARTESIAN_POINT('',(368.91963662713,103.60972783448,
    171.23322340268));
#12009 = CARTESIAN_POINT('',(369.02611979406,103.43283380249,
    171.22610753885));
#12010 = CARTESIAN_POINT('',(369.13234453738,103.25625969257,
    171.21894833692));
#12011 = CARTESIAN_POINT('',(369.23816125145,103.07992289898,
    171.21182489754));
#12012 = CARTESIAN_POINT('',(369.49914692131,102.64279347435,
    171.1945144038));
#12013 = CARTESIAN_POINT('',(369.75480846705,102.20555705555,
    171.17896172019));
#12014 = CARTESIAN_POINT('',(369.90597537762,101.94486636501,
    171.16999887742));
#12015 = CARTESIAN_POINT('',(370.05597878196,101.68466998871,
    171.16116534064));
#12016 = CARTESIAN_POINT('',(370.20494385922,101.42507806916,
    171.15235718189));
#12017 = CARTESIAN_POINT('',(370.35288780189,101.16613277421,
    171.14353477771));
#12018 = CARTESIAN_POINT('',(370.49974937106,100.90782873139,
    171.13470485595));
#12019 = CARTESIAN_POINT('',(370.64541029055,100.65012816426,
    171.12590741754));
#12020 = CARTESIAN_POINT('',(370.78970847924,100.39297073165,
    171.11720753351));
#12021 = CARTESIAN_POINT('',(371.14564465878,99.752858395923,
    171.09597246183));
#12022 = CARTESIAN_POINT('',(371.49034908209,99.115032137788,
    171.07656855284));
#12023 = CARTESIAN_POINT('',(371.69298698004,98.734047462113,
    171.06538835784));
#12024 = CARTESIAN_POINT('',(371.89184445586,98.354285121885,
    171.05451976588));
#12025 = CARTESIAN_POINT('',(372.08687272024,97.975836879115,
    171.04389465326));
#12026 = CARTESIAN_POINT('',(372.27794651733,97.59874949097,
    171.03349065159));
#12027 = CARTESIAN_POINT('',(372.46488581722,97.223040653476,
    171.02331786072));
#12028 = CARTESIAN_POINT('',(372.64747134973,96.848710979955,
    171.01340930779));
#12029 = CARTESIAN_POINT('',(372.82545397974,96.475752019095,
    171.00381515285));
#12030 = CARTESIAN_POINT('',(373.44154560314,95.153190003971,
    170.97101992231));
#12031 = CARTESIAN_POINT('',(373.9919703115,93.847587537611,
    170.94407271132));
#12032 = CARTESIAN_POINT('',(374.35315941878,92.919400084618,
    170.92658196459));
#12033 = CARTESIAN_POINT('',(374.67847527358,92.003035580763,
    170.91032502139));
#12034 = CARTESIAN_POINT('',(374.96635886791,91.099454599879,
    170.89491372323));
#12035 = CARTESIAN_POINT('',(375.21524948296,90.209426612815,
    170.8800939213));
#12036 = CARTESIAN_POINT('',(375.42373489812,89.333487668005,
    170.86568538512));
#12037 = CARTESIAN_POINT('',(375.59059436772,88.471816854826,
    170.85156486714));
#12038 = CARTESIAN_POINT('',(375.71474313282,87.624085454662,
    170.8376664648));
#12039 = CARTESIAN_POINT('',(375.79508723345,86.789332709503,
    170.82397342243));
#12040 = CARTESIAN_POINT('',(375.83029738864,85.965922116293,
    170.81047551469));
#12041 = CARTESIAN_POINT('',(375.87446950443,84.392982083803,
    170.79651482943));
#12042 = CARTESIAN_POINT('',(375.75872868971,82.851063310472,
    170.78090581145));
#12043 = CARTESIAN_POINT('',(375.47732651909,81.326356847798,
    170.76498516244));
#12044 = CARTESIAN_POINT('',(375.02190136857,79.801603333493,
    170.75018872944));
#12045 = CARTESIAN_POINT('',(374.37192279669,78.254511535771,
    170.73811080615));
#12046 = CARTESIAN_POINT('',(373.4988332476,76.674913535445,
    170.73055284251));
#12047 = CARTESIAN_POINT('',(372.37560071408,75.067634857217,
    170.72937677396));
#12048 = CARTESIAN_POINT('',(370.98311825294,73.442572296355,
    170.7363277143));
#12049 = CARTESIAN_POINT('',(369.30863633177,71.807375759055,
    170.75306333728));
#12050 = CARTESIAN_POINT('',(367.33919189593,70.171423156797,
    170.78142290295));
#12051 = CARTESIAN_POINT('',(365.0648037871,68.54245925259,
    170.82348756438));
#12052 = CARTESIAN_POINT('',(349.19494054811,268.02090686211,
    179.68006148428));
#12053 = CARTESIAN_POINT('',(349.11499538639,266.20163114754,
    179.62490006005));
#12054 = CARTESIAN_POINT('',(349.08063621909,264.38755453964,
    179.60955162295));
#12055 = CARTESIAN_POINT('',(349.08817609917,262.57594845449,
    179.62055203622));
#12056 = CARTESIAN_POINT('',(349.13030666535,260.7646551542,
    179.64955872518));
#12057 = CARTESIAN_POINT('',(349.19813043173,258.95211001574,
    179.69132431769));
#12058 = CARTESIAN_POINT('',(349.28241277087,257.13730177253,
    179.74209110744));
#12059 = CARTESIAN_POINT('',(349.37427304464,255.31969072672,
    179.79844042463));
#12060 = CARTESIAN_POINT('',(349.46553433725,253.49910492208,
    179.85663099809));
#12061 = CARTESIAN_POINT('',(349.54895124501,251.67563427653,
    179.91246039326));
#12062 = CARTESIAN_POINT('',(349.68811910895,248.02345105321,
    180.01090682721));
#12063 = CARTESIAN_POINT('',(349.75559702139,244.36233541182,
    180.06981765697));
#12064 = CARTESIAN_POINT('',(349.76688438002,242.52994082945,
    180.08577684679));
#12065 = CARTESIAN_POINT('',(349.75606884772,240.69608207093,
    180.08761562739));
#12066 = CARTESIAN_POINT('',(349.71548277571,238.86153740712,
    180.06933395043));
#12067 = CARTESIAN_POINT('',(349.65985892482,237.02624961435,
    180.03968623651));
#12068 = CARTESIAN_POINT('',(349.58919431316,235.19063243741,
    180.00069346924));
#12069 = CARTESIAN_POINT('',(349.51043944904,233.35477231483,
    179.95621244237));
#12070 = CARTESIAN_POINT('',(349.47573863599,231.51692137297,
    179.93388305873));
#12071 = CARTESIAN_POINT('',(349.48255885428,228.7885780064,
    179.93425024211));
#12072 = CARTESIAN_POINT('',(349.44036793981,226.060730291,
    179.89820596644));
#12073 = CARTESIAN_POINT('',(349.4244382001,225.17240506187,
    179.88434290826));
#12074 = CARTESIAN_POINT('',(349.4066080647,224.28407486481,
    179.86864010116));
#12075 = CARTESIAN_POINT('',(349.38359262931,223.39587767326,
    179.84885826041));
#12076 = CARTESIAN_POINT('',(349.35165707096,222.50797290588,
    179.82253531961));
#12077 = CARTESIAN_POINT('',(349.31001751575,221.62040645768,
    179.78939005098));
#12078 = CARTESIAN_POINT('',(349.26241123519,220.73305350475,
    179.75209342083));
#12079 = CARTESIAN_POINT('',(349.21632960072,219.84566188766,
    179.71521487927));
#12080 = CARTESIAN_POINT('',(349.18100726617,218.9579441908,
    179.68369181283));
#12081 = CARTESIAN_POINT('',(349.16686108715,218.06959195402,
    179.66371141817));
#12082 = CARTESIAN_POINT('',(349.11904494732,217.47981283518,
    179.6276431001));
#12083 = CARTESIAN_POINT('',(349.07931065661,216.88981676319,
    179.59629465419));
#12084 = CARTESIAN_POINT('',(349.05417222288,216.29940454573,
    179.57323331492));
#12085 = CARTESIAN_POINT('',(349.03463143793,215.7089023455,
    179.55263056628));
#12086 = CARTESIAN_POINT('',(349.02325482217,215.11822270883,
    179.53646847499));
#12087 = CARTESIAN_POINT('',(349.02169781991,214.52735134293,
    179.52509135721));
#12088 = CARTESIAN_POINT('',(349.02096614607,213.93657506077,
    179.5138618498));
#12089 = CARTESIAN_POINT('',(349.02635534413,213.34574562621,
    179.50558533219));
#12090 = CARTESIAN_POINT('',(349.0323564321,212.7550471916,
    179.49721007256));
#12091 = CARTESIAN_POINT('',(349.05771333188,210.24494613182,
    179.4593041802));
#12092 = CARTESIAN_POINT('',(349.04549549934,207.73897481049,
    179.38922588408));
#12093 = CARTESIAN_POINT('',(349.0316671146,205.82472199987,
    179.32581257919));
#12094 = CARTESIAN_POINT('',(349.02216795643,203.91265109274,
    179.25737370369));
#12095 = CARTESIAN_POINT('',(349.02128661635,202.00297221218,
    179.18616007249));
#12096 = CARTESIAN_POINT('',(349.03116351567,200.09599695126,
    179.11296594665));
#12097 = CARTESIAN_POINT('',(349.05287876484,198.19208555821,
    179.03777712425));
#12098 = CARTESIAN_POINT('',(349.08673308274,196.29161168104,
    178.96009931449));
#12099 = CARTESIAN_POINT('',(349.13220441951,194.39493632945,
    178.87908800493));
#12100 = CARTESIAN_POINT('',(349.23697753493,190.8450966822,
    178.71874113616));
#12101 = CARTESIAN_POINT('',(349.37413740012,187.31064753012,
    178.53792185353));
#12102 = CARTESIAN_POINT('',(349.44675816355,185.66408244478,
    178.44959133722));
#12103 = CARTESIAN_POINT('',(349.52931638885,184.0212494107,
    178.35779646056));
#12104 = CARTESIAN_POINT('',(349.62303143052,182.3823601192,
    178.26290716616));
#12105 = CARTESIAN_POINT('',(349.72902557873,180.74764177387,
    178.16523423392));
#12106 = CARTESIAN_POINT('',(349.84835072321,179.11733722704,
    178.06504563074));
#12107 = CARTESIAN_POINT('',(349.9820066415,177.49170508812,
    177.96257985247));
#12108 = CARTESIAN_POINT('',(350.13095091165,175.87101980361,
    177.8580562575));
#12109 = CARTESIAN_POINT('',(350.40583448464,173.1821830665,
    177.68100200395));
#12110 = CARTESIAN_POINT('',(350.7280217989,170.50870388114,
    177.49937598223));
#12111 = CARTESIAN_POINT('',(350.86331359098,169.44390951884,
    177.42551825012));
#12112 = CARTESIAN_POINT('',(351.00441464584,168.38156873929,
    177.3496765839));
#12113 = CARTESIAN_POINT('',(351.15046350644,167.32164527894,
    177.27120632836));
#12114 = CARTESIAN_POINT('',(351.30060256048,166.26407457962,
    177.18945066902));
#12115 = CARTESIAN_POINT('',(351.45397550178,165.20876014965,
    177.10374740259));
#12116 = CARTESIAN_POINT('',(351.60972170359,164.15556825086,
    177.01344163097));
#12117 = CARTESIAN_POINT('',(351.76696750366,163.10432091184,
    176.91790437853));
#12118 = CARTESIAN_POINT('',(351.92481440127,162.05478726716,
    176.81655713295));
#12119 = CARTESIAN_POINT('',(352.08232416608,161.00667322268,
    176.70890230937));
#12120 = CARTESIAN_POINT('',(352.25385500054,160.24964923635,
    176.66479763519));
#12121 = CARTESIAN_POINT('',(352.42418412398,159.49339378636,
    176.616986741));
#12122 = CARTESIAN_POINT('',(352.59305869751,158.73777863165,
    176.56514987602));
#12123 = CARTESIAN_POINT('',(352.76022756301,157.98266552351,
    176.50897221096));
#12124 = CARTESIAN_POINT('',(352.92543574141,157.2279023141,
    176.44815347502));
#12125 = CARTESIAN_POINT('',(353.08841893093,156.47331906503,
    176.38241759281));
#12126 = CARTESIAN_POINT('',(353.24889800536,155.71872415587,
    176.31152232145));
#12127 = CARTESIAN_POINT('',(353.40657351225,154.96390039271,
    176.23526888748));
#12128 = CARTESIAN_POINT('',(353.56112017121,154.20860111671,
    176.15351162391));
#12129 = CARTESIAN_POINT('',(354.0704345624,151.65950452657,
    175.85902459186));
#12130 = CARTESIAN_POINT('',(354.53565545459,149.09821295334,
    175.5009101375));
#12131 = CARTESIAN_POINT('',(354.86225633821,147.29110185039,
    175.23410429817));
#12132 = CARTESIAN_POINT('',(355.20847848754,145.47969438067,
    174.96886915455));
#12133 = CARTESIAN_POINT('',(355.59795296139,143.66809492895,
    174.71929567745));
#12134 = CARTESIAN_POINT('',(356.05593360273,141.86329184626,
    174.49434910777));
#12135 = CARTESIAN_POINT('',(356.6069836004,140.07470555157,
    174.29825730573));
#12136 = CARTESIAN_POINT('',(357.27423884391,138.31390164995,
    174.1353876934));
#12137 = CARTESIAN_POINT('',(358.07904672245,136.59379607104,
    174.01875983642));
#12138 = CARTESIAN_POINT('',(359.80151064403,133.5921730641,
    173.94745441958));
#12139 = CARTESIAN_POINT('',(361.9923993082,130.75877739473,
    174.29644651286));
#12140 = CARTESIAN_POINT('',(363.00329749983,129.51564022827,
    174.52714260735));
#12141 = CARTESIAN_POINT('',(364.00071100697,128.26860106908,
    174.81573442432));
#12142 = CARTESIAN_POINT('',(364.93941104552,126.99793328861,
    175.12334953796));
#12143 = CARTESIAN_POINT('',(365.80436525813,125.69716784327,
    175.37898648387));
#12144 = CARTESIAN_POINT('',(366.60350651431,124.3677383067,
    175.51457909573));
#12145 = CARTESIAN_POINT('',(367.35398481953,123.01648239743,
    175.47965795154));
#12146 = CARTESIAN_POINT('',(368.05505996375,121.64381834876,
    175.22032551739));
#12147 = CARTESIAN_POINT('',(368.63032554872,120.19748558474,
    174.69398552011));
#12148 = CARTESIAN_POINT('',(368.96361831643,118.58386228096,
    173.98462784184));
#12149 = CARTESIAN_POINT('',(369.08151968421,118.19537073526,
    173.85101815153));
#12150 = CARTESIAN_POINT('',(369.19208879047,117.80007466421,
    173.71046159473));
#12151 = CARTESIAN_POINT('',(369.29522527034,117.3978246505,
    173.56441206943));
#12152 = CARTESIAN_POINT('',(369.39100198136,116.98854743276,
    173.41518288977));
#12153 = CARTESIAN_POINT('',(369.48024622289,116.57266176982,
    173.26497152918));
#12154 = CARTESIAN_POINT('',(369.56469513235,116.15114056485,
    173.11670800048));
#12155 = CARTESIAN_POINT('',(369.64727938747,115.72567270031,
    172.97457332241));
#12156 = CARTESIAN_POINT('',(369.73300889523,115.29924940438,
    172.84357325039));
#12157 = CARTESIAN_POINT('',(369.83085369765,114.87737133658,
    172.72909117667));
#12158 = CARTESIAN_POINT('',(370.00033104379,114.32970190704,
    172.60783189557));
#12159 = CARTESIAN_POINT('',(370.27141408497,113.83855893891,
    172.56398004807));
#12160 = CARTESIAN_POINT('',(370.34580376734,113.71555269867,
    172.55644682793));
#12161 = CARTESIAN_POINT('',(370.42364121196,113.59444208678,
    172.55145722365));
#12162 = CARTESIAN_POINT('',(370.50356089955,113.47444494947,
    172.54801188028));
#12163 = CARTESIAN_POINT('',(370.58440808634,113.35489604008,
    172.54526419387));
#12164 = CARTESIAN_POINT('',(370.66528100107,113.23527445646,
    172.54253859027));
#12165 = CARTESIAN_POINT('',(370.74550141745,113.11518813826,
    172.5393115312));
#12166 = CARTESIAN_POINT('',(370.82445055398,112.99427869907,
    172.53509946905));
#12167 = CARTESIAN_POINT('',(370.94954959773,112.79500340432,
    172.5254811338));
#12168 = CARTESIAN_POINT('',(371.06392105929,112.58925148175,
    172.50768080221));
#12169 = CARTESIAN_POINT('',(371.10763578914,112.50942596211,
    172.50044357271));
#12170 = CARTESIAN_POINT('',(371.15190843461,112.42989159008,
    172.49363509679));
#12171 = CARTESIAN_POINT('',(371.19755977241,112.3511294953,
    172.48787139339));
#12172 = CARTESIAN_POINT('',(371.24509418212,112.27343669927,
    172.48353042639));
#12173 = CARTESIAN_POINT('',(371.29464486954,112.19689332639,
    172.48071414196));
#12174 = CARTESIAN_POINT('',(371.34596144454,112.12135484117,
    172.47923926216));
#12175 = CARTESIAN_POINT('',(371.39843985317,112.04646931011,
    172.47865683447));
#12176 = CARTESIAN_POINT('',(371.49496127228,111.90970568013,
    172.4780049455));
#12177 = CARTESIAN_POINT('',(371.5888858016,111.77133882012,
    172.47540982942));
#12178 = CARTESIAN_POINT('',(371.63088834329,111.70823770606,
    172.47379164672));
#12179 = CARTESIAN_POINT('',(371.67216961945,111.64469784252,
    172.47162690561));
#12180 = CARTESIAN_POINT('',(371.71259868083,111.58064278708,
    172.46881409048));
#12181 = CARTESIAN_POINT('',(371.75211709169,111.51603850559,
    172.4653084029));
#12182 = CARTESIAN_POINT('',(371.79079047607,111.45092356862,
    172.46116124235));
#12183 = CARTESIAN_POINT('',(371.82884287729,111.38542930523,
    172.45654603849));
#12184 = CARTESIAN_POINT('',(371.86667393213,111.31978991493,
    172.45177043493));
#12185 = CARTESIAN_POINT('',(371.99938940497,111.09232110688,
    172.43614549768));
#12186 = CARTESIAN_POINT('',(372.14524131455,110.87236736149,
    172.4306436807));
#12187 = CARTESIAN_POINT('',(372.2474270174,110.71462112608,
    172.42548267339));
#12188 = CARTESIAN_POINT('',(372.34605207843,110.55471396937,
    172.41766565027));
#12189 = CARTESIAN_POINT('',(372.44217554122,110.39327180283,
    172.40800882853));
#12190 = CARTESIAN_POINT('',(372.53756894119,110.23133898789,
    172.39787505793));
#12191 = CARTESIAN_POINT('',(372.63358348776,110.06971392807,
    172.3883062971));
#12192 = CARTESIAN_POINT('',(372.73077887696,109.90873024484,
    172.37973715775));
#12193 = CARTESIAN_POINT('',(372.82900265023,109.74830277654,
    172.3720546822));
#12194 = CARTESIAN_POINT('',(373.00497977594,109.46232247329,
    172.35905327036));
#12195 = CARTESIAN_POINT('',(373.17869771115,109.17491880943,
    172.34471198051));
#12196 = CARTESIAN_POINT('',(373.2551144796,109.04856376474,
    172.338513408));
#12197 = CARTESIAN_POINT('',(373.33186804339,108.92239069787,
    172.33265062258));
#12198 = CARTESIAN_POINT('',(373.40910656495,108.79648792404,
    172.32723888839));
#12199 = CARTESIAN_POINT('',(373.48685448702,108.67087126662,
    172.32229976558));
#12200 = CARTESIAN_POINT('',(373.56503461413,108.54549727977,
    172.31777819133));
#12201 = CARTESIAN_POINT('',(373.64348665507,108.42027444766,
    172.31355659591));
#12202 = CARTESIAN_POINT('',(373.72198222599,108.29507235868,
    172.3094660532));
#12203 = CARTESIAN_POINT('',(373.91398342509,107.98753439817,
    172.29923080898));
#12204 = CARTESIAN_POINT('',(374.10252195098,107.67800870959,
    172.28700240285));
#12205 = CARTESIAN_POINT('',(374.21355922568,107.49427224231,
    172.27949232078));
#12206 = CARTESIAN_POINT('',(374.32429260311,107.31038515286,
    172.27199709234));
#12207 = CARTESIAN_POINT('',(374.43491955054,107.12646879532,
    172.26467788026));
#12208 = CARTESIAN_POINT('',(374.54551809291,106.94257463411,
    172.25760503932));
#12209 = CARTESIAN_POINT('',(374.6560768718,106.75870238143,
    172.25078097003));
#12210 = CARTESIAN_POINT('',(374.76651762196,106.57481371836,
    172.24415732537));
#12211 = CARTESIAN_POINT('',(374.87671006656,106.39084159782,
    172.23764657085));
#12212 = CARTESIAN_POINT('',(375.14901442321,105.93402947031,
    172.22147569848));
#12213 = CARTESIAN_POINT('',(375.41736046275,105.47544128757,
    172.20430952465));
#12214 = CARTESIAN_POINT('',(375.57650936204,105.20133062907,
    172.19403938932));
#12215 = CARTESIAN_POINT('',(375.73485700038,104.92698535004,
    172.18395043144));
#12216 = CARTESIAN_POINT('',(375.89250085348,104.65248204946,
    172.17415241493));
#12217 = CARTESIAN_POINT('',(376.04944588362,104.37784351748,
    172.16468492273));
#12218 = CARTESIAN_POINT('',(376.2056299004,104.10305453389,
    172.15553707561));
#12219 = CARTESIAN_POINT('',(376.3609419116,103.82807360019,
    172.14666188417));
#12220 = CARTESIAN_POINT('',(376.51523346271,103.55284060679,
    172.13798523439));
#12221 = CARTESIAN_POINT('',(376.89699147137,102.86567852032,
    172.11660001368));
#12222 = CARTESIAN_POINT('',(377.26992263984,102.1759185129,
    172.09507828721));
#12223 = CARTESIAN_POINT('',(377.49026502592,101.76197470656,
    172.08236084088));
#12224 = CARTESIAN_POINT('',(377.70757594669,101.34731883964,
    172.06994870071));
#12225 = CARTESIAN_POINT('',(377.92177125291,100.9319704511,
    172.05790483322));
#12226 = CARTESIAN_POINT('',(378.13269869455,100.51591038475,
    172.04624236222));
#12227 = CARTESIAN_POINT('',(378.34015608505,100.09909328469,
    172.03493917288));
#12228 = CARTESIAN_POINT('',(378.54390410059,99.681457111385,
    172.0239484352));
#12229 = CARTESIAN_POINT('',(378.74367371399,99.262929679028,
    172.01320504631));
#12230 = CARTESIAN_POINT('',(379.43945540066,97.769902610904,
    171.975560413));
#12231 = CARTESIAN_POINT('',(380.0769348392,96.263514106548,
    171.938773214));
#12232 = CARTESIAN_POINT('',(380.50347419752,95.173706813328,
    171.91382655241));
#12233 = CARTESIAN_POINT('',(380.89566805002,94.076992569043,
    171.89090344179));
#12234 = CARTESIAN_POINT('',(381.25046817655,92.972819577925,
    171.87023024611));
#12235 = CARTESIAN_POINT('',(381.56441372152,91.860485614515,
    171.85188676383));
#12236 = CARTESIAN_POINT('',(381.83363907643,90.73931085325,
    171.83587673155));
#12237 = CARTESIAN_POINT('',(382.05385182442,89.608820522728,
    171.82214982143));
#12238 = CARTESIAN_POINT('',(382.22035978473,88.468939229452,
    171.81060234643));
#12239 = CARTESIAN_POINT('',(382.32822619321,87.320198793217,
    171.80108388766));
#12240 = CARTESIAN_POINT('',(382.37263205677,86.163961438095,
    171.79343705787));
#12241 = CARTESIAN_POINT('',(382.43801399156,83.955960589137,
    171.76625640398));
#12242 = CARTESIAN_POINT('',(382.27517896233,81.737458124044,
    171.74838558506));
#12243 = CARTESIAN_POINT('',(381.86473782887,79.517796701302,
    171.73856737912));
#12244 = CARTESIAN_POINT('',(381.1889734175,77.311652455898,
    171.73563686643));
#12245 = CARTESIAN_POINT('',(380.24110190131,75.143442842737,
    171.73833121928));
#12246 = CARTESIAN_POINT('',(379.02528493297,73.029725396777,
    171.74507443851));
#12247 = CARTESIAN_POINT('',(377.54794330244,70.97365810332,
    171.75406660336));
#12248 = CARTESIAN_POINT('',(375.80917482401,68.972472340207,
    171.76353321642));
#12249 = CARTESIAN_POINT('',(373.80259550912,67.024540046558,
    171.77185650182));
#12250 = CARTESIAN_POINT('',(371.52270384985,65.126997914522,
    171.77751705916));
#12251 = CARTESIAN_POINT('',(368.96091322642,63.278022967313,
    171.7793210819));
#12252 = CARTESIAN_POINT('',(349.19494054811,268.17979432904,
    184.99462475766));
#12253 = CARTESIAN_POINT('',(349.29743077499,266.35689975928,
    184.93957152496));
#12254 = CARTESIAN_POINT('',(349.38201440107,264.53294417858,
    184.91762692747));
#12255 = CARTESIAN_POINT('',(349.45427203659,262.70787730331,
    184.92323836078));
#12256 = CARTESIAN_POINT('',(349.51656382832,260.88138741301,
    184.95066270927));
#12257 = CARTESIAN_POINT('',(349.56945399308,259.05315229691,
    184.99430657753));
#12258 = CARTESIAN_POINT('',(349.61274926007,257.22296076715,
    185.04883950788));
#12259 = CARTESIAN_POINT('',(349.64619210812,255.39074115147,
    185.10918506512));
#12260 = CARTESIAN_POINT('',(349.66984968348,253.55653318009,
    185.1704946695));
#12261 = CARTESIAN_POINT('',(349.68423928402,251.72043968,
    185.22820905876));
#12262 = CARTESIAN_POINT('',(349.69622330748,248.04474930076,
    185.32841546187));
#12263 = CARTESIAN_POINT('',(349.6783959704,244.36279377189,
    185.3864918359));
#12264 = CARTESIAN_POINT('',(349.66300589709,242.52043481815,
    185.40179300901));
#12265 = CARTESIAN_POINT('',(349.64209086521,240.67686902638,
    185.40310168283));
#12266 = CARTESIAN_POINT('',(349.6168478446,238.83242016055,
    185.38518766265));
#12267 = CARTESIAN_POINT('',(349.58790666278,236.98715421088,
    185.3566442407));
#12268 = CARTESIAN_POINT('',(349.5549571028,235.1413497086,
    185.31776112316));
#12269 = CARTESIAN_POINT('',(349.51872633599,233.29523281045,
    185.27239204024));
#12270 = CARTESIAN_POINT('',(349.48143845037,231.44836046143,
    185.25069344568));
#12271 = CARTESIAN_POINT('',(349.42326891441,228.70839221149,
    185.25030937351));
#12272 = CARTESIAN_POINT('',(349.36413187808,225.96839656199,
    185.21379918562));
#12273 = CARTESIAN_POINT('',(349.34486866524,225.07611557898,
    185.19984192474));
#12274 = CARTESIAN_POINT('',(349.32561566739,224.1838398635,
    185.18399376516));
#12275 = CARTESIAN_POINT('',(349.30655403834,223.2916248741,
    185.1641801636));
#12276 = CARTESIAN_POINT('',(349.28784402157,222.3995433642,
    185.13806865005));
#12277 = CARTESIAN_POINT('',(349.26946657157,221.50764247363,
    185.10521120967));
#12278 = CARTESIAN_POINT('',(349.2512994691,220.61591142138,
    185.067943163));
#12279 = CARTESIAN_POINT('',(349.23337869304,219.72427258848,
    185.0307634131));
#12280 = CARTESIAN_POINT('',(349.2160402135,218.83259491685,
    184.99903818246));
#12281 = CARTESIAN_POINT('',(349.19938177329,217.94071468568,
    184.97898761688));
#12282 = CARTESIAN_POINT('',(349.18815754942,217.34787926014,
    184.94262131191));
#12283 = CARTESIAN_POINT('',(349.17706384303,216.75499794739,
    184.91074862394));
#12284 = CARTESIAN_POINT('',(349.16627191465,216.16197689604,
    184.88718412615));
#12285 = CARTESIAN_POINT('',(349.15598286348,215.56893846043,
    184.86638906099));
#12286 = CARTESIAN_POINT('',(349.14601978406,214.97586229596,
    184.85001267956));
#12287 = CARTESIAN_POINT('',(349.13668688637,214.38270893122,
    184.83886496952));
#12288 = CARTESIAN_POINT('',(349.12766050365,213.78963312869,
    184.82772677277));
#12289 = CARTESIAN_POINT('',(349.119124769,213.19655480647,184.81967144)
  );
#12290 = CARTESIAN_POINT('',(349.1109813089,212.60357056049,
    184.81144129614));
#12291 = CARTESIAN_POINT('',(349.07820884357,210.08356725563,
    184.77394717299));
#12292 = CARTESIAN_POINT('',(349.05363866901,207.56652921837,
    184.70329723832));
#12293 = CARTESIAN_POINT('',(349.04089578328,205.64350022915,
    184.6395842693));
#12294 = CARTESIAN_POINT('',(349.03499683277,203.72249535623,
    184.57094286449));
#12295 = CARTESIAN_POINT('',(349.03666013371,201.80375007964,
    184.49945254425));
#12296 = CARTESIAN_POINT('',(349.04667624543,199.88753294709,
    184.42585708371));
#12297 = CARTESIAN_POINT('',(349.06591079436,197.97413794649,
    184.3502182433));
#12298 = CARTESIAN_POINT('',(349.09523370768,196.06388296457,
    184.27212782891));
#12299 = CARTESIAN_POINT('',(349.13544950983,194.15711085708,
    184.19072344828));
#12300 = CARTESIAN_POINT('',(349.2327110959,190.58782485228,
    184.0294703495));
#12301 = CARTESIAN_POINT('',(349.37388040637,187.03345596999,
    183.84764405472));
#12302 = CARTESIAN_POINT('',(349.44989977859,185.37749833042,
    183.75882075146));
#12303 = CARTESIAN_POINT('',(349.53657184121,183.72517492339,
    183.66650692388));
#12304 = CARTESIAN_POINT('',(349.63443561924,182.07667643231,
    183.57106902807));
#12305 = CARTESIAN_POINT('',(349.74403016163,180.43219248348,
    183.47281577383));
#12306 = CARTESIAN_POINT('',(349.86589464845,178.79191113999,
    183.37201440029));
#12307 = CARTESIAN_POINT('',(350.00056766992,177.15601832017,
    183.26890247867));
#12308 = CARTESIAN_POINT('',(350.14858567722,175.52469714048,
    183.16369524255));
#12309 = CARTESIAN_POINT('',(350.41805210641,172.81734859022,
    182.98542105842));
#12310 = CARTESIAN_POINT('',(350.72741546951,170.12364832043,
    182.80236819914));
#12311 = CARTESIAN_POINT('',(350.8574247899,169.05059200995,
    182.72790742522));
#12312 = CARTESIAN_POINT('',(350.99409936198,167.97991195652,
    182.65143418662));
#12313 = CARTESIAN_POINT('',(351.13759776776,166.91171591235,
    182.57231947895));
#12314 = CARTESIAN_POINT('',(351.28808201131,165.84611770414,
    182.4899323075));
#12315 = CARTESIAN_POINT('',(351.44571324076,164.78323685683,
    182.40363997576));
#12316 = CARTESIAN_POINT('',(351.61064398908,163.72319712484,
    182.31280838219));
#12317 = CARTESIAN_POINT('',(351.78300693389,162.66612393097,
    182.21680232535));
#12318 = CARTESIAN_POINT('',(351.96290017605,161.61214071279,
    182.11498581721));
#12319 = CARTESIAN_POINT('',(352.15036903718,160.56136417666,
    182.00672240474));
#12320 = CARTESIAN_POINT('',(352.28749044058,159.7923754126,
    181.962053982));
#12321 = CARTESIAN_POINT('',(352.42854963949,159.02499747359,
    181.91340849781));
#12322 = CARTESIAN_POINT('',(352.57367287707,158.25924974844,
    181.860600662));
#12323 = CARTESIAN_POINT('',(352.72298262871,157.49515419327,
    181.80344670337));
#12324 = CARTESIAN_POINT('',(352.87659192093,156.7327328652,
    181.74176394792));
#12325 = CARTESIAN_POINT('',(353.0345986502,155.97200545589,
    181.67537039697));
#12326 = CARTESIAN_POINT('',(353.19707990184,155.2129868252,
    181.60408430538));
#12327 = CARTESIAN_POINT('',(353.36408626891,154.45568453476,
    181.52772375973));
#12328 = CARTESIAN_POINT('',(353.53563617101,153.70009638166,
    181.44610625648));
#12329 = CARTESIAN_POINT('',(354.12928313449,151.15830382088,
    181.15258363179));
#12330 = CARTESIAN_POINT('',(354.77364211218,148.6355015351,
    180.79511386289));
#12331 = CARTESIAN_POINT('',(355.25121861194,146.86840424633,
    180.5257997394));
#12332 = CARTESIAN_POINT('',(355.75228654415,145.10651192986,
    180.25193188527));
#12333 = CARTESIAN_POINT('',(356.27822424907,143.34774912272,
    179.98784959391));
#12334 = CARTESIAN_POINT('',(356.83328732101,141.5909317695,
    179.74749685719));
#12335 = CARTESIAN_POINT('',(357.42371095915,139.83611961197,
    179.54358274653));
#12336 = CARTESIAN_POINT('',(358.05536640767,138.08414528689,
    179.38862836845));
#12337 = CARTESIAN_POINT('',(358.73010164058,136.33504202347,
    179.29703496448));
#12338 = CARTESIAN_POINT('',(360.00894598461,133.18698091444,
    179.27562646394));
#12339 = CARTESIAN_POINT('',(361.33445026325,130.00104093467,
    179.54807221896));
#12340 = CARTESIAN_POINT('',(361.92111025613,128.57577069353,
    179.70000980712));
#12341 = CARTESIAN_POINT('',(362.49949521325,127.13903545095,
    179.85424412798));
#12342 = CARTESIAN_POINT('',(363.07361341357,125.6927823623,
    179.97886602805));
#12343 = CARTESIAN_POINT('',(363.66825463089,124.24880862773,
    180.04811772718));
#12344 = CARTESIAN_POINT('',(364.31233986767,122.82192917061,
    180.0476370219));
#12345 = CARTESIAN_POINT('',(365.02949890497,121.42642104761,
    179.97246522614));
#12346 = CARTESIAN_POINT('',(365.83896389039,120.07726992505,
    179.80856724708));
#12347 = CARTESIAN_POINT('',(366.73276488614,118.77689485116,
    179.50438467457));
#12348 = CARTESIAN_POINT('',(367.64528680312,117.48588794235,
    179.01715030941));
#12349 = CARTESIAN_POINT('',(367.86715279275,117.15510493804,
    178.92336604186));
#12350 = CARTESIAN_POINT('',(368.09091632651,116.82424057395,
    178.82308246191));
#12351 = CARTESIAN_POINT('',(368.31591446991,116.49292792416,
    178.71664964175));
#12352 = CARTESIAN_POINT('',(368.54121655415,116.1606047948,
    178.60472843327));
#12353 = CARTESIAN_POINT('',(368.76615346618,115.82683886153,
    178.48834597503));
#12354 = CARTESIAN_POINT('',(368.99004209348,115.49114385598,
    178.36919415214));
#12355 = CARTESIAN_POINT('',(369.21206896549,115.15289738714,
    178.24991172178));
#12356 = CARTESIAN_POINT('',(369.43169545562,114.81158137993,
    178.13443989548));
#12357 = CARTESIAN_POINT('',(369.64934523093,114.4671765233,
    178.02889024861));
#12358 = CARTESIAN_POINT('',(369.94129192561,114.00070213626,
    177.91439370776));
#12359 = CARTESIAN_POINT('',(370.23372813624,113.52876689747,
    177.87175160739));
#12360 = CARTESIAN_POINT('',(370.3086906668,113.40766324807,
    177.86432505258));
#12361 = CARTESIAN_POINT('',(370.38373699239,113.28637348705,
    177.85931308867));
#12362 = CARTESIAN_POINT('',(370.45885949873,113.164949786,
    177.85575754273));
#12363 = CARTESIAN_POINT('',(370.53405173915,113.04343551476,
    177.85284710987));
#12364 = CARTESIAN_POINT('',(370.60931334135,112.92186745448,
    177.84994442179));
#12365 = CARTESIAN_POINT('',(370.68464896944,112.8002767277,
    177.84656635406));
#12366 = CARTESIAN_POINT('',(370.76006485467,112.67869277119,
    177.84227054015));
#12367 = CARTESIAN_POINT('',(370.88311824416,112.48060844113,
    177.83270438779));
#12368 = CARTESIAN_POINT('',(371.00641724249,112.28283660703,
    177.81547402851));
#12369 = CARTESIAN_POINT('',(371.05408666018,112.20640788556,
    177.80847256282));
#12370 = CARTESIAN_POINT('',(371.10177094713,112.12993395769,
    177.80186921648));
#12371 = CARTESIAN_POINT('',(371.14946565045,112.05338365863,
    177.79624802918));
#12372 = CARTESIAN_POINT('',(371.19716778377,111.97673858613,
    177.79196823836));
#12373 = CARTESIAN_POINT('',(371.24487492478,111.89999418074,
    177.78912600466));
#12374 = CARTESIAN_POINT('',(371.29258529144,111.8231599221,
    177.78754549173));
#12375 = CARTESIAN_POINT('',(371.34029879658,111.74625863984,
    177.78679930049));
#12376 = CARTESIAN_POINT('',(371.42760892998,111.6054989693,
    177.78580939602));
#12377 = CARTESIAN_POINT('',(371.51497650807,111.46477782404,
    177.78298954889));
#12378 = CARTESIAN_POINT('',(371.55460491319,111.40097980659,
    177.78129693818));
#12379 = CARTESIAN_POINT('',(371.59424750737,111.33719825222,
    177.77909380575));
#12380 = CARTESIAN_POINT('',(371.63390570606,111.273438754,
    177.77628648606));
#12381 = CARTESIAN_POINT('',(371.67357975608,111.20970357647,
    177.77283346133));
#12382 = CARTESIAN_POINT('',(371.71326817607,111.14598956819,
    177.7687822231));
#12383 = CARTESIAN_POINT('',(371.75296754106,111.08228692972,
    177.76429372252));
#12384 = CARTESIAN_POINT('',(371.79267261112,111.01857883769,
    177.7596544094));
#12385 = CARTESIAN_POINT('',(371.93066844462,110.79705491806,
    177.74443633005));
#12386 = CARTESIAN_POINT('',(372.06856782775,110.57483764853,
    177.73869705623));
#12387 = CARTESIAN_POINT('',(372.16681035066,110.41654534312,
    177.73344962151));
#12388 = CARTESIAN_POINT('',(372.2650828647,110.25831342132,
    177.72572091743));
#12389 = CARTESIAN_POINT('',(372.36336650883,110.10009570161,
    177.71627447518));
#12390 = CARTESIAN_POINT('',(372.46163292062,109.94181950292,
    177.70638395146));
#12391 = CARTESIAN_POINT('',(372.55985630745,109.78343154427,
    177.6970228931));
#12392 = CARTESIAN_POINT('',(372.65801919136,109.62491161626,
    177.68859832838));
#12393 = CARTESIAN_POINT('',(372.75611319732,109.46626741245,
    177.68100703856));
#12394 = CARTESIAN_POINT('',(372.93104932903,109.18296696612,
    177.66813320503));
#12395 = CARTESIAN_POINT('',(373.10575702689,108.89947612209,
    177.65400992473));
#12396 = CARTESIAN_POINT('',(373.18251571503,108.77478035227,
    177.64790199814));
#12397 = CARTESIAN_POINT('',(373.25921252384,108.65001837519,
    177.64211097519));
#12398 = CARTESIAN_POINT('',(373.33584092492,108.52518489934,
    177.63674550733));
#12399 = CARTESIAN_POINT('',(373.41239545169,108.40027919794,
    177.63182604471));
#12400 = CARTESIAN_POINT('',(373.48887148728,108.27530411184,
    177.62730073254));
#12401 = CARTESIAN_POINT('',(373.56526517859,108.150265281,
    177.62305872041));
#12402 = CARTESIAN_POINT('',(373.64157347669,108.02517060305,
    177.61894088482));
#12403 = CARTESIAN_POINT('',(373.82858594313,107.71813027336,
    177.60865329845));
#12404 = CARTESIAN_POINT('',(374.01506693015,107.41088343774,
    177.5965059368));
#12405 = CARTESIAN_POINT('',(374.12533605696,107.22876733443,
    177.58906433251));
#12406 = CARTESIAN_POINT('',(374.23537798747,107.04654311033,
    177.58164068777));
#12407 = CARTESIAN_POINT('',(374.34517456162,106.86420261479,
    177.57438596653));
#12408 = CARTESIAN_POINT('',(374.4547088396,106.68174205819,
    177.56736592525));
#12409 = CARTESIAN_POINT('',(374.56396494754,106.49916080732,
    177.56058267928));
#12410 = CARTESIAN_POINT('',(374.67292793654,106.31646046753,
    177.55399089454));
#12411 = CARTESIAN_POINT('',(374.78158365433,106.13364425325,
    177.54750860454));
#12412 = CARTESIAN_POINT('',(375.05033022147,105.67985574902,
    177.53141890437));
#12413 = CARTESIAN_POINT('',(375.31702365024,105.22541677738,
    177.51441879617));
#12414 = CARTESIAN_POINT('',(375.47542215588,104.95391702637,
    177.50425708375));
#12415 = CARTESIAN_POINT('',(375.63297865584,104.68215379296,
    177.49427297427));
#12416 = CARTESIAN_POINT('',(375.78964004991,104.41011849482,
    177.48456942105));
#12417 = CARTESIAN_POINT('',(375.94535423409,104.1378054796,
    177.47518361143));
#12418 = CARTESIAN_POINT('',(376.10006984906,103.86521094721,
    177.46610539299));
#12419 = CARTESIAN_POINT('',(376.25373609422,103.59233216814,
    177.45729068992));
#12420 = CARTESIAN_POINT('',(376.40630260747,103.31916699563,
    177.44866990956));
#12421 = CARTESIAN_POINT('',(376.78388941638,102.63725874469,
    177.42742722198));
#12422 = CARTESIAN_POINT('',(377.15401841914,101.95355078077,
    177.4061022248));
#12423 = CARTESIAN_POINT('',(377.37286775135,101.54334217813,
    177.39350798261));
#12424 = CARTESIAN_POINT('',(377.58868599817,101.1324305602,
    177.38121611291));
#12425 = CARTESIAN_POINT('',(377.80129539708,100.72078992668,
    177.36928559433));
#12426 = CARTESIAN_POINT('',(378.01051754305,100.30839461999,
    177.35772865916));
#12427 = CARTESIAN_POINT('',(378.21617296986,99.895218573132,
    177.34652443589));
#12428 = CARTESIAN_POINT('',(378.4180807423,99.481234810664,
    177.3356287645));
#12429 = CARTESIAN_POINT('',(378.61605805831,99.066415202494,
    177.32498018416));
#12430 = CARTESIAN_POINT('',(379.30602866449,97.586957976544,
    177.28768777117));
#12431 = CARTESIAN_POINT('',(379.94149028504,96.096160046916,
    177.25137175187));
#12432 = CARTESIAN_POINT('',(380.3670181313,95.017763572392,
    177.22675423517));
#12433 = CARTESIAN_POINT('',(380.75781809298,93.932301712053,
    177.20411787823));
#12434 = CARTESIAN_POINT('',(381.11039612083,92.839143911598,
    177.18367706661));
#12435 = CARTESIAN_POINT('',(381.42104426941,91.737668295004,
    177.16550896956));
#12436 = CARTESIAN_POINT('',(381.685776463,90.627370830085,
    177.1496175571));
#12437 = CARTESIAN_POINT('',(381.90029746976,89.508016557717,
    177.13595274882));
#12438 = CARTESIAN_POINT('',(382.06004221503,88.379809313259,
    177.12441061594));
#12439 = CARTESIAN_POINT('',(382.16032256491,87.243556371689,
    177.11484055886));
#12440 = CARTESIAN_POINT('',(382.19661871119,86.100804445483,
    177.10708538179));
#12441 = CARTESIAN_POINT('',(382.26631103666,83.919174514568,
    177.08036094819));
#12442 = CARTESIAN_POINT('',(382.10229179919,81.727304518123,
    177.06261959888));
#12443 = CARTESIAN_POINT('',(381.68797091305,79.536496833785,
    177.05273155875));
#12444 = CARTESIAN_POINT('',(381.0088169644,77.362398296488,
    177.0495699688));
#12445 = CARTESIAN_POINT('',(380.06152262263,75.228012843803,
    177.05188495071));
#12446 = CARTESIAN_POINT('',(378.85212675907,73.146739989906,
    177.05816945597));
#12447 = CARTESIAN_POINT('',(377.38714954628,71.118187104867,
    177.0667724236));
#12448 = CARTESIAN_POINT('',(375.66621624877,69.136571144807,
    177.07610916498));
#12449 = CARTESIAN_POINT('',(373.682687769,67.197724626708,
    177.08471630559));
#12450 = CARTESIAN_POINT('',(371.43048125996,65.296051302879,
    177.09109904156));
#12451 = CARTESIAN_POINT('',(368.90055227819,63.427239131573,
    177.09382191511));
#12452 = ADVANCED_FACE('',(#12453),#12456,.F.);
#12453 = FACE_BOUND('',#12454,.F.);
#12454 = EDGE_LOOP('',(#12455));
#12455 = ORIENTED_EDGE('',*,*,#11042,.T.);
#12456 = PLANE('',#12457);
#12457 = AXIS2_PLACEMENT_3D('',#12458,#12459,#12460);
#12458 = CARTESIAN_POINT('',(346.00050615281,268.00002848359,
    184.99999914843));
#12459 = DIRECTION('',(5.621083183693E-02,-0.997973022888,
    2.983601803345E-02));
#12460 = DIRECTION('',(-0.998417511459,-5.623586765631E-02,
    4.067523423863E-20));
#12461 = ADVANCED_FACE('',(#12462),#12465,.T.);
#12462 = FACE_BOUND('',#12463,.T.);
#12463 = EDGE_LOOP('',(#12464));
#12464 = ORIENTED_EDGE('',*,*,#11031,.T.);
#12465 = PLANE('',#12466);
#12466 = AXIS2_PLACEMENT_3D('',#12467,#12468,#12469);
#12467 = CARTESIAN_POINT('',(367.00030109164,65.999592414901,
    177.00001486357));
#12468 = DIRECTION('',(-0.804442092208,-0.593983213788,
    7.540691133398E-03));
#12469 = DIRECTION('',(0.594000102051,-0.804464964285,3.591166767657E-19
    ));
#12470 = ( GEOMETRIC_REPRESENTATION_CONTEXT(3) 
GLOBAL_UNCERTAINTY_ASSIGNED_CONTEXT((#12474)) 
GLOBAL_UNIT_ASSIGNED_CONTEXT((#12471,#12472,#12473)) 
REPRESENTATION_CONTEXT('Context #1',
  '3D Context with UNIT and UNCERTAINTY') );
#12471 = ( LENGTH_UNIT() NAMED_UNIT(*) SI_UNIT(.MILLI.,.METRE.) );
#12472 = ( NAMED_UNIT(*) PLANE_ANGLE_UNIT() SI_UNIT($,.RADIAN.) );
#12473 = ( NAMED_UNIT(*) SI_UNIT($,.STERADIAN.) SOLID_ANGLE_UNIT() );
#12474 = UNCERTAINTY_MEASURE_WITH_UNIT(LENGTH_MEASURE(2.E-05),#12471,
  'distance_accuracy_value','confusion accuracy');
#12475 = CONTEXT_DEPENDENT_SHAPE_REPRESENTATION(#12476,#12478);
#12476 = ( REPRESENTATION_RELATIONSHIP('','',#10817,#10) 
REPRESENTATION_RELATIONSHIP_WITH_TRANSFORMATION(#12477) 
SHAPE_REPRESENTATION_RELATIONSHIP() );
#12477 = ITEM_DEFINED_TRANSFORMATION('','',#11,#227);
#12478 = PRODUCT_DEFINITION_SHAPE('Placement','Placement of an item',
  #12479);
#12479 = NEXT_ASSEMBLY_USAGE_OCCURRENCE('118',
  '弯臂外观近似（停放姿态）','',#5,#10812,$);
#12480 = PRODUCT_RELATED_PRODUCT_CATEGORY('part',$,(#10814));
#12481 = SHAPE_DEFINITION_REPRESENTATION(#12482,#12488);
#12482 = PRODUCT_DEFINITION_SHAPE('','',#12483);
#12483 = PRODUCT_DEFINITION('design','',#12484,#12487);
#12484 = PRODUCT_DEFINITION_FORMATION('','',#12485);
#12485 = PRODUCT('后部配重外观示意','后部配重外观示意',
  '',(#12486));
#12486 = PRODUCT_CONTEXT('',#2,'mechanical');
#12487 = PRODUCT_DEFINITION_CONTEXT('part definition',#2,'design');
#12488 = ADVANCED_BREP_SHAPE_REPRESENTATION('',(#11,#12489),#12542);
#12489 = MANIFOLD_SOLID_BREP('',#12490);
#12490 = CLOSED_SHELL('',(#12491,#12524,#12533));
#12491 = ADVANCED_FACE('',(#12492),#12519,.T.);
#12492 = FACE_BOUND('',#12493,.T.);
#12493 = EDGE_LOOP('',(#12494,#12503,#12511,#12518));
#12494 = ORIENTED_EDGE('',*,*,#12495,.F.);
#12495 = EDGE_CURVE('',#12496,#12496,#12498,.T.);
#12496 = VERTEX_POINT('',#12497);
#12497 = CARTESIAN_POINT('',(346.,301.,195.));
#12498 = CIRCLE('',#12499,10.);
#12499 = AXIS2_PLACEMENT_3D('',#12500,#12501,#12502);
#12500 = CARTESIAN_POINT('',(346.,301.,185.));
#12501 = DIRECTION('',(0.,1.,0.));
#12502 = DIRECTION('',(0.,-0.,1.));
#12503 = ORIENTED_EDGE('',*,*,#12504,.F.);
#12504 = EDGE_CURVE('',#12505,#12496,#12507,.T.);
#12505 = VERTEX_POINT('',#12506);
#12506 = CARTESIAN_POINT('',(346.,285.,195.));
#12507 = LINE('',#12508,#12509);
#12508 = CARTESIAN_POINT('',(346.,285.,195.));
#12509 = VECTOR('',#12510,1.);
#12510 = DIRECTION('',(0.,1.,0.));
#12511 = ORIENTED_EDGE('',*,*,#12512,.T.);
#12512 = EDGE_CURVE('',#12505,#12505,#12513,.T.);
#12513 = CIRCLE('',#12514,10.);
#12514 = AXIS2_PLACEMENT_3D('',#12515,#12516,#12517);
#12515 = CARTESIAN_POINT('',(346.,285.,185.));
#12516 = DIRECTION('',(0.,1.,0.));
#12517 = DIRECTION('',(0.,-0.,1.));
#12518 = ORIENTED_EDGE('',*,*,#12504,.T.);
#12519 = CYLINDRICAL_SURFACE('',#12520,10.);
#12520 = AXIS2_PLACEMENT_3D('',#12521,#12522,#12523);
#12521 = CARTESIAN_POINT('',(346.,285.,185.));
#12522 = DIRECTION('',(0.,1.,0.));
#12523 = DIRECTION('',(0.,-0.,1.));
#12524 = ADVANCED_FACE('',(#12525),#12528,.T.);
#12525 = FACE_BOUND('',#12526,.T.);
#12526 = EDGE_LOOP('',(#12527));
#12527 = ORIENTED_EDGE('',*,*,#12495,.T.);
#12528 = PLANE('',#12529);
#12529 = AXIS2_PLACEMENT_3D('',#12530,#12531,#12532);
#12530 = CARTESIAN_POINT('',(346.,301.,185.));
#12531 = DIRECTION('',(0.,1.,0.));
#12532 = DIRECTION('',(0.,-0.,1.));
#12533 = ADVANCED_FACE('',(#12534),#12537,.F.);
#12534 = FACE_BOUND('',#12535,.T.);
#12535 = EDGE_LOOP('',(#12536));
#12536 = ORIENTED_EDGE('',*,*,#12512,.F.);
#12537 = PLANE('',#12538);
#12538 = AXIS2_PLACEMENT_3D('',#12539,#12540,#12541);
#12539 = CARTESIAN_POINT('',(346.,285.,185.));
#12540 = DIRECTION('',(0.,1.,0.));
#12541 = DIRECTION('',(0.,-0.,1.));
#12542 = ( GEOMETRIC_REPRESENTATION_CONTEXT(3) 
GLOBAL_UNCERTAINTY_ASSIGNED_CONTEXT((#12546)) 
GLOBAL_UNIT_ASSIGNED_CONTEXT((#12543,#12544,#12545)) 
REPRESENTATION_CONTEXT('Context #1',
  '3D Context with UNIT and UNCERTAINTY') );
#12543 = ( LENGTH_UNIT() NAMED_UNIT(*) SI_UNIT(.MILLI.,.METRE.) );
#12544 = ( NAMED_UNIT(*) PLANE_ANGLE_UNIT() SI_UNIT($,.RADIAN.) );
#12545 = ( NAMED_UNIT(*) SI_UNIT($,.STERADIAN.) SOLID_ANGLE_UNIT() );
#12546 = UNCERTAINTY_MEASURE_WITH_UNIT(LENGTH_MEASURE(1.E-07),#12543,
  'distance_accuracy_value','confusion accuracy');
#12547 = CONTEXT_DEPENDENT_SHAPE_REPRESENTATION(#12548,#12550);
#12548 = ( REPRESENTATION_RELATIONSHIP('','',#12488,#10) 
REPRESENTATION_RELATIONSHIP_WITH_TRANSFORMATION(#12549) 
SHAPE_REPRESENTATION_RELATIONSHIP() );
#12549 = ITEM_DEFINED_TRANSFORMATION('','',#11,#231);
#12550 = PRODUCT_DEFINITION_SHAPE('Placement','Placement of an item',
  #12551);
#12551 = NEXT_ASSEMBLY_USAGE_OCCURRENCE('119','后部配重外观示意'
  ,'',#5,#12483,$);
#12552 = PRODUCT_RELATED_PRODUCT_CATEGORY('part',$,(#12485));
#12553 = SHAPE_DEFINITION_REPRESENTATION(#12554,#12560);
#12554 = PRODUCT_DEFINITION_SHAPE('','',#12555);
#12555 = PRODUCT_DEFINITION('design','',#12556,#12559);
#12556 = PRODUCT_DEFINITION_FORMATION('','',#12557);
#12557 = PRODUCT('唱头壳外观占位','唱头壳外观占位','',(
    #12558));
#12558 = PRODUCT_CONTEXT('',#2,'mechanical');
#12559 = PRODUCT_DEFINITION_CONTEXT('part definition',#2,'design');
#12560 = ADVANCED_BREP_SHAPE_REPRESENTATION('',(#11,#12561),#12711);
#12561 = MANIFOLD_SOLID_BREP('',#12562);
#12562 = CLOSED_SHELL('',(#12563,#12603,#12643,#12665,#12687,#12699));
#12563 = ADVANCED_FACE('',(#12564),#12598,.F.);
#12564 = FACE_BOUND('',#12565,.F.);
#12565 = EDGE_LOOP('',(#12566,#12576,#12584,#12592));
#12566 = ORIENTED_EDGE('',*,*,#12567,.F.);
#12567 = EDGE_CURVE('',#12568,#12570,#12572,.T.);
#12568 = VERTEX_POINT('',#12569);
#12569 = CARTESIAN_POINT('',(354.,42.,171.));
#12570 = VERTEX_POINT('',#12571);
#12571 = CARTESIAN_POINT('',(354.,42.,177.));
#12572 = LINE('',#12573,#12574);
#12573 = CARTESIAN_POINT('',(354.,42.,171.));
#12574 = VECTOR('',#12575,1.);
#12575 = DIRECTION('',(0.,0.,1.));
#12576 = ORIENTED_EDGE('',*,*,#12577,.T.);
#12577 = EDGE_CURVE('',#12568,#12578,#12580,.T.);
#12578 = VERTEX_POINT('',#12579);
#12579 = CARTESIAN_POINT('',(354.,69.,171.));
#12580 = LINE('',#12581,#12582);
#12581 = CARTESIAN_POINT('',(354.,42.,171.));
#12582 = VECTOR('',#12583,1.);
#12583 = DIRECTION('',(-0.,1.,0.));
#12584 = ORIENTED_EDGE('',*,*,#12585,.T.);
#12585 = EDGE_CURVE('',#12578,#12586,#12588,.T.);
#12586 = VERTEX_POINT('',#12587);
#12587 = CARTESIAN_POINT('',(354.,69.,177.));
#12588 = LINE('',#12589,#12590);
#12589 = CARTESIAN_POINT('',(354.,69.,171.));
#12590 = VECTOR('',#12591,1.);
#12591 = DIRECTION('',(0.,0.,1.));
#12592 = ORIENTED_EDGE('',*,*,#12593,.F.);
#12593 = EDGE_CURVE('',#12570,#12586,#12594,.T.);
#12594 = LINE('',#12595,#12596);
#12595 = CARTESIAN_POINT('',(354.,42.,177.));
#12596 = VECTOR('',#12597,1.);
#12597 = DIRECTION('',(-0.,1.,0.));
#12598 = PLANE('',#12599);
#12599 = AXIS2_PLACEMENT_3D('',#12600,#12601,#12602);
#12600 = CARTESIAN_POINT('',(354.,42.,171.));
#12601 = DIRECTION('',(1.,0.,-0.));
#12602 = DIRECTION('',(0.,0.,1.));
#12603 = ADVANCED_FACE('',(#12604),#12638,.T.);
#12604 = FACE_BOUND('',#12605,.T.);
#12605 = EDGE_LOOP('',(#12606,#12616,#12624,#12632));
#12606 = ORIENTED_EDGE('',*,*,#12607,.F.);
#12607 = EDGE_CURVE('',#12608,#12610,#12612,.T.);
#12608 = VERTEX_POINT('',#12609);
#12609 = CARTESIAN_POINT('',(372.,42.,171.));
#12610 = VERTEX_POINT('',#12611);
#12611 = CARTESIAN_POINT('',(372.,42.,177.));
#12612 = LINE('',#12613,#12614);
#12613 = CARTESIAN_POINT('',(372.,42.,171.));
#12614 = VECTOR('',#12615,1.);
#12615 = DIRECTION('',(0.,0.,1.));
#12616 = ORIENTED_EDGE('',*,*,#12617,.T.);
#12617 = EDGE_CURVE('',#12608,#12618,#12620,.T.);
#12618 = VERTEX_POINT('',#12619);
#12619 = CARTESIAN_POINT('',(372.,69.,171.));
#12620 = LINE('',#12621,#12622);
#12621 = CARTESIAN_POINT('',(372.,42.,171.));
#12622 = VECTOR('',#12623,1.);
#12623 = DIRECTION('',(-0.,1.,0.));
#12624 = ORIENTED_EDGE('',*,*,#12625,.T.);
#12625 = EDGE_CURVE('',#12618,#12626,#12628,.T.);
#12626 = VERTEX_POINT('',#12627);
#12627 = CARTESIAN_POINT('',(372.,69.,177.));
#12628 = LINE('',#12629,#12630);
#12629 = CARTESIAN_POINT('',(372.,69.,171.));
#12630 = VECTOR('',#12631,1.);
#12631 = DIRECTION('',(0.,0.,1.));
#12632 = ORIENTED_EDGE('',*,*,#12633,.F.);
#12633 = EDGE_CURVE('',#12610,#12626,#12634,.T.);
#12634 = LINE('',#12635,#12636);
#12635 = CARTESIAN_POINT('',(372.,42.,177.));
#12636 = VECTOR('',#12637,1.);
#12637 = DIRECTION('',(-0.,1.,0.));
#12638 = PLANE('',#12639);
#12639 = AXIS2_PLACEMENT_3D('',#12640,#12641,#12642);
#12640 = CARTESIAN_POINT('',(372.,42.,171.));
#12641 = DIRECTION('',(1.,0.,-0.));
#12642 = DIRECTION('',(0.,0.,1.));
#12643 = ADVANCED_FACE('',(#12644),#12660,.F.);
#12644 = FACE_BOUND('',#12645,.F.);
#12645 = EDGE_LOOP('',(#12646,#12652,#12653,#12659));
#12646 = ORIENTED_EDGE('',*,*,#12647,.F.);
#12647 = EDGE_CURVE('',#12568,#12608,#12648,.T.);
#12648 = LINE('',#12649,#12650);
#12649 = CARTESIAN_POINT('',(354.,42.,171.));
#12650 = VECTOR('',#12651,1.);
#12651 = DIRECTION('',(1.,0.,-0.));
#12652 = ORIENTED_EDGE('',*,*,#12567,.T.);
#12653 = ORIENTED_EDGE('',*,*,#12654,.T.);
#12654 = EDGE_CURVE('',#12570,#12610,#12655,.T.);
#12655 = LINE('',#12656,#12657);
#12656 = CARTESIAN_POINT('',(354.,42.,177.));
#12657 = VECTOR('',#12658,1.);
#12658 = DIRECTION('',(1.,0.,-0.));
#12659 = ORIENTED_EDGE('',*,*,#12607,.F.);
#12660 = PLANE('',#12661);
#12661 = AXIS2_PLACEMENT_3D('',#12662,#12663,#12664);
#12662 = CARTESIAN_POINT('',(354.,42.,171.));
#12663 = DIRECTION('',(-0.,1.,0.));
#12664 = DIRECTION('',(0.,0.,1.));
#12665 = ADVANCED_FACE('',(#12666),#12682,.T.);
#12666 = FACE_BOUND('',#12667,.T.);
#12667 = EDGE_LOOP('',(#12668,#12674,#12675,#12681));
#12668 = ORIENTED_EDGE('',*,*,#12669,.F.);
#12669 = EDGE_CURVE('',#12578,#12618,#12670,.T.);
#12670 = LINE('',#12671,#12672);
#12671 = CARTESIAN_POINT('',(354.,69.,171.));
#12672 = VECTOR('',#12673,1.);
#12673 = DIRECTION('',(1.,0.,-0.));
#12674 = ORIENTED_EDGE('',*,*,#12585,.T.);
#12675 = ORIENTED_EDGE('',*,*,#12676,.T.);
#12676 = EDGE_CURVE('',#12586,#12626,#12677,.T.);
#12677 = LINE('',#12678,#12679);
#12678 = CARTESIAN_POINT('',(354.,69.,177.));
#12679 = VECTOR('',#12680,1.);
#12680 = DIRECTION('',(1.,0.,-0.));
#12681 = ORIENTED_EDGE('',*,*,#12625,.F.);
#12682 = PLANE('',#12683);
#12683 = AXIS2_PLACEMENT_3D('',#12684,#12685,#12686);
#12684 = CARTESIAN_POINT('',(354.,69.,171.));
#12685 = DIRECTION('',(-0.,1.,0.));
#12686 = DIRECTION('',(0.,0.,1.));
#12687 = ADVANCED_FACE('',(#12688),#12694,.F.);
#12688 = FACE_BOUND('',#12689,.F.);
#12689 = EDGE_LOOP('',(#12690,#12691,#12692,#12693));
#12690 = ORIENTED_EDGE('',*,*,#12577,.F.);
#12691 = ORIENTED_EDGE('',*,*,#12647,.T.);
#12692 = ORIENTED_EDGE('',*,*,#12617,.T.);
#12693 = ORIENTED_EDGE('',*,*,#12669,.F.);
#12694 = PLANE('',#12695);
#12695 = AXIS2_PLACEMENT_3D('',#12696,#12697,#12698);
#12696 = CARTESIAN_POINT('',(354.,42.,171.));
#12697 = DIRECTION('',(0.,0.,1.));
#12698 = DIRECTION('',(1.,0.,-0.));
#12699 = ADVANCED_FACE('',(#12700),#12706,.T.);
#12700 = FACE_BOUND('',#12701,.T.);
#12701 = EDGE_LOOP('',(#12702,#12703,#12704,#12705));
#12702 = ORIENTED_EDGE('',*,*,#12593,.F.);
#12703 = ORIENTED_EDGE('',*,*,#12654,.T.);
#12704 = ORIENTED_EDGE('',*,*,#12633,.T.);
#12705 = ORIENTED_EDGE('',*,*,#12676,.F.);
#12706 = PLANE('',#12707);
#12707 = AXIS2_PLACEMENT_3D('',#12708,#12709,#12710);
#12708 = CARTESIAN_POINT('',(354.,42.,177.));
#12709 = DIRECTION('',(0.,0.,1.));
#12710 = DIRECTION('',(1.,0.,-0.));
#12711 = ( GEOMETRIC_REPRESENTATION_CONTEXT(3) 
GLOBAL_UNCERTAINTY_ASSIGNED_CONTEXT((#12715)) 
GLOBAL_UNIT_ASSIGNED_CONTEXT((#12712,#12713,#12714)) 
REPRESENTATION_CONTEXT('Context #1',
  '3D Context with UNIT and UNCERTAINTY') );
#12712 = ( LENGTH_UNIT() NAMED_UNIT(*) SI_UNIT(.MILLI.,.METRE.) );
#12713 = ( NAMED_UNIT(*) PLANE_ANGLE_UNIT() SI_UNIT($,.RADIAN.) );
#12714 = ( NAMED_UNIT(*) SI_UNIT($,.STERADIAN.) SOLID_ANGLE_UNIT() );
#12715 = UNCERTAINTY_MEASURE_WITH_UNIT(LENGTH_MEASURE(1.E-07),#12712,
  'distance_accuracy_value','confusion accuracy');
#12716 = CONTEXT_DEPENDENT_SHAPE_REPRESENTATION(#12717,#12719);
#12717 = ( REPRESENTATION_RELATIONSHIP('','',#12560,#10) 
REPRESENTATION_RELATIONSHIP_WITH_TRANSFORMATION(#12718) 
SHAPE_REPRESENTATION_RELATIONSHIP() );
#12718 = ITEM_DEFINED_TRANSFORMATION('','',#11,#235);
#12719 = PRODUCT_DEFINITION_SHAPE('Placement','Placement of an item',
  #12720);
#12720 = NEXT_ASSEMBLY_USAGE_OCCURRENCE('120','唱头壳外观占位',''
  ,#5,#12555,$);
#12721 = PRODUCT_RELATED_PRODUCT_CATEGORY('part',$,(#12557));
#12722 = SHAPE_DEFINITION_REPRESENTATION(#12723,#12729);
#12723 = PRODUCT_DEFINITION_SHAPE('','',#12724);
#12724 = PRODUCT_DEFINITION('design','',#12725,#12728);
#12725 = PRODUCT_DEFINITION_FORMATION('','',#12726);
#12726 = PRODUCT('随套装唱头占位（型号待核实）',
  '随套装唱头占位（型号待核实）','',(#12727));
#12727 = PRODUCT_CONTEXT('',#2,'mechanical');
#12728 = PRODUCT_DEFINITION_CONTEXT('part definition',#2,'design');
#12729 = ADVANCED_BREP_SHAPE_REPRESENTATION('',(#11,#12730),#12880);
#12730 = MANIFOLD_SOLID_BREP('',#12731);
#12731 = CLOSED_SHELL('',(#12732,#12772,#12812,#12834,#12856,#12868));
#12732 = ADVANCED_FACE('',(#12733),#12767,.F.);
#12733 = FACE_BOUND('',#12734,.F.);
#12734 = EDGE_LOOP('',(#12735,#12745,#12753,#12761));
#12735 = ORIENTED_EDGE('',*,*,#12736,.F.);
#12736 = EDGE_CURVE('',#12737,#12739,#12741,.T.);
#12737 = VERTEX_POINT('',#12738);
#12738 = CARTESIAN_POINT('',(357.,43.,166.));
#12739 = VERTEX_POINT('',#12740);
#12740 = CARTESIAN_POINT('',(357.,43.,171.));
#12741 = LINE('',#12742,#12743);
#12742 = CARTESIAN_POINT('',(357.,43.,166.));
#12743 = VECTOR('',#12744,1.);
#12744 = DIRECTION('',(0.,0.,1.));
#12745 = ORIENTED_EDGE('',*,*,#12746,.T.);
#12746 = EDGE_CURVE('',#12737,#12747,#12749,.T.);
#12747 = VERTEX_POINT('',#12748);
#12748 = CARTESIAN_POINT('',(357.,62.,166.));
#12749 = LINE('',#12750,#12751);
#12750 = CARTESIAN_POINT('',(357.,43.,166.));
#12751 = VECTOR('',#12752,1.);
#12752 = DIRECTION('',(-0.,1.,0.));
#12753 = ORIENTED_EDGE('',*,*,#12754,.T.);
#12754 = EDGE_CURVE('',#12747,#12755,#12757,.T.);
#12755 = VERTEX_POINT('',#12756);
#12756 = CARTESIAN_POINT('',(357.,62.,171.));
#12757 = LINE('',#12758,#12759);
#12758 = CARTESIAN_POINT('',(357.,62.,166.));
#12759 = VECTOR('',#12760,1.);
#12760 = DIRECTION('',(0.,0.,1.));
#12761 = ORIENTED_EDGE('',*,*,#12762,.F.);
#12762 = EDGE_CURVE('',#12739,#12755,#12763,.T.);
#12763 = LINE('',#12764,#12765);
#12764 = CARTESIAN_POINT('',(357.,43.,171.));
#12765 = VECTOR('',#12766,1.);
#12766 = DIRECTION('',(-0.,1.,0.));
#12767 = PLANE('',#12768);
#12768 = AXIS2_PLACEMENT_3D('',#12769,#12770,#12771);
#12769 = CARTESIAN_POINT('',(357.,43.,166.));
#12770 = DIRECTION('',(1.,0.,-0.));
#12771 = DIRECTION('',(0.,0.,1.));
#12772 = ADVANCED_FACE('',(#12773),#12807,.T.);
#12773 = FACE_BOUND('',#12774,.T.);
#12774 = EDGE_LOOP('',(#12775,#12785,#12793,#12801));
#12775 = ORIENTED_EDGE('',*,*,#12776,.F.);
#12776 = EDGE_CURVE('',#12777,#12779,#12781,.T.);
#12777 = VERTEX_POINT('',#12778);
#12778 = CARTESIAN_POINT('',(369.,43.,166.));
#12779 = VERTEX_POINT('',#12780);
#12780 = CARTESIAN_POINT('',(369.,43.,171.));
#12781 = LINE('',#12782,#12783);
#12782 = CARTESIAN_POINT('',(369.,43.,166.));
#12783 = VECTOR('',#12784,1.);
#12784 = DIRECTION('',(0.,0.,1.));
#12785 = ORIENTED_EDGE('',*,*,#12786,.T.);
#12786 = EDGE_CURVE('',#12777,#12787,#12789,.T.);
#12787 = VERTEX_POINT('',#12788);
#12788 = CARTESIAN_POINT('',(369.,62.,166.));
#12789 = LINE('',#12790,#12791);
#12790 = CARTESIAN_POINT('',(369.,43.,166.));
#12791 = VECTOR('',#12792,1.);
#12792 = DIRECTION('',(-0.,1.,0.));
#12793 = ORIENTED_EDGE('',*,*,#12794,.T.);
#12794 = EDGE_CURVE('',#12787,#12795,#12797,.T.);
#12795 = VERTEX_POINT('',#12796);
#12796 = CARTESIAN_POINT('',(369.,62.,171.));
#12797 = LINE('',#12798,#12799);
#12798 = CARTESIAN_POINT('',(369.,62.,166.));
#12799 = VECTOR('',#12800,1.);
#12800 = DIRECTION('',(0.,0.,1.));
#12801 = ORIENTED_EDGE('',*,*,#12802,.F.);
#12802 = EDGE_CURVE('',#12779,#12795,#12803,.T.);
#12803 = LINE('',#12804,#12805);
#12804 = CARTESIAN_POINT('',(369.,43.,171.));
#12805 = VECTOR('',#12806,1.);
#12806 = DIRECTION('',(-0.,1.,0.));
#12807 = PLANE('',#12808);
#12808 = AXIS2_PLACEMENT_3D('',#12809,#12810,#12811);
#12809 = CARTESIAN_POINT('',(369.,43.,166.));
#12810 = DIRECTION('',(1.,0.,-0.));
#12811 = DIRECTION('',(0.,0.,1.));
#12812 = ADVANCED_FACE('',(#12813),#12829,.F.);
#12813 = FACE_BOUND('',#12814,.F.);
#12814 = EDGE_LOOP('',(#12815,#12821,#12822,#12828));
#12815 = ORIENTED_EDGE('',*,*,#12816,.F.);
#12816 = EDGE_CURVE('',#12737,#12777,#12817,.T.);
#12817 = LINE('',#12818,#12819);
#12818 = CARTESIAN_POINT('',(357.,43.,166.));
#12819 = VECTOR('',#12820,1.);
#12820 = DIRECTION('',(1.,0.,-0.));
#12821 = ORIENTED_EDGE('',*,*,#12736,.T.);
#12822 = ORIENTED_EDGE('',*,*,#12823,.T.);
#12823 = EDGE_CURVE('',#12739,#12779,#12824,.T.);
#12824 = LINE('',#12825,#12826);
#12825 = CARTESIAN_POINT('',(357.,43.,171.));
#12826 = VECTOR('',#12827,1.);
#12827 = DIRECTION('',(1.,0.,-0.));
#12828 = ORIENTED_EDGE('',*,*,#12776,.F.);
#12829 = PLANE('',#12830);
#12830 = AXIS2_PLACEMENT_3D('',#12831,#12832,#12833);
#12831 = CARTESIAN_POINT('',(357.,43.,166.));
#12832 = DIRECTION('',(-0.,1.,0.));
#12833 = DIRECTION('',(0.,0.,1.));
#12834 = ADVANCED_FACE('',(#12835),#12851,.T.);
#12835 = FACE_BOUND('',#12836,.T.);
#12836 = EDGE_LOOP('',(#12837,#12843,#12844,#12850));
#12837 = ORIENTED_EDGE('',*,*,#12838,.F.);
#12838 = EDGE_CURVE('',#12747,#12787,#12839,.T.);
#12839 = LINE('',#12840,#12841);
#12840 = CARTESIAN_POINT('',(357.,62.,166.));
#12841 = VECTOR('',#12842,1.);
#12842 = DIRECTION('',(1.,0.,-0.));
#12843 = ORIENTED_EDGE('',*,*,#12754,.T.);
#12844 = ORIENTED_EDGE('',*,*,#12845,.T.);
#12845 = EDGE_CURVE('',#12755,#12795,#12846,.T.);
#12846 = LINE('',#12847,#12848);
#12847 = CARTESIAN_POINT('',(357.,62.,171.));
#12848 = VECTOR('',#12849,1.);
#12849 = DIRECTION('',(1.,0.,-0.));
#12850 = ORIENTED_EDGE('',*,*,#12794,.F.);
#12851 = PLANE('',#12852);
#12852 = AXIS2_PLACEMENT_3D('',#12853,#12854,#12855);
#12853 = CARTESIAN_POINT('',(357.,62.,166.));
#12854 = DIRECTION('',(-0.,1.,0.));
#12855 = DIRECTION('',(0.,0.,1.));
#12856 = ADVANCED_FACE('',(#12857),#12863,.F.);
#12857 = FACE_BOUND('',#12858,.F.);
#12858 = EDGE_LOOP('',(#12859,#12860,#12861,#12862));
#12859 = ORIENTED_EDGE('',*,*,#12746,.F.);
#12860 = ORIENTED_EDGE('',*,*,#12816,.T.);
#12861 = ORIENTED_EDGE('',*,*,#12786,.T.);
#12862 = ORIENTED_EDGE('',*,*,#12838,.F.);
#12863 = PLANE('',#12864);
#12864 = AXIS2_PLACEMENT_3D('',#12865,#12866,#12867);
#12865 = CARTESIAN_POINT('',(357.,43.,166.));
#12866 = DIRECTION('',(0.,0.,1.));
#12867 = DIRECTION('',(1.,0.,-0.));
#12868 = ADVANCED_FACE('',(#12869),#12875,.T.);
#12869 = FACE_BOUND('',#12870,.T.);
#12870 = EDGE_LOOP('',(#12871,#12872,#12873,#12874));
#12871 = ORIENTED_EDGE('',*,*,#12762,.F.);
#12872 = ORIENTED_EDGE('',*,*,#12823,.T.);
#12873 = ORIENTED_EDGE('',*,*,#12802,.T.);
#12874 = ORIENTED_EDGE('',*,*,#12845,.F.);
#12875 = PLANE('',#12876);
#12876 = AXIS2_PLACEMENT_3D('',#12877,#12878,#12879);
#12877 = CARTESIAN_POINT('',(357.,43.,171.));
#12878 = DIRECTION('',(0.,0.,1.));
#12879 = DIRECTION('',(1.,0.,-0.));
#12880 = ( GEOMETRIC_REPRESENTATION_CONTEXT(3) 
GLOBAL_UNCERTAINTY_ASSIGNED_CONTEXT((#12884)) 
GLOBAL_UNIT_ASSIGNED_CONTEXT((#12881,#12882,#12883)) 
REPRESENTATION_CONTEXT('Context #1',
  '3D Context with UNIT and UNCERTAINTY') );
#12881 = ( LENGTH_UNIT() NAMED_UNIT(*) SI_UNIT(.MILLI.,.METRE.) );
#12882 = ( NAMED_UNIT(*) PLANE_ANGLE_UNIT() SI_UNIT($,.RADIAN.) );
#12883 = ( NAMED_UNIT(*) SI_UNIT($,.STERADIAN.) SOLID_ANGLE_UNIT() );
#12884 = UNCERTAINTY_MEASURE_WITH_UNIT(LENGTH_MEASURE(1.E-07),#12881,
  'distance_accuracy_value','confusion accuracy');
#12885 = CONTEXT_DEPENDENT_SHAPE_REPRESENTATION(#12886,#12888);
#12886 = ( REPRESENTATION_RELATIONSHIP('','',#12729,#10) 
REPRESENTATION_RELATIONSHIP_WITH_TRANSFORMATION(#12887) 
SHAPE_REPRESENTATION_RELATIONSHIP() );
#12887 = ITEM_DEFINED_TRANSFORMATION('','',#11,#239);
#12888 = PRODUCT_DEFINITION_SHAPE('Placement','Placement of an item',
  #12889);
#12889 = NEXT_ASSEMBLY_USAGE_OCCURRENCE('121',
  '随套装唱头占位（型号待核实）','',#5,#12724,$);
#12890 = PRODUCT_RELATED_PRODUCT_CATEGORY('part',$,(#12726));
#12891 = SHAPE_DEFINITION_REPRESENTATION(#12892,#12898);
#12892 = PRODUCT_DEFINITION_SHAPE('','',#12893);
#12893 = PRODUCT_DEFINITION('design','',#12894,#12897);
#12894 = PRODUCT_DEFINITION_FORMATION('','',#12895);
#12895 = PRODUCT('停臂架外观示意','停臂架外观示意','',(
    #12896));
#12896 = PRODUCT_CONTEXT('',#2,'mechanical');
#12897 = PRODUCT_DEFINITION_CONTEXT('part definition',#2,'design');
#12898 = ADVANCED_BREP_SHAPE_REPRESENTATION('',(#11,#12899),#12952);
#12899 = MANIFOLD_SOLID_BREP('',#12900);
#12900 = CLOSED_SHELL('',(#12901,#12934,#12943));
#12901 = ADVANCED_FACE('',(#12902),#12929,.T.);
#12902 = FACE_BOUND('',#12903,.T.);
#12903 = EDGE_LOOP('',(#12904,#12913,#12921,#12928));
#12904 = ORIENTED_EDGE('',*,*,#12905,.F.);
#12905 = EDGE_CURVE('',#12906,#12906,#12908,.T.);
#12906 = VERTEX_POINT('',#12907);
#12907 = CARTESIAN_POINT('',(352.,197.,177.));
#12908 = CIRCLE('',#12909,4.);
#12909 = AXIS2_PLACEMENT_3D('',#12910,#12911,#12912);
#12910 = CARTESIAN_POINT('',(348.,197.,177.));
#12911 = DIRECTION('',(0.,0.,1.));
#12912 = DIRECTION('',(1.,0.,-0.));
#12913 = ORIENTED_EDGE('',*,*,#12914,.F.);
#12914 = EDGE_CURVE('',#12915,#12906,#12917,.T.);
#12915 = VERTEX_POINT('',#12916);
#12916 = CARTESIAN_POINT('',(352.,197.,150.));
#12917 = LINE('',#12918,#12919);
#12918 = CARTESIAN_POINT('',(352.,197.,150.));
#12919 = VECTOR('',#12920,1.);
#12920 = DIRECTION('',(0.,0.,1.));
#12921 = ORIENTED_EDGE('',*,*,#12922,.T.);
#12922 = EDGE_CURVE('',#12915,#12915,#12923,.T.);
#12923 = CIRCLE('',#12924,4.);
#12924 = AXIS2_PLACEMENT_3D('',#12925,#12926,#12927);
#12925 = CARTESIAN_POINT('',(348.,197.,150.));
#12926 = DIRECTION('',(0.,0.,1.));
#12927 = DIRECTION('',(1.,0.,-0.));
#12928 = ORIENTED_EDGE('',*,*,#12914,.T.);
#12929 = CYLINDRICAL_SURFACE('',#12930,4.);
#12930 = AXIS2_PLACEMENT_3D('',#12931,#12932,#12933);
#12931 = CARTESIAN_POINT('',(348.,197.,150.));
#12932 = DIRECTION('',(0.,0.,1.));
#12933 = DIRECTION('',(1.,0.,-0.));
#12934 = ADVANCED_FACE('',(#12935),#12938,.T.);
#12935 = FACE_BOUND('',#12936,.T.);
#12936 = EDGE_LOOP('',(#12937));
#12937 = ORIENTED_EDGE('',*,*,#12905,.T.);
#12938 = PLANE('',#12939);
#12939 = AXIS2_PLACEMENT_3D('',#12940,#12941,#12942);
#12940 = CARTESIAN_POINT('',(348.,197.,177.));
#12941 = DIRECTION('',(0.,0.,1.));
#12942 = DIRECTION('',(1.,0.,-0.));
#12943 = ADVANCED_FACE('',(#12944),#12947,.F.);
#12944 = FACE_BOUND('',#12945,.T.);
#12945 = EDGE_LOOP('',(#12946));
#12946 = ORIENTED_EDGE('',*,*,#12922,.F.);
#12947 = PLANE('',#12948);
#12948 = AXIS2_PLACEMENT_3D('',#12949,#12950,#12951);
#12949 = CARTESIAN_POINT('',(348.,197.,150.));
#12950 = DIRECTION('',(0.,0.,1.));
#12951 = DIRECTION('',(1.,0.,-0.));
#12952 = ( GEOMETRIC_REPRESENTATION_CONTEXT(3) 
GLOBAL_UNCERTAINTY_ASSIGNED_CONTEXT((#12956)) 
GLOBAL_UNIT_ASSIGNED_CONTEXT((#12953,#12954,#12955)) 
REPRESENTATION_CONTEXT('Context #1',
  '3D Context with UNIT and UNCERTAINTY') );
#12953 = ( LENGTH_UNIT() NAMED_UNIT(*) SI_UNIT(.MILLI.,.METRE.) );
#12954 = ( NAMED_UNIT(*) PLANE_ANGLE_UNIT() SI_UNIT($,.RADIAN.) );
#12955 = ( NAMED_UNIT(*) SI_UNIT($,.STERADIAN.) SOLID_ANGLE_UNIT() );
#12956 = UNCERTAINTY_MEASURE_WITH_UNIT(LENGTH_MEASURE(1.E-07),#12953,
  'distance_accuracy_value','confusion accuracy');
#12957 = CONTEXT_DEPENDENT_SHAPE_REPRESENTATION(#12958,#12960);
#12958 = ( REPRESENTATION_RELATIONSHIP('','',#12898,#10) 
REPRESENTATION_RELATIONSHIP_WITH_TRANSFORMATION(#12959) 
SHAPE_REPRESENTATION_RELATIONSHIP() );
#12959 = ITEM_DEFINED_TRANSFORMATION('','',#11,#243);
#12960 = PRODUCT_DEFINITION_SHAPE('Placement','Placement of an item',
  #12961);
#12961 = NEXT_ASSEMBLY_USAGE_OCCURRENCE('122','停臂架外观示意',''
  ,#5,#12893,$);
#12962 = PRODUCT_RELATED_PRODUCT_CATEGORY('part',$,(#12895));
ENDSEC;
END-ISO-10303-21;
