ISO-10303-21;
HEADER;
FILE_DESCRIPTION(('FreeCAD Model'),'2;1');
FILE_NAME('Open CASCADE Shape Model','2026-09-21T22:48:01',(''),(''),
  'Open CASCADE STEP processor 7.8','FreeCAD','Unknown');
FILE_SCHEMA(('AUTOMOTIVE_DESIGN { 1 0 10303 214 1 1 1 1 }'));
ENDSEC;
DATA;
#1 = APPLICATION_PROTOCOL_DEFINITION('international standard',
  'automotive_design',2000,#2);
#2 = APPLICATION_CONTEXT(
  'core data for automotive mechanical design processes');
#3 = SHAPE_DEFINITION_REPRESENTATION(#4,#10);
#4 = PRODUCT_DEFINITION_SHAPE('','',#5);
#5 = PRODUCT_DEFINITION('design','',#6,#9);
#6 = PRODUCT_DEFINITION_FORMATION('','',#7);
#7 = PRODUCT('LumiThreeDriver','LumiThreeDriver','',(#8));
#8 = PRODUCT_CONTEXT('',#2,'mechanical');
#9 = PRODUCT_DEFINITION_CONTEXT('part definition',#2,'design');
#10 = SHAPE_REPRESENTATION('',(#11,#15,#19,#23,#27,#31,#35,#39,#43,#47,
    #51,#55,#59,#63,#67,#71,#75,#79,#83,#87,#91,#95,#99,#103,#107,#111,
    #115,#119,#123,#127,#131,#135,#139,#143,#147,#151,#155,#159,#163,
    #167,#171,#175,#179,#183,#187,#191,#195,#199,#203,#207,#211,#215,
    #219,#223,#227,#231,#235,#239,#243,#247,#251,#255),#259);
#11 = AXIS2_PLACEMENT_3D('',#12,#13,#14);
#12 = CARTESIAN_POINT('',(0.,0.,0.));
#13 = DIRECTION('',(0.,0.,1.));
#14 = DIRECTION('',(1.,0.,-0.));
#15 = AXIS2_PLACEMENT_3D('',#16,#17,#18);
#16 = CARTESIAN_POINT('',(0.,0.,0.));
#17 = DIRECTION('',(0.,0.,1.));
#18 = DIRECTION('',(1.,0.,0.));
#19 = AXIS2_PLACEMENT_3D('',#20,#21,#22);
#20 = CARTESIAN_POINT('',(0.,0.,0.));
#21 = DIRECTION('',(0.,0.,1.));
#22 = DIRECTION('',(1.,0.,0.));
#23 = AXIS2_PLACEMENT_3D('',#24,#25,#26);
#24 = CARTESIAN_POINT('',(0.,0.,0.));
#25 = DIRECTION('',(0.,0.,1.));
#26 = DIRECTION('',(1.,0.,0.));
#27 = AXIS2_PLACEMENT_3D('',#28,#29,#30);
#28 = CARTESIAN_POINT('',(0.,0.,0.));
#29 = DIRECTION('',(0.,0.,1.));
#30 = DIRECTION('',(1.,0.,0.));
#31 = AXIS2_PLACEMENT_3D('',#32,#33,#34);
#32 = CARTESIAN_POINT('',(0.,0.,0.));
#33 = DIRECTION('',(0.,0.,1.));
#34 = DIRECTION('',(1.,0.,0.));
#35 = AXIS2_PLACEMENT_3D('',#36,#37,#38);
#36 = CARTESIAN_POINT('',(0.,0.,0.));
#37 = DIRECTION('',(0.,0.,1.));
#38 = DIRECTION('',(1.,0.,0.));
#39 = AXIS2_PLACEMENT_3D('',#40,#41,#42);
#40 = CARTESIAN_POINT('',(0.,0.,0.));
#41 = DIRECTION('',(0.,0.,1.));
#42 = DIRECTION('',(1.,0.,0.));
#43 = AXIS2_PLACEMENT_3D('',#44,#45,#46);
#44 = CARTESIAN_POINT('',(0.,0.,0.));
#45 = DIRECTION('',(0.,0.,1.));
#46 = DIRECTION('',(1.,0.,0.));
#47 = AXIS2_PLACEMENT_3D('',#48,#49,#50);
#48 = CARTESIAN_POINT('',(0.,0.,0.));
#49 = DIRECTION('',(0.,0.,1.));
#50 = DIRECTION('',(1.,0.,0.));
#51 = AXIS2_PLACEMENT_3D('',#52,#53,#54);
#52 = CARTESIAN_POINT('',(0.,0.,0.));
#53 = DIRECTION('',(0.,0.,1.));
#54 = DIRECTION('',(1.,0.,0.));
#55 = AXIS2_PLACEMENT_3D('',#56,#57,#58);
#56 = CARTESIAN_POINT('',(0.,0.,0.));
#57 = DIRECTION('',(0.,0.,1.));
#58 = DIRECTION('',(1.,0.,0.));
#59 = AXIS2_PLACEMENT_3D('',#60,#61,#62);
#60 = CARTESIAN_POINT('',(0.,0.,0.));
#61 = DIRECTION('',(0.,0.,1.));
#62 = DIRECTION('',(1.,0.,0.));
#63 = AXIS2_PLACEMENT_3D('',#64,#65,#66);
#64 = CARTESIAN_POINT('',(0.,0.,0.));
#65 = DIRECTION('',(0.,0.,1.));
#66 = DIRECTION('',(1.,0.,0.));
#67 = AXIS2_PLACEMENT_3D('',#68,#69,#70);
#68 = CARTESIAN_POINT('',(0.,0.,0.));
#69 = DIRECTION('',(0.,0.,1.));
#70 = DIRECTION('',(1.,0.,0.));
#71 = AXIS2_PLACEMENT_3D('',#72,#73,#74);
#72 = CARTESIAN_POINT('',(0.,0.,0.));
#73 = DIRECTION('',(0.,0.,1.));
#74 = DIRECTION('',(1.,0.,0.));
#75 = AXIS2_PLACEMENT_3D('',#76,#77,#78);
#76 = CARTESIAN_POINT('',(0.,0.,0.));
#77 = DIRECTION('',(0.,0.,1.));
#78 = DIRECTION('',(1.,0.,0.));
#79 = AXIS2_PLACEMENT_3D('',#80,#81,#82);
#80 = CARTESIAN_POINT('',(0.,0.,0.));
#81 = DIRECTION('',(0.,0.,1.));
#82 = DIRECTION('',(1.,0.,0.));
#83 = AXIS2_PLACEMENT_3D('',#84,#85,#86);
#84 = CARTESIAN_POINT('',(0.,0.,0.));
#85 = DIRECTION('',(0.,0.,1.));
#86 = DIRECTION('',(1.,0.,0.));
#87 = AXIS2_PLACEMENT_3D('',#88,#89,#90);
#88 = CARTESIAN_POINT('',(0.,0.,0.));
#89 = DIRECTION('',(0.,0.,1.));
#90 = DIRECTION('',(1.,0.,0.));
#91 = AXIS2_PLACEMENT_3D('',#92,#93,#94);
#92 = CARTESIAN_POINT('',(0.,0.,0.));
#93 = DIRECTION('',(0.,0.,1.));
#94 = DIRECTION('',(1.,0.,0.));
#95 = AXIS2_PLACEMENT_3D('',#96,#97,#98);
#96 = CARTESIAN_POINT('',(0.,0.,0.));
#97 = DIRECTION('',(0.,0.,1.));
#98 = DIRECTION('',(1.,0.,0.));
#99 = AXIS2_PLACEMENT_3D('',#100,#101,#102);
#100 = CARTESIAN_POINT('',(0.,0.,0.));
#101 = DIRECTION('',(0.,0.,1.));
#102 = DIRECTION('',(1.,0.,0.));
#103 = AXIS2_PLACEMENT_3D('',#104,#105,#106);
#104 = CARTESIAN_POINT('',(0.,0.,0.));
#105 = DIRECTION('',(0.,0.,1.));
#106 = DIRECTION('',(1.,0.,0.));
#107 = AXIS2_PLACEMENT_3D('',#108,#109,#110);
#108 = CARTESIAN_POINT('',(0.,0.,0.));
#109 = DIRECTION('',(0.,0.,1.));
#110 = DIRECTION('',(1.,0.,0.));
#111 = AXIS2_PLACEMENT_3D('',#112,#113,#114);
#112 = CARTESIAN_POINT('',(0.,0.,0.));
#113 = DIRECTION('',(0.,0.,1.));
#114 = DIRECTION('',(1.,0.,0.));
#115 = AXIS2_PLACEMENT_3D('',#116,#117,#118);
#116 = CARTESIAN_POINT('',(0.,0.,0.));
#117 = DIRECTION('',(0.,0.,1.));
#118 = DIRECTION('',(1.,0.,0.));
#119 = AXIS2_PLACEMENT_3D('',#120,#121,#122);
#120 = CARTESIAN_POINT('',(0.,0.,0.));
#121 = DIRECTION('',(0.,0.,1.));
#122 = DIRECTION('',(1.,0.,0.));
#123 = AXIS2_PLACEMENT_3D('',#124,#125,#126);
#124 = CARTESIAN_POINT('',(0.,0.,0.));
#125 = DIRECTION('',(0.,0.,1.));
#126 = DIRECTION('',(1.,0.,0.));
#127 = AXIS2_PLACEMENT_3D('',#128,#129,#130);
#128 = CARTESIAN_POINT('',(0.,0.,0.));
#129 = DIRECTION('',(0.,0.,1.));
#130 = DIRECTION('',(1.,0.,0.));
#131 = AXIS2_PLACEMENT_3D('',#132,#133,#134);
#132 = CARTESIAN_POINT('',(0.,0.,0.));
#133 = DIRECTION('',(0.,0.,1.));
#134 = DIRECTION('',(1.,0.,0.));
#135 = AXIS2_PLACEMENT_3D('',#136,#137,#138);
#136 = CARTESIAN_POINT('',(0.,0.,0.));
#137 = DIRECTION('',(0.,0.,1.));
#138 = DIRECTION('',(1.,0.,0.));
#139 = AXIS2_PLACEMENT_3D('',#140,#141,#142);
#140 = CARTESIAN_POINT('',(0.,0.,0.));
#141 = DIRECTION('',(0.,0.,1.));
#142 = DIRECTION('',(1.,0.,0.));
#143 = AXIS2_PLACEMENT_3D('',#144,#145,#146);
#144 = CARTESIAN_POINT('',(0.,0.,0.));
#145 = DIRECTION('',(0.,0.,1.));
#146 = DIRECTION('',(1.,0.,0.));
#147 = AXIS2_PLACEMENT_3D('',#148,#149,#150);
#148 = CARTESIAN_POINT('',(0.,0.,0.));
#149 = DIRECTION('',(0.,0.,1.));
#150 = DIRECTION('',(1.,0.,0.));
#151 = AXIS2_PLACEMENT_3D('',#152,#153,#154);
#152 = CARTESIAN_POINT('',(0.,0.,0.));
#153 = DIRECTION('',(0.,0.,1.));
#154 = DIRECTION('',(1.,0.,0.));
#155 = AXIS2_PLACEMENT_3D('',#156,#157,#158);
#156 = CARTESIAN_POINT('',(0.,0.,0.));
#157 = DIRECTION('',(0.,0.,1.));
#158 = DIRECTION('',(1.,0.,0.));
#159 = AXIS2_PLACEMENT_3D('',#160,#161,#162);
#160 = CARTESIAN_POINT('',(0.,0.,0.));
#161 = DIRECTION('',(0.,0.,1.));
#162 = DIRECTION('',(1.,0.,0.));
#163 = AXIS2_PLACEMENT_3D('',#164,#165,#166);
#164 = CARTESIAN_POINT('',(0.,0.,0.));
#165 = DIRECTION('',(0.,0.,1.));
#166 = DIRECTION('',(1.,0.,0.));
#167 = AXIS2_PLACEMENT_3D('',#168,#169,#170);
#168 = CARTESIAN_POINT('',(0.,0.,0.));
#169 = DIRECTION('',(0.,0.,1.));
#170 = DIRECTION('',(1.,0.,0.));
#171 = AXIS2_PLACEMENT_3D('',#172,#173,#174);
#172 = CARTESIAN_POINT('',(0.,0.,0.));
#173 = DIRECTION('',(0.,0.,1.));
#174 = DIRECTION('',(1.,0.,0.));
#175 = AXIS2_PLACEMENT_3D('',#176,#177,#178);
#176 = CARTESIAN_POINT('',(0.,0.,0.));
#177 = DIRECTION('',(0.,0.,1.));
#178 = DIRECTION('',(1.,0.,0.));
#179 = AXIS2_PLACEMENT_3D('',#180,#181,#182);
#180 = CARTESIAN_POINT('',(0.,0.,0.));
#181 = DIRECTION('',(0.,0.,1.));
#182 = DIRECTION('',(1.,0.,0.));
#183 = AXIS2_PLACEMENT_3D('',#184,#185,#186);
#184 = CARTESIAN_POINT('',(0.,0.,0.));
#185 = DIRECTION('',(0.,0.,1.));
#186 = DIRECTION('',(1.,0.,0.));
#187 = AXIS2_PLACEMENT_3D('',#188,#189,#190);
#188 = CARTESIAN_POINT('',(0.,0.,0.));
#189 = DIRECTION('',(0.,0.,1.));
#190 = DIRECTION('',(1.,0.,0.));
#191 = AXIS2_PLACEMENT_3D('',#192,#193,#194);
#192 = CARTESIAN_POINT('',(0.,0.,0.));
#193 = DIRECTION('',(0.,0.,1.));
#194 = DIRECTION('',(1.,0.,0.));
#195 = AXIS2_PLACEMENT_3D('',#196,#197,#198);
#196 = CARTESIAN_POINT('',(0.,0.,0.));
#197 = DIRECTION('',(0.,0.,1.));
#198 = DIRECTION('',(1.,0.,0.));
#199 = AXIS2_PLACEMENT_3D('',#200,#201,#202);
#200 = CARTESIAN_POINT('',(0.,0.,0.));
#201 = DIRECTION('',(0.,0.,1.));
#202 = DIRECTION('',(1.,0.,0.));
#203 = AXIS2_PLACEMENT_3D('',#204,#205,#206);
#204 = CARTESIAN_POINT('',(0.,0.,0.));
#205 = DIRECTION('',(0.,0.,1.));
#206 = DIRECTION('',(1.,0.,0.));
#207 = AXIS2_PLACEMENT_3D('',#208,#209,#210);
#208 = CARTESIAN_POINT('',(274.04577981815,72.064895758052,0.));
#209 = DIRECTION('',(0.,0.,1.));
#210 = DIRECTION('',(-0.995335910955,-9.646981062727E-02,0.));
#211 = AXIS2_PLACEMENT_3D('',#212,#213,#214);
#212 = CARTESIAN_POINT('',(274.04577981815,72.064895758052,0.));
#213 = DIRECTION('',(0.,0.,1.));
#214 = DIRECTION('',(-0.995335910955,-9.646981062727E-02,0.));
#215 = AXIS2_PLACEMENT_3D('',#216,#217,#218);
#216 = CARTESIAN_POINT('',(0.,0.,0.));
#217 = DIRECTION('',(0.,0.,1.));
#218 = DIRECTION('',(1.,0.,0.));
#219 = AXIS2_PLACEMENT_3D('',#220,#221,#222);
#220 = CARTESIAN_POINT('',(0.,0.,0.));
#221 = DIRECTION('',(0.,0.,1.));
#222 = DIRECTION('',(1.,0.,0.));
#223 = AXIS2_PLACEMENT_3D('',#224,#225,#226);
#224 = CARTESIAN_POINT('',(0.,0.,0.));
#225 = DIRECTION('',(0.,0.,1.));
#226 = DIRECTION('',(1.,0.,0.));
#227 = AXIS2_PLACEMENT_3D('',#228,#229,#230);
#228 = CARTESIAN_POINT('',(0.,0.,0.));
#229 = DIRECTION('',(0.,0.,1.));
#230 = DIRECTION('',(1.,0.,0.));
#231 = AXIS2_PLACEMENT_3D('',#232,#233,#234);
#232 = CARTESIAN_POINT('',(0.,0.,0.));
#233 = DIRECTION('',(0.,0.,1.));
#234 = DIRECTION('',(1.,0.,0.));
#235 = AXIS2_PLACEMENT_3D('',#236,#237,#238);
#236 = CARTESIAN_POINT('',(0.,0.,0.));
#237 = DIRECTION('',(0.,0.,1.));
#238 = DIRECTION('',(1.,0.,0.));
#239 = AXIS2_PLACEMENT_3D('',#240,#241,#242);
#240 = CARTESIAN_POINT('',(0.,0.,0.));
#241 = DIRECTION('',(0.,0.,1.));
#242 = DIRECTION('',(1.,0.,0.));
#243 = AXIS2_PLACEMENT_3D('',#244,#245,#246);
#244 = CARTESIAN_POINT('',(0.,0.,0.));
#245 = DIRECTION('',(0.,0.,1.));
#246 = DIRECTION('',(1.,0.,0.));
#247 = AXIS2_PLACEMENT_3D('',#248,#249,#250);
#248 = CARTESIAN_POINT('',(0.,0.,0.));
#249 = DIRECTION('',(0.,0.,1.));
#250 = DIRECTION('',(1.,0.,0.));
#251 = AXIS2_PLACEMENT_3D('',#252,#253,#254);
#252 = CARTESIAN_POINT('',(0.,0.,0.));
#253 = DIRECTION('',(0.,0.,1.));
#254 = DIRECTION('',(1.,0.,0.));
#255 = AXIS2_PLACEMENT_3D('',#256,#257,#258);
#256 = CARTESIAN_POINT('',(0.,0.,0.));
#257 = DIRECTION('',(0.,0.,1.));
#258 = DIRECTION('',(1.,0.,0.));
#259 = ( GEOMETRIC_REPRESENTATION_CONTEXT(3) 
GLOBAL_UNCERTAINTY_ASSIGNED_CONTEXT((#263)) GLOBAL_UNIT_ASSIGNED_CONTEXT
((#260,#261,#262)) REPRESENTATION_CONTEXT('Context #1',
  '3D Context with UNIT and UNCERTAINTY') );
#260 = ( LENGTH_UNIT() NAMED_UNIT(*) SI_UNIT(.MILLI.,.METRE.) );
#261 = ( NAMED_UNIT(*) PLANE_ANGLE_UNIT() SI_UNIT($,.RADIAN.) );
#262 = ( NAMED_UNIT(*) SI_UNIT($,.STERADIAN.) SOLID_ANGLE_UNIT() );
#263 = UNCERTAINTY_MEASURE_WITH_UNIT(LENGTH_MEASURE(1.E-07),#260,
  'distance_accuracy_value','confusion accuracy');
#264 = PRODUCT_RELATED_PRODUCT_CATEGORY('part',$,(#7));
#265 = SHAPE_DEFINITION_REPRESENTATION(#266,#272);
#266 = PRODUCT_DEFINITION_SHAPE('','',#267);
#267 = PRODUCT_DEFINITION('design','',#268,#271);
#268 = PRODUCT_DEFINITION_FORMATION('','',#269);
#269 = PRODUCT('左侧木板','左侧木板','',(#270));
#270 = PRODUCT_CONTEXT('',#2,'mechanical');
#271 = PRODUCT_DEFINITION_CONTEXT('part definition',#2,'design');
#272 = ADVANCED_BREP_SHAPE_REPRESENTATION('',(#11,#273),#423);
#273 = MANIFOLD_SOLID_BREP('',#274);
#274 = CLOSED_SHELL('',(#275,#315,#355,#377,#399,#411));
#275 = ADVANCED_FACE('',(#276),#310,.F.);
#276 = FACE_BOUND('',#277,.F.);
#277 = EDGE_LOOP('',(#278,#288,#296,#304));
#278 = ORIENTED_EDGE('',*,*,#279,.F.);
#279 = EDGE_CURVE('',#280,#282,#284,.T.);
#280 = VERTEX_POINT('',#281);
#281 = CARTESIAN_POINT('',(0.,0.,26.));
#282 = VERTEX_POINT('',#283);
#283 = CARTESIAN_POINT('',(0.,0.,150.));
#284 = LINE('',#285,#286);
#285 = CARTESIAN_POINT('',(0.,0.,26.));
#286 = VECTOR('',#287,1.);
#287 = DIRECTION('',(0.,0.,1.));
#288 = ORIENTED_EDGE('',*,*,#289,.T.);
#289 = EDGE_CURVE('',#280,#290,#292,.T.);
#290 = VERTEX_POINT('',#291);
#291 = CARTESIAN_POINT('',(0.,345.5,26.));
#292 = LINE('',#293,#294);
#293 = CARTESIAN_POINT('',(0.,0.,26.));
#294 = VECTOR('',#295,1.);
#295 = DIRECTION('',(-0.,1.,0.));
#296 = ORIENTED_EDGE('',*,*,#297,.T.);
#297 = EDGE_CURVE('',#290,#298,#300,.T.);
#298 = VERTEX_POINT('',#299);
#299 = CARTESIAN_POINT('',(0.,345.5,150.));
#300 = LINE('',#301,#302);
#301 = CARTESIAN_POINT('',(0.,345.5,26.));
#302 = VECTOR('',#303,1.);
#303 = DIRECTION('',(0.,0.,1.));
#304 = ORIENTED_EDGE('',*,*,#305,.F.);
#305 = EDGE_CURVE('',#282,#298,#306,.T.);
#306 = LINE('',#307,#308);
#307 = CARTESIAN_POINT('',(0.,0.,150.));
#308 = VECTOR('',#309,1.);
#309 = DIRECTION('',(-0.,1.,0.));
#310 = PLANE('',#311);
#311 = AXIS2_PLACEMENT_3D('',#312,#313,#314);
#312 = CARTESIAN_POINT('',(0.,0.,26.));
#313 = DIRECTION('',(1.,0.,-0.));
#314 = DIRECTION('',(0.,0.,1.));
#315 = ADVANCED_FACE('',(#316),#350,.T.);
#316 = FACE_BOUND('',#317,.T.);
#317 = EDGE_LOOP('',(#318,#328,#336,#344));
#318 = ORIENTED_EDGE('',*,*,#319,.F.);
#319 = EDGE_CURVE('',#320,#322,#324,.T.);
#320 = VERTEX_POINT('',#321);
#321 = CARTESIAN_POINT('',(12.,0.,26.));
#322 = VERTEX_POINT('',#323);
#323 = CARTESIAN_POINT('',(12.,0.,150.));
#324 = LINE('',#325,#326);
#325 = CARTESIAN_POINT('',(12.,0.,26.));
#326 = VECTOR('',#327,1.);
#327 = DIRECTION('',(0.,0.,1.));
#328 = ORIENTED_EDGE('',*,*,#329,.T.);
#329 = EDGE_CURVE('',#320,#330,#332,.T.);
#330 = VERTEX_POINT('',#331);
#331 = CARTESIAN_POINT('',(12.,345.5,26.));
#332 = LINE('',#333,#334);
#333 = CARTESIAN_POINT('',(12.,0.,26.));
#334 = VECTOR('',#335,1.);
#335 = DIRECTION('',(-0.,1.,0.));
#336 = ORIENTED_EDGE('',*,*,#337,.T.);
#337 = EDGE_CURVE('',#330,#338,#340,.T.);
#338 = VERTEX_POINT('',#339);
#339 = CARTESIAN_POINT('',(12.,345.5,150.));
#340 = LINE('',#341,#342);
#341 = CARTESIAN_POINT('',(12.,345.5,26.));
#342 = VECTOR('',#343,1.);
#343 = DIRECTION('',(0.,0.,1.));
#344 = ORIENTED_EDGE('',*,*,#345,.F.);
#345 = EDGE_CURVE('',#322,#338,#346,.T.);
#346 = LINE('',#347,#348);
#347 = CARTESIAN_POINT('',(12.,0.,150.));
#348 = VECTOR('',#349,1.);
#349 = DIRECTION('',(-0.,1.,0.));
#350 = PLANE('',#351);
#351 = AXIS2_PLACEMENT_3D('',#352,#353,#354);
#352 = CARTESIAN_POINT('',(12.,0.,26.));
#353 = DIRECTION('',(1.,0.,-0.));
#354 = DIRECTION('',(0.,0.,1.));
#355 = ADVANCED_FACE('',(#356),#372,.F.);
#356 = FACE_BOUND('',#357,.F.);
#357 = EDGE_LOOP('',(#358,#364,#365,#371));
#358 = ORIENTED_EDGE('',*,*,#359,.F.);
#359 = EDGE_CURVE('',#280,#320,#360,.T.);
#360 = LINE('',#361,#362);
#361 = CARTESIAN_POINT('',(0.,0.,26.));
#362 = VECTOR('',#363,1.);
#363 = DIRECTION('',(1.,0.,-0.));
#364 = ORIENTED_EDGE('',*,*,#279,.T.);
#365 = ORIENTED_EDGE('',*,*,#366,.T.);
#366 = EDGE_CURVE('',#282,#322,#367,.T.);
#367 = LINE('',#368,#369);
#368 = CARTESIAN_POINT('',(0.,0.,150.));
#369 = VECTOR('',#370,1.);
#370 = DIRECTION('',(1.,0.,-0.));
#371 = ORIENTED_EDGE('',*,*,#319,.F.);
#372 = PLANE('',#373);
#373 = AXIS2_PLACEMENT_3D('',#374,#375,#376);
#374 = CARTESIAN_POINT('',(0.,0.,26.));
#375 = DIRECTION('',(-0.,1.,0.));
#376 = DIRECTION('',(0.,0.,1.));
#377 = ADVANCED_FACE('',(#378),#394,.T.);
#378 = FACE_BOUND('',#379,.T.);
#379 = EDGE_LOOP('',(#380,#386,#387,#393));
#380 = ORIENTED_EDGE('',*,*,#381,.F.);
#381 = EDGE_CURVE('',#290,#330,#382,.T.);
#382 = LINE('',#383,#384);
#383 = CARTESIAN_POINT('',(0.,345.5,26.));
#384 = VECTOR('',#385,1.);
#385 = DIRECTION('',(1.,0.,-0.));
#386 = ORIENTED_EDGE('',*,*,#297,.T.);
#387 = ORIENTED_EDGE('',*,*,#388,.T.);
#388 = EDGE_CURVE('',#298,#338,#389,.T.);
#389 = LINE('',#390,#391);
#390 = CARTESIAN_POINT('',(0.,345.5,150.));
#391 = VECTOR('',#392,1.);
#392 = DIRECTION('',(1.,0.,-0.));
#393 = ORIENTED_EDGE('',*,*,#337,.F.);
#394 = PLANE('',#395);
#395 = AXIS2_PLACEMENT_3D('',#396,#397,#398);
#396 = CARTESIAN_POINT('',(0.,345.5,26.));
#397 = DIRECTION('',(-0.,1.,0.));
#398 = DIRECTION('',(0.,0.,1.));
#399 = ADVANCED_FACE('',(#400),#406,.F.);
#400 = FACE_BOUND('',#401,.F.);
#401 = EDGE_LOOP('',(#402,#403,#404,#405));
#402 = ORIENTED_EDGE('',*,*,#289,.F.);
#403 = ORIENTED_EDGE('',*,*,#359,.T.);
#404 = ORIENTED_EDGE('',*,*,#329,.T.);
#405 = ORIENTED_EDGE('',*,*,#381,.F.);
#406 = PLANE('',#407);
#407 = AXIS2_PLACEMENT_3D('',#408,#409,#410);
#408 = CARTESIAN_POINT('',(0.,0.,26.));
#409 = DIRECTION('',(0.,0.,1.));
#410 = DIRECTION('',(1.,0.,-0.));
#411 = ADVANCED_FACE('',(#412),#418,.T.);
#412 = FACE_BOUND('',#413,.T.);
#413 = EDGE_LOOP('',(#414,#415,#416,#417));
#414 = ORIENTED_EDGE('',*,*,#305,.F.);
#415 = ORIENTED_EDGE('',*,*,#366,.T.);
#416 = ORIENTED_EDGE('',*,*,#345,.T.);
#417 = ORIENTED_EDGE('',*,*,#388,.F.);
#418 = PLANE('',#419);
#419 = AXIS2_PLACEMENT_3D('',#420,#421,#422);
#420 = CARTESIAN_POINT('',(0.,0.,150.));
#421 = DIRECTION('',(0.,0.,1.));
#422 = DIRECTION('',(1.,0.,-0.));
#423 = ( GEOMETRIC_REPRESENTATION_CONTEXT(3) 
GLOBAL_UNCERTAINTY_ASSIGNED_CONTEXT((#427)) GLOBAL_UNIT_ASSIGNED_CONTEXT
((#424,#425,#426)) REPRESENTATION_CONTEXT('Context #1',
  '3D Context with UNIT and UNCERTAINTY') );
#424 = ( LENGTH_UNIT() NAMED_UNIT(*) SI_UNIT(.MILLI.,.METRE.) );
#425 = ( NAMED_UNIT(*) PLANE_ANGLE_UNIT() SI_UNIT($,.RADIAN.) );
#426 = ( NAMED_UNIT(*) SI_UNIT($,.STERADIAN.) SOLID_ANGLE_UNIT() );
#427 = UNCERTAINTY_MEASURE_WITH_UNIT(LENGTH_MEASURE(1.E-07),#424,
  'distance_accuracy_value','confusion accuracy');
#428 = CONTEXT_DEPENDENT_SHAPE_REPRESENTATION(#429,#431);
#429 = ( REPRESENTATION_RELATIONSHIP('','',#272,#10) 
REPRESENTATION_RELATIONSHIP_WITH_TRANSFORMATION(#430) 
SHAPE_REPRESENTATION_RELATIONSHIP() );
#430 = ITEM_DEFINED_TRANSFORMATION('','',#11,#15);
#431 = PRODUCT_DEFINITION_SHAPE('Placement','Placement of an item',#432
  );
#432 = NEXT_ASSEMBLY_USAGE_OCCURRENCE('1','左侧木板','',#5,#267,$);
#433 = PRODUCT_RELATED_PRODUCT_CATEGORY('part',$,(#269));
#434 = SHAPE_DEFINITION_REPRESENTATION(#435,#441);
#435 = PRODUCT_DEFINITION_SHAPE('','',#436);
#436 = PRODUCT_DEFINITION('design','',#437,#440);
#437 = PRODUCT_DEFINITION_FORMATION('','',#438);
#438 = PRODUCT('右侧木板','右侧木板','',(#439));
#439 = PRODUCT_CONTEXT('',#2,'mechanical');
#440 = PRODUCT_DEFINITION_CONTEXT('part definition',#2,'design');
#441 = ADVANCED_BREP_SHAPE_REPRESENTATION('',(#11,#442),#592);
#442 = MANIFOLD_SOLID_BREP('',#443);
#443 = CLOSED_SHELL('',(#444,#484,#524,#546,#568,#580));
#444 = ADVANCED_FACE('',(#445),#479,.F.);
#445 = FACE_BOUND('',#446,.F.);
#446 = EDGE_LOOP('',(#447,#457,#465,#473));
#447 = ORIENTED_EDGE('',*,*,#448,.F.);
#448 = EDGE_CURVE('',#449,#451,#453,.T.);
#449 = VERTEX_POINT('',#450);
#450 = CARTESIAN_POINT('',(436.6,0.,26.));
#451 = VERTEX_POINT('',#452);
#452 = CARTESIAN_POINT('',(436.6,0.,150.));
#453 = LINE('',#454,#455);
#454 = CARTESIAN_POINT('',(436.6,0.,26.));
#455 = VECTOR('',#456,1.);
#456 = DIRECTION('',(0.,0.,1.));
#457 = ORIENTED_EDGE('',*,*,#458,.T.);
#458 = EDGE_CURVE('',#449,#459,#461,.T.);
#459 = VERTEX_POINT('',#460);
#460 = CARTESIAN_POINT('',(436.6,345.5,26.));
#461 = LINE('',#462,#463);
#462 = CARTESIAN_POINT('',(436.6,0.,26.));
#463 = VECTOR('',#464,1.);
#464 = DIRECTION('',(-0.,1.,0.));
#465 = ORIENTED_EDGE('',*,*,#466,.T.);
#466 = EDGE_CURVE('',#459,#467,#469,.T.);
#467 = VERTEX_POINT('',#468);
#468 = CARTESIAN_POINT('',(436.6,345.5,150.));
#469 = LINE('',#470,#471);
#470 = CARTESIAN_POINT('',(436.6,345.5,26.));
#471 = VECTOR('',#472,1.);
#472 = DIRECTION('',(0.,0.,1.));
#473 = ORIENTED_EDGE('',*,*,#474,.F.);
#474 = EDGE_CURVE('',#451,#467,#475,.T.);
#475 = LINE('',#476,#477);
#476 = CARTESIAN_POINT('',(436.6,0.,150.));
#477 = VECTOR('',#478,1.);
#478 = DIRECTION('',(-0.,1.,0.));
#479 = PLANE('',#480);
#480 = AXIS2_PLACEMENT_3D('',#481,#482,#483);
#481 = CARTESIAN_POINT('',(436.6,0.,26.));
#482 = DIRECTION('',(1.,0.,-0.));
#483 = DIRECTION('',(0.,0.,1.));
#484 = ADVANCED_FACE('',(#485),#519,.T.);
#485 = FACE_BOUND('',#486,.T.);
#486 = EDGE_LOOP('',(#487,#497,#505,#513));
#487 = ORIENTED_EDGE('',*,*,#488,.F.);
#488 = EDGE_CURVE('',#489,#491,#493,.T.);
#489 = VERTEX_POINT('',#490);
#490 = CARTESIAN_POINT('',(448.6,0.,26.));
#491 = VERTEX_POINT('',#492);
#492 = CARTESIAN_POINT('',(448.6,0.,150.));
#493 = LINE('',#494,#495);
#494 = CARTESIAN_POINT('',(448.6,0.,26.));
#495 = VECTOR('',#496,1.);
#496 = DIRECTION('',(0.,0.,1.));
#497 = ORIENTED_EDGE('',*,*,#498,.T.);
#498 = EDGE_CURVE('',#489,#499,#501,.T.);
#499 = VERTEX_POINT('',#500);
#500 = CARTESIAN_POINT('',(448.6,345.5,26.));
#501 = LINE('',#502,#503);
#502 = CARTESIAN_POINT('',(448.6,0.,26.));
#503 = VECTOR('',#504,1.);
#504 = DIRECTION('',(-0.,1.,0.));
#505 = ORIENTED_EDGE('',*,*,#506,.T.);
#506 = EDGE_CURVE('',#499,#507,#509,.T.);
#507 = VERTEX_POINT('',#508);
#508 = CARTESIAN_POINT('',(448.6,345.5,150.));
#509 = LINE('',#510,#511);
#510 = CARTESIAN_POINT('',(448.6,345.5,26.));
#511 = VECTOR('',#512,1.);
#512 = DIRECTION('',(0.,0.,1.));
#513 = ORIENTED_EDGE('',*,*,#514,.F.);
#514 = EDGE_CURVE('',#491,#507,#515,.T.);
#515 = LINE('',#516,#517);
#516 = CARTESIAN_POINT('',(448.6,0.,150.));
#517 = VECTOR('',#518,1.);
#518 = DIRECTION('',(-0.,1.,0.));
#519 = PLANE('',#520);
#520 = AXIS2_PLACEMENT_3D('',#521,#522,#523);
#521 = CARTESIAN_POINT('',(448.6,0.,26.));
#522 = DIRECTION('',(1.,0.,-0.));
#523 = DIRECTION('',(0.,0.,1.));
#524 = ADVANCED_FACE('',(#525),#541,.F.);
#525 = FACE_BOUND('',#526,.F.);
#526 = EDGE_LOOP('',(#527,#533,#534,#540));
#527 = ORIENTED_EDGE('',*,*,#528,.F.);
#528 = EDGE_CURVE('',#449,#489,#529,.T.);
#529 = LINE('',#530,#531);
#530 = CARTESIAN_POINT('',(436.6,0.,26.));
#531 = VECTOR('',#532,1.);
#532 = DIRECTION('',(1.,0.,-0.));
#533 = ORIENTED_EDGE('',*,*,#448,.T.);
#534 = ORIENTED_EDGE('',*,*,#535,.T.);
#535 = EDGE_CURVE('',#451,#491,#536,.T.);
#536 = LINE('',#537,#538);
#537 = CARTESIAN_POINT('',(436.6,0.,150.));
#538 = VECTOR('',#539,1.);
#539 = DIRECTION('',(1.,0.,-0.));
#540 = ORIENTED_EDGE('',*,*,#488,.F.);
#541 = PLANE('',#542);
#542 = AXIS2_PLACEMENT_3D('',#543,#544,#545);
#543 = CARTESIAN_POINT('',(436.6,0.,26.));
#544 = DIRECTION('',(-0.,1.,0.));
#545 = DIRECTION('',(0.,0.,1.));
#546 = ADVANCED_FACE('',(#547),#563,.T.);
#547 = FACE_BOUND('',#548,.T.);
#548 = EDGE_LOOP('',(#549,#555,#556,#562));
#549 = ORIENTED_EDGE('',*,*,#550,.F.);
#550 = EDGE_CURVE('',#459,#499,#551,.T.);
#551 = LINE('',#552,#553);
#552 = CARTESIAN_POINT('',(436.6,345.5,26.));
#553 = VECTOR('',#554,1.);
#554 = DIRECTION('',(1.,0.,-0.));
#555 = ORIENTED_EDGE('',*,*,#466,.T.);
#556 = ORIENTED_EDGE('',*,*,#557,.T.);
#557 = EDGE_CURVE('',#467,#507,#558,.T.);
#558 = LINE('',#559,#560);
#559 = CARTESIAN_POINT('',(436.6,345.5,150.));
#560 = VECTOR('',#561,1.);
#561 = DIRECTION('',(1.,0.,-0.));
#562 = ORIENTED_EDGE('',*,*,#506,.F.);
#563 = PLANE('',#564);
#564 = AXIS2_PLACEMENT_3D('',#565,#566,#567);
#565 = CARTESIAN_POINT('',(436.6,345.5,26.));
#566 = DIRECTION('',(-0.,1.,0.));
#567 = DIRECTION('',(0.,0.,1.));
#568 = ADVANCED_FACE('',(#569),#575,.F.);
#569 = FACE_BOUND('',#570,.F.);
#570 = EDGE_LOOP('',(#571,#572,#573,#574));
#571 = ORIENTED_EDGE('',*,*,#458,.F.);
#572 = ORIENTED_EDGE('',*,*,#528,.T.);
#573 = ORIENTED_EDGE('',*,*,#498,.T.);
#574 = ORIENTED_EDGE('',*,*,#550,.F.);
#575 = PLANE('',#576);
#576 = AXIS2_PLACEMENT_3D('',#577,#578,#579);
#577 = CARTESIAN_POINT('',(436.6,0.,26.));
#578 = DIRECTION('',(0.,0.,1.));
#579 = DIRECTION('',(1.,0.,-0.));
#580 = ADVANCED_FACE('',(#581),#587,.T.);
#581 = FACE_BOUND('',#582,.T.);
#582 = EDGE_LOOP('',(#583,#584,#585,#586));
#583 = ORIENTED_EDGE('',*,*,#474,.F.);
#584 = ORIENTED_EDGE('',*,*,#535,.T.);
#585 = ORIENTED_EDGE('',*,*,#514,.T.);
#586 = ORIENTED_EDGE('',*,*,#557,.F.);
#587 = PLANE('',#588);
#588 = AXIS2_PLACEMENT_3D('',#589,#590,#591);
#589 = CARTESIAN_POINT('',(436.6,0.,150.));
#590 = DIRECTION('',(0.,0.,1.));
#591 = DIRECTION('',(1.,0.,-0.));
#592 = ( GEOMETRIC_REPRESENTATION_CONTEXT(3) 
GLOBAL_UNCERTAINTY_ASSIGNED_CONTEXT((#596)) GLOBAL_UNIT_ASSIGNED_CONTEXT
((#593,#594,#595)) REPRESENTATION_CONTEXT('Context #1',
  '3D Context with UNIT and UNCERTAINTY') );
#593 = ( LENGTH_UNIT() NAMED_UNIT(*) SI_UNIT(.MILLI.,.METRE.) );
#594 = ( NAMED_UNIT(*) PLANE_ANGLE_UNIT() SI_UNIT($,.RADIAN.) );
#595 = ( NAMED_UNIT(*) SI_UNIT($,.STERADIAN.) SOLID_ANGLE_UNIT() );
#596 = UNCERTAINTY_MEASURE_WITH_UNIT(LENGTH_MEASURE(1.E-07),#593,
  'distance_accuracy_value','confusion accuracy');
#597 = CONTEXT_DEPENDENT_SHAPE_REPRESENTATION(#598,#600);
#598 = ( REPRESENTATION_RELATIONSHIP('','',#441,#10) 
REPRESENTATION_RELATIONSHIP_WITH_TRANSFORMATION(#599) 
SHAPE_REPRESENTATION_RELATIONSHIP() );
#599 = ITEM_DEFINED_TRANSFORMATION('','',#11,#19);
#600 = PRODUCT_DEFINITION_SHAPE('Placement','Placement of an item',#601
  );
#601 = NEXT_ASSEMBLY_USAGE_OCCURRENCE('2','右侧木板','',#5,#436,$);
#602 = PRODUCT_RELATED_PRODUCT_CATEGORY('part',$,(#438));
#603 = SHAPE_DEFINITION_REPRESENTATION(#604,#610);
#604 = PRODUCT_DEFINITION_SHAPE('','',#605);
#605 = PRODUCT_DEFINITION('design','',#606,#609);
#606 = PRODUCT_DEFINITION_FORMATION('','',#607);
#607 = PRODUCT('底板 · 低音向下开孔',
  '底板 · 低音向下开孔','',(#608));
#608 = PRODUCT_CONTEXT('',#2,'mechanical');
#609 = PRODUCT_DEFINITION_CONTEXT('part definition',#2,'design');
#610 = ADVANCED_BREP_SHAPE_REPRESENTATION('',(#11,#611),#800);
#611 = MANIFOLD_SOLID_BREP('',#612);
#612 = CLOSED_SHELL('',(#613,#653,#684,#719,#743,#771,#783));
#613 = ADVANCED_FACE('',(#614),#648,.F.);
#614 = FACE_BOUND('',#615,.F.);
#615 = EDGE_LOOP('',(#616,#626,#634,#642));
#616 = ORIENTED_EDGE('',*,*,#617,.F.);
#617 = EDGE_CURVE('',#618,#620,#622,.T.);
#618 = VERTEX_POINT('',#619);
#619 = CARTESIAN_POINT('',(12.,0.,26.));
#620 = VERTEX_POINT('',#621);
#621 = CARTESIAN_POINT('',(12.,0.,38.));
#622 = LINE('',#623,#624);
#623 = CARTESIAN_POINT('',(12.,0.,26.));
#624 = VECTOR('',#625,1.);
#625 = DIRECTION('',(0.,0.,1.));
#626 = ORIENTED_EDGE('',*,*,#627,.T.);
#627 = EDGE_CURVE('',#618,#628,#630,.T.);
#628 = VERTEX_POINT('',#629);
#629 = CARTESIAN_POINT('',(12.,345.5,26.));
#630 = LINE('',#631,#632);
#631 = CARTESIAN_POINT('',(12.,0.,26.));
#632 = VECTOR('',#633,1.);
#633 = DIRECTION('',(-0.,1.,0.));
#634 = ORIENTED_EDGE('',*,*,#635,.T.);
#635 = EDGE_CURVE('',#628,#636,#638,.T.);
#636 = VERTEX_POINT('',#637);
#637 = CARTESIAN_POINT('',(12.,345.5,38.));
#638 = LINE('',#639,#640);
#639 = CARTESIAN_POINT('',(12.,345.5,26.));
#640 = VECTOR('',#641,1.);
#641 = DIRECTION('',(0.,0.,1.));
#642 = ORIENTED_EDGE('',*,*,#643,.F.);
#643 = EDGE_CURVE('',#620,#636,#644,.T.);
#644 = LINE('',#645,#646);
#645 = CARTESIAN_POINT('',(12.,0.,38.));
#646 = VECTOR('',#647,1.);
#647 = DIRECTION('',(-0.,1.,0.));
#648 = PLANE('',#649);
#649 = AXIS2_PLACEMENT_3D('',#650,#651,#652);
#650 = CARTESIAN_POINT('',(12.,0.,26.));
#651 = DIRECTION('',(1.,0.,-0.));
#652 = DIRECTION('',(0.,0.,1.));
#653 = ADVANCED_FACE('',(#654),#679,.F.);
#654 = FACE_BOUND('',#655,.F.);
#655 = EDGE_LOOP('',(#656,#664,#665,#673));
#656 = ORIENTED_EDGE('',*,*,#657,.F.);
#657 = EDGE_CURVE('',#618,#658,#660,.T.);
#658 = VERTEX_POINT('',#659);
#659 = CARTESIAN_POINT('',(436.6,0.,26.));
#660 = LINE('',#661,#662);
#661 = CARTESIAN_POINT('',(12.,0.,26.));
#662 = VECTOR('',#663,1.);
#663 = DIRECTION('',(1.,0.,-0.));
#664 = ORIENTED_EDGE('',*,*,#617,.T.);
#665 = ORIENTED_EDGE('',*,*,#666,.T.);
#666 = EDGE_CURVE('',#620,#667,#669,.T.);
#667 = VERTEX_POINT('',#668);
#668 = CARTESIAN_POINT('',(436.6,0.,38.));
#669 = LINE('',#670,#671);
#670 = CARTESIAN_POINT('',(12.,0.,38.));
#671 = VECTOR('',#672,1.);
#672 = DIRECTION('',(1.,0.,-0.));
#673 = ORIENTED_EDGE('',*,*,#674,.F.);
#674 = EDGE_CURVE('',#658,#667,#675,.T.);
#675 = LINE('',#676,#677);
#676 = CARTESIAN_POINT('',(436.6,0.,26.));
#677 = VECTOR('',#678,1.);
#678 = DIRECTION('',(0.,0.,1.));
#679 = PLANE('',#680);
#680 = AXIS2_PLACEMENT_3D('',#681,#682,#683);
#681 = CARTESIAN_POINT('',(12.,0.,26.));
#682 = DIRECTION('',(-0.,1.,0.));
#683 = DIRECTION('',(0.,0.,1.));
#684 = ADVANCED_FACE('',(#685,#703),#714,.T.);
#685 = FACE_BOUND('',#686,.T.);
#686 = EDGE_LOOP('',(#687,#688,#689,#697));
#687 = ORIENTED_EDGE('',*,*,#643,.F.);
#688 = ORIENTED_EDGE('',*,*,#666,.T.);
#689 = ORIENTED_EDGE('',*,*,#690,.T.);
#690 = EDGE_CURVE('',#667,#691,#693,.T.);
#691 = VERTEX_POINT('',#692);
#692 = CARTESIAN_POINT('',(436.6,345.5,38.));
#693 = LINE('',#694,#695);
#694 = CARTESIAN_POINT('',(436.6,0.,38.));
#695 = VECTOR('',#696,1.);
#696 = DIRECTION('',(-0.,1.,0.));
#697 = ORIENTED_EDGE('',*,*,#698,.F.);
#698 = EDGE_CURVE('',#636,#691,#699,.T.);
#699 = LINE('',#700,#701);
#700 = CARTESIAN_POINT('',(12.,345.5,38.));
#701 = VECTOR('',#702,1.);
#702 = DIRECTION('',(1.,0.,-0.));
#703 = FACE_BOUND('',#704,.T.);
#704 = EDGE_LOOP('',(#705));
#705 = ORIENTED_EDGE('',*,*,#706,.F.);
#706 = EDGE_CURVE('',#707,#707,#709,.T.);
#707 = VERTEX_POINT('',#708);
#708 = CARTESIAN_POINT('',(274.3,94.,38.));
#709 = CIRCLE('',#710,50.);
#710 = AXIS2_PLACEMENT_3D('',#711,#712,#713);
#711 = CARTESIAN_POINT('',(224.3,94.,38.));
#712 = DIRECTION('',(0.,0.,1.));
#713 = DIRECTION('',(1.,0.,-0.));
#714 = PLANE('',#715);
#715 = AXIS2_PLACEMENT_3D('',#716,#717,#718);
#716 = CARTESIAN_POINT('',(12.,0.,38.));
#717 = DIRECTION('',(0.,0.,1.));
#718 = DIRECTION('',(1.,0.,-0.));
#719 = ADVANCED_FACE('',(#720),#738,.T.);
#720 = FACE_BOUND('',#721,.T.);
#721 = EDGE_LOOP('',(#722,#730,#731,#732));
#722 = ORIENTED_EDGE('',*,*,#723,.F.);
#723 = EDGE_CURVE('',#628,#724,#726,.T.);
#724 = VERTEX_POINT('',#725);
#725 = CARTESIAN_POINT('',(436.6,345.5,26.));
#726 = LINE('',#727,#728);
#727 = CARTESIAN_POINT('',(12.,345.5,26.));
#728 = VECTOR('',#729,1.);
#729 = DIRECTION('',(1.,0.,-0.));
#730 = ORIENTED_EDGE('',*,*,#635,.T.);
#731 = ORIENTED_EDGE('',*,*,#698,.T.);
#732 = ORIENTED_EDGE('',*,*,#733,.F.);
#733 = EDGE_CURVE('',#724,#691,#734,.T.);
#734 = LINE('',#735,#736);
#735 = CARTESIAN_POINT('',(436.6,345.5,26.));
#736 = VECTOR('',#737,1.);
#737 = DIRECTION('',(0.,0.,1.));
#738 = PLANE('',#739);
#739 = AXIS2_PLACEMENT_3D('',#740,#741,#742);
#740 = CARTESIAN_POINT('',(12.,345.5,26.));
#741 = DIRECTION('',(-0.,1.,0.));
#742 = DIRECTION('',(0.,0.,1.));
#743 = ADVANCED_FACE('',(#744,#755),#766,.F.);
#744 = FACE_BOUND('',#745,.F.);
#745 = EDGE_LOOP('',(#746,#747,#748,#754));
#746 = ORIENTED_EDGE('',*,*,#627,.F.);
#747 = ORIENTED_EDGE('',*,*,#657,.T.);
#748 = ORIENTED_EDGE('',*,*,#749,.T.);
#749 = EDGE_CURVE('',#658,#724,#750,.T.);
#750 = LINE('',#751,#752);
#751 = CARTESIAN_POINT('',(436.6,0.,26.));
#752 = VECTOR('',#753,1.);
#753 = DIRECTION('',(-0.,1.,0.));
#754 = ORIENTED_EDGE('',*,*,#723,.F.);
#755 = FACE_BOUND('',#756,.F.);
#756 = EDGE_LOOP('',(#757));
#757 = ORIENTED_EDGE('',*,*,#758,.F.);
#758 = EDGE_CURVE('',#759,#759,#761,.T.);
#759 = VERTEX_POINT('',#760);
#760 = CARTESIAN_POINT('',(274.3,94.,26.));
#761 = CIRCLE('',#762,50.);
#762 = AXIS2_PLACEMENT_3D('',#763,#764,#765);
#763 = CARTESIAN_POINT('',(224.3,94.,26.));
#764 = DIRECTION('',(0.,0.,1.));
#765 = DIRECTION('',(1.,0.,-0.));
#766 = PLANE('',#767);
#767 = AXIS2_PLACEMENT_3D('',#768,#769,#770);
#768 = CARTESIAN_POINT('',(12.,0.,26.));
#769 = DIRECTION('',(0.,0.,1.));
#770 = DIRECTION('',(1.,0.,-0.));
#771 = ADVANCED_FACE('',(#772),#778,.T.);
#772 = FACE_BOUND('',#773,.T.);
#773 = EDGE_LOOP('',(#774,#775,#776,#777));
#774 = ORIENTED_EDGE('',*,*,#674,.F.);
#775 = ORIENTED_EDGE('',*,*,#749,.T.);
#776 = ORIENTED_EDGE('',*,*,#733,.T.);
#777 = ORIENTED_EDGE('',*,*,#690,.F.);
#778 = PLANE('',#779);
#779 = AXIS2_PLACEMENT_3D('',#780,#781,#782);
#780 = CARTESIAN_POINT('',(436.6,0.,26.));
#781 = DIRECTION('',(1.,0.,-0.));
#782 = DIRECTION('',(0.,0.,1.));
#783 = ADVANCED_FACE('',(#784),#795,.F.);
#784 = FACE_BOUND('',#785,.F.);
#785 = EDGE_LOOP('',(#786,#787,#793,#794));
#786 = ORIENTED_EDGE('',*,*,#706,.F.);
#787 = ORIENTED_EDGE('',*,*,#788,.F.);
#788 = EDGE_CURVE('',#759,#707,#789,.T.);
#789 = LINE('',#790,#791);
#790 = CARTESIAN_POINT('',(274.3,94.,25.));
#791 = VECTOR('',#792,1.);
#792 = DIRECTION('',(0.,0.,1.));
#793 = ORIENTED_EDGE('',*,*,#758,.T.);
#794 = ORIENTED_EDGE('',*,*,#788,.T.);
#795 = CYLINDRICAL_SURFACE('',#796,50.);
#796 = AXIS2_PLACEMENT_3D('',#797,#798,#799);
#797 = CARTESIAN_POINT('',(224.3,94.,25.));
#798 = DIRECTION('',(0.,0.,1.));
#799 = DIRECTION('',(1.,0.,-0.));
#800 = ( GEOMETRIC_REPRESENTATION_CONTEXT(3) 
GLOBAL_UNCERTAINTY_ASSIGNED_CONTEXT((#804)) GLOBAL_UNIT_ASSIGNED_CONTEXT
((#801,#802,#803)) REPRESENTATION_CONTEXT('Context #1',
  '3D Context with UNIT and UNCERTAINTY') );
#801 = ( LENGTH_UNIT() NAMED_UNIT(*) SI_UNIT(.MILLI.,.METRE.) );
#802 = ( NAMED_UNIT(*) PLANE_ANGLE_UNIT() SI_UNIT($,.RADIAN.) );
#803 = ( NAMED_UNIT(*) SI_UNIT($,.STERADIAN.) SOLID_ANGLE_UNIT() );
#804 = UNCERTAINTY_MEASURE_WITH_UNIT(LENGTH_MEASURE(1.E-07),#801,
  'distance_accuracy_value','confusion accuracy');
#805 = CONTEXT_DEPENDENT_SHAPE_REPRESENTATION(#806,#808);
#806 = ( REPRESENTATION_RELATIONSHIP('','',#610,#10) 
REPRESENTATION_RELATIONSHIP_WITH_TRANSFORMATION(#807) 
SHAPE_REPRESENTATION_RELATIONSHIP() );
#807 = ITEM_DEFINED_TRANSFORMATION('','',#11,#23);
#808 = PRODUCT_DEFINITION_SHAPE('Placement','Placement of an item',#809
  );
#809 = NEXT_ASSEMBLY_USAGE_OCCURRENCE('3','底板 · 低音向下开孔'
  ,'',#5,#605,$);
#810 = PRODUCT_RELATED_PRODUCT_CATEGORY('part',$,(#607));
#811 = SHAPE_DEFINITION_REPRESENTATION(#812,#818);
#812 = PRODUCT_DEFINITION_SHAPE('','',#813);
#813 = PRODUCT_DEFINITION('design','',#814,#817);
#814 = PRODUCT_DEFINITION_FORMATION('','',#815);
#815 = PRODUCT('后板','后板','',(#816));
#816 = PRODUCT_CONTEXT('',#2,'mechanical');
#817 = PRODUCT_DEFINITION_CONTEXT('part definition',#2,'design');
#818 = ADVANCED_BREP_SHAPE_REPRESENTATION('',(#11,#819),#969);
#819 = MANIFOLD_SOLID_BREP('',#820);
#820 = CLOSED_SHELL('',(#821,#861,#901,#923,#945,#957));
#821 = ADVANCED_FACE('',(#822),#856,.F.);
#822 = FACE_BOUND('',#823,.F.);
#823 = EDGE_LOOP('',(#824,#834,#842,#850));
#824 = ORIENTED_EDGE('',*,*,#825,.F.);
#825 = EDGE_CURVE('',#826,#828,#830,.T.);
#826 = VERTEX_POINT('',#827);
#827 = CARTESIAN_POINT('',(12.,333.5,38.));
#828 = VERTEX_POINT('',#829);
#829 = CARTESIAN_POINT('',(12.,333.5,150.));
#830 = LINE('',#831,#832);
#831 = CARTESIAN_POINT('',(12.,333.5,38.));
#832 = VECTOR('',#833,1.);
#833 = DIRECTION('',(0.,0.,1.));
#834 = ORIENTED_EDGE('',*,*,#835,.T.);
#835 = EDGE_CURVE('',#826,#836,#838,.T.);
#836 = VERTEX_POINT('',#837);
#837 = CARTESIAN_POINT('',(12.,345.5,38.));
#838 = LINE('',#839,#840);
#839 = CARTESIAN_POINT('',(12.,333.5,38.));
#840 = VECTOR('',#841,1.);
#841 = DIRECTION('',(-0.,1.,0.));
#842 = ORIENTED_EDGE('',*,*,#843,.T.);
#843 = EDGE_CURVE('',#836,#844,#846,.T.);
#844 = VERTEX_POINT('',#845);
#845 = CARTESIAN_POINT('',(12.,345.5,150.));
#846 = LINE('',#847,#848);
#847 = CARTESIAN_POINT('',(12.,345.5,38.));
#848 = VECTOR('',#849,1.);
#849 = DIRECTION('',(0.,0.,1.));
#850 = ORIENTED_EDGE('',*,*,#851,.F.);
#851 = EDGE_CURVE('',#828,#844,#852,.T.);
#852 = LINE('',#853,#854);
#853 = CARTESIAN_POINT('',(12.,333.5,150.));
#854 = VECTOR('',#855,1.);
#855 = DIRECTION('',(-0.,1.,0.));
#856 = PLANE('',#857);
#857 = AXIS2_PLACEMENT_3D('',#858,#859,#860);
#858 = CARTESIAN_POINT('',(12.,333.5,38.));
#859 = DIRECTION('',(1.,0.,-0.));
#860 = DIRECTION('',(0.,0.,1.));
#861 = ADVANCED_FACE('',(#862),#896,.T.);
#862 = FACE_BOUND('',#863,.T.);
#863 = EDGE_LOOP('',(#864,#874,#882,#890));
#864 = ORIENTED_EDGE('',*,*,#865,.F.);
#865 = EDGE_CURVE('',#866,#868,#870,.T.);
#866 = VERTEX_POINT('',#867);
#867 = CARTESIAN_POINT('',(436.6,333.5,38.));
#868 = VERTEX_POINT('',#869);
#869 = CARTESIAN_POINT('',(436.6,333.5,150.));
#870 = LINE('',#871,#872);
#871 = CARTESIAN_POINT('',(436.6,333.5,38.));
#872 = VECTOR('',#873,1.);
#873 = DIRECTION('',(0.,0.,1.));
#874 = ORIENTED_EDGE('',*,*,#875,.T.);
#875 = EDGE_CURVE('',#866,#876,#878,.T.);
#876 = VERTEX_POINT('',#877);
#877 = CARTESIAN_POINT('',(436.6,345.5,38.));
#878 = LINE('',#879,#880);
#879 = CARTESIAN_POINT('',(436.6,333.5,38.));
#880 = VECTOR('',#881,1.);
#881 = DIRECTION('',(-0.,1.,0.));
#882 = ORIENTED_EDGE('',*,*,#883,.T.);
#883 = EDGE_CURVE('',#876,#884,#886,.T.);
#884 = VERTEX_POINT('',#885);
#885 = CARTESIAN_POINT('',(436.6,345.5,150.));
#886 = LINE('',#887,#888);
#887 = CARTESIAN_POINT('',(436.6,345.5,38.));
#888 = VECTOR('',#889,1.);
#889 = DIRECTION('',(0.,0.,1.));
#890 = ORIENTED_EDGE('',*,*,#891,.F.);
#891 = EDGE_CURVE('',#868,#884,#892,.T.);
#892 = LINE('',#893,#894);
#893 = CARTESIAN_POINT('',(436.6,333.5,150.));
#894 = VECTOR('',#895,1.);
#895 = DIRECTION('',(-0.,1.,0.));
#896 = PLANE('',#897);
#897 = AXIS2_PLACEMENT_3D('',#898,#899,#900);
#898 = CARTESIAN_POINT('',(436.6,333.5,38.));
#899 = DIRECTION('',(1.,0.,-0.));
#900 = DIRECTION('',(0.,0.,1.));
#901 = ADVANCED_FACE('',(#902),#918,.F.);
#902 = FACE_BOUND('',#903,.F.);
#903 = EDGE_LOOP('',(#904,#910,#911,#917));
#904 = ORIENTED_EDGE('',*,*,#905,.F.);
#905 = EDGE_CURVE('',#826,#866,#906,.T.);
#906 = LINE('',#907,#908);
#907 = CARTESIAN_POINT('',(12.,333.5,38.));
#908 = VECTOR('',#909,1.);
#909 = DIRECTION('',(1.,0.,-0.));
#910 = ORIENTED_EDGE('',*,*,#825,.T.);
#911 = ORIENTED_EDGE('',*,*,#912,.T.);
#912 = EDGE_CURVE('',#828,#868,#913,.T.);
#913 = LINE('',#914,#915);
#914 = CARTESIAN_POINT('',(12.,333.5,150.));
#915 = VECTOR('',#916,1.);
#916 = DIRECTION('',(1.,0.,-0.));
#917 = ORIENTED_EDGE('',*,*,#865,.F.);
#918 = PLANE('',#919);
#919 = AXIS2_PLACEMENT_3D('',#920,#921,#922);
#920 = CARTESIAN_POINT('',(12.,333.5,38.));
#921 = DIRECTION('',(-0.,1.,0.));
#922 = DIRECTION('',(0.,0.,1.));
#923 = ADVANCED_FACE('',(#924),#940,.T.);
#924 = FACE_BOUND('',#925,.T.);
#925 = EDGE_LOOP('',(#926,#932,#933,#939));
#926 = ORIENTED_EDGE('',*,*,#927,.F.);
#927 = EDGE_CURVE('',#836,#876,#928,.T.);
#928 = LINE('',#929,#930);
#929 = CARTESIAN_POINT('',(12.,345.5,38.));
#930 = VECTOR('',#931,1.);
#931 = DIRECTION('',(1.,0.,-0.));
#932 = ORIENTED_EDGE('',*,*,#843,.T.);
#933 = ORIENTED_EDGE('',*,*,#934,.T.);
#934 = EDGE_CURVE('',#844,#884,#935,.T.);
#935 = LINE('',#936,#937);
#936 = CARTESIAN_POINT('',(12.,345.5,150.));
#937 = VECTOR('',#938,1.);
#938 = DIRECTION('',(1.,0.,-0.));
#939 = ORIENTED_EDGE('',*,*,#883,.F.);
#940 = PLANE('',#941);
#941 = AXIS2_PLACEMENT_3D('',#942,#943,#944);
#942 = CARTESIAN_POINT('',(12.,345.5,38.));
#943 = DIRECTION('',(-0.,1.,0.));
#944 = DIRECTION('',(0.,0.,1.));
#945 = ADVANCED_FACE('',(#946),#952,.F.);
#946 = FACE_BOUND('',#947,.F.);
#947 = EDGE_LOOP('',(#948,#949,#950,#951));
#948 = ORIENTED_EDGE('',*,*,#835,.F.);
#949 = ORIENTED_EDGE('',*,*,#905,.T.);
#950 = ORIENTED_EDGE('',*,*,#875,.T.);
#951 = ORIENTED_EDGE('',*,*,#927,.F.);
#952 = PLANE('',#953);
#953 = AXIS2_PLACEMENT_3D('',#954,#955,#956);
#954 = CARTESIAN_POINT('',(12.,333.5,38.));
#955 = DIRECTION('',(0.,0.,1.));
#956 = DIRECTION('',(1.,0.,-0.));
#957 = ADVANCED_FACE('',(#958),#964,.T.);
#958 = FACE_BOUND('',#959,.T.);
#959 = EDGE_LOOP('',(#960,#961,#962,#963));
#960 = ORIENTED_EDGE('',*,*,#851,.F.);
#961 = ORIENTED_EDGE('',*,*,#912,.T.);
#962 = ORIENTED_EDGE('',*,*,#891,.T.);
#963 = ORIENTED_EDGE('',*,*,#934,.F.);
#964 = PLANE('',#965);
#965 = AXIS2_PLACEMENT_3D('',#966,#967,#968);
#966 = CARTESIAN_POINT('',(12.,333.5,150.));
#967 = DIRECTION('',(0.,0.,1.));
#968 = DIRECTION('',(1.,0.,-0.));
#969 = ( GEOMETRIC_REPRESENTATION_CONTEXT(3) 
GLOBAL_UNCERTAINTY_ASSIGNED_CONTEXT((#973)) GLOBAL_UNIT_ASSIGNED_CONTEXT
((#970,#971,#972)) REPRESENTATION_CONTEXT('Context #1',
  '3D Context with UNIT and UNCERTAINTY') );
#970 = ( LENGTH_UNIT() NAMED_UNIT(*) SI_UNIT(.MILLI.,.METRE.) );
#971 = ( NAMED_UNIT(*) PLANE_ANGLE_UNIT() SI_UNIT($,.RADIAN.) );
#972 = ( NAMED_UNIT(*) SI_UNIT($,.STERADIAN.) SOLID_ANGLE_UNIT() );
#973 = UNCERTAINTY_MEASURE_WITH_UNIT(LENGTH_MEASURE(1.E-07),#970,
  'distance_accuracy_value','confusion accuracy');
#974 = CONTEXT_DEPENDENT_SHAPE_REPRESENTATION(#975,#977);
#975 = ( REPRESENTATION_RELATIONSHIP('','',#818,#10) 
REPRESENTATION_RELATIONSHIP_WITH_TRANSFORMATION(#976) 
SHAPE_REPRESENTATION_RELATIONSHIP() );
#976 = ITEM_DEFINED_TRANSFORMATION('','',#11,#27);
#977 = PRODUCT_DEFINITION_SHAPE('Placement','Placement of an item',#978
  );
#978 = NEXT_ASSEMBLY_USAGE_OCCURRENCE('4','后板','',#5,#813,$);
#979 = PRODUCT_RELATED_PRODUCT_CATEGORY('part',$,(#815));
#980 = SHAPE_DEFINITION_REPRESENTATION(#981,#987);
#981 = PRODUCT_DEFINITION_SHAPE('','',#982);
#982 = PRODUCT_DEFINITION('design','',#983,#986);
#983 = PRODUCT_DEFINITION_FORMATION('','',#984);
#984 = PRODUCT('前沿银色饰条','前沿银色饰条','',(#985));
#985 = PRODUCT_CONTEXT('',#2,'mechanical');
#986 = PRODUCT_DEFINITION_CONTEXT('part definition',#2,'design');
#987 = ADVANCED_BREP_SHAPE_REPRESENTATION('',(#11,#988),#1138);
#988 = MANIFOLD_SOLID_BREP('',#989);
#989 = CLOSED_SHELL('',(#990,#1030,#1070,#1092,#1114,#1126));
#990 = ADVANCED_FACE('',(#991),#1025,.F.);
#991 = FACE_BOUND('',#992,.F.);
#992 = EDGE_LOOP('',(#993,#1003,#1011,#1019));
#993 = ORIENTED_EDGE('',*,*,#994,.F.);
#994 = EDGE_CURVE('',#995,#997,#999,.T.);
#995 = VERTEX_POINT('',#996);
#996 = CARTESIAN_POINT('',(12.,0.,130.));
#997 = VERTEX_POINT('',#998);
#998 = CARTESIAN_POINT('',(12.,0.,150.));
#999 = LINE('',#1000,#1001);
#1000 = CARTESIAN_POINT('',(12.,0.,130.));
#1001 = VECTOR('',#1002,1.);
#1002 = DIRECTION('',(0.,0.,1.));
#1003 = ORIENTED_EDGE('',*,*,#1004,.T.);
#1004 = EDGE_CURVE('',#995,#1005,#1007,.T.);
#1005 = VERTEX_POINT('',#1006);
#1006 = CARTESIAN_POINT('',(12.,6.,130.));
#1007 = LINE('',#1008,#1009);
#1008 = CARTESIAN_POINT('',(12.,0.,130.));
#1009 = VECTOR('',#1010,1.);
#1010 = DIRECTION('',(-0.,1.,0.));
#1011 = ORIENTED_EDGE('',*,*,#1012,.T.);
#1012 = EDGE_CURVE('',#1005,#1013,#1015,.T.);
#1013 = VERTEX_POINT('',#1014);
#1014 = CARTESIAN_POINT('',(12.,6.,150.));
#1015 = LINE('',#1016,#1017);
#1016 = CARTESIAN_POINT('',(12.,6.,130.));
#1017 = VECTOR('',#1018,1.);
#1018 = DIRECTION('',(0.,0.,1.));
#1019 = ORIENTED_EDGE('',*,*,#1020,.F.);
#1020 = EDGE_CURVE('',#997,#1013,#1021,.T.);
#1021 = LINE('',#1022,#1023);
#1022 = CARTESIAN_POINT('',(12.,0.,150.));
#1023 = VECTOR('',#1024,1.);
#1024 = DIRECTION('',(-0.,1.,0.));
#1025 = PLANE('',#1026);
#1026 = AXIS2_PLACEMENT_3D('',#1027,#1028,#1029);
#1027 = CARTESIAN_POINT('',(12.,0.,130.));
#1028 = DIRECTION('',(1.,0.,-0.));
#1029 = DIRECTION('',(0.,0.,1.));
#1030 = ADVANCED_FACE('',(#1031),#1065,.T.);
#1031 = FACE_BOUND('',#1032,.T.);
#1032 = EDGE_LOOP('',(#1033,#1043,#1051,#1059));
#1033 = ORIENTED_EDGE('',*,*,#1034,.F.);
#1034 = EDGE_CURVE('',#1035,#1037,#1039,.T.);
#1035 = VERTEX_POINT('',#1036);
#1036 = CARTESIAN_POINT('',(436.6,0.,130.));
#1037 = VERTEX_POINT('',#1038);
#1038 = CARTESIAN_POINT('',(436.6,0.,150.));
#1039 = LINE('',#1040,#1041);
#1040 = CARTESIAN_POINT('',(436.6,0.,130.));
#1041 = VECTOR('',#1042,1.);
#1042 = DIRECTION('',(0.,0.,1.));
#1043 = ORIENTED_EDGE('',*,*,#1044,.T.);
#1044 = EDGE_CURVE('',#1035,#1045,#1047,.T.);
#1045 = VERTEX_POINT('',#1046);
#1046 = CARTESIAN_POINT('',(436.6,6.,130.));
#1047 = LINE('',#1048,#1049);
#1048 = CARTESIAN_POINT('',(436.6,0.,130.));
#1049 = VECTOR('',#1050,1.);
#1050 = DIRECTION('',(-0.,1.,0.));
#1051 = ORIENTED_EDGE('',*,*,#1052,.T.);
#1052 = EDGE_CURVE('',#1045,#1053,#1055,.T.);
#1053 = VERTEX_POINT('',#1054);
#1054 = CARTESIAN_POINT('',(436.6,6.,150.));
#1055 = LINE('',#1056,#1057);
#1056 = CARTESIAN_POINT('',(436.6,6.,130.));
#1057 = VECTOR('',#1058,1.);
#1058 = DIRECTION('',(0.,0.,1.));
#1059 = ORIENTED_EDGE('',*,*,#1060,.F.);
#1060 = EDGE_CURVE('',#1037,#1053,#1061,.T.);
#1061 = LINE('',#1062,#1063);
#1062 = CARTESIAN_POINT('',(436.6,0.,150.));
#1063 = VECTOR('',#1064,1.);
#1064 = DIRECTION('',(-0.,1.,0.));
#1065 = PLANE('',#1066);
#1066 = AXIS2_PLACEMENT_3D('',#1067,#1068,#1069);
#1067 = CARTESIAN_POINT('',(436.6,0.,130.));
#1068 = DIRECTION('',(1.,0.,-0.));
#1069 = DIRECTION('',(0.,0.,1.));
#1070 = ADVANCED_FACE('',(#1071),#1087,.F.);
#1071 = FACE_BOUND('',#1072,.F.);
#1072 = EDGE_LOOP('',(#1073,#1079,#1080,#1086));
#1073 = ORIENTED_EDGE('',*,*,#1074,.F.);
#1074 = EDGE_CURVE('',#995,#1035,#1075,.T.);
#1075 = LINE('',#1076,#1077);
#1076 = CARTESIAN_POINT('',(12.,0.,130.));
#1077 = VECTOR('',#1078,1.);
#1078 = DIRECTION('',(1.,0.,-0.));
#1079 = ORIENTED_EDGE('',*,*,#994,.T.);
#1080 = ORIENTED_EDGE('',*,*,#1081,.T.);
#1081 = EDGE_CURVE('',#997,#1037,#1082,.T.);
#1082 = LINE('',#1083,#1084);
#1083 = CARTESIAN_POINT('',(12.,0.,150.));
#1084 = VECTOR('',#1085,1.);
#1085 = DIRECTION('',(1.,0.,-0.));
#1086 = ORIENTED_EDGE('',*,*,#1034,.F.);
#1087 = PLANE('',#1088);
#1088 = AXIS2_PLACEMENT_3D('',#1089,#1090,#1091);
#1089 = CARTESIAN_POINT('',(12.,0.,130.));
#1090 = DIRECTION('',(-0.,1.,0.));
#1091 = DIRECTION('',(0.,0.,1.));
#1092 = ADVANCED_FACE('',(#1093),#1109,.T.);
#1093 = FACE_BOUND('',#1094,.T.);
#1094 = EDGE_LOOP('',(#1095,#1101,#1102,#1108));
#1095 = ORIENTED_EDGE('',*,*,#1096,.F.);
#1096 = EDGE_CURVE('',#1005,#1045,#1097,.T.);
#1097 = LINE('',#1098,#1099);
#1098 = CARTESIAN_POINT('',(12.,6.,130.));
#1099 = VECTOR('',#1100,1.);
#1100 = DIRECTION('',(1.,0.,-0.));
#1101 = ORIENTED_EDGE('',*,*,#1012,.T.);
#1102 = ORIENTED_EDGE('',*,*,#1103,.T.);
#1103 = EDGE_CURVE('',#1013,#1053,#1104,.T.);
#1104 = LINE('',#1105,#1106);
#1105 = CARTESIAN_POINT('',(12.,6.,150.));
#1106 = VECTOR('',#1107,1.);
#1107 = DIRECTION('',(1.,0.,-0.));
#1108 = ORIENTED_EDGE('',*,*,#1052,.F.);
#1109 = PLANE('',#1110);
#1110 = AXIS2_PLACEMENT_3D('',#1111,#1112,#1113);
#1111 = CARTESIAN_POINT('',(12.,6.,130.));
#1112 = DIRECTION('',(-0.,1.,0.));
#1113 = DIRECTION('',(0.,0.,1.));
#1114 = ADVANCED_FACE('',(#1115),#1121,.F.);
#1115 = FACE_BOUND('',#1116,.F.);
#1116 = EDGE_LOOP('',(#1117,#1118,#1119,#1120));
#1117 = ORIENTED_EDGE('',*,*,#1004,.F.);
#1118 = ORIENTED_EDGE('',*,*,#1074,.T.);
#1119 = ORIENTED_EDGE('',*,*,#1044,.T.);
#1120 = ORIENTED_EDGE('',*,*,#1096,.F.);
#1121 = PLANE('',#1122);
#1122 = AXIS2_PLACEMENT_3D('',#1123,#1124,#1125);
#1123 = CARTESIAN_POINT('',(12.,0.,130.));
#1124 = DIRECTION('',(0.,0.,1.));
#1125 = DIRECTION('',(1.,0.,-0.));
#1126 = ADVANCED_FACE('',(#1127),#1133,.T.);
#1127 = FACE_BOUND('',#1128,.T.);
#1128 = EDGE_LOOP('',(#1129,#1130,#1131,#1132));
#1129 = ORIENTED_EDGE('',*,*,#1020,.F.);
#1130 = ORIENTED_EDGE('',*,*,#1081,.T.);
#1131 = ORIENTED_EDGE('',*,*,#1060,.T.);
#1132 = ORIENTED_EDGE('',*,*,#1103,.F.);
#1133 = PLANE('',#1134);
#1134 = AXIS2_PLACEMENT_3D('',#1135,#1136,#1137);
#1135 = CARTESIAN_POINT('',(12.,0.,150.));
#1136 = DIRECTION('',(0.,0.,1.));
#1137 = DIRECTION('',(1.,0.,-0.));
#1138 = ( GEOMETRIC_REPRESENTATION_CONTEXT(3) 
GLOBAL_UNCERTAINTY_ASSIGNED_CONTEXT((#1142)) 
GLOBAL_UNIT_ASSIGNED_CONTEXT((#1139,#1140,#1141)) REPRESENTATION_CONTEXT
('Context #1','3D Context with UNIT and UNCERTAINTY') );
#1139 = ( LENGTH_UNIT() NAMED_UNIT(*) SI_UNIT(.MILLI.,.METRE.) );
#1140 = ( NAMED_UNIT(*) PLANE_ANGLE_UNIT() SI_UNIT($,.RADIAN.) );
#1141 = ( NAMED_UNIT(*) SI_UNIT($,.STERADIAN.) SOLID_ANGLE_UNIT() );
#1142 = UNCERTAINTY_MEASURE_WITH_UNIT(LENGTH_MEASURE(1.E-07),#1139,
  'distance_accuracy_value','confusion accuracy');
#1143 = CONTEXT_DEPENDENT_SHAPE_REPRESENTATION(#1144,#1146);
#1144 = ( REPRESENTATION_RELATIONSHIP('','',#987,#10) 
REPRESENTATION_RELATIONSHIP_WITH_TRANSFORMATION(#1145) 
SHAPE_REPRESENTATION_RELATIONSHIP() );
#1145 = ITEM_DEFINED_TRANSFORMATION('','',#11,#31);
#1146 = PRODUCT_DEFINITION_SHAPE('Placement','Placement of an item',
  #1147);
#1147 = NEXT_ASSEMBLY_USAGE_OCCURRENCE('5','前沿银色饰条','',#5,
  #982,$);
#1148 = PRODUCT_RELATED_PRODUCT_CATEGORY('part',$,(#984));
#1149 = SHAPE_DEFINITION_REPRESENTATION(#1150,#1156);
#1150 = PRODUCT_DEFINITION_SHAPE('','',#1151);
#1151 = PRODUCT_DEFINITION('design','',#1152,#1155);
#1152 = PRODUCT_DEFINITION_FORMATION('','',#1153);
#1153 = PRODUCT('格栅下横梁','格栅下横梁','',(#1154));
#1154 = PRODUCT_CONTEXT('',#2,'mechanical');
#1155 = PRODUCT_DEFINITION_CONTEXT('part definition',#2,'design');
#1156 = ADVANCED_BREP_SHAPE_REPRESENTATION('',(#11,#1157),#1307);
#1157 = MANIFOLD_SOLID_BREP('',#1158);
#1158 = CLOSED_SHELL('',(#1159,#1199,#1239,#1261,#1283,#1295));
#1159 = ADVANCED_FACE('',(#1160),#1194,.F.);
#1160 = FACE_BOUND('',#1161,.F.);
#1161 = EDGE_LOOP('',(#1162,#1172,#1180,#1188));
#1162 = ORIENTED_EDGE('',*,*,#1163,.F.);
#1163 = EDGE_CURVE('',#1164,#1166,#1168,.T.);
#1164 = VERTEX_POINT('',#1165);
#1165 = CARTESIAN_POINT('',(12.,0.,26.));
#1166 = VERTEX_POINT('',#1167);
#1167 = CARTESIAN_POINT('',(12.,0.,38.));
#1168 = LINE('',#1169,#1170);
#1169 = CARTESIAN_POINT('',(12.,0.,26.));
#1170 = VECTOR('',#1171,1.);
#1171 = DIRECTION('',(0.,0.,1.));
#1172 = ORIENTED_EDGE('',*,*,#1173,.T.);
#1173 = EDGE_CURVE('',#1164,#1174,#1176,.T.);
#1174 = VERTEX_POINT('',#1175);
#1175 = CARTESIAN_POINT('',(12.,8.,26.));
#1176 = LINE('',#1177,#1178);
#1177 = CARTESIAN_POINT('',(12.,0.,26.));
#1178 = VECTOR('',#1179,1.);
#1179 = DIRECTION('',(-0.,1.,0.));
#1180 = ORIENTED_EDGE('',*,*,#1181,.T.);
#1181 = EDGE_CURVE('',#1174,#1182,#1184,.T.);
#1182 = VERTEX_POINT('',#1183);
#1183 = CARTESIAN_POINT('',(12.,8.,38.));
#1184 = LINE('',#1185,#1186);
#1185 = CARTESIAN_POINT('',(12.,8.,26.));
#1186 = VECTOR('',#1187,1.);
#1187 = DIRECTION('',(0.,0.,1.));
#1188 = ORIENTED_EDGE('',*,*,#1189,.F.);
#1189 = EDGE_CURVE('',#1166,#1182,#1190,.T.);
#1190 = LINE('',#1191,#1192);
#1191 = CARTESIAN_POINT('',(12.,0.,38.));
#1192 = VECTOR('',#1193,1.);
#1193 = DIRECTION('',(-0.,1.,0.));
#1194 = PLANE('',#1195);
#1195 = AXIS2_PLACEMENT_3D('',#1196,#1197,#1198);
#1196 = CARTESIAN_POINT('',(12.,0.,26.));
#1197 = DIRECTION('',(1.,0.,-0.));
#1198 = DIRECTION('',(0.,0.,1.));
#1199 = ADVANCED_FACE('',(#1200),#1234,.T.);
#1200 = FACE_BOUND('',#1201,.T.);
#1201 = EDGE_LOOP('',(#1202,#1212,#1220,#1228));
#1202 = ORIENTED_EDGE('',*,*,#1203,.F.);
#1203 = EDGE_CURVE('',#1204,#1206,#1208,.T.);
#1204 = VERTEX_POINT('',#1205);
#1205 = CARTESIAN_POINT('',(436.6,0.,26.));
#1206 = VERTEX_POINT('',#1207);
#1207 = CARTESIAN_POINT('',(436.6,0.,38.));
#1208 = LINE('',#1209,#1210);
#1209 = CARTESIAN_POINT('',(436.6,0.,26.));
#1210 = VECTOR('',#1211,1.);
#1211 = DIRECTION('',(0.,0.,1.));
#1212 = ORIENTED_EDGE('',*,*,#1213,.T.);
#1213 = EDGE_CURVE('',#1204,#1214,#1216,.T.);
#1214 = VERTEX_POINT('',#1215);
#1215 = CARTESIAN_POINT('',(436.6,8.,26.));
#1216 = LINE('',#1217,#1218);
#1217 = CARTESIAN_POINT('',(436.6,0.,26.));
#1218 = VECTOR('',#1219,1.);
#1219 = DIRECTION('',(-0.,1.,0.));
#1220 = ORIENTED_EDGE('',*,*,#1221,.T.);
#1221 = EDGE_CURVE('',#1214,#1222,#1224,.T.);
#1222 = VERTEX_POINT('',#1223);
#1223 = CARTESIAN_POINT('',(436.6,8.,38.));
#1224 = LINE('',#1225,#1226);
#1225 = CARTESIAN_POINT('',(436.6,8.,26.));
#1226 = VECTOR('',#1227,1.);
#1227 = DIRECTION('',(0.,0.,1.));
#1228 = ORIENTED_EDGE('',*,*,#1229,.F.);
#1229 = EDGE_CURVE('',#1206,#1222,#1230,.T.);
#1230 = LINE('',#1231,#1232);
#1231 = CARTESIAN_POINT('',(436.6,0.,38.));
#1232 = VECTOR('',#1233,1.);
#1233 = DIRECTION('',(-0.,1.,0.));
#1234 = PLANE('',#1235);
#1235 = AXIS2_PLACEMENT_3D('',#1236,#1237,#1238);
#1236 = CARTESIAN_POINT('',(436.6,0.,26.));
#1237 = DIRECTION('',(1.,0.,-0.));
#1238 = DIRECTION('',(0.,0.,1.));
#1239 = ADVANCED_FACE('',(#1240),#1256,.F.);
#1240 = FACE_BOUND('',#1241,.F.);
#1241 = EDGE_LOOP('',(#1242,#1248,#1249,#1255));
#1242 = ORIENTED_EDGE('',*,*,#1243,.F.);
#1243 = EDGE_CURVE('',#1164,#1204,#1244,.T.);
#1244 = LINE('',#1245,#1246);
#1245 = CARTESIAN_POINT('',(12.,0.,26.));
#1246 = VECTOR('',#1247,1.);
#1247 = DIRECTION('',(1.,0.,-0.));
#1248 = ORIENTED_EDGE('',*,*,#1163,.T.);
#1249 = ORIENTED_EDGE('',*,*,#1250,.T.);
#1250 = EDGE_CURVE('',#1166,#1206,#1251,.T.);
#1251 = LINE('',#1252,#1253);
#1252 = CARTESIAN_POINT('',(12.,0.,38.));
#1253 = VECTOR('',#1254,1.);
#1254 = DIRECTION('',(1.,0.,-0.));
#1255 = ORIENTED_EDGE('',*,*,#1203,.F.);
#1256 = PLANE('',#1257);
#1257 = AXIS2_PLACEMENT_3D('',#1258,#1259,#1260);
#1258 = CARTESIAN_POINT('',(12.,0.,26.));
#1259 = DIRECTION('',(-0.,1.,0.));
#1260 = DIRECTION('',(0.,0.,1.));
#1261 = ADVANCED_FACE('',(#1262),#1278,.T.);
#1262 = FACE_BOUND('',#1263,.T.);
#1263 = EDGE_LOOP('',(#1264,#1270,#1271,#1277));
#1264 = ORIENTED_EDGE('',*,*,#1265,.F.);
#1265 = EDGE_CURVE('',#1174,#1214,#1266,.T.);
#1266 = LINE('',#1267,#1268);
#1267 = CARTESIAN_POINT('',(12.,8.,26.));
#1268 = VECTOR('',#1269,1.);
#1269 = DIRECTION('',(1.,0.,-0.));
#1270 = ORIENTED_EDGE('',*,*,#1181,.T.);
#1271 = ORIENTED_EDGE('',*,*,#1272,.T.);
#1272 = EDGE_CURVE('',#1182,#1222,#1273,.T.);
#1273 = LINE('',#1274,#1275);
#1274 = CARTESIAN_POINT('',(12.,8.,38.));
#1275 = VECTOR('',#1276,1.);
#1276 = DIRECTION('',(1.,0.,-0.));
#1277 = ORIENTED_EDGE('',*,*,#1221,.F.);
#1278 = PLANE('',#1279);
#1279 = AXIS2_PLACEMENT_3D('',#1280,#1281,#1282);
#1280 = CARTESIAN_POINT('',(12.,8.,26.));
#1281 = DIRECTION('',(-0.,1.,0.));
#1282 = DIRECTION('',(0.,0.,1.));
#1283 = ADVANCED_FACE('',(#1284),#1290,.F.);
#1284 = FACE_BOUND('',#1285,.F.);
#1285 = EDGE_LOOP('',(#1286,#1287,#1288,#1289));
#1286 = ORIENTED_EDGE('',*,*,#1173,.F.);
#1287 = ORIENTED_EDGE('',*,*,#1243,.T.);
#1288 = ORIENTED_EDGE('',*,*,#1213,.T.);
#1289 = ORIENTED_EDGE('',*,*,#1265,.F.);
#1290 = PLANE('',#1291);
#1291 = AXIS2_PLACEMENT_3D('',#1292,#1293,#1294);
#1292 = CARTESIAN_POINT('',(12.,0.,26.));
#1293 = DIRECTION('',(0.,0.,1.));
#1294 = DIRECTION('',(1.,0.,-0.));
#1295 = ADVANCED_FACE('',(#1296),#1302,.T.);
#1296 = FACE_BOUND('',#1297,.T.);
#1297 = EDGE_LOOP('',(#1298,#1299,#1300,#1301));
#1298 = ORIENTED_EDGE('',*,*,#1189,.F.);
#1299 = ORIENTED_EDGE('',*,*,#1250,.T.);
#1300 = ORIENTED_EDGE('',*,*,#1229,.T.);
#1301 = ORIENTED_EDGE('',*,*,#1272,.F.);
#1302 = PLANE('',#1303);
#1303 = AXIS2_PLACEMENT_3D('',#1304,#1305,#1306);
#1304 = CARTESIAN_POINT('',(12.,0.,38.));
#1305 = DIRECTION('',(0.,0.,1.));
#1306 = DIRECTION('',(1.,0.,-0.));
#1307 = ( GEOMETRIC_REPRESENTATION_CONTEXT(3) 
GLOBAL_UNCERTAINTY_ASSIGNED_CONTEXT((#1311)) 
GLOBAL_UNIT_ASSIGNED_CONTEXT((#1308,#1309,#1310)) REPRESENTATION_CONTEXT
('Context #1','3D Context with UNIT and UNCERTAINTY') );
#1308 = ( LENGTH_UNIT() NAMED_UNIT(*) SI_UNIT(.MILLI.,.METRE.) );
#1309 = ( NAMED_UNIT(*) PLANE_ANGLE_UNIT() SI_UNIT($,.RADIAN.) );
#1310 = ( NAMED_UNIT(*) SI_UNIT($,.STERADIAN.) SOLID_ANGLE_UNIT() );
#1311 = UNCERTAINTY_MEASURE_WITH_UNIT(LENGTH_MEASURE(1.E-07),#1308,
  'distance_accuracy_value','confusion accuracy');
#1312 = CONTEXT_DEPENDENT_SHAPE_REPRESENTATION(#1313,#1315);
#1313 = ( REPRESENTATION_RELATIONSHIP('','',#1156,#10) 
REPRESENTATION_RELATIONSHIP_WITH_TRANSFORMATION(#1314) 
SHAPE_REPRESENTATION_RELATIONSHIP() );
#1314 = ITEM_DEFINED_TRANSFORMATION('','',#11,#35);
#1315 = PRODUCT_DEFINITION_SHAPE('Placement','Placement of an item',
  #1316);
#1316 = NEXT_ASSEMBLY_USAGE_OCCURRENCE('6','格栅下横梁','',#5,#1151
  ,$);
#1317 = PRODUCT_RELATED_PRODUCT_CATEGORY('part',$,(#1153));
#1318 = SHAPE_DEFINITION_REPRESENTATION(#1319,#1325);
#1319 = PRODUCT_DEFINITION_SHAPE('','',#1320);
#1320 = PRODUCT_DEFINITION('design','',#1321,#1324);
#1321 = PRODUCT_DEFINITION_FORMATION('','',#1322);
#1322 = PRODUCT('透声布外观占位（非实心材料）',
  '透声布外观占位（非实心材料）','',(#1323));
#1323 = PRODUCT_CONTEXT('',#2,'mechanical');
#1324 = PRODUCT_DEFINITION_CONTEXT('part definition',#2,'design');
#1325 = ADVANCED_BREP_SHAPE_REPRESENTATION('',(#11,#1326),#1476);
#1326 = MANIFOLD_SOLID_BREP('',#1327);
#1327 = CLOSED_SHELL('',(#1328,#1368,#1399,#1430,#1452,#1464));
#1328 = ADVANCED_FACE('',(#1329),#1363,.T.);
#1329 = FACE_BOUND('',#1330,.T.);
#1330 = EDGE_LOOP('',(#1331,#1341,#1349,#1357));
#1331 = ORIENTED_EDGE('',*,*,#1332,.T.);
#1332 = EDGE_CURVE('',#1333,#1335,#1337,.T.);
#1333 = VERTEX_POINT('',#1334);
#1334 = CARTESIAN_POINT('',(12.,12.,38.));
#1335 = VERTEX_POINT('',#1336);
#1336 = CARTESIAN_POINT('',(436.6,12.,38.));
#1337 = LINE('',#1338,#1339);
#1338 = CARTESIAN_POINT('',(12.,12.,38.));
#1339 = VECTOR('',#1340,1.);
#1340 = DIRECTION('',(1.,0.,0.));
#1341 = ORIENTED_EDGE('',*,*,#1342,.T.);
#1342 = EDGE_CURVE('',#1335,#1343,#1345,.T.);
#1343 = VERTEX_POINT('',#1344);
#1344 = CARTESIAN_POINT('',(436.6,41.242772660962,128.));
#1345 = LINE('',#1346,#1347);
#1346 = CARTESIAN_POINT('',(436.6,12.,38.));
#1347 = VECTOR('',#1348,1.);
#1348 = DIRECTION('',(0.,0.309016994375,0.951056516295));
#1349 = ORIENTED_EDGE('',*,*,#1350,.F.);
#1350 = EDGE_CURVE('',#1351,#1343,#1353,.T.);
#1351 = VERTEX_POINT('',#1352);
#1352 = CARTESIAN_POINT('',(12.,41.242772660962,128.));
#1353 = LINE('',#1354,#1355);
#1354 = CARTESIAN_POINT('',(12.,41.242772660962,128.));
#1355 = VECTOR('',#1356,1.);
#1356 = DIRECTION('',(1.,0.,0.));
#1357 = ORIENTED_EDGE('',*,*,#1358,.F.);
#1358 = EDGE_CURVE('',#1333,#1351,#1359,.T.);
#1359 = LINE('',#1360,#1361);
#1360 = CARTESIAN_POINT('',(12.,12.,38.));
#1361 = VECTOR('',#1362,1.);
#1362 = DIRECTION('',(0.,0.309016994375,0.951056516295));
#1363 = PLANE('',#1364);
#1364 = AXIS2_PLACEMENT_3D('',#1365,#1366,#1367);
#1365 = CARTESIAN_POINT('',(12.,12.,38.));
#1366 = DIRECTION('',(0.,-0.951056516295,0.309016994375));
#1367 = DIRECTION('',(0.,0.309016994375,0.951056516295));
#1368 = ADVANCED_FACE('',(#1369),#1394,.T.);
#1369 = FACE_BOUND('',#1370,.T.);
#1370 = EDGE_LOOP('',(#1371,#1372,#1380,#1388));
#1371 = ORIENTED_EDGE('',*,*,#1350,.T.);
#1372 = ORIENTED_EDGE('',*,*,#1373,.T.);
#1373 = EDGE_CURVE('',#1343,#1374,#1376,.T.);
#1374 = VERTEX_POINT('',#1375);
#1375 = CARTESIAN_POINT('',(436.6,41.742772660962,128.));
#1376 = LINE('',#1377,#1378);
#1377 = CARTESIAN_POINT('',(436.6,41.242772660962,128.));
#1378 = VECTOR('',#1379,1.);
#1379 = DIRECTION('',(0.,1.,0.));
#1380 = ORIENTED_EDGE('',*,*,#1381,.F.);
#1381 = EDGE_CURVE('',#1382,#1374,#1384,.T.);
#1382 = VERTEX_POINT('',#1383);
#1383 = CARTESIAN_POINT('',(12.,41.742772660962,128.));
#1384 = LINE('',#1385,#1386);
#1385 = CARTESIAN_POINT('',(12.,41.742772660962,128.));
#1386 = VECTOR('',#1387,1.);
#1387 = DIRECTION('',(1.,0.,0.));
#1388 = ORIENTED_EDGE('',*,*,#1389,.F.);
#1389 = EDGE_CURVE('',#1351,#1382,#1390,.T.);
#1390 = LINE('',#1391,#1392);
#1391 = CARTESIAN_POINT('',(12.,41.242772660962,128.));
#1392 = VECTOR('',#1393,1.);
#1393 = DIRECTION('',(0.,1.,0.));
#1394 = PLANE('',#1395);
#1395 = AXIS2_PLACEMENT_3D('',#1396,#1397,#1398);
#1396 = CARTESIAN_POINT('',(12.,41.242772660962,128.));
#1397 = DIRECTION('',(0.,0.,1.));
#1398 = DIRECTION('',(0.,1.,0.));
#1399 = ADVANCED_FACE('',(#1400),#1425,.T.);
#1400 = FACE_BOUND('',#1401,.T.);
#1401 = EDGE_LOOP('',(#1402,#1403,#1411,#1419));
#1402 = ORIENTED_EDGE('',*,*,#1381,.T.);
#1403 = ORIENTED_EDGE('',*,*,#1404,.T.);
#1404 = EDGE_CURVE('',#1374,#1405,#1407,.T.);
#1405 = VERTEX_POINT('',#1406);
#1406 = CARTESIAN_POINT('',(436.6,12.5,38.));
#1407 = LINE('',#1408,#1409);
#1408 = CARTESIAN_POINT('',(436.6,41.742772660962,128.));
#1409 = VECTOR('',#1410,1.);
#1410 = DIRECTION('',(0.,-0.309016994375,-0.951056516295));
#1411 = ORIENTED_EDGE('',*,*,#1412,.F.);
#1412 = EDGE_CURVE('',#1413,#1405,#1415,.T.);
#1413 = VERTEX_POINT('',#1414);
#1414 = CARTESIAN_POINT('',(12.,12.5,38.));
#1415 = LINE('',#1416,#1417);
#1416 = CARTESIAN_POINT('',(12.,12.5,38.));
#1417 = VECTOR('',#1418,1.);
#1418 = DIRECTION('',(1.,0.,0.));
#1419 = ORIENTED_EDGE('',*,*,#1420,.F.);
#1420 = EDGE_CURVE('',#1382,#1413,#1421,.T.);
#1421 = LINE('',#1422,#1423);
#1422 = CARTESIAN_POINT('',(12.,41.742772660962,128.));
#1423 = VECTOR('',#1424,1.);
#1424 = DIRECTION('',(0.,-0.309016994375,-0.951056516295));
#1425 = PLANE('',#1426);
#1426 = AXIS2_PLACEMENT_3D('',#1427,#1428,#1429);
#1427 = CARTESIAN_POINT('',(12.,41.742772660962,128.));
#1428 = DIRECTION('',(0.,0.951056516295,-0.309016994375));
#1429 = DIRECTION('',(0.,-0.309016994375,-0.951056516295));
#1430 = ADVANCED_FACE('',(#1431),#1447,.T.);
#1431 = FACE_BOUND('',#1432,.T.);
#1432 = EDGE_LOOP('',(#1433,#1434,#1440,#1441));
#1433 = ORIENTED_EDGE('',*,*,#1412,.T.);
#1434 = ORIENTED_EDGE('',*,*,#1435,.T.);
#1435 = EDGE_CURVE('',#1405,#1335,#1436,.T.);
#1436 = LINE('',#1437,#1438);
#1437 = CARTESIAN_POINT('',(436.6,12.5,38.));
#1438 = VECTOR('',#1439,1.);
#1439 = DIRECTION('',(0.,-1.,0.));
#1440 = ORIENTED_EDGE('',*,*,#1332,.F.);
#1441 = ORIENTED_EDGE('',*,*,#1442,.F.);
#1442 = EDGE_CURVE('',#1413,#1333,#1443,.T.);
#1443 = LINE('',#1444,#1445);
#1444 = CARTESIAN_POINT('',(12.,12.5,38.));
#1445 = VECTOR('',#1446,1.);
#1446 = DIRECTION('',(0.,-1.,0.));
#1447 = PLANE('',#1448);
#1448 = AXIS2_PLACEMENT_3D('',#1449,#1450,#1451);
#1449 = CARTESIAN_POINT('',(12.,12.5,38.));
#1450 = DIRECTION('',(0.,0.,-1.));
#1451 = DIRECTION('',(0.,-1.,0.));
#1452 = ADVANCED_FACE('',(#1453),#1459,.T.);
#1453 = FACE_BOUND('',#1454,.T.);
#1454 = EDGE_LOOP('',(#1455,#1456,#1457,#1458));
#1455 = ORIENTED_EDGE('',*,*,#1358,.T.);
#1456 = ORIENTED_EDGE('',*,*,#1389,.T.);
#1457 = ORIENTED_EDGE('',*,*,#1420,.T.);
#1458 = ORIENTED_EDGE('',*,*,#1442,.T.);
#1459 = PLANE('',#1460);
#1460 = AXIS2_PLACEMENT_3D('',#1461,#1462,#1463);
#1461 = CARTESIAN_POINT('',(12.,26.871386330481,83.));
#1462 = DIRECTION('',(-1.,-0.,-0.));
#1463 = DIRECTION('',(0.,0.,-1.));
#1464 = ADVANCED_FACE('',(#1465),#1471,.F.);
#1465 = FACE_BOUND('',#1466,.F.);
#1466 = EDGE_LOOP('',(#1467,#1468,#1469,#1470));
#1467 = ORIENTED_EDGE('',*,*,#1342,.T.);
#1468 = ORIENTED_EDGE('',*,*,#1373,.T.);
#1469 = ORIENTED_EDGE('',*,*,#1404,.T.);
#1470 = ORIENTED_EDGE('',*,*,#1435,.T.);
#1471 = PLANE('',#1472);
#1472 = AXIS2_PLACEMENT_3D('',#1473,#1474,#1475);
#1473 = CARTESIAN_POINT('',(436.6,26.871386330481,83.));
#1474 = DIRECTION('',(-1.,-0.,-0.));
#1475 = DIRECTION('',(0.,0.,-1.));
#1476 = ( GEOMETRIC_REPRESENTATION_CONTEXT(3) 
GLOBAL_UNCERTAINTY_ASSIGNED_CONTEXT((#1480)) 
GLOBAL_UNIT_ASSIGNED_CONTEXT((#1477,#1478,#1479)) REPRESENTATION_CONTEXT
('Context #1','3D Context with UNIT and UNCERTAINTY') );
#1477 = ( LENGTH_UNIT() NAMED_UNIT(*) SI_UNIT(.MILLI.,.METRE.) );
#1478 = ( NAMED_UNIT(*) PLANE_ANGLE_UNIT() SI_UNIT($,.RADIAN.) );
#1479 = ( NAMED_UNIT(*) SI_UNIT($,.STERADIAN.) SOLID_ANGLE_UNIT() );
#1480 = UNCERTAINTY_MEASURE_WITH_UNIT(LENGTH_MEASURE(1.E-07),#1477,
  'distance_accuracy_value','confusion accuracy');
#1481 = CONTEXT_DEPENDENT_SHAPE_REPRESENTATION(#1482,#1484);
#1482 = ( REPRESENTATION_RELATIONSHIP('','',#1325,#10) 
REPRESENTATION_RELATIONSHIP_WITH_TRANSFORMATION(#1483) 
SHAPE_REPRESENTATION_RELATIONSHIP() );
#1483 = ITEM_DEFINED_TRANSFORMATION('','',#11,#39);
#1484 = PRODUCT_DEFINITION_SHAPE('Placement','Placement of an item',
  #1485);
#1485 = NEXT_ASSEMBLY_USAGE_OCCURRENCE('7',
  '透声布外观占位（非实心材料）','',#5,#1320,$);
#1486 = PRODUCT_RELATED_PRODUCT_CATEGORY('part',$,(#1322));
#1487 = SHAPE_DEFINITION_REPRESENTATION(#1488,#1494);
#1488 = PRODUCT_DEFINITION_SHAPE('','',#1489);
#1489 = PRODUCT_DEFINITION('design','',#1490,#1493);
#1490 = PRODUCT_DEFINITION_FORMATION('','',#1491);
#1491 = PRODUCT('横向木格栅 01','横向木格栅 01','',(#1492));
#1492 = PRODUCT_CONTEXT('',#2,'mechanical');
#1493 = PRODUCT_DEFINITION_CONTEXT('part definition',#2,'design');
#1494 = ADVANCED_BREP_SHAPE_REPRESENTATION('',(#11,#1495),#1645);
#1495 = MANIFOLD_SOLID_BREP('',#1496);
#1496 = CLOSED_SHELL('',(#1497,#1537,#1568,#1599,#1621,#1633));
#1497 = ADVANCED_FACE('',(#1498),#1532,.T.);
#1498 = FACE_BOUND('',#1499,.T.);
#1499 = EDGE_LOOP('',(#1500,#1510,#1518,#1526));
#1500 = ORIENTED_EDGE('',*,*,#1501,.T.);
#1501 = EDGE_CURVE('',#1502,#1504,#1506,.T.);
#1502 = VERTEX_POINT('',#1503);
#1503 = CARTESIAN_POINT('',(12.,8.649839392466,40.));
#1504 = VERTEX_POINT('',#1505);
#1505 = CARTESIAN_POINT('',(436.6,8.649839392466,40.));
#1506 = LINE('',#1507,#1508);
#1507 = CARTESIAN_POINT('',(12.,8.649839392466,40.));
#1508 = VECTOR('',#1509,1.);
#1509 = DIRECTION('',(1.,0.,0.));
#1510 = ORIENTED_EDGE('',*,*,#1511,.T.);
#1511 = EDGE_CURVE('',#1504,#1512,#1514,.T.);
#1512 = VERTEX_POINT('',#1513);
#1513 = CARTESIAN_POINT('',(436.6,10.924277266096,47.));
#1514 = LINE('',#1515,#1516);
#1515 = CARTESIAN_POINT('',(436.6,8.649839392466,40.));
#1516 = VECTOR('',#1517,1.);
#1517 = DIRECTION('',(0.,0.309016994375,0.951056516295));
#1518 = ORIENTED_EDGE('',*,*,#1519,.F.);
#1519 = EDGE_CURVE('',#1520,#1512,#1522,.T.);
#1520 = VERTEX_POINT('',#1521);
#1521 = CARTESIAN_POINT('',(12.,10.924277266096,47.));
#1522 = LINE('',#1523,#1524);
#1523 = CARTESIAN_POINT('',(12.,10.924277266096,47.));
#1524 = VECTOR('',#1525,1.);
#1525 = DIRECTION('',(1.,0.,0.));
#1526 = ORIENTED_EDGE('',*,*,#1527,.F.);
#1527 = EDGE_CURVE('',#1502,#1520,#1528,.T.);
#1528 = LINE('',#1529,#1530);
#1529 = CARTESIAN_POINT('',(12.,8.649839392466,40.));
#1530 = VECTOR('',#1531,1.);
#1531 = DIRECTION('',(0.,0.309016994375,0.951056516295));
#1532 = PLANE('',#1533);
#1533 = AXIS2_PLACEMENT_3D('',#1534,#1535,#1536);
#1534 = CARTESIAN_POINT('',(12.,8.649839392466,40.));
#1535 = DIRECTION('',(0.,-0.951056516295,0.309016994375));
#1536 = DIRECTION('',(0.,0.309016994375,0.951056516295));
#1537 = ADVANCED_FACE('',(#1538),#1563,.T.);
#1538 = FACE_BOUND('',#1539,.T.);
#1539 = EDGE_LOOP('',(#1540,#1541,#1549,#1557));
#1540 = ORIENTED_EDGE('',*,*,#1519,.T.);
#1541 = ORIENTED_EDGE('',*,*,#1542,.T.);
#1542 = EDGE_CURVE('',#1512,#1543,#1545,.T.);
#1543 = VERTEX_POINT('',#1544);
#1544 = CARTESIAN_POINT('',(436.6,13.924277266096,47.));
#1545 = LINE('',#1546,#1547);
#1546 = CARTESIAN_POINT('',(436.6,10.924277266096,47.));
#1547 = VECTOR('',#1548,1.);
#1548 = DIRECTION('',(0.,1.,0.));
#1549 = ORIENTED_EDGE('',*,*,#1550,.F.);
#1550 = EDGE_CURVE('',#1551,#1543,#1553,.T.);
#1551 = VERTEX_POINT('',#1552);
#1552 = CARTESIAN_POINT('',(12.,13.924277266096,47.));
#1553 = LINE('',#1554,#1555);
#1554 = CARTESIAN_POINT('',(12.,13.924277266096,47.));
#1555 = VECTOR('',#1556,1.);
#1556 = DIRECTION('',(1.,0.,0.));
#1557 = ORIENTED_EDGE('',*,*,#1558,.F.);
#1558 = EDGE_CURVE('',#1520,#1551,#1559,.T.);
#1559 = LINE('',#1560,#1561);
#1560 = CARTESIAN_POINT('',(12.,10.924277266096,47.));
#1561 = VECTOR('',#1562,1.);
#1562 = DIRECTION('',(0.,1.,0.));
#1563 = PLANE('',#1564);
#1564 = AXIS2_PLACEMENT_3D('',#1565,#1566,#1567);
#1565 = CARTESIAN_POINT('',(12.,10.924277266096,47.));
#1566 = DIRECTION('',(0.,0.,1.));
#1567 = DIRECTION('',(0.,1.,0.));
#1568 = ADVANCED_FACE('',(#1569),#1594,.T.);
#1569 = FACE_BOUND('',#1570,.T.);
#1570 = EDGE_LOOP('',(#1571,#1572,#1580,#1588));
#1571 = ORIENTED_EDGE('',*,*,#1550,.T.);
#1572 = ORIENTED_EDGE('',*,*,#1573,.T.);
#1573 = EDGE_CURVE('',#1543,#1574,#1576,.T.);
#1574 = VERTEX_POINT('',#1575);
#1575 = CARTESIAN_POINT('',(436.6,11.649839392466,40.));
#1576 = LINE('',#1577,#1578);
#1577 = CARTESIAN_POINT('',(436.6,13.924277266096,47.));
#1578 = VECTOR('',#1579,1.);
#1579 = DIRECTION('',(0.,-0.309016994375,-0.951056516295));
#1580 = ORIENTED_EDGE('',*,*,#1581,.F.);
#1581 = EDGE_CURVE('',#1582,#1574,#1584,.T.);
#1582 = VERTEX_POINT('',#1583);
#1583 = CARTESIAN_POINT('',(12.,11.649839392466,40.));
#1584 = LINE('',#1585,#1586);
#1585 = CARTESIAN_POINT('',(12.,11.649839392466,40.));
#1586 = VECTOR('',#1587,1.);
#1587 = DIRECTION('',(1.,0.,0.));
#1588 = ORIENTED_EDGE('',*,*,#1589,.F.);
#1589 = EDGE_CURVE('',#1551,#1582,#1590,.T.);
#1590 = LINE('',#1591,#1592);
#1591 = CARTESIAN_POINT('',(12.,13.924277266096,47.));
#1592 = VECTOR('',#1593,1.);
#1593 = DIRECTION('',(0.,-0.309016994375,-0.951056516295));
#1594 = PLANE('',#1595);
#1595 = AXIS2_PLACEMENT_3D('',#1596,#1597,#1598);
#1596 = CARTESIAN_POINT('',(12.,13.924277266096,47.));
#1597 = DIRECTION('',(0.,0.951056516295,-0.309016994375));
#1598 = DIRECTION('',(0.,-0.309016994375,-0.951056516295));
#1599 = ADVANCED_FACE('',(#1600),#1616,.T.);
#1600 = FACE_BOUND('',#1601,.T.);
#1601 = EDGE_LOOP('',(#1602,#1603,#1609,#1610));
#1602 = ORIENTED_EDGE('',*,*,#1581,.T.);
#1603 = ORIENTED_EDGE('',*,*,#1604,.T.);
#1604 = EDGE_CURVE('',#1574,#1504,#1605,.T.);
#1605 = LINE('',#1606,#1607);
#1606 = CARTESIAN_POINT('',(436.6,11.649839392466,40.));
#1607 = VECTOR('',#1608,1.);
#1608 = DIRECTION('',(0.,-1.,0.));
#1609 = ORIENTED_EDGE('',*,*,#1501,.F.);
#1610 = ORIENTED_EDGE('',*,*,#1611,.F.);
#1611 = EDGE_CURVE('',#1582,#1502,#1612,.T.);
#1612 = LINE('',#1613,#1614);
#1613 = CARTESIAN_POINT('',(12.,11.649839392466,40.));
#1614 = VECTOR('',#1615,1.);
#1615 = DIRECTION('',(0.,-1.,0.));
#1616 = PLANE('',#1617);
#1617 = AXIS2_PLACEMENT_3D('',#1618,#1619,#1620);
#1618 = CARTESIAN_POINT('',(12.,11.649839392466,40.));
#1619 = DIRECTION('',(0.,0.,-1.));
#1620 = DIRECTION('',(0.,-1.,0.));
#1621 = ADVANCED_FACE('',(#1622),#1628,.T.);
#1622 = FACE_BOUND('',#1623,.T.);
#1623 = EDGE_LOOP('',(#1624,#1625,#1626,#1627));
#1624 = ORIENTED_EDGE('',*,*,#1527,.T.);
#1625 = ORIENTED_EDGE('',*,*,#1558,.T.);
#1626 = ORIENTED_EDGE('',*,*,#1589,.T.);
#1627 = ORIENTED_EDGE('',*,*,#1611,.T.);
#1628 = PLANE('',#1629);
#1629 = AXIS2_PLACEMENT_3D('',#1630,#1631,#1632);
#1630 = CARTESIAN_POINT('',(12.,11.287058329281,43.5));
#1631 = DIRECTION('',(-1.,-0.,-0.));
#1632 = DIRECTION('',(0.,0.,-1.));
#1633 = ADVANCED_FACE('',(#1634),#1640,.F.);
#1634 = FACE_BOUND('',#1635,.F.);
#1635 = EDGE_LOOP('',(#1636,#1637,#1638,#1639));
#1636 = ORIENTED_EDGE('',*,*,#1511,.T.);
#1637 = ORIENTED_EDGE('',*,*,#1542,.T.);
#1638 = ORIENTED_EDGE('',*,*,#1573,.T.);
#1639 = ORIENTED_EDGE('',*,*,#1604,.T.);
#1640 = PLANE('',#1641);
#1641 = AXIS2_PLACEMENT_3D('',#1642,#1643,#1644);
#1642 = CARTESIAN_POINT('',(436.6,11.287058329281,43.5));
#1643 = DIRECTION('',(-1.,-0.,-0.));
#1644 = DIRECTION('',(0.,0.,-1.));
#1645 = ( GEOMETRIC_REPRESENTATION_CONTEXT(3) 
GLOBAL_UNCERTAINTY_ASSIGNED_CONTEXT((#1649)) 
GLOBAL_UNIT_ASSIGNED_CONTEXT((#1646,#1647,#1648)) REPRESENTATION_CONTEXT
('Context #1','3D Context with UNIT and UNCERTAINTY') );
#1646 = ( LENGTH_UNIT() NAMED_UNIT(*) SI_UNIT(.MILLI.,.METRE.) );
#1647 = ( NAMED_UNIT(*) PLANE_ANGLE_UNIT() SI_UNIT($,.RADIAN.) );
#1648 = ( NAMED_UNIT(*) SI_UNIT($,.STERADIAN.) SOLID_ANGLE_UNIT() );
#1649 = UNCERTAINTY_MEASURE_WITH_UNIT(LENGTH_MEASURE(1.E-07),#1646,
  'distance_accuracy_value','confusion accuracy');
#1650 = CONTEXT_DEPENDENT_SHAPE_REPRESENTATION(#1651,#1653);
#1651 = ( REPRESENTATION_RELATIONSHIP('','',#1494,#10) 
REPRESENTATION_RELATIONSHIP_WITH_TRANSFORMATION(#1652) 
SHAPE_REPRESENTATION_RELATIONSHIP() );
#1652 = ITEM_DEFINED_TRANSFORMATION('','',#11,#43);
#1653 = PRODUCT_DEFINITION_SHAPE('Placement','Placement of an item',
  #1654);
#1654 = NEXT_ASSEMBLY_USAGE_OCCURRENCE('8','横向木格栅 01','',#5,
  #1489,$);
#1655 = PRODUCT_RELATED_PRODUCT_CATEGORY('part',$,(#1491));
#1656 = SHAPE_DEFINITION_REPRESENTATION(#1657,#1663);
#1657 = PRODUCT_DEFINITION_SHAPE('','',#1658);
#1658 = PRODUCT_DEFINITION('design','',#1659,#1662);
#1659 = PRODUCT_DEFINITION_FORMATION('','',#1660);
#1660 = PRODUCT('横向木格栅 02','横向木格栅 02','',(#1661));
#1661 = PRODUCT_CONTEXT('',#2,'mechanical');
#1662 = PRODUCT_DEFINITION_CONTEXT('part definition',#2,'design');
#1663 = ADVANCED_BREP_SHAPE_REPRESENTATION('',(#11,#1664),#1814);
#1664 = MANIFOLD_SOLID_BREP('',#1665);
#1665 = CLOSED_SHELL('',(#1666,#1706,#1737,#1768,#1790,#1802));
#1666 = ADVANCED_FACE('',(#1667),#1701,.T.);
#1667 = FACE_BOUND('',#1668,.T.);
#1668 = EDGE_LOOP('',(#1669,#1679,#1687,#1695));
#1669 = ORIENTED_EDGE('',*,*,#1670,.T.);
#1670 = EDGE_CURVE('',#1671,#1673,#1675,.T.);
#1671 = VERTEX_POINT('',#1672);
#1672 = CARTESIAN_POINT('',(12.,12.409624448875,51.571428571429));
#1673 = VERTEX_POINT('',#1674);
#1674 = CARTESIAN_POINT('',(436.6,12.409624448875,51.571428571429));
#1675 = LINE('',#1676,#1677);
#1676 = CARTESIAN_POINT('',(12.,12.409624448875,51.571428571429));
#1677 = VECTOR('',#1678,1.);
#1678 = DIRECTION('',(1.,0.,0.));
#1679 = ORIENTED_EDGE('',*,*,#1680,.T.);
#1680 = EDGE_CURVE('',#1673,#1681,#1683,.T.);
#1681 = VERTEX_POINT('',#1682);
#1682 = CARTESIAN_POINT('',(436.6,14.684062322506,58.571428571429));
#1683 = LINE('',#1684,#1685);
#1684 = CARTESIAN_POINT('',(436.6,12.409624448875,51.571428571429));
#1685 = VECTOR('',#1686,1.);
#1686 = DIRECTION('',(0.,0.309016994375,0.951056516295));
#1687 = ORIENTED_EDGE('',*,*,#1688,.F.);
#1688 = EDGE_CURVE('',#1689,#1681,#1691,.T.);
#1689 = VERTEX_POINT('',#1690);
#1690 = CARTESIAN_POINT('',(12.,14.684062322506,58.571428571429));
#1691 = LINE('',#1692,#1693);
#1692 = CARTESIAN_POINT('',(12.,14.684062322506,58.571428571429));
#1693 = VECTOR('',#1694,1.);
#1694 = DIRECTION('',(1.,0.,0.));
#1695 = ORIENTED_EDGE('',*,*,#1696,.F.);
#1696 = EDGE_CURVE('',#1671,#1689,#1697,.T.);
#1697 = LINE('',#1698,#1699);
#1698 = CARTESIAN_POINT('',(12.,12.409624448875,51.571428571429));
#1699 = VECTOR('',#1700,1.);
#1700 = DIRECTION('',(0.,0.309016994375,0.951056516295));
#1701 = PLANE('',#1702);
#1702 = AXIS2_PLACEMENT_3D('',#1703,#1704,#1705);
#1703 = CARTESIAN_POINT('',(12.,12.409624448875,51.571428571429));
#1704 = DIRECTION('',(0.,-0.951056516295,0.309016994375));
#1705 = DIRECTION('',(0.,0.309016994375,0.951056516295));
#1706 = ADVANCED_FACE('',(#1707),#1732,.T.);
#1707 = FACE_BOUND('',#1708,.T.);
#1708 = EDGE_LOOP('',(#1709,#1710,#1718,#1726));
#1709 = ORIENTED_EDGE('',*,*,#1688,.T.);
#1710 = ORIENTED_EDGE('',*,*,#1711,.T.);
#1711 = EDGE_CURVE('',#1681,#1712,#1714,.T.);
#1712 = VERTEX_POINT('',#1713);
#1713 = CARTESIAN_POINT('',(436.6,17.684062322506,58.571428571429));
#1714 = LINE('',#1715,#1716);
#1715 = CARTESIAN_POINT('',(436.6,14.684062322506,58.571428571429));
#1716 = VECTOR('',#1717,1.);
#1717 = DIRECTION('',(0.,1.,0.));
#1718 = ORIENTED_EDGE('',*,*,#1719,.F.);
#1719 = EDGE_CURVE('',#1720,#1712,#1722,.T.);
#1720 = VERTEX_POINT('',#1721);
#1721 = CARTESIAN_POINT('',(12.,17.684062322506,58.571428571429));
#1722 = LINE('',#1723,#1724);
#1723 = CARTESIAN_POINT('',(12.,17.684062322506,58.571428571429));
#1724 = VECTOR('',#1725,1.);
#1725 = DIRECTION('',(1.,0.,0.));
#1726 = ORIENTED_EDGE('',*,*,#1727,.F.);
#1727 = EDGE_CURVE('',#1689,#1720,#1728,.T.);
#1728 = LINE('',#1729,#1730);
#1729 = CARTESIAN_POINT('',(12.,14.684062322506,58.571428571429));
#1730 = VECTOR('',#1731,1.);
#1731 = DIRECTION('',(0.,1.,0.));
#1732 = PLANE('',#1733);
#1733 = AXIS2_PLACEMENT_3D('',#1734,#1735,#1736);
#1734 = CARTESIAN_POINT('',(12.,14.684062322506,58.571428571429));
#1735 = DIRECTION('',(0.,0.,1.));
#1736 = DIRECTION('',(0.,1.,0.));
#1737 = ADVANCED_FACE('',(#1738),#1763,.T.);
#1738 = FACE_BOUND('',#1739,.T.);
#1739 = EDGE_LOOP('',(#1740,#1741,#1749,#1757));
#1740 = ORIENTED_EDGE('',*,*,#1719,.T.);
#1741 = ORIENTED_EDGE('',*,*,#1742,.T.);
#1742 = EDGE_CURVE('',#1712,#1743,#1745,.T.);
#1743 = VERTEX_POINT('',#1744);
#1744 = CARTESIAN_POINT('',(436.6,15.409624448875,51.571428571429));
#1745 = LINE('',#1746,#1747);
#1746 = CARTESIAN_POINT('',(436.6,17.684062322506,58.571428571429));
#1747 = VECTOR('',#1748,1.);
#1748 = DIRECTION('',(0.,-0.309016994375,-0.951056516295));
#1749 = ORIENTED_EDGE('',*,*,#1750,.F.);
#1750 = EDGE_CURVE('',#1751,#1743,#1753,.T.);
#1751 = VERTEX_POINT('',#1752);
#1752 = CARTESIAN_POINT('',(12.,15.409624448875,51.571428571429));
#1753 = LINE('',#1754,#1755);
#1754 = CARTESIAN_POINT('',(12.,15.409624448875,51.571428571429));
#1755 = VECTOR('',#1756,1.);
#1756 = DIRECTION('',(1.,0.,0.));
#1757 = ORIENTED_EDGE('',*,*,#1758,.F.);
#1758 = EDGE_CURVE('',#1720,#1751,#1759,.T.);
#1759 = LINE('',#1760,#1761);
#1760 = CARTESIAN_POINT('',(12.,17.684062322506,58.571428571429));
#1761 = VECTOR('',#1762,1.);
#1762 = DIRECTION('',(0.,-0.309016994375,-0.951056516295));
#1763 = PLANE('',#1764);
#1764 = AXIS2_PLACEMENT_3D('',#1765,#1766,#1767);
#1765 = CARTESIAN_POINT('',(12.,17.684062322506,58.571428571429));
#1766 = DIRECTION('',(0.,0.951056516295,-0.309016994375));
#1767 = DIRECTION('',(0.,-0.309016994375,-0.951056516295));
#1768 = ADVANCED_FACE('',(#1769),#1785,.T.);
#1769 = FACE_BOUND('',#1770,.T.);
#1770 = EDGE_LOOP('',(#1771,#1772,#1778,#1779));
#1771 = ORIENTED_EDGE('',*,*,#1750,.T.);
#1772 = ORIENTED_EDGE('',*,*,#1773,.T.);
#1773 = EDGE_CURVE('',#1743,#1673,#1774,.T.);
#1774 = LINE('',#1775,#1776);
#1775 = CARTESIAN_POINT('',(436.6,15.409624448875,51.571428571429));
#1776 = VECTOR('',#1777,1.);
#1777 = DIRECTION('',(0.,-1.,0.));
#1778 = ORIENTED_EDGE('',*,*,#1670,.F.);
#1779 = ORIENTED_EDGE('',*,*,#1780,.F.);
#1780 = EDGE_CURVE('',#1751,#1671,#1781,.T.);
#1781 = LINE('',#1782,#1783);
#1782 = CARTESIAN_POINT('',(12.,15.409624448875,51.571428571429));
#1783 = VECTOR('',#1784,1.);
#1784 = DIRECTION('',(0.,-1.,0.));
#1785 = PLANE('',#1786);
#1786 = AXIS2_PLACEMENT_3D('',#1787,#1788,#1789);
#1787 = CARTESIAN_POINT('',(12.,15.409624448875,51.571428571429));
#1788 = DIRECTION('',(0.,0.,-1.));
#1789 = DIRECTION('',(0.,-1.,0.));
#1790 = ADVANCED_FACE('',(#1791),#1797,.T.);
#1791 = FACE_BOUND('',#1792,.T.);
#1792 = EDGE_LOOP('',(#1793,#1794,#1795,#1796));
#1793 = ORIENTED_EDGE('',*,*,#1696,.T.);
#1794 = ORIENTED_EDGE('',*,*,#1727,.T.);
#1795 = ORIENTED_EDGE('',*,*,#1758,.T.);
#1796 = ORIENTED_EDGE('',*,*,#1780,.T.);
#1797 = PLANE('',#1798);
#1798 = AXIS2_PLACEMENT_3D('',#1799,#1800,#1801);
#1799 = CARTESIAN_POINT('',(12.,15.04684338569,55.071428571429));
#1800 = DIRECTION('',(-1.,-0.,-0.));
#1801 = DIRECTION('',(0.,0.,-1.));
#1802 = ADVANCED_FACE('',(#1803),#1809,.F.);
#1803 = FACE_BOUND('',#1804,.F.);
#1804 = EDGE_LOOP('',(#1805,#1806,#1807,#1808));
#1805 = ORIENTED_EDGE('',*,*,#1680,.T.);
#1806 = ORIENTED_EDGE('',*,*,#1711,.T.);
#1807 = ORIENTED_EDGE('',*,*,#1742,.T.);
#1808 = ORIENTED_EDGE('',*,*,#1773,.T.);
#1809 = PLANE('',#1810);
#1810 = AXIS2_PLACEMENT_3D('',#1811,#1812,#1813);
#1811 = CARTESIAN_POINT('',(436.6,15.04684338569,55.071428571429));
#1812 = DIRECTION('',(-1.,-0.,-0.));
#1813 = DIRECTION('',(0.,0.,-1.));
#1814 = ( GEOMETRIC_REPRESENTATION_CONTEXT(3) 
GLOBAL_UNCERTAINTY_ASSIGNED_CONTEXT((#1818)) 
GLOBAL_UNIT_ASSIGNED_CONTEXT((#1815,#1816,#1817)) REPRESENTATION_CONTEXT
('Context #1','3D Context with UNIT and UNCERTAINTY') );
#1815 = ( LENGTH_UNIT() NAMED_UNIT(*) SI_UNIT(.MILLI.,.METRE.) );
#1816 = ( NAMED_UNIT(*) PLANE_ANGLE_UNIT() SI_UNIT($,.RADIAN.) );
#1817 = ( NAMED_UNIT(*) SI_UNIT($,.STERADIAN.) SOLID_ANGLE_UNIT() );
#1818 = UNCERTAINTY_MEASURE_WITH_UNIT(LENGTH_MEASURE(1.E-07),#1815,
  'distance_accuracy_value','confusion accuracy');
#1819 = CONTEXT_DEPENDENT_SHAPE_REPRESENTATION(#1820,#1822);
#1820 = ( REPRESENTATION_RELATIONSHIP('','',#1663,#10) 
REPRESENTATION_RELATIONSHIP_WITH_TRANSFORMATION(#1821) 
SHAPE_REPRESENTATION_RELATIONSHIP() );
#1821 = ITEM_DEFINED_TRANSFORMATION('','',#11,#47);
#1822 = PRODUCT_DEFINITION_SHAPE('Placement','Placement of an item',
  #1823);
#1823 = NEXT_ASSEMBLY_USAGE_OCCURRENCE('9','横向木格栅 02','',#5,
  #1658,$);
#1824 = PRODUCT_RELATED_PRODUCT_CATEGORY('part',$,(#1660));
#1825 = SHAPE_DEFINITION_REPRESENTATION(#1826,#1832);
#1826 = PRODUCT_DEFINITION_SHAPE('','',#1827);
#1827 = PRODUCT_DEFINITION('design','',#1828,#1831);
#1828 = PRODUCT_DEFINITION_FORMATION('','',#1829);
#1829 = PRODUCT('横向木格栅 03','横向木格栅 03','',(#1830));
#1830 = PRODUCT_CONTEXT('',#2,'mechanical');
#1831 = PRODUCT_DEFINITION_CONTEXT('part definition',#2,'design');
#1832 = ADVANCED_BREP_SHAPE_REPRESENTATION('',(#11,#1833),#1983);
#1833 = MANIFOLD_SOLID_BREP('',#1834);
#1834 = CLOSED_SHELL('',(#1835,#1875,#1906,#1937,#1959,#1971));
#1835 = ADVANCED_FACE('',(#1836),#1870,.T.);
#1836 = FACE_BOUND('',#1837,.T.);
#1837 = EDGE_LOOP('',(#1838,#1848,#1856,#1864));
#1838 = ORIENTED_EDGE('',*,*,#1839,.T.);
#1839 = EDGE_CURVE('',#1840,#1842,#1844,.T.);
#1840 = VERTEX_POINT('',#1841);
#1841 = CARTESIAN_POINT('',(12.,16.169409505285,63.142857142857));
#1842 = VERTEX_POINT('',#1843);
#1843 = CARTESIAN_POINT('',(436.6,16.169409505285,63.142857142857));
#1844 = LINE('',#1845,#1846);
#1845 = CARTESIAN_POINT('',(12.,16.169409505285,63.142857142857));
#1846 = VECTOR('',#1847,1.);
#1847 = DIRECTION('',(1.,0.,0.));
#1848 = ORIENTED_EDGE('',*,*,#1849,.T.);
#1849 = EDGE_CURVE('',#1842,#1850,#1852,.T.);
#1850 = VERTEX_POINT('',#1851);
#1851 = CARTESIAN_POINT('',(436.6,18.443847378915,70.142857142857));
#1852 = LINE('',#1853,#1854);
#1853 = CARTESIAN_POINT('',(436.6,16.169409505285,63.142857142857));
#1854 = VECTOR('',#1855,1.);
#1855 = DIRECTION('',(0.,0.309016994375,0.951056516295));
#1856 = ORIENTED_EDGE('',*,*,#1857,.F.);
#1857 = EDGE_CURVE('',#1858,#1850,#1860,.T.);
#1858 = VERTEX_POINT('',#1859);
#1859 = CARTESIAN_POINT('',(12.,18.443847378915,70.142857142857));
#1860 = LINE('',#1861,#1862);
#1861 = CARTESIAN_POINT('',(12.,18.443847378915,70.142857142857));
#1862 = VECTOR('',#1863,1.);
#1863 = DIRECTION('',(1.,0.,0.));
#1864 = ORIENTED_EDGE('',*,*,#1865,.F.);
#1865 = EDGE_CURVE('',#1840,#1858,#1866,.T.);
#1866 = LINE('',#1867,#1868);
#1867 = CARTESIAN_POINT('',(12.,16.169409505285,63.142857142857));
#1868 = VECTOR('',#1869,1.);
#1869 = DIRECTION('',(0.,0.309016994375,0.951056516295));
#1870 = PLANE('',#1871);
#1871 = AXIS2_PLACEMENT_3D('',#1872,#1873,#1874);
#1872 = CARTESIAN_POINT('',(12.,16.169409505285,63.142857142857));
#1873 = DIRECTION('',(0.,-0.951056516295,0.309016994375));
#1874 = DIRECTION('',(0.,0.309016994375,0.951056516295));
#1875 = ADVANCED_FACE('',(#1876),#1901,.T.);
#1876 = FACE_BOUND('',#1877,.T.);
#1877 = EDGE_LOOP('',(#1878,#1879,#1887,#1895));
#1878 = ORIENTED_EDGE('',*,*,#1857,.T.);
#1879 = ORIENTED_EDGE('',*,*,#1880,.T.);
#1880 = EDGE_CURVE('',#1850,#1881,#1883,.T.);
#1881 = VERTEX_POINT('',#1882);
#1882 = CARTESIAN_POINT('',(436.6,21.443847378915,70.142857142857));
#1883 = LINE('',#1884,#1885);
#1884 = CARTESIAN_POINT('',(436.6,18.443847378915,70.142857142857));
#1885 = VECTOR('',#1886,1.);
#1886 = DIRECTION('',(0.,1.,0.));
#1887 = ORIENTED_EDGE('',*,*,#1888,.F.);
#1888 = EDGE_CURVE('',#1889,#1881,#1891,.T.);
#1889 = VERTEX_POINT('',#1890);
#1890 = CARTESIAN_POINT('',(12.,21.443847378915,70.142857142857));
#1891 = LINE('',#1892,#1893);
#1892 = CARTESIAN_POINT('',(12.,21.443847378915,70.142857142857));
#1893 = VECTOR('',#1894,1.);
#1894 = DIRECTION('',(1.,0.,0.));
#1895 = ORIENTED_EDGE('',*,*,#1896,.F.);
#1896 = EDGE_CURVE('',#1858,#1889,#1897,.T.);
#1897 = LINE('',#1898,#1899);
#1898 = CARTESIAN_POINT('',(12.,18.443847378915,70.142857142857));
#1899 = VECTOR('',#1900,1.);
#1900 = DIRECTION('',(0.,1.,0.));
#1901 = PLANE('',#1902);
#1902 = AXIS2_PLACEMENT_3D('',#1903,#1904,#1905);
#1903 = CARTESIAN_POINT('',(12.,18.443847378915,70.142857142857));
#1904 = DIRECTION('',(0.,0.,1.));
#1905 = DIRECTION('',(0.,1.,0.));
#1906 = ADVANCED_FACE('',(#1907),#1932,.T.);
#1907 = FACE_BOUND('',#1908,.T.);
#1908 = EDGE_LOOP('',(#1909,#1910,#1918,#1926));
#1909 = ORIENTED_EDGE('',*,*,#1888,.T.);
#1910 = ORIENTED_EDGE('',*,*,#1911,.T.);
#1911 = EDGE_CURVE('',#1881,#1912,#1914,.T.);
#1912 = VERTEX_POINT('',#1913);
#1913 = CARTESIAN_POINT('',(436.6,19.169409505285,63.142857142857));
#1914 = LINE('',#1915,#1916);
#1915 = CARTESIAN_POINT('',(436.6,21.443847378915,70.142857142857));
#1916 = VECTOR('',#1917,1.);
#1917 = DIRECTION('',(0.,-0.309016994375,-0.951056516295));
#1918 = ORIENTED_EDGE('',*,*,#1919,.F.);
#1919 = EDGE_CURVE('',#1920,#1912,#1922,.T.);
#1920 = VERTEX_POINT('',#1921);
#1921 = CARTESIAN_POINT('',(12.,19.169409505285,63.142857142857));
#1922 = LINE('',#1923,#1924);
#1923 = CARTESIAN_POINT('',(12.,19.169409505285,63.142857142857));
#1924 = VECTOR('',#1925,1.);
#1925 = DIRECTION('',(1.,0.,0.));
#1926 = ORIENTED_EDGE('',*,*,#1927,.F.);
#1927 = EDGE_CURVE('',#1889,#1920,#1928,.T.);
#1928 = LINE('',#1929,#1930);
#1929 = CARTESIAN_POINT('',(12.,21.443847378915,70.142857142857));
#1930 = VECTOR('',#1931,1.);
#1931 = DIRECTION('',(0.,-0.309016994375,-0.951056516295));
#1932 = PLANE('',#1933);
#1933 = AXIS2_PLACEMENT_3D('',#1934,#1935,#1936);
#1934 = CARTESIAN_POINT('',(12.,21.443847378915,70.142857142857));
#1935 = DIRECTION('',(0.,0.951056516295,-0.309016994375));
#1936 = DIRECTION('',(0.,-0.309016994375,-0.951056516295));
#1937 = ADVANCED_FACE('',(#1938),#1954,.T.);
#1938 = FACE_BOUND('',#1939,.T.);
#1939 = EDGE_LOOP('',(#1940,#1941,#1947,#1948));
#1940 = ORIENTED_EDGE('',*,*,#1919,.T.);
#1941 = ORIENTED_EDGE('',*,*,#1942,.T.);
#1942 = EDGE_CURVE('',#1912,#1842,#1943,.T.);
#1943 = LINE('',#1944,#1945);
#1944 = CARTESIAN_POINT('',(436.6,19.169409505285,63.142857142857));
#1945 = VECTOR('',#1946,1.);
#1946 = DIRECTION('',(0.,-1.,0.));
#1947 = ORIENTED_EDGE('',*,*,#1839,.F.);
#1948 = ORIENTED_EDGE('',*,*,#1949,.F.);
#1949 = EDGE_CURVE('',#1920,#1840,#1950,.T.);
#1950 = LINE('',#1951,#1952);
#1951 = CARTESIAN_POINT('',(12.,19.169409505285,63.142857142857));
#1952 = VECTOR('',#1953,1.);
#1953 = DIRECTION('',(0.,-1.,0.));
#1954 = PLANE('',#1955);
#1955 = AXIS2_PLACEMENT_3D('',#1956,#1957,#1958);
#1956 = CARTESIAN_POINT('',(12.,19.169409505285,63.142857142857));
#1957 = DIRECTION('',(0.,0.,-1.));
#1958 = DIRECTION('',(0.,-1.,0.));
#1959 = ADVANCED_FACE('',(#1960),#1966,.T.);
#1960 = FACE_BOUND('',#1961,.T.);
#1961 = EDGE_LOOP('',(#1962,#1963,#1964,#1965));
#1962 = ORIENTED_EDGE('',*,*,#1865,.T.);
#1963 = ORIENTED_EDGE('',*,*,#1896,.T.);
#1964 = ORIENTED_EDGE('',*,*,#1927,.T.);
#1965 = ORIENTED_EDGE('',*,*,#1949,.T.);
#1966 = PLANE('',#1967);
#1967 = AXIS2_PLACEMENT_3D('',#1968,#1969,#1970);
#1968 = CARTESIAN_POINT('',(12.,18.8066284421,66.642857142857));
#1969 = DIRECTION('',(-1.,-0.,-0.));
#1970 = DIRECTION('',(0.,0.,-1.));
#1971 = ADVANCED_FACE('',(#1972),#1978,.F.);
#1972 = FACE_BOUND('',#1973,.F.);
#1973 = EDGE_LOOP('',(#1974,#1975,#1976,#1977));
#1974 = ORIENTED_EDGE('',*,*,#1849,.T.);
#1975 = ORIENTED_EDGE('',*,*,#1880,.T.);
#1976 = ORIENTED_EDGE('',*,*,#1911,.T.);
#1977 = ORIENTED_EDGE('',*,*,#1942,.T.);
#1978 = PLANE('',#1979);
#1979 = AXIS2_PLACEMENT_3D('',#1980,#1981,#1982);
#1980 = CARTESIAN_POINT('',(436.6,18.8066284421,66.642857142857));
#1981 = DIRECTION('',(-1.,-0.,-0.));
#1982 = DIRECTION('',(0.,0.,-1.));
#1983 = ( GEOMETRIC_REPRESENTATION_CONTEXT(3) 
GLOBAL_UNCERTAINTY_ASSIGNED_CONTEXT((#1987)) 
GLOBAL_UNIT_ASSIGNED_CONTEXT((#1984,#1985,#1986)) REPRESENTATION_CONTEXT
('Context #1','3D Context with UNIT and UNCERTAINTY') );
#1984 = ( LENGTH_UNIT() NAMED_UNIT(*) SI_UNIT(.MILLI.,.METRE.) );
#1985 = ( NAMED_UNIT(*) PLANE_ANGLE_UNIT() SI_UNIT($,.RADIAN.) );
#1986 = ( NAMED_UNIT(*) SI_UNIT($,.STERADIAN.) SOLID_ANGLE_UNIT() );
#1987 = UNCERTAINTY_MEASURE_WITH_UNIT(LENGTH_MEASURE(1.E-07),#1984,
  'distance_accuracy_value','confusion accuracy');
#1988 = CONTEXT_DEPENDENT_SHAPE_REPRESENTATION(#1989,#1991);
#1989 = ( REPRESENTATION_RELATIONSHIP('','',#1832,#10) 
REPRESENTATION_RELATIONSHIP_WITH_TRANSFORMATION(#1990) 
SHAPE_REPRESENTATION_RELATIONSHIP() );
#1990 = ITEM_DEFINED_TRANSFORMATION('','',#11,#51);
#1991 = PRODUCT_DEFINITION_SHAPE('Placement','Placement of an item',
  #1992);
#1992 = NEXT_ASSEMBLY_USAGE_OCCURRENCE('10','横向木格栅 03','',#5,
  #1827,$);
#1993 = PRODUCT_RELATED_PRODUCT_CATEGORY('part',$,(#1829));
#1994 = SHAPE_DEFINITION_REPRESENTATION(#1995,#2001);
#1995 = PRODUCT_DEFINITION_SHAPE('','',#1996);
#1996 = PRODUCT_DEFINITION('design','',#1997,#2000);
#1997 = PRODUCT_DEFINITION_FORMATION('','',#1998);
#1998 = PRODUCT('横向木格栅 04','横向木格栅 04','',(#1999));
#1999 = PRODUCT_CONTEXT('',#2,'mechanical');
#2000 = PRODUCT_DEFINITION_CONTEXT('part definition',#2,'design');
#2001 = ADVANCED_BREP_SHAPE_REPRESENTATION('',(#11,#2002),#2152);
#2002 = MANIFOLD_SOLID_BREP('',#2003);
#2003 = CLOSED_SHELL('',(#2004,#2044,#2075,#2106,#2128,#2140));
#2004 = ADVANCED_FACE('',(#2005),#2039,.T.);
#2005 = FACE_BOUND('',#2006,.T.);
#2006 = EDGE_LOOP('',(#2007,#2017,#2025,#2033));
#2007 = ORIENTED_EDGE('',*,*,#2008,.T.);
#2008 = EDGE_CURVE('',#2009,#2011,#2013,.T.);
#2009 = VERTEX_POINT('',#2010);
#2010 = CARTESIAN_POINT('',(12.,19.929194561694,74.714285714286));
#2011 = VERTEX_POINT('',#2012);
#2012 = CARTESIAN_POINT('',(436.6,19.929194561694,74.714285714286));
#2013 = LINE('',#2014,#2015);
#2014 = CARTESIAN_POINT('',(12.,19.929194561694,74.714285714286));
#2015 = VECTOR('',#2016,1.);
#2016 = DIRECTION('',(1.,0.,0.));
#2017 = ORIENTED_EDGE('',*,*,#2018,.T.);
#2018 = EDGE_CURVE('',#2011,#2019,#2021,.T.);
#2019 = VERTEX_POINT('',#2020);
#2020 = CARTESIAN_POINT('',(436.6,22.203632435324,81.714285714286));
#2021 = LINE('',#2022,#2023);
#2022 = CARTESIAN_POINT('',(436.6,19.929194561694,74.714285714286));
#2023 = VECTOR('',#2024,1.);
#2024 = DIRECTION('',(0.,0.309016994375,0.951056516295));
#2025 = ORIENTED_EDGE('',*,*,#2026,.F.);
#2026 = EDGE_CURVE('',#2027,#2019,#2029,.T.);
#2027 = VERTEX_POINT('',#2028);
#2028 = CARTESIAN_POINT('',(12.,22.203632435324,81.714285714286));
#2029 = LINE('',#2030,#2031);
#2030 = CARTESIAN_POINT('',(12.,22.203632435324,81.714285714286));
#2031 = VECTOR('',#2032,1.);
#2032 = DIRECTION('',(1.,0.,0.));
#2033 = ORIENTED_EDGE('',*,*,#2034,.F.);
#2034 = EDGE_CURVE('',#2009,#2027,#2035,.T.);
#2035 = LINE('',#2036,#2037);
#2036 = CARTESIAN_POINT('',(12.,19.929194561694,74.714285714286));
#2037 = VECTOR('',#2038,1.);
#2038 = DIRECTION('',(0.,0.309016994375,0.951056516295));
#2039 = PLANE('',#2040);
#2040 = AXIS2_PLACEMENT_3D('',#2041,#2042,#2043);
#2041 = CARTESIAN_POINT('',(12.,19.929194561694,74.714285714286));
#2042 = DIRECTION('',(0.,-0.951056516295,0.309016994375));
#2043 = DIRECTION('',(0.,0.309016994375,0.951056516295));
#2044 = ADVANCED_FACE('',(#2045),#2070,.T.);
#2045 = FACE_BOUND('',#2046,.T.);
#2046 = EDGE_LOOP('',(#2047,#2048,#2056,#2064));
#2047 = ORIENTED_EDGE('',*,*,#2026,.T.);
#2048 = ORIENTED_EDGE('',*,*,#2049,.T.);
#2049 = EDGE_CURVE('',#2019,#2050,#2052,.T.);
#2050 = VERTEX_POINT('',#2051);
#2051 = CARTESIAN_POINT('',(436.6,25.203632435324,81.714285714286));
#2052 = LINE('',#2053,#2054);
#2053 = CARTESIAN_POINT('',(436.6,22.203632435324,81.714285714286));
#2054 = VECTOR('',#2055,1.);
#2055 = DIRECTION('',(0.,1.,0.));
#2056 = ORIENTED_EDGE('',*,*,#2057,.F.);
#2057 = EDGE_CURVE('',#2058,#2050,#2060,.T.);
#2058 = VERTEX_POINT('',#2059);
#2059 = CARTESIAN_POINT('',(12.,25.203632435324,81.714285714286));
#2060 = LINE('',#2061,#2062);
#2061 = CARTESIAN_POINT('',(12.,25.203632435324,81.714285714286));
#2062 = VECTOR('',#2063,1.);
#2063 = DIRECTION('',(1.,0.,0.));
#2064 = ORIENTED_EDGE('',*,*,#2065,.F.);
#2065 = EDGE_CURVE('',#2027,#2058,#2066,.T.);
#2066 = LINE('',#2067,#2068);
#2067 = CARTESIAN_POINT('',(12.,22.203632435324,81.714285714286));
#2068 = VECTOR('',#2069,1.);
#2069 = DIRECTION('',(0.,1.,0.));
#2070 = PLANE('',#2071);
#2071 = AXIS2_PLACEMENT_3D('',#2072,#2073,#2074);
#2072 = CARTESIAN_POINT('',(12.,22.203632435324,81.714285714286));
#2073 = DIRECTION('',(0.,0.,1.));
#2074 = DIRECTION('',(0.,1.,0.));
#2075 = ADVANCED_FACE('',(#2076),#2101,.T.);
#2076 = FACE_BOUND('',#2077,.T.);
#2077 = EDGE_LOOP('',(#2078,#2079,#2087,#2095));
#2078 = ORIENTED_EDGE('',*,*,#2057,.T.);
#2079 = ORIENTED_EDGE('',*,*,#2080,.T.);
#2080 = EDGE_CURVE('',#2050,#2081,#2083,.T.);
#2081 = VERTEX_POINT('',#2082);
#2082 = CARTESIAN_POINT('',(436.6,22.929194561694,74.714285714286));
#2083 = LINE('',#2084,#2085);
#2084 = CARTESIAN_POINT('',(436.6,25.203632435324,81.714285714286));
#2085 = VECTOR('',#2086,1.);
#2086 = DIRECTION('',(0.,-0.309016994375,-0.951056516295));
#2087 = ORIENTED_EDGE('',*,*,#2088,.F.);
#2088 = EDGE_CURVE('',#2089,#2081,#2091,.T.);
#2089 = VERTEX_POINT('',#2090);
#2090 = CARTESIAN_POINT('',(12.,22.929194561694,74.714285714286));
#2091 = LINE('',#2092,#2093);
#2092 = CARTESIAN_POINT('',(12.,22.929194561694,74.714285714286));
#2093 = VECTOR('',#2094,1.);
#2094 = DIRECTION('',(1.,0.,0.));
#2095 = ORIENTED_EDGE('',*,*,#2096,.F.);
#2096 = EDGE_CURVE('',#2058,#2089,#2097,.T.);
#2097 = LINE('',#2098,#2099);
#2098 = CARTESIAN_POINT('',(12.,25.203632435324,81.714285714286));
#2099 = VECTOR('',#2100,1.);
#2100 = DIRECTION('',(0.,-0.309016994375,-0.951056516295));
#2101 = PLANE('',#2102);
#2102 = AXIS2_PLACEMENT_3D('',#2103,#2104,#2105);
#2103 = CARTESIAN_POINT('',(12.,25.203632435324,81.714285714286));
#2104 = DIRECTION('',(0.,0.951056516295,-0.309016994375));
#2105 = DIRECTION('',(0.,-0.309016994375,-0.951056516295));
#2106 = ADVANCED_FACE('',(#2107),#2123,.T.);
#2107 = FACE_BOUND('',#2108,.T.);
#2108 = EDGE_LOOP('',(#2109,#2110,#2116,#2117));
#2109 = ORIENTED_EDGE('',*,*,#2088,.T.);
#2110 = ORIENTED_EDGE('',*,*,#2111,.T.);
#2111 = EDGE_CURVE('',#2081,#2011,#2112,.T.);
#2112 = LINE('',#2113,#2114);
#2113 = CARTESIAN_POINT('',(436.6,22.929194561694,74.714285714286));
#2114 = VECTOR('',#2115,1.);
#2115 = DIRECTION('',(0.,-1.,0.));
#2116 = ORIENTED_EDGE('',*,*,#2008,.F.);
#2117 = ORIENTED_EDGE('',*,*,#2118,.F.);
#2118 = EDGE_CURVE('',#2089,#2009,#2119,.T.);
#2119 = LINE('',#2120,#2121);
#2120 = CARTESIAN_POINT('',(12.,22.929194561694,74.714285714286));
#2121 = VECTOR('',#2122,1.);
#2122 = DIRECTION('',(0.,-1.,0.));
#2123 = PLANE('',#2124);
#2124 = AXIS2_PLACEMENT_3D('',#2125,#2126,#2127);
#2125 = CARTESIAN_POINT('',(12.,22.929194561694,74.714285714286));
#2126 = DIRECTION('',(0.,0.,-1.));
#2127 = DIRECTION('',(0.,-1.,0.));
#2128 = ADVANCED_FACE('',(#2129),#2135,.T.);
#2129 = FACE_BOUND('',#2130,.T.);
#2130 = EDGE_LOOP('',(#2131,#2132,#2133,#2134));
#2131 = ORIENTED_EDGE('',*,*,#2034,.T.);
#2132 = ORIENTED_EDGE('',*,*,#2065,.T.);
#2133 = ORIENTED_EDGE('',*,*,#2096,.T.);
#2134 = ORIENTED_EDGE('',*,*,#2118,.T.);
#2135 = PLANE('',#2136);
#2136 = AXIS2_PLACEMENT_3D('',#2137,#2138,#2139);
#2137 = CARTESIAN_POINT('',(12.,22.566413498509,78.214285714286));
#2138 = DIRECTION('',(-1.,-0.,-0.));
#2139 = DIRECTION('',(0.,0.,-1.));
#2140 = ADVANCED_FACE('',(#2141),#2147,.F.);
#2141 = FACE_BOUND('',#2142,.F.);
#2142 = EDGE_LOOP('',(#2143,#2144,#2145,#2146));
#2143 = ORIENTED_EDGE('',*,*,#2018,.T.);
#2144 = ORIENTED_EDGE('',*,*,#2049,.T.);
#2145 = ORIENTED_EDGE('',*,*,#2080,.T.);
#2146 = ORIENTED_EDGE('',*,*,#2111,.T.);
#2147 = PLANE('',#2148);
#2148 = AXIS2_PLACEMENT_3D('',#2149,#2150,#2151);
#2149 = CARTESIAN_POINT('',(436.6,22.566413498509,78.214285714286));
#2150 = DIRECTION('',(-1.,-0.,-0.));
#2151 = DIRECTION('',(0.,0.,-1.));
#2152 = ( GEOMETRIC_REPRESENTATION_CONTEXT(3) 
GLOBAL_UNCERTAINTY_ASSIGNED_CONTEXT((#2156)) 
GLOBAL_UNIT_ASSIGNED_CONTEXT((#2153,#2154,#2155)) REPRESENTATION_CONTEXT
('Context #1','3D Context with UNIT and UNCERTAINTY') );
#2153 = ( LENGTH_UNIT() NAMED_UNIT(*) SI_UNIT(.MILLI.,.METRE.) );
#2154 = ( NAMED_UNIT(*) PLANE_ANGLE_UNIT() SI_UNIT($,.RADIAN.) );
#2155 = ( NAMED_UNIT(*) SI_UNIT($,.STERADIAN.) SOLID_ANGLE_UNIT() );
#2156 = UNCERTAINTY_MEASURE_WITH_UNIT(LENGTH_MEASURE(1.E-07),#2153,
  'distance_accuracy_value','confusion accuracy');
#2157 = CONTEXT_DEPENDENT_SHAPE_REPRESENTATION(#2158,#2160);
#2158 = ( REPRESENTATION_RELATIONSHIP('','',#2001,#10) 
REPRESENTATION_RELATIONSHIP_WITH_TRANSFORMATION(#2159) 
SHAPE_REPRESENTATION_RELATIONSHIP() );
#2159 = ITEM_DEFINED_TRANSFORMATION('','',#11,#55);
#2160 = PRODUCT_DEFINITION_SHAPE('Placement','Placement of an item',
  #2161);
#2161 = NEXT_ASSEMBLY_USAGE_OCCURRENCE('11','横向木格栅 04','',#5,
  #1996,$);
#2162 = PRODUCT_RELATED_PRODUCT_CATEGORY('part',$,(#1998));
#2163 = SHAPE_DEFINITION_REPRESENTATION(#2164,#2170);
#2164 = PRODUCT_DEFINITION_SHAPE('','',#2165);
#2165 = PRODUCT_DEFINITION('design','',#2166,#2169);
#2166 = PRODUCT_DEFINITION_FORMATION('','',#2167);
#2167 = PRODUCT('横向木格栅 05','横向木格栅 05','',(#2168));
#2168 = PRODUCT_CONTEXT('',#2,'mechanical');
#2169 = PRODUCT_DEFINITION_CONTEXT('part definition',#2,'design');
#2170 = ADVANCED_BREP_SHAPE_REPRESENTATION('',(#11,#2171),#2321);
#2171 = MANIFOLD_SOLID_BREP('',#2172);
#2172 = CLOSED_SHELL('',(#2173,#2213,#2244,#2275,#2297,#2309));
#2173 = ADVANCED_FACE('',(#2174),#2208,.T.);
#2174 = FACE_BOUND('',#2175,.T.);
#2175 = EDGE_LOOP('',(#2176,#2186,#2194,#2202));
#2176 = ORIENTED_EDGE('',*,*,#2177,.T.);
#2177 = EDGE_CURVE('',#2178,#2180,#2182,.T.);
#2178 = VERTEX_POINT('',#2179);
#2179 = CARTESIAN_POINT('',(12.,23.688979618103,86.285714285714));
#2180 = VERTEX_POINT('',#2181);
#2181 = CARTESIAN_POINT('',(436.6,23.688979618103,86.285714285714));
#2182 = LINE('',#2183,#2184);
#2183 = CARTESIAN_POINT('',(12.,23.688979618103,86.285714285714));
#2184 = VECTOR('',#2185,1.);
#2185 = DIRECTION('',(1.,0.,0.));
#2186 = ORIENTED_EDGE('',*,*,#2187,.T.);
#2187 = EDGE_CURVE('',#2180,#2188,#2190,.T.);
#2188 = VERTEX_POINT('',#2189);
#2189 = CARTESIAN_POINT('',(436.6,25.963417491734,93.285714285714));
#2190 = LINE('',#2191,#2192);
#2191 = CARTESIAN_POINT('',(436.6,23.688979618103,86.285714285714));
#2192 = VECTOR('',#2193,1.);
#2193 = DIRECTION('',(0.,0.309016994375,0.951056516295));
#2194 = ORIENTED_EDGE('',*,*,#2195,.F.);
#2195 = EDGE_CURVE('',#2196,#2188,#2198,.T.);
#2196 = VERTEX_POINT('',#2197);
#2197 = CARTESIAN_POINT('',(12.,25.963417491734,93.285714285714));
#2198 = LINE('',#2199,#2200);
#2199 = CARTESIAN_POINT('',(12.,25.963417491734,93.285714285714));
#2200 = VECTOR('',#2201,1.);
#2201 = DIRECTION('',(1.,0.,0.));
#2202 = ORIENTED_EDGE('',*,*,#2203,.F.);
#2203 = EDGE_CURVE('',#2178,#2196,#2204,.T.);
#2204 = LINE('',#2205,#2206);
#2205 = CARTESIAN_POINT('',(12.,23.688979618103,86.285714285714));
#2206 = VECTOR('',#2207,1.);
#2207 = DIRECTION('',(0.,0.309016994375,0.951056516295));
#2208 = PLANE('',#2209);
#2209 = AXIS2_PLACEMENT_3D('',#2210,#2211,#2212);
#2210 = CARTESIAN_POINT('',(12.,23.688979618103,86.285714285714));
#2211 = DIRECTION('',(0.,-0.951056516295,0.309016994375));
#2212 = DIRECTION('',(0.,0.309016994375,0.951056516295));
#2213 = ADVANCED_FACE('',(#2214),#2239,.T.);
#2214 = FACE_BOUND('',#2215,.T.);
#2215 = EDGE_LOOP('',(#2216,#2217,#2225,#2233));
#2216 = ORIENTED_EDGE('',*,*,#2195,.T.);
#2217 = ORIENTED_EDGE('',*,*,#2218,.T.);
#2218 = EDGE_CURVE('',#2188,#2219,#2221,.T.);
#2219 = VERTEX_POINT('',#2220);
#2220 = CARTESIAN_POINT('',(436.6,28.963417491734,93.285714285714));
#2221 = LINE('',#2222,#2223);
#2222 = CARTESIAN_POINT('',(436.6,25.963417491734,93.285714285714));
#2223 = VECTOR('',#2224,1.);
#2224 = DIRECTION('',(0.,1.,0.));
#2225 = ORIENTED_EDGE('',*,*,#2226,.F.);
#2226 = EDGE_CURVE('',#2227,#2219,#2229,.T.);
#2227 = VERTEX_POINT('',#2228);
#2228 = CARTESIAN_POINT('',(12.,28.963417491734,93.285714285714));
#2229 = LINE('',#2230,#2231);
#2230 = CARTESIAN_POINT('',(12.,28.963417491734,93.285714285714));
#2231 = VECTOR('',#2232,1.);
#2232 = DIRECTION('',(1.,0.,0.));
#2233 = ORIENTED_EDGE('',*,*,#2234,.F.);
#2234 = EDGE_CURVE('',#2196,#2227,#2235,.T.);
#2235 = LINE('',#2236,#2237);
#2236 = CARTESIAN_POINT('',(12.,25.963417491734,93.285714285714));
#2237 = VECTOR('',#2238,1.);
#2238 = DIRECTION('',(0.,1.,0.));
#2239 = PLANE('',#2240);
#2240 = AXIS2_PLACEMENT_3D('',#2241,#2242,#2243);
#2241 = CARTESIAN_POINT('',(12.,25.963417491734,93.285714285714));
#2242 = DIRECTION('',(0.,0.,1.));
#2243 = DIRECTION('',(0.,1.,0.));
#2244 = ADVANCED_FACE('',(#2245),#2270,.T.);
#2245 = FACE_BOUND('',#2246,.T.);
#2246 = EDGE_LOOP('',(#2247,#2248,#2256,#2264));
#2247 = ORIENTED_EDGE('',*,*,#2226,.T.);
#2248 = ORIENTED_EDGE('',*,*,#2249,.T.);
#2249 = EDGE_CURVE('',#2219,#2250,#2252,.T.);
#2250 = VERTEX_POINT('',#2251);
#2251 = CARTESIAN_POINT('',(436.6,26.688979618103,86.285714285714));
#2252 = LINE('',#2253,#2254);
#2253 = CARTESIAN_POINT('',(436.6,28.963417491734,93.285714285714));
#2254 = VECTOR('',#2255,1.);
#2255 = DIRECTION('',(0.,-0.309016994375,-0.951056516295));
#2256 = ORIENTED_EDGE('',*,*,#2257,.F.);
#2257 = EDGE_CURVE('',#2258,#2250,#2260,.T.);
#2258 = VERTEX_POINT('',#2259);
#2259 = CARTESIAN_POINT('',(12.,26.688979618103,86.285714285714));
#2260 = LINE('',#2261,#2262);
#2261 = CARTESIAN_POINT('',(12.,26.688979618103,86.285714285714));
#2262 = VECTOR('',#2263,1.);
#2263 = DIRECTION('',(1.,0.,0.));
#2264 = ORIENTED_EDGE('',*,*,#2265,.F.);
#2265 = EDGE_CURVE('',#2227,#2258,#2266,.T.);
#2266 = LINE('',#2267,#2268);
#2267 = CARTESIAN_POINT('',(12.,28.963417491734,93.285714285714));
#2268 = VECTOR('',#2269,1.);
#2269 = DIRECTION('',(0.,-0.309016994375,-0.951056516295));
#2270 = PLANE('',#2271);
#2271 = AXIS2_PLACEMENT_3D('',#2272,#2273,#2274);
#2272 = CARTESIAN_POINT('',(12.,28.963417491734,93.285714285714));
#2273 = DIRECTION('',(0.,0.951056516295,-0.309016994375));
#2274 = DIRECTION('',(0.,-0.309016994375,-0.951056516295));
#2275 = ADVANCED_FACE('',(#2276),#2292,.T.);
#2276 = FACE_BOUND('',#2277,.T.);
#2277 = EDGE_LOOP('',(#2278,#2279,#2285,#2286));
#2278 = ORIENTED_EDGE('',*,*,#2257,.T.);
#2279 = ORIENTED_EDGE('',*,*,#2280,.T.);
#2280 = EDGE_CURVE('',#2250,#2180,#2281,.T.);
#2281 = LINE('',#2282,#2283);
#2282 = CARTESIAN_POINT('',(436.6,26.688979618103,86.285714285714));
#2283 = VECTOR('',#2284,1.);
#2284 = DIRECTION('',(0.,-1.,0.));
#2285 = ORIENTED_EDGE('',*,*,#2177,.F.);
#2286 = ORIENTED_EDGE('',*,*,#2287,.F.);
#2287 = EDGE_CURVE('',#2258,#2178,#2288,.T.);
#2288 = LINE('',#2289,#2290);
#2289 = CARTESIAN_POINT('',(12.,26.688979618103,86.285714285714));
#2290 = VECTOR('',#2291,1.);
#2291 = DIRECTION('',(0.,-1.,0.));
#2292 = PLANE('',#2293);
#2293 = AXIS2_PLACEMENT_3D('',#2294,#2295,#2296);
#2294 = CARTESIAN_POINT('',(12.,26.688979618103,86.285714285714));
#2295 = DIRECTION('',(0.,0.,-1.));
#2296 = DIRECTION('',(0.,-1.,0.));
#2297 = ADVANCED_FACE('',(#2298),#2304,.T.);
#2298 = FACE_BOUND('',#2299,.T.);
#2299 = EDGE_LOOP('',(#2300,#2301,#2302,#2303));
#2300 = ORIENTED_EDGE('',*,*,#2203,.T.);
#2301 = ORIENTED_EDGE('',*,*,#2234,.T.);
#2302 = ORIENTED_EDGE('',*,*,#2265,.T.);
#2303 = ORIENTED_EDGE('',*,*,#2287,.T.);
#2304 = PLANE('',#2305);
#2305 = AXIS2_PLACEMENT_3D('',#2306,#2307,#2308);
#2306 = CARTESIAN_POINT('',(12.,26.326198554918,89.785714285714));
#2307 = DIRECTION('',(-1.,-0.,-0.));
#2308 = DIRECTION('',(0.,0.,-1.));
#2309 = ADVANCED_FACE('',(#2310),#2316,.F.);
#2310 = FACE_BOUND('',#2311,.F.);
#2311 = EDGE_LOOP('',(#2312,#2313,#2314,#2315));
#2312 = ORIENTED_EDGE('',*,*,#2187,.T.);
#2313 = ORIENTED_EDGE('',*,*,#2218,.T.);
#2314 = ORIENTED_EDGE('',*,*,#2249,.T.);
#2315 = ORIENTED_EDGE('',*,*,#2280,.T.);
#2316 = PLANE('',#2317);
#2317 = AXIS2_PLACEMENT_3D('',#2318,#2319,#2320);
#2318 = CARTESIAN_POINT('',(436.6,26.326198554918,89.785714285714));
#2319 = DIRECTION('',(-1.,-0.,-0.));
#2320 = DIRECTION('',(0.,0.,-1.));
#2321 = ( GEOMETRIC_REPRESENTATION_CONTEXT(3) 
GLOBAL_UNCERTAINTY_ASSIGNED_CONTEXT((#2325)) 
GLOBAL_UNIT_ASSIGNED_CONTEXT((#2322,#2323,#2324)) REPRESENTATION_CONTEXT
('Context #1','3D Context with UNIT and UNCERTAINTY') );
#2322 = ( LENGTH_UNIT() NAMED_UNIT(*) SI_UNIT(.MILLI.,.METRE.) );
#2323 = ( NAMED_UNIT(*) PLANE_ANGLE_UNIT() SI_UNIT($,.RADIAN.) );
#2324 = ( NAMED_UNIT(*) SI_UNIT($,.STERADIAN.) SOLID_ANGLE_UNIT() );
#2325 = UNCERTAINTY_MEASURE_WITH_UNIT(LENGTH_MEASURE(1.E-07),#2322,
  'distance_accuracy_value','confusion accuracy');
#2326 = CONTEXT_DEPENDENT_SHAPE_REPRESENTATION(#2327,#2329);
#2327 = ( REPRESENTATION_RELATIONSHIP('','',#2170,#10) 
REPRESENTATION_RELATIONSHIP_WITH_TRANSFORMATION(#2328) 
SHAPE_REPRESENTATION_RELATIONSHIP() );
#2328 = ITEM_DEFINED_TRANSFORMATION('','',#11,#59);
#2329 = PRODUCT_DEFINITION_SHAPE('Placement','Placement of an item',
  #2330);
#2330 = NEXT_ASSEMBLY_USAGE_OCCURRENCE('12','横向木格栅 05','',#5,
  #2165,$);
#2331 = PRODUCT_RELATED_PRODUCT_CATEGORY('part',$,(#2167));
#2332 = SHAPE_DEFINITION_REPRESENTATION(#2333,#2339);
#2333 = PRODUCT_DEFINITION_SHAPE('','',#2334);
#2334 = PRODUCT_DEFINITION('design','',#2335,#2338);
#2335 = PRODUCT_DEFINITION_FORMATION('','',#2336);
#2336 = PRODUCT('横向木格栅 06','横向木格栅 06','',(#2337));
#2337 = PRODUCT_CONTEXT('',#2,'mechanical');
#2338 = PRODUCT_DEFINITION_CONTEXT('part definition',#2,'design');
#2339 = ADVANCED_BREP_SHAPE_REPRESENTATION('',(#11,#2340),#2490);
#2340 = MANIFOLD_SOLID_BREP('',#2341);
#2341 = CLOSED_SHELL('',(#2342,#2382,#2413,#2444,#2466,#2478));
#2342 = ADVANCED_FACE('',(#2343),#2377,.T.);
#2343 = FACE_BOUND('',#2344,.T.);
#2344 = EDGE_LOOP('',(#2345,#2355,#2363,#2371));
#2345 = ORIENTED_EDGE('',*,*,#2346,.T.);
#2346 = EDGE_CURVE('',#2347,#2349,#2351,.T.);
#2347 = VERTEX_POINT('',#2348);
#2348 = CARTESIAN_POINT('',(12.,27.448764674513,97.857142857143));
#2349 = VERTEX_POINT('',#2350);
#2350 = CARTESIAN_POINT('',(436.6,27.448764674513,97.857142857143));
#2351 = LINE('',#2352,#2353);
#2352 = CARTESIAN_POINT('',(12.,27.448764674513,97.857142857143));
#2353 = VECTOR('',#2354,1.);
#2354 = DIRECTION('',(1.,0.,0.));
#2355 = ORIENTED_EDGE('',*,*,#2356,.T.);
#2356 = EDGE_CURVE('',#2349,#2357,#2359,.T.);
#2357 = VERTEX_POINT('',#2358);
#2358 = CARTESIAN_POINT('',(436.6,29.723202548143,104.85714285714));
#2359 = LINE('',#2360,#2361);
#2360 = CARTESIAN_POINT('',(436.6,27.448764674513,97.857142857143));
#2361 = VECTOR('',#2362,1.);
#2362 = DIRECTION('',(0.,0.309016994375,0.951056516295));
#2363 = ORIENTED_EDGE('',*,*,#2364,.F.);
#2364 = EDGE_CURVE('',#2365,#2357,#2367,.T.);
#2365 = VERTEX_POINT('',#2366);
#2366 = CARTESIAN_POINT('',(12.,29.723202548143,104.85714285714));
#2367 = LINE('',#2368,#2369);
#2368 = CARTESIAN_POINT('',(12.,29.723202548143,104.85714285714));
#2369 = VECTOR('',#2370,1.);
#2370 = DIRECTION('',(1.,0.,0.));
#2371 = ORIENTED_EDGE('',*,*,#2372,.F.);
#2372 = EDGE_CURVE('',#2347,#2365,#2373,.T.);
#2373 = LINE('',#2374,#2375);
#2374 = CARTESIAN_POINT('',(12.,27.448764674513,97.857142857143));
#2375 = VECTOR('',#2376,1.);
#2376 = DIRECTION('',(0.,0.309016994375,0.951056516295));
#2377 = PLANE('',#2378);
#2378 = AXIS2_PLACEMENT_3D('',#2379,#2380,#2381);
#2379 = CARTESIAN_POINT('',(12.,27.448764674513,97.857142857143));
#2380 = DIRECTION('',(0.,-0.951056516295,0.309016994375));
#2381 = DIRECTION('',(0.,0.309016994375,0.951056516295));
#2382 = ADVANCED_FACE('',(#2383),#2408,.T.);
#2383 = FACE_BOUND('',#2384,.T.);
#2384 = EDGE_LOOP('',(#2385,#2386,#2394,#2402));
#2385 = ORIENTED_EDGE('',*,*,#2364,.T.);
#2386 = ORIENTED_EDGE('',*,*,#2387,.T.);
#2387 = EDGE_CURVE('',#2357,#2388,#2390,.T.);
#2388 = VERTEX_POINT('',#2389);
#2389 = CARTESIAN_POINT('',(436.6,32.723202548143,104.85714285714));
#2390 = LINE('',#2391,#2392);
#2391 = CARTESIAN_POINT('',(436.6,29.723202548143,104.85714285714));
#2392 = VECTOR('',#2393,1.);
#2393 = DIRECTION('',(0.,1.,0.));
#2394 = ORIENTED_EDGE('',*,*,#2395,.F.);
#2395 = EDGE_CURVE('',#2396,#2388,#2398,.T.);
#2396 = VERTEX_POINT('',#2397);
#2397 = CARTESIAN_POINT('',(12.,32.723202548143,104.85714285714));
#2398 = LINE('',#2399,#2400);
#2399 = CARTESIAN_POINT('',(12.,32.723202548143,104.85714285714));
#2400 = VECTOR('',#2401,1.);
#2401 = DIRECTION('',(1.,0.,0.));
#2402 = ORIENTED_EDGE('',*,*,#2403,.F.);
#2403 = EDGE_CURVE('',#2365,#2396,#2404,.T.);
#2404 = LINE('',#2405,#2406);
#2405 = CARTESIAN_POINT('',(12.,29.723202548143,104.85714285714));
#2406 = VECTOR('',#2407,1.);
#2407 = DIRECTION('',(0.,1.,0.));
#2408 = PLANE('',#2409);
#2409 = AXIS2_PLACEMENT_3D('',#2410,#2411,#2412);
#2410 = CARTESIAN_POINT('',(12.,29.723202548143,104.85714285714));
#2411 = DIRECTION('',(0.,0.,1.));
#2412 = DIRECTION('',(0.,1.,0.));
#2413 = ADVANCED_FACE('',(#2414),#2439,.T.);
#2414 = FACE_BOUND('',#2415,.T.);
#2415 = EDGE_LOOP('',(#2416,#2417,#2425,#2433));
#2416 = ORIENTED_EDGE('',*,*,#2395,.T.);
#2417 = ORIENTED_EDGE('',*,*,#2418,.T.);
#2418 = EDGE_CURVE('',#2388,#2419,#2421,.T.);
#2419 = VERTEX_POINT('',#2420);
#2420 = CARTESIAN_POINT('',(436.6,30.448764674513,97.857142857143));
#2421 = LINE('',#2422,#2423);
#2422 = CARTESIAN_POINT('',(436.6,32.723202548143,104.85714285714));
#2423 = VECTOR('',#2424,1.);
#2424 = DIRECTION('',(0.,-0.309016994375,-0.951056516295));
#2425 = ORIENTED_EDGE('',*,*,#2426,.F.);
#2426 = EDGE_CURVE('',#2427,#2419,#2429,.T.);
#2427 = VERTEX_POINT('',#2428);
#2428 = CARTESIAN_POINT('',(12.,30.448764674513,97.857142857143));
#2429 = LINE('',#2430,#2431);
#2430 = CARTESIAN_POINT('',(12.,30.448764674513,97.857142857143));
#2431 = VECTOR('',#2432,1.);
#2432 = DIRECTION('',(1.,0.,0.));
#2433 = ORIENTED_EDGE('',*,*,#2434,.F.);
#2434 = EDGE_CURVE('',#2396,#2427,#2435,.T.);
#2435 = LINE('',#2436,#2437);
#2436 = CARTESIAN_POINT('',(12.,32.723202548143,104.85714285714));
#2437 = VECTOR('',#2438,1.);
#2438 = DIRECTION('',(0.,-0.309016994375,-0.951056516295));
#2439 = PLANE('',#2440);
#2440 = AXIS2_PLACEMENT_3D('',#2441,#2442,#2443);
#2441 = CARTESIAN_POINT('',(12.,32.723202548143,104.85714285714));
#2442 = DIRECTION('',(0.,0.951056516295,-0.309016994375));
#2443 = DIRECTION('',(0.,-0.309016994375,-0.951056516295));
#2444 = ADVANCED_FACE('',(#2445),#2461,.T.);
#2445 = FACE_BOUND('',#2446,.T.);
#2446 = EDGE_LOOP('',(#2447,#2448,#2454,#2455));
#2447 = ORIENTED_EDGE('',*,*,#2426,.T.);
#2448 = ORIENTED_EDGE('',*,*,#2449,.T.);
#2449 = EDGE_CURVE('',#2419,#2349,#2450,.T.);
#2450 = LINE('',#2451,#2452);
#2451 = CARTESIAN_POINT('',(436.6,30.448764674513,97.857142857143));
#2452 = VECTOR('',#2453,1.);
#2453 = DIRECTION('',(0.,-1.,0.));
#2454 = ORIENTED_EDGE('',*,*,#2346,.F.);
#2455 = ORIENTED_EDGE('',*,*,#2456,.F.);
#2456 = EDGE_CURVE('',#2427,#2347,#2457,.T.);
#2457 = LINE('',#2458,#2459);
#2458 = CARTESIAN_POINT('',(12.,30.448764674513,97.857142857143));
#2459 = VECTOR('',#2460,1.);
#2460 = DIRECTION('',(0.,-1.,0.));
#2461 = PLANE('',#2462);
#2462 = AXIS2_PLACEMENT_3D('',#2463,#2464,#2465);
#2463 = CARTESIAN_POINT('',(12.,30.448764674513,97.857142857143));
#2464 = DIRECTION('',(0.,0.,-1.));
#2465 = DIRECTION('',(0.,-1.,0.));
#2466 = ADVANCED_FACE('',(#2467),#2473,.T.);
#2467 = FACE_BOUND('',#2468,.T.);
#2468 = EDGE_LOOP('',(#2469,#2470,#2471,#2472));
#2469 = ORIENTED_EDGE('',*,*,#2372,.T.);
#2470 = ORIENTED_EDGE('',*,*,#2403,.T.);
#2471 = ORIENTED_EDGE('',*,*,#2434,.T.);
#2472 = ORIENTED_EDGE('',*,*,#2456,.T.);
#2473 = PLANE('',#2474);
#2474 = AXIS2_PLACEMENT_3D('',#2475,#2476,#2477);
#2475 = CARTESIAN_POINT('',(12.,30.085983611328,101.35714285714));
#2476 = DIRECTION('',(-1.,-0.,-0.));
#2477 = DIRECTION('',(0.,0.,-1.));
#2478 = ADVANCED_FACE('',(#2479),#2485,.F.);
#2479 = FACE_BOUND('',#2480,.F.);
#2480 = EDGE_LOOP('',(#2481,#2482,#2483,#2484));
#2481 = ORIENTED_EDGE('',*,*,#2356,.T.);
#2482 = ORIENTED_EDGE('',*,*,#2387,.T.);
#2483 = ORIENTED_EDGE('',*,*,#2418,.T.);
#2484 = ORIENTED_EDGE('',*,*,#2449,.T.);
#2485 = PLANE('',#2486);
#2486 = AXIS2_PLACEMENT_3D('',#2487,#2488,#2489);
#2487 = CARTESIAN_POINT('',(436.6,30.085983611328,101.35714285714));
#2488 = DIRECTION('',(-1.,-0.,-0.));
#2489 = DIRECTION('',(0.,0.,-1.));
#2490 = ( GEOMETRIC_REPRESENTATION_CONTEXT(3) 
GLOBAL_UNCERTAINTY_ASSIGNED_CONTEXT((#2494)) 
GLOBAL_UNIT_ASSIGNED_CONTEXT((#2491,#2492,#2493)) REPRESENTATION_CONTEXT
('Context #1','3D Context with UNIT and UNCERTAINTY') );
#2491 = ( LENGTH_UNIT() NAMED_UNIT(*) SI_UNIT(.MILLI.,.METRE.) );
#2492 = ( NAMED_UNIT(*) PLANE_ANGLE_UNIT() SI_UNIT($,.RADIAN.) );
#2493 = ( NAMED_UNIT(*) SI_UNIT($,.STERADIAN.) SOLID_ANGLE_UNIT() );
#2494 = UNCERTAINTY_MEASURE_WITH_UNIT(LENGTH_MEASURE(1.E-07),#2491,
  'distance_accuracy_value','confusion accuracy');
#2495 = CONTEXT_DEPENDENT_SHAPE_REPRESENTATION(#2496,#2498);
#2496 = ( REPRESENTATION_RELATIONSHIP('','',#2339,#10) 
REPRESENTATION_RELATIONSHIP_WITH_TRANSFORMATION(#2497) 
SHAPE_REPRESENTATION_RELATIONSHIP() );
#2497 = ITEM_DEFINED_TRANSFORMATION('','',#11,#63);
#2498 = PRODUCT_DEFINITION_SHAPE('Placement','Placement of an item',
  #2499);
#2499 = NEXT_ASSEMBLY_USAGE_OCCURRENCE('13','横向木格栅 06','',#5,
  #2334,$);
#2500 = PRODUCT_RELATED_PRODUCT_CATEGORY('part',$,(#2336));
#2501 = SHAPE_DEFINITION_REPRESENTATION(#2502,#2508);
#2502 = PRODUCT_DEFINITION_SHAPE('','',#2503);
#2503 = PRODUCT_DEFINITION('design','',#2504,#2507);
#2504 = PRODUCT_DEFINITION_FORMATION('','',#2505);
#2505 = PRODUCT('横向木格栅 07','横向木格栅 07','',(#2506));
#2506 = PRODUCT_CONTEXT('',#2,'mechanical');
#2507 = PRODUCT_DEFINITION_CONTEXT('part definition',#2,'design');
#2508 = ADVANCED_BREP_SHAPE_REPRESENTATION('',(#11,#2509),#2659);
#2509 = MANIFOLD_SOLID_BREP('',#2510);
#2510 = CLOSED_SHELL('',(#2511,#2551,#2582,#2613,#2635,#2647));
#2511 = ADVANCED_FACE('',(#2512),#2546,.T.);
#2512 = FACE_BOUND('',#2513,.T.);
#2513 = EDGE_LOOP('',(#2514,#2524,#2532,#2540));
#2514 = ORIENTED_EDGE('',*,*,#2515,.T.);
#2515 = EDGE_CURVE('',#2516,#2518,#2520,.T.);
#2516 = VERTEX_POINT('',#2517);
#2517 = CARTESIAN_POINT('',(12.,31.208549730922,109.42857142857));
#2518 = VERTEX_POINT('',#2519);
#2519 = CARTESIAN_POINT('',(436.6,31.208549730922,109.42857142857));
#2520 = LINE('',#2521,#2522);
#2521 = CARTESIAN_POINT('',(12.,31.208549730922,109.42857142857));
#2522 = VECTOR('',#2523,1.);
#2523 = DIRECTION('',(1.,0.,0.));
#2524 = ORIENTED_EDGE('',*,*,#2525,.T.);
#2525 = EDGE_CURVE('',#2518,#2526,#2528,.T.);
#2526 = VERTEX_POINT('',#2527);
#2527 = CARTESIAN_POINT('',(436.6,33.482987604552,116.42857142857));
#2528 = LINE('',#2529,#2530);
#2529 = CARTESIAN_POINT('',(436.6,31.208549730922,109.42857142857));
#2530 = VECTOR('',#2531,1.);
#2531 = DIRECTION('',(0.,0.309016994375,0.951056516295));
#2532 = ORIENTED_EDGE('',*,*,#2533,.F.);
#2533 = EDGE_CURVE('',#2534,#2526,#2536,.T.);
#2534 = VERTEX_POINT('',#2535);
#2535 = CARTESIAN_POINT('',(12.,33.482987604552,116.42857142857));
#2536 = LINE('',#2537,#2538);
#2537 = CARTESIAN_POINT('',(12.,33.482987604552,116.42857142857));
#2538 = VECTOR('',#2539,1.);
#2539 = DIRECTION('',(1.,0.,0.));
#2540 = ORIENTED_EDGE('',*,*,#2541,.F.);
#2541 = EDGE_CURVE('',#2516,#2534,#2542,.T.);
#2542 = LINE('',#2543,#2544);
#2543 = CARTESIAN_POINT('',(12.,31.208549730922,109.42857142857));
#2544 = VECTOR('',#2545,1.);
#2545 = DIRECTION('',(0.,0.309016994375,0.951056516295));
#2546 = PLANE('',#2547);
#2547 = AXIS2_PLACEMENT_3D('',#2548,#2549,#2550);
#2548 = CARTESIAN_POINT('',(12.,31.208549730922,109.42857142857));
#2549 = DIRECTION('',(0.,-0.951056516295,0.309016994375));
#2550 = DIRECTION('',(0.,0.309016994375,0.951056516295));
#2551 = ADVANCED_FACE('',(#2552),#2577,.T.);
#2552 = FACE_BOUND('',#2553,.T.);
#2553 = EDGE_LOOP('',(#2554,#2555,#2563,#2571));
#2554 = ORIENTED_EDGE('',*,*,#2533,.T.);
#2555 = ORIENTED_EDGE('',*,*,#2556,.T.);
#2556 = EDGE_CURVE('',#2526,#2557,#2559,.T.);
#2557 = VERTEX_POINT('',#2558);
#2558 = CARTESIAN_POINT('',(436.6,36.482987604552,116.42857142857));
#2559 = LINE('',#2560,#2561);
#2560 = CARTESIAN_POINT('',(436.6,33.482987604552,116.42857142857));
#2561 = VECTOR('',#2562,1.);
#2562 = DIRECTION('',(0.,1.,0.));
#2563 = ORIENTED_EDGE('',*,*,#2564,.F.);
#2564 = EDGE_CURVE('',#2565,#2557,#2567,.T.);
#2565 = VERTEX_POINT('',#2566);
#2566 = CARTESIAN_POINT('',(12.,36.482987604552,116.42857142857));
#2567 = LINE('',#2568,#2569);
#2568 = CARTESIAN_POINT('',(12.,36.482987604552,116.42857142857));
#2569 = VECTOR('',#2570,1.);
#2570 = DIRECTION('',(1.,0.,0.));
#2571 = ORIENTED_EDGE('',*,*,#2572,.F.);
#2572 = EDGE_CURVE('',#2534,#2565,#2573,.T.);
#2573 = LINE('',#2574,#2575);
#2574 = CARTESIAN_POINT('',(12.,33.482987604552,116.42857142857));
#2575 = VECTOR('',#2576,1.);
#2576 = DIRECTION('',(0.,1.,0.));
#2577 = PLANE('',#2578);
#2578 = AXIS2_PLACEMENT_3D('',#2579,#2580,#2581);
#2579 = CARTESIAN_POINT('',(12.,33.482987604552,116.42857142857));
#2580 = DIRECTION('',(0.,0.,1.));
#2581 = DIRECTION('',(0.,1.,0.));
#2582 = ADVANCED_FACE('',(#2583),#2608,.T.);
#2583 = FACE_BOUND('',#2584,.T.);
#2584 = EDGE_LOOP('',(#2585,#2586,#2594,#2602));
#2585 = ORIENTED_EDGE('',*,*,#2564,.T.);
#2586 = ORIENTED_EDGE('',*,*,#2587,.T.);
#2587 = EDGE_CURVE('',#2557,#2588,#2590,.T.);
#2588 = VERTEX_POINT('',#2589);
#2589 = CARTESIAN_POINT('',(436.6,34.208549730922,109.42857142857));
#2590 = LINE('',#2591,#2592);
#2591 = CARTESIAN_POINT('',(436.6,36.482987604552,116.42857142857));
#2592 = VECTOR('',#2593,1.);
#2593 = DIRECTION('',(0.,-0.309016994375,-0.951056516295));
#2594 = ORIENTED_EDGE('',*,*,#2595,.F.);
#2595 = EDGE_CURVE('',#2596,#2588,#2598,.T.);
#2596 = VERTEX_POINT('',#2597);
#2597 = CARTESIAN_POINT('',(12.,34.208549730922,109.42857142857));
#2598 = LINE('',#2599,#2600);
#2599 = CARTESIAN_POINT('',(12.,34.208549730922,109.42857142857));
#2600 = VECTOR('',#2601,1.);
#2601 = DIRECTION('',(1.,0.,0.));
#2602 = ORIENTED_EDGE('',*,*,#2603,.F.);
#2603 = EDGE_CURVE('',#2565,#2596,#2604,.T.);
#2604 = LINE('',#2605,#2606);
#2605 = CARTESIAN_POINT('',(12.,36.482987604552,116.42857142857));
#2606 = VECTOR('',#2607,1.);
#2607 = DIRECTION('',(0.,-0.309016994375,-0.951056516295));
#2608 = PLANE('',#2609);
#2609 = AXIS2_PLACEMENT_3D('',#2610,#2611,#2612);
#2610 = CARTESIAN_POINT('',(12.,36.482987604552,116.42857142857));
#2611 = DIRECTION('',(0.,0.951056516295,-0.309016994375));
#2612 = DIRECTION('',(0.,-0.309016994375,-0.951056516295));
#2613 = ADVANCED_FACE('',(#2614),#2630,.T.);
#2614 = FACE_BOUND('',#2615,.T.);
#2615 = EDGE_LOOP('',(#2616,#2617,#2623,#2624));
#2616 = ORIENTED_EDGE('',*,*,#2595,.T.);
#2617 = ORIENTED_EDGE('',*,*,#2618,.T.);
#2618 = EDGE_CURVE('',#2588,#2518,#2619,.T.);
#2619 = LINE('',#2620,#2621);
#2620 = CARTESIAN_POINT('',(436.6,34.208549730922,109.42857142857));
#2621 = VECTOR('',#2622,1.);
#2622 = DIRECTION('',(0.,-1.,0.));
#2623 = ORIENTED_EDGE('',*,*,#2515,.F.);
#2624 = ORIENTED_EDGE('',*,*,#2625,.F.);
#2625 = EDGE_CURVE('',#2596,#2516,#2626,.T.);
#2626 = LINE('',#2627,#2628);
#2627 = CARTESIAN_POINT('',(12.,34.208549730922,109.42857142857));
#2628 = VECTOR('',#2629,1.);
#2629 = DIRECTION('',(0.,-1.,0.));
#2630 = PLANE('',#2631);
#2631 = AXIS2_PLACEMENT_3D('',#2632,#2633,#2634);
#2632 = CARTESIAN_POINT('',(12.,34.208549730922,109.42857142857));
#2633 = DIRECTION('',(0.,0.,-1.));
#2634 = DIRECTION('',(0.,-1.,0.));
#2635 = ADVANCED_FACE('',(#2636),#2642,.T.);
#2636 = FACE_BOUND('',#2637,.T.);
#2637 = EDGE_LOOP('',(#2638,#2639,#2640,#2641));
#2638 = ORIENTED_EDGE('',*,*,#2541,.T.);
#2639 = ORIENTED_EDGE('',*,*,#2572,.T.);
#2640 = ORIENTED_EDGE('',*,*,#2603,.T.);
#2641 = ORIENTED_EDGE('',*,*,#2625,.T.);
#2642 = PLANE('',#2643);
#2643 = AXIS2_PLACEMENT_3D('',#2644,#2645,#2646);
#2644 = CARTESIAN_POINT('',(12.,33.845768667737,112.92857142857));
#2645 = DIRECTION('',(-1.,-0.,-0.));
#2646 = DIRECTION('',(0.,0.,-1.));
#2647 = ADVANCED_FACE('',(#2648),#2654,.F.);
#2648 = FACE_BOUND('',#2649,.F.);
#2649 = EDGE_LOOP('',(#2650,#2651,#2652,#2653));
#2650 = ORIENTED_EDGE('',*,*,#2525,.T.);
#2651 = ORIENTED_EDGE('',*,*,#2556,.T.);
#2652 = ORIENTED_EDGE('',*,*,#2587,.T.);
#2653 = ORIENTED_EDGE('',*,*,#2618,.T.);
#2654 = PLANE('',#2655);
#2655 = AXIS2_PLACEMENT_3D('',#2656,#2657,#2658);
#2656 = CARTESIAN_POINT('',(436.6,33.845768667737,112.92857142857));
#2657 = DIRECTION('',(-1.,-0.,-0.));
#2658 = DIRECTION('',(0.,0.,-1.));
#2659 = ( GEOMETRIC_REPRESENTATION_CONTEXT(3) 
GLOBAL_UNCERTAINTY_ASSIGNED_CONTEXT((#2663)) 
GLOBAL_UNIT_ASSIGNED_CONTEXT((#2660,#2661,#2662)) REPRESENTATION_CONTEXT
('Context #1','3D Context with UNIT and UNCERTAINTY') );
#2660 = ( LENGTH_UNIT() NAMED_UNIT(*) SI_UNIT(.MILLI.,.METRE.) );
#2661 = ( NAMED_UNIT(*) PLANE_ANGLE_UNIT() SI_UNIT($,.RADIAN.) );
#2662 = ( NAMED_UNIT(*) SI_UNIT($,.STERADIAN.) SOLID_ANGLE_UNIT() );
#2663 = UNCERTAINTY_MEASURE_WITH_UNIT(LENGTH_MEASURE(1.E-07),#2660,
  'distance_accuracy_value','confusion accuracy');
#2664 = CONTEXT_DEPENDENT_SHAPE_REPRESENTATION(#2665,#2667);
#2665 = ( REPRESENTATION_RELATIONSHIP('','',#2508,#10) 
REPRESENTATION_RELATIONSHIP_WITH_TRANSFORMATION(#2666) 
SHAPE_REPRESENTATION_RELATIONSHIP() );
#2666 = ITEM_DEFINED_TRANSFORMATION('','',#11,#67);
#2667 = PRODUCT_DEFINITION_SHAPE('Placement','Placement of an item',
  #2668);
#2668 = NEXT_ASSEMBLY_USAGE_OCCURRENCE('14','横向木格栅 07','',#5,
  #2503,$);
#2669 = PRODUCT_RELATED_PRODUCT_CATEGORY('part',$,(#2505));
#2670 = SHAPE_DEFINITION_REPRESENTATION(#2671,#2677);
#2671 = PRODUCT_DEFINITION_SHAPE('','',#2672);
#2672 = PRODUCT_DEFINITION('design','',#2673,#2676);
#2673 = PRODUCT_DEFINITION_FORMATION('','',#2674);
#2674 = PRODUCT('横向木格栅 08','横向木格栅 08','',(#2675));
#2675 = PRODUCT_CONTEXT('',#2,'mechanical');
#2676 = PRODUCT_DEFINITION_CONTEXT('part definition',#2,'design');
#2677 = ADVANCED_BREP_SHAPE_REPRESENTATION('',(#11,#2678),#2828);
#2678 = MANIFOLD_SOLID_BREP('',#2679);
#2679 = CLOSED_SHELL('',(#2680,#2720,#2751,#2782,#2804,#2816));
#2680 = ADVANCED_FACE('',(#2681),#2715,.T.);
#2681 = FACE_BOUND('',#2682,.T.);
#2682 = EDGE_LOOP('',(#2683,#2693,#2701,#2709));
#2683 = ORIENTED_EDGE('',*,*,#2684,.T.);
#2684 = EDGE_CURVE('',#2685,#2687,#2689,.T.);
#2685 = VERTEX_POINT('',#2686);
#2686 = CARTESIAN_POINT('',(12.,34.968334787331,121.));
#2687 = VERTEX_POINT('',#2688);
#2688 = CARTESIAN_POINT('',(436.6,34.968334787331,121.));
#2689 = LINE('',#2690,#2691);
#2690 = CARTESIAN_POINT('',(12.,34.968334787331,121.));
#2691 = VECTOR('',#2692,1.);
#2692 = DIRECTION('',(1.,0.,0.));
#2693 = ORIENTED_EDGE('',*,*,#2694,.T.);
#2694 = EDGE_CURVE('',#2687,#2695,#2697,.T.);
#2695 = VERTEX_POINT('',#2696);
#2696 = CARTESIAN_POINT('',(436.6,37.242772660962,128.));
#2697 = LINE('',#2698,#2699);
#2698 = CARTESIAN_POINT('',(436.6,34.968334787331,121.));
#2699 = VECTOR('',#2700,1.);
#2700 = DIRECTION('',(0.,0.309016994375,0.951056516295));
#2701 = ORIENTED_EDGE('',*,*,#2702,.F.);
#2702 = EDGE_CURVE('',#2703,#2695,#2705,.T.);
#2703 = VERTEX_POINT('',#2704);
#2704 = CARTESIAN_POINT('',(12.,37.242772660962,128.));
#2705 = LINE('',#2706,#2707);
#2706 = CARTESIAN_POINT('',(12.,37.242772660962,128.));
#2707 = VECTOR('',#2708,1.);
#2708 = DIRECTION('',(1.,0.,0.));
#2709 = ORIENTED_EDGE('',*,*,#2710,.F.);
#2710 = EDGE_CURVE('',#2685,#2703,#2711,.T.);
#2711 = LINE('',#2712,#2713);
#2712 = CARTESIAN_POINT('',(12.,34.968334787331,121.));
#2713 = VECTOR('',#2714,1.);
#2714 = DIRECTION('',(0.,0.309016994375,0.951056516295));
#2715 = PLANE('',#2716);
#2716 = AXIS2_PLACEMENT_3D('',#2717,#2718,#2719);
#2717 = CARTESIAN_POINT('',(12.,34.968334787331,121.));
#2718 = DIRECTION('',(0.,-0.951056516295,0.309016994375));
#2719 = DIRECTION('',(0.,0.309016994375,0.951056516295));
#2720 = ADVANCED_FACE('',(#2721),#2746,.T.);
#2721 = FACE_BOUND('',#2722,.T.);
#2722 = EDGE_LOOP('',(#2723,#2724,#2732,#2740));
#2723 = ORIENTED_EDGE('',*,*,#2702,.T.);
#2724 = ORIENTED_EDGE('',*,*,#2725,.T.);
#2725 = EDGE_CURVE('',#2695,#2726,#2728,.T.);
#2726 = VERTEX_POINT('',#2727);
#2727 = CARTESIAN_POINT('',(436.6,40.242772660962,128.));
#2728 = LINE('',#2729,#2730);
#2729 = CARTESIAN_POINT('',(436.6,37.242772660962,128.));
#2730 = VECTOR('',#2731,1.);
#2731 = DIRECTION('',(0.,1.,0.));
#2732 = ORIENTED_EDGE('',*,*,#2733,.F.);
#2733 = EDGE_CURVE('',#2734,#2726,#2736,.T.);
#2734 = VERTEX_POINT('',#2735);
#2735 = CARTESIAN_POINT('',(12.,40.242772660962,128.));
#2736 = LINE('',#2737,#2738);
#2737 = CARTESIAN_POINT('',(12.,40.242772660962,128.));
#2738 = VECTOR('',#2739,1.);
#2739 = DIRECTION('',(1.,0.,0.));
#2740 = ORIENTED_EDGE('',*,*,#2741,.F.);
#2741 = EDGE_CURVE('',#2703,#2734,#2742,.T.);
#2742 = LINE('',#2743,#2744);
#2743 = CARTESIAN_POINT('',(12.,37.242772660962,128.));
#2744 = VECTOR('',#2745,1.);
#2745 = DIRECTION('',(0.,1.,0.));
#2746 = PLANE('',#2747);
#2747 = AXIS2_PLACEMENT_3D('',#2748,#2749,#2750);
#2748 = CARTESIAN_POINT('',(12.,37.242772660962,128.));
#2749 = DIRECTION('',(0.,0.,1.));
#2750 = DIRECTION('',(0.,1.,0.));
#2751 = ADVANCED_FACE('',(#2752),#2777,.T.);
#2752 = FACE_BOUND('',#2753,.T.);
#2753 = EDGE_LOOP('',(#2754,#2755,#2763,#2771));
#2754 = ORIENTED_EDGE('',*,*,#2733,.T.);
#2755 = ORIENTED_EDGE('',*,*,#2756,.T.);
#2756 = EDGE_CURVE('',#2726,#2757,#2759,.T.);
#2757 = VERTEX_POINT('',#2758);
#2758 = CARTESIAN_POINT('',(436.6,37.968334787331,121.));
#2759 = LINE('',#2760,#2761);
#2760 = CARTESIAN_POINT('',(436.6,40.242772660962,128.));
#2761 = VECTOR('',#2762,1.);
#2762 = DIRECTION('',(0.,-0.309016994375,-0.951056516295));
#2763 = ORIENTED_EDGE('',*,*,#2764,.F.);
#2764 = EDGE_CURVE('',#2765,#2757,#2767,.T.);
#2765 = VERTEX_POINT('',#2766);
#2766 = CARTESIAN_POINT('',(12.,37.968334787331,121.));
#2767 = LINE('',#2768,#2769);
#2768 = CARTESIAN_POINT('',(12.,37.968334787331,121.));
#2769 = VECTOR('',#2770,1.);
#2770 = DIRECTION('',(1.,0.,0.));
#2771 = ORIENTED_EDGE('',*,*,#2772,.F.);
#2772 = EDGE_CURVE('',#2734,#2765,#2773,.T.);
#2773 = LINE('',#2774,#2775);
#2774 = CARTESIAN_POINT('',(12.,40.242772660962,128.));
#2775 = VECTOR('',#2776,1.);
#2776 = DIRECTION('',(0.,-0.309016994375,-0.951056516295));
#2777 = PLANE('',#2778);
#2778 = AXIS2_PLACEMENT_3D('',#2779,#2780,#2781);
#2779 = CARTESIAN_POINT('',(12.,40.242772660962,128.));
#2780 = DIRECTION('',(0.,0.951056516295,-0.309016994375));
#2781 = DIRECTION('',(0.,-0.309016994375,-0.951056516295));
#2782 = ADVANCED_FACE('',(#2783),#2799,.T.);
#2783 = FACE_BOUND('',#2784,.T.);
#2784 = EDGE_LOOP('',(#2785,#2786,#2792,#2793));
#2785 = ORIENTED_EDGE('',*,*,#2764,.T.);
#2786 = ORIENTED_EDGE('',*,*,#2787,.T.);
#2787 = EDGE_CURVE('',#2757,#2687,#2788,.T.);
#2788 = LINE('',#2789,#2790);
#2789 = CARTESIAN_POINT('',(436.6,37.968334787331,121.));
#2790 = VECTOR('',#2791,1.);
#2791 = DIRECTION('',(0.,-1.,0.));
#2792 = ORIENTED_EDGE('',*,*,#2684,.F.);
#2793 = ORIENTED_EDGE('',*,*,#2794,.F.);
#2794 = EDGE_CURVE('',#2765,#2685,#2795,.T.);
#2795 = LINE('',#2796,#2797);
#2796 = CARTESIAN_POINT('',(12.,37.968334787331,121.));
#2797 = VECTOR('',#2798,1.);
#2798 = DIRECTION('',(0.,-1.,0.));
#2799 = PLANE('',#2800);
#2800 = AXIS2_PLACEMENT_3D('',#2801,#2802,#2803);
#2801 = CARTESIAN_POINT('',(12.,37.968334787331,121.));
#2802 = DIRECTION('',(0.,0.,-1.));
#2803 = DIRECTION('',(0.,-1.,0.));
#2804 = ADVANCED_FACE('',(#2805),#2811,.T.);
#2805 = FACE_BOUND('',#2806,.T.);
#2806 = EDGE_LOOP('',(#2807,#2808,#2809,#2810));
#2807 = ORIENTED_EDGE('',*,*,#2710,.T.);
#2808 = ORIENTED_EDGE('',*,*,#2741,.T.);
#2809 = ORIENTED_EDGE('',*,*,#2772,.T.);
#2810 = ORIENTED_EDGE('',*,*,#2794,.T.);
#2811 = PLANE('',#2812);
#2812 = AXIS2_PLACEMENT_3D('',#2813,#2814,#2815);
#2813 = CARTESIAN_POINT('',(12.,37.605553724146,124.5));
#2814 = DIRECTION('',(-1.,-0.,-0.));
#2815 = DIRECTION('',(0.,0.,-1.));
#2816 = ADVANCED_FACE('',(#2817),#2823,.F.);
#2817 = FACE_BOUND('',#2818,.F.);
#2818 = EDGE_LOOP('',(#2819,#2820,#2821,#2822));
#2819 = ORIENTED_EDGE('',*,*,#2694,.T.);
#2820 = ORIENTED_EDGE('',*,*,#2725,.T.);
#2821 = ORIENTED_EDGE('',*,*,#2756,.T.);
#2822 = ORIENTED_EDGE('',*,*,#2787,.T.);
#2823 = PLANE('',#2824);
#2824 = AXIS2_PLACEMENT_3D('',#2825,#2826,#2827);
#2825 = CARTESIAN_POINT('',(436.6,37.605553724146,124.5));
#2826 = DIRECTION('',(-1.,-0.,-0.));
#2827 = DIRECTION('',(0.,0.,-1.));
#2828 = ( GEOMETRIC_REPRESENTATION_CONTEXT(3) 
GLOBAL_UNCERTAINTY_ASSIGNED_CONTEXT((#2832)) 
GLOBAL_UNIT_ASSIGNED_CONTEXT((#2829,#2830,#2831)) REPRESENTATION_CONTEXT
('Context #1','3D Context with UNIT and UNCERTAINTY') );
#2829 = ( LENGTH_UNIT() NAMED_UNIT(*) SI_UNIT(.MILLI.,.METRE.) );
#2830 = ( NAMED_UNIT(*) PLANE_ANGLE_UNIT() SI_UNIT($,.RADIAN.) );
#2831 = ( NAMED_UNIT(*) SI_UNIT($,.STERADIAN.) SOLID_ANGLE_UNIT() );
#2832 = UNCERTAINTY_MEASURE_WITH_UNIT(LENGTH_MEASURE(1.E-07),#2829,
  'distance_accuracy_value','confusion accuracy');
#2833 = CONTEXT_DEPENDENT_SHAPE_REPRESENTATION(#2834,#2836);
#2834 = ( REPRESENTATION_RELATIONSHIP('','',#2677,#10) 
REPRESENTATION_RELATIONSHIP_WITH_TRANSFORMATION(#2835) 
SHAPE_REPRESENTATION_RELATIONSHIP() );
#2835 = ITEM_DEFINED_TRANSFORMATION('','',#11,#71);
#2836 = PRODUCT_DEFINITION_SHAPE('Placement','Placement of an item',
  #2837);
#2837 = NEXT_ASSEMBLY_USAGE_OCCURRENCE('15','横向木格栅 08','',#5,
  #2672,$);
#2838 = PRODUCT_RELATED_PRODUCT_CATEGORY('part',$,(#2674));
#2839 = SHAPE_DEFINITION_REPRESENTATION(#2840,#2846);
#2840 = PRODUCT_DEFINITION_SHAPE('','',#2841);
#2841 = PRODUCT_DEFINITION('design','',#2842,#2845);
#2842 = PRODUCT_DEFINITION_FORMATION('','',#2843);
#2843 = PRODUCT('灯带铝槽占位','灯带铝槽占位','',(#2844));
#2844 = PRODUCT_CONTEXT('',#2,'mechanical');
#2845 = PRODUCT_DEFINITION_CONTEXT('part definition',#2,'design');
#2846 = ADVANCED_BREP_SHAPE_REPRESENTATION('',(#11,#2847),#2997);
#2847 = MANIFOLD_SOLID_BREP('',#2848);
#2848 = CLOSED_SHELL('',(#2849,#2889,#2929,#2951,#2973,#2985));
#2849 = ADVANCED_FACE('',(#2850),#2884,.F.);
#2850 = FACE_BOUND('',#2851,.F.);
#2851 = EDGE_LOOP('',(#2852,#2862,#2870,#2878));
#2852 = ORIENTED_EDGE('',*,*,#2853,.F.);
#2853 = EDGE_CURVE('',#2854,#2856,#2858,.T.);
#2854 = VERTEX_POINT('',#2855);
#2855 = CARTESIAN_POINT('',(18.,7.,128.));
#2856 = VERTEX_POINT('',#2857);
#2857 = CARTESIAN_POINT('',(18.,7.,130.));
#2858 = LINE('',#2859,#2860);
#2859 = CARTESIAN_POINT('',(18.,7.,128.));
#2860 = VECTOR('',#2861,1.);
#2861 = DIRECTION('',(0.,0.,1.));
#2862 = ORIENTED_EDGE('',*,*,#2863,.T.);
#2863 = EDGE_CURVE('',#2854,#2864,#2866,.T.);
#2864 = VERTEX_POINT('',#2865);
#2865 = CARTESIAN_POINT('',(18.,21.,128.));
#2866 = LINE('',#2867,#2868);
#2867 = CARTESIAN_POINT('',(18.,7.,128.));
#2868 = VECTOR('',#2869,1.);
#2869 = DIRECTION('',(-0.,1.,0.));
#2870 = ORIENTED_EDGE('',*,*,#2871,.T.);
#2871 = EDGE_CURVE('',#2864,#2872,#2874,.T.);
#2872 = VERTEX_POINT('',#2873);
#2873 = CARTESIAN_POINT('',(18.,21.,130.));
#2874 = LINE('',#2875,#2876);
#2875 = CARTESIAN_POINT('',(18.,21.,128.));
#2876 = VECTOR('',#2877,1.);
#2877 = DIRECTION('',(0.,0.,1.));
#2878 = ORIENTED_EDGE('',*,*,#2879,.F.);
#2879 = EDGE_CURVE('',#2856,#2872,#2880,.T.);
#2880 = LINE('',#2881,#2882);
#2881 = CARTESIAN_POINT('',(18.,7.,130.));
#2882 = VECTOR('',#2883,1.);
#2883 = DIRECTION('',(-0.,1.,0.));
#2884 = PLANE('',#2885);
#2885 = AXIS2_PLACEMENT_3D('',#2886,#2887,#2888);
#2886 = CARTESIAN_POINT('',(18.,7.,128.));
#2887 = DIRECTION('',(1.,0.,-0.));
#2888 = DIRECTION('',(0.,0.,1.));
#2889 = ADVANCED_FACE('',(#2890),#2924,.T.);
#2890 = FACE_BOUND('',#2891,.T.);
#2891 = EDGE_LOOP('',(#2892,#2902,#2910,#2918));
#2892 = ORIENTED_EDGE('',*,*,#2893,.F.);
#2893 = EDGE_CURVE('',#2894,#2896,#2898,.T.);
#2894 = VERTEX_POINT('',#2895);
#2895 = CARTESIAN_POINT('',(430.6,7.,128.));
#2896 = VERTEX_POINT('',#2897);
#2897 = CARTESIAN_POINT('',(430.6,7.,130.));
#2898 = LINE('',#2899,#2900);
#2899 = CARTESIAN_POINT('',(430.6,7.,128.));
#2900 = VECTOR('',#2901,1.);
#2901 = DIRECTION('',(0.,0.,1.));
#2902 = ORIENTED_EDGE('',*,*,#2903,.T.);
#2903 = EDGE_CURVE('',#2894,#2904,#2906,.T.);
#2904 = VERTEX_POINT('',#2905);
#2905 = CARTESIAN_POINT('',(430.6,21.,128.));
#2906 = LINE('',#2907,#2908);
#2907 = CARTESIAN_POINT('',(430.6,7.,128.));
#2908 = VECTOR('',#2909,1.);
#2909 = DIRECTION('',(-0.,1.,0.));
#2910 = ORIENTED_EDGE('',*,*,#2911,.T.);
#2911 = EDGE_CURVE('',#2904,#2912,#2914,.T.);
#2912 = VERTEX_POINT('',#2913);
#2913 = CARTESIAN_POINT('',(430.6,21.,130.));
#2914 = LINE('',#2915,#2916);
#2915 = CARTESIAN_POINT('',(430.6,21.,128.));
#2916 = VECTOR('',#2917,1.);
#2917 = DIRECTION('',(0.,0.,1.));
#2918 = ORIENTED_EDGE('',*,*,#2919,.F.);
#2919 = EDGE_CURVE('',#2896,#2912,#2920,.T.);
#2920 = LINE('',#2921,#2922);
#2921 = CARTESIAN_POINT('',(430.6,7.,130.));
#2922 = VECTOR('',#2923,1.);
#2923 = DIRECTION('',(-0.,1.,0.));
#2924 = PLANE('',#2925);
#2925 = AXIS2_PLACEMENT_3D('',#2926,#2927,#2928);
#2926 = CARTESIAN_POINT('',(430.6,7.,128.));
#2927 = DIRECTION('',(1.,0.,-0.));
#2928 = DIRECTION('',(0.,0.,1.));
#2929 = ADVANCED_FACE('',(#2930),#2946,.F.);
#2930 = FACE_BOUND('',#2931,.F.);
#2931 = EDGE_LOOP('',(#2932,#2938,#2939,#2945));
#2932 = ORIENTED_EDGE('',*,*,#2933,.F.);
#2933 = EDGE_CURVE('',#2854,#2894,#2934,.T.);
#2934 = LINE('',#2935,#2936);
#2935 = CARTESIAN_POINT('',(18.,7.,128.));
#2936 = VECTOR('',#2937,1.);
#2937 = DIRECTION('',(1.,0.,-0.));
#2938 = ORIENTED_EDGE('',*,*,#2853,.T.);
#2939 = ORIENTED_EDGE('',*,*,#2940,.T.);
#2940 = EDGE_CURVE('',#2856,#2896,#2941,.T.);
#2941 = LINE('',#2942,#2943);
#2942 = CARTESIAN_POINT('',(18.,7.,130.));
#2943 = VECTOR('',#2944,1.);
#2944 = DIRECTION('',(1.,0.,-0.));
#2945 = ORIENTED_EDGE('',*,*,#2893,.F.);
#2946 = PLANE('',#2947);
#2947 = AXIS2_PLACEMENT_3D('',#2948,#2949,#2950);
#2948 = CARTESIAN_POINT('',(18.,7.,128.));
#2949 = DIRECTION('',(-0.,1.,0.));
#2950 = DIRECTION('',(0.,0.,1.));
#2951 = ADVANCED_FACE('',(#2952),#2968,.T.);
#2952 = FACE_BOUND('',#2953,.T.);
#2953 = EDGE_LOOP('',(#2954,#2960,#2961,#2967));
#2954 = ORIENTED_EDGE('',*,*,#2955,.F.);
#2955 = EDGE_CURVE('',#2864,#2904,#2956,.T.);
#2956 = LINE('',#2957,#2958);
#2957 = CARTESIAN_POINT('',(18.,21.,128.));
#2958 = VECTOR('',#2959,1.);
#2959 = DIRECTION('',(1.,0.,-0.));
#2960 = ORIENTED_EDGE('',*,*,#2871,.T.);
#2961 = ORIENTED_EDGE('',*,*,#2962,.T.);
#2962 = EDGE_CURVE('',#2872,#2912,#2963,.T.);
#2963 = LINE('',#2964,#2965);
#2964 = CARTESIAN_POINT('',(18.,21.,130.));
#2965 = VECTOR('',#2966,1.);
#2966 = DIRECTION('',(1.,0.,-0.));
#2967 = ORIENTED_EDGE('',*,*,#2911,.F.);
#2968 = PLANE('',#2969);
#2969 = AXIS2_PLACEMENT_3D('',#2970,#2971,#2972);
#2970 = CARTESIAN_POINT('',(18.,21.,128.));
#2971 = DIRECTION('',(-0.,1.,0.));
#2972 = DIRECTION('',(0.,0.,1.));
#2973 = ADVANCED_FACE('',(#2974),#2980,.F.);
#2974 = FACE_BOUND('',#2975,.F.);
#2975 = EDGE_LOOP('',(#2976,#2977,#2978,#2979));
#2976 = ORIENTED_EDGE('',*,*,#2863,.F.);
#2977 = ORIENTED_EDGE('',*,*,#2933,.T.);
#2978 = ORIENTED_EDGE('',*,*,#2903,.T.);
#2979 = ORIENTED_EDGE('',*,*,#2955,.F.);
#2980 = PLANE('',#2981);
#2981 = AXIS2_PLACEMENT_3D('',#2982,#2983,#2984);
#2982 = CARTESIAN_POINT('',(18.,7.,128.));
#2983 = DIRECTION('',(0.,0.,1.));
#2984 = DIRECTION('',(1.,0.,-0.));
#2985 = ADVANCED_FACE('',(#2986),#2992,.T.);
#2986 = FACE_BOUND('',#2987,.T.);
#2987 = EDGE_LOOP('',(#2988,#2989,#2990,#2991));
#2988 = ORIENTED_EDGE('',*,*,#2879,.F.);
#2989 = ORIENTED_EDGE('',*,*,#2940,.T.);
#2990 = ORIENTED_EDGE('',*,*,#2919,.T.);
#2991 = ORIENTED_EDGE('',*,*,#2962,.F.);
#2992 = PLANE('',#2993);
#2993 = AXIS2_PLACEMENT_3D('',#2994,#2995,#2996);
#2994 = CARTESIAN_POINT('',(18.,7.,130.));
#2995 = DIRECTION('',(0.,0.,1.));
#2996 = DIRECTION('',(1.,0.,-0.));
#2997 = ( GEOMETRIC_REPRESENTATION_CONTEXT(3) 
GLOBAL_UNCERTAINTY_ASSIGNED_CONTEXT((#3001)) 
GLOBAL_UNIT_ASSIGNED_CONTEXT((#2998,#2999,#3000)) REPRESENTATION_CONTEXT
('Context #1','3D Context with UNIT and UNCERTAINTY') );
#2998 = ( LENGTH_UNIT() NAMED_UNIT(*) SI_UNIT(.MILLI.,.METRE.) );
#2999 = ( NAMED_UNIT(*) PLANE_ANGLE_UNIT() SI_UNIT($,.RADIAN.) );
#3000 = ( NAMED_UNIT(*) SI_UNIT($,.STERADIAN.) SOLID_ANGLE_UNIT() );
#3001 = UNCERTAINTY_MEASURE_WITH_UNIT(LENGTH_MEASURE(1.E-07),#2998,
  'distance_accuracy_value','confusion accuracy');
#3002 = CONTEXT_DEPENDENT_SHAPE_REPRESENTATION(#3003,#3005);
#3003 = ( REPRESENTATION_RELATIONSHIP('','',#2846,#10) 
REPRESENTATION_RELATIONSHIP_WITH_TRANSFORMATION(#3004) 
SHAPE_REPRESENTATION_RELATIONSHIP() );
#3004 = ITEM_DEFINED_TRANSFORMATION('','',#11,#75);
#3005 = PRODUCT_DEFINITION_SHAPE('Placement','Placement of an item',
  #3006);
#3006 = NEXT_ASSEMBLY_USAGE_OCCURRENCE('16','灯带铝槽占位','',#5,
  #2841,$);
#3007 = PRODUCT_RELATED_PRODUCT_CATEGORY('part',$,(#2843));
#3008 = SHAPE_DEFINITION_REPRESENTATION(#3009,#3015);
#3009 = PRODUCT_DEFINITION_SHAPE('','',#3010);
#3010 = PRODUCT_DEFINITION('design','',#3011,#3014);
#3011 = PRODUCT_DEFINITION_FORMATION('','',#3012);
#3012 = PRODUCT('3000 K 暖光扩散片','3000 K 暖光扩散片','',(
    #3013));
#3013 = PRODUCT_CONTEXT('',#2,'mechanical');
#3014 = PRODUCT_DEFINITION_CONTEXT('part definition',#2,'design');
#3015 = ADVANCED_BREP_SHAPE_REPRESENTATION('',(#11,#3016),#3166);
#3016 = MANIFOLD_SOLID_BREP('',#3017);
#3017 = CLOSED_SHELL('',(#3018,#3058,#3098,#3120,#3142,#3154));
#3018 = ADVANCED_FACE('',(#3019),#3053,.F.);
#3019 = FACE_BOUND('',#3020,.F.);
#3020 = EDGE_LOOP('',(#3021,#3031,#3039,#3047));
#3021 = ORIENTED_EDGE('',*,*,#3022,.F.);
#3022 = EDGE_CURVE('',#3023,#3025,#3027,.T.);
#3023 = VERTEX_POINT('',#3024);
#3024 = CARTESIAN_POINT('',(20.,8.,127.));
#3025 = VERTEX_POINT('',#3026);
#3026 = CARTESIAN_POINT('',(20.,8.,128.));
#3027 = LINE('',#3028,#3029);
#3028 = CARTESIAN_POINT('',(20.,8.,127.));
#3029 = VECTOR('',#3030,1.);
#3030 = DIRECTION('',(0.,0.,1.));
#3031 = ORIENTED_EDGE('',*,*,#3032,.T.);
#3032 = EDGE_CURVE('',#3023,#3033,#3035,.T.);
#3033 = VERTEX_POINT('',#3034);
#3034 = CARTESIAN_POINT('',(20.,20.,127.));
#3035 = LINE('',#3036,#3037);
#3036 = CARTESIAN_POINT('',(20.,8.,127.));
#3037 = VECTOR('',#3038,1.);
#3038 = DIRECTION('',(-0.,1.,0.));
#3039 = ORIENTED_EDGE('',*,*,#3040,.T.);
#3040 = EDGE_CURVE('',#3033,#3041,#3043,.T.);
#3041 = VERTEX_POINT('',#3042);
#3042 = CARTESIAN_POINT('',(20.,20.,128.));
#3043 = LINE('',#3044,#3045);
#3044 = CARTESIAN_POINT('',(20.,20.,127.));
#3045 = VECTOR('',#3046,1.);
#3046 = DIRECTION('',(0.,0.,1.));
#3047 = ORIENTED_EDGE('',*,*,#3048,.F.);
#3048 = EDGE_CURVE('',#3025,#3041,#3049,.T.);
#3049 = LINE('',#3050,#3051);
#3050 = CARTESIAN_POINT('',(20.,8.,128.));
#3051 = VECTOR('',#3052,1.);
#3052 = DIRECTION('',(-0.,1.,0.));
#3053 = PLANE('',#3054);
#3054 = AXIS2_PLACEMENT_3D('',#3055,#3056,#3057);
#3055 = CARTESIAN_POINT('',(20.,8.,127.));
#3056 = DIRECTION('',(1.,0.,-0.));
#3057 = DIRECTION('',(0.,0.,1.));
#3058 = ADVANCED_FACE('',(#3059),#3093,.T.);
#3059 = FACE_BOUND('',#3060,.T.);
#3060 = EDGE_LOOP('',(#3061,#3071,#3079,#3087));
#3061 = ORIENTED_EDGE('',*,*,#3062,.F.);
#3062 = EDGE_CURVE('',#3063,#3065,#3067,.T.);
#3063 = VERTEX_POINT('',#3064);
#3064 = CARTESIAN_POINT('',(428.6,8.,127.));
#3065 = VERTEX_POINT('',#3066);
#3066 = CARTESIAN_POINT('',(428.6,8.,128.));
#3067 = LINE('',#3068,#3069);
#3068 = CARTESIAN_POINT('',(428.6,8.,127.));
#3069 = VECTOR('',#3070,1.);
#3070 = DIRECTION('',(0.,0.,1.));
#3071 = ORIENTED_EDGE('',*,*,#3072,.T.);
#3072 = EDGE_CURVE('',#3063,#3073,#3075,.T.);
#3073 = VERTEX_POINT('',#3074);
#3074 = CARTESIAN_POINT('',(428.6,20.,127.));
#3075 = LINE('',#3076,#3077);
#3076 = CARTESIAN_POINT('',(428.6,8.,127.));
#3077 = VECTOR('',#3078,1.);
#3078 = DIRECTION('',(-0.,1.,0.));
#3079 = ORIENTED_EDGE('',*,*,#3080,.T.);
#3080 = EDGE_CURVE('',#3073,#3081,#3083,.T.);
#3081 = VERTEX_POINT('',#3082);
#3082 = CARTESIAN_POINT('',(428.6,20.,128.));
#3083 = LINE('',#3084,#3085);
#3084 = CARTESIAN_POINT('',(428.6,20.,127.));
#3085 = VECTOR('',#3086,1.);
#3086 = DIRECTION('',(0.,0.,1.));
#3087 = ORIENTED_EDGE('',*,*,#3088,.F.);
#3088 = EDGE_CURVE('',#3065,#3081,#3089,.T.);
#3089 = LINE('',#3090,#3091);
#3090 = CARTESIAN_POINT('',(428.6,8.,128.));
#3091 = VECTOR('',#3092,1.);
#3092 = DIRECTION('',(-0.,1.,0.));
#3093 = PLANE('',#3094);
#3094 = AXIS2_PLACEMENT_3D('',#3095,#3096,#3097);
#3095 = CARTESIAN_POINT('',(428.6,8.,127.));
#3096 = DIRECTION('',(1.,0.,-0.));
#3097 = DIRECTION('',(0.,0.,1.));
#3098 = ADVANCED_FACE('',(#3099),#3115,.F.);
#3099 = FACE_BOUND('',#3100,.F.);
#3100 = EDGE_LOOP('',(#3101,#3107,#3108,#3114));
#3101 = ORIENTED_EDGE('',*,*,#3102,.F.);
#3102 = EDGE_CURVE('',#3023,#3063,#3103,.T.);
#3103 = LINE('',#3104,#3105);
#3104 = CARTESIAN_POINT('',(20.,8.,127.));
#3105 = VECTOR('',#3106,1.);
#3106 = DIRECTION('',(1.,0.,-0.));
#3107 = ORIENTED_EDGE('',*,*,#3022,.T.);
#3108 = ORIENTED_EDGE('',*,*,#3109,.T.);
#3109 = EDGE_CURVE('',#3025,#3065,#3110,.T.);
#3110 = LINE('',#3111,#3112);
#3111 = CARTESIAN_POINT('',(20.,8.,128.));
#3112 = VECTOR('',#3113,1.);
#3113 = DIRECTION('',(1.,0.,-0.));
#3114 = ORIENTED_EDGE('',*,*,#3062,.F.);
#3115 = PLANE('',#3116);
#3116 = AXIS2_PLACEMENT_3D('',#3117,#3118,#3119);
#3117 = CARTESIAN_POINT('',(20.,8.,127.));
#3118 = DIRECTION('',(-0.,1.,0.));
#3119 = DIRECTION('',(0.,0.,1.));
#3120 = ADVANCED_FACE('',(#3121),#3137,.T.);
#3121 = FACE_BOUND('',#3122,.T.);
#3122 = EDGE_LOOP('',(#3123,#3129,#3130,#3136));
#3123 = ORIENTED_EDGE('',*,*,#3124,.F.);
#3124 = EDGE_CURVE('',#3033,#3073,#3125,.T.);
#3125 = LINE('',#3126,#3127);
#3126 = CARTESIAN_POINT('',(20.,20.,127.));
#3127 = VECTOR('',#3128,1.);
#3128 = DIRECTION('',(1.,0.,-0.));
#3129 = ORIENTED_EDGE('',*,*,#3040,.T.);
#3130 = ORIENTED_EDGE('',*,*,#3131,.T.);
#3131 = EDGE_CURVE('',#3041,#3081,#3132,.T.);
#3132 = LINE('',#3133,#3134);
#3133 = CARTESIAN_POINT('',(20.,20.,128.));
#3134 = VECTOR('',#3135,1.);
#3135 = DIRECTION('',(1.,0.,-0.));
#3136 = ORIENTED_EDGE('',*,*,#3080,.F.);
#3137 = PLANE('',#3138);
#3138 = AXIS2_PLACEMENT_3D('',#3139,#3140,#3141);
#3139 = CARTESIAN_POINT('',(20.,20.,127.));
#3140 = DIRECTION('',(-0.,1.,0.));
#3141 = DIRECTION('',(0.,0.,1.));
#3142 = ADVANCED_FACE('',(#3143),#3149,.F.);
#3143 = FACE_BOUND('',#3144,.F.);
#3144 = EDGE_LOOP('',(#3145,#3146,#3147,#3148));
#3145 = ORIENTED_EDGE('',*,*,#3032,.F.);
#3146 = ORIENTED_EDGE('',*,*,#3102,.T.);
#3147 = ORIENTED_EDGE('',*,*,#3072,.T.);
#3148 = ORIENTED_EDGE('',*,*,#3124,.F.);
#3149 = PLANE('',#3150);
#3150 = AXIS2_PLACEMENT_3D('',#3151,#3152,#3153);
#3151 = CARTESIAN_POINT('',(20.,8.,127.));
#3152 = DIRECTION('',(0.,0.,1.));
#3153 = DIRECTION('',(1.,0.,-0.));
#3154 = ADVANCED_FACE('',(#3155),#3161,.T.);
#3155 = FACE_BOUND('',#3156,.T.);
#3156 = EDGE_LOOP('',(#3157,#3158,#3159,#3160));
#3157 = ORIENTED_EDGE('',*,*,#3048,.F.);
#3158 = ORIENTED_EDGE('',*,*,#3109,.T.);
#3159 = ORIENTED_EDGE('',*,*,#3088,.T.);
#3160 = ORIENTED_EDGE('',*,*,#3131,.F.);
#3161 = PLANE('',#3162);
#3162 = AXIS2_PLACEMENT_3D('',#3163,#3164,#3165);
#3163 = CARTESIAN_POINT('',(20.,8.,128.));
#3164 = DIRECTION('',(0.,0.,1.));
#3165 = DIRECTION('',(1.,0.,-0.));
#3166 = ( GEOMETRIC_REPRESENTATION_CONTEXT(3) 
GLOBAL_UNCERTAINTY_ASSIGNED_CONTEXT((#3170)) 
GLOBAL_UNIT_ASSIGNED_CONTEXT((#3167,#3168,#3169)) REPRESENTATION_CONTEXT
('Context #1','3D Context with UNIT and UNCERTAINTY') );
#3167 = ( LENGTH_UNIT() NAMED_UNIT(*) SI_UNIT(.MILLI.,.METRE.) );
#3168 = ( NAMED_UNIT(*) PLANE_ANGLE_UNIT() SI_UNIT($,.RADIAN.) );
#3169 = ( NAMED_UNIT(*) SI_UNIT($,.STERADIAN.) SOLID_ANGLE_UNIT() );
#3170 = UNCERTAINTY_MEASURE_WITH_UNIT(LENGTH_MEASURE(1.E-07),#3167,
  'distance_accuracy_value','confusion accuracy');
#3171 = CONTEXT_DEPENDENT_SHAPE_REPRESENTATION(#3172,#3174);
#3172 = ( REPRESENTATION_RELATIONSHIP('','',#3015,#10) 
REPRESENTATION_RELATIONSHIP_WITH_TRANSFORMATION(#3173) 
SHAPE_REPRESENTATION_RELATIONSHIP() );
#3173 = ITEM_DEFINED_TRANSFORMATION('','',#11,#79);
#3174 = PRODUCT_DEFINITION_SHAPE('Placement','Placement of an item',
  #3175);
#3175 = NEXT_ASSEMBLY_USAGE_OCCURRENCE('17','3000 K 暖光扩散片','',
  #5,#3010,$);
#3176 = PRODUCT_RELATED_PRODUCT_CATEGORY('part',$,(#3012));
#3177 = SHAPE_DEFINITION_REPRESENTATION(#3178,#3184);
#3178 = PRODUCT_DEFINITION_SHAPE('','',#3179);
#3179 = PRODUCT_DEFINITION('design','',#3180,#3183);
#3180 = PRODUCT_DEFINITION_FORMATION('','',#3181);
#3181 = PRODUCT('左右高音斜面障板','左右高音斜面障板',''
  ,(#3182));
#3182 = PRODUCT_CONTEXT('',#2,'mechanical');
#3183 = PRODUCT_DEFINITION_CONTEXT('part definition',#2,'design');
#3184 = ADVANCED_BREP_SHAPE_REPRESENTATION('',(#11,#3185),#3413);
#3185 = MANIFOLD_SOLID_BREP('',#3186);
#3186 = CLOSED_SHELL('',(#3187,#3249,#3280,#3304,#3328,#3345,#3370,#3395
    ));
#3187 = ADVANCED_FACE('',(#3188,#3222,#3233),#3244,.T.);
#3188 = FACE_BOUND('',#3189,.T.);
#3189 = EDGE_LOOP('',(#3190,#3200,#3208,#3216));
#3190 = ORIENTED_EDGE('',*,*,#3191,.T.);
#3191 = EDGE_CURVE('',#3192,#3194,#3196,.T.);
#3192 = VERTEX_POINT('',#3193);
#3193 = CARTESIAN_POINT('',(12.,16.,38.));
#3194 = VERTEX_POINT('',#3195);
#3195 = CARTESIAN_POINT('',(436.6,16.,38.));
#3196 = LINE('',#3197,#3198);
#3197 = CARTESIAN_POINT('',(12.,16.,38.));
#3198 = VECTOR('',#3199,1.);
#3199 = DIRECTION('',(1.,0.,0.));
#3200 = ORIENTED_EDGE('',*,*,#3201,.T.);
#3201 = EDGE_CURVE('',#3194,#3202,#3204,.T.);
#3202 = VERTEX_POINT('',#3203);
#3203 = CARTESIAN_POINT('',(436.6,45.242772660962,128.));
#3204 = LINE('',#3205,#3206);
#3205 = CARTESIAN_POINT('',(436.6,16.,38.));
#3206 = VECTOR('',#3207,1.);
#3207 = DIRECTION('',(0.,0.309016994375,0.951056516295));
#3208 = ORIENTED_EDGE('',*,*,#3209,.F.);
#3209 = EDGE_CURVE('',#3210,#3202,#3212,.T.);
#3210 = VERTEX_POINT('',#3211);
#3211 = CARTESIAN_POINT('',(12.,45.242772660962,128.));
#3212 = LINE('',#3213,#3214);
#3213 = CARTESIAN_POINT('',(12.,45.242772660962,128.));
#3214 = VECTOR('',#3215,1.);
#3215 = DIRECTION('',(1.,0.,0.));
#3216 = ORIENTED_EDGE('',*,*,#3217,.F.);
#3217 = EDGE_CURVE('',#3192,#3210,#3218,.T.);
#3218 = LINE('',#3219,#3220);
#3219 = CARTESIAN_POINT('',(12.,16.,38.));
#3220 = VECTOR('',#3221,1.);
#3221 = DIRECTION('',(0.,0.309016994375,0.951056516295));
#3222 = FACE_BOUND('',#3223,.T.);
#3223 = EDGE_LOOP('',(#3224));
#3224 = ORIENTED_EDGE('',*,*,#3225,.T.);
#3225 = EDGE_CURVE('',#3226,#3226,#3228,.T.);
#3226 = VERTEX_POINT('',#3227);
#3227 = CARTESIAN_POINT('',(368.6,38.426324699144,107.0211303259));
#3228 = CIRCLE('',#3229,20.);
#3229 = AXIS2_PLACEMENT_3D('',#3230,#3231,#3232);
#3230 = CARTESIAN_POINT('',(368.6,32.245984811645,88.));
#3231 = DIRECTION('',(0.,0.951056516295,-0.309016994375));
#3232 = DIRECTION('',(0.,0.309016994375,0.951056516295));
#3233 = FACE_BOUND('',#3234,.T.);
#3234 = EDGE_LOOP('',(#3235));
#3235 = ORIENTED_EDGE('',*,*,#3236,.T.);
#3236 = EDGE_CURVE('',#3237,#3237,#3239,.T.);
#3237 = VERTEX_POINT('',#3238);
#3238 = CARTESIAN_POINT('',(80.,38.426324699144,107.0211303259));
#3239 = CIRCLE('',#3240,20.);
#3240 = AXIS2_PLACEMENT_3D('',#3241,#3242,#3243);
#3241 = CARTESIAN_POINT('',(80.,32.245984811645,88.));
#3242 = DIRECTION('',(0.,0.951056516295,-0.309016994375));
#3243 = DIRECTION('',(0.,0.309016994375,0.951056516295));
#3244 = PLANE('',#3245);
#3245 = AXIS2_PLACEMENT_3D('',#3246,#3247,#3248);
#3246 = CARTESIAN_POINT('',(12.,16.,38.));
#3247 = DIRECTION('',(0.,-0.951056516295,0.309016994375));
#3248 = DIRECTION('',(0.,0.309016994375,0.951056516295));
#3249 = ADVANCED_FACE('',(#3250),#3275,.T.);
#3250 = FACE_BOUND('',#3251,.T.);
#3251 = EDGE_LOOP('',(#3252,#3262,#3268,#3269));
#3252 = ORIENTED_EDGE('',*,*,#3253,.T.);
#3253 = EDGE_CURVE('',#3254,#3256,#3258,.T.);
#3254 = VERTEX_POINT('',#3255);
#3255 = CARTESIAN_POINT('',(12.,24.,38.));
#3256 = VERTEX_POINT('',#3257);
#3257 = CARTESIAN_POINT('',(436.6,24.,38.));
#3258 = LINE('',#3259,#3260);
#3259 = CARTESIAN_POINT('',(12.,24.,38.));
#3260 = VECTOR('',#3261,1.);
#3261 = DIRECTION('',(1.,0.,0.));
#3262 = ORIENTED_EDGE('',*,*,#3263,.T.);
#3263 = EDGE_CURVE('',#3256,#3194,#3264,.T.);
#3264 = LINE('',#3265,#3266);
#3265 = CARTESIAN_POINT('',(436.6,24.,38.));
#3266 = VECTOR('',#3267,1.);
#3267 = DIRECTION('',(0.,-1.,0.));
#3268 = ORIENTED_EDGE('',*,*,#3191,.F.);
#3269 = ORIENTED_EDGE('',*,*,#3270,.F.);
#3270 = EDGE_CURVE('',#3254,#3192,#3271,.T.);
#3271 = LINE('',#3272,#3273);
#3272 = CARTESIAN_POINT('',(12.,24.,38.));
#3273 = VECTOR('',#3274,1.);
#3274 = DIRECTION('',(0.,-1.,0.));
#3275 = PLANE('',#3276);
#3276 = AXIS2_PLACEMENT_3D('',#3277,#3278,#3279);
#3277 = CARTESIAN_POINT('',(12.,24.,38.));
#3278 = DIRECTION('',(0.,0.,-1.));
#3279 = DIRECTION('',(0.,-1.,0.));
#3280 = ADVANCED_FACE('',(#3281),#3299,.T.);
#3281 = FACE_BOUND('',#3282,.T.);
#3282 = EDGE_LOOP('',(#3283,#3284,#3292,#3298));
#3283 = ORIENTED_EDGE('',*,*,#3217,.T.);
#3284 = ORIENTED_EDGE('',*,*,#3285,.T.);
#3285 = EDGE_CURVE('',#3210,#3286,#3288,.T.);
#3286 = VERTEX_POINT('',#3287);
#3287 = CARTESIAN_POINT('',(12.,53.242772660962,128.));
#3288 = LINE('',#3289,#3290);
#3289 = CARTESIAN_POINT('',(12.,45.242772660962,128.));
#3290 = VECTOR('',#3291,1.);
#3291 = DIRECTION('',(0.,1.,0.));
#3292 = ORIENTED_EDGE('',*,*,#3293,.T.);
#3293 = EDGE_CURVE('',#3286,#3254,#3294,.T.);
#3294 = LINE('',#3295,#3296);
#3295 = CARTESIAN_POINT('',(12.,53.242772660962,128.));
#3296 = VECTOR('',#3297,1.);
#3297 = DIRECTION('',(0.,-0.309016994375,-0.951056516295));
#3298 = ORIENTED_EDGE('',*,*,#3270,.T.);
#3299 = PLANE('',#3300);
#3300 = AXIS2_PLACEMENT_3D('',#3301,#3302,#3303);
#3301 = CARTESIAN_POINT('',(12.,34.621386330481,83.));
#3302 = DIRECTION('',(-1.,-0.,-0.));
#3303 = DIRECTION('',(0.,0.,-1.));
#3304 = ADVANCED_FACE('',(#3305),#3323,.F.);
#3305 = FACE_BOUND('',#3306,.F.);
#3306 = EDGE_LOOP('',(#3307,#3308,#3316,#3322));
#3307 = ORIENTED_EDGE('',*,*,#3201,.T.);
#3308 = ORIENTED_EDGE('',*,*,#3309,.T.);
#3309 = EDGE_CURVE('',#3202,#3310,#3312,.T.);
#3310 = VERTEX_POINT('',#3311);
#3311 = CARTESIAN_POINT('',(436.6,53.242772660962,128.));
#3312 = LINE('',#3313,#3314);
#3313 = CARTESIAN_POINT('',(436.6,45.242772660962,128.));
#3314 = VECTOR('',#3315,1.);
#3315 = DIRECTION('',(0.,1.,0.));
#3316 = ORIENTED_EDGE('',*,*,#3317,.T.);
#3317 = EDGE_CURVE('',#3310,#3256,#3318,.T.);
#3318 = LINE('',#3319,#3320);
#3319 = CARTESIAN_POINT('',(436.6,53.242772660962,128.));
#3320 = VECTOR('',#3321,1.);
#3321 = DIRECTION('',(0.,-0.309016994375,-0.951056516295));
#3322 = ORIENTED_EDGE('',*,*,#3263,.T.);
#3323 = PLANE('',#3324);
#3324 = AXIS2_PLACEMENT_3D('',#3325,#3326,#3327);
#3325 = CARTESIAN_POINT('',(436.6,34.621386330481,83.));
#3326 = DIRECTION('',(-1.,-0.,-0.));
#3327 = DIRECTION('',(0.,0.,-1.));
#3328 = ADVANCED_FACE('',(#3329),#3340,.T.);
#3329 = FACE_BOUND('',#3330,.T.);
#3330 = EDGE_LOOP('',(#3331,#3332,#3333,#3339));
#3331 = ORIENTED_EDGE('',*,*,#3209,.T.);
#3332 = ORIENTED_EDGE('',*,*,#3309,.T.);
#3333 = ORIENTED_EDGE('',*,*,#3334,.F.);
#3334 = EDGE_CURVE('',#3286,#3310,#3335,.T.);
#3335 = LINE('',#3336,#3337);
#3336 = CARTESIAN_POINT('',(12.,53.242772660962,128.));
#3337 = VECTOR('',#3338,1.);
#3338 = DIRECTION('',(1.,0.,0.));
#3339 = ORIENTED_EDGE('',*,*,#3285,.F.);
#3340 = PLANE('',#3341);
#3341 = AXIS2_PLACEMENT_3D('',#3342,#3343,#3344);
#3342 = CARTESIAN_POINT('',(12.,45.242772660962,128.));
#3343 = DIRECTION('',(0.,0.,1.));
#3344 = DIRECTION('',(0.,1.,0.));
#3345 = ADVANCED_FACE('',(#3346),#3365,.F.);
#3346 = FACE_BOUND('',#3347,.F.);
#3347 = EDGE_LOOP('',(#3348,#3357,#3363,#3364));
#3348 = ORIENTED_EDGE('',*,*,#3349,.F.);
#3349 = EDGE_CURVE('',#3350,#3350,#3352,.T.);
#3350 = VERTEX_POINT('',#3351);
#3351 = CARTESIAN_POINT('',(368.6,45.662392676644,104.66998931673));
#3352 = CIRCLE('',#3353,20.);
#3353 = AXIS2_PLACEMENT_3D('',#3354,#3355,#3356);
#3354 = CARTESIAN_POINT('',(368.6,39.482052789145,85.64885899083));
#3355 = DIRECTION('',(0.,0.951056516295,-0.309016994375));
#3356 = DIRECTION('',(0.,0.309016994375,0.951056516295));
#3357 = ORIENTED_EDGE('',*,*,#3358,.F.);
#3358 = EDGE_CURVE('',#3226,#3350,#3359,.T.);
#3359 = LINE('',#3360,#3361);
#3360 = CARTESIAN_POINT('',(368.6,33.671042117668,108.56621529777));
#3361 = VECTOR('',#3362,1.);
#3362 = DIRECTION('',(1.104740758167E-32,0.951056516295,-0.309016994375)
  );
#3363 = ORIENTED_EDGE('',*,*,#3225,.T.);
#3364 = ORIENTED_EDGE('',*,*,#3358,.T.);
#3365 = CYLINDRICAL_SURFACE('',#3366,20.);
#3366 = AXIS2_PLACEMENT_3D('',#3367,#3368,#3369);
#3367 = CARTESIAN_POINT('',(368.6,27.49070223017,89.545084971875));
#3368 = DIRECTION('',(0.,0.951056516295,-0.309016994375));
#3369 = DIRECTION('',(0.,0.309016994375,0.951056516295));
#3370 = ADVANCED_FACE('',(#3371),#3390,.F.);
#3371 = FACE_BOUND('',#3372,.F.);
#3372 = EDGE_LOOP('',(#3373,#3382,#3388,#3389));
#3373 = ORIENTED_EDGE('',*,*,#3374,.F.);
#3374 = EDGE_CURVE('',#3375,#3375,#3377,.T.);
#3375 = VERTEX_POINT('',#3376);
#3376 = CARTESIAN_POINT('',(80.,45.662392676644,104.66998931673));
#3377 = CIRCLE('',#3378,20.);
#3378 = AXIS2_PLACEMENT_3D('',#3379,#3380,#3381);
#3379 = CARTESIAN_POINT('',(80.,39.482052789145,85.64885899083));
#3380 = DIRECTION('',(0.,0.951056516295,-0.309016994375));
#3381 = DIRECTION('',(0.,0.309016994375,0.951056516295));
#3382 = ORIENTED_EDGE('',*,*,#3383,.F.);
#3383 = EDGE_CURVE('',#3237,#3375,#3384,.T.);
#3384 = LINE('',#3385,#3386);
#3385 = CARTESIAN_POINT('',(80.,33.671042117668,108.56621529777));
#3386 = VECTOR('',#3387,1.);
#3387 = DIRECTION('',(1.104740758167E-32,0.951056516295,-0.309016994375)
  );
#3388 = ORIENTED_EDGE('',*,*,#3236,.T.);
#3389 = ORIENTED_EDGE('',*,*,#3383,.T.);
#3390 = CYLINDRICAL_SURFACE('',#3391,20.);
#3391 = AXIS2_PLACEMENT_3D('',#3392,#3393,#3394);
#3392 = CARTESIAN_POINT('',(80.,27.49070223017,89.545084971875));
#3393 = DIRECTION('',(0.,0.951056516295,-0.309016994375));
#3394 = DIRECTION('',(0.,0.309016994375,0.951056516295));
#3395 = ADVANCED_FACE('',(#3396,#3402,#3405),#3408,.T.);
#3396 = FACE_BOUND('',#3397,.T.);
#3397 = EDGE_LOOP('',(#3398,#3399,#3400,#3401));
#3398 = ORIENTED_EDGE('',*,*,#3334,.T.);
#3399 = ORIENTED_EDGE('',*,*,#3317,.T.);
#3400 = ORIENTED_EDGE('',*,*,#3253,.F.);
#3401 = ORIENTED_EDGE('',*,*,#3293,.F.);
#3402 = FACE_BOUND('',#3403,.T.);
#3403 = EDGE_LOOP('',(#3404));
#3404 = ORIENTED_EDGE('',*,*,#3349,.F.);
#3405 = FACE_BOUND('',#3406,.T.);
#3406 = EDGE_LOOP('',(#3407));
#3407 = ORIENTED_EDGE('',*,*,#3374,.F.);
#3408 = PLANE('',#3409);
#3409 = AXIS2_PLACEMENT_3D('',#3410,#3411,#3412);
#3410 = CARTESIAN_POINT('',(12.,53.242772660962,128.));
#3411 = DIRECTION('',(0.,0.951056516295,-0.309016994375));
#3412 = DIRECTION('',(0.,-0.309016994375,-0.951056516295));
#3413 = ( GEOMETRIC_REPRESENTATION_CONTEXT(3) 
GLOBAL_UNCERTAINTY_ASSIGNED_CONTEXT((#3417)) 
GLOBAL_UNIT_ASSIGNED_CONTEXT((#3414,#3415,#3416)) REPRESENTATION_CONTEXT
('Context #1','3D Context with UNIT and UNCERTAINTY') );
#3414 = ( LENGTH_UNIT() NAMED_UNIT(*) SI_UNIT(.MILLI.,.METRE.) );
#3415 = ( NAMED_UNIT(*) PLANE_ANGLE_UNIT() SI_UNIT($,.RADIAN.) );
#3416 = ( NAMED_UNIT(*) SI_UNIT($,.STERADIAN.) SOLID_ANGLE_UNIT() );
#3417 = UNCERTAINTY_MEASURE_WITH_UNIT(LENGTH_MEASURE(1.E-07),#3414,
  'distance_accuracy_value','confusion accuracy');
#3418 = CONTEXT_DEPENDENT_SHAPE_REPRESENTATION(#3419,#3421);
#3419 = ( REPRESENTATION_RELATIONSHIP('','',#3184,#10) 
REPRESENTATION_RELATIONSHIP_WITH_TRANSFORMATION(#3420) 
SHAPE_REPRESENTATION_RELATIONSHIP() );
#3420 = ITEM_DEFINED_TRANSFORMATION('','',#11,#83);
#3421 = PRODUCT_DEFINITION_SHAPE('Placement','Placement of an item',
  #3422);
#3422 = NEXT_ASSEMBLY_USAGE_OCCURRENCE('18','左右高音斜面障板',
  '',#5,#3179,$);
#3423 = PRODUCT_RELATED_PRODUCT_CATEGORY('part',$,(#3181));
#3424 = SHAPE_DEFINITION_REPRESENTATION(#3425,#3431);
#3425 = PRODUCT_DEFINITION_SHAPE('','',#3426);
#3426 = PRODUCT_DEFINITION('design','',#3427,#3430);
#3427 = PRODUCT_DEFINITION_FORMATION('','',#3428);
#3428 = PRODUCT('声腔顶板','声腔顶板','',(#3429));
#3429 = PRODUCT_CONTEXT('',#2,'mechanical');
#3430 = PRODUCT_DEFINITION_CONTEXT('part definition',#2,'design');
#3431 = ADVANCED_BREP_SHAPE_REPRESENTATION('',(#11,#3432),#3582);
#3432 = MANIFOLD_SOLID_BREP('',#3433);
#3433 = CLOSED_SHELL('',(#3434,#3474,#3514,#3536,#3558,#3570));
#3434 = ADVANCED_FACE('',(#3435),#3469,.F.);
#3435 = FACE_BOUND('',#3436,.F.);
#3436 = EDGE_LOOP('',(#3437,#3447,#3455,#3463));
#3437 = ORIENTED_EDGE('',*,*,#3438,.F.);
#3438 = EDGE_CURVE('',#3439,#3441,#3443,.T.);
#3439 = VERTEX_POINT('',#3440);
#3440 = CARTESIAN_POINT('',(12.,0.,128.));
#3441 = VERTEX_POINT('',#3442);
#3442 = CARTESIAN_POINT('',(12.,0.,136.));
#3443 = LINE('',#3444,#3445);
#3444 = CARTESIAN_POINT('',(12.,0.,128.));
#3445 = VECTOR('',#3446,1.);
#3446 = DIRECTION('',(0.,0.,1.));
#3447 = ORIENTED_EDGE('',*,*,#3448,.T.);
#3448 = EDGE_CURVE('',#3439,#3449,#3451,.T.);
#3449 = VERTEX_POINT('',#3450);
#3450 = CARTESIAN_POINT('',(12.,158.,128.));
#3451 = LINE('',#3452,#3453);
#3452 = CARTESIAN_POINT('',(12.,0.,128.));
#3453 = VECTOR('',#3454,1.);
#3454 = DIRECTION('',(-0.,1.,0.));
#3455 = ORIENTED_EDGE('',*,*,#3456,.T.);
#3456 = EDGE_CURVE('',#3449,#3457,#3459,.T.);
#3457 = VERTEX_POINT('',#3458);
#3458 = CARTESIAN_POINT('',(12.,158.,136.));
#3459 = LINE('',#3460,#3461);
#3460 = CARTESIAN_POINT('',(12.,158.,128.));
#3461 = VECTOR('',#3462,1.);
#3462 = DIRECTION('',(0.,0.,1.));
#3463 = ORIENTED_EDGE('',*,*,#3464,.F.);
#3464 = EDGE_CURVE('',#3441,#3457,#3465,.T.);
#3465 = LINE('',#3466,#3467);
#3466 = CARTESIAN_POINT('',(12.,0.,136.));
#3467 = VECTOR('',#3468,1.);
#3468 = DIRECTION('',(-0.,1.,0.));
#3469 = PLANE('',#3470);
#3470 = AXIS2_PLACEMENT_3D('',#3471,#3472,#3473);
#3471 = CARTESIAN_POINT('',(12.,0.,128.));
#3472 = DIRECTION('',(1.,0.,-0.));
#3473 = DIRECTION('',(0.,0.,1.));
#3474 = ADVANCED_FACE('',(#3475),#3509,.T.);
#3475 = FACE_BOUND('',#3476,.T.);
#3476 = EDGE_LOOP('',(#3477,#3487,#3495,#3503));
#3477 = ORIENTED_EDGE('',*,*,#3478,.F.);
#3478 = EDGE_CURVE('',#3479,#3481,#3483,.T.);
#3479 = VERTEX_POINT('',#3480);
#3480 = CARTESIAN_POINT('',(436.6,0.,128.));
#3481 = VERTEX_POINT('',#3482);
#3482 = CARTESIAN_POINT('',(436.6,0.,136.));
#3483 = LINE('',#3484,#3485);
#3484 = CARTESIAN_POINT('',(436.6,0.,128.));
#3485 = VECTOR('',#3486,1.);
#3486 = DIRECTION('',(0.,0.,1.));
#3487 = ORIENTED_EDGE('',*,*,#3488,.T.);
#3488 = EDGE_CURVE('',#3479,#3489,#3491,.T.);
#3489 = VERTEX_POINT('',#3490);
#3490 = CARTESIAN_POINT('',(436.6,158.,128.));
#3491 = LINE('',#3492,#3493);
#3492 = CARTESIAN_POINT('',(436.6,0.,128.));
#3493 = VECTOR('',#3494,1.);
#3494 = DIRECTION('',(-0.,1.,0.));
#3495 = ORIENTED_EDGE('',*,*,#3496,.T.);
#3496 = EDGE_CURVE('',#3489,#3497,#3499,.T.);
#3497 = VERTEX_POINT('',#3498);
#3498 = CARTESIAN_POINT('',(436.6,158.,136.));
#3499 = LINE('',#3500,#3501);
#3500 = CARTESIAN_POINT('',(436.6,158.,128.));
#3501 = VECTOR('',#3502,1.);
#3502 = DIRECTION('',(0.,0.,1.));
#3503 = ORIENTED_EDGE('',*,*,#3504,.F.);
#3504 = EDGE_CURVE('',#3481,#3497,#3505,.T.);
#3505 = LINE('',#3506,#3507);
#3506 = CARTESIAN_POINT('',(436.6,0.,136.));
#3507 = VECTOR('',#3508,1.);
#3508 = DIRECTION('',(-0.,1.,0.));
#3509 = PLANE('',#3510);
#3510 = AXIS2_PLACEMENT_3D('',#3511,#3512,#3513);
#3511 = CARTESIAN_POINT('',(436.6,0.,128.));
#3512 = DIRECTION('',(1.,0.,-0.));
#3513 = DIRECTION('',(0.,0.,1.));
#3514 = ADVANCED_FACE('',(#3515),#3531,.F.);
#3515 = FACE_BOUND('',#3516,.F.);
#3516 = EDGE_LOOP('',(#3517,#3523,#3524,#3530));
#3517 = ORIENTED_EDGE('',*,*,#3518,.F.);
#3518 = EDGE_CURVE('',#3439,#3479,#3519,.T.);
#3519 = LINE('',#3520,#3521);
#3520 = CARTESIAN_POINT('',(12.,0.,128.));
#3521 = VECTOR('',#3522,1.);
#3522 = DIRECTION('',(1.,0.,-0.));
#3523 = ORIENTED_EDGE('',*,*,#3438,.T.);
#3524 = ORIENTED_EDGE('',*,*,#3525,.T.);
#3525 = EDGE_CURVE('',#3441,#3481,#3526,.T.);
#3526 = LINE('',#3527,#3528);
#3527 = CARTESIAN_POINT('',(12.,0.,136.));
#3528 = VECTOR('',#3529,1.);
#3529 = DIRECTION('',(1.,0.,-0.));
#3530 = ORIENTED_EDGE('',*,*,#3478,.F.);
#3531 = PLANE('',#3532);
#3532 = AXIS2_PLACEMENT_3D('',#3533,#3534,#3535);
#3533 = CARTESIAN_POINT('',(12.,0.,128.));
#3534 = DIRECTION('',(-0.,1.,0.));
#3535 = DIRECTION('',(0.,0.,1.));
#3536 = ADVANCED_FACE('',(#3537),#3553,.T.);
#3537 = FACE_BOUND('',#3538,.T.);
#3538 = EDGE_LOOP('',(#3539,#3545,#3546,#3552));
#3539 = ORIENTED_EDGE('',*,*,#3540,.F.);
#3540 = EDGE_CURVE('',#3449,#3489,#3541,.T.);
#3541 = LINE('',#3542,#3543);
#3542 = CARTESIAN_POINT('',(12.,158.,128.));
#3543 = VECTOR('',#3544,1.);
#3544 = DIRECTION('',(1.,0.,-0.));
#3545 = ORIENTED_EDGE('',*,*,#3456,.T.);
#3546 = ORIENTED_EDGE('',*,*,#3547,.T.);
#3547 = EDGE_CURVE('',#3457,#3497,#3548,.T.);
#3548 = LINE('',#3549,#3550);
#3549 = CARTESIAN_POINT('',(12.,158.,136.));
#3550 = VECTOR('',#3551,1.);
#3551 = DIRECTION('',(1.,0.,-0.));
#3552 = ORIENTED_EDGE('',*,*,#3496,.F.);
#3553 = PLANE('',#3554);
#3554 = AXIS2_PLACEMENT_3D('',#3555,#3556,#3557);
#3555 = CARTESIAN_POINT('',(12.,158.,128.));
#3556 = DIRECTION('',(-0.,1.,0.));
#3557 = DIRECTION('',(0.,0.,1.));
#3558 = ADVANCED_FACE('',(#3559),#3565,.F.);
#3559 = FACE_BOUND('',#3560,.F.);
#3560 = EDGE_LOOP('',(#3561,#3562,#3563,#3564));
#3561 = ORIENTED_EDGE('',*,*,#3448,.F.);
#3562 = ORIENTED_EDGE('',*,*,#3518,.T.);
#3563 = ORIENTED_EDGE('',*,*,#3488,.T.);
#3564 = ORIENTED_EDGE('',*,*,#3540,.F.);
#3565 = PLANE('',#3566);
#3566 = AXIS2_PLACEMENT_3D('',#3567,#3568,#3569);
#3567 = CARTESIAN_POINT('',(12.,0.,128.));
#3568 = DIRECTION('',(0.,0.,1.));
#3569 = DIRECTION('',(1.,0.,-0.));
#3570 = ADVANCED_FACE('',(#3571),#3577,.T.);
#3571 = FACE_BOUND('',#3572,.T.);
#3572 = EDGE_LOOP('',(#3573,#3574,#3575,#3576));
#3573 = ORIENTED_EDGE('',*,*,#3464,.F.);
#3574 = ORIENTED_EDGE('',*,*,#3525,.T.);
#3575 = ORIENTED_EDGE('',*,*,#3504,.T.);
#3576 = ORIENTED_EDGE('',*,*,#3547,.F.);
#3577 = PLANE('',#3578);
#3578 = AXIS2_PLACEMENT_3D('',#3579,#3580,#3581);
#3579 = CARTESIAN_POINT('',(12.,0.,136.));
#3580 = DIRECTION('',(0.,0.,1.));
#3581 = DIRECTION('',(1.,0.,-0.));
#3582 = ( GEOMETRIC_REPRESENTATION_CONTEXT(3) 
GLOBAL_UNCERTAINTY_ASSIGNED_CONTEXT((#3586)) 
GLOBAL_UNIT_ASSIGNED_CONTEXT((#3583,#3584,#3585)) REPRESENTATION_CONTEXT
('Context #1','3D Context with UNIT and UNCERTAINTY') );
#3583 = ( LENGTH_UNIT() NAMED_UNIT(*) SI_UNIT(.MILLI.,.METRE.) );
#3584 = ( NAMED_UNIT(*) PLANE_ANGLE_UNIT() SI_UNIT($,.RADIAN.) );
#3585 = ( NAMED_UNIT(*) SI_UNIT($,.STERADIAN.) SOLID_ANGLE_UNIT() );
#3586 = UNCERTAINTY_MEASURE_WITH_UNIT(LENGTH_MEASURE(1.E-07),#3583,
  'distance_accuracy_value','confusion accuracy');
#3587 = CONTEXT_DEPENDENT_SHAPE_REPRESENTATION(#3588,#3590);
#3588 = ( REPRESENTATION_RELATIONSHIP('','',#3431,#10) 
REPRESENTATION_RELATIONSHIP_WITH_TRANSFORMATION(#3589) 
SHAPE_REPRESENTATION_RELATIONSHIP() );
#3589 = ITEM_DEFINED_TRANSFORMATION('','',#11,#87);
#3590 = PRODUCT_DEFINITION_SHAPE('Placement','Placement of an item',
  #3591);
#3591 = NEXT_ASSEMBLY_USAGE_OCCURRENCE('19','声腔顶板','',#5,#3426,$
  );
#3592 = PRODUCT_RELATED_PRODUCT_CATEGORY('part',$,(#3428));
#3593 = SHAPE_DEFINITION_REPRESENTATION(#3594,#3600);
#3594 = PRODUCT_DEFINITION_SHAPE('','',#3595);
#3595 = PRODUCT_DEFINITION('design','',#3596,#3599);
#3596 = PRODUCT_DEFINITION_FORMATION('','',#3597);
#3597 = PRODUCT('声腔后隔板','声腔后隔板','',(#3598));
#3598 = PRODUCT_CONTEXT('',#2,'mechanical');
#3599 = PRODUCT_DEFINITION_CONTEXT('part definition',#2,'design');
#3600 = ADVANCED_BREP_SHAPE_REPRESENTATION('',(#11,#3601),#3751);
#3601 = MANIFOLD_SOLID_BREP('',#3602);
#3602 = CLOSED_SHELL('',(#3603,#3643,#3683,#3705,#3727,#3739));
#3603 = ADVANCED_FACE('',(#3604),#3638,.F.);
#3604 = FACE_BOUND('',#3605,.F.);
#3605 = EDGE_LOOP('',(#3606,#3616,#3624,#3632));
#3606 = ORIENTED_EDGE('',*,*,#3607,.F.);
#3607 = EDGE_CURVE('',#3608,#3610,#3612,.T.);
#3608 = VERTEX_POINT('',#3609);
#3609 = CARTESIAN_POINT('',(12.,150.,38.));
#3610 = VERTEX_POINT('',#3611);
#3611 = CARTESIAN_POINT('',(12.,150.,128.));
#3612 = LINE('',#3613,#3614);
#3613 = CARTESIAN_POINT('',(12.,150.,38.));
#3614 = VECTOR('',#3615,1.);
#3615 = DIRECTION('',(0.,0.,1.));
#3616 = ORIENTED_EDGE('',*,*,#3617,.T.);
#3617 = EDGE_CURVE('',#3608,#3618,#3620,.T.);
#3618 = VERTEX_POINT('',#3619);
#3619 = CARTESIAN_POINT('',(12.,158.,38.));
#3620 = LINE('',#3621,#3622);
#3621 = CARTESIAN_POINT('',(12.,150.,38.));
#3622 = VECTOR('',#3623,1.);
#3623 = DIRECTION('',(-0.,1.,0.));
#3624 = ORIENTED_EDGE('',*,*,#3625,.T.);
#3625 = EDGE_CURVE('',#3618,#3626,#3628,.T.);
#3626 = VERTEX_POINT('',#3627);
#3627 = CARTESIAN_POINT('',(12.,158.,128.));
#3628 = LINE('',#3629,#3630);
#3629 = CARTESIAN_POINT('',(12.,158.,38.));
#3630 = VECTOR('',#3631,1.);
#3631 = DIRECTION('',(0.,0.,1.));
#3632 = ORIENTED_EDGE('',*,*,#3633,.F.);
#3633 = EDGE_CURVE('',#3610,#3626,#3634,.T.);
#3634 = LINE('',#3635,#3636);
#3635 = CARTESIAN_POINT('',(12.,150.,128.));
#3636 = VECTOR('',#3637,1.);
#3637 = DIRECTION('',(-0.,1.,0.));
#3638 = PLANE('',#3639);
#3639 = AXIS2_PLACEMENT_3D('',#3640,#3641,#3642);
#3640 = CARTESIAN_POINT('',(12.,150.,38.));
#3641 = DIRECTION('',(1.,0.,-0.));
#3642 = DIRECTION('',(0.,0.,1.));
#3643 = ADVANCED_FACE('',(#3644),#3678,.T.);
#3644 = FACE_BOUND('',#3645,.T.);
#3645 = EDGE_LOOP('',(#3646,#3656,#3664,#3672));
#3646 = ORIENTED_EDGE('',*,*,#3647,.F.);
#3647 = EDGE_CURVE('',#3648,#3650,#3652,.T.);
#3648 = VERTEX_POINT('',#3649);
#3649 = CARTESIAN_POINT('',(436.6,150.,38.));
#3650 = VERTEX_POINT('',#3651);
#3651 = CARTESIAN_POINT('',(436.6,150.,128.));
#3652 = LINE('',#3653,#3654);
#3653 = CARTESIAN_POINT('',(436.6,150.,38.));
#3654 = VECTOR('',#3655,1.);
#3655 = DIRECTION('',(0.,0.,1.));
#3656 = ORIENTED_EDGE('',*,*,#3657,.T.);
#3657 = EDGE_CURVE('',#3648,#3658,#3660,.T.);
#3658 = VERTEX_POINT('',#3659);
#3659 = CARTESIAN_POINT('',(436.6,158.,38.));
#3660 = LINE('',#3661,#3662);
#3661 = CARTESIAN_POINT('',(436.6,150.,38.));
#3662 = VECTOR('',#3663,1.);
#3663 = DIRECTION('',(-0.,1.,0.));
#3664 = ORIENTED_EDGE('',*,*,#3665,.T.);
#3665 = EDGE_CURVE('',#3658,#3666,#3668,.T.);
#3666 = VERTEX_POINT('',#3667);
#3667 = CARTESIAN_POINT('',(436.6,158.,128.));
#3668 = LINE('',#3669,#3670);
#3669 = CARTESIAN_POINT('',(436.6,158.,38.));
#3670 = VECTOR('',#3671,1.);
#3671 = DIRECTION('',(0.,0.,1.));
#3672 = ORIENTED_EDGE('',*,*,#3673,.F.);
#3673 = EDGE_CURVE('',#3650,#3666,#3674,.T.);
#3674 = LINE('',#3675,#3676);
#3675 = CARTESIAN_POINT('',(436.6,150.,128.));
#3676 = VECTOR('',#3677,1.);
#3677 = DIRECTION('',(-0.,1.,0.));
#3678 = PLANE('',#3679);
#3679 = AXIS2_PLACEMENT_3D('',#3680,#3681,#3682);
#3680 = CARTESIAN_POINT('',(436.6,150.,38.));
#3681 = DIRECTION('',(1.,0.,-0.));
#3682 = DIRECTION('',(0.,0.,1.));
#3683 = ADVANCED_FACE('',(#3684),#3700,.F.);
#3684 = FACE_BOUND('',#3685,.F.);
#3685 = EDGE_LOOP('',(#3686,#3692,#3693,#3699));
#3686 = ORIENTED_EDGE('',*,*,#3687,.F.);
#3687 = EDGE_CURVE('',#3608,#3648,#3688,.T.);
#3688 = LINE('',#3689,#3690);
#3689 = CARTESIAN_POINT('',(12.,150.,38.));
#3690 = VECTOR('',#3691,1.);
#3691 = DIRECTION('',(1.,0.,-0.));
#3692 = ORIENTED_EDGE('',*,*,#3607,.T.);
#3693 = ORIENTED_EDGE('',*,*,#3694,.T.);
#3694 = EDGE_CURVE('',#3610,#3650,#3695,.T.);
#3695 = LINE('',#3696,#3697);
#3696 = CARTESIAN_POINT('',(12.,150.,128.));
#3697 = VECTOR('',#3698,1.);
#3698 = DIRECTION('',(1.,0.,-0.));
#3699 = ORIENTED_EDGE('',*,*,#3647,.F.);
#3700 = PLANE('',#3701);
#3701 = AXIS2_PLACEMENT_3D('',#3702,#3703,#3704);
#3702 = CARTESIAN_POINT('',(12.,150.,38.));
#3703 = DIRECTION('',(-0.,1.,0.));
#3704 = DIRECTION('',(0.,0.,1.));
#3705 = ADVANCED_FACE('',(#3706),#3722,.T.);
#3706 = FACE_BOUND('',#3707,.T.);
#3707 = EDGE_LOOP('',(#3708,#3714,#3715,#3721));
#3708 = ORIENTED_EDGE('',*,*,#3709,.F.);
#3709 = EDGE_CURVE('',#3618,#3658,#3710,.T.);
#3710 = LINE('',#3711,#3712);
#3711 = CARTESIAN_POINT('',(12.,158.,38.));
#3712 = VECTOR('',#3713,1.);
#3713 = DIRECTION('',(1.,0.,-0.));
#3714 = ORIENTED_EDGE('',*,*,#3625,.T.);
#3715 = ORIENTED_EDGE('',*,*,#3716,.T.);
#3716 = EDGE_CURVE('',#3626,#3666,#3717,.T.);
#3717 = LINE('',#3718,#3719);
#3718 = CARTESIAN_POINT('',(12.,158.,128.));
#3719 = VECTOR('',#3720,1.);
#3720 = DIRECTION('',(1.,0.,-0.));
#3721 = ORIENTED_EDGE('',*,*,#3665,.F.);
#3722 = PLANE('',#3723);
#3723 = AXIS2_PLACEMENT_3D('',#3724,#3725,#3726);
#3724 = CARTESIAN_POINT('',(12.,158.,38.));
#3725 = DIRECTION('',(-0.,1.,0.));
#3726 = DIRECTION('',(0.,0.,1.));
#3727 = ADVANCED_FACE('',(#3728),#3734,.F.);
#3728 = FACE_BOUND('',#3729,.F.);
#3729 = EDGE_LOOP('',(#3730,#3731,#3732,#3733));
#3730 = ORIENTED_EDGE('',*,*,#3617,.F.);
#3731 = ORIENTED_EDGE('',*,*,#3687,.T.);
#3732 = ORIENTED_EDGE('',*,*,#3657,.T.);
#3733 = ORIENTED_EDGE('',*,*,#3709,.F.);
#3734 = PLANE('',#3735);
#3735 = AXIS2_PLACEMENT_3D('',#3736,#3737,#3738);
#3736 = CARTESIAN_POINT('',(12.,150.,38.));
#3737 = DIRECTION('',(0.,0.,1.));
#3738 = DIRECTION('',(1.,0.,-0.));
#3739 = ADVANCED_FACE('',(#3740),#3746,.T.);
#3740 = FACE_BOUND('',#3741,.T.);
#3741 = EDGE_LOOP('',(#3742,#3743,#3744,#3745));
#3742 = ORIENTED_EDGE('',*,*,#3633,.F.);
#3743 = ORIENTED_EDGE('',*,*,#3694,.T.);
#3744 = ORIENTED_EDGE('',*,*,#3673,.T.);
#3745 = ORIENTED_EDGE('',*,*,#3716,.F.);
#3746 = PLANE('',#3747);
#3747 = AXIS2_PLACEMENT_3D('',#3748,#3749,#3750);
#3748 = CARTESIAN_POINT('',(12.,150.,128.));
#3749 = DIRECTION('',(0.,0.,1.));
#3750 = DIRECTION('',(1.,0.,-0.));
#3751 = ( GEOMETRIC_REPRESENTATION_CONTEXT(3) 
GLOBAL_UNCERTAINTY_ASSIGNED_CONTEXT((#3755)) 
GLOBAL_UNIT_ASSIGNED_CONTEXT((#3752,#3753,#3754)) REPRESENTATION_CONTEXT
('Context #1','3D Context with UNIT and UNCERTAINTY') );
#3752 = ( LENGTH_UNIT() NAMED_UNIT(*) SI_UNIT(.MILLI.,.METRE.) );
#3753 = ( NAMED_UNIT(*) PLANE_ANGLE_UNIT() SI_UNIT($,.RADIAN.) );
#3754 = ( NAMED_UNIT(*) SI_UNIT($,.STERADIAN.) SOLID_ANGLE_UNIT() );
#3755 = UNCERTAINTY_MEASURE_WITH_UNIT(LENGTH_MEASURE(1.E-07),#3752,
  'distance_accuracy_value','confusion accuracy');
#3756 = CONTEXT_DEPENDENT_SHAPE_REPRESENTATION(#3757,#3759);
#3757 = ( REPRESENTATION_RELATIONSHIP('','',#3600,#10) 
REPRESENTATION_RELATIONSHIP_WITH_TRANSFORMATION(#3758) 
SHAPE_REPRESENTATION_RELATIONSHIP() );
#3758 = ITEM_DEFINED_TRANSFORMATION('','',#11,#91);
#3759 = PRODUCT_DEFINITION_SHAPE('Placement','Placement of an item',
  #3760);
#3760 = NEXT_ASSEMBLY_USAGE_OCCURRENCE('20','声腔后隔板','',#5,
  #3595,$);
#3761 = PRODUCT_RELATED_PRODUCT_CATEGORY('part',$,(#3597));
#3762 = SHAPE_DEFINITION_REPRESENTATION(#3763,#3769);
#3763 = PRODUCT_DEFINITION_SHAPE('','',#3764);
#3764 = PRODUCT_DEFINITION('design','',#3765,#3768);
#3765 = PRODUCT_DEFINITION_FORMATION('','',#3766);
#3766 = PRODUCT('低音腔左隔板','低音腔左隔板','',(#3767));
#3767 = PRODUCT_CONTEXT('',#2,'mechanical');
#3768 = PRODUCT_DEFINITION_CONTEXT('part definition',#2,'design');
#3769 = ADVANCED_BREP_SHAPE_REPRESENTATION('',(#11,#3770),#3920);
#3770 = MANIFOLD_SOLID_BREP('',#3771);
#3771 = CLOSED_SHELL('',(#3772,#3812,#3843,#3874,#3896,#3908));
#3772 = ADVANCED_FACE('',(#3773),#3807,.F.);
#3773 = FACE_BOUND('',#3774,.F.);
#3774 = EDGE_LOOP('',(#3775,#3785,#3793,#3801));
#3775 = ORIENTED_EDGE('',*,*,#3776,.T.);
#3776 = EDGE_CURVE('',#3777,#3779,#3781,.T.);
#3777 = VERTEX_POINT('',#3778);
#3778 = CARTESIAN_POINT('',(140.,24.,38.));
#3779 = VERTEX_POINT('',#3780);
#3780 = CARTESIAN_POINT('',(148.,24.,38.));
#3781 = LINE('',#3782,#3783);
#3782 = CARTESIAN_POINT('',(140.,24.,38.));
#3783 = VECTOR('',#3784,1.);
#3784 = DIRECTION('',(1.,0.,0.));
#3785 = ORIENTED_EDGE('',*,*,#3786,.T.);
#3786 = EDGE_CURVE('',#3779,#3787,#3789,.T.);
#3787 = VERTEX_POINT('',#3788);
#3788 = CARTESIAN_POINT('',(148.,150.,38.));
#3789 = LINE('',#3790,#3791);
#3790 = CARTESIAN_POINT('',(148.,24.,38.));
#3791 = VECTOR('',#3792,1.);
#3792 = DIRECTION('',(0.,1.,0.));
#3793 = ORIENTED_EDGE('',*,*,#3794,.F.);
#3794 = EDGE_CURVE('',#3795,#3787,#3797,.T.);
#3795 = VERTEX_POINT('',#3796);
#3796 = CARTESIAN_POINT('',(140.,150.,38.));
#3797 = LINE('',#3798,#3799);
#3798 = CARTESIAN_POINT('',(140.,150.,38.));
#3799 = VECTOR('',#3800,1.);
#3800 = DIRECTION('',(1.,0.,0.));
#3801 = ORIENTED_EDGE('',*,*,#3802,.F.);
#3802 = EDGE_CURVE('',#3777,#3795,#3803,.T.);
#3803 = LINE('',#3804,#3805);
#3804 = CARTESIAN_POINT('',(140.,24.,38.));
#3805 = VECTOR('',#3806,1.);
#3806 = DIRECTION('',(0.,1.,0.));
#3807 = PLANE('',#3808);
#3808 = AXIS2_PLACEMENT_3D('',#3809,#3810,#3811);
#3809 = CARTESIAN_POINT('',(140.,24.,38.));
#3810 = DIRECTION('',(0.,0.,1.));
#3811 = DIRECTION('',(0.,1.,0.));
#3812 = ADVANCED_FACE('',(#3813),#3838,.F.);
#3813 = FACE_BOUND('',#3814,.F.);
#3814 = EDGE_LOOP('',(#3815,#3816,#3824,#3832));
#3815 = ORIENTED_EDGE('',*,*,#3794,.T.);
#3816 = ORIENTED_EDGE('',*,*,#3817,.T.);
#3817 = EDGE_CURVE('',#3787,#3818,#3820,.T.);
#3818 = VERTEX_POINT('',#3819);
#3819 = CARTESIAN_POINT('',(148.,150.,128.));
#3820 = LINE('',#3821,#3822);
#3821 = CARTESIAN_POINT('',(148.,150.,38.));
#3822 = VECTOR('',#3823,1.);
#3823 = DIRECTION('',(0.,0.,1.));
#3824 = ORIENTED_EDGE('',*,*,#3825,.F.);
#3825 = EDGE_CURVE('',#3826,#3818,#3828,.T.);
#3826 = VERTEX_POINT('',#3827);
#3827 = CARTESIAN_POINT('',(140.,150.,128.));
#3828 = LINE('',#3829,#3830);
#3829 = CARTESIAN_POINT('',(140.,150.,128.));
#3830 = VECTOR('',#3831,1.);
#3831 = DIRECTION('',(1.,0.,0.));
#3832 = ORIENTED_EDGE('',*,*,#3833,.F.);
#3833 = EDGE_CURVE('',#3795,#3826,#3834,.T.);
#3834 = LINE('',#3835,#3836);
#3835 = CARTESIAN_POINT('',(140.,150.,38.));
#3836 = VECTOR('',#3837,1.);
#3837 = DIRECTION('',(0.,0.,1.));
#3838 = PLANE('',#3839);
#3839 = AXIS2_PLACEMENT_3D('',#3840,#3841,#3842);
#3840 = CARTESIAN_POINT('',(140.,150.,38.));
#3841 = DIRECTION('',(0.,-1.,0.));
#3842 = DIRECTION('',(0.,0.,1.));
#3843 = ADVANCED_FACE('',(#3844),#3869,.F.);
#3844 = FACE_BOUND('',#3845,.F.);
#3845 = EDGE_LOOP('',(#3846,#3847,#3855,#3863));
#3846 = ORIENTED_EDGE('',*,*,#3825,.T.);
#3847 = ORIENTED_EDGE('',*,*,#3848,.T.);
#3848 = EDGE_CURVE('',#3818,#3849,#3851,.T.);
#3849 = VERTEX_POINT('',#3850);
#3850 = CARTESIAN_POINT('',(148.,53.242772660962,128.));
#3851 = LINE('',#3852,#3853);
#3852 = CARTESIAN_POINT('',(148.,150.,128.));
#3853 = VECTOR('',#3854,1.);
#3854 = DIRECTION('',(0.,-1.,0.));
#3855 = ORIENTED_EDGE('',*,*,#3856,.F.);
#3856 = EDGE_CURVE('',#3857,#3849,#3859,.T.);
#3857 = VERTEX_POINT('',#3858);
#3858 = CARTESIAN_POINT('',(140.,53.242772660962,128.));
#3859 = LINE('',#3860,#3861);
#3860 = CARTESIAN_POINT('',(140.,53.242772660962,128.));
#3861 = VECTOR('',#3862,1.);
#3862 = DIRECTION('',(1.,0.,0.));
#3863 = ORIENTED_EDGE('',*,*,#3864,.F.);
#3864 = EDGE_CURVE('',#3826,#3857,#3865,.T.);
#3865 = LINE('',#3866,#3867);
#3866 = CARTESIAN_POINT('',(140.,150.,128.));
#3867 = VECTOR('',#3868,1.);
#3868 = DIRECTION('',(0.,-1.,0.));
#3869 = PLANE('',#3870);
#3870 = AXIS2_PLACEMENT_3D('',#3871,#3872,#3873);
#3871 = CARTESIAN_POINT('',(140.,150.,128.));
#3872 = DIRECTION('',(0.,0.,-1.));
#3873 = DIRECTION('',(0.,-1.,0.));
#3874 = ADVANCED_FACE('',(#3875),#3891,.F.);
#3875 = FACE_BOUND('',#3876,.F.);
#3876 = EDGE_LOOP('',(#3877,#3878,#3884,#3885));
#3877 = ORIENTED_EDGE('',*,*,#3856,.T.);
#3878 = ORIENTED_EDGE('',*,*,#3879,.T.);
#3879 = EDGE_CURVE('',#3849,#3779,#3880,.T.);
#3880 = LINE('',#3881,#3882);
#3881 = CARTESIAN_POINT('',(148.,53.242772660962,128.));
#3882 = VECTOR('',#3883,1.);
#3883 = DIRECTION('',(0.,-0.309016994375,-0.951056516295));
#3884 = ORIENTED_EDGE('',*,*,#3776,.F.);
#3885 = ORIENTED_EDGE('',*,*,#3886,.F.);
#3886 = EDGE_CURVE('',#3857,#3777,#3887,.T.);
#3887 = LINE('',#3888,#3889);
#3888 = CARTESIAN_POINT('',(140.,53.242772660962,128.));
#3889 = VECTOR('',#3890,1.);
#3890 = DIRECTION('',(0.,-0.309016994375,-0.951056516295));
#3891 = PLANE('',#3892);
#3892 = AXIS2_PLACEMENT_3D('',#3893,#3894,#3895);
#3893 = CARTESIAN_POINT('',(140.,53.242772660962,128.));
#3894 = DIRECTION('',(0.,0.951056516295,-0.309016994375));
#3895 = DIRECTION('',(0.,-0.309016994375,-0.951056516295));
#3896 = ADVANCED_FACE('',(#3897),#3903,.F.);
#3897 = FACE_BOUND('',#3898,.F.);
#3898 = EDGE_LOOP('',(#3899,#3900,#3901,#3902));
#3899 = ORIENTED_EDGE('',*,*,#3802,.T.);
#3900 = ORIENTED_EDGE('',*,*,#3833,.T.);
#3901 = ORIENTED_EDGE('',*,*,#3864,.T.);
#3902 = ORIENTED_EDGE('',*,*,#3886,.T.);
#3903 = PLANE('',#3904);
#3904 = AXIS2_PLACEMENT_3D('',#3905,#3906,#3907);
#3905 = CARTESIAN_POINT('',(140.,93.152793119879,79.769855526592));
#3906 = DIRECTION('',(1.,0.,0.));
#3907 = DIRECTION('',(-0.,0.,1.));
#3908 = ADVANCED_FACE('',(#3909),#3915,.T.);
#3909 = FACE_BOUND('',#3910,.T.);
#3910 = EDGE_LOOP('',(#3911,#3912,#3913,#3914));
#3911 = ORIENTED_EDGE('',*,*,#3786,.T.);
#3912 = ORIENTED_EDGE('',*,*,#3817,.T.);
#3913 = ORIENTED_EDGE('',*,*,#3848,.T.);
#3914 = ORIENTED_EDGE('',*,*,#3879,.T.);
#3915 = PLANE('',#3916);
#3916 = AXIS2_PLACEMENT_3D('',#3917,#3918,#3919);
#3917 = CARTESIAN_POINT('',(148.,93.152793119879,79.769855526592));
#3918 = DIRECTION('',(1.,0.,0.));
#3919 = DIRECTION('',(-0.,0.,1.));
#3920 = ( GEOMETRIC_REPRESENTATION_CONTEXT(3) 
GLOBAL_UNCERTAINTY_ASSIGNED_CONTEXT((#3924)) 
GLOBAL_UNIT_ASSIGNED_CONTEXT((#3921,#3922,#3923)) REPRESENTATION_CONTEXT
('Context #1','3D Context with UNIT and UNCERTAINTY') );
#3921 = ( LENGTH_UNIT() NAMED_UNIT(*) SI_UNIT(.MILLI.,.METRE.) );
#3922 = ( NAMED_UNIT(*) PLANE_ANGLE_UNIT() SI_UNIT($,.RADIAN.) );
#3923 = ( NAMED_UNIT(*) SI_UNIT($,.STERADIAN.) SOLID_ANGLE_UNIT() );
#3924 = UNCERTAINTY_MEASURE_WITH_UNIT(LENGTH_MEASURE(1.E-07),#3921,
  'distance_accuracy_value','confusion accuracy');
#3925 = CONTEXT_DEPENDENT_SHAPE_REPRESENTATION(#3926,#3928);
#3926 = ( REPRESENTATION_RELATIONSHIP('','',#3769,#10) 
REPRESENTATION_RELATIONSHIP_WITH_TRANSFORMATION(#3927) 
SHAPE_REPRESENTATION_RELATIONSHIP() );
#3927 = ITEM_DEFINED_TRANSFORMATION('','',#11,#95);
#3928 = PRODUCT_DEFINITION_SHAPE('Placement','Placement of an item',
  #3929);
#3929 = NEXT_ASSEMBLY_USAGE_OCCURRENCE('21','低音腔左隔板','',#5,
  #3764,$);
#3930 = PRODUCT_RELATED_PRODUCT_CATEGORY('part',$,(#3766));
#3931 = SHAPE_DEFINITION_REPRESENTATION(#3932,#3938);
#3932 = PRODUCT_DEFINITION_SHAPE('','',#3933);
#3933 = PRODUCT_DEFINITION('design','',#3934,#3937);
#3934 = PRODUCT_DEFINITION_FORMATION('','',#3935);
#3935 = PRODUCT('低音腔右隔板','低音腔右隔板','',(#3936));
#3936 = PRODUCT_CONTEXT('',#2,'mechanical');
#3937 = PRODUCT_DEFINITION_CONTEXT('part definition',#2,'design');
#3938 = ADVANCED_BREP_SHAPE_REPRESENTATION('',(#11,#3939),#4089);
#3939 = MANIFOLD_SOLID_BREP('',#3940);
#3940 = CLOSED_SHELL('',(#3941,#3981,#4012,#4043,#4065,#4077));
#3941 = ADVANCED_FACE('',(#3942),#3976,.F.);
#3942 = FACE_BOUND('',#3943,.F.);
#3943 = EDGE_LOOP('',(#3944,#3954,#3962,#3970));
#3944 = ORIENTED_EDGE('',*,*,#3945,.T.);
#3945 = EDGE_CURVE('',#3946,#3948,#3950,.T.);
#3946 = VERTEX_POINT('',#3947);
#3947 = CARTESIAN_POINT('',(300.6,24.,38.));
#3948 = VERTEX_POINT('',#3949);
#3949 = CARTESIAN_POINT('',(308.6,24.,38.));
#3950 = LINE('',#3951,#3952);
#3951 = CARTESIAN_POINT('',(300.6,24.,38.));
#3952 = VECTOR('',#3953,1.);
#3953 = DIRECTION('',(1.,0.,0.));
#3954 = ORIENTED_EDGE('',*,*,#3955,.T.);
#3955 = EDGE_CURVE('',#3948,#3956,#3958,.T.);
#3956 = VERTEX_POINT('',#3957);
#3957 = CARTESIAN_POINT('',(308.6,150.,38.));
#3958 = LINE('',#3959,#3960);
#3959 = CARTESIAN_POINT('',(308.6,24.,38.));
#3960 = VECTOR('',#3961,1.);
#3961 = DIRECTION('',(0.,1.,0.));
#3962 = ORIENTED_EDGE('',*,*,#3963,.F.);
#3963 = EDGE_CURVE('',#3964,#3956,#3966,.T.);
#3964 = VERTEX_POINT('',#3965);
#3965 = CARTESIAN_POINT('',(300.6,150.,38.));
#3966 = LINE('',#3967,#3968);
#3967 = CARTESIAN_POINT('',(300.6,150.,38.));
#3968 = VECTOR('',#3969,1.);
#3969 = DIRECTION('',(1.,0.,0.));
#3970 = ORIENTED_EDGE('',*,*,#3971,.F.);
#3971 = EDGE_CURVE('',#3946,#3964,#3972,.T.);
#3972 = LINE('',#3973,#3974);
#3973 = CARTESIAN_POINT('',(300.6,24.,38.));
#3974 = VECTOR('',#3975,1.);
#3975 = DIRECTION('',(0.,1.,0.));
#3976 = PLANE('',#3977);
#3977 = AXIS2_PLACEMENT_3D('',#3978,#3979,#3980);
#3978 = CARTESIAN_POINT('',(300.6,24.,38.));
#3979 = DIRECTION('',(0.,0.,1.));
#3980 = DIRECTION('',(0.,1.,0.));
#3981 = ADVANCED_FACE('',(#3982),#4007,.F.);
#3982 = FACE_BOUND('',#3983,.F.);
#3983 = EDGE_LOOP('',(#3984,#3985,#3993,#4001));
#3984 = ORIENTED_EDGE('',*,*,#3963,.T.);
#3985 = ORIENTED_EDGE('',*,*,#3986,.T.);
#3986 = EDGE_CURVE('',#3956,#3987,#3989,.T.);
#3987 = VERTEX_POINT('',#3988);
#3988 = CARTESIAN_POINT('',(308.6,150.,128.));
#3989 = LINE('',#3990,#3991);
#3990 = CARTESIAN_POINT('',(308.6,150.,38.));
#3991 = VECTOR('',#3992,1.);
#3992 = DIRECTION('',(0.,0.,1.));
#3993 = ORIENTED_EDGE('',*,*,#3994,.F.);
#3994 = EDGE_CURVE('',#3995,#3987,#3997,.T.);
#3995 = VERTEX_POINT('',#3996);
#3996 = CARTESIAN_POINT('',(300.6,150.,128.));
#3997 = LINE('',#3998,#3999);
#3998 = CARTESIAN_POINT('',(300.6,150.,128.));
#3999 = VECTOR('',#4000,1.);
#4000 = DIRECTION('',(1.,0.,0.));
#4001 = ORIENTED_EDGE('',*,*,#4002,.F.);
#4002 = EDGE_CURVE('',#3964,#3995,#4003,.T.);
#4003 = LINE('',#4004,#4005);
#4004 = CARTESIAN_POINT('',(300.6,150.,38.));
#4005 = VECTOR('',#4006,1.);
#4006 = DIRECTION('',(0.,0.,1.));
#4007 = PLANE('',#4008);
#4008 = AXIS2_PLACEMENT_3D('',#4009,#4010,#4011);
#4009 = CARTESIAN_POINT('',(300.6,150.,38.));
#4010 = DIRECTION('',(0.,-1.,0.));
#4011 = DIRECTION('',(0.,0.,1.));
#4012 = ADVANCED_FACE('',(#4013),#4038,.F.);
#4013 = FACE_BOUND('',#4014,.F.);
#4014 = EDGE_LOOP('',(#4015,#4016,#4024,#4032));
#4015 = ORIENTED_EDGE('',*,*,#3994,.T.);
#4016 = ORIENTED_EDGE('',*,*,#4017,.T.);
#4017 = EDGE_CURVE('',#3987,#4018,#4020,.T.);
#4018 = VERTEX_POINT('',#4019);
#4019 = CARTESIAN_POINT('',(308.6,53.242772660962,128.));
#4020 = LINE('',#4021,#4022);
#4021 = CARTESIAN_POINT('',(308.6,150.,128.));
#4022 = VECTOR('',#4023,1.);
#4023 = DIRECTION('',(0.,-1.,0.));
#4024 = ORIENTED_EDGE('',*,*,#4025,.F.);
#4025 = EDGE_CURVE('',#4026,#4018,#4028,.T.);
#4026 = VERTEX_POINT('',#4027);
#4027 = CARTESIAN_POINT('',(300.6,53.242772660962,128.));
#4028 = LINE('',#4029,#4030);
#4029 = CARTESIAN_POINT('',(300.6,53.242772660962,128.));
#4030 = VECTOR('',#4031,1.);
#4031 = DIRECTION('',(1.,0.,0.));
#4032 = ORIENTED_EDGE('',*,*,#4033,.F.);
#4033 = EDGE_CURVE('',#3995,#4026,#4034,.T.);
#4034 = LINE('',#4035,#4036);
#4035 = CARTESIAN_POINT('',(300.6,150.,128.));
#4036 = VECTOR('',#4037,1.);
#4037 = DIRECTION('',(0.,-1.,0.));
#4038 = PLANE('',#4039);
#4039 = AXIS2_PLACEMENT_3D('',#4040,#4041,#4042);
#4040 = CARTESIAN_POINT('',(300.6,150.,128.));
#4041 = DIRECTION('',(0.,0.,-1.));
#4042 = DIRECTION('',(0.,-1.,0.));
#4043 = ADVANCED_FACE('',(#4044),#4060,.F.);
#4044 = FACE_BOUND('',#4045,.F.);
#4045 = EDGE_LOOP('',(#4046,#4047,#4053,#4054));
#4046 = ORIENTED_EDGE('',*,*,#4025,.T.);
#4047 = ORIENTED_EDGE('',*,*,#4048,.T.);
#4048 = EDGE_CURVE('',#4018,#3948,#4049,.T.);
#4049 = LINE('',#4050,#4051);
#4050 = CARTESIAN_POINT('',(308.6,53.242772660962,128.));
#4051 = VECTOR('',#4052,1.);
#4052 = DIRECTION('',(0.,-0.309016994375,-0.951056516295));
#4053 = ORIENTED_EDGE('',*,*,#3945,.F.);
#4054 = ORIENTED_EDGE('',*,*,#4055,.F.);
#4055 = EDGE_CURVE('',#4026,#3946,#4056,.T.);
#4056 = LINE('',#4057,#4058);
#4057 = CARTESIAN_POINT('',(300.6,53.242772660962,128.));
#4058 = VECTOR('',#4059,1.);
#4059 = DIRECTION('',(0.,-0.309016994375,-0.951056516295));
#4060 = PLANE('',#4061);
#4061 = AXIS2_PLACEMENT_3D('',#4062,#4063,#4064);
#4062 = CARTESIAN_POINT('',(300.6,53.242772660962,128.));
#4063 = DIRECTION('',(0.,0.951056516295,-0.309016994375));
#4064 = DIRECTION('',(0.,-0.309016994375,-0.951056516295));
#4065 = ADVANCED_FACE('',(#4066),#4072,.F.);
#4066 = FACE_BOUND('',#4067,.F.);
#4067 = EDGE_LOOP('',(#4068,#4069,#4070,#4071));
#4068 = ORIENTED_EDGE('',*,*,#3971,.T.);
#4069 = ORIENTED_EDGE('',*,*,#4002,.T.);
#4070 = ORIENTED_EDGE('',*,*,#4033,.T.);
#4071 = ORIENTED_EDGE('',*,*,#4055,.T.);
#4072 = PLANE('',#4073);
#4073 = AXIS2_PLACEMENT_3D('',#4074,#4075,#4076);
#4074 = CARTESIAN_POINT('',(300.6,93.152793119879,79.769855526592));
#4075 = DIRECTION('',(1.,0.,0.));
#4076 = DIRECTION('',(-0.,0.,1.));
#4077 = ADVANCED_FACE('',(#4078),#4084,.T.);
#4078 = FACE_BOUND('',#4079,.T.);
#4079 = EDGE_LOOP('',(#4080,#4081,#4082,#4083));
#4080 = ORIENTED_EDGE('',*,*,#3955,.T.);
#4081 = ORIENTED_EDGE('',*,*,#3986,.T.);
#4082 = ORIENTED_EDGE('',*,*,#4017,.T.);
#4083 = ORIENTED_EDGE('',*,*,#4048,.T.);
#4084 = PLANE('',#4085);
#4085 = AXIS2_PLACEMENT_3D('',#4086,#4087,#4088);
#4086 = CARTESIAN_POINT('',(308.6,93.152793119879,79.769855526592));
#4087 = DIRECTION('',(1.,0.,0.));
#4088 = DIRECTION('',(-0.,0.,1.));
#4089 = ( GEOMETRIC_REPRESENTATION_CONTEXT(3) 
GLOBAL_UNCERTAINTY_ASSIGNED_CONTEXT((#4093)) 
GLOBAL_UNIT_ASSIGNED_CONTEXT((#4090,#4091,#4092)) REPRESENTATION_CONTEXT
('Context #1','3D Context with UNIT and UNCERTAINTY') );
#4090 = ( LENGTH_UNIT() NAMED_UNIT(*) SI_UNIT(.MILLI.,.METRE.) );
#4091 = ( NAMED_UNIT(*) PLANE_ANGLE_UNIT() SI_UNIT($,.RADIAN.) );
#4092 = ( NAMED_UNIT(*) SI_UNIT($,.STERADIAN.) SOLID_ANGLE_UNIT() );
#4093 = UNCERTAINTY_MEASURE_WITH_UNIT(LENGTH_MEASURE(1.E-07),#4090,
  'distance_accuracy_value','confusion accuracy');
#4094 = CONTEXT_DEPENDENT_SHAPE_REPRESENTATION(#4095,#4097);
#4095 = ( REPRESENTATION_RELATIONSHIP('','',#3938,#10) 
REPRESENTATION_RELATIONSHIP_WITH_TRANSFORMATION(#4096) 
SHAPE_REPRESENTATION_RELATIONSHIP() );
#4096 = ITEM_DEFINED_TRANSFORMATION('','',#11,#99);
#4097 = PRODUCT_DEFINITION_SHAPE('Placement','Placement of an item',
  #4098);
#4098 = NEXT_ASSEMBLY_USAGE_OCCURRENCE('22','低音腔右隔板','',#5,
  #3933,$);
#4099 = PRODUCT_RELATED_PRODUCT_CATEGORY('part',$,(#3935));
#4100 = SHAPE_DEFINITION_REPRESENTATION(#4101,#4107);
#4101 = PRODUCT_DEFINITION_SHAPE('','',#4102);
#4102 = PRODUCT_DEFINITION('design','',#4103,#4106);
#4103 = PRODUCT_DEFINITION_FORMATION('','',#4104);
#4104 = PRODUCT('左高音 · 安装占位','左高音 · 安装占位',
  '',(#4105));
#4105 = PRODUCT_CONTEXT('',#2,'mechanical');
#4106 = PRODUCT_DEFINITION_CONTEXT('part definition',#2,'design');
#4107 = SHAPE_REPRESENTATION('',(#11,#4108,#4200,#4298,#4390),#4443);
#4108 = MANIFOLD_SOLID_BREP('',#4109);
#4109 = CLOSED_SHELL('',(#4110,#4143,#4163,#4183));
#4110 = ADVANCED_FACE('',(#4111),#4138,.T.);
#4111 = FACE_BOUND('',#4112,.T.);
#4112 = EDGE_LOOP('',(#4113,#4122,#4130,#4137));
#4113 = ORIENTED_EDGE('',*,*,#4114,.F.);
#4114 = EDGE_CURVE('',#4115,#4115,#4117,.T.);
#4115 = VERTEX_POINT('',#4116);
#4116 = CARTESIAN_POINT('',(80.,44.297647592268,125.09120413551));
#4117 = CIRCLE('',#4118,39.);
#4118 = AXIS2_PLACEMENT_3D('',#4119,#4120,#4121);
#4119 = CARTESIAN_POINT('',(80.,32.245984811645,88.));
#4120 = DIRECTION('',(0.,0.951056516295,-0.309016994375));
#4121 = DIRECTION('',(0.,0.309016994375,0.951056516295));
#4122 = ORIENTED_EDGE('',*,*,#4123,.F.);
#4123 = EDGE_CURVE('',#4124,#4115,#4126,.T.);
#4124 = VERTEX_POINT('',#4125);
#4125 = CARTESIAN_POINT('',(80.,41.444478043383,126.01825511863));
#4126 = LINE('',#4127,#4128);
#4127 = CARTESIAN_POINT('',(80.,41.444478043383,126.01825511863));
#4128 = VECTOR('',#4129,1.);
#4129 = DIRECTION('',(1.104740758167E-32,0.951056516295,-0.309016994375)
  );
#4130 = ORIENTED_EDGE('',*,*,#4131,.T.);
#4131 = EDGE_CURVE('',#4124,#4124,#4132,.T.);
#4132 = CIRCLE('',#4133,39.);
#4133 = AXIS2_PLACEMENT_3D('',#4134,#4135,#4136);
#4134 = CARTESIAN_POINT('',(80.,29.39281526276,88.927050983125));
#4135 = DIRECTION('',(0.,0.951056516295,-0.309016994375));
#4136 = DIRECTION('',(0.,0.309016994375,0.951056516295));
#4137 = ORIENTED_EDGE('',*,*,#4123,.T.);
#4138 = CYLINDRICAL_SURFACE('',#4139,39.);
#4139 = AXIS2_PLACEMENT_3D('',#4140,#4141,#4142);
#4140 = CARTESIAN_POINT('',(80.,29.39281526276,88.927050983125));
#4141 = DIRECTION('',(0.,0.951056516295,-0.309016994375));
#4142 = DIRECTION('',(0.,0.309016994375,0.951056516295));
#4143 = ADVANCED_FACE('',(#4144,#4147),#4158,.T.);
#4144 = FACE_BOUND('',#4145,.T.);
#4145 = EDGE_LOOP('',(#4146));
#4146 = ORIENTED_EDGE('',*,*,#4114,.T.);
#4147 = FACE_BOUND('',#4148,.T.);
#4148 = EDGE_LOOP('',(#4149));
#4149 = ORIENTED_EDGE('',*,*,#4150,.F.);
#4150 = EDGE_CURVE('',#4151,#4151,#4153,.T.);
#4151 = VERTEX_POINT('',#4152);
#4152 = CARTESIAN_POINT('',(80.,38.117307704769,106.0700738096));
#4153 = CIRCLE('',#4154,19.);
#4154 = AXIS2_PLACEMENT_3D('',#4155,#4156,#4157);
#4155 = CARTESIAN_POINT('',(80.,32.245984811645,88.));
#4156 = DIRECTION('',(0.,0.951056516295,-0.309016994375));
#4157 = DIRECTION('',(0.,0.309016994375,0.951056516295));
#4158 = PLANE('',#4159);
#4159 = AXIS2_PLACEMENT_3D('',#4160,#4161,#4162);
#4160 = CARTESIAN_POINT('',(80.,32.245984811645,88.));
#4161 = DIRECTION('',(0.,0.951056516295,-0.309016994375));
#4162 = DIRECTION('',(0.,0.309016994375,0.951056516295));
#4163 = ADVANCED_FACE('',(#4164,#4167),#4178,.F.);
#4164 = FACE_BOUND('',#4165,.F.);
#4165 = EDGE_LOOP('',(#4166));
#4166 = ORIENTED_EDGE('',*,*,#4131,.T.);
#4167 = FACE_BOUND('',#4168,.F.);
#4168 = EDGE_LOOP('',(#4169));
#4169 = ORIENTED_EDGE('',*,*,#4170,.F.);
#4170 = EDGE_CURVE('',#4171,#4171,#4173,.T.);
#4171 = VERTEX_POINT('',#4172);
#4172 = CARTESIAN_POINT('',(80.,35.264138155884,106.99712479273));
#4173 = CIRCLE('',#4174,19.);
#4174 = AXIS2_PLACEMENT_3D('',#4175,#4176,#4177);
#4175 = CARTESIAN_POINT('',(80.,29.39281526276,88.927050983125));
#4176 = DIRECTION('',(0.,0.951056516295,-0.309016994375));
#4177 = DIRECTION('',(0.,0.309016994375,0.951056516295));
#4178 = PLANE('',#4179);
#4179 = AXIS2_PLACEMENT_3D('',#4180,#4181,#4182);
#4180 = CARTESIAN_POINT('',(80.,29.39281526276,88.927050983125));
#4181 = DIRECTION('',(0.,0.951056516295,-0.309016994375));
#4182 = DIRECTION('',(0.,0.309016994375,0.951056516295));
#4183 = ADVANCED_FACE('',(#4184),#4195,.F.);
#4184 = FACE_BOUND('',#4185,.F.);
#4185 = EDGE_LOOP('',(#4186,#4187,#4193,#4194));
#4186 = ORIENTED_EDGE('',*,*,#4150,.F.);
#4187 = ORIENTED_EDGE('',*,*,#4188,.F.);
#4188 = EDGE_CURVE('',#4171,#4151,#4189,.T.);
#4189 = LINE('',#4190,#4191);
#4190 = CARTESIAN_POINT('',(80.,34.788609897736,107.15163328992));
#4191 = VECTOR('',#4192,1.);
#4192 = DIRECTION('',(1.104740758167E-32,0.951056516295,-0.309016994375)
  );
#4193 = ORIENTED_EDGE('',*,*,#4170,.T.);
#4194 = ORIENTED_EDGE('',*,*,#4188,.T.);
#4195 = CYLINDRICAL_SURFACE('',#4196,19.);
#4196 = AXIS2_PLACEMENT_3D('',#4197,#4198,#4199);
#4197 = CARTESIAN_POINT('',(80.,28.917287004612,89.081559480312));
#4198 = DIRECTION('',(0.,0.951056516295,-0.309016994375));
#4199 = DIRECTION('',(0.,0.309016994375,0.951056516295));
#4200 = MANIFOLD_SOLID_BREP('',#4201);
#4201 = CLOSED_SHELL('',(#4202,#4235,#4244,#4264,#4289));
#4202 = ADVANCED_FACE('',(#4203),#4230,.T.);
#4203 = FACE_BOUND('',#4204,.T.);
#4204 = EDGE_LOOP('',(#4205,#4214,#4222,#4229));
#4205 = ORIENTED_EDGE('',*,*,#4206,.F.);
#4206 = EDGE_CURVE('',#4207,#4207,#4209,.T.);
#4207 = VERTEX_POINT('',#4208);
#4208 = CARTESIAN_POINT('',(80.,46.725285658292,90.655625536911));
#4209 = CIRCLE('',#4210,7.);
#4210 = AXIS2_PLACEMENT_3D('',#4211,#4212,#4213);
#4211 = CARTESIAN_POINT('',(80.,44.562166697668,83.998229922844));
#4212 = DIRECTION('',(0.,0.951056516295,-0.309016994375));
#4213 = DIRECTION('',(0.,0.309016994375,0.951056516295));
#4214 = ORIENTED_EDGE('',*,*,#4215,.F.);
#4215 = EDGE_CURVE('',#4216,#4207,#4218,.T.);
#4216 = VERTEX_POINT('',#4217);
#4217 = CARTESIAN_POINT('',(80.,38.117307704769,106.0700738096));
#4218 = LINE('',#4219,#4220);
#4219 = CARTESIAN_POINT('',(80.,38.117307704769,106.0700738096));
#4220 = VECTOR('',#4221,1.);
#4221 = DIRECTION('',(1.664761220283E-16,0.48756329485,-0.873087643662)
  );
#4222 = ORIENTED_EDGE('',*,*,#4223,.T.);
#4223 = EDGE_CURVE('',#4216,#4216,#4224,.T.);
#4224 = CIRCLE('',#4225,19.);
#4225 = AXIS2_PLACEMENT_3D('',#4226,#4227,#4228);
#4226 = CARTESIAN_POINT('',(80.,32.245984811645,88.));
#4227 = DIRECTION('',(0.,0.951056516295,-0.309016994375));
#4228 = DIRECTION('',(0.,0.309016994375,0.951056516295));
#4229 = ORIENTED_EDGE('',*,*,#4215,.T.);
#4230 = CONICAL_SURFACE('',#4231,19.,0.747340395954);
#4231 = AXIS2_PLACEMENT_3D('',#4232,#4233,#4234);
#4232 = CARTESIAN_POINT('',(80.,32.245984811645,88.));
#4233 = DIRECTION('',(-0.,-0.951056516295,0.309016994375));
#4234 = DIRECTION('',(0.,0.309016994375,0.951056516295));
#4235 = ADVANCED_FACE('',(#4236),#4239,.T.);
#4236 = FACE_BOUND('',#4237,.T.);
#4237 = EDGE_LOOP('',(#4238));
#4238 = ORIENTED_EDGE('',*,*,#4206,.T.);
#4239 = PLANE('',#4240);
#4240 = AXIS2_PLACEMENT_3D('',#4241,#4242,#4243);
#4241 = CARTESIAN_POINT('',(80.,44.562166697668,83.998229922844));
#4242 = DIRECTION('',(0.,0.951056516295,-0.309016994375));
#4243 = DIRECTION('',(0.,0.309016994375,0.951056516295));
#4244 = ADVANCED_FACE('',(#4245,#4248),#4259,.F.);
#4245 = FACE_BOUND('',#4246,.F.);
#4246 = EDGE_LOOP('',(#4247));
#4247 = ORIENTED_EDGE('',*,*,#4223,.T.);
#4248 = FACE_BOUND('',#4249,.F.);
#4249 = EDGE_LOOP('',(#4250));
#4250 = ORIENTED_EDGE('',*,*,#4251,.F.);
#4251 = EDGE_CURVE('',#4252,#4252,#4254,.T.);
#4252 = VERTEX_POINT('',#4253);
#4253 = CARTESIAN_POINT('',(80.,37.607847254584,104.50211576922));
#4254 = CIRCLE('',#4255,17.351351351351);
#4255 = AXIS2_PLACEMENT_3D('',#4256,#4257,#4258);
#4256 = CARTESIAN_POINT('',(80.,32.245984811645,88.));
#4257 = DIRECTION('',(0.,0.951056516295,-0.309016994375));
#4258 = DIRECTION('',(0.,0.309016994375,0.951056516295));
#4259 = PLANE('',#4260);
#4260 = AXIS2_PLACEMENT_3D('',#4261,#4262,#4263);
#4261 = CARTESIAN_POINT('',(80.,32.245984811645,88.));
#4262 = DIRECTION('',(0.,0.951056516295,-0.309016994375));
#4263 = DIRECTION('',(0.,0.309016994375,0.951056516295));
#4264 = ADVANCED_FACE('',(#4265),#4284,.F.);
#4265 = FACE_BOUND('',#4266,.F.);
#4266 = EDGE_LOOP('',(#4267,#4275,#4282,#4283));
#4267 = ORIENTED_EDGE('',*,*,#4268,.T.);
#4268 = EDGE_CURVE('',#4252,#4269,#4271,.T.);
#4269 = VERTEX_POINT('',#4270);
#4270 = CARTESIAN_POINT('',(80.,45.750529102511,89.920880916678));
#4271 = LINE('',#4272,#4273);
#4272 = CARTESIAN_POINT('',(80.,37.142551148988,105.33532918937));
#4273 = VECTOR('',#4274,1.);
#4274 = DIRECTION('',(1.664761220283E-16,0.48756329485,-0.873087643662)
  );
#4275 = ORIENTED_EDGE('',*,*,#4276,.F.);
#4276 = EDGE_CURVE('',#4269,#4269,#4277,.T.);
#4277 = CIRCLE('',#4278,6.);
#4278 = AXIS2_PLACEMENT_3D('',#4279,#4280,#4281);
#4279 = CARTESIAN_POINT('',(80.,43.896427136261,84.214541818907));
#4280 = DIRECTION('',(0.,0.951056516295,-0.309016994375));
#4281 = DIRECTION('',(0.,0.309016994375,0.951056516295));
#4282 = ORIENTED_EDGE('',*,*,#4268,.F.);
#4283 = ORIENTED_EDGE('',*,*,#4251,.T.);
#4284 = CONICAL_SURFACE('',#4285,18.,0.747340395954);
#4285 = AXIS2_PLACEMENT_3D('',#4286,#4287,#4288);
#4286 = CARTESIAN_POINT('',(80.,31.580245250239,88.216311896062));
#4287 = DIRECTION('',(-0.,-0.951056516295,0.309016994375));
#4288 = DIRECTION('',(0.,0.309016994375,0.951056516295));
#4289 = ADVANCED_FACE('',(#4290),#4293,.F.);
#4290 = FACE_BOUND('',#4291,.F.);
#4291 = EDGE_LOOP('',(#4292));
#4292 = ORIENTED_EDGE('',*,*,#4276,.T.);
#4293 = PLANE('',#4294);
#4294 = AXIS2_PLACEMENT_3D('',#4295,#4296,#4297);
#4295 = CARTESIAN_POINT('',(80.,43.896427136261,84.214541818907));
#4296 = DIRECTION('',(0.,0.951056516295,-0.309016994375));
#4297 = DIRECTION('',(0.,0.309016994375,0.951056516295));
#4298 = MANIFOLD_SOLID_BREP('',#4299);
#4299 = CLOSED_SHELL('',(#4300,#4333,#4353,#4373));
#4300 = ADVANCED_FACE('',(#4301),#4328,.T.);
#4301 = FACE_BOUND('',#4302,.T.);
#4302 = EDGE_LOOP('',(#4303,#4312,#4320,#4327));
#4303 = ORIENTED_EDGE('',*,*,#4304,.F.);
#4304 = EDGE_CURVE('',#4305,#4305,#4307,.T.);
#4305 = VERTEX_POINT('',#4306);
#4306 = CARTESIAN_POINT('',(80.,58.827097961043,91.980819480824));
#4307 = CIRCLE('',#4308,12.);
#4308 = AXIS2_PLACEMENT_3D('',#4309,#4310,#4311);
#4309 = CARTESIAN_POINT('',(80.,55.118894028544,80.568141285283));
#4310 = DIRECTION('',(0.,0.951056516295,-0.309016994375));
#4311 = DIRECTION('',(0.,0.309016994375,0.951056516295));
#4312 = ORIENTED_EDGE('',*,*,#4313,.F.);
#4313 = EDGE_CURVE('',#4314,#4305,#4316,.T.);
#4314 = VERTEX_POINT('',#4315);
#4315 = CARTESIAN_POINT('',(80.,38.426324699144,107.0211303259));
#4316 = LINE('',#4317,#4318);
#4317 = CARTESIAN_POINT('',(80.,38.426324699144,107.0211303259));
#4318 = VECTOR('',#4319,1.);
#4319 = DIRECTION('',(7.730849579015E-17,0.804902021001,-0.593407732161)
  );
#4320 = ORIENTED_EDGE('',*,*,#4321,.T.);
#4321 = EDGE_CURVE('',#4314,#4314,#4322,.T.);
#4322 = CIRCLE('',#4323,20.);
#4323 = AXIS2_PLACEMENT_3D('',#4324,#4325,#4326);
#4324 = CARTESIAN_POINT('',(80.,32.245984811645,88.));
#4325 = DIRECTION('',(0.,0.951056516295,-0.309016994375));
#4326 = DIRECTION('',(0.,0.309016994375,0.951056516295));
#4327 = ORIENTED_EDGE('',*,*,#4313,.T.);
#4328 = CONICAL_SURFACE('',#4329,20.,0.321126724159);
#4329 = AXIS2_PLACEMENT_3D('',#4330,#4331,#4332);
#4330 = CARTESIAN_POINT('',(80.,32.245984811645,88.));
#4331 = DIRECTION('',(-0.,-0.951056516295,0.309016994375));
#4332 = DIRECTION('',(0.,0.309016994375,0.951056516295));
#4333 = ADVANCED_FACE('',(#4334,#4337),#4348,.T.);
#4334 = FACE_BOUND('',#4335,.T.);
#4335 = EDGE_LOOP('',(#4336));
#4336 = ORIENTED_EDGE('',*,*,#4304,.T.);
#4337 = FACE_BOUND('',#4338,.T.);
#4338 = EDGE_LOOP('',(#4339));
#4339 = ORIENTED_EDGE('',*,*,#4340,.F.);
#4340 = EDGE_CURVE('',#4341,#4341,#4343,.T.);
#4341 = VERTEX_POINT('',#4342);
#4342 = CARTESIAN_POINT('',(80.,58.518080966668,91.029762964529));
#4343 = CIRCLE('',#4344,11.);
#4344 = AXIS2_PLACEMENT_3D('',#4345,#4346,#4347);
#4345 = CARTESIAN_POINT('',(80.,55.118894028544,80.568141285283));
#4346 = DIRECTION('',(0.,0.951056516295,-0.309016994375));
#4347 = DIRECTION('',(0.,0.309016994375,0.951056516295));
#4348 = PLANE('',#4349);
#4349 = AXIS2_PLACEMENT_3D('',#4350,#4351,#4352);
#4350 = CARTESIAN_POINT('',(80.,55.118894028544,80.568141285283));
#4351 = DIRECTION('',(0.,0.951056516295,-0.309016994375));
#4352 = DIRECTION('',(0.,0.309016994375,0.951056516295));
#4353 = ADVANCED_FACE('',(#4354,#4357),#4368,.F.);
#4354 = FACE_BOUND('',#4355,.F.);
#4355 = EDGE_LOOP('',(#4356));
#4356 = ORIENTED_EDGE('',*,*,#4321,.T.);
#4357 = FACE_BOUND('',#4358,.F.);
#4358 = EDGE_LOOP('',(#4359));
#4359 = ORIENTED_EDGE('',*,*,#4360,.F.);
#4360 = EDGE_CURVE('',#4361,#4361,#4363,.T.);
#4361 = VERTEX_POINT('',#4362);
#4362 = CARTESIAN_POINT('',(80.,38.117307704769,106.0700738096));
#4363 = CIRCLE('',#4364,19.);
#4364 = AXIS2_PLACEMENT_3D('',#4365,#4366,#4367);
#4365 = CARTESIAN_POINT('',(80.,32.245984811645,88.));
#4366 = DIRECTION('',(0.,0.951056516295,-0.309016994375));
#4367 = DIRECTION('',(0.,0.309016994375,0.951056516295));
#4368 = PLANE('',#4369);
#4369 = AXIS2_PLACEMENT_3D('',#4370,#4371,#4372);
#4370 = CARTESIAN_POINT('',(80.,32.245984811645,88.));
#4371 = DIRECTION('',(0.,0.951056516295,-0.309016994375));
#4372 = DIRECTION('',(0.,0.309016994375,0.951056516295));
#4373 = ADVANCED_FACE('',(#4374),#4385,.F.);
#4374 = FACE_BOUND('',#4375,.F.);
#4375 = EDGE_LOOP('',(#4376,#4377,#4383,#4384));
#4376 = ORIENTED_EDGE('',*,*,#4340,.F.);
#4377 = ORIENTED_EDGE('',*,*,#4378,.F.);
#4378 = EDGE_CURVE('',#4361,#4341,#4379,.T.);
#4379 = LINE('',#4380,#4381);
#4380 = CARTESIAN_POINT('',(80.,38.117307704769,106.0700738096));
#4381 = VECTOR('',#4382,1.);
#4382 = DIRECTION('',(7.730849579015E-17,0.804902021001,-0.593407732161)
  );
#4383 = ORIENTED_EDGE('',*,*,#4360,.T.);
#4384 = ORIENTED_EDGE('',*,*,#4378,.T.);
#4385 = CONICAL_SURFACE('',#4386,19.,0.321126724159);
#4386 = AXIS2_PLACEMENT_3D('',#4387,#4388,#4389);
#4387 = CARTESIAN_POINT('',(80.,32.245984811645,88.));
#4388 = DIRECTION('',(-0.,-0.951056516295,0.309016994375));
#4389 = DIRECTION('',(0.,0.309016994375,0.951056516295));
#4390 = MANIFOLD_SOLID_BREP('',#4391);
#4391 = CLOSED_SHELL('',(#4392,#4425,#4434));
#4392 = ADVANCED_FACE('',(#4393),#4420,.T.);
#4393 = FACE_BOUND('',#4394,.T.);
#4394 = EDGE_LOOP('',(#4395,#4404,#4412,#4419));
#4395 = ORIENTED_EDGE('',*,*,#4396,.F.);
#4396 = EDGE_CURVE('',#4397,#4397,#4399,.T.);
#4397 = VERTEX_POINT('',#4398);
#4398 = CARTESIAN_POINT('',(80.,71.143279847065,87.979049403669));
#4399 = CIRCLE('',#4400,12.);
#4400 = AXIS2_PLACEMENT_3D('',#4401,#4402,#4403);
#4401 = CARTESIAN_POINT('',(80.,67.435075914566,76.566371208127));
#4402 = DIRECTION('',(0.,0.951056516295,-0.309016994375));
#4403 = DIRECTION('',(0.,0.309016994375,0.951056516295));
#4404 = ORIENTED_EDGE('',*,*,#4405,.F.);
#4405 = EDGE_CURVE('',#4406,#4397,#4408,.T.);
#4406 = VERTEX_POINT('',#4407);
#4407 = CARTESIAN_POINT('',(80.,58.827097961043,91.980819480824));
#4408 = LINE('',#4409,#4410);
#4409 = CARTESIAN_POINT('',(80.,58.827097961043,91.980819480824));
#4410 = VECTOR('',#4411,1.);
#4411 = DIRECTION('',(1.104740758167E-32,0.951056516295,-0.309016994375)
  );
#4412 = ORIENTED_EDGE('',*,*,#4413,.T.);
#4413 = EDGE_CURVE('',#4406,#4406,#4414,.T.);
#4414 = CIRCLE('',#4415,12.);
#4415 = AXIS2_PLACEMENT_3D('',#4416,#4417,#4418);
#4416 = CARTESIAN_POINT('',(80.,55.118894028544,80.568141285283));
#4417 = DIRECTION('',(0.,0.951056516295,-0.309016994375));
#4418 = DIRECTION('',(0.,0.309016994375,0.951056516295));
#4419 = ORIENTED_EDGE('',*,*,#4405,.T.);
#4420 = CYLINDRICAL_SURFACE('',#4421,12.);
#4421 = AXIS2_PLACEMENT_3D('',#4422,#4423,#4424);
#4422 = CARTESIAN_POINT('',(80.,55.118894028544,80.568141285283));
#4423 = DIRECTION('',(0.,0.951056516295,-0.309016994375));
#4424 = DIRECTION('',(0.,0.309016994375,0.951056516295));
#4425 = ADVANCED_FACE('',(#4426),#4429,.T.);
#4426 = FACE_BOUND('',#4427,.T.);
#4427 = EDGE_LOOP('',(#4428));
#4428 = ORIENTED_EDGE('',*,*,#4396,.T.);
#4429 = PLANE('',#4430);
#4430 = AXIS2_PLACEMENT_3D('',#4431,#4432,#4433);
#4431 = CARTESIAN_POINT('',(80.,67.435075914566,76.566371208127));
#4432 = DIRECTION('',(0.,0.951056516295,-0.309016994375));
#4433 = DIRECTION('',(0.,0.309016994375,0.951056516295));
#4434 = ADVANCED_FACE('',(#4435),#4438,.F.);
#4435 = FACE_BOUND('',#4436,.T.);
#4436 = EDGE_LOOP('',(#4437));
#4437 = ORIENTED_EDGE('',*,*,#4413,.F.);
#4438 = PLANE('',#4439);
#4439 = AXIS2_PLACEMENT_3D('',#4440,#4441,#4442);
#4440 = CARTESIAN_POINT('',(80.,55.118894028544,80.568141285283));
#4441 = DIRECTION('',(0.,0.951056516295,-0.309016994375));
#4442 = DIRECTION('',(0.,0.309016994375,0.951056516295));
#4443 = ( GEOMETRIC_REPRESENTATION_CONTEXT(3) 
GLOBAL_UNCERTAINTY_ASSIGNED_CONTEXT((#4447)) 
GLOBAL_UNIT_ASSIGNED_CONTEXT((#4444,#4445,#4446)) REPRESENTATION_CONTEXT
('Context #1','3D Context with UNIT and UNCERTAINTY') );
#4444 = ( LENGTH_UNIT() NAMED_UNIT(*) SI_UNIT(.MILLI.,.METRE.) );
#4445 = ( NAMED_UNIT(*) PLANE_ANGLE_UNIT() SI_UNIT($,.RADIAN.) );
#4446 = ( NAMED_UNIT(*) SI_UNIT($,.STERADIAN.) SOLID_ANGLE_UNIT() );
#4447 = UNCERTAINTY_MEASURE_WITH_UNIT(LENGTH_MEASURE(1.E-07),#4444,
  'distance_accuracy_value','confusion accuracy');
#4448 = CONTEXT_DEPENDENT_SHAPE_REPRESENTATION(#4449,#4451);
#4449 = ( REPRESENTATION_RELATIONSHIP('','',#4107,#10) 
REPRESENTATION_RELATIONSHIP_WITH_TRANSFORMATION(#4450) 
SHAPE_REPRESENTATION_RELATIONSHIP() );
#4450 = ITEM_DEFINED_TRANSFORMATION('','',#11,#103);
#4451 = PRODUCT_DEFINITION_SHAPE('Placement','Placement of an item',
  #4452);
#4452 = NEXT_ASSEMBLY_USAGE_OCCURRENCE('23','左高音 · 安装占位',
  '',#5,#4102,$);
#4453 = PRODUCT_RELATED_PRODUCT_CATEGORY('part',$,(#4104));
#4454 = SHAPE_DEFINITION_REPRESENTATION(#4455,#4461);
#4455 = PRODUCT_DEFINITION_SHAPE('','',#4456);
#4456 = PRODUCT_DEFINITION('design','',#4457,#4460);
#4457 = PRODUCT_DEFINITION_FORMATION('','',#4458);
#4458 = PRODUCT('右高音 · 安装占位','右高音 · 安装占位',
  '',(#4459));
#4459 = PRODUCT_CONTEXT('',#2,'mechanical');
#4460 = PRODUCT_DEFINITION_CONTEXT('part definition',#2,'design');
#4461 = SHAPE_REPRESENTATION('',(#11,#4462,#4554,#4652,#4744),#4797);
#4462 = MANIFOLD_SOLID_BREP('',#4463);
#4463 = CLOSED_SHELL('',(#4464,#4497,#4517,#4537));
#4464 = ADVANCED_FACE('',(#4465),#4492,.T.);
#4465 = FACE_BOUND('',#4466,.T.);
#4466 = EDGE_LOOP('',(#4467,#4476,#4484,#4491));
#4467 = ORIENTED_EDGE('',*,*,#4468,.F.);
#4468 = EDGE_CURVE('',#4469,#4469,#4471,.T.);
#4469 = VERTEX_POINT('',#4470);
#4470 = CARTESIAN_POINT('',(368.6,44.297647592268,125.09120413551));
#4471 = CIRCLE('',#4472,39.);
#4472 = AXIS2_PLACEMENT_3D('',#4473,#4474,#4475);
#4473 = CARTESIAN_POINT('',(368.6,32.245984811645,88.));
#4474 = DIRECTION('',(0.,0.951056516295,-0.309016994375));
#4475 = DIRECTION('',(0.,0.309016994375,0.951056516295));
#4476 = ORIENTED_EDGE('',*,*,#4477,.F.);
#4477 = EDGE_CURVE('',#4478,#4469,#4480,.T.);
#4478 = VERTEX_POINT('',#4479);
#4479 = CARTESIAN_POINT('',(368.6,41.444478043383,126.01825511863));
#4480 = LINE('',#4481,#4482);
#4481 = CARTESIAN_POINT('',(368.6,41.444478043383,126.01825511863));
#4482 = VECTOR('',#4483,1.);
#4483 = DIRECTION('',(1.104740758167E-32,0.951056516295,-0.309016994375)
  );
#4484 = ORIENTED_EDGE('',*,*,#4485,.T.);
#4485 = EDGE_CURVE('',#4478,#4478,#4486,.T.);
#4486 = CIRCLE('',#4487,39.);
#4487 = AXIS2_PLACEMENT_3D('',#4488,#4489,#4490);
#4488 = CARTESIAN_POINT('',(368.6,29.39281526276,88.927050983125));
#4489 = DIRECTION('',(0.,0.951056516295,-0.309016994375));
#4490 = DIRECTION('',(0.,0.309016994375,0.951056516295));
#4491 = ORIENTED_EDGE('',*,*,#4477,.T.);
#4492 = CYLINDRICAL_SURFACE('',#4493,39.);
#4493 = AXIS2_PLACEMENT_3D('',#4494,#4495,#4496);
#4494 = CARTESIAN_POINT('',(368.6,29.39281526276,88.927050983125));
#4495 = DIRECTION('',(0.,0.951056516295,-0.309016994375));
#4496 = DIRECTION('',(0.,0.309016994375,0.951056516295));
#4497 = ADVANCED_FACE('',(#4498,#4501),#4512,.T.);
#4498 = FACE_BOUND('',#4499,.T.);
#4499 = EDGE_LOOP('',(#4500));
#4500 = ORIENTED_EDGE('',*,*,#4468,.T.);
#4501 = FACE_BOUND('',#4502,.T.);
#4502 = EDGE_LOOP('',(#4503));
#4503 = ORIENTED_EDGE('',*,*,#4504,.F.);
#4504 = EDGE_CURVE('',#4505,#4505,#4507,.T.);
#4505 = VERTEX_POINT('',#4506);
#4506 = CARTESIAN_POINT('',(368.6,38.117307704769,106.0700738096));
#4507 = CIRCLE('',#4508,19.);
#4508 = AXIS2_PLACEMENT_3D('',#4509,#4510,#4511);
#4509 = CARTESIAN_POINT('',(368.6,32.245984811645,88.));
#4510 = DIRECTION('',(0.,0.951056516295,-0.309016994375));
#4511 = DIRECTION('',(0.,0.309016994375,0.951056516295));
#4512 = PLANE('',#4513);
#4513 = AXIS2_PLACEMENT_3D('',#4514,#4515,#4516);
#4514 = CARTESIAN_POINT('',(368.6,32.245984811645,88.));
#4515 = DIRECTION('',(0.,0.951056516295,-0.309016994375));
#4516 = DIRECTION('',(0.,0.309016994375,0.951056516295));
#4517 = ADVANCED_FACE('',(#4518,#4521),#4532,.F.);
#4518 = FACE_BOUND('',#4519,.F.);
#4519 = EDGE_LOOP('',(#4520));
#4520 = ORIENTED_EDGE('',*,*,#4485,.T.);
#4521 = FACE_BOUND('',#4522,.F.);
#4522 = EDGE_LOOP('',(#4523));
#4523 = ORIENTED_EDGE('',*,*,#4524,.F.);
#4524 = EDGE_CURVE('',#4525,#4525,#4527,.T.);
#4525 = VERTEX_POINT('',#4526);
#4526 = CARTESIAN_POINT('',(368.6,35.264138155884,106.99712479273));
#4527 = CIRCLE('',#4528,19.);
#4528 = AXIS2_PLACEMENT_3D('',#4529,#4530,#4531);
#4529 = CARTESIAN_POINT('',(368.6,29.39281526276,88.927050983125));
#4530 = DIRECTION('',(0.,0.951056516295,-0.309016994375));
#4531 = DIRECTION('',(0.,0.309016994375,0.951056516295));
#4532 = PLANE('',#4533);
#4533 = AXIS2_PLACEMENT_3D('',#4534,#4535,#4536);
#4534 = CARTESIAN_POINT('',(368.6,29.39281526276,88.927050983125));
#4535 = DIRECTION('',(0.,0.951056516295,-0.309016994375));
#4536 = DIRECTION('',(0.,0.309016994375,0.951056516295));
#4537 = ADVANCED_FACE('',(#4538),#4549,.F.);
#4538 = FACE_BOUND('',#4539,.F.);
#4539 = EDGE_LOOP('',(#4540,#4541,#4547,#4548));
#4540 = ORIENTED_EDGE('',*,*,#4504,.F.);
#4541 = ORIENTED_EDGE('',*,*,#4542,.F.);
#4542 = EDGE_CURVE('',#4525,#4505,#4543,.T.);
#4543 = LINE('',#4544,#4545);
#4544 = CARTESIAN_POINT('',(368.6,34.788609897736,107.15163328992));
#4545 = VECTOR('',#4546,1.);
#4546 = DIRECTION('',(1.104740758167E-32,0.951056516295,-0.309016994375)
  );
#4547 = ORIENTED_EDGE('',*,*,#4524,.T.);
#4548 = ORIENTED_EDGE('',*,*,#4542,.T.);
#4549 = CYLINDRICAL_SURFACE('',#4550,19.);
#4550 = AXIS2_PLACEMENT_3D('',#4551,#4552,#4553);
#4551 = CARTESIAN_POINT('',(368.6,28.917287004612,89.081559480312));
#4552 = DIRECTION('',(0.,0.951056516295,-0.309016994375));
#4553 = DIRECTION('',(0.,0.309016994375,0.951056516295));
#4554 = MANIFOLD_SOLID_BREP('',#4555);
#4555 = CLOSED_SHELL('',(#4556,#4589,#4598,#4618,#4643));
#4556 = ADVANCED_FACE('',(#4557),#4584,.T.);
#4557 = FACE_BOUND('',#4558,.T.);
#4558 = EDGE_LOOP('',(#4559,#4568,#4576,#4583));
#4559 = ORIENTED_EDGE('',*,*,#4560,.F.);
#4560 = EDGE_CURVE('',#4561,#4561,#4563,.T.);
#4561 = VERTEX_POINT('',#4562);
#4562 = CARTESIAN_POINT('',(368.6,46.725285658292,90.655625536911));
#4563 = CIRCLE('',#4564,7.);
#4564 = AXIS2_PLACEMENT_3D('',#4565,#4566,#4567);
#4565 = CARTESIAN_POINT('',(368.6,44.562166697668,83.998229922844));
#4566 = DIRECTION('',(0.,0.951056516295,-0.309016994375));
#4567 = DIRECTION('',(0.,0.309016994375,0.951056516295));
#4568 = ORIENTED_EDGE('',*,*,#4569,.F.);
#4569 = EDGE_CURVE('',#4570,#4561,#4572,.T.);
#4570 = VERTEX_POINT('',#4571);
#4571 = CARTESIAN_POINT('',(368.6,38.117307704769,106.0700738096));
#4572 = LINE('',#4573,#4574);
#4573 = CARTESIAN_POINT('',(368.6,38.117307704769,106.0700738096));
#4574 = VECTOR('',#4575,1.);
#4575 = DIRECTION('',(1.664761220283E-16,0.48756329485,-0.873087643662)
  );
#4576 = ORIENTED_EDGE('',*,*,#4577,.T.);
#4577 = EDGE_CURVE('',#4570,#4570,#4578,.T.);
#4578 = CIRCLE('',#4579,19.);
#4579 = AXIS2_PLACEMENT_3D('',#4580,#4581,#4582);
#4580 = CARTESIAN_POINT('',(368.6,32.245984811645,88.));
#4581 = DIRECTION('',(0.,0.951056516295,-0.309016994375));
#4582 = DIRECTION('',(0.,0.309016994375,0.951056516295));
#4583 = ORIENTED_EDGE('',*,*,#4569,.T.);
#4584 = CONICAL_SURFACE('',#4585,19.,0.747340395954);
#4585 = AXIS2_PLACEMENT_3D('',#4586,#4587,#4588);
#4586 = CARTESIAN_POINT('',(368.6,32.245984811645,88.));
#4587 = DIRECTION('',(-0.,-0.951056516295,0.309016994375));
#4588 = DIRECTION('',(0.,0.309016994375,0.951056516295));
#4589 = ADVANCED_FACE('',(#4590),#4593,.T.);
#4590 = FACE_BOUND('',#4591,.T.);
#4591 = EDGE_LOOP('',(#4592));
#4592 = ORIENTED_EDGE('',*,*,#4560,.T.);
#4593 = PLANE('',#4594);
#4594 = AXIS2_PLACEMENT_3D('',#4595,#4596,#4597);
#4595 = CARTESIAN_POINT('',(368.6,44.562166697668,83.998229922844));
#4596 = DIRECTION('',(0.,0.951056516295,-0.309016994375));
#4597 = DIRECTION('',(0.,0.309016994375,0.951056516295));
#4598 = ADVANCED_FACE('',(#4599,#4602),#4613,.F.);
#4599 = FACE_BOUND('',#4600,.F.);
#4600 = EDGE_LOOP('',(#4601));
#4601 = ORIENTED_EDGE('',*,*,#4577,.T.);
#4602 = FACE_BOUND('',#4603,.F.);
#4603 = EDGE_LOOP('',(#4604));
#4604 = ORIENTED_EDGE('',*,*,#4605,.F.);
#4605 = EDGE_CURVE('',#4606,#4606,#4608,.T.);
#4606 = VERTEX_POINT('',#4607);
#4607 = CARTESIAN_POINT('',(368.6,37.607847254584,104.50211576922));
#4608 = CIRCLE('',#4609,17.351351351351);
#4609 = AXIS2_PLACEMENT_3D('',#4610,#4611,#4612);
#4610 = CARTESIAN_POINT('',(368.6,32.245984811645,88.));
#4611 = DIRECTION('',(0.,0.951056516295,-0.309016994375));
#4612 = DIRECTION('',(0.,0.309016994375,0.951056516295));
#4613 = PLANE('',#4614);
#4614 = AXIS2_PLACEMENT_3D('',#4615,#4616,#4617);
#4615 = CARTESIAN_POINT('',(368.6,32.245984811645,88.));
#4616 = DIRECTION('',(0.,0.951056516295,-0.309016994375));
#4617 = DIRECTION('',(0.,0.309016994375,0.951056516295));
#4618 = ADVANCED_FACE('',(#4619),#4638,.F.);
#4619 = FACE_BOUND('',#4620,.F.);
#4620 = EDGE_LOOP('',(#4621,#4629,#4636,#4637));
#4621 = ORIENTED_EDGE('',*,*,#4622,.T.);
#4622 = EDGE_CURVE('',#4606,#4623,#4625,.T.);
#4623 = VERTEX_POINT('',#4624);
#4624 = CARTESIAN_POINT('',(368.6,45.750529102511,89.920880916678));
#4625 = LINE('',#4626,#4627);
#4626 = CARTESIAN_POINT('',(368.6,37.142551148988,105.33532918937));
#4627 = VECTOR('',#4628,1.);
#4628 = DIRECTION('',(1.664761220283E-16,0.48756329485,-0.873087643662)
  );
#4629 = ORIENTED_EDGE('',*,*,#4630,.F.);
#4630 = EDGE_CURVE('',#4623,#4623,#4631,.T.);
#4631 = CIRCLE('',#4632,6.);
#4632 = AXIS2_PLACEMENT_3D('',#4633,#4634,#4635);
#4633 = CARTESIAN_POINT('',(368.6,43.896427136261,84.214541818907));
#4634 = DIRECTION('',(0.,0.951056516295,-0.309016994375));
#4635 = DIRECTION('',(0.,0.309016994375,0.951056516295));
#4636 = ORIENTED_EDGE('',*,*,#4622,.F.);
#4637 = ORIENTED_EDGE('',*,*,#4605,.T.);
#4638 = CONICAL_SURFACE('',#4639,18.,0.747340395954);
#4639 = AXIS2_PLACEMENT_3D('',#4640,#4641,#4642);
#4640 = CARTESIAN_POINT('',(368.6,31.580245250239,88.216311896062));
#4641 = DIRECTION('',(-0.,-0.951056516295,0.309016994375));
#4642 = DIRECTION('',(0.,0.309016994375,0.951056516295));
#4643 = ADVANCED_FACE('',(#4644),#4647,.F.);
#4644 = FACE_BOUND('',#4645,.F.);
#4645 = EDGE_LOOP('',(#4646));
#4646 = ORIENTED_EDGE('',*,*,#4630,.T.);
#4647 = PLANE('',#4648);
#4648 = AXIS2_PLACEMENT_3D('',#4649,#4650,#4651);
#4649 = CARTESIAN_POINT('',(368.6,43.896427136261,84.214541818907));
#4650 = DIRECTION('',(0.,0.951056516295,-0.309016994375));
#4651 = DIRECTION('',(0.,0.309016994375,0.951056516295));
#4652 = MANIFOLD_SOLID_BREP('',#4653);
#4653 = CLOSED_SHELL('',(#4654,#4687,#4707,#4727));
#4654 = ADVANCED_FACE('',(#4655),#4682,.T.);
#4655 = FACE_BOUND('',#4656,.T.);
#4656 = EDGE_LOOP('',(#4657,#4666,#4674,#4681));
#4657 = ORIENTED_EDGE('',*,*,#4658,.F.);
#4658 = EDGE_CURVE('',#4659,#4659,#4661,.T.);
#4659 = VERTEX_POINT('',#4660);
#4660 = CARTESIAN_POINT('',(368.6,58.827097961043,91.980819480824));
#4661 = CIRCLE('',#4662,12.);
#4662 = AXIS2_PLACEMENT_3D('',#4663,#4664,#4665);
#4663 = CARTESIAN_POINT('',(368.6,55.118894028544,80.568141285283));
#4664 = DIRECTION('',(0.,0.951056516295,-0.309016994375));
#4665 = DIRECTION('',(0.,0.309016994375,0.951056516295));
#4666 = ORIENTED_EDGE('',*,*,#4667,.F.);
#4667 = EDGE_CURVE('',#4668,#4659,#4670,.T.);
#4668 = VERTEX_POINT('',#4669);
#4669 = CARTESIAN_POINT('',(368.6,38.426324699144,107.0211303259));
#4670 = LINE('',#4671,#4672);
#4671 = CARTESIAN_POINT('',(368.6,38.426324699144,107.0211303259));
#4672 = VECTOR('',#4673,1.);
#4673 = DIRECTION('',(7.730849579015E-17,0.804902021001,-0.593407732161)
  );
#4674 = ORIENTED_EDGE('',*,*,#4675,.T.);
#4675 = EDGE_CURVE('',#4668,#4668,#4676,.T.);
#4676 = CIRCLE('',#4677,20.);
#4677 = AXIS2_PLACEMENT_3D('',#4678,#4679,#4680);
#4678 = CARTESIAN_POINT('',(368.6,32.245984811645,88.));
#4679 = DIRECTION('',(0.,0.951056516295,-0.309016994375));
#4680 = DIRECTION('',(0.,0.309016994375,0.951056516295));
#4681 = ORIENTED_EDGE('',*,*,#4667,.T.);
#4682 = CONICAL_SURFACE('',#4683,20.,0.321126724159);
#4683 = AXIS2_PLACEMENT_3D('',#4684,#4685,#4686);
#4684 = CARTESIAN_POINT('',(368.6,32.245984811645,88.));
#4685 = DIRECTION('',(-0.,-0.951056516295,0.309016994375));
#4686 = DIRECTION('',(0.,0.309016994375,0.951056516295));
#4687 = ADVANCED_FACE('',(#4688,#4691),#4702,.T.);
#4688 = FACE_BOUND('',#4689,.T.);
#4689 = EDGE_LOOP('',(#4690));
#4690 = ORIENTED_EDGE('',*,*,#4658,.T.);
#4691 = FACE_BOUND('',#4692,.T.);
#4692 = EDGE_LOOP('',(#4693));
#4693 = ORIENTED_EDGE('',*,*,#4694,.F.);
#4694 = EDGE_CURVE('',#4695,#4695,#4697,.T.);
#4695 = VERTEX_POINT('',#4696);
#4696 = CARTESIAN_POINT('',(368.6,58.518080966668,91.029762964529));
#4697 = CIRCLE('',#4698,11.);
#4698 = AXIS2_PLACEMENT_3D('',#4699,#4700,#4701);
#4699 = CARTESIAN_POINT('',(368.6,55.118894028544,80.568141285283));
#4700 = DIRECTION('',(0.,0.951056516295,-0.309016994375));
#4701 = DIRECTION('',(0.,0.309016994375,0.951056516295));
#4702 = PLANE('',#4703);
#4703 = AXIS2_PLACEMENT_3D('',#4704,#4705,#4706);
#4704 = CARTESIAN_POINT('',(368.6,55.118894028544,80.568141285283));
#4705 = DIRECTION('',(0.,0.951056516295,-0.309016994375));
#4706 = DIRECTION('',(0.,0.309016994375,0.951056516295));
#4707 = ADVANCED_FACE('',(#4708,#4711),#4722,.F.);
#4708 = FACE_BOUND('',#4709,.F.);
#4709 = EDGE_LOOP('',(#4710));
#4710 = ORIENTED_EDGE('',*,*,#4675,.T.);
#4711 = FACE_BOUND('',#4712,.F.);
#4712 = EDGE_LOOP('',(#4713));
#4713 = ORIENTED_EDGE('',*,*,#4714,.F.);
#4714 = EDGE_CURVE('',#4715,#4715,#4717,.T.);
#4715 = VERTEX_POINT('',#4716);
#4716 = CARTESIAN_POINT('',(368.6,38.117307704769,106.0700738096));
#4717 = CIRCLE('',#4718,19.);
#4718 = AXIS2_PLACEMENT_3D('',#4719,#4720,#4721);
#4719 = CARTESIAN_POINT('',(368.6,32.245984811645,88.));
#4720 = DIRECTION('',(0.,0.951056516295,-0.309016994375));
#4721 = DIRECTION('',(0.,0.309016994375,0.951056516295));
#4722 = PLANE('',#4723);
#4723 = AXIS2_PLACEMENT_3D('',#4724,#4725,#4726);
#4724 = CARTESIAN_POINT('',(368.6,32.245984811645,88.));
#4725 = DIRECTION('',(0.,0.951056516295,-0.309016994375));
#4726 = DIRECTION('',(0.,0.309016994375,0.951056516295));
#4727 = ADVANCED_FACE('',(#4728),#4739,.F.);
#4728 = FACE_BOUND('',#4729,.F.);
#4729 = EDGE_LOOP('',(#4730,#4731,#4737,#4738));
#4730 = ORIENTED_EDGE('',*,*,#4694,.F.);
#4731 = ORIENTED_EDGE('',*,*,#4732,.F.);
#4732 = EDGE_CURVE('',#4715,#4695,#4733,.T.);
#4733 = LINE('',#4734,#4735);
#4734 = CARTESIAN_POINT('',(368.6,38.117307704769,106.0700738096));
#4735 = VECTOR('',#4736,1.);
#4736 = DIRECTION('',(7.730849579015E-17,0.804902021001,-0.593407732161)
  );
#4737 = ORIENTED_EDGE('',*,*,#4714,.T.);
#4738 = ORIENTED_EDGE('',*,*,#4732,.T.);
#4739 = CONICAL_SURFACE('',#4740,19.,0.321126724159);
#4740 = AXIS2_PLACEMENT_3D('',#4741,#4742,#4743);
#4741 = CARTESIAN_POINT('',(368.6,32.245984811645,88.));
#4742 = DIRECTION('',(-0.,-0.951056516295,0.309016994375));
#4743 = DIRECTION('',(0.,0.309016994375,0.951056516295));
#4744 = MANIFOLD_SOLID_BREP('',#4745);
#4745 = CLOSED_SHELL('',(#4746,#4779,#4788));
#4746 = ADVANCED_FACE('',(#4747),#4774,.T.);
#4747 = FACE_BOUND('',#4748,.T.);
#4748 = EDGE_LOOP('',(#4749,#4758,#4766,#4773));
#4749 = ORIENTED_EDGE('',*,*,#4750,.F.);
#4750 = EDGE_CURVE('',#4751,#4751,#4753,.T.);
#4751 = VERTEX_POINT('',#4752);
#4752 = CARTESIAN_POINT('',(368.6,71.143279847065,87.979049403669));
#4753 = CIRCLE('',#4754,12.);
#4754 = AXIS2_PLACEMENT_3D('',#4755,#4756,#4757);
#4755 = CARTESIAN_POINT('',(368.6,67.435075914566,76.566371208127));
#4756 = DIRECTION('',(0.,0.951056516295,-0.309016994375));
#4757 = DIRECTION('',(0.,0.309016994375,0.951056516295));
#4758 = ORIENTED_EDGE('',*,*,#4759,.F.);
#4759 = EDGE_CURVE('',#4760,#4751,#4762,.T.);
#4760 = VERTEX_POINT('',#4761);
#4761 = CARTESIAN_POINT('',(368.6,58.827097961043,91.980819480824));
#4762 = LINE('',#4763,#4764);
#4763 = CARTESIAN_POINT('',(368.6,58.827097961043,91.980819480824));
#4764 = VECTOR('',#4765,1.);
#4765 = DIRECTION('',(1.104740758167E-32,0.951056516295,-0.309016994375)
  );
#4766 = ORIENTED_EDGE('',*,*,#4767,.T.);
#4767 = EDGE_CURVE('',#4760,#4760,#4768,.T.);
#4768 = CIRCLE('',#4769,12.);
#4769 = AXIS2_PLACEMENT_3D('',#4770,#4771,#4772);
#4770 = CARTESIAN_POINT('',(368.6,55.118894028544,80.568141285283));
#4771 = DIRECTION('',(0.,0.951056516295,-0.309016994375));
#4772 = DIRECTION('',(0.,0.309016994375,0.951056516295));
#4773 = ORIENTED_EDGE('',*,*,#4759,.T.);
#4774 = CYLINDRICAL_SURFACE('',#4775,12.);
#4775 = AXIS2_PLACEMENT_3D('',#4776,#4777,#4778);
#4776 = CARTESIAN_POINT('',(368.6,55.118894028544,80.568141285283));
#4777 = DIRECTION('',(0.,0.951056516295,-0.309016994375));
#4778 = DIRECTION('',(0.,0.309016994375,0.951056516295));
#4779 = ADVANCED_FACE('',(#4780),#4783,.T.);
#4780 = FACE_BOUND('',#4781,.T.);
#4781 = EDGE_LOOP('',(#4782));
#4782 = ORIENTED_EDGE('',*,*,#4750,.T.);
#4783 = PLANE('',#4784);
#4784 = AXIS2_PLACEMENT_3D('',#4785,#4786,#4787);
#4785 = CARTESIAN_POINT('',(368.6,67.435075914566,76.566371208127));
#4786 = DIRECTION('',(0.,0.951056516295,-0.309016994375));
#4787 = DIRECTION('',(0.,0.309016994375,0.951056516295));
#4788 = ADVANCED_FACE('',(#4789),#4792,.F.);
#4789 = FACE_BOUND('',#4790,.T.);
#4790 = EDGE_LOOP('',(#4791));
#4791 = ORIENTED_EDGE('',*,*,#4767,.F.);
#4792 = PLANE('',#4793);
#4793 = AXIS2_PLACEMENT_3D('',#4794,#4795,#4796);
#4794 = CARTESIAN_POINT('',(368.6,55.118894028544,80.568141285283));
#4795 = DIRECTION('',(0.,0.951056516295,-0.309016994375));
#4796 = DIRECTION('',(0.,0.309016994375,0.951056516295));
#4797 = ( GEOMETRIC_REPRESENTATION_CONTEXT(3) 
GLOBAL_UNCERTAINTY_ASSIGNED_CONTEXT((#4801)) 
GLOBAL_UNIT_ASSIGNED_CONTEXT((#4798,#4799,#4800)) REPRESENTATION_CONTEXT
('Context #1','3D Context with UNIT and UNCERTAINTY') );
#4798 = ( LENGTH_UNIT() NAMED_UNIT(*) SI_UNIT(.MILLI.,.METRE.) );
#4799 = ( NAMED_UNIT(*) PLANE_ANGLE_UNIT() SI_UNIT($,.RADIAN.) );
#4800 = ( NAMED_UNIT(*) SI_UNIT($,.STERADIAN.) SOLID_ANGLE_UNIT() );
#4801 = UNCERTAINTY_MEASURE_WITH_UNIT(LENGTH_MEASURE(1.E-07),#4798,
  'distance_accuracy_value','confusion accuracy');
#4802 = CONTEXT_DEPENDENT_SHAPE_REPRESENTATION(#4803,#4805);
#4803 = ( REPRESENTATION_RELATIONSHIP('','',#4461,#10) 
REPRESENTATION_RELATIONSHIP_WITH_TRANSFORMATION(#4804) 
SHAPE_REPRESENTATION_RELATIONSHIP() );
#4804 = ITEM_DEFINED_TRANSFORMATION('','',#11,#107);
#4805 = PRODUCT_DEFINITION_SHAPE('Placement','Placement of an item',
  #4806);
#4806 = NEXT_ASSEMBLY_USAGE_OCCURRENCE('24','右高音 · 安装占位',
  '',#5,#4456,$);
#4807 = PRODUCT_RELATED_PRODUCT_CATEGORY('part',$,(#4458));
#4808 = SHAPE_DEFINITION_REPRESENTATION(#4809,#4815);
#4809 = PRODUCT_DEFINITION_SHAPE('','',#4810);
#4810 = PRODUCT_DEFINITION('design','',#4811,#4814);
#4811 = PRODUCT_DEFINITION_FORMATION('','',#4812);
#4812 = PRODUCT('中央低音 · 朝下安装占位',
  '中央低音 · 朝下安装占位','',(#4813));
#4813 = PRODUCT_CONTEXT('',#2,'mechanical');
#4814 = PRODUCT_DEFINITION_CONTEXT('part definition',#2,'design');
#4815 = SHAPE_REPRESENTATION('',(#11,#4816,#4908,#5006,#5098),#5151);
#4816 = MANIFOLD_SOLID_BREP('',#4817);
#4817 = CLOSED_SHELL('',(#4818,#4851,#4871,#4891));
#4818 = ADVANCED_FACE('',(#4819),#4846,.T.);
#4819 = FACE_BOUND('',#4820,.T.);
#4820 = EDGE_LOOP('',(#4821,#4830,#4838,#4845));
#4821 = ORIENTED_EDGE('',*,*,#4822,.F.);
#4822 = EDGE_CURVE('',#4823,#4823,#4825,.T.);
#4823 = VERTEX_POINT('',#4824);
#4824 = CARTESIAN_POINT('',(290.3,94.,26.));
#4825 = CIRCLE('',#4826,66.);
#4826 = AXIS2_PLACEMENT_3D('',#4827,#4828,#4829);
#4827 = CARTESIAN_POINT('',(224.3,94.,26.));
#4828 = DIRECTION('',(0.,0.,1.));
#4829 = DIRECTION('',(1.,0.,-0.));
#4830 = ORIENTED_EDGE('',*,*,#4831,.F.);
#4831 = EDGE_CURVE('',#4832,#4823,#4834,.T.);
#4832 = VERTEX_POINT('',#4833);
#4833 = CARTESIAN_POINT('',(290.3,94.,23.));
#4834 = LINE('',#4835,#4836);
#4835 = CARTESIAN_POINT('',(290.3,94.,23.));
#4836 = VECTOR('',#4837,1.);
#4837 = DIRECTION('',(0.,0.,1.));
#4838 = ORIENTED_EDGE('',*,*,#4839,.T.);
#4839 = EDGE_CURVE('',#4832,#4832,#4840,.T.);
#4840 = CIRCLE('',#4841,66.);
#4841 = AXIS2_PLACEMENT_3D('',#4842,#4843,#4844);
#4842 = CARTESIAN_POINT('',(224.3,94.,23.));
#4843 = DIRECTION('',(0.,0.,1.));
#4844 = DIRECTION('',(1.,0.,-0.));
#4845 = ORIENTED_EDGE('',*,*,#4831,.T.);
#4846 = CYLINDRICAL_SURFACE('',#4847,66.);
#4847 = AXIS2_PLACEMENT_3D('',#4848,#4849,#4850);
#4848 = CARTESIAN_POINT('',(224.3,94.,23.));
#4849 = DIRECTION('',(0.,0.,1.));
#4850 = DIRECTION('',(1.,0.,-0.));
#4851 = ADVANCED_FACE('',(#4852,#4855),#4866,.T.);
#4852 = FACE_BOUND('',#4853,.T.);
#4853 = EDGE_LOOP('',(#4854));
#4854 = ORIENTED_EDGE('',*,*,#4822,.T.);
#4855 = FACE_BOUND('',#4856,.T.);
#4856 = EDGE_LOOP('',(#4857));
#4857 = ORIENTED_EDGE('',*,*,#4858,.F.);
#4858 = EDGE_CURVE('',#4859,#4859,#4861,.T.);
#4859 = VERTEX_POINT('',#4860);
#4860 = CARTESIAN_POINT('',(273.3,94.,26.));
#4861 = CIRCLE('',#4862,49.);
#4862 = AXIS2_PLACEMENT_3D('',#4863,#4864,#4865);
#4863 = CARTESIAN_POINT('',(224.3,94.,26.));
#4864 = DIRECTION('',(0.,0.,1.));
#4865 = DIRECTION('',(1.,0.,-0.));
#4866 = PLANE('',#4867);
#4867 = AXIS2_PLACEMENT_3D('',#4868,#4869,#4870);
#4868 = CARTESIAN_POINT('',(224.3,94.,26.));
#4869 = DIRECTION('',(0.,0.,1.));
#4870 = DIRECTION('',(1.,0.,-0.));
#4871 = ADVANCED_FACE('',(#4872,#4875),#4886,.F.);
#4872 = FACE_BOUND('',#4873,.F.);
#4873 = EDGE_LOOP('',(#4874));
#4874 = ORIENTED_EDGE('',*,*,#4839,.T.);
#4875 = FACE_BOUND('',#4876,.F.);
#4876 = EDGE_LOOP('',(#4877));
#4877 = ORIENTED_EDGE('',*,*,#4878,.F.);
#4878 = EDGE_CURVE('',#4879,#4879,#4881,.T.);
#4879 = VERTEX_POINT('',#4880);
#4880 = CARTESIAN_POINT('',(273.3,94.,23.));
#4881 = CIRCLE('',#4882,49.);
#4882 = AXIS2_PLACEMENT_3D('',#4883,#4884,#4885);
#4883 = CARTESIAN_POINT('',(224.3,94.,23.));
#4884 = DIRECTION('',(0.,0.,1.));
#4885 = DIRECTION('',(1.,0.,-0.));
#4886 = PLANE('',#4887);
#4887 = AXIS2_PLACEMENT_3D('',#4888,#4889,#4890);
#4888 = CARTESIAN_POINT('',(224.3,94.,23.));
#4889 = DIRECTION('',(0.,0.,1.));
#4890 = DIRECTION('',(1.,0.,-0.));
#4891 = ADVANCED_FACE('',(#4892),#4903,.F.);
#4892 = FACE_BOUND('',#4893,.F.);
#4893 = EDGE_LOOP('',(#4894,#4895,#4901,#4902));
#4894 = ORIENTED_EDGE('',*,*,#4858,.F.);
#4895 = ORIENTED_EDGE('',*,*,#4896,.F.);
#4896 = EDGE_CURVE('',#4879,#4859,#4897,.T.);
#4897 = LINE('',#4898,#4899);
#4898 = CARTESIAN_POINT('',(273.3,94.,22.5));
#4899 = VECTOR('',#4900,1.);
#4900 = DIRECTION('',(0.,0.,1.));
#4901 = ORIENTED_EDGE('',*,*,#4878,.T.);
#4902 = ORIENTED_EDGE('',*,*,#4896,.T.);
#4903 = CYLINDRICAL_SURFACE('',#4904,49.);
#4904 = AXIS2_PLACEMENT_3D('',#4905,#4906,#4907);
#4905 = CARTESIAN_POINT('',(224.3,94.,22.5));
#4906 = DIRECTION('',(0.,0.,1.));
#4907 = DIRECTION('',(1.,0.,-0.));
#4908 = MANIFOLD_SOLID_BREP('',#4909);
#4909 = CLOSED_SHELL('',(#4910,#4943,#4952,#4972,#4997));
#4910 = ADVANCED_FACE('',(#4911),#4938,.T.);
#4911 = FACE_BOUND('',#4912,.T.);
#4912 = EDGE_LOOP('',(#4913,#4922,#4930,#4937));
#4913 = ORIENTED_EDGE('',*,*,#4914,.F.);
#4914 = EDGE_CURVE('',#4915,#4915,#4917,.T.);
#4915 = VERTEX_POINT('',#4916);
#4916 = CARTESIAN_POINT('',(241.8,94.,47.7));
#4917 = CIRCLE('',#4918,17.5);
#4918 = AXIS2_PLACEMENT_3D('',#4919,#4920,#4921);
#4919 = CARTESIAN_POINT('',(224.3,94.,47.7));
#4920 = DIRECTION('',(0.,0.,1.));
#4921 = DIRECTION('',(1.,0.,-0.));
#4922 = ORIENTED_EDGE('',*,*,#4923,.F.);
#4923 = EDGE_CURVE('',#4924,#4915,#4926,.T.);
#4924 = VERTEX_POINT('',#4925);
#4925 = CARTESIAN_POINT('',(273.3,94.,26.));
#4926 = LINE('',#4927,#4928);
#4927 = CARTESIAN_POINT('',(273.3,94.,26.));
#4928 = VECTOR('',#4929,1.);
#4929 = DIRECTION('',(-0.82350760101,2.017011895301E-16,0.567305236251)
  );
#4930 = ORIENTED_EDGE('',*,*,#4931,.T.);
#4931 = EDGE_CURVE('',#4924,#4924,#4932,.T.);
#4932 = CIRCLE('',#4933,49.);
#4933 = AXIS2_PLACEMENT_3D('',#4934,#4935,#4936);
#4934 = CARTESIAN_POINT('',(224.3,94.,26.));
#4935 = DIRECTION('',(0.,0.,1.));
#4936 = DIRECTION('',(1.,0.,-0.));
#4937 = ORIENTED_EDGE('',*,*,#4923,.T.);
#4938 = CONICAL_SURFACE('',#4939,49.,0.96756647387);
#4939 = AXIS2_PLACEMENT_3D('',#4940,#4941,#4942);
#4940 = CARTESIAN_POINT('',(224.3,94.,26.));
#4941 = DIRECTION('',(-0.,-0.,-1.));
#4942 = DIRECTION('',(1.,0.,-0.));
#4943 = ADVANCED_FACE('',(#4944),#4947,.T.);
#4944 = FACE_BOUND('',#4945,.T.);
#4945 = EDGE_LOOP('',(#4946));
#4946 = ORIENTED_EDGE('',*,*,#4914,.T.);
#4947 = PLANE('',#4948);
#4948 = AXIS2_PLACEMENT_3D('',#4949,#4950,#4951);
#4949 = CARTESIAN_POINT('',(224.3,94.,47.7));
#4950 = DIRECTION('',(0.,0.,1.));
#4951 = DIRECTION('',(1.,0.,-0.));
#4952 = ADVANCED_FACE('',(#4953,#4956),#4967,.F.);
#4953 = FACE_BOUND('',#4954,.F.);
#4954 = EDGE_LOOP('',(#4955));
#4955 = ORIENTED_EDGE('',*,*,#4931,.T.);
#4956 = FACE_BOUND('',#4957,.F.);
#4957 = EDGE_LOOP('',(#4958));
#4958 = ORIENTED_EDGE('',*,*,#4959,.F.);
#4959 = EDGE_CURVE('',#4960,#4960,#4962,.T.);
#4960 = VERTEX_POINT('',#4961);
#4961 = CARTESIAN_POINT('',(271.28387096774,94.,26.));
#4962 = CIRCLE('',#4963,46.983870967742);
#4963 = AXIS2_PLACEMENT_3D('',#4964,#4965,#4966);
#4964 = CARTESIAN_POINT('',(224.3,94.,26.));
#4965 = DIRECTION('',(0.,0.,1.));
#4966 = DIRECTION('',(1.,0.,-0.));
#4967 = PLANE('',#4968);
#4968 = AXIS2_PLACEMENT_3D('',#4969,#4970,#4971);
#4969 = CARTESIAN_POINT('',(224.3,94.,26.));
#4970 = DIRECTION('',(0.,0.,1.));
#4971 = DIRECTION('',(1.,0.,-0.));
#4972 = ADVANCED_FACE('',(#4973),#4992,.F.);
#4973 = FACE_BOUND('',#4974,.F.);
#4974 = EDGE_LOOP('',(#4975,#4983,#4990,#4991));
#4975 = ORIENTED_EDGE('',*,*,#4976,.T.);
#4976 = EDGE_CURVE('',#4960,#4977,#4979,.T.);
#4977 = VERTEX_POINT('',#4978);
#4978 = CARTESIAN_POINT('',(240.8,94.,47.));
#4979 = LINE('',#4980,#4981);
#4980 = CARTESIAN_POINT('',(272.3,94.,25.3));
#4981 = VECTOR('',#4982,1.);
#4982 = DIRECTION('',(-0.82350760101,2.017011895301E-16,0.567305236251)
  );
#4983 = ORIENTED_EDGE('',*,*,#4984,.F.);
#4984 = EDGE_CURVE('',#4977,#4977,#4985,.T.);
#4985 = CIRCLE('',#4986,16.5);
#4986 = AXIS2_PLACEMENT_3D('',#4987,#4988,#4989);
#4987 = CARTESIAN_POINT('',(224.3,94.,47.));
#4988 = DIRECTION('',(0.,0.,1.));
#4989 = DIRECTION('',(1.,0.,-0.));
#4990 = ORIENTED_EDGE('',*,*,#4976,.F.);
#4991 = ORIENTED_EDGE('',*,*,#4959,.T.);
#4992 = CONICAL_SURFACE('',#4993,48.,0.96756647387);
#4993 = AXIS2_PLACEMENT_3D('',#4994,#4995,#4996);
#4994 = CARTESIAN_POINT('',(224.3,94.,25.3));
#4995 = DIRECTION('',(-0.,-0.,-1.));
#4996 = DIRECTION('',(1.,0.,-0.));
#4997 = ADVANCED_FACE('',(#4998),#5001,.F.);
#4998 = FACE_BOUND('',#4999,.F.);
#4999 = EDGE_LOOP('',(#5000));
#5000 = ORIENTED_EDGE('',*,*,#4984,.T.);
#5001 = PLANE('',#5002);
#5002 = AXIS2_PLACEMENT_3D('',#5003,#5004,#5005);
#5003 = CARTESIAN_POINT('',(224.3,94.,47.));
#5004 = DIRECTION('',(0.,0.,1.));
#5005 = DIRECTION('',(1.,0.,-0.));
#5006 = MANIFOLD_SOLID_BREP('',#5007);
#5007 = CLOSED_SHELL('',(#5008,#5041,#5061,#5081));
#5008 = ADVANCED_FACE('',(#5009),#5036,.T.);
#5009 = FACE_BOUND('',#5010,.T.);
#5010 = EDGE_LOOP('',(#5011,#5020,#5028,#5035));
#5011 = ORIENTED_EDGE('',*,*,#5012,.F.);
#5012 = EDGE_CURVE('',#5013,#5013,#5015,.T.);
#5013 = VERTEX_POINT('',#5014);
#5014 = CARTESIAN_POINT('',(254.3,94.,74.));
#5015 = CIRCLE('',#5016,30.);
#5016 = AXIS2_PLACEMENT_3D('',#5017,#5018,#5019);
#5017 = CARTESIAN_POINT('',(224.3,94.,74.));
#5018 = DIRECTION('',(0.,0.,1.));
#5019 = DIRECTION('',(1.,0.,-0.));
#5020 = ORIENTED_EDGE('',*,*,#5021,.F.);
#5021 = EDGE_CURVE('',#5022,#5013,#5024,.T.);
#5022 = VERTEX_POINT('',#5023);
#5023 = CARTESIAN_POINT('',(274.3,94.,26.));
#5024 = LINE('',#5025,#5026);
#5025 = CARTESIAN_POINT('',(274.3,94.,26.));
#5026 = VECTOR('',#5027,1.);
#5027 = DIRECTION('',(-0.384615384615,9.420359993441E-17,0.923076923077)
  );
#5028 = ORIENTED_EDGE('',*,*,#5029,.T.);
#5029 = EDGE_CURVE('',#5022,#5022,#5030,.T.);
#5030 = CIRCLE('',#5031,50.);
#5031 = AXIS2_PLACEMENT_3D('',#5032,#5033,#5034);
#5032 = CARTESIAN_POINT('',(224.3,94.,26.));
#5033 = DIRECTION('',(0.,0.,1.));
#5034 = DIRECTION('',(1.,0.,-0.));
#5035 = ORIENTED_EDGE('',*,*,#5021,.T.);
#5036 = CONICAL_SURFACE('',#5037,50.,0.3947911197);
#5037 = AXIS2_PLACEMENT_3D('',#5038,#5039,#5040);
#5038 = CARTESIAN_POINT('',(224.3,94.,26.));
#5039 = DIRECTION('',(-0.,-0.,-1.));
#5040 = DIRECTION('',(1.,0.,-0.));
#5041 = ADVANCED_FACE('',(#5042,#5045),#5056,.T.);
#5042 = FACE_BOUND('',#5043,.T.);
#5043 = EDGE_LOOP('',(#5044));
#5044 = ORIENTED_EDGE('',*,*,#5012,.T.);
#5045 = FACE_BOUND('',#5046,.T.);
#5046 = EDGE_LOOP('',(#5047));
#5047 = ORIENTED_EDGE('',*,*,#5048,.F.);
#5048 = EDGE_CURVE('',#5049,#5049,#5051,.T.);
#5049 = VERTEX_POINT('',#5050);
#5050 = CARTESIAN_POINT('',(253.3,94.,74.));
#5051 = CIRCLE('',#5052,29.);
#5052 = AXIS2_PLACEMENT_3D('',#5053,#5054,#5055);
#5053 = CARTESIAN_POINT('',(224.3,94.,74.));
#5054 = DIRECTION('',(0.,0.,1.));
#5055 = DIRECTION('',(1.,0.,-0.));
#5056 = PLANE('',#5057);
#5057 = AXIS2_PLACEMENT_3D('',#5058,#5059,#5060);
#5058 = CARTESIAN_POINT('',(224.3,94.,74.));
#5059 = DIRECTION('',(0.,0.,1.));
#5060 = DIRECTION('',(1.,0.,-0.));
#5061 = ADVANCED_FACE('',(#5062,#5065),#5076,.F.);
#5062 = FACE_BOUND('',#5063,.F.);
#5063 = EDGE_LOOP('',(#5064));
#5064 = ORIENTED_EDGE('',*,*,#5029,.T.);
#5065 = FACE_BOUND('',#5066,.F.);
#5066 = EDGE_LOOP('',(#5067));
#5067 = ORIENTED_EDGE('',*,*,#5068,.F.);
#5068 = EDGE_CURVE('',#5069,#5069,#5071,.T.);
#5069 = VERTEX_POINT('',#5070);
#5070 = CARTESIAN_POINT('',(273.3,94.,26.));
#5071 = CIRCLE('',#5072,49.);
#5072 = AXIS2_PLACEMENT_3D('',#5073,#5074,#5075);
#5073 = CARTESIAN_POINT('',(224.3,94.,26.));
#5074 = DIRECTION('',(0.,0.,1.));
#5075 = DIRECTION('',(1.,0.,-0.));
#5076 = PLANE('',#5077);
#5077 = AXIS2_PLACEMENT_3D('',#5078,#5079,#5080);
#5078 = CARTESIAN_POINT('',(224.3,94.,26.));
#5079 = DIRECTION('',(0.,0.,1.));
#5080 = DIRECTION('',(1.,0.,-0.));
#5081 = ADVANCED_FACE('',(#5082),#5093,.F.);
#5082 = FACE_BOUND('',#5083,.F.);
#5083 = EDGE_LOOP('',(#5084,#5085,#5091,#5092));
#5084 = ORIENTED_EDGE('',*,*,#5048,.F.);
#5085 = ORIENTED_EDGE('',*,*,#5086,.F.);
#5086 = EDGE_CURVE('',#5069,#5049,#5087,.T.);
#5087 = LINE('',#5088,#5089);
#5088 = CARTESIAN_POINT('',(273.3,94.,26.));
#5089 = VECTOR('',#5090,1.);
#5090 = DIRECTION('',(-0.384615384615,9.420359993441E-17,0.923076923077)
  );
#5091 = ORIENTED_EDGE('',*,*,#5068,.T.);
#5092 = ORIENTED_EDGE('',*,*,#5086,.T.);
#5093 = CONICAL_SURFACE('',#5094,49.,0.3947911197);
#5094 = AXIS2_PLACEMENT_3D('',#5095,#5096,#5097);
#5095 = CARTESIAN_POINT('',(224.3,94.,26.));
#5096 = DIRECTION('',(-0.,-0.,-1.));
#5097 = DIRECTION('',(1.,0.,-0.));
#5098 = MANIFOLD_SOLID_BREP('',#5099);
#5099 = CLOSED_SHELL('',(#5100,#5133,#5142));
#5100 = ADVANCED_FACE('',(#5101),#5128,.T.);
#5101 = FACE_BOUND('',#5102,.T.);
#5102 = EDGE_LOOP('',(#5103,#5112,#5120,#5127));
#5103 = ORIENTED_EDGE('',*,*,#5104,.F.);
#5104 = EDGE_CURVE('',#5105,#5105,#5107,.T.);
#5105 = VERTEX_POINT('',#5106);
#5106 = CARTESIAN_POINT('',(254.3,94.,88.));
#5107 = CIRCLE('',#5108,30.);
#5108 = AXIS2_PLACEMENT_3D('',#5109,#5110,#5111);
#5109 = CARTESIAN_POINT('',(224.3,94.,88.));
#5110 = DIRECTION('',(0.,0.,1.));
#5111 = DIRECTION('',(1.,0.,-0.));
#5112 = ORIENTED_EDGE('',*,*,#5113,.F.);
#5113 = EDGE_CURVE('',#5114,#5105,#5116,.T.);
#5114 = VERTEX_POINT('',#5115);
#5115 = CARTESIAN_POINT('',(254.3,94.,74.));
#5116 = LINE('',#5117,#5118);
#5117 = CARTESIAN_POINT('',(254.3,94.,74.));
#5118 = VECTOR('',#5119,1.);
#5119 = DIRECTION('',(0.,0.,1.));
#5120 = ORIENTED_EDGE('',*,*,#5121,.T.);
#5121 = EDGE_CURVE('',#5114,#5114,#5122,.T.);
#5122 = CIRCLE('',#5123,30.);
#5123 = AXIS2_PLACEMENT_3D('',#5124,#5125,#5126);
#5124 = CARTESIAN_POINT('',(224.3,94.,74.));
#5125 = DIRECTION('',(0.,0.,1.));
#5126 = DIRECTION('',(1.,0.,-0.));
#5127 = ORIENTED_EDGE('',*,*,#5113,.T.);
#5128 = CYLINDRICAL_SURFACE('',#5129,30.);
#5129 = AXIS2_PLACEMENT_3D('',#5130,#5131,#5132);
#5130 = CARTESIAN_POINT('',(224.3,94.,74.));
#5131 = DIRECTION('',(0.,0.,1.));
#5132 = DIRECTION('',(1.,0.,-0.));
#5133 = ADVANCED_FACE('',(#5134),#5137,.T.);
#5134 = FACE_BOUND('',#5135,.T.);
#5135 = EDGE_LOOP('',(#5136));
#5136 = ORIENTED_EDGE('',*,*,#5104,.T.);
#5137 = PLANE('',#5138);
#5138 = AXIS2_PLACEMENT_3D('',#5139,#5140,#5141);
#5139 = CARTESIAN_POINT('',(224.3,94.,88.));
#5140 = DIRECTION('',(0.,0.,1.));
#5141 = DIRECTION('',(1.,0.,-0.));
#5142 = ADVANCED_FACE('',(#5143),#5146,.F.);
#5143 = FACE_BOUND('',#5144,.T.);
#5144 = EDGE_LOOP('',(#5145));
#5145 = ORIENTED_EDGE('',*,*,#5121,.F.);
#5146 = PLANE('',#5147);
#5147 = AXIS2_PLACEMENT_3D('',#5148,#5149,#5150);
#5148 = CARTESIAN_POINT('',(224.3,94.,74.));
#5149 = DIRECTION('',(0.,0.,1.));
#5150 = DIRECTION('',(1.,0.,-0.));
#5151 = ( GEOMETRIC_REPRESENTATION_CONTEXT(3) 
GLOBAL_UNCERTAINTY_ASSIGNED_CONTEXT((#5155)) 
GLOBAL_UNIT_ASSIGNED_CONTEXT((#5152,#5153,#5154)) REPRESENTATION_CONTEXT
('Context #1','3D Context with UNIT and UNCERTAINTY') );
#5152 = ( LENGTH_UNIT() NAMED_UNIT(*) SI_UNIT(.MILLI.,.METRE.) );
#5153 = ( NAMED_UNIT(*) PLANE_ANGLE_UNIT() SI_UNIT($,.RADIAN.) );
#5154 = ( NAMED_UNIT(*) SI_UNIT($,.STERADIAN.) SOLID_ANGLE_UNIT() );
#5155 = UNCERTAINTY_MEASURE_WITH_UNIT(LENGTH_MEASURE(1.E-07),#5152,
  'distance_accuracy_value','confusion accuracy');
#5156 = CONTEXT_DEPENDENT_SHAPE_REPRESENTATION(#5157,#5159);
#5157 = ( REPRESENTATION_RELATIONSHIP('','',#4815,#10) 
REPRESENTATION_RELATIONSHIP_WITH_TRANSFORMATION(#5158) 
SHAPE_REPRESENTATION_RELATIONSHIP() );
#5158 = ITEM_DEFINED_TRANSFORMATION('','',#11,#111);
#5159 = PRODUCT_DEFINITION_SHAPE('Placement','Placement of an item',
  #5160);
#5160 = NEXT_ASSEMBLY_USAGE_OCCURRENCE('25',
  '中央低音 · 朝下安装占位','',#5,#4810,$);
#5161 = PRODUCT_RELATED_PRODUCT_CATEGORY('part',$,(#4812));
#5162 = SHAPE_DEFINITION_REPRESENTATION(#5163,#5169);
#5163 = PRODUCT_DEFINITION_SHAPE('','',#5164);
#5164 = PRODUCT_DEFINITION('design','',#5165,#5168);
#5165 = PRODUCT_DEFINITION_FORMATION('','',#5166);
#5166 = PRODUCT('后部隔振承托梁','后部隔振承托梁','',(
    #5167));
#5167 = PRODUCT_CONTEXT('',#2,'mechanical');
#5168 = PRODUCT_DEFINITION_CONTEXT('part definition',#2,'design');
#5169 = ADVANCED_BREP_SHAPE_REPRESENTATION('',(#11,#5170),#5320);
#5170 = MANIFOLD_SOLID_BREP('',#5171);
#5171 = CLOSED_SHELL('',(#5172,#5212,#5252,#5274,#5296,#5308));
#5172 = ADVANCED_FACE('',(#5173),#5207,.F.);
#5173 = FACE_BOUND('',#5174,.F.);
#5174 = EDGE_LOOP('',(#5175,#5185,#5193,#5201));
#5175 = ORIENTED_EDGE('',*,*,#5176,.F.);
#5176 = EDGE_CURVE('',#5177,#5179,#5181,.T.);
#5177 = VERTEX_POINT('',#5178);
#5178 = CARTESIAN_POINT('',(20.,280.,128.));
#5179 = VERTEX_POINT('',#5180);
#5180 = CARTESIAN_POINT('',(20.,280.,136.));
#5181 = LINE('',#5182,#5183);
#5182 = CARTESIAN_POINT('',(20.,280.,128.));
#5183 = VECTOR('',#5184,1.);
#5184 = DIRECTION('',(0.,0.,1.));
#5185 = ORIENTED_EDGE('',*,*,#5186,.T.);
#5186 = EDGE_CURVE('',#5177,#5187,#5189,.T.);
#5187 = VERTEX_POINT('',#5188);
#5188 = CARTESIAN_POINT('',(20.,310.,128.));
#5189 = LINE('',#5190,#5191);
#5190 = CARTESIAN_POINT('',(20.,280.,128.));
#5191 = VECTOR('',#5192,1.);
#5192 = DIRECTION('',(-0.,1.,0.));
#5193 = ORIENTED_EDGE('',*,*,#5194,.T.);
#5194 = EDGE_CURVE('',#5187,#5195,#5197,.T.);
#5195 = VERTEX_POINT('',#5196);
#5196 = CARTESIAN_POINT('',(20.,310.,136.));
#5197 = LINE('',#5198,#5199);
#5198 = CARTESIAN_POINT('',(20.,310.,128.));
#5199 = VECTOR('',#5200,1.);
#5200 = DIRECTION('',(0.,0.,1.));
#5201 = ORIENTED_EDGE('',*,*,#5202,.F.);
#5202 = EDGE_CURVE('',#5179,#5195,#5203,.T.);
#5203 = LINE('',#5204,#5205);
#5204 = CARTESIAN_POINT('',(20.,280.,136.));
#5205 = VECTOR('',#5206,1.);
#5206 = DIRECTION('',(-0.,1.,0.));
#5207 = PLANE('',#5208);
#5208 = AXIS2_PLACEMENT_3D('',#5209,#5210,#5211);
#5209 = CARTESIAN_POINT('',(20.,280.,128.));
#5210 = DIRECTION('',(1.,0.,-0.));
#5211 = DIRECTION('',(0.,0.,1.));
#5212 = ADVANCED_FACE('',(#5213),#5247,.T.);
#5213 = FACE_BOUND('',#5214,.T.);
#5214 = EDGE_LOOP('',(#5215,#5225,#5233,#5241));
#5215 = ORIENTED_EDGE('',*,*,#5216,.F.);
#5216 = EDGE_CURVE('',#5217,#5219,#5221,.T.);
#5217 = VERTEX_POINT('',#5218);
#5218 = CARTESIAN_POINT('',(428.6,280.,128.));
#5219 = VERTEX_POINT('',#5220);
#5220 = CARTESIAN_POINT('',(428.6,280.,136.));
#5221 = LINE('',#5222,#5223);
#5222 = CARTESIAN_POINT('',(428.6,280.,128.));
#5223 = VECTOR('',#5224,1.);
#5224 = DIRECTION('',(0.,0.,1.));
#5225 = ORIENTED_EDGE('',*,*,#5226,.T.);
#5226 = EDGE_CURVE('',#5217,#5227,#5229,.T.);
#5227 = VERTEX_POINT('',#5228);
#5228 = CARTESIAN_POINT('',(428.6,310.,128.));
#5229 = LINE('',#5230,#5231);
#5230 = CARTESIAN_POINT('',(428.6,280.,128.));
#5231 = VECTOR('',#5232,1.);
#5232 = DIRECTION('',(-0.,1.,0.));
#5233 = ORIENTED_EDGE('',*,*,#5234,.T.);
#5234 = EDGE_CURVE('',#5227,#5235,#5237,.T.);
#5235 = VERTEX_POINT('',#5236);
#5236 = CARTESIAN_POINT('',(428.6,310.,136.));
#5237 = LINE('',#5238,#5239);
#5238 = CARTESIAN_POINT('',(428.6,310.,128.));
#5239 = VECTOR('',#5240,1.);
#5240 = DIRECTION('',(0.,0.,1.));
#5241 = ORIENTED_EDGE('',*,*,#5242,.F.);
#5242 = EDGE_CURVE('',#5219,#5235,#5243,.T.);
#5243 = LINE('',#5244,#5245);
#5244 = CARTESIAN_POINT('',(428.6,280.,136.));
#5245 = VECTOR('',#5246,1.);
#5246 = DIRECTION('',(-0.,1.,0.));
#5247 = PLANE('',#5248);
#5248 = AXIS2_PLACEMENT_3D('',#5249,#5250,#5251);
#5249 = CARTESIAN_POINT('',(428.6,280.,128.));
#5250 = DIRECTION('',(1.,0.,-0.));
#5251 = DIRECTION('',(0.,0.,1.));
#5252 = ADVANCED_FACE('',(#5253),#5269,.F.);
#5253 = FACE_BOUND('',#5254,.F.);
#5254 = EDGE_LOOP('',(#5255,#5261,#5262,#5268));
#5255 = ORIENTED_EDGE('',*,*,#5256,.F.);
#5256 = EDGE_CURVE('',#5177,#5217,#5257,.T.);
#5257 = LINE('',#5258,#5259);
#5258 = CARTESIAN_POINT('',(20.,280.,128.));
#5259 = VECTOR('',#5260,1.);
#5260 = DIRECTION('',(1.,0.,-0.));
#5261 = ORIENTED_EDGE('',*,*,#5176,.T.);
#5262 = ORIENTED_EDGE('',*,*,#5263,.T.);
#5263 = EDGE_CURVE('',#5179,#5219,#5264,.T.);
#5264 = LINE('',#5265,#5266);
#5265 = CARTESIAN_POINT('',(20.,280.,136.));
#5266 = VECTOR('',#5267,1.);
#5267 = DIRECTION('',(1.,0.,-0.));
#5268 = ORIENTED_EDGE('',*,*,#5216,.F.);
#5269 = PLANE('',#5270);
#5270 = AXIS2_PLACEMENT_3D('',#5271,#5272,#5273);
#5271 = CARTESIAN_POINT('',(20.,280.,128.));
#5272 = DIRECTION('',(-0.,1.,0.));
#5273 = DIRECTION('',(0.,0.,1.));
#5274 = ADVANCED_FACE('',(#5275),#5291,.T.);
#5275 = FACE_BOUND('',#5276,.T.);
#5276 = EDGE_LOOP('',(#5277,#5283,#5284,#5290));
#5277 = ORIENTED_EDGE('',*,*,#5278,.F.);
#5278 = EDGE_CURVE('',#5187,#5227,#5279,.T.);
#5279 = LINE('',#5280,#5281);
#5280 = CARTESIAN_POINT('',(20.,310.,128.));
#5281 = VECTOR('',#5282,1.);
#5282 = DIRECTION('',(1.,0.,-0.));
#5283 = ORIENTED_EDGE('',*,*,#5194,.T.);
#5284 = ORIENTED_EDGE('',*,*,#5285,.T.);
#5285 = EDGE_CURVE('',#5195,#5235,#5286,.T.);
#5286 = LINE('',#5287,#5288);
#5287 = CARTESIAN_POINT('',(20.,310.,136.));
#5288 = VECTOR('',#5289,1.);
#5289 = DIRECTION('',(1.,0.,-0.));
#5290 = ORIENTED_EDGE('',*,*,#5234,.F.);
#5291 = PLANE('',#5292);
#5292 = AXIS2_PLACEMENT_3D('',#5293,#5294,#5295);
#5293 = CARTESIAN_POINT('',(20.,310.,128.));
#5294 = DIRECTION('',(-0.,1.,0.));
#5295 = DIRECTION('',(0.,0.,1.));
#5296 = ADVANCED_FACE('',(#5297),#5303,.F.);
#5297 = FACE_BOUND('',#5298,.F.);
#5298 = EDGE_LOOP('',(#5299,#5300,#5301,#5302));
#5299 = ORIENTED_EDGE('',*,*,#5186,.F.);
#5300 = ORIENTED_EDGE('',*,*,#5256,.T.);
#5301 = ORIENTED_EDGE('',*,*,#5226,.T.);
#5302 = ORIENTED_EDGE('',*,*,#5278,.F.);
#5303 = PLANE('',#5304);
#5304 = AXIS2_PLACEMENT_3D('',#5305,#5306,#5307);
#5305 = CARTESIAN_POINT('',(20.,280.,128.));
#5306 = DIRECTION('',(0.,0.,1.));
#5307 = DIRECTION('',(1.,0.,-0.));
#5308 = ADVANCED_FACE('',(#5309),#5315,.T.);
#5309 = FACE_BOUND('',#5310,.T.);
#5310 = EDGE_LOOP('',(#5311,#5312,#5313,#5314));
#5311 = ORIENTED_EDGE('',*,*,#5202,.F.);
#5312 = ORIENTED_EDGE('',*,*,#5263,.T.);
#5313 = ORIENTED_EDGE('',*,*,#5242,.T.);
#5314 = ORIENTED_EDGE('',*,*,#5285,.F.);
#5315 = PLANE('',#5316);
#5316 = AXIS2_PLACEMENT_3D('',#5317,#5318,#5319);
#5317 = CARTESIAN_POINT('',(20.,280.,136.));
#5318 = DIRECTION('',(0.,0.,1.));
#5319 = DIRECTION('',(1.,0.,-0.));
#5320 = ( GEOMETRIC_REPRESENTATION_CONTEXT(3) 
GLOBAL_UNCERTAINTY_ASSIGNED_CONTEXT((#5324)) 
GLOBAL_UNIT_ASSIGNED_CONTEXT((#5321,#5322,#5323)) REPRESENTATION_CONTEXT
('Context #1','3D Context with UNIT and UNCERTAINTY') );
#5321 = ( LENGTH_UNIT() NAMED_UNIT(*) SI_UNIT(.MILLI.,.METRE.) );
#5322 = ( NAMED_UNIT(*) PLANE_ANGLE_UNIT() SI_UNIT($,.RADIAN.) );
#5323 = ( NAMED_UNIT(*) SI_UNIT($,.STERADIAN.) SOLID_ANGLE_UNIT() );
#5324 = UNCERTAINTY_MEASURE_WITH_UNIT(LENGTH_MEASURE(1.E-07),#5321,
  'distance_accuracy_value','confusion accuracy');
#5325 = CONTEXT_DEPENDENT_SHAPE_REPRESENTATION(#5326,#5328);
#5326 = ( REPRESENTATION_RELATIONSHIP('','',#5169,#10) 
REPRESENTATION_RELATIONSHIP_WITH_TRANSFORMATION(#5327) 
SHAPE_REPRESENTATION_RELATIONSHIP() );
#5327 = ITEM_DEFINED_TRANSFORMATION('','',#11,#115);
#5328 = PRODUCT_DEFINITION_SHAPE('Placement','Placement of an item',
  #5329);
#5329 = NEXT_ASSEMBLY_USAGE_OCCURRENCE('26','后部隔振承托梁','',
  #5,#5164,$);
#5330 = PRODUCT_RELATED_PRODUCT_CATEGORY('part',$,(#5166));
#5331 = SHAPE_DEFINITION_REPRESENTATION(#5332,#5338);
#5332 = PRODUCT_DEFINITION_SHAPE('','',#5333);
#5333 = PRODUCT_DEFINITION('design','',#5334,#5337);
#5334 = PRODUCT_DEFINITION_FORMATION('','',#5335);
#5335 = PRODUCT('弹性支承 1（刚度待定）',
  '弹性支承 1（刚度待定）','',(#5336));
#5336 = PRODUCT_CONTEXT('',#2,'mechanical');
#5337 = PRODUCT_DEFINITION_CONTEXT('part definition',#2,'design');
#5338 = ADVANCED_BREP_SHAPE_REPRESENTATION('',(#11,#5339),#5392);
#5339 = MANIFOLD_SOLID_BREP('',#5340);
#5340 = CLOSED_SHELL('',(#5341,#5374,#5383));
#5341 = ADVANCED_FACE('',(#5342),#5369,.T.);
#5342 = FACE_BOUND('',#5343,.T.);
#5343 = EDGE_LOOP('',(#5344,#5353,#5361,#5368));
#5344 = ORIENTED_EDGE('',*,*,#5345,.F.);
#5345 = EDGE_CURVE('',#5346,#5346,#5348,.T.);
#5346 = VERTEX_POINT('',#5347);
#5347 = CARTESIAN_POINT('',(52.,100.,144.));
#5348 = CIRCLE('',#5349,8.);
#5349 = AXIS2_PLACEMENT_3D('',#5350,#5351,#5352);
#5350 = CARTESIAN_POINT('',(44.,100.,144.));
#5351 = DIRECTION('',(0.,0.,1.));
#5352 = DIRECTION('',(1.,0.,-0.));
#5353 = ORIENTED_EDGE('',*,*,#5354,.F.);
#5354 = EDGE_CURVE('',#5355,#5346,#5357,.T.);
#5355 = VERTEX_POINT('',#5356);
#5356 = CARTESIAN_POINT('',(52.,100.,136.));
#5357 = LINE('',#5358,#5359);
#5358 = CARTESIAN_POINT('',(52.,100.,136.));
#5359 = VECTOR('',#5360,1.);
#5360 = DIRECTION('',(0.,0.,1.));
#5361 = ORIENTED_EDGE('',*,*,#5362,.T.);
#5362 = EDGE_CURVE('',#5355,#5355,#5363,.T.);
#5363 = CIRCLE('',#5364,8.);
#5364 = AXIS2_PLACEMENT_3D('',#5365,#5366,#5367);
#5365 = CARTESIAN_POINT('',(44.,100.,136.));
#5366 = DIRECTION('',(0.,0.,1.));
#5367 = DIRECTION('',(1.,0.,-0.));
#5368 = ORIENTED_EDGE('',*,*,#5354,.T.);
#5369 = CYLINDRICAL_SURFACE('',#5370,8.);
#5370 = AXIS2_PLACEMENT_3D('',#5371,#5372,#5373);
#5371 = CARTESIAN_POINT('',(44.,100.,136.));
#5372 = DIRECTION('',(0.,0.,1.));
#5373 = DIRECTION('',(1.,0.,-0.));
#5374 = ADVANCED_FACE('',(#5375),#5378,.T.);
#5375 = FACE_BOUND('',#5376,.T.);
#5376 = EDGE_LOOP('',(#5377));
#5377 = ORIENTED_EDGE('',*,*,#5345,.T.);
#5378 = PLANE('',#5379);
#5379 = AXIS2_PLACEMENT_3D('',#5380,#5381,#5382);
#5380 = CARTESIAN_POINT('',(44.,100.,144.));
#5381 = DIRECTION('',(0.,0.,1.));
#5382 = DIRECTION('',(1.,0.,-0.));
#5383 = ADVANCED_FACE('',(#5384),#5387,.F.);
#5384 = FACE_BOUND('',#5385,.T.);
#5385 = EDGE_LOOP('',(#5386));
#5386 = ORIENTED_EDGE('',*,*,#5362,.F.);
#5387 = PLANE('',#5388);
#5388 = AXIS2_PLACEMENT_3D('',#5389,#5390,#5391);
#5389 = CARTESIAN_POINT('',(44.,100.,136.));
#5390 = DIRECTION('',(0.,0.,1.));
#5391 = DIRECTION('',(1.,0.,-0.));
#5392 = ( GEOMETRIC_REPRESENTATION_CONTEXT(3) 
GLOBAL_UNCERTAINTY_ASSIGNED_CONTEXT((#5396)) 
GLOBAL_UNIT_ASSIGNED_CONTEXT((#5393,#5394,#5395)) REPRESENTATION_CONTEXT
('Context #1','3D Context with UNIT and UNCERTAINTY') );
#5393 = ( LENGTH_UNIT() NAMED_UNIT(*) SI_UNIT(.MILLI.,.METRE.) );
#5394 = ( NAMED_UNIT(*) PLANE_ANGLE_UNIT() SI_UNIT($,.RADIAN.) );
#5395 = ( NAMED_UNIT(*) SI_UNIT($,.STERADIAN.) SOLID_ANGLE_UNIT() );
#5396 = UNCERTAINTY_MEASURE_WITH_UNIT(LENGTH_MEASURE(1.E-07),#5393,
  'distance_accuracy_value','confusion accuracy');
#5397 = CONTEXT_DEPENDENT_SHAPE_REPRESENTATION(#5398,#5400);
#5398 = ( REPRESENTATION_RELATIONSHIP('','',#5338,#10) 
REPRESENTATION_RELATIONSHIP_WITH_TRANSFORMATION(#5399) 
SHAPE_REPRESENTATION_RELATIONSHIP() );
#5399 = ITEM_DEFINED_TRANSFORMATION('','',#11,#119);
#5400 = PRODUCT_DEFINITION_SHAPE('Placement','Placement of an item',
  #5401);
#5401 = NEXT_ASSEMBLY_USAGE_OCCURRENCE('27',
  '弹性支承 1（刚度待定）','',#5,#5333,$);
#5402 = PRODUCT_RELATED_PRODUCT_CATEGORY('part',$,(#5335));
#5403 = SHAPE_DEFINITION_REPRESENTATION(#5404,#5410);
#5404 = PRODUCT_DEFINITION_SHAPE('','',#5405);
#5405 = PRODUCT_DEFINITION('design','',#5406,#5409);
#5406 = PRODUCT_DEFINITION_FORMATION('','',#5407);
#5407 = PRODUCT('弹性支承 2（刚度待定）',
  '弹性支承 2（刚度待定）','',(#5408));
#5408 = PRODUCT_CONTEXT('',#2,'mechanical');
#5409 = PRODUCT_DEFINITION_CONTEXT('part definition',#2,'design');
#5410 = ADVANCED_BREP_SHAPE_REPRESENTATION('',(#11,#5411),#5464);
#5411 = MANIFOLD_SOLID_BREP('',#5412);
#5412 = CLOSED_SHELL('',(#5413,#5446,#5455));
#5413 = ADVANCED_FACE('',(#5414),#5441,.T.);
#5414 = FACE_BOUND('',#5415,.T.);
#5415 = EDGE_LOOP('',(#5416,#5425,#5433,#5440));
#5416 = ORIENTED_EDGE('',*,*,#5417,.F.);
#5417 = EDGE_CURVE('',#5418,#5418,#5420,.T.);
#5418 = VERTEX_POINT('',#5419);
#5419 = CARTESIAN_POINT('',(412.6,100.,144.));
#5420 = CIRCLE('',#5421,8.);
#5421 = AXIS2_PLACEMENT_3D('',#5422,#5423,#5424);
#5422 = CARTESIAN_POINT('',(404.6,100.,144.));
#5423 = DIRECTION('',(0.,0.,1.));
#5424 = DIRECTION('',(1.,0.,-0.));
#5425 = ORIENTED_EDGE('',*,*,#5426,.F.);
#5426 = EDGE_CURVE('',#5427,#5418,#5429,.T.);
#5427 = VERTEX_POINT('',#5428);
#5428 = CARTESIAN_POINT('',(412.6,100.,136.));
#5429 = LINE('',#5430,#5431);
#5430 = CARTESIAN_POINT('',(412.6,100.,136.));
#5431 = VECTOR('',#5432,1.);
#5432 = DIRECTION('',(0.,0.,1.));
#5433 = ORIENTED_EDGE('',*,*,#5434,.T.);
#5434 = EDGE_CURVE('',#5427,#5427,#5435,.T.);
#5435 = CIRCLE('',#5436,8.);
#5436 = AXIS2_PLACEMENT_3D('',#5437,#5438,#5439);
#5437 = CARTESIAN_POINT('',(404.6,100.,136.));
#5438 = DIRECTION('',(0.,0.,1.));
#5439 = DIRECTION('',(1.,0.,-0.));
#5440 = ORIENTED_EDGE('',*,*,#5426,.T.);
#5441 = CYLINDRICAL_SURFACE('',#5442,8.);
#5442 = AXIS2_PLACEMENT_3D('',#5443,#5444,#5445);
#5443 = CARTESIAN_POINT('',(404.6,100.,136.));
#5444 = DIRECTION('',(0.,0.,1.));
#5445 = DIRECTION('',(1.,0.,-0.));
#5446 = ADVANCED_FACE('',(#5447),#5450,.T.);
#5447 = FACE_BOUND('',#5448,.T.);
#5448 = EDGE_LOOP('',(#5449));
#5449 = ORIENTED_EDGE('',*,*,#5417,.T.);
#5450 = PLANE('',#5451);
#5451 = AXIS2_PLACEMENT_3D('',#5452,#5453,#5454);
#5452 = CARTESIAN_POINT('',(404.6,100.,144.));
#5453 = DIRECTION('',(0.,0.,1.));
#5454 = DIRECTION('',(1.,0.,-0.));
#5455 = ADVANCED_FACE('',(#5456),#5459,.F.);
#5456 = FACE_BOUND('',#5457,.T.);
#5457 = EDGE_LOOP('',(#5458));
#5458 = ORIENTED_EDGE('',*,*,#5434,.F.);
#5459 = PLANE('',#5460);
#5460 = AXIS2_PLACEMENT_3D('',#5461,#5462,#5463);
#5461 = CARTESIAN_POINT('',(404.6,100.,136.));
#5462 = DIRECTION('',(0.,0.,1.));
#5463 = DIRECTION('',(1.,0.,-0.));
#5464 = ( GEOMETRIC_REPRESENTATION_CONTEXT(3) 
GLOBAL_UNCERTAINTY_ASSIGNED_CONTEXT((#5468)) 
GLOBAL_UNIT_ASSIGNED_CONTEXT((#5465,#5466,#5467)) REPRESENTATION_CONTEXT
('Context #1','3D Context with UNIT and UNCERTAINTY') );
#5465 = ( LENGTH_UNIT() NAMED_UNIT(*) SI_UNIT(.MILLI.,.METRE.) );
#5466 = ( NAMED_UNIT(*) PLANE_ANGLE_UNIT() SI_UNIT($,.RADIAN.) );
#5467 = ( NAMED_UNIT(*) SI_UNIT($,.STERADIAN.) SOLID_ANGLE_UNIT() );
#5468 = UNCERTAINTY_MEASURE_WITH_UNIT(LENGTH_MEASURE(1.E-07),#5465,
  'distance_accuracy_value','confusion accuracy');
#5469 = CONTEXT_DEPENDENT_SHAPE_REPRESENTATION(#5470,#5472);
#5470 = ( REPRESENTATION_RELATIONSHIP('','',#5410,#10) 
REPRESENTATION_RELATIONSHIP_WITH_TRANSFORMATION(#5471) 
SHAPE_REPRESENTATION_RELATIONSHIP() );
#5471 = ITEM_DEFINED_TRANSFORMATION('','',#11,#123);
#5472 = PRODUCT_DEFINITION_SHAPE('Placement','Placement of an item',
  #5473);
#5473 = NEXT_ASSEMBLY_USAGE_OCCURRENCE('28',
  '弹性支承 2（刚度待定）','',#5,#5405,$);
#5474 = PRODUCT_RELATED_PRODUCT_CATEGORY('part',$,(#5407));
#5475 = SHAPE_DEFINITION_REPRESENTATION(#5476,#5482);
#5476 = PRODUCT_DEFINITION_SHAPE('','',#5477);
#5477 = PRODUCT_DEFINITION('design','',#5478,#5481);
#5478 = PRODUCT_DEFINITION_FORMATION('','',#5479);
#5479 = PRODUCT('弹性支承 3（刚度待定）',
  '弹性支承 3（刚度待定）','',(#5480));
#5480 = PRODUCT_CONTEXT('',#2,'mechanical');
#5481 = PRODUCT_DEFINITION_CONTEXT('part definition',#2,'design');
#5482 = ADVANCED_BREP_SHAPE_REPRESENTATION('',(#11,#5483),#5536);
#5483 = MANIFOLD_SOLID_BREP('',#5484);
#5484 = CLOSED_SHELL('',(#5485,#5518,#5527));
#5485 = ADVANCED_FACE('',(#5486),#5513,.T.);
#5486 = FACE_BOUND('',#5487,.T.);
#5487 = EDGE_LOOP('',(#5488,#5497,#5505,#5512));
#5488 = ORIENTED_EDGE('',*,*,#5489,.F.);
#5489 = EDGE_CURVE('',#5490,#5490,#5492,.T.);
#5490 = VERTEX_POINT('',#5491);
#5491 = CARTESIAN_POINT('',(232.3,295.,144.));
#5492 = CIRCLE('',#5493,8.);
#5493 = AXIS2_PLACEMENT_3D('',#5494,#5495,#5496);
#5494 = CARTESIAN_POINT('',(224.3,295.,144.));
#5495 = DIRECTION('',(0.,0.,1.));
#5496 = DIRECTION('',(1.,0.,-0.));
#5497 = ORIENTED_EDGE('',*,*,#5498,.F.);
#5498 = EDGE_CURVE('',#5499,#5490,#5501,.T.);
#5499 = VERTEX_POINT('',#5500);
#5500 = CARTESIAN_POINT('',(232.3,295.,136.));
#5501 = LINE('',#5502,#5503);
#5502 = CARTESIAN_POINT('',(232.3,295.,136.));
#5503 = VECTOR('',#5504,1.);
#5504 = DIRECTION('',(0.,0.,1.));
#5505 = ORIENTED_EDGE('',*,*,#5506,.T.);
#5506 = EDGE_CURVE('',#5499,#5499,#5507,.T.);
#5507 = CIRCLE('',#5508,8.);
#5508 = AXIS2_PLACEMENT_3D('',#5509,#5510,#5511);
#5509 = CARTESIAN_POINT('',(224.3,295.,136.));
#5510 = DIRECTION('',(0.,0.,1.));
#5511 = DIRECTION('',(1.,0.,-0.));
#5512 = ORIENTED_EDGE('',*,*,#5498,.T.);
#5513 = CYLINDRICAL_SURFACE('',#5514,8.);
#5514 = AXIS2_PLACEMENT_3D('',#5515,#5516,#5517);
#5515 = CARTESIAN_POINT('',(224.3,295.,136.));
#5516 = DIRECTION('',(0.,0.,1.));
#5517 = DIRECTION('',(1.,0.,-0.));
#5518 = ADVANCED_FACE('',(#5519),#5522,.T.);
#5519 = FACE_BOUND('',#5520,.T.);
#5520 = EDGE_LOOP('',(#5521));
#5521 = ORIENTED_EDGE('',*,*,#5489,.T.);
#5522 = PLANE('',#5523);
#5523 = AXIS2_PLACEMENT_3D('',#5524,#5525,#5526);
#5524 = CARTESIAN_POINT('',(224.3,295.,144.));
#5525 = DIRECTION('',(0.,0.,1.));
#5526 = DIRECTION('',(1.,0.,-0.));
#5527 = ADVANCED_FACE('',(#5528),#5531,.F.);
#5528 = FACE_BOUND('',#5529,.T.);
#5529 = EDGE_LOOP('',(#5530));
#5530 = ORIENTED_EDGE('',*,*,#5506,.F.);
#5531 = PLANE('',#5532);
#5532 = AXIS2_PLACEMENT_3D('',#5533,#5534,#5535);
#5533 = CARTESIAN_POINT('',(224.3,295.,136.));
#5534 = DIRECTION('',(0.,0.,1.));
#5535 = DIRECTION('',(1.,0.,-0.));
#5536 = ( GEOMETRIC_REPRESENTATION_CONTEXT(3) 
GLOBAL_UNCERTAINTY_ASSIGNED_CONTEXT((#5540)) 
GLOBAL_UNIT_ASSIGNED_CONTEXT((#5537,#5538,#5539)) REPRESENTATION_CONTEXT
('Context #1','3D Context with UNIT and UNCERTAINTY') );
#5537 = ( LENGTH_UNIT() NAMED_UNIT(*) SI_UNIT(.MILLI.,.METRE.) );
#5538 = ( NAMED_UNIT(*) PLANE_ANGLE_UNIT() SI_UNIT($,.RADIAN.) );
#5539 = ( NAMED_UNIT(*) SI_UNIT($,.STERADIAN.) SOLID_ANGLE_UNIT() );
#5540 = UNCERTAINTY_MEASURE_WITH_UNIT(LENGTH_MEASURE(1.E-07),#5537,
  'distance_accuracy_value','confusion accuracy');
#5541 = CONTEXT_DEPENDENT_SHAPE_REPRESENTATION(#5542,#5544);
#5542 = ( REPRESENTATION_RELATIONSHIP('','',#5482,#10) 
REPRESENTATION_RELATIONSHIP_WITH_TRANSFORMATION(#5543) 
SHAPE_REPRESENTATION_RELATIONSHIP() );
#5543 = ITEM_DEFINED_TRANSFORMATION('','',#11,#127);
#5544 = PRODUCT_DEFINITION_SHAPE('Placement','Placement of an item',
  #5545);
#5545 = NEXT_ASSEMBLY_USAGE_OCCURRENCE('29',
  '弹性支承 3（刚度待定）','',#5,#5477,$);
#5546 = PRODUCT_RELATED_PRODUCT_CATEGORY('part',$,(#5479));
#5547 = SHAPE_DEFINITION_REPRESENTATION(#5548,#5554);
#5548 = PRODUCT_DEFINITION_SHAPE('','',#5549);
#5549 = PRODUCT_DEFINITION('design','',#5550,#5553);
#5550 = PRODUCT_DEFINITION_FORMATION('','',#5551);
#5551 = PRODUCT('唱盘与唱臂共用浮动底板',
  '唱盘与唱臂共用浮动底板','',(#5552));
#5552 = PRODUCT_CONTEXT('',#2,'mechanical');
#5553 = PRODUCT_DEFINITION_CONTEXT('part definition',#2,'design');
#5554 = ADVANCED_BREP_SHAPE_REPRESENTATION('',(#11,#5555),#5744);
#5555 = MANIFOLD_SOLID_BREP('',#5556);
#5556 = CLOSED_SHELL('',(#5557,#5597,#5628,#5663,#5687,#5715,#5727));
#5557 = ADVANCED_FACE('',(#5558),#5592,.F.);
#5558 = FACE_BOUND('',#5559,.F.);
#5559 = EDGE_LOOP('',(#5560,#5570,#5578,#5586));
#5560 = ORIENTED_EDGE('',*,*,#5561,.F.);
#5561 = EDGE_CURVE('',#5562,#5564,#5566,.T.);
#5562 = VERTEX_POINT('',#5563);
#5563 = CARTESIAN_POINT('',(16.,8.,144.));
#5564 = VERTEX_POINT('',#5565);
#5565 = CARTESIAN_POINT('',(16.,8.,150.));
#5566 = LINE('',#5567,#5568);
#5567 = CARTESIAN_POINT('',(16.,8.,144.));
#5568 = VECTOR('',#5569,1.);
#5569 = DIRECTION('',(0.,0.,1.));
#5570 = ORIENTED_EDGE('',*,*,#5571,.T.);
#5571 = EDGE_CURVE('',#5562,#5572,#5574,.T.);
#5572 = VERTEX_POINT('',#5573);
#5573 = CARTESIAN_POINT('',(16.,317.5,144.));
#5574 = LINE('',#5575,#5576);
#5575 = CARTESIAN_POINT('',(16.,8.,144.));
#5576 = VECTOR('',#5577,1.);
#5577 = DIRECTION('',(-0.,1.,0.));
#5578 = ORIENTED_EDGE('',*,*,#5579,.T.);
#5579 = EDGE_CURVE('',#5572,#5580,#5582,.T.);
#5580 = VERTEX_POINT('',#5581);
#5581 = CARTESIAN_POINT('',(16.,317.5,150.));
#5582 = LINE('',#5583,#5584);
#5583 = CARTESIAN_POINT('',(16.,317.5,144.));
#5584 = VECTOR('',#5585,1.);
#5585 = DIRECTION('',(0.,0.,1.));
#5586 = ORIENTED_EDGE('',*,*,#5587,.F.);
#5587 = EDGE_CURVE('',#5564,#5580,#5588,.T.);
#5588 = LINE('',#5589,#5590);
#5589 = CARTESIAN_POINT('',(16.,8.,150.));
#5590 = VECTOR('',#5591,1.);
#5591 = DIRECTION('',(-0.,1.,0.));
#5592 = PLANE('',#5593);
#5593 = AXIS2_PLACEMENT_3D('',#5594,#5595,#5596);
#5594 = CARTESIAN_POINT('',(16.,8.,144.));
#5595 = DIRECTION('',(1.,0.,-0.));
#5596 = DIRECTION('',(0.,0.,1.));
#5597 = ADVANCED_FACE('',(#5598),#5623,.F.);
#5598 = FACE_BOUND('',#5599,.F.);
#5599 = EDGE_LOOP('',(#5600,#5608,#5609,#5617));
#5600 = ORIENTED_EDGE('',*,*,#5601,.F.);
#5601 = EDGE_CURVE('',#5562,#5602,#5604,.T.);
#5602 = VERTEX_POINT('',#5603);
#5603 = CARTESIAN_POINT('',(432.6,8.,144.));
#5604 = LINE('',#5605,#5606);
#5605 = CARTESIAN_POINT('',(16.,8.,144.));
#5606 = VECTOR('',#5607,1.);
#5607 = DIRECTION('',(1.,0.,-0.));
#5608 = ORIENTED_EDGE('',*,*,#5561,.T.);
#5609 = ORIENTED_EDGE('',*,*,#5610,.T.);
#5610 = EDGE_CURVE('',#5564,#5611,#5613,.T.);
#5611 = VERTEX_POINT('',#5612);
#5612 = CARTESIAN_POINT('',(432.6,8.,150.));
#5613 = LINE('',#5614,#5615);
#5614 = CARTESIAN_POINT('',(16.,8.,150.));
#5615 = VECTOR('',#5616,1.);
#5616 = DIRECTION('',(1.,0.,-0.));
#5617 = ORIENTED_EDGE('',*,*,#5618,.F.);
#5618 = EDGE_CURVE('',#5602,#5611,#5619,.T.);
#5619 = LINE('',#5620,#5621);
#5620 = CARTESIAN_POINT('',(432.6,8.,144.));
#5621 = VECTOR('',#5622,1.);
#5622 = DIRECTION('',(0.,0.,1.));
#5623 = PLANE('',#5624);
#5624 = AXIS2_PLACEMENT_3D('',#5625,#5626,#5627);
#5625 = CARTESIAN_POINT('',(16.,8.,144.));
#5626 = DIRECTION('',(-0.,1.,0.));
#5627 = DIRECTION('',(0.,0.,1.));
#5628 = ADVANCED_FACE('',(#5629,#5647),#5658,.T.);
#5629 = FACE_BOUND('',#5630,.T.);
#5630 = EDGE_LOOP('',(#5631,#5632,#5633,#5641));
#5631 = ORIENTED_EDGE('',*,*,#5587,.F.);
#5632 = ORIENTED_EDGE('',*,*,#5610,.T.);
#5633 = ORIENTED_EDGE('',*,*,#5634,.T.);
#5634 = EDGE_CURVE('',#5611,#5635,#5637,.T.);
#5635 = VERTEX_POINT('',#5636);
#5636 = CARTESIAN_POINT('',(432.6,317.5,150.));
#5637 = LINE('',#5638,#5639);
#5638 = CARTESIAN_POINT('',(432.6,8.,150.));
#5639 = VECTOR('',#5640,1.);
#5640 = DIRECTION('',(-0.,1.,0.));
#5641 = ORIENTED_EDGE('',*,*,#5642,.F.);
#5642 = EDGE_CURVE('',#5580,#5635,#5643,.T.);
#5643 = LINE('',#5644,#5645);
#5644 = CARTESIAN_POINT('',(16.,317.5,150.));
#5645 = VECTOR('',#5646,1.);
#5646 = DIRECTION('',(1.,0.,-0.));
#5647 = FACE_BOUND('',#5648,.T.);
#5648 = EDGE_LOOP('',(#5649));
#5649 = ORIENTED_EDGE('',*,*,#5650,.F.);
#5650 = EDGE_CURVE('',#5651,#5651,#5653,.T.);
#5651 = VERTEX_POINT('',#5652);
#5652 = CARTESIAN_POINT('',(186.2,172.,150.));
#5653 = CIRCLE('',#5654,10.2);
#5654 = AXIS2_PLACEMENT_3D('',#5655,#5656,#5657);
#5655 = CARTESIAN_POINT('',(176.,172.,150.));
#5656 = DIRECTION('',(0.,0.,1.));
#5657 = DIRECTION('',(1.,0.,-0.));
#5658 = PLANE('',#5659);
#5659 = AXIS2_PLACEMENT_3D('',#5660,#5661,#5662);
#5660 = CARTESIAN_POINT('',(16.,8.,150.));
#5661 = DIRECTION('',(0.,0.,1.));
#5662 = DIRECTION('',(1.,0.,-0.));
#5663 = ADVANCED_FACE('',(#5664),#5682,.T.);
#5664 = FACE_BOUND('',#5665,.T.);
#5665 = EDGE_LOOP('',(#5666,#5674,#5675,#5676));
#5666 = ORIENTED_EDGE('',*,*,#5667,.F.);
#5667 = EDGE_CURVE('',#5572,#5668,#5670,.T.);
#5668 = VERTEX_POINT('',#5669);
#5669 = CARTESIAN_POINT('',(432.6,317.5,144.));
#5670 = LINE('',#5671,#5672);
#5671 = CARTESIAN_POINT('',(16.,317.5,144.));
#5672 = VECTOR('',#5673,1.);
#5673 = DIRECTION('',(1.,0.,-0.));
#5674 = ORIENTED_EDGE('',*,*,#5579,.T.);
#5675 = ORIENTED_EDGE('',*,*,#5642,.T.);
#5676 = ORIENTED_EDGE('',*,*,#5677,.F.);
#5677 = EDGE_CURVE('',#5668,#5635,#5678,.T.);
#5678 = LINE('',#5679,#5680);
#5679 = CARTESIAN_POINT('',(432.6,317.5,144.));
#5680 = VECTOR('',#5681,1.);
#5681 = DIRECTION('',(0.,0.,1.));
#5682 = PLANE('',#5683);
#5683 = AXIS2_PLACEMENT_3D('',#5684,#5685,#5686);
#5684 = CARTESIAN_POINT('',(16.,317.5,144.));
#5685 = DIRECTION('',(-0.,1.,0.));
#5686 = DIRECTION('',(0.,0.,1.));
#5687 = ADVANCED_FACE('',(#5688,#5699),#5710,.F.);
#5688 = FACE_BOUND('',#5689,.F.);
#5689 = EDGE_LOOP('',(#5690,#5691,#5692,#5698));
#5690 = ORIENTED_EDGE('',*,*,#5571,.F.);
#5691 = ORIENTED_EDGE('',*,*,#5601,.T.);
#5692 = ORIENTED_EDGE('',*,*,#5693,.T.);
#5693 = EDGE_CURVE('',#5602,#5668,#5694,.T.);
#5694 = LINE('',#5695,#5696);
#5695 = CARTESIAN_POINT('',(432.6,8.,144.));
#5696 = VECTOR('',#5697,1.);
#5697 = DIRECTION('',(-0.,1.,0.));
#5698 = ORIENTED_EDGE('',*,*,#5667,.F.);
#5699 = FACE_BOUND('',#5700,.F.);
#5700 = EDGE_LOOP('',(#5701));
#5701 = ORIENTED_EDGE('',*,*,#5702,.F.);
#5702 = EDGE_CURVE('',#5703,#5703,#5705,.T.);
#5703 = VERTEX_POINT('',#5704);
#5704 = CARTESIAN_POINT('',(186.2,172.,144.));
#5705 = CIRCLE('',#5706,10.2);
#5706 = AXIS2_PLACEMENT_3D('',#5707,#5708,#5709);
#5707 = CARTESIAN_POINT('',(176.,172.,144.));
#5708 = DIRECTION('',(0.,0.,1.));
#5709 = DIRECTION('',(1.,0.,-0.));
#5710 = PLANE('',#5711);
#5711 = AXIS2_PLACEMENT_3D('',#5712,#5713,#5714);
#5712 = CARTESIAN_POINT('',(16.,8.,144.));
#5713 = DIRECTION('',(0.,0.,1.));
#5714 = DIRECTION('',(1.,0.,-0.));
#5715 = ADVANCED_FACE('',(#5716),#5722,.T.);
#5716 = FACE_BOUND('',#5717,.T.);
#5717 = EDGE_LOOP('',(#5718,#5719,#5720,#5721));
#5718 = ORIENTED_EDGE('',*,*,#5618,.F.);
#5719 = ORIENTED_EDGE('',*,*,#5693,.T.);
#5720 = ORIENTED_EDGE('',*,*,#5677,.T.);
#5721 = ORIENTED_EDGE('',*,*,#5634,.F.);
#5722 = PLANE('',#5723);
#5723 = AXIS2_PLACEMENT_3D('',#5724,#5725,#5726);
#5724 = CARTESIAN_POINT('',(432.6,8.,144.));
#5725 = DIRECTION('',(1.,0.,-0.));
#5726 = DIRECTION('',(0.,0.,1.));
#5727 = ADVANCED_FACE('',(#5728),#5739,.F.);
#5728 = FACE_BOUND('',#5729,.F.);
#5729 = EDGE_LOOP('',(#5730,#5731,#5737,#5738));
#5730 = ORIENTED_EDGE('',*,*,#5650,.F.);
#5731 = ORIENTED_EDGE('',*,*,#5732,.F.);
#5732 = EDGE_CURVE('',#5703,#5651,#5733,.T.);
#5733 = LINE('',#5734,#5735);
#5734 = CARTESIAN_POINT('',(186.2,172.,143.));
#5735 = VECTOR('',#5736,1.);
#5736 = DIRECTION('',(0.,0.,1.));
#5737 = ORIENTED_EDGE('',*,*,#5702,.T.);
#5738 = ORIENTED_EDGE('',*,*,#5732,.T.);
#5739 = CYLINDRICAL_SURFACE('',#5740,10.2);
#5740 = AXIS2_PLACEMENT_3D('',#5741,#5742,#5743);
#5741 = CARTESIAN_POINT('',(176.,172.,143.));
#5742 = DIRECTION('',(0.,0.,1.));
#5743 = DIRECTION('',(1.,0.,-0.));
#5744 = ( GEOMETRIC_REPRESENTATION_CONTEXT(3) 
GLOBAL_UNCERTAINTY_ASSIGNED_CONTEXT((#5748)) 
GLOBAL_UNIT_ASSIGNED_CONTEXT((#5745,#5746,#5747)) REPRESENTATION_CONTEXT
('Context #1','3D Context with UNIT and UNCERTAINTY') );
#5745 = ( LENGTH_UNIT() NAMED_UNIT(*) SI_UNIT(.MILLI.,.METRE.) );
#5746 = ( NAMED_UNIT(*) PLANE_ANGLE_UNIT() SI_UNIT($,.RADIAN.) );
#5747 = ( NAMED_UNIT(*) SI_UNIT($,.STERADIAN.) SOLID_ANGLE_UNIT() );
#5748 = UNCERTAINTY_MEASURE_WITH_UNIT(LENGTH_MEASURE(1.E-07),#5745,
  'distance_accuracy_value','confusion accuracy');
#5749 = CONTEXT_DEPENDENT_SHAPE_REPRESENTATION(#5750,#5752);
#5750 = ( REPRESENTATION_RELATIONSHIP('','',#5554,#10) 
REPRESENTATION_RELATIONSHIP_WITH_TRANSFORMATION(#5751) 
SHAPE_REPRESENTATION_RELATIONSHIP() );
#5751 = ITEM_DEFINED_TRANSFORMATION('','',#11,#131);
#5752 = PRODUCT_DEFINITION_SHAPE('Placement','Placement of an item',
  #5753);
#5753 = NEXT_ASSEMBLY_USAGE_OCCURRENCE('30',
  '唱盘与唱臂共用浮动底板','',#5,#5549,$);
#5754 = PRODUCT_RELATED_PRODUCT_CATEGORY('part',$,(#5551));
#5755 = SHAPE_DEFINITION_REPRESENTATION(#5756,#5762);
#5756 = PRODUCT_DEFINITION_SHAPE('','',#5757);
#5757 = PRODUCT_DEFINITION('design','',#5758,#5761);
#5758 = PRODUCT_DEFINITION_FORMATION('','',#5759);
#5759 = PRODUCT('功放板 · 含散热片整体包络',
  '功放板 · 含散热片整体包络','',(#5760));
#5760 = PRODUCT_CONTEXT('',#2,'mechanical');
#5761 = PRODUCT_DEFINITION_CONTEXT('part definition',#2,'design');
#5762 = ADVANCED_BREP_SHAPE_REPRESENTATION('',(#11,#5763),#5913);
#5763 = MANIFOLD_SOLID_BREP('',#5764);
#5764 = CLOSED_SHELL('',(#5765,#5805,#5845,#5867,#5889,#5901));
#5765 = ADVANCED_FACE('',(#5766),#5800,.F.);
#5766 = FACE_BOUND('',#5767,.F.);
#5767 = EDGE_LOOP('',(#5768,#5778,#5786,#5794));
#5768 = ORIENTED_EDGE('',*,*,#5769,.F.);
#5769 = EDGE_CURVE('',#5770,#5772,#5774,.T.);
#5770 = VERTEX_POINT('',#5771);
#5771 = CARTESIAN_POINT('',(270.,207.,48.));
#5772 = VERTEX_POINT('',#5773);
#5773 = CARTESIAN_POINT('',(270.,207.,93.));
#5774 = LINE('',#5775,#5776);
#5775 = CARTESIAN_POINT('',(270.,207.,48.));
#5776 = VECTOR('',#5777,1.);
#5777 = DIRECTION('',(0.,0.,1.));
#5778 = ORIENTED_EDGE('',*,*,#5779,.T.);
#5779 = EDGE_CURVE('',#5770,#5780,#5782,.T.);
#5780 = VERTEX_POINT('',#5781);
#5781 = CARTESIAN_POINT('',(270.,282.,48.));
#5782 = LINE('',#5783,#5784);
#5783 = CARTESIAN_POINT('',(270.,207.,48.));
#5784 = VECTOR('',#5785,1.);
#5785 = DIRECTION('',(-0.,1.,0.));
#5786 = ORIENTED_EDGE('',*,*,#5787,.T.);
#5787 = EDGE_CURVE('',#5780,#5788,#5790,.T.);
#5788 = VERTEX_POINT('',#5789);
#5789 = CARTESIAN_POINT('',(270.,282.,93.));
#5790 = LINE('',#5791,#5792);
#5791 = CARTESIAN_POINT('',(270.,282.,48.));
#5792 = VECTOR('',#5793,1.);
#5793 = DIRECTION('',(0.,0.,1.));
#5794 = ORIENTED_EDGE('',*,*,#5795,.F.);
#5795 = EDGE_CURVE('',#5772,#5788,#5796,.T.);
#5796 = LINE('',#5797,#5798);
#5797 = CARTESIAN_POINT('',(270.,207.,93.));
#5798 = VECTOR('',#5799,1.);
#5799 = DIRECTION('',(-0.,1.,0.));
#5800 = PLANE('',#5801);
#5801 = AXIS2_PLACEMENT_3D('',#5802,#5803,#5804);
#5802 = CARTESIAN_POINT('',(270.,207.,48.));
#5803 = DIRECTION('',(1.,0.,-0.));
#5804 = DIRECTION('',(0.,0.,1.));
#5805 = ADVANCED_FACE('',(#5806),#5840,.T.);
#5806 = FACE_BOUND('',#5807,.T.);
#5807 = EDGE_LOOP('',(#5808,#5818,#5826,#5834));
#5808 = ORIENTED_EDGE('',*,*,#5809,.F.);
#5809 = EDGE_CURVE('',#5810,#5812,#5814,.T.);
#5810 = VERTEX_POINT('',#5811);
#5811 = CARTESIAN_POINT('',(395.,207.,48.));
#5812 = VERTEX_POINT('',#5813);
#5813 = CARTESIAN_POINT('',(395.,207.,93.));
#5814 = LINE('',#5815,#5816);
#5815 = CARTESIAN_POINT('',(395.,207.,48.));
#5816 = VECTOR('',#5817,1.);
#5817 = DIRECTION('',(0.,0.,1.));
#5818 = ORIENTED_EDGE('',*,*,#5819,.T.);
#5819 = EDGE_CURVE('',#5810,#5820,#5822,.T.);
#5820 = VERTEX_POINT('',#5821);
#5821 = CARTESIAN_POINT('',(395.,282.,48.));
#5822 = LINE('',#5823,#5824);
#5823 = CARTESIAN_POINT('',(395.,207.,48.));
#5824 = VECTOR('',#5825,1.);
#5825 = DIRECTION('',(-0.,1.,0.));
#5826 = ORIENTED_EDGE('',*,*,#5827,.T.);
#5827 = EDGE_CURVE('',#5820,#5828,#5830,.T.);
#5828 = VERTEX_POINT('',#5829);
#5829 = CARTESIAN_POINT('',(395.,282.,93.));
#5830 = LINE('',#5831,#5832);
#5831 = CARTESIAN_POINT('',(395.,282.,48.));
#5832 = VECTOR('',#5833,1.);
#5833 = DIRECTION('',(0.,0.,1.));
#5834 = ORIENTED_EDGE('',*,*,#5835,.F.);
#5835 = EDGE_CURVE('',#5812,#5828,#5836,.T.);
#5836 = LINE('',#5837,#5838);
#5837 = CARTESIAN_POINT('',(395.,207.,93.));
#5838 = VECTOR('',#5839,1.);
#5839 = DIRECTION('',(-0.,1.,0.));
#5840 = PLANE('',#5841);
#5841 = AXIS2_PLACEMENT_3D('',#5842,#5843,#5844);
#5842 = CARTESIAN_POINT('',(395.,207.,48.));
#5843 = DIRECTION('',(1.,0.,-0.));
#5844 = DIRECTION('',(0.,0.,1.));
#5845 = ADVANCED_FACE('',(#5846),#5862,.F.);
#5846 = FACE_BOUND('',#5847,.F.);
#5847 = EDGE_LOOP('',(#5848,#5854,#5855,#5861));
#5848 = ORIENTED_EDGE('',*,*,#5849,.F.);
#5849 = EDGE_CURVE('',#5770,#5810,#5850,.T.);
#5850 = LINE('',#5851,#5852);
#5851 = CARTESIAN_POINT('',(270.,207.,48.));
#5852 = VECTOR('',#5853,1.);
#5853 = DIRECTION('',(1.,0.,-0.));
#5854 = ORIENTED_EDGE('',*,*,#5769,.T.);
#5855 = ORIENTED_EDGE('',*,*,#5856,.T.);
#5856 = EDGE_CURVE('',#5772,#5812,#5857,.T.);
#5857 = LINE('',#5858,#5859);
#5858 = CARTESIAN_POINT('',(270.,207.,93.));
#5859 = VECTOR('',#5860,1.);
#5860 = DIRECTION('',(1.,0.,-0.));
#5861 = ORIENTED_EDGE('',*,*,#5809,.F.);
#5862 = PLANE('',#5863);
#5863 = AXIS2_PLACEMENT_3D('',#5864,#5865,#5866);
#5864 = CARTESIAN_POINT('',(270.,207.,48.));
#5865 = DIRECTION('',(-0.,1.,0.));
#5866 = DIRECTION('',(0.,0.,1.));
#5867 = ADVANCED_FACE('',(#5868),#5884,.T.);
#5868 = FACE_BOUND('',#5869,.T.);
#5869 = EDGE_LOOP('',(#5870,#5876,#5877,#5883));
#5870 = ORIENTED_EDGE('',*,*,#5871,.F.);
#5871 = EDGE_CURVE('',#5780,#5820,#5872,.T.);
#5872 = LINE('',#5873,#5874);
#5873 = CARTESIAN_POINT('',(270.,282.,48.));
#5874 = VECTOR('',#5875,1.);
#5875 = DIRECTION('',(1.,0.,-0.));
#5876 = ORIENTED_EDGE('',*,*,#5787,.T.);
#5877 = ORIENTED_EDGE('',*,*,#5878,.T.);
#5878 = EDGE_CURVE('',#5788,#5828,#5879,.T.);
#5879 = LINE('',#5880,#5881);
#5880 = CARTESIAN_POINT('',(270.,282.,93.));
#5881 = VECTOR('',#5882,1.);
#5882 = DIRECTION('',(1.,0.,-0.));
#5883 = ORIENTED_EDGE('',*,*,#5827,.F.);
#5884 = PLANE('',#5885);
#5885 = AXIS2_PLACEMENT_3D('',#5886,#5887,#5888);
#5886 = CARTESIAN_POINT('',(270.,282.,48.));
#5887 = DIRECTION('',(-0.,1.,0.));
#5888 = DIRECTION('',(0.,0.,1.));
#5889 = ADVANCED_FACE('',(#5890),#5896,.F.);
#5890 = FACE_BOUND('',#5891,.F.);
#5891 = EDGE_LOOP('',(#5892,#5893,#5894,#5895));
#5892 = ORIENTED_EDGE('',*,*,#5779,.F.);
#5893 = ORIENTED_EDGE('',*,*,#5849,.T.);
#5894 = ORIENTED_EDGE('',*,*,#5819,.T.);
#5895 = ORIENTED_EDGE('',*,*,#5871,.F.);
#5896 = PLANE('',#5897);
#5897 = AXIS2_PLACEMENT_3D('',#5898,#5899,#5900);
#5898 = CARTESIAN_POINT('',(270.,207.,48.));
#5899 = DIRECTION('',(0.,0.,1.));
#5900 = DIRECTION('',(1.,0.,-0.));
#5901 = ADVANCED_FACE('',(#5902),#5908,.T.);
#5902 = FACE_BOUND('',#5903,.T.);
#5903 = EDGE_LOOP('',(#5904,#5905,#5906,#5907));
#5904 = ORIENTED_EDGE('',*,*,#5795,.F.);
#5905 = ORIENTED_EDGE('',*,*,#5856,.T.);
#5906 = ORIENTED_EDGE('',*,*,#5835,.T.);
#5907 = ORIENTED_EDGE('',*,*,#5878,.F.);
#5908 = PLANE('',#5909);
#5909 = AXIS2_PLACEMENT_3D('',#5910,#5911,#5912);
#5910 = CARTESIAN_POINT('',(270.,207.,93.));
#5911 = DIRECTION('',(0.,0.,1.));
#5912 = DIRECTION('',(1.,0.,-0.));
#5913 = ( GEOMETRIC_REPRESENTATION_CONTEXT(3) 
GLOBAL_UNCERTAINTY_ASSIGNED_CONTEXT((#5917)) 
GLOBAL_UNIT_ASSIGNED_CONTEXT((#5914,#5915,#5916)) REPRESENTATION_CONTEXT
('Context #1','3D Context with UNIT and UNCERTAINTY') );
#5914 = ( LENGTH_UNIT() NAMED_UNIT(*) SI_UNIT(.MILLI.,.METRE.) );
#5915 = ( NAMED_UNIT(*) PLANE_ANGLE_UNIT() SI_UNIT($,.RADIAN.) );
#5916 = ( NAMED_UNIT(*) SI_UNIT($,.STERADIAN.) SOLID_ANGLE_UNIT() );
#5917 = UNCERTAINTY_MEASURE_WITH_UNIT(LENGTH_MEASURE(1.E-07),#5914,
  'distance_accuracy_value','confusion accuracy');
#5918 = CONTEXT_DEPENDENT_SHAPE_REPRESENTATION(#5919,#5921);
#5919 = ( REPRESENTATION_RELATIONSHIP('','',#5762,#10) 
REPRESENTATION_RELATIONSHIP_WITH_TRANSFORMATION(#5920) 
SHAPE_REPRESENTATION_RELATIONSHIP() );
#5920 = ITEM_DEFINED_TRANSFORMATION('','',#11,#135);
#5921 = PRODUCT_DEFINITION_SHAPE('Placement','Placement of an item',
  #5922);
#5922 = NEXT_ASSEMBLY_USAGE_OCCURRENCE('31',
  '功放板 · 含散热片整体包络','',#5,#5757,$);
#5923 = PRODUCT_RELATED_PRODUCT_CATEGORY('part',$,(#5759));
#5924 = SHAPE_DEFINITION_REPRESENTATION(#5925,#5931);
#5925 = PRODUCT_DEFINITION_SHAPE('','',#5926);
#5926 = PRODUCT_DEFINITION('design','',#5927,#5930);
#5927 = PRODUCT_DEFINITION_FORMATION('','',#5928);
#5928 = PRODUCT('唱放板空间占位','唱放板空间占位','',(
    #5929));
#5929 = PRODUCT_CONTEXT('',#2,'mechanical');
#5930 = PRODUCT_DEFINITION_CONTEXT('part definition',#2,'design');
#5931 = ADVANCED_BREP_SHAPE_REPRESENTATION('',(#11,#5932),#6082);
#5932 = MANIFOLD_SOLID_BREP('',#5933);
#5933 = CLOSED_SHELL('',(#5934,#5974,#6014,#6036,#6058,#6070));
#5934 = ADVANCED_FACE('',(#5935),#5969,.F.);
#5935 = FACE_BOUND('',#5936,.F.);
#5936 = EDGE_LOOP('',(#5937,#5947,#5955,#5963));
#5937 = ORIENTED_EDGE('',*,*,#5938,.F.);
#5938 = EDGE_CURVE('',#5939,#5941,#5943,.T.);
#5939 = VERTEX_POINT('',#5940);
#5940 = CARTESIAN_POINT('',(60.,220.,48.));
#5941 = VERTEX_POINT('',#5942);
#5942 = CARTESIAN_POINT('',(60.,220.,65.));
#5943 = LINE('',#5944,#5945);
#5944 = CARTESIAN_POINT('',(60.,220.,48.));
#5945 = VECTOR('',#5946,1.);
#5946 = DIRECTION('',(0.,0.,1.));
#5947 = ORIENTED_EDGE('',*,*,#5948,.T.);
#5948 = EDGE_CURVE('',#5939,#5949,#5951,.T.);
#5949 = VERTEX_POINT('',#5950);
#5950 = CARTESIAN_POINT('',(60.,272.,48.));
#5951 = LINE('',#5952,#5953);
#5952 = CARTESIAN_POINT('',(60.,220.,48.));
#5953 = VECTOR('',#5954,1.);
#5954 = DIRECTION('',(-0.,1.,0.));
#5955 = ORIENTED_EDGE('',*,*,#5956,.T.);
#5956 = EDGE_CURVE('',#5949,#5957,#5959,.T.);
#5957 = VERTEX_POINT('',#5958);
#5958 = CARTESIAN_POINT('',(60.,272.,65.));
#5959 = LINE('',#5960,#5961);
#5960 = CARTESIAN_POINT('',(60.,272.,48.));
#5961 = VECTOR('',#5962,1.);
#5962 = DIRECTION('',(0.,0.,1.));
#5963 = ORIENTED_EDGE('',*,*,#5964,.F.);
#5964 = EDGE_CURVE('',#5941,#5957,#5965,.T.);
#5965 = LINE('',#5966,#5967);
#5966 = CARTESIAN_POINT('',(60.,220.,65.));
#5967 = VECTOR('',#5968,1.);
#5968 = DIRECTION('',(-0.,1.,0.));
#5969 = PLANE('',#5970);
#5970 = AXIS2_PLACEMENT_3D('',#5971,#5972,#5973);
#5971 = CARTESIAN_POINT('',(60.,220.,48.));
#5972 = DIRECTION('',(1.,0.,-0.));
#5973 = DIRECTION('',(0.,0.,1.));
#5974 = ADVANCED_FACE('',(#5975),#6009,.T.);
#5975 = FACE_BOUND('',#5976,.T.);
#5976 = EDGE_LOOP('',(#5977,#5987,#5995,#6003));
#5977 = ORIENTED_EDGE('',*,*,#5978,.F.);
#5978 = EDGE_CURVE('',#5979,#5981,#5983,.T.);
#5979 = VERTEX_POINT('',#5980);
#5980 = CARTESIAN_POINT('',(140.,220.,48.));
#5981 = VERTEX_POINT('',#5982);
#5982 = CARTESIAN_POINT('',(140.,220.,65.));
#5983 = LINE('',#5984,#5985);
#5984 = CARTESIAN_POINT('',(140.,220.,48.));
#5985 = VECTOR('',#5986,1.);
#5986 = DIRECTION('',(0.,0.,1.));
#5987 = ORIENTED_EDGE('',*,*,#5988,.T.);
#5988 = EDGE_CURVE('',#5979,#5989,#5991,.T.);
#5989 = VERTEX_POINT('',#5990);
#5990 = CARTESIAN_POINT('',(140.,272.,48.));
#5991 = LINE('',#5992,#5993);
#5992 = CARTESIAN_POINT('',(140.,220.,48.));
#5993 = VECTOR('',#5994,1.);
#5994 = DIRECTION('',(-0.,1.,0.));
#5995 = ORIENTED_EDGE('',*,*,#5996,.T.);
#5996 = EDGE_CURVE('',#5989,#5997,#5999,.T.);
#5997 = VERTEX_POINT('',#5998);
#5998 = CARTESIAN_POINT('',(140.,272.,65.));
#5999 = LINE('',#6000,#6001);
#6000 = CARTESIAN_POINT('',(140.,272.,48.));
#6001 = VECTOR('',#6002,1.);
#6002 = DIRECTION('',(0.,0.,1.));
#6003 = ORIENTED_EDGE('',*,*,#6004,.F.);
#6004 = EDGE_CURVE('',#5981,#5997,#6005,.T.);
#6005 = LINE('',#6006,#6007);
#6006 = CARTESIAN_POINT('',(140.,220.,65.));
#6007 = VECTOR('',#6008,1.);
#6008 = DIRECTION('',(-0.,1.,0.));
#6009 = PLANE('',#6010);
#6010 = AXIS2_PLACEMENT_3D('',#6011,#6012,#6013);
#6011 = CARTESIAN_POINT('',(140.,220.,48.));
#6012 = DIRECTION('',(1.,0.,-0.));
#6013 = DIRECTION('',(0.,0.,1.));
#6014 = ADVANCED_FACE('',(#6015),#6031,.F.);
#6015 = FACE_BOUND('',#6016,.F.);
#6016 = EDGE_LOOP('',(#6017,#6023,#6024,#6030));
#6017 = ORIENTED_EDGE('',*,*,#6018,.F.);
#6018 = EDGE_CURVE('',#5939,#5979,#6019,.T.);
#6019 = LINE('',#6020,#6021);
#6020 = CARTESIAN_POINT('',(60.,220.,48.));
#6021 = VECTOR('',#6022,1.);
#6022 = DIRECTION('',(1.,0.,-0.));
#6023 = ORIENTED_EDGE('',*,*,#5938,.T.);
#6024 = ORIENTED_EDGE('',*,*,#6025,.T.);
#6025 = EDGE_CURVE('',#5941,#5981,#6026,.T.);
#6026 = LINE('',#6027,#6028);
#6027 = CARTESIAN_POINT('',(60.,220.,65.));
#6028 = VECTOR('',#6029,1.);
#6029 = DIRECTION('',(1.,0.,-0.));
#6030 = ORIENTED_EDGE('',*,*,#5978,.F.);
#6031 = PLANE('',#6032);
#6032 = AXIS2_PLACEMENT_3D('',#6033,#6034,#6035);
#6033 = CARTESIAN_POINT('',(60.,220.,48.));
#6034 = DIRECTION('',(-0.,1.,0.));
#6035 = DIRECTION('',(0.,0.,1.));
#6036 = ADVANCED_FACE('',(#6037),#6053,.T.);
#6037 = FACE_BOUND('',#6038,.T.);
#6038 = EDGE_LOOP('',(#6039,#6045,#6046,#6052));
#6039 = ORIENTED_EDGE('',*,*,#6040,.F.);
#6040 = EDGE_CURVE('',#5949,#5989,#6041,.T.);
#6041 = LINE('',#6042,#6043);
#6042 = CARTESIAN_POINT('',(60.,272.,48.));
#6043 = VECTOR('',#6044,1.);
#6044 = DIRECTION('',(1.,0.,-0.));
#6045 = ORIENTED_EDGE('',*,*,#5956,.T.);
#6046 = ORIENTED_EDGE('',*,*,#6047,.T.);
#6047 = EDGE_CURVE('',#5957,#5997,#6048,.T.);
#6048 = LINE('',#6049,#6050);
#6049 = CARTESIAN_POINT('',(60.,272.,65.));
#6050 = VECTOR('',#6051,1.);
#6051 = DIRECTION('',(1.,0.,-0.));
#6052 = ORIENTED_EDGE('',*,*,#5996,.F.);
#6053 = PLANE('',#6054);
#6054 = AXIS2_PLACEMENT_3D('',#6055,#6056,#6057);
#6055 = CARTESIAN_POINT('',(60.,272.,48.));
#6056 = DIRECTION('',(-0.,1.,0.));
#6057 = DIRECTION('',(0.,0.,1.));
#6058 = ADVANCED_FACE('',(#6059),#6065,.F.);
#6059 = FACE_BOUND('',#6060,.F.);
#6060 = EDGE_LOOP('',(#6061,#6062,#6063,#6064));
#6061 = ORIENTED_EDGE('',*,*,#5948,.F.);
#6062 = ORIENTED_EDGE('',*,*,#6018,.T.);
#6063 = ORIENTED_EDGE('',*,*,#5988,.T.);
#6064 = ORIENTED_EDGE('',*,*,#6040,.F.);
#6065 = PLANE('',#6066);
#6066 = AXIS2_PLACEMENT_3D('',#6067,#6068,#6069);
#6067 = CARTESIAN_POINT('',(60.,220.,48.));
#6068 = DIRECTION('',(0.,0.,1.));
#6069 = DIRECTION('',(1.,0.,-0.));
#6070 = ADVANCED_FACE('',(#6071),#6077,.T.);
#6071 = FACE_BOUND('',#6072,.T.);
#6072 = EDGE_LOOP('',(#6073,#6074,#6075,#6076));
#6073 = ORIENTED_EDGE('',*,*,#5964,.F.);
#6074 = ORIENTED_EDGE('',*,*,#6025,.T.);
#6075 = ORIENTED_EDGE('',*,*,#6004,.T.);
#6076 = ORIENTED_EDGE('',*,*,#6047,.F.);
#6077 = PLANE('',#6078);
#6078 = AXIS2_PLACEMENT_3D('',#6079,#6080,#6081);
#6079 = CARTESIAN_POINT('',(60.,220.,65.));
#6080 = DIRECTION('',(0.,0.,1.));
#6081 = DIRECTION('',(1.,0.,-0.));
#6082 = ( GEOMETRIC_REPRESENTATION_CONTEXT(3) 
GLOBAL_UNCERTAINTY_ASSIGNED_CONTEXT((#6086)) 
GLOBAL_UNIT_ASSIGNED_CONTEXT((#6083,#6084,#6085)) REPRESENTATION_CONTEXT
('Context #1','3D Context with UNIT and UNCERTAINTY') );
#6083 = ( LENGTH_UNIT() NAMED_UNIT(*) SI_UNIT(.MILLI.,.METRE.) );
#6084 = ( NAMED_UNIT(*) PLANE_ANGLE_UNIT() SI_UNIT($,.RADIAN.) );
#6085 = ( NAMED_UNIT(*) SI_UNIT($,.STERADIAN.) SOLID_ANGLE_UNIT() );
#6086 = UNCERTAINTY_MEASURE_WITH_UNIT(LENGTH_MEASURE(1.E-07),#6083,
  'distance_accuracy_value','confusion accuracy');
#6087 = CONTEXT_DEPENDENT_SHAPE_REPRESENTATION(#6088,#6090);
#6088 = ( REPRESENTATION_RELATIONSHIP('','',#5931,#10) 
REPRESENTATION_RELATIONSHIP_WITH_TRANSFORMATION(#6089) 
SHAPE_REPRESENTATION_RELATIONSHIP() );
#6089 = ITEM_DEFINED_TRANSFORMATION('','',#11,#139);
#6090 = PRODUCT_DEFINITION_SHAPE('Placement','Placement of an item',
  #6091);
#6091 = NEXT_ASSEMBLY_USAGE_OCCURRENCE('32','唱放板空间占位','',
  #5,#5926,$);
#6092 = PRODUCT_RELATED_PRODUCT_CATEGORY('part',$,(#5928));
#6093 = SHAPE_DEFINITION_REPRESENTATION(#6094,#6100);
#6094 = PRODUCT_DEFINITION_SHAPE('','',#6095);
#6095 = PRODUCT_DEFINITION('design','',#6096,#6099);
#6096 = PRODUCT_DEFINITION_FORMATION('','',#6097);
#6097 = PRODUCT('扬声器电源变压器 · 含固定耳包络',
  '扬声器电源变压器 · 含固定耳包络','',(#6098));
#6098 = PRODUCT_CONTEXT('',#2,'mechanical');
#6099 = PRODUCT_DEFINITION_CONTEXT('part definition',#2,'design');
#6100 = ADVANCED_BREP_SHAPE_REPRESENTATION('',(#11,#6101),#6383);
#6101 = MANIFOLD_SOLID_BREP('',#6102);
#6102 = CLOSED_SHELL('',(#6103,#6143,#6174,#6205,#6236,#6267,#6298,#6329
    ,#6350,#6367));
#6103 = ADVANCED_FACE('',(#6104),#6138,.T.);
#6104 = FACE_BOUND('',#6105,.T.);
#6105 = EDGE_LOOP('',(#6106,#6116,#6124,#6132));
#6106 = ORIENTED_EDGE('',*,*,#6107,.F.);
#6107 = EDGE_CURVE('',#6108,#6110,#6112,.T.);
#6108 = VERTEX_POINT('',#6109);
#6109 = CARTESIAN_POINT('',(249.,220.,38.));
#6110 = VERTEX_POINT('',#6111);
#6111 = CARTESIAN_POINT('',(249.,220.,40.));
#6112 = LINE('',#6113,#6114);
#6113 = CARTESIAN_POINT('',(249.,220.,38.));
#6114 = VECTOR('',#6115,1.);
#6115 = DIRECTION('',(0.,0.,1.));
#6116 = ORIENTED_EDGE('',*,*,#6117,.T.);
#6117 = EDGE_CURVE('',#6108,#6118,#6120,.T.);
#6118 = VERTEX_POINT('',#6119);
#6119 = CARTESIAN_POINT('',(249.,275.,38.));
#6120 = LINE('',#6121,#6122);
#6121 = CARTESIAN_POINT('',(249.,220.,38.));
#6122 = VECTOR('',#6123,1.);
#6123 = DIRECTION('',(-0.,1.,0.));
#6124 = ORIENTED_EDGE('',*,*,#6125,.T.);
#6125 = EDGE_CURVE('',#6118,#6126,#6128,.T.);
#6126 = VERTEX_POINT('',#6127);
#6127 = CARTESIAN_POINT('',(249.,275.,40.));
#6128 = LINE('',#6129,#6130);
#6129 = CARTESIAN_POINT('',(249.,275.,38.));
#6130 = VECTOR('',#6131,1.);
#6131 = DIRECTION('',(0.,0.,1.));
#6132 = ORIENTED_EDGE('',*,*,#6133,.F.);
#6133 = EDGE_CURVE('',#6110,#6126,#6134,.T.);
#6134 = LINE('',#6135,#6136);
#6135 = CARTESIAN_POINT('',(249.,220.,40.));
#6136 = VECTOR('',#6137,1.);
#6137 = DIRECTION('',(-0.,1.,0.));
#6138 = PLANE('',#6139);
#6139 = AXIS2_PLACEMENT_3D('',#6140,#6141,#6142);
#6140 = CARTESIAN_POINT('',(249.,220.,38.));
#6141 = DIRECTION('',(1.,0.,-0.));
#6142 = DIRECTION('',(0.,0.,1.));
#6143 = ADVANCED_FACE('',(#6144),#6169,.T.);
#6144 = FACE_BOUND('',#6145,.T.);
#6145 = EDGE_LOOP('',(#6146,#6154,#6162,#6168));
#6146 = ORIENTED_EDGE('',*,*,#6147,.F.);
#6147 = EDGE_CURVE('',#6148,#6126,#6150,.T.);
#6148 = VERTEX_POINT('',#6149);
#6149 = CARTESIAN_POINT('',(235.,275.,40.));
#6150 = LINE('',#6151,#6152);
#6151 = CARTESIAN_POINT('',(161.,275.,40.));
#6152 = VECTOR('',#6153,1.);
#6153 = DIRECTION('',(1.,0.,-0.));
#6154 = ORIENTED_EDGE('',*,*,#6155,.T.);
#6155 = EDGE_CURVE('',#6148,#6156,#6158,.T.);
#6156 = VERTEX_POINT('',#6157);
#6157 = CARTESIAN_POINT('',(235.,220.,40.));
#6158 = LINE('',#6159,#6160);
#6159 = CARTESIAN_POINT('',(235.,220.,40.));
#6160 = VECTOR('',#6161,1.);
#6161 = DIRECTION('',(0.,-1.,0.));
#6162 = ORIENTED_EDGE('',*,*,#6163,.T.);
#6163 = EDGE_CURVE('',#6156,#6110,#6164,.T.);
#6164 = LINE('',#6165,#6166);
#6165 = CARTESIAN_POINT('',(161.,220.,40.));
#6166 = VECTOR('',#6167,1.);
#6167 = DIRECTION('',(1.,0.,-0.));
#6168 = ORIENTED_EDGE('',*,*,#6133,.T.);
#6169 = PLANE('',#6170);
#6170 = AXIS2_PLACEMENT_3D('',#6171,#6172,#6173);
#6171 = CARTESIAN_POINT('',(161.,220.,40.));
#6172 = DIRECTION('',(0.,0.,1.));
#6173 = DIRECTION('',(1.,0.,-0.));
#6174 = ADVANCED_FACE('',(#6175),#6200,.T.);
#6175 = FACE_BOUND('',#6176,.T.);
#6176 = EDGE_LOOP('',(#6177,#6185,#6186,#6194));
#6177 = ORIENTED_EDGE('',*,*,#6178,.F.);
#6178 = EDGE_CURVE('',#6156,#6179,#6181,.T.);
#6179 = VERTEX_POINT('',#6180);
#6180 = CARTESIAN_POINT('',(235.,220.,88.));
#6181 = LINE('',#6182,#6183);
#6182 = CARTESIAN_POINT('',(235.,220.,38.));
#6183 = VECTOR('',#6184,1.);
#6184 = DIRECTION('',(0.,0.,1.));
#6185 = ORIENTED_EDGE('',*,*,#6155,.F.);
#6186 = ORIENTED_EDGE('',*,*,#6187,.T.);
#6187 = EDGE_CURVE('',#6148,#6188,#6190,.T.);
#6188 = VERTEX_POINT('',#6189);
#6189 = CARTESIAN_POINT('',(235.,275.,88.));
#6190 = LINE('',#6191,#6192);
#6191 = CARTESIAN_POINT('',(235.,275.,38.));
#6192 = VECTOR('',#6193,1.);
#6193 = DIRECTION('',(0.,0.,1.));
#6194 = ORIENTED_EDGE('',*,*,#6195,.F.);
#6195 = EDGE_CURVE('',#6179,#6188,#6196,.T.);
#6196 = LINE('',#6197,#6198);
#6197 = CARTESIAN_POINT('',(235.,220.,88.));
#6198 = VECTOR('',#6199,1.);
#6199 = DIRECTION('',(-0.,1.,0.));
#6200 = PLANE('',#6201);
#6201 = AXIS2_PLACEMENT_3D('',#6202,#6203,#6204);
#6202 = CARTESIAN_POINT('',(235.,220.,38.));
#6203 = DIRECTION('',(1.,0.,-0.));
#6204 = DIRECTION('',(0.,0.,1.));
#6205 = ADVANCED_FACE('',(#6206),#6231,.T.);
#6206 = FACE_BOUND('',#6207,.T.);
#6207 = EDGE_LOOP('',(#6208,#6218,#6224,#6225));
#6208 = ORIENTED_EDGE('',*,*,#6209,.F.);
#6209 = EDGE_CURVE('',#6210,#6212,#6214,.T.);
#6210 = VERTEX_POINT('',#6211);
#6211 = CARTESIAN_POINT('',(175.,220.,88.));
#6212 = VERTEX_POINT('',#6213);
#6213 = CARTESIAN_POINT('',(175.,275.,88.));
#6214 = LINE('',#6215,#6216);
#6215 = CARTESIAN_POINT('',(175.,220.,88.));
#6216 = VECTOR('',#6217,1.);
#6217 = DIRECTION('',(-0.,1.,0.));
#6218 = ORIENTED_EDGE('',*,*,#6219,.T.);
#6219 = EDGE_CURVE('',#6210,#6179,#6220,.T.);
#6220 = LINE('',#6221,#6222);
#6221 = CARTESIAN_POINT('',(175.,220.,88.));
#6222 = VECTOR('',#6223,1.);
#6223 = DIRECTION('',(1.,0.,-0.));
#6224 = ORIENTED_EDGE('',*,*,#6195,.T.);
#6225 = ORIENTED_EDGE('',*,*,#6226,.F.);
#6226 = EDGE_CURVE('',#6212,#6188,#6227,.T.);
#6227 = LINE('',#6228,#6229);
#6228 = CARTESIAN_POINT('',(175.,275.,88.));
#6229 = VECTOR('',#6230,1.);
#6230 = DIRECTION('',(1.,0.,-0.));
#6231 = PLANE('',#6232);
#6232 = AXIS2_PLACEMENT_3D('',#6233,#6234,#6235);
#6233 = CARTESIAN_POINT('',(175.,220.,88.));
#6234 = DIRECTION('',(0.,0.,1.));
#6235 = DIRECTION('',(1.,0.,-0.));
#6236 = ADVANCED_FACE('',(#6237),#6262,.F.);
#6237 = FACE_BOUND('',#6238,.F.);
#6238 = EDGE_LOOP('',(#6239,#6247,#6255,#6261));
#6239 = ORIENTED_EDGE('',*,*,#6240,.F.);
#6240 = EDGE_CURVE('',#6241,#6210,#6243,.T.);
#6241 = VERTEX_POINT('',#6242);
#6242 = CARTESIAN_POINT('',(175.,220.,40.));
#6243 = LINE('',#6244,#6245);
#6244 = CARTESIAN_POINT('',(175.,220.,38.));
#6245 = VECTOR('',#6246,1.);
#6246 = DIRECTION('',(0.,0.,1.));
#6247 = ORIENTED_EDGE('',*,*,#6248,.F.);
#6248 = EDGE_CURVE('',#6249,#6241,#6251,.T.);
#6249 = VERTEX_POINT('',#6250);
#6250 = CARTESIAN_POINT('',(175.,275.,40.));
#6251 = LINE('',#6252,#6253);
#6252 = CARTESIAN_POINT('',(175.,220.,40.));
#6253 = VECTOR('',#6254,1.);
#6254 = DIRECTION('',(0.,-1.,0.));
#6255 = ORIENTED_EDGE('',*,*,#6256,.T.);
#6256 = EDGE_CURVE('',#6249,#6212,#6257,.T.);
#6257 = LINE('',#6258,#6259);
#6258 = CARTESIAN_POINT('',(175.,275.,38.));
#6259 = VECTOR('',#6260,1.);
#6260 = DIRECTION('',(0.,0.,1.));
#6261 = ORIENTED_EDGE('',*,*,#6209,.F.);
#6262 = PLANE('',#6263);
#6263 = AXIS2_PLACEMENT_3D('',#6264,#6265,#6266);
#6264 = CARTESIAN_POINT('',(175.,220.,38.));
#6265 = DIRECTION('',(1.,0.,-0.));
#6266 = DIRECTION('',(0.,0.,1.));
#6267 = ADVANCED_FACE('',(#6268),#6293,.T.);
#6268 = FACE_BOUND('',#6269,.T.);
#6269 = EDGE_LOOP('',(#6270,#6278,#6286,#6292));
#6270 = ORIENTED_EDGE('',*,*,#6271,.F.);
#6271 = EDGE_CURVE('',#6272,#6249,#6274,.T.);
#6272 = VERTEX_POINT('',#6273);
#6273 = CARTESIAN_POINT('',(161.,275.,40.));
#6274 = LINE('',#6275,#6276);
#6275 = CARTESIAN_POINT('',(161.,275.,40.));
#6276 = VECTOR('',#6277,1.);
#6277 = DIRECTION('',(1.,0.,-0.));
#6278 = ORIENTED_EDGE('',*,*,#6279,.F.);
#6279 = EDGE_CURVE('',#6280,#6272,#6282,.T.);
#6280 = VERTEX_POINT('',#6281);
#6281 = CARTESIAN_POINT('',(161.,220.,40.));
#6282 = LINE('',#6283,#6284);
#6283 = CARTESIAN_POINT('',(161.,220.,40.));
#6284 = VECTOR('',#6285,1.);
#6285 = DIRECTION('',(-0.,1.,0.));
#6286 = ORIENTED_EDGE('',*,*,#6287,.T.);
#6287 = EDGE_CURVE('',#6280,#6241,#6288,.T.);
#6288 = LINE('',#6289,#6290);
#6289 = CARTESIAN_POINT('',(161.,220.,40.));
#6290 = VECTOR('',#6291,1.);
#6291 = DIRECTION('',(1.,0.,-0.));
#6292 = ORIENTED_EDGE('',*,*,#6248,.F.);
#6293 = PLANE('',#6294);
#6294 = AXIS2_PLACEMENT_3D('',#6295,#6296,#6297);
#6295 = CARTESIAN_POINT('',(161.,220.,40.));
#6296 = DIRECTION('',(0.,0.,1.));
#6297 = DIRECTION('',(1.,0.,-0.));
#6298 = ADVANCED_FACE('',(#6299),#6324,.F.);
#6299 = FACE_BOUND('',#6300,.F.);
#6300 = EDGE_LOOP('',(#6301,#6309,#6317,#6323));
#6301 = ORIENTED_EDGE('',*,*,#6302,.F.);
#6302 = EDGE_CURVE('',#6303,#6280,#6305,.T.);
#6303 = VERTEX_POINT('',#6304);
#6304 = CARTESIAN_POINT('',(161.,220.,38.));
#6305 = LINE('',#6306,#6307);
#6306 = CARTESIAN_POINT('',(161.,220.,38.));
#6307 = VECTOR('',#6308,1.);
#6308 = DIRECTION('',(0.,0.,1.));
#6309 = ORIENTED_EDGE('',*,*,#6310,.T.);
#6310 = EDGE_CURVE('',#6303,#6311,#6313,.T.);
#6311 = VERTEX_POINT('',#6312);
#6312 = CARTESIAN_POINT('',(161.,275.,38.));
#6313 = LINE('',#6314,#6315);
#6314 = CARTESIAN_POINT('',(161.,220.,38.));
#6315 = VECTOR('',#6316,1.);
#6316 = DIRECTION('',(-0.,1.,0.));
#6317 = ORIENTED_EDGE('',*,*,#6318,.T.);
#6318 = EDGE_CURVE('',#6311,#6272,#6319,.T.);
#6319 = LINE('',#6320,#6321);
#6320 = CARTESIAN_POINT('',(161.,275.,38.));
#6321 = VECTOR('',#6322,1.);
#6322 = DIRECTION('',(0.,0.,1.));
#6323 = ORIENTED_EDGE('',*,*,#6279,.F.);
#6324 = PLANE('',#6325);
#6325 = AXIS2_PLACEMENT_3D('',#6326,#6327,#6328);
#6326 = CARTESIAN_POINT('',(161.,220.,38.));
#6327 = DIRECTION('',(1.,0.,-0.));
#6328 = DIRECTION('',(0.,0.,1.));
#6329 = ADVANCED_FACE('',(#6330),#6345,.T.);
#6330 = FACE_BOUND('',#6331,.T.);
#6331 = EDGE_LOOP('',(#6332,#6333,#6334,#6335,#6336,#6337,#6338,#6339));
#6332 = ORIENTED_EDGE('',*,*,#6107,.T.);
#6333 = ORIENTED_EDGE('',*,*,#6163,.F.);
#6334 = ORIENTED_EDGE('',*,*,#6178,.T.);
#6335 = ORIENTED_EDGE('',*,*,#6219,.F.);
#6336 = ORIENTED_EDGE('',*,*,#6240,.F.);
#6337 = ORIENTED_EDGE('',*,*,#6287,.F.);
#6338 = ORIENTED_EDGE('',*,*,#6302,.F.);
#6339 = ORIENTED_EDGE('',*,*,#6340,.T.);
#6340 = EDGE_CURVE('',#6303,#6108,#6341,.T.);
#6341 = LINE('',#6342,#6343);
#6342 = CARTESIAN_POINT('',(161.,220.,38.));
#6343 = VECTOR('',#6344,1.);
#6344 = DIRECTION('',(1.,0.,-0.));
#6345 = PLANE('',#6346);
#6346 = AXIS2_PLACEMENT_3D('',#6347,#6348,#6349);
#6347 = CARTESIAN_POINT('',(205.,220.,58.130434782609));
#6348 = DIRECTION('',(-0.,-1.,-0.));
#6349 = DIRECTION('',(0.,0.,-1.));
#6350 = ADVANCED_FACE('',(#6351),#6362,.T.);
#6351 = FACE_BOUND('',#6352,.T.);
#6352 = EDGE_LOOP('',(#6353,#6354,#6355,#6356));
#6353 = ORIENTED_EDGE('',*,*,#6117,.F.);
#6354 = ORIENTED_EDGE('',*,*,#6340,.F.);
#6355 = ORIENTED_EDGE('',*,*,#6310,.T.);
#6356 = ORIENTED_EDGE('',*,*,#6357,.T.);
#6357 = EDGE_CURVE('',#6311,#6118,#6358,.T.);
#6358 = LINE('',#6359,#6360);
#6359 = CARTESIAN_POINT('',(161.,275.,38.));
#6360 = VECTOR('',#6361,1.);
#6361 = DIRECTION('',(1.,0.,-0.));
#6362 = PLANE('',#6363);
#6363 = AXIS2_PLACEMENT_3D('',#6364,#6365,#6366);
#6364 = CARTESIAN_POINT('',(205.,247.5,38.));
#6365 = DIRECTION('',(-0.,-0.,-1.));
#6366 = DIRECTION('',(-1.,0.,0.));
#6367 = ADVANCED_FACE('',(#6368),#6378,.T.);
#6368 = FACE_BOUND('',#6369,.T.);
#6369 = EDGE_LOOP('',(#6370,#6371,#6372,#6373,#6374,#6375,#6376,#6377));
#6370 = ORIENTED_EDGE('',*,*,#6357,.F.);
#6371 = ORIENTED_EDGE('',*,*,#6318,.T.);
#6372 = ORIENTED_EDGE('',*,*,#6271,.T.);
#6373 = ORIENTED_EDGE('',*,*,#6256,.T.);
#6374 = ORIENTED_EDGE('',*,*,#6226,.T.);
#6375 = ORIENTED_EDGE('',*,*,#6187,.F.);
#6376 = ORIENTED_EDGE('',*,*,#6147,.T.);
#6377 = ORIENTED_EDGE('',*,*,#6125,.F.);
#6378 = PLANE('',#6379);
#6379 = AXIS2_PLACEMENT_3D('',#6380,#6381,#6382);
#6380 = CARTESIAN_POINT('',(205.,275.,58.130434782609));
#6381 = DIRECTION('',(0.,1.,0.));
#6382 = DIRECTION('',(0.,-0.,1.));
#6383 = ( GEOMETRIC_REPRESENTATION_CONTEXT(3) 
GLOBAL_UNCERTAINTY_ASSIGNED_CONTEXT((#6387)) 
GLOBAL_UNIT_ASSIGNED_CONTEXT((#6384,#6385,#6386)) REPRESENTATION_CONTEXT
('Context #1','3D Context with UNIT and UNCERTAINTY') );
#6384 = ( LENGTH_UNIT() NAMED_UNIT(*) SI_UNIT(.MILLI.,.METRE.) );
#6385 = ( NAMED_UNIT(*) PLANE_ANGLE_UNIT() SI_UNIT($,.RADIAN.) );
#6386 = ( NAMED_UNIT(*) SI_UNIT($,.STERADIAN.) SOLID_ANGLE_UNIT() );
#6387 = UNCERTAINTY_MEASURE_WITH_UNIT(LENGTH_MEASURE(1.E-07),#6384,
  'distance_accuracy_value','confusion accuracy');
#6388 = CONTEXT_DEPENDENT_SHAPE_REPRESENTATION(#6389,#6391);
#6389 = ( REPRESENTATION_RELATIONSHIP('','',#6100,#10) 
REPRESENTATION_RELATIONSHIP_WITH_TRANSFORMATION(#6390) 
SHAPE_REPRESENTATION_RELATIONSHIP() );
#6390 = ITEM_DEFINED_TRANSFORMATION('','',#11,#143);
#6391 = PRODUCT_DEFINITION_SHAPE('Placement','Placement of an item',
  #6392);
#6392 = NEXT_ASSEMBLY_USAGE_OCCURRENCE('33',
  '扬声器电源变压器 · 含固定耳包络','',#5,#6095,$);
#6393 = PRODUCT_RELATED_PRODUCT_CATEGORY('part',$,(#6097));
#6394 = SHAPE_DEFINITION_REPRESENTATION(#6395,#6401);
#6395 = PRODUCT_DEFINITION_SHAPE('','',#6396);
#6396 = PRODUCT_DEFINITION('design','',#6397,#6400);
#6397 = PRODUCT_DEFINITION_FORMATION('','',#6398);
#6398 = PRODUCT('后部接口安装板占位',
  '后部接口安装板占位','',(#6399));
#6399 = PRODUCT_CONTEXT('',#2,'mechanical');
#6400 = PRODUCT_DEFINITION_CONTEXT('part definition',#2,'design');
#6401 = ADVANCED_BREP_SHAPE_REPRESENTATION('',(#11,#6402),#6552);
#6402 = MANIFOLD_SOLID_BREP('',#6403);
#6403 = CLOSED_SHELL('',(#6404,#6444,#6484,#6506,#6528,#6540));
#6404 = ADVANCED_FACE('',(#6405),#6439,.F.);
#6405 = FACE_BOUND('',#6406,.F.);
#6406 = EDGE_LOOP('',(#6407,#6417,#6425,#6433));
#6407 = ORIENTED_EDGE('',*,*,#6408,.F.);
#6408 = EDGE_CURVE('',#6409,#6411,#6413,.T.);
#6409 = VERTEX_POINT('',#6410);
#6410 = CARTESIAN_POINT('',(189.3,331.5,65.));
#6411 = VERTEX_POINT('',#6412);
#6412 = CARTESIAN_POINT('',(189.3,331.5,97.));
#6413 = LINE('',#6414,#6415);
#6414 = CARTESIAN_POINT('',(189.3,331.5,65.));
#6415 = VECTOR('',#6416,1.);
#6416 = DIRECTION('',(0.,0.,1.));
#6417 = ORIENTED_EDGE('',*,*,#6418,.T.);
#6418 = EDGE_CURVE('',#6409,#6419,#6421,.T.);
#6419 = VERTEX_POINT('',#6420);
#6420 = CARTESIAN_POINT('',(189.3,333.5,65.));
#6421 = LINE('',#6422,#6423);
#6422 = CARTESIAN_POINT('',(189.3,331.5,65.));
#6423 = VECTOR('',#6424,1.);
#6424 = DIRECTION('',(-0.,1.,0.));
#6425 = ORIENTED_EDGE('',*,*,#6426,.T.);
#6426 = EDGE_CURVE('',#6419,#6427,#6429,.T.);
#6427 = VERTEX_POINT('',#6428);
#6428 = CARTESIAN_POINT('',(189.3,333.5,97.));
#6429 = LINE('',#6430,#6431);
#6430 = CARTESIAN_POINT('',(189.3,333.5,65.));
#6431 = VECTOR('',#6432,1.);
#6432 = DIRECTION('',(0.,0.,1.));
#6433 = ORIENTED_EDGE('',*,*,#6434,.F.);
#6434 = EDGE_CURVE('',#6411,#6427,#6435,.T.);
#6435 = LINE('',#6436,#6437);
#6436 = CARTESIAN_POINT('',(189.3,331.5,97.));
#6437 = VECTOR('',#6438,1.);
#6438 = DIRECTION('',(-0.,1.,0.));
#6439 = PLANE('',#6440);
#6440 = AXIS2_PLACEMENT_3D('',#6441,#6442,#6443);
#6441 = CARTESIAN_POINT('',(189.3,331.5,65.));
#6442 = DIRECTION('',(1.,0.,-0.));
#6443 = DIRECTION('',(0.,0.,1.));
#6444 = ADVANCED_FACE('',(#6445),#6479,.T.);
#6445 = FACE_BOUND('',#6446,.T.);
#6446 = EDGE_LOOP('',(#6447,#6457,#6465,#6473));
#6447 = ORIENTED_EDGE('',*,*,#6448,.F.);
#6448 = EDGE_CURVE('',#6449,#6451,#6453,.T.);
#6449 = VERTEX_POINT('',#6450);
#6450 = CARTESIAN_POINT('',(299.3,331.5,65.));
#6451 = VERTEX_POINT('',#6452);
#6452 = CARTESIAN_POINT('',(299.3,331.5,97.));
#6453 = LINE('',#6454,#6455);
#6454 = CARTESIAN_POINT('',(299.3,331.5,65.));
#6455 = VECTOR('',#6456,1.);
#6456 = DIRECTION('',(0.,0.,1.));
#6457 = ORIENTED_EDGE('',*,*,#6458,.T.);
#6458 = EDGE_CURVE('',#6449,#6459,#6461,.T.);
#6459 = VERTEX_POINT('',#6460);
#6460 = CARTESIAN_POINT('',(299.3,333.5,65.));
#6461 = LINE('',#6462,#6463);
#6462 = CARTESIAN_POINT('',(299.3,331.5,65.));
#6463 = VECTOR('',#6464,1.);
#6464 = DIRECTION('',(-0.,1.,0.));
#6465 = ORIENTED_EDGE('',*,*,#6466,.T.);
#6466 = EDGE_CURVE('',#6459,#6467,#6469,.T.);
#6467 = VERTEX_POINT('',#6468);
#6468 = CARTESIAN_POINT('',(299.3,333.5,97.));
#6469 = LINE('',#6470,#6471);
#6470 = CARTESIAN_POINT('',(299.3,333.5,65.));
#6471 = VECTOR('',#6472,1.);
#6472 = DIRECTION('',(0.,0.,1.));
#6473 = ORIENTED_EDGE('',*,*,#6474,.F.);
#6474 = EDGE_CURVE('',#6451,#6467,#6475,.T.);
#6475 = LINE('',#6476,#6477);
#6476 = CARTESIAN_POINT('',(299.3,331.5,97.));
#6477 = VECTOR('',#6478,1.);
#6478 = DIRECTION('',(-0.,1.,0.));
#6479 = PLANE('',#6480);
#6480 = AXIS2_PLACEMENT_3D('',#6481,#6482,#6483);
#6481 = CARTESIAN_POINT('',(299.3,331.5,65.));
#6482 = DIRECTION('',(1.,0.,-0.));
#6483 = DIRECTION('',(0.,0.,1.));
#6484 = ADVANCED_FACE('',(#6485),#6501,.F.);
#6485 = FACE_BOUND('',#6486,.F.);
#6486 = EDGE_LOOP('',(#6487,#6493,#6494,#6500));
#6487 = ORIENTED_EDGE('',*,*,#6488,.F.);
#6488 = EDGE_CURVE('',#6409,#6449,#6489,.T.);
#6489 = LINE('',#6490,#6491);
#6490 = CARTESIAN_POINT('',(189.3,331.5,65.));
#6491 = VECTOR('',#6492,1.);
#6492 = DIRECTION('',(1.,0.,-0.));
#6493 = ORIENTED_EDGE('',*,*,#6408,.T.);
#6494 = ORIENTED_EDGE('',*,*,#6495,.T.);
#6495 = EDGE_CURVE('',#6411,#6451,#6496,.T.);
#6496 = LINE('',#6497,#6498);
#6497 = CARTESIAN_POINT('',(189.3,331.5,97.));
#6498 = VECTOR('',#6499,1.);
#6499 = DIRECTION('',(1.,0.,-0.));
#6500 = ORIENTED_EDGE('',*,*,#6448,.F.);
#6501 = PLANE('',#6502);
#6502 = AXIS2_PLACEMENT_3D('',#6503,#6504,#6505);
#6503 = CARTESIAN_POINT('',(189.3,331.5,65.));
#6504 = DIRECTION('',(-0.,1.,0.));
#6505 = DIRECTION('',(0.,0.,1.));
#6506 = ADVANCED_FACE('',(#6507),#6523,.T.);
#6507 = FACE_BOUND('',#6508,.T.);
#6508 = EDGE_LOOP('',(#6509,#6515,#6516,#6522));
#6509 = ORIENTED_EDGE('',*,*,#6510,.F.);
#6510 = EDGE_CURVE('',#6419,#6459,#6511,.T.);
#6511 = LINE('',#6512,#6513);
#6512 = CARTESIAN_POINT('',(189.3,333.5,65.));
#6513 = VECTOR('',#6514,1.);
#6514 = DIRECTION('',(1.,0.,-0.));
#6515 = ORIENTED_EDGE('',*,*,#6426,.T.);
#6516 = ORIENTED_EDGE('',*,*,#6517,.T.);
#6517 = EDGE_CURVE('',#6427,#6467,#6518,.T.);
#6518 = LINE('',#6519,#6520);
#6519 = CARTESIAN_POINT('',(189.3,333.5,97.));
#6520 = VECTOR('',#6521,1.);
#6521 = DIRECTION('',(1.,0.,-0.));
#6522 = ORIENTED_EDGE('',*,*,#6466,.F.);
#6523 = PLANE('',#6524);
#6524 = AXIS2_PLACEMENT_3D('',#6525,#6526,#6527);
#6525 = CARTESIAN_POINT('',(189.3,333.5,65.));
#6526 = DIRECTION('',(-0.,1.,0.));
#6527 = DIRECTION('',(0.,0.,1.));
#6528 = ADVANCED_FACE('',(#6529),#6535,.F.);
#6529 = FACE_BOUND('',#6530,.F.);
#6530 = EDGE_LOOP('',(#6531,#6532,#6533,#6534));
#6531 = ORIENTED_EDGE('',*,*,#6418,.F.);
#6532 = ORIENTED_EDGE('',*,*,#6488,.T.);
#6533 = ORIENTED_EDGE('',*,*,#6458,.T.);
#6534 = ORIENTED_EDGE('',*,*,#6510,.F.);
#6535 = PLANE('',#6536);
#6536 = AXIS2_PLACEMENT_3D('',#6537,#6538,#6539);
#6537 = CARTESIAN_POINT('',(189.3,331.5,65.));
#6538 = DIRECTION('',(0.,0.,1.));
#6539 = DIRECTION('',(1.,0.,-0.));
#6540 = ADVANCED_FACE('',(#6541),#6547,.T.);
#6541 = FACE_BOUND('',#6542,.T.);
#6542 = EDGE_LOOP('',(#6543,#6544,#6545,#6546));
#6543 = ORIENTED_EDGE('',*,*,#6434,.F.);
#6544 = ORIENTED_EDGE('',*,*,#6495,.T.);
#6545 = ORIENTED_EDGE('',*,*,#6474,.T.);
#6546 = ORIENTED_EDGE('',*,*,#6517,.F.);
#6547 = PLANE('',#6548);
#6548 = AXIS2_PLACEMENT_3D('',#6549,#6550,#6551);
#6549 = CARTESIAN_POINT('',(189.3,331.5,97.));
#6550 = DIRECTION('',(0.,0.,1.));
#6551 = DIRECTION('',(1.,0.,-0.));
#6552 = ( GEOMETRIC_REPRESENTATION_CONTEXT(3) 
GLOBAL_UNCERTAINTY_ASSIGNED_CONTEXT((#6556)) 
GLOBAL_UNIT_ASSIGNED_CONTEXT((#6553,#6554,#6555)) REPRESENTATION_CONTEXT
('Context #1','3D Context with UNIT and UNCERTAINTY') );
#6553 = ( LENGTH_UNIT() NAMED_UNIT(*) SI_UNIT(.MILLI.,.METRE.) );
#6554 = ( NAMED_UNIT(*) PLANE_ANGLE_UNIT() SI_UNIT($,.RADIAN.) );
#6555 = ( NAMED_UNIT(*) SI_UNIT($,.STERADIAN.) SOLID_ANGLE_UNIT() );
#6556 = UNCERTAINTY_MEASURE_WITH_UNIT(LENGTH_MEASURE(1.E-07),#6553,
  'distance_accuracy_value','confusion accuracy');
#6557 = CONTEXT_DEPENDENT_SHAPE_REPRESENTATION(#6558,#6560);
#6558 = ( REPRESENTATION_RELATIONSHIP('','',#6401,#10) 
REPRESENTATION_RELATIONSHIP_WITH_TRANSFORMATION(#6559) 
SHAPE_REPRESENTATION_RELATIONSHIP() );
#6559 = ITEM_DEFINED_TRANSFORMATION('','',#11,#147);
#6560 = PRODUCT_DEFINITION_SHAPE('Placement','Placement of an item',
  #6561);
#6561 = NEXT_ASSEMBLY_USAGE_OCCURRENCE('34',
  '后部接口安装板占位','',#5,#6396,$);
#6562 = PRODUCT_RELATED_PRODUCT_CATEGORY('part',$,(#6398));
#6563 = SHAPE_DEFINITION_REPRESENTATION(#6564,#6570);
#6564 = PRODUCT_DEFINITION_SHAPE('','',#6565);
#6565 = PRODUCT_DEFINITION('design','',#6566,#6569);
#6566 = PRODUCT_DEFINITION_FORMATION('','',#6567);
#6567 = PRODUCT('马达空间占位','马达空间占位','',(#6568));
#6568 = PRODUCT_CONTEXT('',#2,'mechanical');
#6569 = PRODUCT_DEFINITION_CONTEXT('part definition',#2,'design');
#6570 = ADVANCED_BREP_SHAPE_REPRESENTATION('',(#11,#6571),#6624);
#6571 = MANIFOLD_SOLID_BREP('',#6572);
#6572 = CLOSED_SHELL('',(#6573,#6606,#6615));
#6573 = ADVANCED_FACE('',(#6574),#6601,.T.);
#6574 = FACE_BOUND('',#6575,.T.);
#6575 = EDGE_LOOP('',(#6576,#6585,#6593,#6600));
#6576 = ORIENTED_EDGE('',*,*,#6577,.F.);
#6577 = EDGE_CURVE('',#6578,#6578,#6580,.T.);
#6578 = VERTEX_POINT('',#6579);
#6579 = CARTESIAN_POINT('',(130.,227.,144.));
#6580 = CIRCLE('',#6581,18.);
#6581 = AXIS2_PLACEMENT_3D('',#6582,#6583,#6584);
#6582 = CARTESIAN_POINT('',(112.,227.,144.));
#6583 = DIRECTION('',(0.,0.,1.));
#6584 = DIRECTION('',(1.,0.,-0.));
#6585 = ORIENTED_EDGE('',*,*,#6586,.F.);
#6586 = EDGE_CURVE('',#6587,#6578,#6589,.T.);
#6587 = VERTEX_POINT('',#6588);
#6588 = CARTESIAN_POINT('',(130.,227.,110.));
#6589 = LINE('',#6590,#6591);
#6590 = CARTESIAN_POINT('',(130.,227.,110.));
#6591 = VECTOR('',#6592,1.);
#6592 = DIRECTION('',(0.,0.,1.));
#6593 = ORIENTED_EDGE('',*,*,#6594,.T.);
#6594 = EDGE_CURVE('',#6587,#6587,#6595,.T.);
#6595 = CIRCLE('',#6596,18.);
#6596 = AXIS2_PLACEMENT_3D('',#6597,#6598,#6599);
#6597 = CARTESIAN_POINT('',(112.,227.,110.));
#6598 = DIRECTION('',(0.,0.,1.));
#6599 = DIRECTION('',(1.,0.,-0.));
#6600 = ORIENTED_EDGE('',*,*,#6586,.T.);
#6601 = CYLINDRICAL_SURFACE('',#6602,18.);
#6602 = AXIS2_PLACEMENT_3D('',#6603,#6604,#6605);
#6603 = CARTESIAN_POINT('',(112.,227.,110.));
#6604 = DIRECTION('',(0.,0.,1.));
#6605 = DIRECTION('',(1.,0.,-0.));
#6606 = ADVANCED_FACE('',(#6607),#6610,.T.);
#6607 = FACE_BOUND('',#6608,.T.);
#6608 = EDGE_LOOP('',(#6609));
#6609 = ORIENTED_EDGE('',*,*,#6577,.T.);
#6610 = PLANE('',#6611);
#6611 = AXIS2_PLACEMENT_3D('',#6612,#6613,#6614);
#6612 = CARTESIAN_POINT('',(112.,227.,144.));
#6613 = DIRECTION('',(0.,0.,1.));
#6614 = DIRECTION('',(1.,0.,-0.));
#6615 = ADVANCED_FACE('',(#6616),#6619,.F.);
#6616 = FACE_BOUND('',#6617,.T.);
#6617 = EDGE_LOOP('',(#6618));
#6618 = ORIENTED_EDGE('',*,*,#6594,.F.);
#6619 = PLANE('',#6620);
#6620 = AXIS2_PLACEMENT_3D('',#6621,#6622,#6623);
#6621 = CARTESIAN_POINT('',(112.,227.,110.));
#6622 = DIRECTION('',(0.,0.,1.));
#6623 = DIRECTION('',(1.,0.,-0.));
#6624 = ( GEOMETRIC_REPRESENTATION_CONTEXT(3) 
GLOBAL_UNCERTAINTY_ASSIGNED_CONTEXT((#6628)) 
GLOBAL_UNIT_ASSIGNED_CONTEXT((#6625,#6626,#6627)) REPRESENTATION_CONTEXT
('Context #1','3D Context with UNIT and UNCERTAINTY') );
#6625 = ( LENGTH_UNIT() NAMED_UNIT(*) SI_UNIT(.MILLI.,.METRE.) );
#6626 = ( NAMED_UNIT(*) PLANE_ANGLE_UNIT() SI_UNIT($,.RADIAN.) );
#6627 = ( NAMED_UNIT(*) SI_UNIT($,.STERADIAN.) SOLID_ANGLE_UNIT() );
#6628 = UNCERTAINTY_MEASURE_WITH_UNIT(LENGTH_MEASURE(1.E-07),#6625,
  'distance_accuracy_value','confusion accuracy');
#6629 = CONTEXT_DEPENDENT_SHAPE_REPRESENTATION(#6630,#6632);
#6630 = ( REPRESENTATION_RELATIONSHIP('','',#6570,#10) 
REPRESENTATION_RELATIONSHIP_WITH_TRANSFORMATION(#6631) 
SHAPE_REPRESENTATION_RELATIONSHIP() );
#6631 = ITEM_DEFINED_TRANSFORMATION('','',#11,#151);
#6632 = PRODUCT_DEFINITION_SHAPE('Placement','Placement of an item',
  #6633);
#6633 = NEXT_ASSEMBLY_USAGE_OCCURRENCE('35','马达空间占位','',#5,
  #6565,$);
#6634 = PRODUCT_RELATED_PRODUCT_CATEGORY('part',$,(#6567));
#6635 = SHAPE_DEFINITION_REPRESENTATION(#6636,#6642);
#6636 = PRODUCT_DEFINITION_SHAPE('','',#6637);
#6637 = PRODUCT_DEFINITION('design','',#6638,#6641);
#6638 = PRODUCT_DEFINITION_FORMATION('','',#6639);
#6639 = PRODUCT('主轴轴承空间占位','主轴轴承空间占位',''
  ,(#6640));
#6640 = PRODUCT_CONTEXT('',#2,'mechanical');
#6641 = PRODUCT_DEFINITION_CONTEXT('part definition',#2,'design');
#6642 = ADVANCED_BREP_SHAPE_REPRESENTATION('',(#11,#6643),#6696);
#6643 = MANIFOLD_SOLID_BREP('',#6644);
#6644 = CLOSED_SHELL('',(#6645,#6678,#6687));
#6645 = ADVANCED_FACE('',(#6646),#6673,.T.);
#6646 = FACE_BOUND('',#6647,.T.);
#6647 = EDGE_LOOP('',(#6648,#6657,#6665,#6672));
#6648 = ORIENTED_EDGE('',*,*,#6649,.F.);
#6649 = EDGE_CURVE('',#6650,#6650,#6652,.T.);
#6650 = VERTEX_POINT('',#6651);
#6651 = CARTESIAN_POINT('',(186.,172.,150.));
#6652 = CIRCLE('',#6653,10.);
#6653 = AXIS2_PLACEMENT_3D('',#6654,#6655,#6656);
#6654 = CARTESIAN_POINT('',(176.,172.,150.));
#6655 = DIRECTION('',(0.,0.,1.));
#6656 = DIRECTION('',(1.,0.,-0.));
#6657 = ORIENTED_EDGE('',*,*,#6658,.F.);
#6658 = EDGE_CURVE('',#6659,#6650,#6661,.T.);
#6659 = VERTEX_POINT('',#6660);
#6660 = CARTESIAN_POINT('',(186.,172.,114.));
#6661 = LINE('',#6662,#6663);
#6662 = CARTESIAN_POINT('',(186.,172.,114.));
#6663 = VECTOR('',#6664,1.);
#6664 = DIRECTION('',(0.,0.,1.));
#6665 = ORIENTED_EDGE('',*,*,#6666,.T.);
#6666 = EDGE_CURVE('',#6659,#6659,#6667,.T.);
#6667 = CIRCLE('',#6668,10.);
#6668 = AXIS2_PLACEMENT_3D('',#6669,#6670,#6671);
#6669 = CARTESIAN_POINT('',(176.,172.,114.));
#6670 = DIRECTION('',(0.,0.,1.));
#6671 = DIRECTION('',(1.,0.,-0.));
#6672 = ORIENTED_EDGE('',*,*,#6658,.T.);
#6673 = CYLINDRICAL_SURFACE('',#6674,10.);
#6674 = AXIS2_PLACEMENT_3D('',#6675,#6676,#6677);
#6675 = CARTESIAN_POINT('',(176.,172.,114.));
#6676 = DIRECTION('',(0.,0.,1.));
#6677 = DIRECTION('',(1.,0.,-0.));
#6678 = ADVANCED_FACE('',(#6679),#6682,.T.);
#6679 = FACE_BOUND('',#6680,.T.);
#6680 = EDGE_LOOP('',(#6681));
#6681 = ORIENTED_EDGE('',*,*,#6649,.T.);
#6682 = PLANE('',#6683);
#6683 = AXIS2_PLACEMENT_3D('',#6684,#6685,#6686);
#6684 = CARTESIAN_POINT('',(176.,172.,150.));
#6685 = DIRECTION('',(0.,0.,1.));
#6686 = DIRECTION('',(1.,0.,-0.));
#6687 = ADVANCED_FACE('',(#6688),#6691,.F.);
#6688 = FACE_BOUND('',#6689,.T.);
#6689 = EDGE_LOOP('',(#6690));
#6690 = ORIENTED_EDGE('',*,*,#6666,.F.);
#6691 = PLANE('',#6692);
#6692 = AXIS2_PLACEMENT_3D('',#6693,#6694,#6695);
#6693 = CARTESIAN_POINT('',(176.,172.,114.));
#6694 = DIRECTION('',(0.,0.,1.));
#6695 = DIRECTION('',(1.,0.,-0.));
#6696 = ( GEOMETRIC_REPRESENTATION_CONTEXT(3) 
GLOBAL_UNCERTAINTY_ASSIGNED_CONTEXT((#6700)) 
GLOBAL_UNIT_ASSIGNED_CONTEXT((#6697,#6698,#6699)) REPRESENTATION_CONTEXT
('Context #1','3D Context with UNIT and UNCERTAINTY') );
#6697 = ( LENGTH_UNIT() NAMED_UNIT(*) SI_UNIT(.MILLI.,.METRE.) );
#6698 = ( NAMED_UNIT(*) PLANE_ANGLE_UNIT() SI_UNIT($,.RADIAN.) );
#6699 = ( NAMED_UNIT(*) SI_UNIT($,.STERADIAN.) SOLID_ANGLE_UNIT() );
#6700 = UNCERTAINTY_MEASURE_WITH_UNIT(LENGTH_MEASURE(1.E-07),#6697,
  'distance_accuracy_value','confusion accuracy');
#6701 = CONTEXT_DEPENDENT_SHAPE_REPRESENTATION(#6702,#6704);
#6702 = ( REPRESENTATION_RELATIONSHIP('','',#6642,#10) 
REPRESENTATION_RELATIONSHIP_WITH_TRANSFORMATION(#6703) 
SHAPE_REPRESENTATION_RELATIONSHIP() );
#6703 = ITEM_DEFINED_TRANSFORMATION('','',#11,#155);
#6704 = PRODUCT_DEFINITION_SHAPE('Placement','Placement of an item',
  #6705);
#6705 = NEXT_ASSEMBLY_USAGE_OCCURRENCE('36','主轴轴承空间占位',
  '',#5,#6637,$);
#6706 = PRODUCT_RELATED_PRODUCT_CATEGORY('part',$,(#6639));
#6707 = SHAPE_DEFINITION_REPRESENTATION(#6708,#6714);
#6708 = PRODUCT_DEFINITION_SHAPE('','',#6709);
#6709 = PRODUCT_DEFINITION('design','',#6710,#6713);
#6710 = PRODUCT_DEFINITION_FORMATION('','',#6711);
#6711 = PRODUCT('唱盘支承轮毂','唱盘支承轮毂','',(#6712));
#6712 = PRODUCT_CONTEXT('',#2,'mechanical');
#6713 = PRODUCT_DEFINITION_CONTEXT('part definition',#2,'design');
#6714 = ADVANCED_BREP_SHAPE_REPRESENTATION('',(#11,#6715),#6768);
#6715 = MANIFOLD_SOLID_BREP('',#6716);
#6716 = CLOSED_SHELL('',(#6717,#6750,#6759));
#6717 = ADVANCED_FACE('',(#6718),#6745,.T.);
#6718 = FACE_BOUND('',#6719,.T.);
#6719 = EDGE_LOOP('',(#6720,#6729,#6737,#6744));
#6720 = ORIENTED_EDGE('',*,*,#6721,.F.);
#6721 = EDGE_CURVE('',#6722,#6722,#6724,.T.);
#6722 = VERTEX_POINT('',#6723);
#6723 = CARTESIAN_POINT('',(208.,172.,153.));
#6724 = CIRCLE('',#6725,32.);
#6725 = AXIS2_PLACEMENT_3D('',#6726,#6727,#6728);
#6726 = CARTESIAN_POINT('',(176.,172.,153.));
#6727 = DIRECTION('',(0.,0.,1.));
#6728 = DIRECTION('',(1.,0.,-0.));
#6729 = ORIENTED_EDGE('',*,*,#6730,.F.);
#6730 = EDGE_CURVE('',#6731,#6722,#6733,.T.);
#6731 = VERTEX_POINT('',#6732);
#6732 = CARTESIAN_POINT('',(208.,172.,150.));
#6733 = LINE('',#6734,#6735);
#6734 = CARTESIAN_POINT('',(208.,172.,150.));
#6735 = VECTOR('',#6736,1.);
#6736 = DIRECTION('',(0.,0.,1.));
#6737 = ORIENTED_EDGE('',*,*,#6738,.T.);
#6738 = EDGE_CURVE('',#6731,#6731,#6739,.T.);
#6739 = CIRCLE('',#6740,32.);
#6740 = AXIS2_PLACEMENT_3D('',#6741,#6742,#6743);
#6741 = CARTESIAN_POINT('',(176.,172.,150.));
#6742 = DIRECTION('',(0.,0.,1.));
#6743 = DIRECTION('',(1.,0.,-0.));
#6744 = ORIENTED_EDGE('',*,*,#6730,.T.);
#6745 = CYLINDRICAL_SURFACE('',#6746,32.);
#6746 = AXIS2_PLACEMENT_3D('',#6747,#6748,#6749);
#6747 = CARTESIAN_POINT('',(176.,172.,150.));
#6748 = DIRECTION('',(0.,0.,1.));
#6749 = DIRECTION('',(1.,0.,-0.));
#6750 = ADVANCED_FACE('',(#6751),#6754,.T.);
#6751 = FACE_BOUND('',#6752,.T.);
#6752 = EDGE_LOOP('',(#6753));
#6753 = ORIENTED_EDGE('',*,*,#6721,.T.);
#6754 = PLANE('',#6755);
#6755 = AXIS2_PLACEMENT_3D('',#6756,#6757,#6758);
#6756 = CARTESIAN_POINT('',(176.,172.,153.));
#6757 = DIRECTION('',(0.,0.,1.));
#6758 = DIRECTION('',(1.,0.,-0.));
#6759 = ADVANCED_FACE('',(#6760),#6763,.F.);
#6760 = FACE_BOUND('',#6761,.T.);
#6761 = EDGE_LOOP('',(#6762));
#6762 = ORIENTED_EDGE('',*,*,#6738,.F.);
#6763 = PLANE('',#6764);
#6764 = AXIS2_PLACEMENT_3D('',#6765,#6766,#6767);
#6765 = CARTESIAN_POINT('',(176.,172.,150.));
#6766 = DIRECTION('',(0.,0.,1.));
#6767 = DIRECTION('',(1.,0.,-0.));
#6768 = ( GEOMETRIC_REPRESENTATION_CONTEXT(3) 
GLOBAL_UNCERTAINTY_ASSIGNED_CONTEXT((#6772)) 
GLOBAL_UNIT_ASSIGNED_CONTEXT((#6769,#6770,#6771)) REPRESENTATION_CONTEXT
('Context #1','3D Context with UNIT and UNCERTAINTY') );
#6769 = ( LENGTH_UNIT() NAMED_UNIT(*) SI_UNIT(.MILLI.,.METRE.) );
#6770 = ( NAMED_UNIT(*) PLANE_ANGLE_UNIT() SI_UNIT($,.RADIAN.) );
#6771 = ( NAMED_UNIT(*) SI_UNIT($,.STERADIAN.) SOLID_ANGLE_UNIT() );
#6772 = UNCERTAINTY_MEASURE_WITH_UNIT(LENGTH_MEASURE(1.E-07),#6769,
  'distance_accuracy_value','confusion accuracy');
#6773 = CONTEXT_DEPENDENT_SHAPE_REPRESENTATION(#6774,#6776);
#6774 = ( REPRESENTATION_RELATIONSHIP('','',#6714,#10) 
REPRESENTATION_RELATIONSHIP_WITH_TRANSFORMATION(#6775) 
SHAPE_REPRESENTATION_RELATIONSHIP() );
#6775 = ITEM_DEFINED_TRANSFORMATION('','',#11,#159);
#6776 = PRODUCT_DEFINITION_SHAPE('Placement','Placement of an item',
  #6777);
#6777 = NEXT_ASSEMBLY_USAGE_OCCURRENCE('37','唱盘支承轮毂','',#5,
  #6709,$);
#6778 = PRODUCT_RELATED_PRODUCT_CATEGORY('part',$,(#6711));
#6779 = SHAPE_DEFINITION_REPRESENTATION(#6780,#6786);
#6780 = PRODUCT_DEFINITION_SHAPE('','',#6781);
#6781 = PRODUCT_DEFINITION('design','',#6782,#6785);
#6782 = PRODUCT_DEFINITION_FORMATION('','',#6783);
#6783 = PRODUCT('Ø300 唱盘','Ø300 唱盘','',(#6784));
#6784 = PRODUCT_CONTEXT('',#2,'mechanical');
#6785 = PRODUCT_DEFINITION_CONTEXT('part definition',#2,'design');
#6786 = ADVANCED_BREP_SHAPE_REPRESENTATION('',(#11,#6787),#6840);
#6787 = MANIFOLD_SOLID_BREP('',#6788);
#6788 = CLOSED_SHELL('',(#6789,#6822,#6831));
#6789 = ADVANCED_FACE('',(#6790),#6817,.T.);
#6790 = FACE_BOUND('',#6791,.T.);
#6791 = EDGE_LOOP('',(#6792,#6801,#6809,#6816));
#6792 = ORIENTED_EDGE('',*,*,#6793,.F.);
#6793 = EDGE_CURVE('',#6794,#6794,#6796,.T.);
#6794 = VERTEX_POINT('',#6795);
#6795 = CARTESIAN_POINT('',(326.,172.,165.));
#6796 = CIRCLE('',#6797,150.);
#6797 = AXIS2_PLACEMENT_3D('',#6798,#6799,#6800);
#6798 = CARTESIAN_POINT('',(176.,172.,165.));
#6799 = DIRECTION('',(0.,0.,1.));
#6800 = DIRECTION('',(1.,0.,-0.));
#6801 = ORIENTED_EDGE('',*,*,#6802,.F.);
#6802 = EDGE_CURVE('',#6803,#6794,#6805,.T.);
#6803 = VERTEX_POINT('',#6804);
#6804 = CARTESIAN_POINT('',(326.,172.,153.));
#6805 = LINE('',#6806,#6807);
#6806 = CARTESIAN_POINT('',(326.,172.,153.));
#6807 = VECTOR('',#6808,1.);
#6808 = DIRECTION('',(0.,0.,1.));
#6809 = ORIENTED_EDGE('',*,*,#6810,.T.);
#6810 = EDGE_CURVE('',#6803,#6803,#6811,.T.);
#6811 = CIRCLE('',#6812,150.);
#6812 = AXIS2_PLACEMENT_3D('',#6813,#6814,#6815);
#6813 = CARTESIAN_POINT('',(176.,172.,153.));
#6814 = DIRECTION('',(0.,0.,1.));
#6815 = DIRECTION('',(1.,0.,-0.));
#6816 = ORIENTED_EDGE('',*,*,#6802,.T.);
#6817 = CYLINDRICAL_SURFACE('',#6818,150.);
#6818 = AXIS2_PLACEMENT_3D('',#6819,#6820,#6821);
#6819 = CARTESIAN_POINT('',(176.,172.,153.));
#6820 = DIRECTION('',(0.,0.,1.));
#6821 = DIRECTION('',(1.,0.,-0.));
#6822 = ADVANCED_FACE('',(#6823),#6826,.T.);
#6823 = FACE_BOUND('',#6824,.T.);
#6824 = EDGE_LOOP('',(#6825));
#6825 = ORIENTED_EDGE('',*,*,#6793,.T.);
#6826 = PLANE('',#6827);
#6827 = AXIS2_PLACEMENT_3D('',#6828,#6829,#6830);
#6828 = CARTESIAN_POINT('',(176.,172.,165.));
#6829 = DIRECTION('',(0.,0.,1.));
#6830 = DIRECTION('',(1.,0.,-0.));
#6831 = ADVANCED_FACE('',(#6832),#6835,.F.);
#6832 = FACE_BOUND('',#6833,.T.);
#6833 = EDGE_LOOP('',(#6834));
#6834 = ORIENTED_EDGE('',*,*,#6810,.F.);
#6835 = PLANE('',#6836);
#6836 = AXIS2_PLACEMENT_3D('',#6837,#6838,#6839);
#6837 = CARTESIAN_POINT('',(176.,172.,153.));
#6838 = DIRECTION('',(0.,0.,1.));
#6839 = DIRECTION('',(1.,0.,-0.));
#6840 = ( GEOMETRIC_REPRESENTATION_CONTEXT(3) 
GLOBAL_UNCERTAINTY_ASSIGNED_CONTEXT((#6844)) 
GLOBAL_UNIT_ASSIGNED_CONTEXT((#6841,#6842,#6843)) REPRESENTATION_CONTEXT
('Context #1','3D Context with UNIT and UNCERTAINTY') );
#6841 = ( LENGTH_UNIT() NAMED_UNIT(*) SI_UNIT(.MILLI.,.METRE.) );
#6842 = ( NAMED_UNIT(*) PLANE_ANGLE_UNIT() SI_UNIT($,.RADIAN.) );
#6843 = ( NAMED_UNIT(*) SI_UNIT($,.STERADIAN.) SOLID_ANGLE_UNIT() );
#6844 = UNCERTAINTY_MEASURE_WITH_UNIT(LENGTH_MEASURE(1.E-07),#6841,
  'distance_accuracy_value','confusion accuracy');
#6845 = CONTEXT_DEPENDENT_SHAPE_REPRESENTATION(#6846,#6848);
#6846 = ( REPRESENTATION_RELATIONSHIP('','',#6786,#10) 
REPRESENTATION_RELATIONSHIP_WITH_TRANSFORMATION(#6847) 
SHAPE_REPRESENTATION_RELATIONSHIP() );
#6847 = ITEM_DEFINED_TRANSFORMATION('','',#11,#163);
#6848 = PRODUCT_DEFINITION_SHAPE('Placement','Placement of an item',
  #6849);
#6849 = NEXT_ASSEMBLY_USAGE_OCCURRENCE('38','Ø300 唱盘','',#5,#6781,$
  );
#6850 = PRODUCT_RELATED_PRODUCT_CATEGORY('part',$,(#6783));
#6851 = SHAPE_DEFINITION_REPRESENTATION(#6852,#6858);
#6852 = PRODUCT_DEFINITION_SHAPE('','',#6853);
#6853 = PRODUCT_DEFINITION('design','',#6854,#6857);
#6854 = PRODUCT_DEFINITION_FORMATION('','',#6855);
#6855 = PRODUCT('唱片垫','唱片垫','',(#6856));
#6856 = PRODUCT_CONTEXT('',#2,'mechanical');
#6857 = PRODUCT_DEFINITION_CONTEXT('part definition',#2,'design');
#6858 = ADVANCED_BREP_SHAPE_REPRESENTATION('',(#11,#6859),#6912);
#6859 = MANIFOLD_SOLID_BREP('',#6860);
#6860 = CLOSED_SHELL('',(#6861,#6894,#6903));
#6861 = ADVANCED_FACE('',(#6862),#6889,.T.);
#6862 = FACE_BOUND('',#6863,.T.);
#6863 = EDGE_LOOP('',(#6864,#6873,#6881,#6888));
#6864 = ORIENTED_EDGE('',*,*,#6865,.F.);
#6865 = EDGE_CURVE('',#6866,#6866,#6868,.T.);
#6866 = VERTEX_POINT('',#6867);
#6867 = CARTESIAN_POINT('',(325.,172.,167.));
#6868 = CIRCLE('',#6869,149.);
#6869 = AXIS2_PLACEMENT_3D('',#6870,#6871,#6872);
#6870 = CARTESIAN_POINT('',(176.,172.,167.));
#6871 = DIRECTION('',(0.,0.,1.));
#6872 = DIRECTION('',(1.,0.,-0.));
#6873 = ORIENTED_EDGE('',*,*,#6874,.F.);
#6874 = EDGE_CURVE('',#6875,#6866,#6877,.T.);
#6875 = VERTEX_POINT('',#6876);
#6876 = CARTESIAN_POINT('',(325.,172.,165.));
#6877 = LINE('',#6878,#6879);
#6878 = CARTESIAN_POINT('',(325.,172.,165.));
#6879 = VECTOR('',#6880,1.);
#6880 = DIRECTION('',(0.,0.,1.));
#6881 = ORIENTED_EDGE('',*,*,#6882,.T.);
#6882 = EDGE_CURVE('',#6875,#6875,#6883,.T.);
#6883 = CIRCLE('',#6884,149.);
#6884 = AXIS2_PLACEMENT_3D('',#6885,#6886,#6887);
#6885 = CARTESIAN_POINT('',(176.,172.,165.));
#6886 = DIRECTION('',(0.,0.,1.));
#6887 = DIRECTION('',(1.,0.,-0.));
#6888 = ORIENTED_EDGE('',*,*,#6874,.T.);
#6889 = CYLINDRICAL_SURFACE('',#6890,149.);
#6890 = AXIS2_PLACEMENT_3D('',#6891,#6892,#6893);
#6891 = CARTESIAN_POINT('',(176.,172.,165.));
#6892 = DIRECTION('',(0.,0.,1.));
#6893 = DIRECTION('',(1.,0.,-0.));
#6894 = ADVANCED_FACE('',(#6895),#6898,.T.);
#6895 = FACE_BOUND('',#6896,.T.);
#6896 = EDGE_LOOP('',(#6897));
#6897 = ORIENTED_EDGE('',*,*,#6865,.T.);
#6898 = PLANE('',#6899);
#6899 = AXIS2_PLACEMENT_3D('',#6900,#6901,#6902);
#6900 = CARTESIAN_POINT('',(176.,172.,167.));
#6901 = DIRECTION('',(0.,0.,1.));
#6902 = DIRECTION('',(1.,0.,-0.));
#6903 = ADVANCED_FACE('',(#6904),#6907,.F.);
#6904 = FACE_BOUND('',#6905,.T.);
#6905 = EDGE_LOOP('',(#6906));
#6906 = ORIENTED_EDGE('',*,*,#6882,.F.);
#6907 = PLANE('',#6908);
#6908 = AXIS2_PLACEMENT_3D('',#6909,#6910,#6911);
#6909 = CARTESIAN_POINT('',(176.,172.,165.));
#6910 = DIRECTION('',(0.,0.,1.));
#6911 = DIRECTION('',(1.,0.,-0.));
#6912 = ( GEOMETRIC_REPRESENTATION_CONTEXT(3) 
GLOBAL_UNCERTAINTY_ASSIGNED_CONTEXT((#6916)) 
GLOBAL_UNIT_ASSIGNED_CONTEXT((#6913,#6914,#6915)) REPRESENTATION_CONTEXT
('Context #1','3D Context with UNIT and UNCERTAINTY') );
#6913 = ( LENGTH_UNIT() NAMED_UNIT(*) SI_UNIT(.MILLI.,.METRE.) );
#6914 = ( NAMED_UNIT(*) PLANE_ANGLE_UNIT() SI_UNIT($,.RADIAN.) );
#6915 = ( NAMED_UNIT(*) SI_UNIT($,.STERADIAN.) SOLID_ANGLE_UNIT() );
#6916 = UNCERTAINTY_MEASURE_WITH_UNIT(LENGTH_MEASURE(1.E-07),#6913,
  'distance_accuracy_value','confusion accuracy');
#6917 = CONTEXT_DEPENDENT_SHAPE_REPRESENTATION(#6918,#6920);
#6918 = ( REPRESENTATION_RELATIONSHIP('','',#6858,#10) 
REPRESENTATION_RELATIONSHIP_WITH_TRANSFORMATION(#6919) 
SHAPE_REPRESENTATION_RELATIONSHIP() );
#6919 = ITEM_DEFINED_TRANSFORMATION('','',#11,#167);
#6920 = PRODUCT_DEFINITION_SHAPE('Placement','Placement of an item',
  #6921);
#6921 = NEXT_ASSEMBLY_USAGE_OCCURRENCE('39','唱片垫','',#5,#6853,$);
#6922 = PRODUCT_RELATED_PRODUCT_CATEGORY('part',$,(#6855));
#6923 = SHAPE_DEFINITION_REPRESENTATION(#6924,#6930);
#6924 = PRODUCT_DEFINITION_SHAPE('','',#6925);
#6925 = PRODUCT_DEFINITION('design','',#6926,#6929);
#6926 = PRODUCT_DEFINITION_FORMATION('','',#6927);
#6927 = PRODUCT('唱片垫细环','唱片垫细环','',(#6928));
#6928 = PRODUCT_CONTEXT('',#2,'mechanical');
#6929 = PRODUCT_DEFINITION_CONTEXT('part definition',#2,'design');
#6930 = ADVANCED_BREP_SHAPE_REPRESENTATION('',(#11,#6931),#7023);
#6931 = MANIFOLD_SOLID_BREP('',#6932);
#6932 = CLOSED_SHELL('',(#6933,#6966,#6986,#7006));
#6933 = ADVANCED_FACE('',(#6934),#6961,.T.);
#6934 = FACE_BOUND('',#6935,.T.);
#6935 = EDGE_LOOP('',(#6936,#6945,#6953,#6960));
#6936 = ORIENTED_EDGE('',*,*,#6937,.F.);
#6937 = EDGE_CURVE('',#6938,#6938,#6940,.T.);
#6938 = VERTEX_POINT('',#6939);
#6939 = CARTESIAN_POINT('',(319.,172.,167.12));
#6940 = CIRCLE('',#6941,143.);
#6941 = AXIS2_PLACEMENT_3D('',#6942,#6943,#6944);
#6942 = CARTESIAN_POINT('',(176.,172.,167.12));
#6943 = DIRECTION('',(0.,0.,1.));
#6944 = DIRECTION('',(1.,0.,-0.));
#6945 = ORIENTED_EDGE('',*,*,#6946,.F.);
#6946 = EDGE_CURVE('',#6947,#6938,#6949,.T.);
#6947 = VERTEX_POINT('',#6948);
#6948 = CARTESIAN_POINT('',(319.,172.,167.));
#6949 = LINE('',#6950,#6951);
#6950 = CARTESIAN_POINT('',(319.,172.,167.));
#6951 = VECTOR('',#6952,1.);
#6952 = DIRECTION('',(0.,0.,1.));
#6953 = ORIENTED_EDGE('',*,*,#6954,.T.);
#6954 = EDGE_CURVE('',#6947,#6947,#6955,.T.);
#6955 = CIRCLE('',#6956,143.);
#6956 = AXIS2_PLACEMENT_3D('',#6957,#6958,#6959);
#6957 = CARTESIAN_POINT('',(176.,172.,167.));
#6958 = DIRECTION('',(0.,0.,1.));
#6959 = DIRECTION('',(1.,0.,-0.));
#6960 = ORIENTED_EDGE('',*,*,#6946,.T.);
#6961 = CYLINDRICAL_SURFACE('',#6962,143.);
#6962 = AXIS2_PLACEMENT_3D('',#6963,#6964,#6965);
#6963 = CARTESIAN_POINT('',(176.,172.,167.));
#6964 = DIRECTION('',(0.,0.,1.));
#6965 = DIRECTION('',(1.,0.,-0.));
#6966 = ADVANCED_FACE('',(#6967,#6970),#6981,.T.);
#6967 = FACE_BOUND('',#6968,.T.);
#6968 = EDGE_LOOP('',(#6969));
#6969 = ORIENTED_EDGE('',*,*,#6937,.T.);
#6970 = FACE_BOUND('',#6971,.T.);
#6971 = EDGE_LOOP('',(#6972));
#6972 = ORIENTED_EDGE('',*,*,#6973,.F.);
#6973 = EDGE_CURVE('',#6974,#6974,#6976,.T.);
#6974 = VERTEX_POINT('',#6975);
#6975 = CARTESIAN_POINT('',(318.7,172.,167.12));
#6976 = CIRCLE('',#6977,142.7);
#6977 = AXIS2_PLACEMENT_3D('',#6978,#6979,#6980);
#6978 = CARTESIAN_POINT('',(176.,172.,167.12));
#6979 = DIRECTION('',(0.,0.,1.));
#6980 = DIRECTION('',(1.,0.,-0.));
#6981 = PLANE('',#6982);
#6982 = AXIS2_PLACEMENT_3D('',#6983,#6984,#6985);
#6983 = CARTESIAN_POINT('',(176.,172.,167.12));
#6984 = DIRECTION('',(0.,0.,1.));
#6985 = DIRECTION('',(1.,0.,-0.));
#6986 = ADVANCED_FACE('',(#6987,#6990),#7001,.F.);
#6987 = FACE_BOUND('',#6988,.F.);
#6988 = EDGE_LOOP('',(#6989));
#6989 = ORIENTED_EDGE('',*,*,#6954,.T.);
#6990 = FACE_BOUND('',#6991,.F.);
#6991 = EDGE_LOOP('',(#6992));
#6992 = ORIENTED_EDGE('',*,*,#6993,.F.);
#6993 = EDGE_CURVE('',#6994,#6994,#6996,.T.);
#6994 = VERTEX_POINT('',#6995);
#6995 = CARTESIAN_POINT('',(318.7,172.,167.));
#6996 = CIRCLE('',#6997,142.7);
#6997 = AXIS2_PLACEMENT_3D('',#6998,#6999,#7000);
#6998 = CARTESIAN_POINT('',(176.,172.,167.));
#6999 = DIRECTION('',(0.,0.,1.));
#7000 = DIRECTION('',(1.,0.,-0.));
#7001 = PLANE('',#7002);
#7002 = AXIS2_PLACEMENT_3D('',#7003,#7004,#7005);
#7003 = CARTESIAN_POINT('',(176.,172.,167.));
#7004 = DIRECTION('',(0.,0.,1.));
#7005 = DIRECTION('',(1.,0.,-0.));
#7006 = ADVANCED_FACE('',(#7007),#7018,.F.);
#7007 = FACE_BOUND('',#7008,.F.);
#7008 = EDGE_LOOP('',(#7009,#7010,#7016,#7017));
#7009 = ORIENTED_EDGE('',*,*,#6973,.F.);
#7010 = ORIENTED_EDGE('',*,*,#7011,.F.);
#7011 = EDGE_CURVE('',#6994,#6974,#7012,.T.);
#7012 = LINE('',#7013,#7014);
#7013 = CARTESIAN_POINT('',(318.7,172.,167.));
#7014 = VECTOR('',#7015,1.);
#7015 = DIRECTION('',(0.,0.,1.));
#7016 = ORIENTED_EDGE('',*,*,#6993,.T.);
#7017 = ORIENTED_EDGE('',*,*,#7011,.T.);
#7018 = CYLINDRICAL_SURFACE('',#7019,142.7);
#7019 = AXIS2_PLACEMENT_3D('',#7020,#7021,#7022);
#7020 = CARTESIAN_POINT('',(176.,172.,167.));
#7021 = DIRECTION('',(0.,0.,1.));
#7022 = DIRECTION('',(1.,0.,-0.));
#7023 = ( GEOMETRIC_REPRESENTATION_CONTEXT(3) 
GLOBAL_UNCERTAINTY_ASSIGNED_CONTEXT((#7027)) 
GLOBAL_UNIT_ASSIGNED_CONTEXT((#7024,#7025,#7026)) REPRESENTATION_CONTEXT
('Context #1','3D Context with UNIT and UNCERTAINTY') );
#7024 = ( LENGTH_UNIT() NAMED_UNIT(*) SI_UNIT(.MILLI.,.METRE.) );
#7025 = ( NAMED_UNIT(*) PLANE_ANGLE_UNIT() SI_UNIT($,.RADIAN.) );
#7026 = ( NAMED_UNIT(*) SI_UNIT($,.STERADIAN.) SOLID_ANGLE_UNIT() );
#7027 = UNCERTAINTY_MEASURE_WITH_UNIT(LENGTH_MEASURE(1.E-07),#7024,
  'distance_accuracy_value','confusion accuracy');
#7028 = CONTEXT_DEPENDENT_SHAPE_REPRESENTATION(#7029,#7031);
#7029 = ( REPRESENTATION_RELATIONSHIP('','',#6930,#10) 
REPRESENTATION_RELATIONSHIP_WITH_TRANSFORMATION(#7030) 
SHAPE_REPRESENTATION_RELATIONSHIP() );
#7030 = ITEM_DEFINED_TRANSFORMATION('','',#11,#171);
#7031 = PRODUCT_DEFINITION_SHAPE('Placement','Placement of an item',
  #7032);
#7032 = NEXT_ASSEMBLY_USAGE_OCCURRENCE('40','唱片垫细环','',#5,
  #6925,$);
#7033 = PRODUCT_RELATED_PRODUCT_CATEGORY('part',$,(#6927));
#7034 = SHAPE_DEFINITION_REPRESENTATION(#7035,#7041);
#7035 = PRODUCT_DEFINITION_SHAPE('','',#7036);
#7036 = PRODUCT_DEFINITION('design','',#7037,#7040);
#7037 = PRODUCT_DEFINITION_FORMATION('','',#7038);
#7038 = PRODUCT('主轴','主轴','',(#7039));
#7039 = PRODUCT_CONTEXT('',#2,'mechanical');
#7040 = PRODUCT_DEFINITION_CONTEXT('part definition',#2,'design');
#7041 = ADVANCED_BREP_SHAPE_REPRESENTATION('',(#11,#7042),#7095);
#7042 = MANIFOLD_SOLID_BREP('',#7043);
#7043 = CLOSED_SHELL('',(#7044,#7077,#7086));
#7044 = ADVANCED_FACE('',(#7045),#7072,.T.);
#7045 = FACE_BOUND('',#7046,.T.);
#7046 = EDGE_LOOP('',(#7047,#7056,#7064,#7071));
#7047 = ORIENTED_EDGE('',*,*,#7048,.F.);
#7048 = EDGE_CURVE('',#7049,#7049,#7051,.T.);
#7049 = VERTEX_POINT('',#7050);
#7050 = CARTESIAN_POINT('',(179.5,172.,178.));
#7051 = CIRCLE('',#7052,3.5);
#7052 = AXIS2_PLACEMENT_3D('',#7053,#7054,#7055);
#7053 = CARTESIAN_POINT('',(176.,172.,178.));
#7054 = DIRECTION('',(0.,0.,1.));
#7055 = DIRECTION('',(1.,0.,-0.));
#7056 = ORIENTED_EDGE('',*,*,#7057,.F.);
#7057 = EDGE_CURVE('',#7058,#7049,#7060,.T.);
#7058 = VERTEX_POINT('',#7059);
#7059 = CARTESIAN_POINT('',(179.5,172.,167.));
#7060 = LINE('',#7061,#7062);
#7061 = CARTESIAN_POINT('',(179.5,172.,167.));
#7062 = VECTOR('',#7063,1.);
#7063 = DIRECTION('',(0.,0.,1.));
#7064 = ORIENTED_EDGE('',*,*,#7065,.T.);
#7065 = EDGE_CURVE('',#7058,#7058,#7066,.T.);
#7066 = CIRCLE('',#7067,3.5);
#7067 = AXIS2_PLACEMENT_3D('',#7068,#7069,#7070);
#7068 = CARTESIAN_POINT('',(176.,172.,167.));
#7069 = DIRECTION('',(0.,0.,1.));
#7070 = DIRECTION('',(1.,0.,-0.));
#7071 = ORIENTED_EDGE('',*,*,#7057,.T.);
#7072 = CYLINDRICAL_SURFACE('',#7073,3.5);
#7073 = AXIS2_PLACEMENT_3D('',#7074,#7075,#7076);
#7074 = CARTESIAN_POINT('',(176.,172.,167.));
#7075 = DIRECTION('',(0.,0.,1.));
#7076 = DIRECTION('',(1.,0.,-0.));
#7077 = ADVANCED_FACE('',(#7078),#7081,.T.);
#7078 = FACE_BOUND('',#7079,.T.);
#7079 = EDGE_LOOP('',(#7080));
#7080 = ORIENTED_EDGE('',*,*,#7048,.T.);
#7081 = PLANE('',#7082);
#7082 = AXIS2_PLACEMENT_3D('',#7083,#7084,#7085);
#7083 = CARTESIAN_POINT('',(176.,172.,178.));
#7084 = DIRECTION('',(0.,0.,1.));
#7085 = DIRECTION('',(1.,0.,-0.));
#7086 = ADVANCED_FACE('',(#7087),#7090,.F.);
#7087 = FACE_BOUND('',#7088,.T.);
#7088 = EDGE_LOOP('',(#7089));
#7089 = ORIENTED_EDGE('',*,*,#7065,.F.);
#7090 = PLANE('',#7091);
#7091 = AXIS2_PLACEMENT_3D('',#7092,#7093,#7094);
#7092 = CARTESIAN_POINT('',(176.,172.,167.));
#7093 = DIRECTION('',(0.,0.,1.));
#7094 = DIRECTION('',(1.,0.,-0.));
#7095 = ( GEOMETRIC_REPRESENTATION_CONTEXT(3) 
GLOBAL_UNCERTAINTY_ASSIGNED_CONTEXT((#7099)) 
GLOBAL_UNIT_ASSIGNED_CONTEXT((#7096,#7097,#7098)) REPRESENTATION_CONTEXT
('Context #1','3D Context with UNIT and UNCERTAINTY') );
#7096 = ( LENGTH_UNIT() NAMED_UNIT(*) SI_UNIT(.MILLI.,.METRE.) );
#7097 = ( NAMED_UNIT(*) PLANE_ANGLE_UNIT() SI_UNIT($,.RADIAN.) );
#7098 = ( NAMED_UNIT(*) SI_UNIT($,.STERADIAN.) SOLID_ANGLE_UNIT() );
#7099 = UNCERTAINTY_MEASURE_WITH_UNIT(LENGTH_MEASURE(1.E-07),#7096,
  'distance_accuracy_value','confusion accuracy');
#7100 = CONTEXT_DEPENDENT_SHAPE_REPRESENTATION(#7101,#7103);
#7101 = ( REPRESENTATION_RELATIONSHIP('','',#7041,#10) 
REPRESENTATION_RELATIONSHIP_WITH_TRANSFORMATION(#7102) 
SHAPE_REPRESENTATION_RELATIONSHIP() );
#7102 = ITEM_DEFINED_TRANSFORMATION('','',#11,#175);
#7103 = PRODUCT_DEFINITION_SHAPE('Placement','Placement of an item',
  #7104);
#7104 = NEXT_ASSEMBLY_USAGE_OCCURRENCE('41','主轴','',#5,#7036,$);
#7105 = PRODUCT_RELATED_PRODUCT_CATEGORY('part',$,(#7038));
#7106 = SHAPE_DEFINITION_REPRESENTATION(#7107,#7113);
#7107 = PRODUCT_DEFINITION_SHAPE('','',#7108);
#7108 = PRODUCT_DEFINITION('design','',#7109,#7112);
#7109 = PRODUCT_DEFINITION_FORMATION('','',#7110);
#7110 = PRODUCT('左前旋钮底座','左前旋钮底座','',(#7111));
#7111 = PRODUCT_CONTEXT('',#2,'mechanical');
#7112 = PRODUCT_DEFINITION_CONTEXT('part definition',#2,'design');
#7113 = ADVANCED_BREP_SHAPE_REPRESENTATION('',(#11,#7114),#7167);
#7114 = MANIFOLD_SOLID_BREP('',#7115);
#7115 = CLOSED_SHELL('',(#7116,#7149,#7158));
#7116 = ADVANCED_FACE('',(#7117),#7144,.T.);
#7117 = FACE_BOUND('',#7118,.T.);
#7118 = EDGE_LOOP('',(#7119,#7128,#7136,#7143));
#7119 = ORIENTED_EDGE('',*,*,#7120,.F.);
#7120 = EDGE_CURVE('',#7121,#7121,#7123,.T.);
#7121 = VERTEX_POINT('',#7122);
#7122 = CARTESIAN_POINT('',(63.,43.,152.));
#7123 = CIRCLE('',#7124,17.);
#7124 = AXIS2_PLACEMENT_3D('',#7125,#7126,#7127);
#7125 = CARTESIAN_POINT('',(46.,43.,152.));
#7126 = DIRECTION('',(0.,0.,1.));
#7127 = DIRECTION('',(1.,0.,-0.));
#7128 = ORIENTED_EDGE('',*,*,#7129,.F.);
#7129 = EDGE_CURVE('',#7130,#7121,#7132,.T.);
#7130 = VERTEX_POINT('',#7131);
#7131 = CARTESIAN_POINT('',(63.,43.,150.));
#7132 = LINE('',#7133,#7134);
#7133 = CARTESIAN_POINT('',(63.,43.,150.));
#7134 = VECTOR('',#7135,1.);
#7135 = DIRECTION('',(0.,0.,1.));
#7136 = ORIENTED_EDGE('',*,*,#7137,.T.);
#7137 = EDGE_CURVE('',#7130,#7130,#7138,.T.);
#7138 = CIRCLE('',#7139,17.);
#7139 = AXIS2_PLACEMENT_3D('',#7140,#7141,#7142);
#7140 = CARTESIAN_POINT('',(46.,43.,150.));
#7141 = DIRECTION('',(0.,0.,1.));
#7142 = DIRECTION('',(1.,0.,-0.));
#7143 = ORIENTED_EDGE('',*,*,#7129,.T.);
#7144 = CYLINDRICAL_SURFACE('',#7145,17.);
#7145 = AXIS2_PLACEMENT_3D('',#7146,#7147,#7148);
#7146 = CARTESIAN_POINT('',(46.,43.,150.));
#7147 = DIRECTION('',(0.,0.,1.));
#7148 = DIRECTION('',(1.,0.,-0.));
#7149 = ADVANCED_FACE('',(#7150),#7153,.T.);
#7150 = FACE_BOUND('',#7151,.T.);
#7151 = EDGE_LOOP('',(#7152));
#7152 = ORIENTED_EDGE('',*,*,#7120,.T.);
#7153 = PLANE('',#7154);
#7154 = AXIS2_PLACEMENT_3D('',#7155,#7156,#7157);
#7155 = CARTESIAN_POINT('',(46.,43.,152.));
#7156 = DIRECTION('',(0.,0.,1.));
#7157 = DIRECTION('',(1.,0.,-0.));
#7158 = ADVANCED_FACE('',(#7159),#7162,.F.);
#7159 = FACE_BOUND('',#7160,.T.);
#7160 = EDGE_LOOP('',(#7161));
#7161 = ORIENTED_EDGE('',*,*,#7137,.F.);
#7162 = PLANE('',#7163);
#7163 = AXIS2_PLACEMENT_3D('',#7164,#7165,#7166);
#7164 = CARTESIAN_POINT('',(46.,43.,150.));
#7165 = DIRECTION('',(0.,0.,1.));
#7166 = DIRECTION('',(1.,0.,-0.));
#7167 = ( GEOMETRIC_REPRESENTATION_CONTEXT(3) 
GLOBAL_UNCERTAINTY_ASSIGNED_CONTEXT((#7171)) 
GLOBAL_UNIT_ASSIGNED_CONTEXT((#7168,#7169,#7170)) REPRESENTATION_CONTEXT
('Context #1','3D Context with UNIT and UNCERTAINTY') );
#7168 = ( LENGTH_UNIT() NAMED_UNIT(*) SI_UNIT(.MILLI.,.METRE.) );
#7169 = ( NAMED_UNIT(*) PLANE_ANGLE_UNIT() SI_UNIT($,.RADIAN.) );
#7170 = ( NAMED_UNIT(*) SI_UNIT($,.STERADIAN.) SOLID_ANGLE_UNIT() );
#7171 = UNCERTAINTY_MEASURE_WITH_UNIT(LENGTH_MEASURE(1.E-07),#7168,
  'distance_accuracy_value','confusion accuracy');
#7172 = CONTEXT_DEPENDENT_SHAPE_REPRESENTATION(#7173,#7175);
#7173 = ( REPRESENTATION_RELATIONSHIP('','',#7113,#10) 
REPRESENTATION_RELATIONSHIP_WITH_TRANSFORMATION(#7174) 
SHAPE_REPRESENTATION_RELATIONSHIP() );
#7174 = ITEM_DEFINED_TRANSFORMATION('','',#11,#179);
#7175 = PRODUCT_DEFINITION_SHAPE('Placement','Placement of an item',
  #7176);
#7176 = NEXT_ASSEMBLY_USAGE_OCCURRENCE('42','左前旋钮底座','',#5,
  #7108,$);
#7177 = PRODUCT_RELATED_PRODUCT_CATEGORY('part',$,(#7110));
#7178 = SHAPE_DEFINITION_REPRESENTATION(#7179,#7185);
#7179 = PRODUCT_DEFINITION_SHAPE('','',#7180);
#7180 = PRODUCT_DEFINITION('design','',#7181,#7184);
#7181 = PRODUCT_DEFINITION_FORMATION('','',#7182);
#7182 = PRODUCT('多功能旋钮','多功能旋钮','',(#7183));
#7183 = PRODUCT_CONTEXT('',#2,'mechanical');
#7184 = PRODUCT_DEFINITION_CONTEXT('part definition',#2,'design');
#7185 = ADVANCED_BREP_SHAPE_REPRESENTATION('',(#11,#7186),#7239);
#7186 = MANIFOLD_SOLID_BREP('',#7187);
#7187 = CLOSED_SHELL('',(#7188,#7221,#7230));
#7188 = ADVANCED_FACE('',(#7189),#7216,.T.);
#7189 = FACE_BOUND('',#7190,.T.);
#7190 = EDGE_LOOP('',(#7191,#7200,#7208,#7215));
#7191 = ORIENTED_EDGE('',*,*,#7192,.F.);
#7192 = EDGE_CURVE('',#7193,#7193,#7195,.T.);
#7193 = VERTEX_POINT('',#7194);
#7194 = CARTESIAN_POINT('',(62.,43.,166.));
#7195 = CIRCLE('',#7196,16.);
#7196 = AXIS2_PLACEMENT_3D('',#7197,#7198,#7199);
#7197 = CARTESIAN_POINT('',(46.,43.,166.));
#7198 = DIRECTION('',(0.,0.,1.));
#7199 = DIRECTION('',(1.,0.,-0.));
#7200 = ORIENTED_EDGE('',*,*,#7201,.F.);
#7201 = EDGE_CURVE('',#7202,#7193,#7204,.T.);
#7202 = VERTEX_POINT('',#7203);
#7203 = CARTESIAN_POINT('',(62.,43.,152.));
#7204 = LINE('',#7205,#7206);
#7205 = CARTESIAN_POINT('',(62.,43.,152.));
#7206 = VECTOR('',#7207,1.);
#7207 = DIRECTION('',(0.,0.,1.));
#7208 = ORIENTED_EDGE('',*,*,#7209,.T.);
#7209 = EDGE_CURVE('',#7202,#7202,#7210,.T.);
#7210 = CIRCLE('',#7211,16.);
#7211 = AXIS2_PLACEMENT_3D('',#7212,#7213,#7214);
#7212 = CARTESIAN_POINT('',(46.,43.,152.));
#7213 = DIRECTION('',(0.,0.,1.));
#7214 = DIRECTION('',(1.,0.,-0.));
#7215 = ORIENTED_EDGE('',*,*,#7201,.T.);
#7216 = CYLINDRICAL_SURFACE('',#7217,16.);
#7217 = AXIS2_PLACEMENT_3D('',#7218,#7219,#7220);
#7218 = CARTESIAN_POINT('',(46.,43.,152.));
#7219 = DIRECTION('',(0.,0.,1.));
#7220 = DIRECTION('',(1.,0.,-0.));
#7221 = ADVANCED_FACE('',(#7222),#7225,.T.);
#7222 = FACE_BOUND('',#7223,.T.);
#7223 = EDGE_LOOP('',(#7224));
#7224 = ORIENTED_EDGE('',*,*,#7192,.T.);
#7225 = PLANE('',#7226);
#7226 = AXIS2_PLACEMENT_3D('',#7227,#7228,#7229);
#7227 = CARTESIAN_POINT('',(46.,43.,166.));
#7228 = DIRECTION('',(0.,0.,1.));
#7229 = DIRECTION('',(1.,0.,-0.));
#7230 = ADVANCED_FACE('',(#7231),#7234,.F.);
#7231 = FACE_BOUND('',#7232,.T.);
#7232 = EDGE_LOOP('',(#7233));
#7233 = ORIENTED_EDGE('',*,*,#7209,.F.);
#7234 = PLANE('',#7235);
#7235 = AXIS2_PLACEMENT_3D('',#7236,#7237,#7238);
#7236 = CARTESIAN_POINT('',(46.,43.,152.));
#7237 = DIRECTION('',(0.,0.,1.));
#7238 = DIRECTION('',(1.,0.,-0.));
#7239 = ( GEOMETRIC_REPRESENTATION_CONTEXT(3) 
GLOBAL_UNCERTAINTY_ASSIGNED_CONTEXT((#7243)) 
GLOBAL_UNIT_ASSIGNED_CONTEXT((#7240,#7241,#7242)) REPRESENTATION_CONTEXT
('Context #1','3D Context with UNIT and UNCERTAINTY') );
#7240 = ( LENGTH_UNIT() NAMED_UNIT(*) SI_UNIT(.MILLI.,.METRE.) );
#7241 = ( NAMED_UNIT(*) PLANE_ANGLE_UNIT() SI_UNIT($,.RADIAN.) );
#7242 = ( NAMED_UNIT(*) SI_UNIT($,.STERADIAN.) SOLID_ANGLE_UNIT() );
#7243 = UNCERTAINTY_MEASURE_WITH_UNIT(LENGTH_MEASURE(1.E-07),#7240,
  'distance_accuracy_value','confusion accuracy');
#7244 = CONTEXT_DEPENDENT_SHAPE_REPRESENTATION(#7245,#7247);
#7245 = ( REPRESENTATION_RELATIONSHIP('','',#7185,#10) 
REPRESENTATION_RELATIONSHIP_WITH_TRANSFORMATION(#7246) 
SHAPE_REPRESENTATION_RELATIONSHIP() );
#7246 = ITEM_DEFINED_TRANSFORMATION('','',#11,#183);
#7247 = PRODUCT_DEFINITION_SHAPE('Placement','Placement of an item',
  #7248);
#7248 = NEXT_ASSEMBLY_USAGE_OCCURRENCE('43','多功能旋钮','',#5,
  #7180,$);
#7249 = PRODUCT_RELATED_PRODUCT_CATEGORY('part',$,(#7182));
#7250 = SHAPE_DEFINITION_REPRESENTATION(#7251,#7257);
#7251 = PRODUCT_DEFINITION_SHAPE('','',#7252);
#7252 = PRODUCT_DEFINITION('design','',#7253,#7256);
#7253 = PRODUCT_DEFINITION_FORMATION('','',#7254);
#7254 = PRODUCT('唱臂底座','唱臂底座','',(#7255));
#7255 = PRODUCT_CONTEXT('',#2,'mechanical');
#7256 = PRODUCT_DEFINITION_CONTEXT('part definition',#2,'design');
#7257 = ADVANCED_BREP_SHAPE_REPRESENTATION('',(#11,#7258),#7311);
#7258 = MANIFOLD_SOLID_BREP('',#7259);
#7259 = CLOSED_SHELL('',(#7260,#7293,#7302));
#7260 = ADVANCED_FACE('',(#7261),#7288,.T.);
#7261 = FACE_BOUND('',#7262,.T.);
#7262 = EDGE_LOOP('',(#7263,#7272,#7280,#7287));
#7263 = ORIENTED_EDGE('',*,*,#7264,.F.);
#7264 = EDGE_CURVE('',#7265,#7265,#7267,.T.);
#7265 = VERTEX_POINT('',#7266);
#7266 = CARTESIAN_POINT('',(368.60961923128,277.98385284664,157.));
#7267 = CIRCLE('',#7268,23.);
#7268 = AXIS2_PLACEMENT_3D('',#7269,#7270,#7271);
#7269 = CARTESIAN_POINT('',(345.60961923128,277.98385284664,157.));
#7270 = DIRECTION('',(0.,0.,1.));
#7271 = DIRECTION('',(1.,0.,-0.));
#7272 = ORIENTED_EDGE('',*,*,#7273,.F.);
#7273 = EDGE_CURVE('',#7274,#7265,#7276,.T.);
#7274 = VERTEX_POINT('',#7275);
#7275 = CARTESIAN_POINT('',(368.60961923128,277.98385284664,150.));
#7276 = LINE('',#7277,#7278);
#7277 = CARTESIAN_POINT('',(368.60961923128,277.98385284664,150.));
#7278 = VECTOR('',#7279,1.);
#7279 = DIRECTION('',(0.,0.,1.));
#7280 = ORIENTED_EDGE('',*,*,#7281,.T.);
#7281 = EDGE_CURVE('',#7274,#7274,#7282,.T.);
#7282 = CIRCLE('',#7283,23.);
#7283 = AXIS2_PLACEMENT_3D('',#7284,#7285,#7286);
#7284 = CARTESIAN_POINT('',(345.60961923128,277.98385284664,150.));
#7285 = DIRECTION('',(0.,0.,1.));
#7286 = DIRECTION('',(1.,0.,-0.));
#7287 = ORIENTED_EDGE('',*,*,#7273,.T.);
#7288 = CYLINDRICAL_SURFACE('',#7289,23.);
#7289 = AXIS2_PLACEMENT_3D('',#7290,#7291,#7292);
#7290 = CARTESIAN_POINT('',(345.60961923128,277.98385284664,150.));
#7291 = DIRECTION('',(0.,0.,1.));
#7292 = DIRECTION('',(1.,0.,-0.));
#7293 = ADVANCED_FACE('',(#7294),#7297,.T.);
#7294 = FACE_BOUND('',#7295,.T.);
#7295 = EDGE_LOOP('',(#7296));
#7296 = ORIENTED_EDGE('',*,*,#7264,.T.);
#7297 = PLANE('',#7298);
#7298 = AXIS2_PLACEMENT_3D('',#7299,#7300,#7301);
#7299 = CARTESIAN_POINT('',(345.60961923128,277.98385284664,157.));
#7300 = DIRECTION('',(0.,0.,1.));
#7301 = DIRECTION('',(1.,0.,-0.));
#7302 = ADVANCED_FACE('',(#7303),#7306,.F.);
#7303 = FACE_BOUND('',#7304,.T.);
#7304 = EDGE_LOOP('',(#7305));
#7305 = ORIENTED_EDGE('',*,*,#7281,.F.);
#7306 = PLANE('',#7307);
#7307 = AXIS2_PLACEMENT_3D('',#7308,#7309,#7310);
#7308 = CARTESIAN_POINT('',(345.60961923128,277.98385284664,150.));
#7309 = DIRECTION('',(0.,0.,1.));
#7310 = DIRECTION('',(1.,0.,-0.));
#7311 = ( GEOMETRIC_REPRESENTATION_CONTEXT(3) 
GLOBAL_UNCERTAINTY_ASSIGNED_CONTEXT((#7315)) 
GLOBAL_UNIT_ASSIGNED_CONTEXT((#7312,#7313,#7314)) REPRESENTATION_CONTEXT
('Context #1','3D Context with UNIT and UNCERTAINTY') );
#7312 = ( LENGTH_UNIT() NAMED_UNIT(*) SI_UNIT(.MILLI.,.METRE.) );
#7313 = ( NAMED_UNIT(*) PLANE_ANGLE_UNIT() SI_UNIT($,.RADIAN.) );
#7314 = ( NAMED_UNIT(*) SI_UNIT($,.STERADIAN.) SOLID_ANGLE_UNIT() );
#7315 = UNCERTAINTY_MEASURE_WITH_UNIT(LENGTH_MEASURE(1.E-07),#7312,
  'distance_accuracy_value','confusion accuracy');
#7316 = CONTEXT_DEPENDENT_SHAPE_REPRESENTATION(#7317,#7319);
#7317 = ( REPRESENTATION_RELATIONSHIP('','',#7257,#10) 
REPRESENTATION_RELATIONSHIP_WITH_TRANSFORMATION(#7318) 
SHAPE_REPRESENTATION_RELATIONSHIP() );
#7318 = ITEM_DEFINED_TRANSFORMATION('','',#11,#187);
#7319 = PRODUCT_DEFINITION_SHAPE('Placement','Placement of an item',
  #7320);
#7320 = NEXT_ASSEMBLY_USAGE_OCCURRENCE('44','唱臂底座','',#5,#7252,$
  );
#7321 = PRODUCT_RELATED_PRODUCT_CATEGORY('part',$,(#7254));
#7322 = SHAPE_DEFINITION_REPRESENTATION(#7323,#7329);
#7323 = PRODUCT_DEFINITION_SHAPE('','',#7324);
#7324 = PRODUCT_DEFINITION('design','',#7325,#7328);
#7325 = PRODUCT_DEFINITION_FORMATION('','',#7326);
#7326 = PRODUCT('唱臂支柱','唱臂支柱','',(#7327));
#7327 = PRODUCT_CONTEXT('',#2,'mechanical');
#7328 = PRODUCT_DEFINITION_CONTEXT('part definition',#2,'design');
#7329 = ADVANCED_BREP_SHAPE_REPRESENTATION('',(#11,#7330),#7383);
#7330 = MANIFOLD_SOLID_BREP('',#7331);
#7331 = CLOSED_SHELL('',(#7332,#7365,#7374));
#7332 = ADVANCED_FACE('',(#7333),#7360,.T.);
#7333 = FACE_BOUND('',#7334,.T.);
#7334 = EDGE_LOOP('',(#7335,#7344,#7352,#7359));
#7335 = ORIENTED_EDGE('',*,*,#7336,.F.);
#7336 = EDGE_CURVE('',#7337,#7337,#7339,.T.);
#7337 = VERTEX_POINT('',#7338);
#7338 = CARTESIAN_POINT('',(355.60961923128,277.98385284664,188.));
#7339 = CIRCLE('',#7340,10.);
#7340 = AXIS2_PLACEMENT_3D('',#7341,#7342,#7343);
#7341 = CARTESIAN_POINT('',(345.60961923128,277.98385284664,188.));
#7342 = DIRECTION('',(0.,0.,1.));
#7343 = DIRECTION('',(1.,0.,-0.));
#7344 = ORIENTED_EDGE('',*,*,#7345,.F.);
#7345 = EDGE_CURVE('',#7346,#7337,#7348,.T.);
#7346 = VERTEX_POINT('',#7347);
#7347 = CARTESIAN_POINT('',(355.60961923128,277.98385284664,157.));
#7348 = LINE('',#7349,#7350);
#7349 = CARTESIAN_POINT('',(355.60961923128,277.98385284664,157.));
#7350 = VECTOR('',#7351,1.);
#7351 = DIRECTION('',(0.,0.,1.));
#7352 = ORIENTED_EDGE('',*,*,#7353,.T.);
#7353 = EDGE_CURVE('',#7346,#7346,#7354,.T.);
#7354 = CIRCLE('',#7355,10.);
#7355 = AXIS2_PLACEMENT_3D('',#7356,#7357,#7358);
#7356 = CARTESIAN_POINT('',(345.60961923128,277.98385284664,157.));
#7357 = DIRECTION('',(0.,0.,1.));
#7358 = DIRECTION('',(1.,0.,-0.));
#7359 = ORIENTED_EDGE('',*,*,#7345,.T.);
#7360 = CYLINDRICAL_SURFACE('',#7361,10.);
#7361 = AXIS2_PLACEMENT_3D('',#7362,#7363,#7364);
#7362 = CARTESIAN_POINT('',(345.60961923128,277.98385284664,157.));
#7363 = DIRECTION('',(0.,0.,1.));
#7364 = DIRECTION('',(1.,0.,-0.));
#7365 = ADVANCED_FACE('',(#7366),#7369,.T.);
#7366 = FACE_BOUND('',#7367,.T.);
#7367 = EDGE_LOOP('',(#7368));
#7368 = ORIENTED_EDGE('',*,*,#7336,.T.);
#7369 = PLANE('',#7370);
#7370 = AXIS2_PLACEMENT_3D('',#7371,#7372,#7373);
#7371 = CARTESIAN_POINT('',(345.60961923128,277.98385284664,188.));
#7372 = DIRECTION('',(0.,0.,1.));
#7373 = DIRECTION('',(1.,0.,-0.));
#7374 = ADVANCED_FACE('',(#7375),#7378,.F.);
#7375 = FACE_BOUND('',#7376,.T.);
#7376 = EDGE_LOOP('',(#7377));
#7377 = ORIENTED_EDGE('',*,*,#7353,.F.);
#7378 = PLANE('',#7379);
#7379 = AXIS2_PLACEMENT_3D('',#7380,#7381,#7382);
#7380 = CARTESIAN_POINT('',(345.60961923128,277.98385284664,157.));
#7381 = DIRECTION('',(0.,0.,1.));
#7382 = DIRECTION('',(1.,0.,-0.));
#7383 = ( GEOMETRIC_REPRESENTATION_CONTEXT(3) 
GLOBAL_UNCERTAINTY_ASSIGNED_CONTEXT((#7387)) 
GLOBAL_UNIT_ASSIGNED_CONTEXT((#7384,#7385,#7386)) REPRESENTATION_CONTEXT
('Context #1','3D Context with UNIT and UNCERTAINTY') );
#7384 = ( LENGTH_UNIT() NAMED_UNIT(*) SI_UNIT(.MILLI.,.METRE.) );
#7385 = ( NAMED_UNIT(*) PLANE_ANGLE_UNIT() SI_UNIT($,.RADIAN.) );
#7386 = ( NAMED_UNIT(*) SI_UNIT($,.STERADIAN.) SOLID_ANGLE_UNIT() );
#7387 = UNCERTAINTY_MEASURE_WITH_UNIT(LENGTH_MEASURE(1.E-07),#7384,
  'distance_accuracy_value','confusion accuracy');
#7388 = CONTEXT_DEPENDENT_SHAPE_REPRESENTATION(#7389,#7391);
#7389 = ( REPRESENTATION_RELATIONSHIP('','',#7329,#10) 
REPRESENTATION_RELATIONSHIP_WITH_TRANSFORMATION(#7390) 
SHAPE_REPRESENTATION_RELATIONSHIP() );
#7390 = ITEM_DEFINED_TRANSFORMATION('','',#11,#191);
#7391 = PRODUCT_DEFINITION_SHAPE('Placement','Placement of an item',
  #7392);
#7392 = NEXT_ASSEMBLY_USAGE_OCCURRENCE('45','唱臂支柱','',#5,#7324,$
  );
#7393 = PRODUCT_RELATED_PRODUCT_CATEGORY('part',$,(#7326));
#7394 = SHAPE_DEFINITION_REPRESENTATION(#7395,#7401);
#7395 = PRODUCT_DEFINITION_SHAPE('','',#7396);
#7396 = PRODUCT_DEFINITION('design','',#7397,#7400);
#7397 = PRODUCT_DEFINITION_FORMATION('','',#7398);
#7398 = PRODUCT('唱臂管外观包络','唱臂管外观包络','',(
    #7399));
#7399 = PRODUCT_CONTEXT('',#2,'mechanical');
#7400 = PRODUCT_DEFINITION_CONTEXT('part definition',#2,'design');
#7401 = ADVANCED_BREP_SHAPE_REPRESENTATION('',(#11,#7402),#7455);
#7402 = MANIFOLD_SOLID_BREP('',#7403);
#7403 = CLOSED_SHELL('',(#7404,#7437,#7446));
#7404 = ADVANCED_FACE('',(#7405),#7432,.T.);
#7405 = FACE_BOUND('',#7406,.T.);
#7406 = EDGE_LOOP('',(#7407,#7416,#7424,#7431));
#7407 = ORIENTED_EDGE('',*,*,#7408,.F.);
#7408 = EDGE_CURVE('',#7409,#7409,#7411,.T.);
#7409 = VERTEX_POINT('',#7410);
#7410 = CARTESIAN_POINT('',(268.67480389832,94.297453469199,180.));
#7411 = CIRCLE('',#7412,3.6);
#7412 = AXIS2_PLACEMENT_3D('',#7413,#7414,#7415);
#7413 = CARTESIAN_POINT('',(272.01991379498,92.966949888116,180.));
#7414 = DIRECTION('',(-0.369286386523,-0.928448118308,
    -4.014543983653E-02));
#7415 = DIRECTION('',(-0.929197193516,0.369584328079,-1.301727517605E-18
    ));
#7416 = ORIENTED_EDGE('',*,*,#7417,.F.);
#7417 = EDGE_CURVE('',#7418,#7409,#7420,.T.);
#7418 = VERTEX_POINT('',#7419);
#7419 = CARTESIAN_POINT('',(342.26450933462,279.31435642772,188.));
#7420 = LINE('',#7421,#7422);
#7421 = CARTESIAN_POINT('',(342.26450933462,279.31435642772,188.));
#7422 = VECTOR('',#7423,1.);
#7423 = DIRECTION('',(-0.369286386523,-0.928448118308,
    -4.014543983653E-02));
#7424 = ORIENTED_EDGE('',*,*,#7425,.T.);
#7425 = EDGE_CURVE('',#7418,#7418,#7426,.T.);
#7426 = CIRCLE('',#7427,3.6);
#7427 = AXIS2_PLACEMENT_3D('',#7428,#7429,#7430);
#7428 = CARTESIAN_POINT('',(345.60961923128,277.98385284664,188.));
#7429 = DIRECTION('',(-0.369286386523,-0.928448118308,
    -4.014543983653E-02));
#7430 = DIRECTION('',(-0.929197193516,0.369584328079,-1.301727517605E-18
    ));
#7431 = ORIENTED_EDGE('',*,*,#7417,.T.);
#7432 = CYLINDRICAL_SURFACE('',#7433,3.6);
#7433 = AXIS2_PLACEMENT_3D('',#7434,#7435,#7436);
#7434 = CARTESIAN_POINT('',(345.60961923128,277.98385284664,188.));
#7435 = DIRECTION('',(-0.369286386523,-0.928448118308,
    -4.014543983653E-02));
#7436 = DIRECTION('',(-0.929197193516,0.369584328079,-1.301727517605E-18
    ));
#7437 = ADVANCED_FACE('',(#7438),#7441,.T.);
#7438 = FACE_BOUND('',#7439,.T.);
#7439 = EDGE_LOOP('',(#7440));
#7440 = ORIENTED_EDGE('',*,*,#7408,.T.);
#7441 = PLANE('',#7442);
#7442 = AXIS2_PLACEMENT_3D('',#7443,#7444,#7445);
#7443 = CARTESIAN_POINT('',(272.01991379498,92.966949888116,180.));
#7444 = DIRECTION('',(-0.369286386523,-0.928448118308,
    -4.014543983653E-02));
#7445 = DIRECTION('',(-0.929197193516,0.369584328079,-1.301727517605E-18
    ));
#7446 = ADVANCED_FACE('',(#7447),#7450,.F.);
#7447 = FACE_BOUND('',#7448,.T.);
#7448 = EDGE_LOOP('',(#7449));
#7449 = ORIENTED_EDGE('',*,*,#7425,.F.);
#7450 = PLANE('',#7451);
#7451 = AXIS2_PLACEMENT_3D('',#7452,#7453,#7454);
#7452 = CARTESIAN_POINT('',(345.60961923128,277.98385284664,188.));
#7453 = DIRECTION('',(-0.369286386523,-0.928448118308,
    -4.014543983653E-02));
#7454 = DIRECTION('',(-0.929197193516,0.369584328079,-1.301727517605E-18
    ));
#7455 = ( GEOMETRIC_REPRESENTATION_CONTEXT(3) 
GLOBAL_UNCERTAINTY_ASSIGNED_CONTEXT((#7459)) 
GLOBAL_UNIT_ASSIGNED_CONTEXT((#7456,#7457,#7458)) REPRESENTATION_CONTEXT
('Context #1','3D Context with UNIT and UNCERTAINTY') );
#7456 = ( LENGTH_UNIT() NAMED_UNIT(*) SI_UNIT(.MILLI.,.METRE.) );
#7457 = ( NAMED_UNIT(*) PLANE_ANGLE_UNIT() SI_UNIT($,.RADIAN.) );
#7458 = ( NAMED_UNIT(*) SI_UNIT($,.STERADIAN.) SOLID_ANGLE_UNIT() );
#7459 = UNCERTAINTY_MEASURE_WITH_UNIT(LENGTH_MEASURE(1.E-07),#7456,
  'distance_accuracy_value','confusion accuracy');
#7460 = CONTEXT_DEPENDENT_SHAPE_REPRESENTATION(#7461,#7463);
#7461 = ( REPRESENTATION_RELATIONSHIP('','',#7401,#10) 
REPRESENTATION_RELATIONSHIP_WITH_TRANSFORMATION(#7462) 
SHAPE_REPRESENTATION_RELATIONSHIP() );
#7462 = ITEM_DEFINED_TRANSFORMATION('','',#11,#195);
#7463 = PRODUCT_DEFINITION_SHAPE('Placement','Placement of an item',
  #7464);
#7464 = NEXT_ASSEMBLY_USAGE_OCCURRENCE('46','唱臂管外观包络','',
  #5,#7396,$);
#7465 = PRODUCT_RELATED_PRODUCT_CATEGORY('part',$,(#7398));
#7466 = SHAPE_DEFINITION_REPRESENTATION(#7467,#7473);
#7467 = PRODUCT_DEFINITION_SHAPE('','',#7468);
#7468 = PRODUCT_DEFINITION('design','',#7469,#7472);
#7469 = PRODUCT_DEFINITION_FORMATION('','',#7470);
#7470 = PRODUCT('平衡锤轴','平衡锤轴','',(#7471));
#7471 = PRODUCT_CONTEXT('',#2,'mechanical');
#7472 = PRODUCT_DEFINITION_CONTEXT('part definition',#2,'design');
#7473 = ADVANCED_BREP_SHAPE_REPRESENTATION('',(#11,#7474),#7527);
#7474 = MANIFOLD_SOLID_BREP('',#7475);
#7475 = CLOSED_SHELL('',(#7476,#7509,#7518));
#7476 = ADVANCED_FACE('',(#7477),#7504,.T.);
#7477 = FACE_BOUND('',#7478,.T.);
#7478 = EDGE_LOOP('',(#7479,#7488,#7496,#7503));
#7479 = ORIENTED_EDGE('',*,*,#7480,.F.);
#7480 = EDGE_CURVE('',#7481,#7481,#7483,.T.);
#7481 = VERTEX_POINT('',#7482);
#7482 = CARTESIAN_POINT('',(360.73353927111,310.83985751289,188.));
#7483 = CIRCLE('',#7484,3.5);
#7484 = AXIS2_PLACEMENT_3D('',#7485,#7486,#7487);
#7485 = CARTESIAN_POINT('',(357.42750096923,311.98881823741,188.));
#7486 = DIRECTION('',(0.328274492721,0.944582371966,0.));
#7487 = DIRECTION('',(0.944582371966,-0.328274492721,0.));
#7488 = ORIENTED_EDGE('',*,*,#7489,.F.);
#7489 = EDGE_CURVE('',#7490,#7481,#7492,.T.);
#7490 = VERTEX_POINT('',#7491);
#7491 = CARTESIAN_POINT('',(348.91565753316,276.83489212211,188.));
#7492 = LINE('',#7493,#7494);
#7493 = CARTESIAN_POINT('',(348.91565753316,276.83489212211,188.));
#7494 = VECTOR('',#7495,1.);
#7495 = DIRECTION('',(0.328274492721,0.944582371966,3.861213183179E-34)
  );
#7496 = ORIENTED_EDGE('',*,*,#7497,.T.);
#7497 = EDGE_CURVE('',#7490,#7490,#7498,.T.);
#7498 = CIRCLE('',#7499,3.5);
#7499 = AXIS2_PLACEMENT_3D('',#7500,#7501,#7502);
#7500 = CARTESIAN_POINT('',(345.60961923128,277.98385284664,188.));
#7501 = DIRECTION('',(0.328274492721,0.944582371966,0.));
#7502 = DIRECTION('',(0.944582371966,-0.328274492721,0.));
#7503 = ORIENTED_EDGE('',*,*,#7489,.T.);
#7504 = CYLINDRICAL_SURFACE('',#7505,3.5);
#7505 = AXIS2_PLACEMENT_3D('',#7506,#7507,#7508);
#7506 = CARTESIAN_POINT('',(345.60961923128,277.98385284664,188.));
#7507 = DIRECTION('',(0.328274492721,0.944582371966,-0.));
#7508 = DIRECTION('',(0.944582371966,-0.328274492721,0.));
#7509 = ADVANCED_FACE('',(#7510),#7513,.T.);
#7510 = FACE_BOUND('',#7511,.T.);
#7511 = EDGE_LOOP('',(#7512));
#7512 = ORIENTED_EDGE('',*,*,#7480,.T.);
#7513 = PLANE('',#7514);
#7514 = AXIS2_PLACEMENT_3D('',#7515,#7516,#7517);
#7515 = CARTESIAN_POINT('',(357.42750096923,311.98881823741,188.));
#7516 = DIRECTION('',(0.328274492721,0.944582371966,-0.));
#7517 = DIRECTION('',(0.944582371966,-0.328274492721,0.));
#7518 = ADVANCED_FACE('',(#7519),#7522,.F.);
#7519 = FACE_BOUND('',#7520,.T.);
#7520 = EDGE_LOOP('',(#7521));
#7521 = ORIENTED_EDGE('',*,*,#7497,.F.);
#7522 = PLANE('',#7523);
#7523 = AXIS2_PLACEMENT_3D('',#7524,#7525,#7526);
#7524 = CARTESIAN_POINT('',(345.60961923128,277.98385284664,188.));
#7525 = DIRECTION('',(0.328274492721,0.944582371966,-0.));
#7526 = DIRECTION('',(0.944582371966,-0.328274492721,0.));
#7527 = ( GEOMETRIC_REPRESENTATION_CONTEXT(3) 
GLOBAL_UNCERTAINTY_ASSIGNED_CONTEXT((#7531)) 
GLOBAL_UNIT_ASSIGNED_CONTEXT((#7528,#7529,#7530)) REPRESENTATION_CONTEXT
('Context #1','3D Context with UNIT and UNCERTAINTY') );
#7528 = ( LENGTH_UNIT() NAMED_UNIT(*) SI_UNIT(.MILLI.,.METRE.) );
#7529 = ( NAMED_UNIT(*) PLANE_ANGLE_UNIT() SI_UNIT($,.RADIAN.) );
#7530 = ( NAMED_UNIT(*) SI_UNIT($,.STERADIAN.) SOLID_ANGLE_UNIT() );
#7531 = UNCERTAINTY_MEASURE_WITH_UNIT(LENGTH_MEASURE(1.E-07),#7528,
  'distance_accuracy_value','confusion accuracy');
#7532 = CONTEXT_DEPENDENT_SHAPE_REPRESENTATION(#7533,#7535);
#7533 = ( REPRESENTATION_RELATIONSHIP('','',#7473,#10) 
REPRESENTATION_RELATIONSHIP_WITH_TRANSFORMATION(#7534) 
SHAPE_REPRESENTATION_RELATIONSHIP() );
#7534 = ITEM_DEFINED_TRANSFORMATION('','',#11,#199);
#7535 = PRODUCT_DEFINITION_SHAPE('Placement','Placement of an item',
  #7536);
#7536 = NEXT_ASSEMBLY_USAGE_OCCURRENCE('47','平衡锤轴','',#5,#7468,$
  );
#7537 = PRODUCT_RELATED_PRODUCT_CATEGORY('part',$,(#7470));
#7538 = SHAPE_DEFINITION_REPRESENTATION(#7539,#7545);
#7539 = PRODUCT_DEFINITION_SHAPE('','',#7540);
#7540 = PRODUCT_DEFINITION('design','',#7541,#7544);
#7541 = PRODUCT_DEFINITION_FORMATION('','',#7542);
#7542 = PRODUCT('平衡锤包络','平衡锤包络','',(#7543));
#7543 = PRODUCT_CONTEXT('',#2,'mechanical');
#7544 = PRODUCT_DEFINITION_CONTEXT('part definition',#2,'design');
#7545 = ADVANCED_BREP_SHAPE_REPRESENTATION('',(#11,#7546),#7599);
#7546 = MANIFOLD_SOLID_BREP('',#7547);
#7547 = CLOSED_SHELL('',(#7548,#7581,#7590));
#7548 = ADVANCED_FACE('',(#7549),#7576,.T.);
#7549 = FACE_BOUND('',#7550,.T.);
#7550 = EDGE_LOOP('',(#7551,#7560,#7568,#7575));
#7551 = ORIENTED_EDGE('',*,*,#7552,.F.);
#7552 = EDGE_CURVE('',#7553,#7553,#7555,.T.);
#7553 = VERTEX_POINT('',#7554);
#7554 = CARTESIAN_POINT('',(373.03005783819,320.32909516032,188.));
#7555 = CIRCLE('',#7556,12.);
#7556 = AXIS2_PLACEMENT_3D('',#7557,#7558,#7559);
#7557 = CARTESIAN_POINT('',(361.6950693746,324.26838907297,188.));
#7558 = DIRECTION('',(0.328274492721,0.944582371966,0.));
#7559 = DIRECTION('',(0.944582371966,-0.328274492721,0.));
#7560 = ORIENTED_EDGE('',*,*,#7561,.F.);
#7561 = EDGE_CURVE('',#7562,#7553,#7564,.T.);
#7562 = VERTEX_POINT('',#7563);
#7563 = CARTESIAN_POINT('',(366.7928424765,302.38203009297,188.));
#7564 = LINE('',#7565,#7566);
#7565 = CARTESIAN_POINT('',(366.7928424765,302.38203009297,188.));
#7566 = VECTOR('',#7567,1.);
#7567 = DIRECTION('',(0.328274492721,0.944582371966,3.861213183179E-34)
  );
#7568 = ORIENTED_EDGE('',*,*,#7569,.T.);
#7569 = EDGE_CURVE('',#7562,#7562,#7570,.T.);
#7570 = CIRCLE('',#7571,12.);
#7571 = AXIS2_PLACEMENT_3D('',#7572,#7573,#7574);
#7572 = CARTESIAN_POINT('',(355.4578540129,306.32132400562,188.));
#7573 = DIRECTION('',(0.328274492721,0.944582371966,0.));
#7574 = DIRECTION('',(0.944582371966,-0.328274492721,0.));
#7575 = ORIENTED_EDGE('',*,*,#7561,.T.);
#7576 = CYLINDRICAL_SURFACE('',#7577,12.);
#7577 = AXIS2_PLACEMENT_3D('',#7578,#7579,#7580);
#7578 = CARTESIAN_POINT('',(355.4578540129,306.32132400562,188.));
#7579 = DIRECTION('',(0.328274492721,0.944582371966,-0.));
#7580 = DIRECTION('',(0.944582371966,-0.328274492721,0.));
#7581 = ADVANCED_FACE('',(#7582),#7585,.T.);
#7582 = FACE_BOUND('',#7583,.T.);
#7583 = EDGE_LOOP('',(#7584));
#7584 = ORIENTED_EDGE('',*,*,#7552,.T.);
#7585 = PLANE('',#7586);
#7586 = AXIS2_PLACEMENT_3D('',#7587,#7588,#7589);
#7587 = CARTESIAN_POINT('',(361.6950693746,324.26838907297,188.));
#7588 = DIRECTION('',(0.328274492721,0.944582371966,-0.));
#7589 = DIRECTION('',(0.944582371966,-0.328274492721,0.));
#7590 = ADVANCED_FACE('',(#7591),#7594,.F.);
#7591 = FACE_BOUND('',#7592,.T.);
#7592 = EDGE_LOOP('',(#7593));
#7593 = ORIENTED_EDGE('',*,*,#7569,.F.);
#7594 = PLANE('',#7595);
#7595 = AXIS2_PLACEMENT_3D('',#7596,#7597,#7598);
#7596 = CARTESIAN_POINT('',(355.4578540129,306.32132400562,188.));
#7597 = DIRECTION('',(0.328274492721,0.944582371966,-0.));
#7598 = DIRECTION('',(0.944582371966,-0.328274492721,0.));
#7599 = ( GEOMETRIC_REPRESENTATION_CONTEXT(3) 
GLOBAL_UNCERTAINTY_ASSIGNED_CONTEXT((#7603)) 
GLOBAL_UNIT_ASSIGNED_CONTEXT((#7600,#7601,#7602)) REPRESENTATION_CONTEXT
('Context #1','3D Context with UNIT and UNCERTAINTY') );
#7600 = ( LENGTH_UNIT() NAMED_UNIT(*) SI_UNIT(.MILLI.,.METRE.) );
#7601 = ( NAMED_UNIT(*) PLANE_ANGLE_UNIT() SI_UNIT($,.RADIAN.) );
#7602 = ( NAMED_UNIT(*) SI_UNIT($,.STERADIAN.) SOLID_ANGLE_UNIT() );
#7603 = UNCERTAINTY_MEASURE_WITH_UNIT(LENGTH_MEASURE(1.E-07),#7600,
  'distance_accuracy_value','confusion accuracy');
#7604 = CONTEXT_DEPENDENT_SHAPE_REPRESENTATION(#7605,#7607);
#7605 = ( REPRESENTATION_RELATIONSHIP('','',#7545,#10) 
REPRESENTATION_RELATIONSHIP_WITH_TRANSFORMATION(#7606) 
SHAPE_REPRESENTATION_RELATIONSHIP() );
#7606 = ITEM_DEFINED_TRANSFORMATION('','',#11,#203);
#7607 = PRODUCT_DEFINITION_SHAPE('Placement','Placement of an item',
  #7608);
#7608 = NEXT_ASSEMBLY_USAGE_OCCURRENCE('48','平衡锤包络','',#5,
  #7540,$);
#7609 = PRODUCT_RELATED_PRODUCT_CATEGORY('part',$,(#7542));
#7610 = SHAPE_DEFINITION_REPRESENTATION(#7611,#7617);
#7611 = PRODUCT_DEFINITION_SHAPE('','',#7612);
#7612 = PRODUCT_DEFINITION('design','',#7613,#7616);
#7613 = PRODUCT_DEFINITION_FORMATION('','',#7614);
#7614 = PRODUCT('唱头壳外观包络','唱头壳外观包络','',(
    #7615));
#7615 = PRODUCT_CONTEXT('',#2,'mechanical');
#7616 = PRODUCT_DEFINITION_CONTEXT('part definition',#2,'design');
#7617 = ADVANCED_BREP_SHAPE_REPRESENTATION('',(#11,#7618),#7768);
#7618 = MANIFOLD_SOLID_BREP('',#7619);
#7619 = CLOSED_SHELL('',(#7620,#7660,#7700,#7722,#7744,#7756));
#7620 = ADVANCED_FACE('',(#7621),#7655,.F.);
#7621 = FACE_BOUND('',#7622,.F.);
#7622 = EDGE_LOOP('',(#7623,#7633,#7641,#7649));
#7623 = ORIENTED_EDGE('',*,*,#7624,.F.);
#7624 = EDGE_CURVE('',#7625,#7627,#7629,.T.);
#7625 = VERTEX_POINT('',#7626);
#7626 = CARTESIAN_POINT('',(-7.,-24.,177.));
#7627 = VERTEX_POINT('',#7628);
#7628 = CARTESIAN_POINT('',(-7.,-24.,180.));
#7629 = LINE('',#7630,#7631);
#7630 = CARTESIAN_POINT('',(-7.,-24.,177.));
#7631 = VECTOR('',#7632,1.);
#7632 = DIRECTION('',(0.,0.,1.));
#7633 = ORIENTED_EDGE('',*,*,#7634,.T.);
#7634 = EDGE_CURVE('',#7625,#7635,#7637,.T.);
#7635 = VERTEX_POINT('',#7636);
#7636 = CARTESIAN_POINT('',(-7.,4.,177.));
#7637 = LINE('',#7638,#7639);
#7638 = CARTESIAN_POINT('',(-7.,-24.,177.));
#7639 = VECTOR('',#7640,1.);
#7640 = DIRECTION('',(-0.,1.,0.));
#7641 = ORIENTED_EDGE('',*,*,#7642,.T.);
#7642 = EDGE_CURVE('',#7635,#7643,#7645,.T.);
#7643 = VERTEX_POINT('',#7644);
#7644 = CARTESIAN_POINT('',(-7.,4.,180.));
#7645 = LINE('',#7646,#7647);
#7646 = CARTESIAN_POINT('',(-7.,4.,177.));
#7647 = VECTOR('',#7648,1.);
#7648 = DIRECTION('',(0.,0.,1.));
#7649 = ORIENTED_EDGE('',*,*,#7650,.F.);
#7650 = EDGE_CURVE('',#7627,#7643,#7651,.T.);
#7651 = LINE('',#7652,#7653);
#7652 = CARTESIAN_POINT('',(-7.,-24.,180.));
#7653 = VECTOR('',#7654,1.);
#7654 = DIRECTION('',(-0.,1.,0.));
#7655 = PLANE('',#7656);
#7656 = AXIS2_PLACEMENT_3D('',#7657,#7658,#7659);
#7657 = CARTESIAN_POINT('',(-7.,-24.,177.));
#7658 = DIRECTION('',(1.,0.,-0.));
#7659 = DIRECTION('',(0.,0.,1.));
#7660 = ADVANCED_FACE('',(#7661),#7695,.T.);
#7661 = FACE_BOUND('',#7662,.T.);
#7662 = EDGE_LOOP('',(#7663,#7673,#7681,#7689));
#7663 = ORIENTED_EDGE('',*,*,#7664,.F.);
#7664 = EDGE_CURVE('',#7665,#7667,#7669,.T.);
#7665 = VERTEX_POINT('',#7666);
#7666 = CARTESIAN_POINT('',(7.,-24.,177.));
#7667 = VERTEX_POINT('',#7668);
#7668 = CARTESIAN_POINT('',(7.,-24.,180.));
#7669 = LINE('',#7670,#7671);
#7670 = CARTESIAN_POINT('',(7.,-24.,177.));
#7671 = VECTOR('',#7672,1.);
#7672 = DIRECTION('',(0.,0.,1.));
#7673 = ORIENTED_EDGE('',*,*,#7674,.T.);
#7674 = EDGE_CURVE('',#7665,#7675,#7677,.T.);
#7675 = VERTEX_POINT('',#7676);
#7676 = CARTESIAN_POINT('',(7.,4.,177.));
#7677 = LINE('',#7678,#7679);
#7678 = CARTESIAN_POINT('',(7.,-24.,177.));
#7679 = VECTOR('',#7680,1.);
#7680 = DIRECTION('',(-0.,1.,0.));
#7681 = ORIENTED_EDGE('',*,*,#7682,.T.);
#7682 = EDGE_CURVE('',#7675,#7683,#7685,.T.);
#7683 = VERTEX_POINT('',#7684);
#7684 = CARTESIAN_POINT('',(7.,4.,180.));
#7685 = LINE('',#7686,#7687);
#7686 = CARTESIAN_POINT('',(7.,4.,177.));
#7687 = VECTOR('',#7688,1.);
#7688 = DIRECTION('',(0.,0.,1.));
#7689 = ORIENTED_EDGE('',*,*,#7690,.F.);
#7690 = EDGE_CURVE('',#7667,#7683,#7691,.T.);
#7691 = LINE('',#7692,#7693);
#7692 = CARTESIAN_POINT('',(7.,-24.,180.));
#7693 = VECTOR('',#7694,1.);
#7694 = DIRECTION('',(-0.,1.,0.));
#7695 = PLANE('',#7696);
#7696 = AXIS2_PLACEMENT_3D('',#7697,#7698,#7699);
#7697 = CARTESIAN_POINT('',(7.,-24.,177.));
#7698 = DIRECTION('',(1.,0.,-0.));
#7699 = DIRECTION('',(0.,0.,1.));
#7700 = ADVANCED_FACE('',(#7701),#7717,.F.);
#7701 = FACE_BOUND('',#7702,.F.);
#7702 = EDGE_LOOP('',(#7703,#7709,#7710,#7716));
#7703 = ORIENTED_EDGE('',*,*,#7704,.F.);
#7704 = EDGE_CURVE('',#7625,#7665,#7705,.T.);
#7705 = LINE('',#7706,#7707);
#7706 = CARTESIAN_POINT('',(-7.,-24.,177.));
#7707 = VECTOR('',#7708,1.);
#7708 = DIRECTION('',(1.,0.,-0.));
#7709 = ORIENTED_EDGE('',*,*,#7624,.T.);
#7710 = ORIENTED_EDGE('',*,*,#7711,.T.);
#7711 = EDGE_CURVE('',#7627,#7667,#7712,.T.);
#7712 = LINE('',#7713,#7714);
#7713 = CARTESIAN_POINT('',(-7.,-24.,180.));
#7714 = VECTOR('',#7715,1.);
#7715 = DIRECTION('',(1.,0.,-0.));
#7716 = ORIENTED_EDGE('',*,*,#7664,.F.);
#7717 = PLANE('',#7718);
#7718 = AXIS2_PLACEMENT_3D('',#7719,#7720,#7721);
#7719 = CARTESIAN_POINT('',(-7.,-24.,177.));
#7720 = DIRECTION('',(-0.,1.,0.));
#7721 = DIRECTION('',(0.,0.,1.));
#7722 = ADVANCED_FACE('',(#7723),#7739,.T.);
#7723 = FACE_BOUND('',#7724,.T.);
#7724 = EDGE_LOOP('',(#7725,#7731,#7732,#7738));
#7725 = ORIENTED_EDGE('',*,*,#7726,.F.);
#7726 = EDGE_CURVE('',#7635,#7675,#7727,.T.);
#7727 = LINE('',#7728,#7729);
#7728 = CARTESIAN_POINT('',(-7.,4.,177.));
#7729 = VECTOR('',#7730,1.);
#7730 = DIRECTION('',(1.,0.,-0.));
#7731 = ORIENTED_EDGE('',*,*,#7642,.T.);
#7732 = ORIENTED_EDGE('',*,*,#7733,.T.);
#7733 = EDGE_CURVE('',#7643,#7683,#7734,.T.);
#7734 = LINE('',#7735,#7736);
#7735 = CARTESIAN_POINT('',(-7.,4.,180.));
#7736 = VECTOR('',#7737,1.);
#7737 = DIRECTION('',(1.,0.,-0.));
#7738 = ORIENTED_EDGE('',*,*,#7682,.F.);
#7739 = PLANE('',#7740);
#7740 = AXIS2_PLACEMENT_3D('',#7741,#7742,#7743);
#7741 = CARTESIAN_POINT('',(-7.,4.,177.));
#7742 = DIRECTION('',(-0.,1.,0.));
#7743 = DIRECTION('',(0.,0.,1.));
#7744 = ADVANCED_FACE('',(#7745),#7751,.F.);
#7745 = FACE_BOUND('',#7746,.F.);
#7746 = EDGE_LOOP('',(#7747,#7748,#7749,#7750));
#7747 = ORIENTED_EDGE('',*,*,#7634,.F.);
#7748 = ORIENTED_EDGE('',*,*,#7704,.T.);
#7749 = ORIENTED_EDGE('',*,*,#7674,.T.);
#7750 = ORIENTED_EDGE('',*,*,#7726,.F.);
#7751 = PLANE('',#7752);
#7752 = AXIS2_PLACEMENT_3D('',#7753,#7754,#7755);
#7753 = CARTESIAN_POINT('',(-7.,-24.,177.));
#7754 = DIRECTION('',(0.,0.,1.));
#7755 = DIRECTION('',(1.,0.,-0.));
#7756 = ADVANCED_FACE('',(#7757),#7763,.T.);
#7757 = FACE_BOUND('',#7758,.T.);
#7758 = EDGE_LOOP('',(#7759,#7760,#7761,#7762));
#7759 = ORIENTED_EDGE('',*,*,#7650,.F.);
#7760 = ORIENTED_EDGE('',*,*,#7711,.T.);
#7761 = ORIENTED_EDGE('',*,*,#7690,.T.);
#7762 = ORIENTED_EDGE('',*,*,#7733,.F.);
#7763 = PLANE('',#7764);
#7764 = AXIS2_PLACEMENT_3D('',#7765,#7766,#7767);
#7765 = CARTESIAN_POINT('',(-7.,-24.,180.));
#7766 = DIRECTION('',(0.,0.,1.));
#7767 = DIRECTION('',(1.,0.,-0.));
#7768 = ( GEOMETRIC_REPRESENTATION_CONTEXT(3) 
GLOBAL_UNCERTAINTY_ASSIGNED_CONTEXT((#7772)) 
GLOBAL_UNIT_ASSIGNED_CONTEXT((#7769,#7770,#7771)) REPRESENTATION_CONTEXT
('Context #1','3D Context with UNIT and UNCERTAINTY') );
#7769 = ( LENGTH_UNIT() NAMED_UNIT(*) SI_UNIT(.MILLI.,.METRE.) );
#7770 = ( NAMED_UNIT(*) PLANE_ANGLE_UNIT() SI_UNIT($,.RADIAN.) );
#7771 = ( NAMED_UNIT(*) SI_UNIT($,.STERADIAN.) SOLID_ANGLE_UNIT() );
#7772 = UNCERTAINTY_MEASURE_WITH_UNIT(LENGTH_MEASURE(1.E-07),#7769,
  'distance_accuracy_value','confusion accuracy');
#7773 = CONTEXT_DEPENDENT_SHAPE_REPRESENTATION(#7774,#7776);
#7774 = ( REPRESENTATION_RELATIONSHIP('','',#7617,#10) 
REPRESENTATION_RELATIONSHIP_WITH_TRANSFORMATION(#7775) 
SHAPE_REPRESENTATION_RELATIONSHIP() );
#7775 = ITEM_DEFINED_TRANSFORMATION('','',#11,#207);
#7776 = PRODUCT_DEFINITION_SHAPE('Placement','Placement of an item',
  #7777);
#7777 = NEXT_ASSEMBLY_USAGE_OCCURRENCE('49','唱头壳外观包络','',
  #5,#7612,$);
#7778 = PRODUCT_RELATED_PRODUCT_CATEGORY('part',$,(#7614));
#7779 = SHAPE_DEFINITION_REPRESENTATION(#7780,#7786);
#7780 = PRODUCT_DEFINITION_SHAPE('','',#7781);
#7781 = PRODUCT_DEFINITION('design','',#7782,#7785);
#7782 = PRODUCT_DEFINITION_FORMATION('','',#7783);
#7783 = PRODUCT('唱头占位（非安装图）',
  '唱头占位（非安装图）','',(#7784));
#7784 = PRODUCT_CONTEXT('',#2,'mechanical');
#7785 = PRODUCT_DEFINITION_CONTEXT('part definition',#2,'design');
#7786 = ADVANCED_BREP_SHAPE_REPRESENTATION('',(#11,#7787),#7937);
#7787 = MANIFOLD_SOLID_BREP('',#7788);
#7788 = CLOSED_SHELL('',(#7789,#7829,#7869,#7891,#7913,#7925));
#7789 = ADVANCED_FACE('',(#7790),#7824,.F.);
#7790 = FACE_BOUND('',#7791,.F.);
#7791 = EDGE_LOOP('',(#7792,#7802,#7810,#7818));
#7792 = ORIENTED_EDGE('',*,*,#7793,.F.);
#7793 = EDGE_CURVE('',#7794,#7796,#7798,.T.);
#7794 = VERTEX_POINT('',#7795);
#7795 = CARTESIAN_POINT('',(-6.,-12.,170.));
#7796 = VERTEX_POINT('',#7797);
#7797 = CARTESIAN_POINT('',(-6.,-12.,177.));
#7798 = LINE('',#7799,#7800);
#7799 = CARTESIAN_POINT('',(-6.,-12.,170.));
#7800 = VECTOR('',#7801,1.);
#7801 = DIRECTION('',(0.,0.,1.));
#7802 = ORIENTED_EDGE('',*,*,#7803,.T.);
#7803 = EDGE_CURVE('',#7794,#7804,#7806,.T.);
#7804 = VERTEX_POINT('',#7805);
#7805 = CARTESIAN_POINT('',(-6.,4.,170.));
#7806 = LINE('',#7807,#7808);
#7807 = CARTESIAN_POINT('',(-6.,-12.,170.));
#7808 = VECTOR('',#7809,1.);
#7809 = DIRECTION('',(-0.,1.,0.));
#7810 = ORIENTED_EDGE('',*,*,#7811,.T.);
#7811 = EDGE_CURVE('',#7804,#7812,#7814,.T.);
#7812 = VERTEX_POINT('',#7813);
#7813 = CARTESIAN_POINT('',(-6.,4.,177.));
#7814 = LINE('',#7815,#7816);
#7815 = CARTESIAN_POINT('',(-6.,4.,170.));
#7816 = VECTOR('',#7817,1.);
#7817 = DIRECTION('',(0.,0.,1.));
#7818 = ORIENTED_EDGE('',*,*,#7819,.F.);
#7819 = EDGE_CURVE('',#7796,#7812,#7820,.T.);
#7820 = LINE('',#7821,#7822);
#7821 = CARTESIAN_POINT('',(-6.,-12.,177.));
#7822 = VECTOR('',#7823,1.);
#7823 = DIRECTION('',(-0.,1.,0.));
#7824 = PLANE('',#7825);
#7825 = AXIS2_PLACEMENT_3D('',#7826,#7827,#7828);
#7826 = CARTESIAN_POINT('',(-6.,-12.,170.));
#7827 = DIRECTION('',(1.,0.,-0.));
#7828 = DIRECTION('',(0.,0.,1.));
#7829 = ADVANCED_FACE('',(#7830),#7864,.T.);
#7830 = FACE_BOUND('',#7831,.T.);
#7831 = EDGE_LOOP('',(#7832,#7842,#7850,#7858));
#7832 = ORIENTED_EDGE('',*,*,#7833,.F.);
#7833 = EDGE_CURVE('',#7834,#7836,#7838,.T.);
#7834 = VERTEX_POINT('',#7835);
#7835 = CARTESIAN_POINT('',(6.,-12.,170.));
#7836 = VERTEX_POINT('',#7837);
#7837 = CARTESIAN_POINT('',(6.,-12.,177.));
#7838 = LINE('',#7839,#7840);
#7839 = CARTESIAN_POINT('',(6.,-12.,170.));
#7840 = VECTOR('',#7841,1.);
#7841 = DIRECTION('',(0.,0.,1.));
#7842 = ORIENTED_EDGE('',*,*,#7843,.T.);
#7843 = EDGE_CURVE('',#7834,#7844,#7846,.T.);
#7844 = VERTEX_POINT('',#7845);
#7845 = CARTESIAN_POINT('',(6.,4.,170.));
#7846 = LINE('',#7847,#7848);
#7847 = CARTESIAN_POINT('',(6.,-12.,170.));
#7848 = VECTOR('',#7849,1.);
#7849 = DIRECTION('',(-0.,1.,0.));
#7850 = ORIENTED_EDGE('',*,*,#7851,.T.);
#7851 = EDGE_CURVE('',#7844,#7852,#7854,.T.);
#7852 = VERTEX_POINT('',#7853);
#7853 = CARTESIAN_POINT('',(6.,4.,177.));
#7854 = LINE('',#7855,#7856);
#7855 = CARTESIAN_POINT('',(6.,4.,170.));
#7856 = VECTOR('',#7857,1.);
#7857 = DIRECTION('',(0.,0.,1.));
#7858 = ORIENTED_EDGE('',*,*,#7859,.F.);
#7859 = EDGE_CURVE('',#7836,#7852,#7860,.T.);
#7860 = LINE('',#7861,#7862);
#7861 = CARTESIAN_POINT('',(6.,-12.,177.));
#7862 = VECTOR('',#7863,1.);
#7863 = DIRECTION('',(-0.,1.,0.));
#7864 = PLANE('',#7865);
#7865 = AXIS2_PLACEMENT_3D('',#7866,#7867,#7868);
#7866 = CARTESIAN_POINT('',(6.,-12.,170.));
#7867 = DIRECTION('',(1.,0.,-0.));
#7868 = DIRECTION('',(0.,0.,1.));
#7869 = ADVANCED_FACE('',(#7870),#7886,.F.);
#7870 = FACE_BOUND('',#7871,.F.);
#7871 = EDGE_LOOP('',(#7872,#7878,#7879,#7885));
#7872 = ORIENTED_EDGE('',*,*,#7873,.F.);
#7873 = EDGE_CURVE('',#7794,#7834,#7874,.T.);
#7874 = LINE('',#7875,#7876);
#7875 = CARTESIAN_POINT('',(-6.,-12.,170.));
#7876 = VECTOR('',#7877,1.);
#7877 = DIRECTION('',(1.,0.,-0.));
#7878 = ORIENTED_EDGE('',*,*,#7793,.T.);
#7879 = ORIENTED_EDGE('',*,*,#7880,.T.);
#7880 = EDGE_CURVE('',#7796,#7836,#7881,.T.);
#7881 = LINE('',#7882,#7883);
#7882 = CARTESIAN_POINT('',(-6.,-12.,177.));
#7883 = VECTOR('',#7884,1.);
#7884 = DIRECTION('',(1.,0.,-0.));
#7885 = ORIENTED_EDGE('',*,*,#7833,.F.);
#7886 = PLANE('',#7887);
#7887 = AXIS2_PLACEMENT_3D('',#7888,#7889,#7890);
#7888 = CARTESIAN_POINT('',(-6.,-12.,170.));
#7889 = DIRECTION('',(-0.,1.,0.));
#7890 = DIRECTION('',(0.,0.,1.));
#7891 = ADVANCED_FACE('',(#7892),#7908,.T.);
#7892 = FACE_BOUND('',#7893,.T.);
#7893 = EDGE_LOOP('',(#7894,#7900,#7901,#7907));
#7894 = ORIENTED_EDGE('',*,*,#7895,.F.);
#7895 = EDGE_CURVE('',#7804,#7844,#7896,.T.);
#7896 = LINE('',#7897,#7898);
#7897 = CARTESIAN_POINT('',(-6.,4.,170.));
#7898 = VECTOR('',#7899,1.);
#7899 = DIRECTION('',(1.,0.,-0.));
#7900 = ORIENTED_EDGE('',*,*,#7811,.T.);
#7901 = ORIENTED_EDGE('',*,*,#7902,.T.);
#7902 = EDGE_CURVE('',#7812,#7852,#7903,.T.);
#7903 = LINE('',#7904,#7905);
#7904 = CARTESIAN_POINT('',(-6.,4.,177.));
#7905 = VECTOR('',#7906,1.);
#7906 = DIRECTION('',(1.,0.,-0.));
#7907 = ORIENTED_EDGE('',*,*,#7851,.F.);
#7908 = PLANE('',#7909);
#7909 = AXIS2_PLACEMENT_3D('',#7910,#7911,#7912);
#7910 = CARTESIAN_POINT('',(-6.,4.,170.));
#7911 = DIRECTION('',(-0.,1.,0.));
#7912 = DIRECTION('',(0.,0.,1.));
#7913 = ADVANCED_FACE('',(#7914),#7920,.F.);
#7914 = FACE_BOUND('',#7915,.F.);
#7915 = EDGE_LOOP('',(#7916,#7917,#7918,#7919));
#7916 = ORIENTED_EDGE('',*,*,#7803,.F.);
#7917 = ORIENTED_EDGE('',*,*,#7873,.T.);
#7918 = ORIENTED_EDGE('',*,*,#7843,.T.);
#7919 = ORIENTED_EDGE('',*,*,#7895,.F.);
#7920 = PLANE('',#7921);
#7921 = AXIS2_PLACEMENT_3D('',#7922,#7923,#7924);
#7922 = CARTESIAN_POINT('',(-6.,-12.,170.));
#7923 = DIRECTION('',(0.,0.,1.));
#7924 = DIRECTION('',(1.,0.,-0.));
#7925 = ADVANCED_FACE('',(#7926),#7932,.T.);
#7926 = FACE_BOUND('',#7927,.T.);
#7927 = EDGE_LOOP('',(#7928,#7929,#7930,#7931));
#7928 = ORIENTED_EDGE('',*,*,#7819,.F.);
#7929 = ORIENTED_EDGE('',*,*,#7880,.T.);
#7930 = ORIENTED_EDGE('',*,*,#7859,.T.);
#7931 = ORIENTED_EDGE('',*,*,#7902,.F.);
#7932 = PLANE('',#7933);
#7933 = AXIS2_PLACEMENT_3D('',#7934,#7935,#7936);
#7934 = CARTESIAN_POINT('',(-6.,-12.,177.));
#7935 = DIRECTION('',(0.,0.,1.));
#7936 = DIRECTION('',(1.,0.,-0.));
#7937 = ( GEOMETRIC_REPRESENTATION_CONTEXT(3) 
GLOBAL_UNCERTAINTY_ASSIGNED_CONTEXT((#7941)) 
GLOBAL_UNIT_ASSIGNED_CONTEXT((#7938,#7939,#7940)) REPRESENTATION_CONTEXT
('Context #1','3D Context with UNIT and UNCERTAINTY') );
#7938 = ( LENGTH_UNIT() NAMED_UNIT(*) SI_UNIT(.MILLI.,.METRE.) );
#7939 = ( NAMED_UNIT(*) PLANE_ANGLE_UNIT() SI_UNIT($,.RADIAN.) );
#7940 = ( NAMED_UNIT(*) SI_UNIT($,.STERADIAN.) SOLID_ANGLE_UNIT() );
#7941 = UNCERTAINTY_MEASURE_WITH_UNIT(LENGTH_MEASURE(1.E-07),#7938,
  'distance_accuracy_value','confusion accuracy');
#7942 = CONTEXT_DEPENDENT_SHAPE_REPRESENTATION(#7943,#7945);
#7943 = ( REPRESENTATION_RELATIONSHIP('','',#7786,#10) 
REPRESENTATION_RELATIONSHIP_WITH_TRANSFORMATION(#7944) 
SHAPE_REPRESENTATION_RELATIONSHIP() );
#7944 = ITEM_DEFINED_TRANSFORMATION('','',#11,#211);
#7945 = PRODUCT_DEFINITION_SHAPE('Placement','Placement of an item',
  #7946);
#7946 = NEXT_ASSEMBLY_USAGE_OCCURRENCE('50',
  '唱头占位（非安装图）','',#5,#7781,$);
#7947 = PRODUCT_RELATED_PRODUCT_CATEGORY('part',$,(#7783));
#7948 = SHAPE_DEFINITION_REPRESENTATION(#7949,#7955);
#7949 = PRODUCT_DEFINITION_SHAPE('','',#7950);
#7950 = PRODUCT_DEFINITION('design','',#7951,#7954);
#7951 = PRODUCT_DEFINITION_FORMATION('','',#7952);
#7952 = PRODUCT('针尖几何基准','针尖几何基准','',(#7953));
#7953 = PRODUCT_CONTEXT('',#2,'mechanical');
#7954 = PRODUCT_DEFINITION_CONTEXT('part definition',#2,'design');
#7955 = ADVANCED_BREP_SHAPE_REPRESENTATION('',(#11,#7956),#8009);
#7956 = MANIFOLD_SOLID_BREP('',#7957);
#7957 = CLOSED_SHELL('',(#7958,#7991,#8000));
#7958 = ADVANCED_FACE('',(#7959),#7986,.T.);
#7959 = FACE_BOUND('',#7960,.T.);
#7960 = EDGE_LOOP('',(#7961,#7970,#7978,#7985));
#7961 = ORIENTED_EDGE('',*,*,#7962,.F.);
#7962 = EDGE_CURVE('',#7963,#7963,#7965,.T.);
#7963 = VERTEX_POINT('',#7964);
#7964 = CARTESIAN_POINT('',(274.49577981815,72.064895758052,170.));
#7965 = CIRCLE('',#7966,0.45);
#7966 = AXIS2_PLACEMENT_3D('',#7967,#7968,#7969);
#7967 = CARTESIAN_POINT('',(274.04577981815,72.064895758052,170.));
#7968 = DIRECTION('',(0.,0.,1.));
#7969 = DIRECTION('',(1.,0.,-0.));
#7970 = ORIENTED_EDGE('',*,*,#7971,.F.);
#7971 = EDGE_CURVE('',#7972,#7963,#7974,.T.);
#7972 = VERTEX_POINT('',#7973);
#7973 = CARTESIAN_POINT('',(274.49577981815,72.064895758052,167.3));
#7974 = LINE('',#7975,#7976);
#7975 = CARTESIAN_POINT('',(274.49577981815,72.064895758052,167.3));
#7976 = VECTOR('',#7977,1.);
#7977 = DIRECTION('',(0.,0.,1.));
#7978 = ORIENTED_EDGE('',*,*,#7979,.T.);
#7979 = EDGE_CURVE('',#7972,#7972,#7980,.T.);
#7980 = CIRCLE('',#7981,0.45);
#7981 = AXIS2_PLACEMENT_3D('',#7982,#7983,#7984);
#7982 = CARTESIAN_POINT('',(274.04577981815,72.064895758052,167.3));
#7983 = DIRECTION('',(0.,0.,1.));
#7984 = DIRECTION('',(1.,0.,-0.));
#7985 = ORIENTED_EDGE('',*,*,#7971,.T.);
#7986 = CYLINDRICAL_SURFACE('',#7987,0.45);
#7987 = AXIS2_PLACEMENT_3D('',#7988,#7989,#7990);
#7988 = CARTESIAN_POINT('',(274.04577981815,72.064895758052,167.3));
#7989 = DIRECTION('',(0.,0.,1.));
#7990 = DIRECTION('',(1.,0.,-0.));
#7991 = ADVANCED_FACE('',(#7992),#7995,.T.);
#7992 = FACE_BOUND('',#7993,.T.);
#7993 = EDGE_LOOP('',(#7994));
#7994 = ORIENTED_EDGE('',*,*,#7962,.T.);
#7995 = PLANE('',#7996);
#7996 = AXIS2_PLACEMENT_3D('',#7997,#7998,#7999);
#7997 = CARTESIAN_POINT('',(274.04577981815,72.064895758052,170.));
#7998 = DIRECTION('',(0.,0.,1.));
#7999 = DIRECTION('',(1.,0.,-0.));
#8000 = ADVANCED_FACE('',(#8001),#8004,.F.);
#8001 = FACE_BOUND('',#8002,.T.);
#8002 = EDGE_LOOP('',(#8003));
#8003 = ORIENTED_EDGE('',*,*,#7979,.F.);
#8004 = PLANE('',#8005);
#8005 = AXIS2_PLACEMENT_3D('',#8006,#8007,#8008);
#8006 = CARTESIAN_POINT('',(274.04577981815,72.064895758052,167.3));
#8007 = DIRECTION('',(0.,0.,1.));
#8008 = DIRECTION('',(1.,0.,-0.));
#8009 = ( GEOMETRIC_REPRESENTATION_CONTEXT(3) 
GLOBAL_UNCERTAINTY_ASSIGNED_CONTEXT((#8013)) 
GLOBAL_UNIT_ASSIGNED_CONTEXT((#8010,#8011,#8012)) REPRESENTATION_CONTEXT
('Context #1','3D Context with UNIT and UNCERTAINTY') );
#8010 = ( LENGTH_UNIT() NAMED_UNIT(*) SI_UNIT(.MILLI.,.METRE.) );
#8011 = ( NAMED_UNIT(*) PLANE_ANGLE_UNIT() SI_UNIT($,.RADIAN.) );
#8012 = ( NAMED_UNIT(*) SI_UNIT($,.STERADIAN.) SOLID_ANGLE_UNIT() );
#8013 = UNCERTAINTY_MEASURE_WITH_UNIT(LENGTH_MEASURE(1.E-07),#8010,
  'distance_accuracy_value','confusion accuracy');
#8014 = CONTEXT_DEPENDENT_SHAPE_REPRESENTATION(#8015,#8017);
#8015 = ( REPRESENTATION_RELATIONSHIP('','',#7955,#10) 
REPRESENTATION_RELATIONSHIP_WITH_TRANSFORMATION(#8016) 
SHAPE_REPRESENTATION_RELATIONSHIP() );
#8016 = ITEM_DEFINED_TRANSFORMATION('','',#11,#215);
#8017 = PRODUCT_DEFINITION_SHAPE('Placement','Placement of an item',
  #8018);
#8018 = NEXT_ASSEMBLY_USAGE_OCCURRENCE('51','针尖几何基准','',#5,
  #7950,$);
#8019 = PRODUCT_RELATED_PRODUCT_CATEGORY('part',$,(#7952));
#8020 = SHAPE_DEFINITION_REPRESENTATION(#8021,#8027);
#8021 = PRODUCT_DEFINITION_SHAPE('','',#8022);
#8022 = PRODUCT_DEFINITION('design','',#8023,#8026);
#8023 = PRODUCT_DEFINITION_FORMATION('','',#8024);
#8024 = PRODUCT('唱臂支架占位','唱臂支架占位','',(#8025));
#8025 = PRODUCT_CONTEXT('',#2,'mechanical');
#8026 = PRODUCT_DEFINITION_CONTEXT('part definition',#2,'design');
#8027 = ADVANCED_BREP_SHAPE_REPRESENTATION('',(#11,#8028),#8081);
#8028 = MANIFOLD_SOLID_BREP('',#8029);
#8029 = CLOSED_SHELL('',(#8030,#8063,#8072));
#8030 = ADVANCED_FACE('',(#8031),#8058,.T.);
#8031 = FACE_BOUND('',#8032,.T.);
#8032 = EDGE_LOOP('',(#8033,#8042,#8050,#8057));
#8033 = ORIENTED_EDGE('',*,*,#8034,.F.);
#8034 = EDGE_CURVE('',#8035,#8035,#8037,.T.);
#8035 = VERTEX_POINT('',#8036);
#8036 = CARTESIAN_POINT('',(359.60961923128,208.98385284664,176.));
#8037 = CIRCLE('',#8038,4.);
#8038 = AXIS2_PLACEMENT_3D('',#8039,#8040,#8041);
#8039 = CARTESIAN_POINT('',(355.60961923128,208.98385284664,176.));
#8040 = DIRECTION('',(0.,0.,1.));
#8041 = DIRECTION('',(1.,0.,-0.));
#8042 = ORIENTED_EDGE('',*,*,#8043,.F.);
#8043 = EDGE_CURVE('',#8044,#8035,#8046,.T.);
#8044 = VERTEX_POINT('',#8045);
#8045 = CARTESIAN_POINT('',(359.60961923128,208.98385284664,150.));
#8046 = LINE('',#8047,#8048);
#8047 = CARTESIAN_POINT('',(359.60961923128,208.98385284664,150.));
#8048 = VECTOR('',#8049,1.);
#8049 = DIRECTION('',(0.,0.,1.));
#8050 = ORIENTED_EDGE('',*,*,#8051,.T.);
#8051 = EDGE_CURVE('',#8044,#8044,#8052,.T.);
#8052 = CIRCLE('',#8053,4.);
#8053 = AXIS2_PLACEMENT_3D('',#8054,#8055,#8056);
#8054 = CARTESIAN_POINT('',(355.60961923128,208.98385284664,150.));
#8055 = DIRECTION('',(0.,0.,1.));
#8056 = DIRECTION('',(1.,0.,-0.));
#8057 = ORIENTED_EDGE('',*,*,#8043,.T.);
#8058 = CYLINDRICAL_SURFACE('',#8059,4.);
#8059 = AXIS2_PLACEMENT_3D('',#8060,#8061,#8062);
#8060 = CARTESIAN_POINT('',(355.60961923128,208.98385284664,150.));
#8061 = DIRECTION('',(0.,0.,1.));
#8062 = DIRECTION('',(1.,0.,-0.));
#8063 = ADVANCED_FACE('',(#8064),#8067,.T.);
#8064 = FACE_BOUND('',#8065,.T.);
#8065 = EDGE_LOOP('',(#8066));
#8066 = ORIENTED_EDGE('',*,*,#8034,.T.);
#8067 = PLANE('',#8068);
#8068 = AXIS2_PLACEMENT_3D('',#8069,#8070,#8071);
#8069 = CARTESIAN_POINT('',(355.60961923128,208.98385284664,176.));
#8070 = DIRECTION('',(0.,0.,1.));
#8071 = DIRECTION('',(1.,0.,-0.));
#8072 = ADVANCED_FACE('',(#8073),#8076,.F.);
#8073 = FACE_BOUND('',#8074,.T.);
#8074 = EDGE_LOOP('',(#8075));
#8075 = ORIENTED_EDGE('',*,*,#8051,.F.);
#8076 = PLANE('',#8077);
#8077 = AXIS2_PLACEMENT_3D('',#8078,#8079,#8080);
#8078 = CARTESIAN_POINT('',(355.60961923128,208.98385284664,150.));
#8079 = DIRECTION('',(0.,0.,1.));
#8080 = DIRECTION('',(1.,0.,-0.));
#8081 = ( GEOMETRIC_REPRESENTATION_CONTEXT(3) 
GLOBAL_UNCERTAINTY_ASSIGNED_CONTEXT((#8085)) 
GLOBAL_UNIT_ASSIGNED_CONTEXT((#8082,#8083,#8084)) REPRESENTATION_CONTEXT
('Context #1','3D Context with UNIT and UNCERTAINTY') );
#8082 = ( LENGTH_UNIT() NAMED_UNIT(*) SI_UNIT(.MILLI.,.METRE.) );
#8083 = ( NAMED_UNIT(*) PLANE_ANGLE_UNIT() SI_UNIT($,.RADIAN.) );
#8084 = ( NAMED_UNIT(*) SI_UNIT($,.STERADIAN.) SOLID_ANGLE_UNIT() );
#8085 = UNCERTAINTY_MEASURE_WITH_UNIT(LENGTH_MEASURE(1.E-07),#8082,
  'distance_accuracy_value','confusion accuracy');
#8086 = CONTEXT_DEPENDENT_SHAPE_REPRESENTATION(#8087,#8089);
#8087 = ( REPRESENTATION_RELATIONSHIP('','',#8027,#10) 
REPRESENTATION_RELATIONSHIP_WITH_TRANSFORMATION(#8088) 
SHAPE_REPRESENTATION_RELATIONSHIP() );
#8088 = ITEM_DEFINED_TRANSFORMATION('','',#11,#219);
#8089 = PRODUCT_DEFINITION_SHAPE('Placement','Placement of an item',
  #8090);
#8090 = NEXT_ASSEMBLY_USAGE_OCCURRENCE('52','唱臂支架占位','',#5,
  #8022,$);
#8091 = PRODUCT_RELATED_PRODUCT_CATEGORY('part',$,(#8024));
#8092 = SHAPE_DEFINITION_REPRESENTATION(#8093,#8099);
#8093 = PRODUCT_DEFINITION_SHAPE('','',#8094);
#8094 = PRODUCT_DEFINITION('design','',#8095,#8098);
#8095 = PRODUCT_DEFINITION_FORMATION('','',#8096);
#8096 = PRODUCT('烟灰透明防尘盖','烟灰透明防尘盖','',(
    #8097));
#8097 = PRODUCT_CONTEXT('',#2,'mechanical');
#8098 = PRODUCT_DEFINITION_CONTEXT('part definition',#2,'design');
#8099 = ADVANCED_BREP_SHAPE_REPRESENTATION('',(#11,#8100),#8392);
#8100 = MANIFOLD_SOLID_BREP('',#8101);
#8101 = CLOSED_SHELL('',(#8102,#8142,#8173,#8197,#8221,#8272,#8284,#8315
    ,#8339,#8363,#8380));
#8102 = ADVANCED_FACE('',(#8103),#8137,.F.);
#8103 = FACE_BOUND('',#8104,.F.);
#8104 = EDGE_LOOP('',(#8105,#8115,#8123,#8131));
#8105 = ORIENTED_EDGE('',*,*,#8106,.F.);
#8106 = EDGE_CURVE('',#8107,#8109,#8111,.T.);
#8107 = VERTEX_POINT('',#8108);
#8108 = CARTESIAN_POINT('',(12.,2.,151.));
#8109 = VERTEX_POINT('',#8110);
#8110 = CARTESIAN_POINT('',(12.,2.,214.2));
#8111 = LINE('',#8112,#8113);
#8112 = CARTESIAN_POINT('',(12.,2.,151.));
#8113 = VECTOR('',#8114,1.);
#8114 = DIRECTION('',(0.,0.,1.));
#8115 = ORIENTED_EDGE('',*,*,#8116,.T.);
#8116 = EDGE_CURVE('',#8107,#8117,#8119,.T.);
#8117 = VERTEX_POINT('',#8118);
#8118 = CARTESIAN_POINT('',(12.,343.5,151.));
#8119 = LINE('',#8120,#8121);
#8120 = CARTESIAN_POINT('',(12.,2.,151.));
#8121 = VECTOR('',#8122,1.);
#8122 = DIRECTION('',(-0.,1.,0.));
#8123 = ORIENTED_EDGE('',*,*,#8124,.T.);
#8124 = EDGE_CURVE('',#8117,#8125,#8127,.T.);
#8125 = VERTEX_POINT('',#8126);
#8126 = CARTESIAN_POINT('',(12.,343.5,214.2));
#8127 = LINE('',#8128,#8129);
#8128 = CARTESIAN_POINT('',(12.,343.5,151.));
#8129 = VECTOR('',#8130,1.);
#8130 = DIRECTION('',(0.,0.,1.));
#8131 = ORIENTED_EDGE('',*,*,#8132,.F.);
#8132 = EDGE_CURVE('',#8109,#8125,#8133,.T.);
#8133 = LINE('',#8134,#8135);
#8134 = CARTESIAN_POINT('',(12.,2.,214.2));
#8135 = VECTOR('',#8136,1.);
#8136 = DIRECTION('',(-0.,1.,0.));
#8137 = PLANE('',#8138);
#8138 = AXIS2_PLACEMENT_3D('',#8139,#8140,#8141);
#8139 = CARTESIAN_POINT('',(12.,2.,151.));
#8140 = DIRECTION('',(1.,0.,-0.));
#8141 = DIRECTION('',(0.,0.,1.));
#8142 = ADVANCED_FACE('',(#8143),#8168,.F.);
#8143 = FACE_BOUND('',#8144,.F.);
#8144 = EDGE_LOOP('',(#8145,#8153,#8154,#8162));
#8145 = ORIENTED_EDGE('',*,*,#8146,.F.);
#8146 = EDGE_CURVE('',#8107,#8147,#8149,.T.);
#8147 = VERTEX_POINT('',#8148);
#8148 = CARTESIAN_POINT('',(436.6,2.,151.));
#8149 = LINE('',#8150,#8151);
#8150 = CARTESIAN_POINT('',(12.,2.,151.));
#8151 = VECTOR('',#8152,1.);
#8152 = DIRECTION('',(1.,0.,-0.));
#8153 = ORIENTED_EDGE('',*,*,#8106,.T.);
#8154 = ORIENTED_EDGE('',*,*,#8155,.T.);
#8155 = EDGE_CURVE('',#8109,#8156,#8158,.T.);
#8156 = VERTEX_POINT('',#8157);
#8157 = CARTESIAN_POINT('',(436.6,2.,214.2));
#8158 = LINE('',#8159,#8160);
#8159 = CARTESIAN_POINT('',(12.,2.,214.2));
#8160 = VECTOR('',#8161,1.);
#8161 = DIRECTION('',(1.,0.,-0.));
#8162 = ORIENTED_EDGE('',*,*,#8163,.F.);
#8163 = EDGE_CURVE('',#8147,#8156,#8164,.T.);
#8164 = LINE('',#8165,#8166);
#8165 = CARTESIAN_POINT('',(436.6,2.,151.));
#8166 = VECTOR('',#8167,1.);
#8167 = DIRECTION('',(0.,0.,1.));
#8168 = PLANE('',#8169);
#8169 = AXIS2_PLACEMENT_3D('',#8170,#8171,#8172);
#8170 = CARTESIAN_POINT('',(12.,2.,151.));
#8171 = DIRECTION('',(-0.,1.,0.));
#8172 = DIRECTION('',(0.,0.,1.));
#8173 = ADVANCED_FACE('',(#8174),#8192,.T.);
#8174 = FACE_BOUND('',#8175,.T.);
#8175 = EDGE_LOOP('',(#8176,#8177,#8178,#8186));
#8176 = ORIENTED_EDGE('',*,*,#8132,.F.);
#8177 = ORIENTED_EDGE('',*,*,#8155,.T.);
#8178 = ORIENTED_EDGE('',*,*,#8179,.T.);
#8179 = EDGE_CURVE('',#8156,#8180,#8182,.T.);
#8180 = VERTEX_POINT('',#8181);
#8181 = CARTESIAN_POINT('',(436.6,343.5,214.2));
#8182 = LINE('',#8183,#8184);
#8183 = CARTESIAN_POINT('',(436.6,2.,214.2));
#8184 = VECTOR('',#8185,1.);
#8185 = DIRECTION('',(-0.,1.,0.));
#8186 = ORIENTED_EDGE('',*,*,#8187,.F.);
#8187 = EDGE_CURVE('',#8125,#8180,#8188,.T.);
#8188 = LINE('',#8189,#8190);
#8189 = CARTESIAN_POINT('',(12.,343.5,214.2));
#8190 = VECTOR('',#8191,1.);
#8191 = DIRECTION('',(1.,0.,-0.));
#8192 = PLANE('',#8193);
#8193 = AXIS2_PLACEMENT_3D('',#8194,#8195,#8196);
#8194 = CARTESIAN_POINT('',(12.,2.,214.2));
#8195 = DIRECTION('',(0.,0.,1.));
#8196 = DIRECTION('',(1.,0.,-0.));
#8197 = ADVANCED_FACE('',(#8198),#8216,.T.);
#8198 = FACE_BOUND('',#8199,.T.);
#8199 = EDGE_LOOP('',(#8200,#8208,#8209,#8210));
#8200 = ORIENTED_EDGE('',*,*,#8201,.F.);
#8201 = EDGE_CURVE('',#8117,#8202,#8204,.T.);
#8202 = VERTEX_POINT('',#8203);
#8203 = CARTESIAN_POINT('',(436.6,343.5,151.));
#8204 = LINE('',#8205,#8206);
#8205 = CARTESIAN_POINT('',(12.,343.5,151.));
#8206 = VECTOR('',#8207,1.);
#8207 = DIRECTION('',(1.,0.,-0.));
#8208 = ORIENTED_EDGE('',*,*,#8124,.T.);
#8209 = ORIENTED_EDGE('',*,*,#8187,.T.);
#8210 = ORIENTED_EDGE('',*,*,#8211,.F.);
#8211 = EDGE_CURVE('',#8202,#8180,#8212,.T.);
#8212 = LINE('',#8213,#8214);
#8213 = CARTESIAN_POINT('',(436.6,343.5,151.));
#8214 = VECTOR('',#8215,1.);
#8215 = DIRECTION('',(0.,0.,1.));
#8216 = PLANE('',#8217);
#8217 = AXIS2_PLACEMENT_3D('',#8218,#8219,#8220);
#8218 = CARTESIAN_POINT('',(12.,343.5,151.));
#8219 = DIRECTION('',(-0.,1.,0.));
#8220 = DIRECTION('',(0.,0.,1.));
#8221 = ADVANCED_FACE('',(#8222,#8233),#8267,.F.);
#8222 = FACE_BOUND('',#8223,.F.);
#8223 = EDGE_LOOP('',(#8224,#8225,#8226,#8232));
#8224 = ORIENTED_EDGE('',*,*,#8116,.F.);
#8225 = ORIENTED_EDGE('',*,*,#8146,.T.);
#8226 = ORIENTED_EDGE('',*,*,#8227,.T.);
#8227 = EDGE_CURVE('',#8147,#8202,#8228,.T.);
#8228 = LINE('',#8229,#8230);
#8229 = CARTESIAN_POINT('',(436.6,2.,151.));
#8230 = VECTOR('',#8231,1.);
#8231 = DIRECTION('',(-0.,1.,0.));
#8232 = ORIENTED_EDGE('',*,*,#8201,.F.);
#8233 = FACE_BOUND('',#8234,.F.);
#8234 = EDGE_LOOP('',(#8235,#8245,#8253,#8261));
#8235 = ORIENTED_EDGE('',*,*,#8236,.T.);
#8236 = EDGE_CURVE('',#8237,#8239,#8241,.T.);
#8237 = VERTEX_POINT('',#8238);
#8238 = CARTESIAN_POINT('',(433.6,5.,151.));
#8239 = VERTEX_POINT('',#8240);
#8240 = CARTESIAN_POINT('',(15.,5.,151.));
#8241 = LINE('',#8242,#8243);
#8242 = CARTESIAN_POINT('',(13.5,5.,151.));
#8243 = VECTOR('',#8244,1.);
#8244 = DIRECTION('',(-1.,-0.,0.));
#8245 = ORIENTED_EDGE('',*,*,#8246,.T.);
#8246 = EDGE_CURVE('',#8239,#8247,#8249,.T.);
#8247 = VERTEX_POINT('',#8248);
#8248 = CARTESIAN_POINT('',(15.,340.5,151.));
#8249 = LINE('',#8250,#8251);
#8250 = CARTESIAN_POINT('',(15.,3.5,151.));
#8251 = VECTOR('',#8252,1.);
#8252 = DIRECTION('',(-0.,1.,0.));
#8253 = ORIENTED_EDGE('',*,*,#8254,.F.);
#8254 = EDGE_CURVE('',#8255,#8247,#8257,.T.);
#8255 = VERTEX_POINT('',#8256);
#8256 = CARTESIAN_POINT('',(433.6,340.5,151.));
#8257 = LINE('',#8258,#8259);
#8258 = CARTESIAN_POINT('',(13.5,340.5,151.));
#8259 = VECTOR('',#8260,1.);
#8260 = DIRECTION('',(-1.,-0.,0.));
#8261 = ORIENTED_EDGE('',*,*,#8262,.F.);
#8262 = EDGE_CURVE('',#8237,#8255,#8263,.T.);
#8263 = LINE('',#8264,#8265);
#8264 = CARTESIAN_POINT('',(433.6,3.5,151.));
#8265 = VECTOR('',#8266,1.);
#8266 = DIRECTION('',(-0.,1.,0.));
#8267 = PLANE('',#8268);
#8268 = AXIS2_PLACEMENT_3D('',#8269,#8270,#8271);
#8269 = CARTESIAN_POINT('',(12.,2.,151.));
#8270 = DIRECTION('',(0.,0.,1.));
#8271 = DIRECTION('',(1.,0.,-0.));
#8272 = ADVANCED_FACE('',(#8273),#8279,.T.);
#8273 = FACE_BOUND('',#8274,.T.);
#8274 = EDGE_LOOP('',(#8275,#8276,#8277,#8278));
#8275 = ORIENTED_EDGE('',*,*,#8163,.F.);
#8276 = ORIENTED_EDGE('',*,*,#8227,.T.);
#8277 = ORIENTED_EDGE('',*,*,#8211,.T.);
#8278 = ORIENTED_EDGE('',*,*,#8179,.F.);
#8279 = PLANE('',#8280);
#8280 = AXIS2_PLACEMENT_3D('',#8281,#8282,#8283);
#8281 = CARTESIAN_POINT('',(436.6,2.,151.));
#8282 = DIRECTION('',(1.,0.,-0.));
#8283 = DIRECTION('',(0.,0.,1.));
#8284 = ADVANCED_FACE('',(#8285),#8310,.T.);
#8285 = FACE_BOUND('',#8286,.T.);
#8286 = EDGE_LOOP('',(#8287,#8295,#8296,#8304));
#8287 = ORIENTED_EDGE('',*,*,#8288,.F.);
#8288 = EDGE_CURVE('',#8237,#8289,#8291,.T.);
#8289 = VERTEX_POINT('',#8290);
#8290 = CARTESIAN_POINT('',(433.6,5.,211.2));
#8291 = LINE('',#8292,#8293);
#8292 = CARTESIAN_POINT('',(433.6,5.,148.));
#8293 = VECTOR('',#8294,1.);
#8294 = DIRECTION('',(0.,0.,1.));
#8295 = ORIENTED_EDGE('',*,*,#8236,.T.);
#8296 = ORIENTED_EDGE('',*,*,#8297,.T.);
#8297 = EDGE_CURVE('',#8239,#8298,#8300,.T.);
#8298 = VERTEX_POINT('',#8299);
#8299 = CARTESIAN_POINT('',(15.,5.,211.2));
#8300 = LINE('',#8301,#8302);
#8301 = CARTESIAN_POINT('',(15.,5.,148.));
#8302 = VECTOR('',#8303,1.);
#8303 = DIRECTION('',(0.,0.,1.));
#8304 = ORIENTED_EDGE('',*,*,#8305,.T.);
#8305 = EDGE_CURVE('',#8298,#8289,#8306,.T.);
#8306 = LINE('',#8307,#8308);
#8307 = CARTESIAN_POINT('',(15.,5.,211.2));
#8308 = VECTOR('',#8309,1.);
#8309 = DIRECTION('',(1.,0.,-0.));
#8310 = PLANE('',#8311);
#8311 = AXIS2_PLACEMENT_3D('',#8312,#8313,#8314);
#8312 = CARTESIAN_POINT('',(15.,5.,148.));
#8313 = DIRECTION('',(-0.,1.,0.));
#8314 = DIRECTION('',(0.,0.,1.));
#8315 = ADVANCED_FACE('',(#8316),#8334,.F.);
#8316 = FACE_BOUND('',#8317,.F.);
#8317 = EDGE_LOOP('',(#8318,#8319,#8320,#8328));
#8318 = ORIENTED_EDGE('',*,*,#8288,.F.);
#8319 = ORIENTED_EDGE('',*,*,#8262,.T.);
#8320 = ORIENTED_EDGE('',*,*,#8321,.T.);
#8321 = EDGE_CURVE('',#8255,#8322,#8324,.T.);
#8322 = VERTEX_POINT('',#8323);
#8323 = CARTESIAN_POINT('',(433.6,340.5,211.2));
#8324 = LINE('',#8325,#8326);
#8325 = CARTESIAN_POINT('',(433.6,340.5,148.));
#8326 = VECTOR('',#8327,1.);
#8327 = DIRECTION('',(0.,0.,1.));
#8328 = ORIENTED_EDGE('',*,*,#8329,.F.);
#8329 = EDGE_CURVE('',#8289,#8322,#8330,.T.);
#8330 = LINE('',#8331,#8332);
#8331 = CARTESIAN_POINT('',(433.6,5.,211.2));
#8332 = VECTOR('',#8333,1.);
#8333 = DIRECTION('',(-0.,1.,0.));
#8334 = PLANE('',#8335);
#8335 = AXIS2_PLACEMENT_3D('',#8336,#8337,#8338);
#8336 = CARTESIAN_POINT('',(433.6,5.,148.));
#8337 = DIRECTION('',(1.,0.,-0.));
#8338 = DIRECTION('',(0.,0.,1.));
#8339 = ADVANCED_FACE('',(#8340),#8358,.F.);
#8340 = FACE_BOUND('',#8341,.F.);
#8341 = EDGE_LOOP('',(#8342,#8343,#8344,#8352));
#8342 = ORIENTED_EDGE('',*,*,#8321,.F.);
#8343 = ORIENTED_EDGE('',*,*,#8254,.T.);
#8344 = ORIENTED_EDGE('',*,*,#8345,.T.);
#8345 = EDGE_CURVE('',#8247,#8346,#8348,.T.);
#8346 = VERTEX_POINT('',#8347);
#8347 = CARTESIAN_POINT('',(15.,340.5,211.2));
#8348 = LINE('',#8349,#8350);
#8349 = CARTESIAN_POINT('',(15.,340.5,148.));
#8350 = VECTOR('',#8351,1.);
#8351 = DIRECTION('',(0.,0.,1.));
#8352 = ORIENTED_EDGE('',*,*,#8353,.T.);
#8353 = EDGE_CURVE('',#8346,#8322,#8354,.T.);
#8354 = LINE('',#8355,#8356);
#8355 = CARTESIAN_POINT('',(15.,340.5,211.2));
#8356 = VECTOR('',#8357,1.);
#8357 = DIRECTION('',(1.,0.,-0.));
#8358 = PLANE('',#8359);
#8359 = AXIS2_PLACEMENT_3D('',#8360,#8361,#8362);
#8360 = CARTESIAN_POINT('',(15.,340.5,148.));
#8361 = DIRECTION('',(-0.,1.,0.));
#8362 = DIRECTION('',(0.,0.,1.));
#8363 = ADVANCED_FACE('',(#8364),#8375,.T.);
#8364 = FACE_BOUND('',#8365,.T.);
#8365 = EDGE_LOOP('',(#8366,#8367,#8368,#8369));
#8366 = ORIENTED_EDGE('',*,*,#8297,.F.);
#8367 = ORIENTED_EDGE('',*,*,#8246,.T.);
#8368 = ORIENTED_EDGE('',*,*,#8345,.T.);
#8369 = ORIENTED_EDGE('',*,*,#8370,.F.);
#8370 = EDGE_CURVE('',#8298,#8346,#8371,.T.);
#8371 = LINE('',#8372,#8373);
#8372 = CARTESIAN_POINT('',(15.,5.,211.2));
#8373 = VECTOR('',#8374,1.);
#8374 = DIRECTION('',(-0.,1.,0.));
#8375 = PLANE('',#8376);
#8376 = AXIS2_PLACEMENT_3D('',#8377,#8378,#8379);
#8377 = CARTESIAN_POINT('',(15.,5.,148.));
#8378 = DIRECTION('',(1.,0.,-0.));
#8379 = DIRECTION('',(0.,0.,1.));
#8380 = ADVANCED_FACE('',(#8381),#8387,.F.);
#8381 = FACE_BOUND('',#8382,.F.);
#8382 = EDGE_LOOP('',(#8383,#8384,#8385,#8386));
#8383 = ORIENTED_EDGE('',*,*,#8370,.F.);
#8384 = ORIENTED_EDGE('',*,*,#8305,.T.);
#8385 = ORIENTED_EDGE('',*,*,#8329,.T.);
#8386 = ORIENTED_EDGE('',*,*,#8353,.F.);
#8387 = PLANE('',#8388);
#8388 = AXIS2_PLACEMENT_3D('',#8389,#8390,#8391);
#8389 = CARTESIAN_POINT('',(15.,5.,211.2));
#8390 = DIRECTION('',(0.,0.,1.));
#8391 = DIRECTION('',(1.,0.,-0.));
#8392 = ( GEOMETRIC_REPRESENTATION_CONTEXT(3) 
GLOBAL_UNCERTAINTY_ASSIGNED_CONTEXT((#8396)) 
GLOBAL_UNIT_ASSIGNED_CONTEXT((#8393,#8394,#8395)) REPRESENTATION_CONTEXT
('Context #1','3D Context with UNIT and UNCERTAINTY') );
#8393 = ( LENGTH_UNIT() NAMED_UNIT(*) SI_UNIT(.MILLI.,.METRE.) );
#8394 = ( NAMED_UNIT(*) PLANE_ANGLE_UNIT() SI_UNIT($,.RADIAN.) );
#8395 = ( NAMED_UNIT(*) SI_UNIT($,.STERADIAN.) SOLID_ANGLE_UNIT() );
#8396 = UNCERTAINTY_MEASURE_WITH_UNIT(LENGTH_MEASURE(1.E-07),#8393,
  'distance_accuracy_value','confusion accuracy');
#8397 = CONTEXT_DEPENDENT_SHAPE_REPRESENTATION(#8398,#8400);
#8398 = ( REPRESENTATION_RELATIONSHIP('','',#8099,#10) 
REPRESENTATION_RELATIONSHIP_WITH_TRANSFORMATION(#8399) 
SHAPE_REPRESENTATION_RELATIONSHIP() );
#8399 = ITEM_DEFINED_TRANSFORMATION('','',#11,#223);
#8400 = PRODUCT_DEFINITION_SHAPE('Placement','Placement of an item',
  #8401);
#8401 = NEXT_ASSEMBLY_USAGE_OCCURRENCE('53','烟灰透明防尘盖','',
  #5,#8094,$);
#8402 = PRODUCT_RELATED_PRODUCT_CATEGORY('part',$,(#8096));
#8403 = SHAPE_DEFINITION_REPRESENTATION(#8404,#8410);
#8404 = PRODUCT_DEFINITION_SHAPE('','',#8405);
#8405 = PRODUCT_DEFINITION('design','',#8406,#8409);
#8406 = PRODUCT_DEFINITION_FORMATION('','',#8407);
#8407 = PRODUCT('铰链固定座 1','铰链固定座 1','',(#8408));
#8408 = PRODUCT_CONTEXT('',#2,'mechanical');
#8409 = PRODUCT_DEFINITION_CONTEXT('part definition',#2,'design');
#8410 = ADVANCED_BREP_SHAPE_REPRESENTATION('',(#11,#8411),#8561);
#8411 = MANIFOLD_SOLID_BREP('',#8412);
#8412 = CLOSED_SHELL('',(#8413,#8453,#8493,#8515,#8537,#8549));
#8413 = ADVANCED_FACE('',(#8414),#8448,.F.);
#8414 = FACE_BOUND('',#8415,.F.);
#8415 = EDGE_LOOP('',(#8416,#8426,#8434,#8442));
#8416 = ORIENTED_EDGE('',*,*,#8417,.F.);
#8417 = EDGE_CURVE('',#8418,#8420,#8422,.T.);
#8418 = VERTEX_POINT('',#8419);
#8419 = CARTESIAN_POINT('',(55.,332.5,138.));
#8420 = VERTEX_POINT('',#8421);
#8421 = CARTESIAN_POINT('',(55.,332.5,150.));
#8422 = LINE('',#8423,#8424);
#8423 = CARTESIAN_POINT('',(55.,332.5,138.));
#8424 = VECTOR('',#8425,1.);
#8425 = DIRECTION('',(0.,0.,1.));
#8426 = ORIENTED_EDGE('',*,*,#8427,.T.);
#8427 = EDGE_CURVE('',#8418,#8428,#8430,.T.);
#8428 = VERTEX_POINT('',#8429);
#8429 = CARTESIAN_POINT('',(55.,341.5,138.));
#8430 = LINE('',#8431,#8432);
#8431 = CARTESIAN_POINT('',(55.,332.5,138.));
#8432 = VECTOR('',#8433,1.);
#8433 = DIRECTION('',(-0.,1.,0.));
#8434 = ORIENTED_EDGE('',*,*,#8435,.T.);
#8435 = EDGE_CURVE('',#8428,#8436,#8438,.T.);
#8436 = VERTEX_POINT('',#8437);
#8437 = CARTESIAN_POINT('',(55.,341.5,150.));
#8438 = LINE('',#8439,#8440);
#8439 = CARTESIAN_POINT('',(55.,341.5,138.));
#8440 = VECTOR('',#8441,1.);
#8441 = DIRECTION('',(0.,0.,1.));
#8442 = ORIENTED_EDGE('',*,*,#8443,.F.);
#8443 = EDGE_CURVE('',#8420,#8436,#8444,.T.);
#8444 = LINE('',#8445,#8446);
#8445 = CARTESIAN_POINT('',(55.,332.5,150.));
#8446 = VECTOR('',#8447,1.);
#8447 = DIRECTION('',(-0.,1.,0.));
#8448 = PLANE('',#8449);
#8449 = AXIS2_PLACEMENT_3D('',#8450,#8451,#8452);
#8450 = CARTESIAN_POINT('',(55.,332.5,138.));
#8451 = DIRECTION('',(1.,0.,-0.));
#8452 = DIRECTION('',(0.,0.,1.));
#8453 = ADVANCED_FACE('',(#8454),#8488,.T.);
#8454 = FACE_BOUND('',#8455,.T.);
#8455 = EDGE_LOOP('',(#8456,#8466,#8474,#8482));
#8456 = ORIENTED_EDGE('',*,*,#8457,.F.);
#8457 = EDGE_CURVE('',#8458,#8460,#8462,.T.);
#8458 = VERTEX_POINT('',#8459);
#8459 = CARTESIAN_POINT('',(77.,332.5,138.));
#8460 = VERTEX_POINT('',#8461);
#8461 = CARTESIAN_POINT('',(77.,332.5,150.));
#8462 = LINE('',#8463,#8464);
#8463 = CARTESIAN_POINT('',(77.,332.5,138.));
#8464 = VECTOR('',#8465,1.);
#8465 = DIRECTION('',(0.,0.,1.));
#8466 = ORIENTED_EDGE('',*,*,#8467,.T.);
#8467 = EDGE_CURVE('',#8458,#8468,#8470,.T.);
#8468 = VERTEX_POINT('',#8469);
#8469 = CARTESIAN_POINT('',(77.,341.5,138.));
#8470 = LINE('',#8471,#8472);
#8471 = CARTESIAN_POINT('',(77.,332.5,138.));
#8472 = VECTOR('',#8473,1.);
#8473 = DIRECTION('',(-0.,1.,0.));
#8474 = ORIENTED_EDGE('',*,*,#8475,.T.);
#8475 = EDGE_CURVE('',#8468,#8476,#8478,.T.);
#8476 = VERTEX_POINT('',#8477);
#8477 = CARTESIAN_POINT('',(77.,341.5,150.));
#8478 = LINE('',#8479,#8480);
#8479 = CARTESIAN_POINT('',(77.,341.5,138.));
#8480 = VECTOR('',#8481,1.);
#8481 = DIRECTION('',(0.,0.,1.));
#8482 = ORIENTED_EDGE('',*,*,#8483,.F.);
#8483 = EDGE_CURVE('',#8460,#8476,#8484,.T.);
#8484 = LINE('',#8485,#8486);
#8485 = CARTESIAN_POINT('',(77.,332.5,150.));
#8486 = VECTOR('',#8487,1.);
#8487 = DIRECTION('',(-0.,1.,0.));
#8488 = PLANE('',#8489);
#8489 = AXIS2_PLACEMENT_3D('',#8490,#8491,#8492);
#8490 = CARTESIAN_POINT('',(77.,332.5,138.));
#8491 = DIRECTION('',(1.,0.,-0.));
#8492 = DIRECTION('',(0.,0.,1.));
#8493 = ADVANCED_FACE('',(#8494),#8510,.F.);
#8494 = FACE_BOUND('',#8495,.F.);
#8495 = EDGE_LOOP('',(#8496,#8502,#8503,#8509));
#8496 = ORIENTED_EDGE('',*,*,#8497,.F.);
#8497 = EDGE_CURVE('',#8418,#8458,#8498,.T.);
#8498 = LINE('',#8499,#8500);
#8499 = CARTESIAN_POINT('',(55.,332.5,138.));
#8500 = VECTOR('',#8501,1.);
#8501 = DIRECTION('',(1.,0.,-0.));
#8502 = ORIENTED_EDGE('',*,*,#8417,.T.);
#8503 = ORIENTED_EDGE('',*,*,#8504,.T.);
#8504 = EDGE_CURVE('',#8420,#8460,#8505,.T.);
#8505 = LINE('',#8506,#8507);
#8506 = CARTESIAN_POINT('',(55.,332.5,150.));
#8507 = VECTOR('',#8508,1.);
#8508 = DIRECTION('',(1.,0.,-0.));
#8509 = ORIENTED_EDGE('',*,*,#8457,.F.);
#8510 = PLANE('',#8511);
#8511 = AXIS2_PLACEMENT_3D('',#8512,#8513,#8514);
#8512 = CARTESIAN_POINT('',(55.,332.5,138.));
#8513 = DIRECTION('',(-0.,1.,0.));
#8514 = DIRECTION('',(0.,0.,1.));
#8515 = ADVANCED_FACE('',(#8516),#8532,.T.);
#8516 = FACE_BOUND('',#8517,.T.);
#8517 = EDGE_LOOP('',(#8518,#8524,#8525,#8531));
#8518 = ORIENTED_EDGE('',*,*,#8519,.F.);
#8519 = EDGE_CURVE('',#8428,#8468,#8520,.T.);
#8520 = LINE('',#8521,#8522);
#8521 = CARTESIAN_POINT('',(55.,341.5,138.));
#8522 = VECTOR('',#8523,1.);
#8523 = DIRECTION('',(1.,0.,-0.));
#8524 = ORIENTED_EDGE('',*,*,#8435,.T.);
#8525 = ORIENTED_EDGE('',*,*,#8526,.T.);
#8526 = EDGE_CURVE('',#8436,#8476,#8527,.T.);
#8527 = LINE('',#8528,#8529);
#8528 = CARTESIAN_POINT('',(55.,341.5,150.));
#8529 = VECTOR('',#8530,1.);
#8530 = DIRECTION('',(1.,0.,-0.));
#8531 = ORIENTED_EDGE('',*,*,#8475,.F.);
#8532 = PLANE('',#8533);
#8533 = AXIS2_PLACEMENT_3D('',#8534,#8535,#8536);
#8534 = CARTESIAN_POINT('',(55.,341.5,138.));
#8535 = DIRECTION('',(-0.,1.,0.));
#8536 = DIRECTION('',(0.,0.,1.));
#8537 = ADVANCED_FACE('',(#8538),#8544,.F.);
#8538 = FACE_BOUND('',#8539,.F.);
#8539 = EDGE_LOOP('',(#8540,#8541,#8542,#8543));
#8540 = ORIENTED_EDGE('',*,*,#8427,.F.);
#8541 = ORIENTED_EDGE('',*,*,#8497,.T.);
#8542 = ORIENTED_EDGE('',*,*,#8467,.T.);
#8543 = ORIENTED_EDGE('',*,*,#8519,.F.);
#8544 = PLANE('',#8545);
#8545 = AXIS2_PLACEMENT_3D('',#8546,#8547,#8548);
#8546 = CARTESIAN_POINT('',(55.,332.5,138.));
#8547 = DIRECTION('',(0.,0.,1.));
#8548 = DIRECTION('',(1.,0.,-0.));
#8549 = ADVANCED_FACE('',(#8550),#8556,.T.);
#8550 = FACE_BOUND('',#8551,.T.);
#8551 = EDGE_LOOP('',(#8552,#8553,#8554,#8555));
#8552 = ORIENTED_EDGE('',*,*,#8443,.F.);
#8553 = ORIENTED_EDGE('',*,*,#8504,.T.);
#8554 = ORIENTED_EDGE('',*,*,#8483,.T.);
#8555 = ORIENTED_EDGE('',*,*,#8526,.F.);
#8556 = PLANE('',#8557);
#8557 = AXIS2_PLACEMENT_3D('',#8558,#8559,#8560);
#8558 = CARTESIAN_POINT('',(55.,332.5,150.));
#8559 = DIRECTION('',(0.,0.,1.));
#8560 = DIRECTION('',(1.,0.,-0.));
#8561 = ( GEOMETRIC_REPRESENTATION_CONTEXT(3) 
GLOBAL_UNCERTAINTY_ASSIGNED_CONTEXT((#8565)) 
GLOBAL_UNIT_ASSIGNED_CONTEXT((#8562,#8563,#8564)) REPRESENTATION_CONTEXT
('Context #1','3D Context with UNIT and UNCERTAINTY') );
#8562 = ( LENGTH_UNIT() NAMED_UNIT(*) SI_UNIT(.MILLI.,.METRE.) );
#8563 = ( NAMED_UNIT(*) PLANE_ANGLE_UNIT() SI_UNIT($,.RADIAN.) );
#8564 = ( NAMED_UNIT(*) SI_UNIT($,.STERADIAN.) SOLID_ANGLE_UNIT() );
#8565 = UNCERTAINTY_MEASURE_WITH_UNIT(LENGTH_MEASURE(1.E-07),#8562,
  'distance_accuracy_value','confusion accuracy');
#8566 = CONTEXT_DEPENDENT_SHAPE_REPRESENTATION(#8567,#8569);
#8567 = ( REPRESENTATION_RELATIONSHIP('','',#8410,#10) 
REPRESENTATION_RELATIONSHIP_WITH_TRANSFORMATION(#8568) 
SHAPE_REPRESENTATION_RELATIONSHIP() );
#8568 = ITEM_DEFINED_TRANSFORMATION('','',#11,#227);
#8569 = PRODUCT_DEFINITION_SHAPE('Placement','Placement of an item',
  #8570);
#8570 = NEXT_ASSEMBLY_USAGE_OCCURRENCE('54','铰链固定座 1','',#5,
  #8405,$);
#8571 = PRODUCT_RELATED_PRODUCT_CATEGORY('part',$,(#8407));
#8572 = SHAPE_DEFINITION_REPRESENTATION(#8573,#8579);
#8573 = PRODUCT_DEFINITION_SHAPE('','',#8574);
#8574 = PRODUCT_DEFINITION('design','',#8575,#8578);
#8575 = PRODUCT_DEFINITION_FORMATION('','',#8576);
#8576 = PRODUCT('铰链轴 1','铰链轴 1','',(#8577));
#8577 = PRODUCT_CONTEXT('',#2,'mechanical');
#8578 = PRODUCT_DEFINITION_CONTEXT('part definition',#2,'design');
#8579 = ADVANCED_BREP_SHAPE_REPRESENTATION('',(#11,#8580),#8633);
#8580 = MANIFOLD_SOLID_BREP('',#8581);
#8581 = CLOSED_SHELL('',(#8582,#8615,#8624));
#8582 = ADVANCED_FACE('',(#8583),#8610,.T.);
#8583 = FACE_BOUND('',#8584,.T.);
#8584 = EDGE_LOOP('',(#8585,#8594,#8602,#8609));
#8585 = ORIENTED_EDGE('',*,*,#8586,.F.);
#8586 = EDGE_CURVE('',#8587,#8587,#8589,.T.);
#8587 = VERTEX_POINT('',#8588);
#8588 = CARTESIAN_POINT('',(77.,342.5,154.));
#8589 = CIRCLE('',#8590,3.);
#8590 = AXIS2_PLACEMENT_3D('',#8591,#8592,#8593);
#8591 = CARTESIAN_POINT('',(77.,342.5,151.));
#8592 = DIRECTION('',(1.,0.,0.));
#8593 = DIRECTION('',(-0.,0.,1.));
#8594 = ORIENTED_EDGE('',*,*,#8595,.F.);
#8595 = EDGE_CURVE('',#8596,#8587,#8598,.T.);
#8596 = VERTEX_POINT('',#8597);
#8597 = CARTESIAN_POINT('',(55.,342.5,154.));
#8598 = LINE('',#8599,#8600);
#8599 = CARTESIAN_POINT('',(55.,342.5,154.));
#8600 = VECTOR('',#8601,1.);
#8601 = DIRECTION('',(1.,0.,0.));
#8602 = ORIENTED_EDGE('',*,*,#8603,.T.);
#8603 = EDGE_CURVE('',#8596,#8596,#8604,.T.);
#8604 = CIRCLE('',#8605,3.);
#8605 = AXIS2_PLACEMENT_3D('',#8606,#8607,#8608);
#8606 = CARTESIAN_POINT('',(55.,342.5,151.));
#8607 = DIRECTION('',(1.,0.,0.));
#8608 = DIRECTION('',(-0.,0.,1.));
#8609 = ORIENTED_EDGE('',*,*,#8595,.T.);
#8610 = CYLINDRICAL_SURFACE('',#8611,3.);
#8611 = AXIS2_PLACEMENT_3D('',#8612,#8613,#8614);
#8612 = CARTESIAN_POINT('',(55.,342.5,151.));
#8613 = DIRECTION('',(1.,0.,0.));
#8614 = DIRECTION('',(-0.,0.,1.));
#8615 = ADVANCED_FACE('',(#8616),#8619,.T.);
#8616 = FACE_BOUND('',#8617,.T.);
#8617 = EDGE_LOOP('',(#8618));
#8618 = ORIENTED_EDGE('',*,*,#8586,.T.);
#8619 = PLANE('',#8620);
#8620 = AXIS2_PLACEMENT_3D('',#8621,#8622,#8623);
#8621 = CARTESIAN_POINT('',(77.,342.5,151.));
#8622 = DIRECTION('',(1.,0.,0.));
#8623 = DIRECTION('',(-0.,0.,1.));
#8624 = ADVANCED_FACE('',(#8625),#8628,.F.);
#8625 = FACE_BOUND('',#8626,.T.);
#8626 = EDGE_LOOP('',(#8627));
#8627 = ORIENTED_EDGE('',*,*,#8603,.F.);
#8628 = PLANE('',#8629);
#8629 = AXIS2_PLACEMENT_3D('',#8630,#8631,#8632);
#8630 = CARTESIAN_POINT('',(55.,342.5,151.));
#8631 = DIRECTION('',(1.,0.,0.));
#8632 = DIRECTION('',(-0.,0.,1.));
#8633 = ( GEOMETRIC_REPRESENTATION_CONTEXT(3) 
GLOBAL_UNCERTAINTY_ASSIGNED_CONTEXT((#8637)) 
GLOBAL_UNIT_ASSIGNED_CONTEXT((#8634,#8635,#8636)) REPRESENTATION_CONTEXT
('Context #1','3D Context with UNIT and UNCERTAINTY') );
#8634 = ( LENGTH_UNIT() NAMED_UNIT(*) SI_UNIT(.MILLI.,.METRE.) );
#8635 = ( NAMED_UNIT(*) PLANE_ANGLE_UNIT() SI_UNIT($,.RADIAN.) );
#8636 = ( NAMED_UNIT(*) SI_UNIT($,.STERADIAN.) SOLID_ANGLE_UNIT() );
#8637 = UNCERTAINTY_MEASURE_WITH_UNIT(LENGTH_MEASURE(1.E-07),#8634,
  'distance_accuracy_value','confusion accuracy');
#8638 = CONTEXT_DEPENDENT_SHAPE_REPRESENTATION(#8639,#8641);
#8639 = ( REPRESENTATION_RELATIONSHIP('','',#8579,#10) 
REPRESENTATION_RELATIONSHIP_WITH_TRANSFORMATION(#8640) 
SHAPE_REPRESENTATION_RELATIONSHIP() );
#8640 = ITEM_DEFINED_TRANSFORMATION('','',#11,#231);
#8641 = PRODUCT_DEFINITION_SHAPE('Placement','Placement of an item',
  #8642);
#8642 = NEXT_ASSEMBLY_USAGE_OCCURRENCE('55','铰链轴 1','',#5,#8574,$
  );
#8643 = PRODUCT_RELATED_PRODUCT_CATEGORY('part',$,(#8576));
#8644 = SHAPE_DEFINITION_REPRESENTATION(#8645,#8651);
#8645 = PRODUCT_DEFINITION_SHAPE('','',#8646);
#8646 = PRODUCT_DEFINITION('design','',#8647,#8650);
#8647 = PRODUCT_DEFINITION_FORMATION('','',#8648);
#8648 = PRODUCT('铰链固定座 2','铰链固定座 2','',(#8649));
#8649 = PRODUCT_CONTEXT('',#2,'mechanical');
#8650 = PRODUCT_DEFINITION_CONTEXT('part definition',#2,'design');
#8651 = ADVANCED_BREP_SHAPE_REPRESENTATION('',(#11,#8652),#8802);
#8652 = MANIFOLD_SOLID_BREP('',#8653);
#8653 = CLOSED_SHELL('',(#8654,#8694,#8734,#8756,#8778,#8790));
#8654 = ADVANCED_FACE('',(#8655),#8689,.F.);
#8655 = FACE_BOUND('',#8656,.F.);
#8656 = EDGE_LOOP('',(#8657,#8667,#8675,#8683));
#8657 = ORIENTED_EDGE('',*,*,#8658,.F.);
#8658 = EDGE_CURVE('',#8659,#8661,#8663,.T.);
#8659 = VERTEX_POINT('',#8660);
#8660 = CARTESIAN_POINT('',(371.6,332.5,138.));
#8661 = VERTEX_POINT('',#8662);
#8662 = CARTESIAN_POINT('',(371.6,332.5,150.));
#8663 = LINE('',#8664,#8665);
#8664 = CARTESIAN_POINT('',(371.6,332.5,138.));
#8665 = VECTOR('',#8666,1.);
#8666 = DIRECTION('',(0.,0.,1.));
#8667 = ORIENTED_EDGE('',*,*,#8668,.T.);
#8668 = EDGE_CURVE('',#8659,#8669,#8671,.T.);
#8669 = VERTEX_POINT('',#8670);
#8670 = CARTESIAN_POINT('',(371.6,341.5,138.));
#8671 = LINE('',#8672,#8673);
#8672 = CARTESIAN_POINT('',(371.6,332.5,138.));
#8673 = VECTOR('',#8674,1.);
#8674 = DIRECTION('',(-0.,1.,0.));
#8675 = ORIENTED_EDGE('',*,*,#8676,.T.);
#8676 = EDGE_CURVE('',#8669,#8677,#8679,.T.);
#8677 = VERTEX_POINT('',#8678);
#8678 = CARTESIAN_POINT('',(371.6,341.5,150.));
#8679 = LINE('',#8680,#8681);
#8680 = CARTESIAN_POINT('',(371.6,341.5,138.));
#8681 = VECTOR('',#8682,1.);
#8682 = DIRECTION('',(0.,0.,1.));
#8683 = ORIENTED_EDGE('',*,*,#8684,.F.);
#8684 = EDGE_CURVE('',#8661,#8677,#8685,.T.);
#8685 = LINE('',#8686,#8687);
#8686 = CARTESIAN_POINT('',(371.6,332.5,150.));
#8687 = VECTOR('',#8688,1.);
#8688 = DIRECTION('',(-0.,1.,0.));
#8689 = PLANE('',#8690);
#8690 = AXIS2_PLACEMENT_3D('',#8691,#8692,#8693);
#8691 = CARTESIAN_POINT('',(371.6,332.5,138.));
#8692 = DIRECTION('',(1.,0.,-0.));
#8693 = DIRECTION('',(0.,0.,1.));
#8694 = ADVANCED_FACE('',(#8695),#8729,.T.);
#8695 = FACE_BOUND('',#8696,.T.);
#8696 = EDGE_LOOP('',(#8697,#8707,#8715,#8723));
#8697 = ORIENTED_EDGE('',*,*,#8698,.F.);
#8698 = EDGE_CURVE('',#8699,#8701,#8703,.T.);
#8699 = VERTEX_POINT('',#8700);
#8700 = CARTESIAN_POINT('',(393.6,332.5,138.));
#8701 = VERTEX_POINT('',#8702);
#8702 = CARTESIAN_POINT('',(393.6,332.5,150.));
#8703 = LINE('',#8704,#8705);
#8704 = CARTESIAN_POINT('',(393.6,332.5,138.));
#8705 = VECTOR('',#8706,1.);
#8706 = DIRECTION('',(0.,0.,1.));
#8707 = ORIENTED_EDGE('',*,*,#8708,.T.);
#8708 = EDGE_CURVE('',#8699,#8709,#8711,.T.);
#8709 = VERTEX_POINT('',#8710);
#8710 = CARTESIAN_POINT('',(393.6,341.5,138.));
#8711 = LINE('',#8712,#8713);
#8712 = CARTESIAN_POINT('',(393.6,332.5,138.));
#8713 = VECTOR('',#8714,1.);
#8714 = DIRECTION('',(-0.,1.,0.));
#8715 = ORIENTED_EDGE('',*,*,#8716,.T.);
#8716 = EDGE_CURVE('',#8709,#8717,#8719,.T.);
#8717 = VERTEX_POINT('',#8718);
#8718 = CARTESIAN_POINT('',(393.6,341.5,150.));
#8719 = LINE('',#8720,#8721);
#8720 = CARTESIAN_POINT('',(393.6,341.5,138.));
#8721 = VECTOR('',#8722,1.);
#8722 = DIRECTION('',(0.,0.,1.));
#8723 = ORIENTED_EDGE('',*,*,#8724,.F.);
#8724 = EDGE_CURVE('',#8701,#8717,#8725,.T.);
#8725 = LINE('',#8726,#8727);
#8726 = CARTESIAN_POINT('',(393.6,332.5,150.));
#8727 = VECTOR('',#8728,1.);
#8728 = DIRECTION('',(-0.,1.,0.));
#8729 = PLANE('',#8730);
#8730 = AXIS2_PLACEMENT_3D('',#8731,#8732,#8733);
#8731 = CARTESIAN_POINT('',(393.6,332.5,138.));
#8732 = DIRECTION('',(1.,0.,-0.));
#8733 = DIRECTION('',(0.,0.,1.));
#8734 = ADVANCED_FACE('',(#8735),#8751,.F.);
#8735 = FACE_BOUND('',#8736,.F.);
#8736 = EDGE_LOOP('',(#8737,#8743,#8744,#8750));
#8737 = ORIENTED_EDGE('',*,*,#8738,.F.);
#8738 = EDGE_CURVE('',#8659,#8699,#8739,.T.);
#8739 = LINE('',#8740,#8741);
#8740 = CARTESIAN_POINT('',(371.6,332.5,138.));
#8741 = VECTOR('',#8742,1.);
#8742 = DIRECTION('',(1.,0.,-0.));
#8743 = ORIENTED_EDGE('',*,*,#8658,.T.);
#8744 = ORIENTED_EDGE('',*,*,#8745,.T.);
#8745 = EDGE_CURVE('',#8661,#8701,#8746,.T.);
#8746 = LINE('',#8747,#8748);
#8747 = CARTESIAN_POINT('',(371.6,332.5,150.));
#8748 = VECTOR('',#8749,1.);
#8749 = DIRECTION('',(1.,0.,-0.));
#8750 = ORIENTED_EDGE('',*,*,#8698,.F.);
#8751 = PLANE('',#8752);
#8752 = AXIS2_PLACEMENT_3D('',#8753,#8754,#8755);
#8753 = CARTESIAN_POINT('',(371.6,332.5,138.));
#8754 = DIRECTION('',(-0.,1.,0.));
#8755 = DIRECTION('',(0.,0.,1.));
#8756 = ADVANCED_FACE('',(#8757),#8773,.T.);
#8757 = FACE_BOUND('',#8758,.T.);
#8758 = EDGE_LOOP('',(#8759,#8765,#8766,#8772));
#8759 = ORIENTED_EDGE('',*,*,#8760,.F.);
#8760 = EDGE_CURVE('',#8669,#8709,#8761,.T.);
#8761 = LINE('',#8762,#8763);
#8762 = CARTESIAN_POINT('',(371.6,341.5,138.));
#8763 = VECTOR('',#8764,1.);
#8764 = DIRECTION('',(1.,0.,-0.));
#8765 = ORIENTED_EDGE('',*,*,#8676,.T.);
#8766 = ORIENTED_EDGE('',*,*,#8767,.T.);
#8767 = EDGE_CURVE('',#8677,#8717,#8768,.T.);
#8768 = LINE('',#8769,#8770);
#8769 = CARTESIAN_POINT('',(371.6,341.5,150.));
#8770 = VECTOR('',#8771,1.);
#8771 = DIRECTION('',(1.,0.,-0.));
#8772 = ORIENTED_EDGE('',*,*,#8716,.F.);
#8773 = PLANE('',#8774);
#8774 = AXIS2_PLACEMENT_3D('',#8775,#8776,#8777);
#8775 = CARTESIAN_POINT('',(371.6,341.5,138.));
#8776 = DIRECTION('',(-0.,1.,0.));
#8777 = DIRECTION('',(0.,0.,1.));
#8778 = ADVANCED_FACE('',(#8779),#8785,.F.);
#8779 = FACE_BOUND('',#8780,.F.);
#8780 = EDGE_LOOP('',(#8781,#8782,#8783,#8784));
#8781 = ORIENTED_EDGE('',*,*,#8668,.F.);
#8782 = ORIENTED_EDGE('',*,*,#8738,.T.);
#8783 = ORIENTED_EDGE('',*,*,#8708,.T.);
#8784 = ORIENTED_EDGE('',*,*,#8760,.F.);
#8785 = PLANE('',#8786);
#8786 = AXIS2_PLACEMENT_3D('',#8787,#8788,#8789);
#8787 = CARTESIAN_POINT('',(371.6,332.5,138.));
#8788 = DIRECTION('',(0.,0.,1.));
#8789 = DIRECTION('',(1.,0.,-0.));
#8790 = ADVANCED_FACE('',(#8791),#8797,.T.);
#8791 = FACE_BOUND('',#8792,.T.);
#8792 = EDGE_LOOP('',(#8793,#8794,#8795,#8796));
#8793 = ORIENTED_EDGE('',*,*,#8684,.F.);
#8794 = ORIENTED_EDGE('',*,*,#8745,.T.);
#8795 = ORIENTED_EDGE('',*,*,#8724,.T.);
#8796 = ORIENTED_EDGE('',*,*,#8767,.F.);
#8797 = PLANE('',#8798);
#8798 = AXIS2_PLACEMENT_3D('',#8799,#8800,#8801);
#8799 = CARTESIAN_POINT('',(371.6,332.5,150.));
#8800 = DIRECTION('',(0.,0.,1.));
#8801 = DIRECTION('',(1.,0.,-0.));
#8802 = ( GEOMETRIC_REPRESENTATION_CONTEXT(3) 
GLOBAL_UNCERTAINTY_ASSIGNED_CONTEXT((#8806)) 
GLOBAL_UNIT_ASSIGNED_CONTEXT((#8803,#8804,#8805)) REPRESENTATION_CONTEXT
('Context #1','3D Context with UNIT and UNCERTAINTY') );
#8803 = ( LENGTH_UNIT() NAMED_UNIT(*) SI_UNIT(.MILLI.,.METRE.) );
#8804 = ( NAMED_UNIT(*) PLANE_ANGLE_UNIT() SI_UNIT($,.RADIAN.) );
#8805 = ( NAMED_UNIT(*) SI_UNIT($,.STERADIAN.) SOLID_ANGLE_UNIT() );
#8806 = UNCERTAINTY_MEASURE_WITH_UNIT(LENGTH_MEASURE(1.E-07),#8803,
  'distance_accuracy_value','confusion accuracy');
#8807 = CONTEXT_DEPENDENT_SHAPE_REPRESENTATION(#8808,#8810);
#8808 = ( REPRESENTATION_RELATIONSHIP('','',#8651,#10) 
REPRESENTATION_RELATIONSHIP_WITH_TRANSFORMATION(#8809) 
SHAPE_REPRESENTATION_RELATIONSHIP() );
#8809 = ITEM_DEFINED_TRANSFORMATION('','',#11,#235);
#8810 = PRODUCT_DEFINITION_SHAPE('Placement','Placement of an item',
  #8811);
#8811 = NEXT_ASSEMBLY_USAGE_OCCURRENCE('56','铰链固定座 2','',#5,
  #8646,$);
#8812 = PRODUCT_RELATED_PRODUCT_CATEGORY('part',$,(#8648));
#8813 = SHAPE_DEFINITION_REPRESENTATION(#8814,#8820);
#8814 = PRODUCT_DEFINITION_SHAPE('','',#8815);
#8815 = PRODUCT_DEFINITION('design','',#8816,#8819);
#8816 = PRODUCT_DEFINITION_FORMATION('','',#8817);
#8817 = PRODUCT('铰链轴 2','铰链轴 2','',(#8818));
#8818 = PRODUCT_CONTEXT('',#2,'mechanical');
#8819 = PRODUCT_DEFINITION_CONTEXT('part definition',#2,'design');
#8820 = ADVANCED_BREP_SHAPE_REPRESENTATION('',(#11,#8821),#8874);
#8821 = MANIFOLD_SOLID_BREP('',#8822);
#8822 = CLOSED_SHELL('',(#8823,#8856,#8865));
#8823 = ADVANCED_FACE('',(#8824),#8851,.T.);
#8824 = FACE_BOUND('',#8825,.T.);
#8825 = EDGE_LOOP('',(#8826,#8835,#8843,#8850));
#8826 = ORIENTED_EDGE('',*,*,#8827,.F.);
#8827 = EDGE_CURVE('',#8828,#8828,#8830,.T.);
#8828 = VERTEX_POINT('',#8829);
#8829 = CARTESIAN_POINT('',(393.6,342.5,154.));
#8830 = CIRCLE('',#8831,3.);
#8831 = AXIS2_PLACEMENT_3D('',#8832,#8833,#8834);
#8832 = CARTESIAN_POINT('',(393.6,342.5,151.));
#8833 = DIRECTION('',(1.,0.,0.));
#8834 = DIRECTION('',(-0.,0.,1.));
#8835 = ORIENTED_EDGE('',*,*,#8836,.F.);
#8836 = EDGE_CURVE('',#8837,#8828,#8839,.T.);
#8837 = VERTEX_POINT('',#8838);
#8838 = CARTESIAN_POINT('',(371.6,342.5,154.));
#8839 = LINE('',#8840,#8841);
#8840 = CARTESIAN_POINT('',(371.6,342.5,154.));
#8841 = VECTOR('',#8842,1.);
#8842 = DIRECTION('',(1.,0.,0.));
#8843 = ORIENTED_EDGE('',*,*,#8844,.T.);
#8844 = EDGE_CURVE('',#8837,#8837,#8845,.T.);
#8845 = CIRCLE('',#8846,3.);
#8846 = AXIS2_PLACEMENT_3D('',#8847,#8848,#8849);
#8847 = CARTESIAN_POINT('',(371.6,342.5,151.));
#8848 = DIRECTION('',(1.,0.,0.));
#8849 = DIRECTION('',(-0.,0.,1.));
#8850 = ORIENTED_EDGE('',*,*,#8836,.T.);
#8851 = CYLINDRICAL_SURFACE('',#8852,3.);
#8852 = AXIS2_PLACEMENT_3D('',#8853,#8854,#8855);
#8853 = CARTESIAN_POINT('',(371.6,342.5,151.));
#8854 = DIRECTION('',(1.,0.,0.));
#8855 = DIRECTION('',(-0.,0.,1.));
#8856 = ADVANCED_FACE('',(#8857),#8860,.T.);
#8857 = FACE_BOUND('',#8858,.T.);
#8858 = EDGE_LOOP('',(#8859));
#8859 = ORIENTED_EDGE('',*,*,#8827,.T.);
#8860 = PLANE('',#8861);
#8861 = AXIS2_PLACEMENT_3D('',#8862,#8863,#8864);
#8862 = CARTESIAN_POINT('',(393.6,342.5,151.));
#8863 = DIRECTION('',(1.,0.,0.));
#8864 = DIRECTION('',(-0.,0.,1.));
#8865 = ADVANCED_FACE('',(#8866),#8869,.F.);
#8866 = FACE_BOUND('',#8867,.T.);
#8867 = EDGE_LOOP('',(#8868));
#8868 = ORIENTED_EDGE('',*,*,#8844,.F.);
#8869 = PLANE('',#8870);
#8870 = AXIS2_PLACEMENT_3D('',#8871,#8872,#8873);
#8871 = CARTESIAN_POINT('',(371.6,342.5,151.));
#8872 = DIRECTION('',(1.,0.,0.));
#8873 = DIRECTION('',(-0.,0.,1.));
#8874 = ( GEOMETRIC_REPRESENTATION_CONTEXT(3) 
GLOBAL_UNCERTAINTY_ASSIGNED_CONTEXT((#8878)) 
GLOBAL_UNIT_ASSIGNED_CONTEXT((#8875,#8876,#8877)) REPRESENTATION_CONTEXT
('Context #1','3D Context with UNIT and UNCERTAINTY') );
#8875 = ( LENGTH_UNIT() NAMED_UNIT(*) SI_UNIT(.MILLI.,.METRE.) );
#8876 = ( NAMED_UNIT(*) PLANE_ANGLE_UNIT() SI_UNIT($,.RADIAN.) );
#8877 = ( NAMED_UNIT(*) SI_UNIT($,.STERADIAN.) SOLID_ANGLE_UNIT() );
#8878 = UNCERTAINTY_MEASURE_WITH_UNIT(LENGTH_MEASURE(1.E-07),#8875,
  'distance_accuracy_value','confusion accuracy');
#8879 = CONTEXT_DEPENDENT_SHAPE_REPRESENTATION(#8880,#8882);
#8880 = ( REPRESENTATION_RELATIONSHIP('','',#8820,#10) 
REPRESENTATION_RELATIONSHIP_WITH_TRANSFORMATION(#8881) 
SHAPE_REPRESENTATION_RELATIONSHIP() );
#8881 = ITEM_DEFINED_TRANSFORMATION('','',#11,#239);
#8882 = PRODUCT_DEFINITION_SHAPE('Placement','Placement of an item',
  #8883);
#8883 = NEXT_ASSEMBLY_USAGE_OCCURRENCE('57','铰链轴 2','',#5,#8815,$
  );
#8884 = PRODUCT_RELATED_PRODUCT_CATEGORY('part',$,(#8817));
#8885 = SHAPE_DEFINITION_REPRESENTATION(#8886,#8892);
#8886 = PRODUCT_DEFINITION_SHAPE('','',#8887);
#8887 = PRODUCT_DEFINITION('design','',#8888,#8891);
#8888 = PRODUCT_DEFINITION_FORMATION('','',#8889);
#8889 = PRODUCT('脚垫 1','脚垫 1','',(#8890));
#8890 = PRODUCT_CONTEXT('',#2,'mechanical');
#8891 = PRODUCT_DEFINITION_CONTEXT('part definition',#2,'design');
#8892 = ADVANCED_BREP_SHAPE_REPRESENTATION('',(#11,#8893),#8971);
#8893 = MANIFOLD_SOLID_BREP('',#8894);
#8894 = CLOSED_SHELL('',(#8895,#8928,#8937,#8962));
#8895 = ADVANCED_FACE('',(#8896),#8923,.T.);
#8896 = FACE_BOUND('',#8897,.T.);
#8897 = EDGE_LOOP('',(#8898,#8907,#8915,#8922));
#8898 = ORIENTED_EDGE('',*,*,#8899,.F.);
#8899 = EDGE_CURVE('',#8900,#8900,#8902,.T.);
#8900 = VERTEX_POINT('',#8901);
#8901 = CARTESIAN_POINT('',(48.,30.,26.));
#8902 = CIRCLE('',#8903,15.);
#8903 = AXIS2_PLACEMENT_3D('',#8904,#8905,#8906);
#8904 = CARTESIAN_POINT('',(33.,30.,26.));
#8905 = DIRECTION('',(0.,0.,1.));
#8906 = DIRECTION('',(1.,0.,-0.));
#8907 = ORIENTED_EDGE('',*,*,#8908,.F.);
#8908 = EDGE_CURVE('',#8909,#8900,#8911,.T.);
#8909 = VERTEX_POINT('',#8910);
#8910 = CARTESIAN_POINT('',(48.,30.,7.));
#8911 = LINE('',#8912,#8913);
#8912 = CARTESIAN_POINT('',(48.,30.,7.));
#8913 = VECTOR('',#8914,1.);
#8914 = DIRECTION('',(0.,0.,1.));
#8915 = ORIENTED_EDGE('',*,*,#8916,.T.);
#8916 = EDGE_CURVE('',#8909,#8909,#8917,.T.);
#8917 = CIRCLE('',#8918,15.);
#8918 = AXIS2_PLACEMENT_3D('',#8919,#8920,#8921);
#8919 = CARTESIAN_POINT('',(33.,30.,7.));
#8920 = DIRECTION('',(0.,0.,1.));
#8921 = DIRECTION('',(1.,0.,-0.));
#8922 = ORIENTED_EDGE('',*,*,#8908,.T.);
#8923 = CYLINDRICAL_SURFACE('',#8924,15.);
#8924 = AXIS2_PLACEMENT_3D('',#8925,#8926,#8927);
#8925 = CARTESIAN_POINT('',(33.,30.,7.));
#8926 = DIRECTION('',(0.,0.,1.));
#8927 = DIRECTION('',(1.,0.,-0.));
#8928 = ADVANCED_FACE('',(#8929),#8932,.T.);
#8929 = FACE_BOUND('',#8930,.T.);
#8930 = EDGE_LOOP('',(#8931));
#8931 = ORIENTED_EDGE('',*,*,#8899,.T.);
#8932 = PLANE('',#8933);
#8933 = AXIS2_PLACEMENT_3D('',#8934,#8935,#8936);
#8934 = CARTESIAN_POINT('',(33.,30.,26.));
#8935 = DIRECTION('',(0.,0.,1.));
#8936 = DIRECTION('',(1.,0.,-0.));
#8937 = ADVANCED_FACE('',(#8938),#8957,.T.);
#8938 = FACE_BOUND('',#8939,.T.);
#8939 = EDGE_LOOP('',(#8940,#8941,#8949,#8956));
#8940 = ORIENTED_EDGE('',*,*,#8916,.F.);
#8941 = ORIENTED_EDGE('',*,*,#8942,.F.);
#8942 = EDGE_CURVE('',#8943,#8909,#8945,.T.);
#8943 = VERTEX_POINT('',#8944);
#8944 = CARTESIAN_POINT('',(44.,30.,0.));
#8945 = LINE('',#8946,#8947);
#8946 = CARTESIAN_POINT('',(44.,30.,0.));
#8947 = VECTOR('',#8948,1.);
#8948 = DIRECTION('',(0.496138938357,-1.215189925582E-16,0.868243142124)
  );
#8949 = ORIENTED_EDGE('',*,*,#8950,.T.);
#8950 = EDGE_CURVE('',#8943,#8943,#8951,.T.);
#8951 = CIRCLE('',#8952,11.);
#8952 = AXIS2_PLACEMENT_3D('',#8953,#8954,#8955);
#8953 = CARTESIAN_POINT('',(33.,30.,0.));
#8954 = DIRECTION('',(0.,0.,1.));
#8955 = DIRECTION('',(1.,0.,-0.));
#8956 = ORIENTED_EDGE('',*,*,#8942,.T.);
#8957 = CONICAL_SURFACE('',#8958,11.,0.519146114247);
#8958 = AXIS2_PLACEMENT_3D('',#8959,#8960,#8961);
#8959 = CARTESIAN_POINT('',(33.,30.,0.));
#8960 = DIRECTION('',(0.,0.,1.));
#8961 = DIRECTION('',(1.,0.,-0.));
#8962 = ADVANCED_FACE('',(#8963),#8966,.F.);
#8963 = FACE_BOUND('',#8964,.T.);
#8964 = EDGE_LOOP('',(#8965));
#8965 = ORIENTED_EDGE('',*,*,#8950,.F.);
#8966 = PLANE('',#8967);
#8967 = AXIS2_PLACEMENT_3D('',#8968,#8969,#8970);
#8968 = CARTESIAN_POINT('',(33.,30.,0.));
#8969 = DIRECTION('',(0.,0.,1.));
#8970 = DIRECTION('',(1.,0.,-0.));
#8971 = ( GEOMETRIC_REPRESENTATION_CONTEXT(3) 
GLOBAL_UNCERTAINTY_ASSIGNED_CONTEXT((#8975)) 
GLOBAL_UNIT_ASSIGNED_CONTEXT((#8972,#8973,#8974)) REPRESENTATION_CONTEXT
('Context #1','3D Context with UNIT and UNCERTAINTY') );
#8972 = ( LENGTH_UNIT() NAMED_UNIT(*) SI_UNIT(.MILLI.,.METRE.) );
#8973 = ( NAMED_UNIT(*) PLANE_ANGLE_UNIT() SI_UNIT($,.RADIAN.) );
#8974 = ( NAMED_UNIT(*) SI_UNIT($,.STERADIAN.) SOLID_ANGLE_UNIT() );
#8975 = UNCERTAINTY_MEASURE_WITH_UNIT(LENGTH_MEASURE(1.E-07),#8972,
  'distance_accuracy_value','confusion accuracy');
#8976 = CONTEXT_DEPENDENT_SHAPE_REPRESENTATION(#8977,#8979);
#8977 = ( REPRESENTATION_RELATIONSHIP('','',#8892,#10) 
REPRESENTATION_RELATIONSHIP_WITH_TRANSFORMATION(#8978) 
SHAPE_REPRESENTATION_RELATIONSHIP() );
#8978 = ITEM_DEFINED_TRANSFORMATION('','',#11,#243);
#8979 = PRODUCT_DEFINITION_SHAPE('Placement','Placement of an item',
  #8980);
#8980 = NEXT_ASSEMBLY_USAGE_OCCURRENCE('58','脚垫 1','',#5,#8887,$);
#8981 = PRODUCT_RELATED_PRODUCT_CATEGORY('part',$,(#8889));
#8982 = SHAPE_DEFINITION_REPRESENTATION(#8983,#8989);
#8983 = PRODUCT_DEFINITION_SHAPE('','',#8984);
#8984 = PRODUCT_DEFINITION('design','',#8985,#8988);
#8985 = PRODUCT_DEFINITION_FORMATION('','',#8986);
#8986 = PRODUCT('脚垫 2','脚垫 2','',(#8987));
#8987 = PRODUCT_CONTEXT('',#2,'mechanical');
#8988 = PRODUCT_DEFINITION_CONTEXT('part definition',#2,'design');
#8989 = ADVANCED_BREP_SHAPE_REPRESENTATION('',(#11,#8990),#9068);
#8990 = MANIFOLD_SOLID_BREP('',#8991);
#8991 = CLOSED_SHELL('',(#8992,#9025,#9034,#9059));
#8992 = ADVANCED_FACE('',(#8993),#9020,.T.);
#8993 = FACE_BOUND('',#8994,.T.);
#8994 = EDGE_LOOP('',(#8995,#9004,#9012,#9019));
#8995 = ORIENTED_EDGE('',*,*,#8996,.F.);
#8996 = EDGE_CURVE('',#8997,#8997,#8999,.T.);
#8997 = VERTEX_POINT('',#8998);
#8998 = CARTESIAN_POINT('',(430.6,30.,26.));
#8999 = CIRCLE('',#9000,15.);
#9000 = AXIS2_PLACEMENT_3D('',#9001,#9002,#9003);
#9001 = CARTESIAN_POINT('',(415.6,30.,26.));
#9002 = DIRECTION('',(0.,0.,1.));
#9003 = DIRECTION('',(1.,0.,-0.));
#9004 = ORIENTED_EDGE('',*,*,#9005,.F.);
#9005 = EDGE_CURVE('',#9006,#8997,#9008,.T.);
#9006 = VERTEX_POINT('',#9007);
#9007 = CARTESIAN_POINT('',(430.6,30.,7.));
#9008 = LINE('',#9009,#9010);
#9009 = CARTESIAN_POINT('',(430.6,30.,7.));
#9010 = VECTOR('',#9011,1.);
#9011 = DIRECTION('',(0.,0.,1.));
#9012 = ORIENTED_EDGE('',*,*,#9013,.T.);
#9013 = EDGE_CURVE('',#9006,#9006,#9014,.T.);
#9014 = CIRCLE('',#9015,15.);
#9015 = AXIS2_PLACEMENT_3D('',#9016,#9017,#9018);
#9016 = CARTESIAN_POINT('',(415.6,30.,7.));
#9017 = DIRECTION('',(0.,0.,1.));
#9018 = DIRECTION('',(1.,0.,-0.));
#9019 = ORIENTED_EDGE('',*,*,#9005,.T.);
#9020 = CYLINDRICAL_SURFACE('',#9021,15.);
#9021 = AXIS2_PLACEMENT_3D('',#9022,#9023,#9024);
#9022 = CARTESIAN_POINT('',(415.6,30.,7.));
#9023 = DIRECTION('',(0.,0.,1.));
#9024 = DIRECTION('',(1.,0.,-0.));
#9025 = ADVANCED_FACE('',(#9026),#9029,.T.);
#9026 = FACE_BOUND('',#9027,.T.);
#9027 = EDGE_LOOP('',(#9028));
#9028 = ORIENTED_EDGE('',*,*,#8996,.T.);
#9029 = PLANE('',#9030);
#9030 = AXIS2_PLACEMENT_3D('',#9031,#9032,#9033);
#9031 = CARTESIAN_POINT('',(415.6,30.,26.));
#9032 = DIRECTION('',(0.,0.,1.));
#9033 = DIRECTION('',(1.,0.,-0.));
#9034 = ADVANCED_FACE('',(#9035),#9054,.T.);
#9035 = FACE_BOUND('',#9036,.T.);
#9036 = EDGE_LOOP('',(#9037,#9038,#9046,#9053));
#9037 = ORIENTED_EDGE('',*,*,#9013,.F.);
#9038 = ORIENTED_EDGE('',*,*,#9039,.F.);
#9039 = EDGE_CURVE('',#9040,#9006,#9042,.T.);
#9040 = VERTEX_POINT('',#9041);
#9041 = CARTESIAN_POINT('',(426.6,30.,0.));
#9042 = LINE('',#9043,#9044);
#9043 = CARTESIAN_POINT('',(426.6,30.,0.));
#9044 = VECTOR('',#9045,1.);
#9045 = DIRECTION('',(0.496138938357,-1.215189925582E-16,0.868243142124)
  );
#9046 = ORIENTED_EDGE('',*,*,#9047,.T.);
#9047 = EDGE_CURVE('',#9040,#9040,#9048,.T.);
#9048 = CIRCLE('',#9049,11.);
#9049 = AXIS2_PLACEMENT_3D('',#9050,#9051,#9052);
#9050 = CARTESIAN_POINT('',(415.6,30.,0.));
#9051 = DIRECTION('',(0.,0.,1.));
#9052 = DIRECTION('',(1.,0.,-0.));
#9053 = ORIENTED_EDGE('',*,*,#9039,.T.);
#9054 = CONICAL_SURFACE('',#9055,11.,0.519146114247);
#9055 = AXIS2_PLACEMENT_3D('',#9056,#9057,#9058);
#9056 = CARTESIAN_POINT('',(415.6,30.,0.));
#9057 = DIRECTION('',(0.,0.,1.));
#9058 = DIRECTION('',(1.,0.,-0.));
#9059 = ADVANCED_FACE('',(#9060),#9063,.F.);
#9060 = FACE_BOUND('',#9061,.T.);
#9061 = EDGE_LOOP('',(#9062));
#9062 = ORIENTED_EDGE('',*,*,#9047,.F.);
#9063 = PLANE('',#9064);
#9064 = AXIS2_PLACEMENT_3D('',#9065,#9066,#9067);
#9065 = CARTESIAN_POINT('',(415.6,30.,0.));
#9066 = DIRECTION('',(0.,0.,1.));
#9067 = DIRECTION('',(1.,0.,-0.));
#9068 = ( GEOMETRIC_REPRESENTATION_CONTEXT(3) 
GLOBAL_UNCERTAINTY_ASSIGNED_CONTEXT((#9072)) 
GLOBAL_UNIT_ASSIGNED_CONTEXT((#9069,#9070,#9071)) REPRESENTATION_CONTEXT
('Context #1','3D Context with UNIT and UNCERTAINTY') );
#9069 = ( LENGTH_UNIT() NAMED_UNIT(*) SI_UNIT(.MILLI.,.METRE.) );
#9070 = ( NAMED_UNIT(*) PLANE_ANGLE_UNIT() SI_UNIT($,.RADIAN.) );
#9071 = ( NAMED_UNIT(*) SI_UNIT($,.STERADIAN.) SOLID_ANGLE_UNIT() );
#9072 = UNCERTAINTY_MEASURE_WITH_UNIT(LENGTH_MEASURE(1.E-07),#9069,
  'distance_accuracy_value','confusion accuracy');
#9073 = CONTEXT_DEPENDENT_SHAPE_REPRESENTATION(#9074,#9076);
#9074 = ( REPRESENTATION_RELATIONSHIP('','',#8989,#10) 
REPRESENTATION_RELATIONSHIP_WITH_TRANSFORMATION(#9075) 
SHAPE_REPRESENTATION_RELATIONSHIP() );
#9075 = ITEM_DEFINED_TRANSFORMATION('','',#11,#247);
#9076 = PRODUCT_DEFINITION_SHAPE('Placement','Placement of an item',
  #9077);
#9077 = NEXT_ASSEMBLY_USAGE_OCCURRENCE('59','脚垫 2','',#5,#8984,$);
#9078 = PRODUCT_RELATED_PRODUCT_CATEGORY('part',$,(#8986));
#9079 = SHAPE_DEFINITION_REPRESENTATION(#9080,#9086);
#9080 = PRODUCT_DEFINITION_SHAPE('','',#9081);
#9081 = PRODUCT_DEFINITION('design','',#9082,#9085);
#9082 = PRODUCT_DEFINITION_FORMATION('','',#9083);
#9083 = PRODUCT('脚垫 3','脚垫 3','',(#9084));
#9084 = PRODUCT_CONTEXT('',#2,'mechanical');
#9085 = PRODUCT_DEFINITION_CONTEXT('part definition',#2,'design');
#9086 = ADVANCED_BREP_SHAPE_REPRESENTATION('',(#11,#9087),#9165);
#9087 = MANIFOLD_SOLID_BREP('',#9088);
#9088 = CLOSED_SHELL('',(#9089,#9122,#9131,#9156));
#9089 = ADVANCED_FACE('',(#9090),#9117,.T.);
#9090 = FACE_BOUND('',#9091,.T.);
#9091 = EDGE_LOOP('',(#9092,#9101,#9109,#9116));
#9092 = ORIENTED_EDGE('',*,*,#9093,.F.);
#9093 = EDGE_CURVE('',#9094,#9094,#9096,.T.);
#9094 = VERTEX_POINT('',#9095);
#9095 = CARTESIAN_POINT('',(48.,315.5,26.));
#9096 = CIRCLE('',#9097,15.);
#9097 = AXIS2_PLACEMENT_3D('',#9098,#9099,#9100);
#9098 = CARTESIAN_POINT('',(33.,315.5,26.));
#9099 = DIRECTION('',(0.,0.,1.));
#9100 = DIRECTION('',(1.,0.,-0.));
#9101 = ORIENTED_EDGE('',*,*,#9102,.F.);
#9102 = EDGE_CURVE('',#9103,#9094,#9105,.T.);
#9103 = VERTEX_POINT('',#9104);
#9104 = CARTESIAN_POINT('',(48.,315.5,7.));
#9105 = LINE('',#9106,#9107);
#9106 = CARTESIAN_POINT('',(48.,315.5,7.));
#9107 = VECTOR('',#9108,1.);
#9108 = DIRECTION('',(0.,0.,1.));
#9109 = ORIENTED_EDGE('',*,*,#9110,.T.);
#9110 = EDGE_CURVE('',#9103,#9103,#9111,.T.);
#9111 = CIRCLE('',#9112,15.);
#9112 = AXIS2_PLACEMENT_3D('',#9113,#9114,#9115);
#9113 = CARTESIAN_POINT('',(33.,315.5,7.));
#9114 = DIRECTION('',(0.,0.,1.));
#9115 = DIRECTION('',(1.,0.,-0.));
#9116 = ORIENTED_EDGE('',*,*,#9102,.T.);
#9117 = CYLINDRICAL_SURFACE('',#9118,15.);
#9118 = AXIS2_PLACEMENT_3D('',#9119,#9120,#9121);
#9119 = CARTESIAN_POINT('',(33.,315.5,7.));
#9120 = DIRECTION('',(0.,0.,1.));
#9121 = DIRECTION('',(1.,0.,-0.));
#9122 = ADVANCED_FACE('',(#9123),#9126,.T.);
#9123 = FACE_BOUND('',#9124,.T.);
#9124 = EDGE_LOOP('',(#9125));
#9125 = ORIENTED_EDGE('',*,*,#9093,.T.);
#9126 = PLANE('',#9127);
#9127 = AXIS2_PLACEMENT_3D('',#9128,#9129,#9130);
#9128 = CARTESIAN_POINT('',(33.,315.5,26.));
#9129 = DIRECTION('',(0.,0.,1.));
#9130 = DIRECTION('',(1.,0.,-0.));
#9131 = ADVANCED_FACE('',(#9132),#9151,.T.);
#9132 = FACE_BOUND('',#9133,.T.);
#9133 = EDGE_LOOP('',(#9134,#9135,#9143,#9150));
#9134 = ORIENTED_EDGE('',*,*,#9110,.F.);
#9135 = ORIENTED_EDGE('',*,*,#9136,.F.);
#9136 = EDGE_CURVE('',#9137,#9103,#9139,.T.);
#9137 = VERTEX_POINT('',#9138);
#9138 = CARTESIAN_POINT('',(44.,315.5,0.));
#9139 = LINE('',#9140,#9141);
#9140 = CARTESIAN_POINT('',(44.,315.5,0.));
#9141 = VECTOR('',#9142,1.);
#9142 = DIRECTION('',(0.496138938357,-1.215189925582E-16,0.868243142124)
  );
#9143 = ORIENTED_EDGE('',*,*,#9144,.T.);
#9144 = EDGE_CURVE('',#9137,#9137,#9145,.T.);
#9145 = CIRCLE('',#9146,11.);
#9146 = AXIS2_PLACEMENT_3D('',#9147,#9148,#9149);
#9147 = CARTESIAN_POINT('',(33.,315.5,0.));
#9148 = DIRECTION('',(0.,0.,1.));
#9149 = DIRECTION('',(1.,0.,-0.));
#9150 = ORIENTED_EDGE('',*,*,#9136,.T.);
#9151 = CONICAL_SURFACE('',#9152,11.,0.519146114247);
#9152 = AXIS2_PLACEMENT_3D('',#9153,#9154,#9155);
#9153 = CARTESIAN_POINT('',(33.,315.5,0.));
#9154 = DIRECTION('',(0.,0.,1.));
#9155 = DIRECTION('',(1.,0.,-0.));
#9156 = ADVANCED_FACE('',(#9157),#9160,.F.);
#9157 = FACE_BOUND('',#9158,.T.);
#9158 = EDGE_LOOP('',(#9159));
#9159 = ORIENTED_EDGE('',*,*,#9144,.F.);
#9160 = PLANE('',#9161);
#9161 = AXIS2_PLACEMENT_3D('',#9162,#9163,#9164);
#9162 = CARTESIAN_POINT('',(33.,315.5,0.));
#9163 = DIRECTION('',(0.,0.,1.));
#9164 = DIRECTION('',(1.,0.,-0.));
#9165 = ( GEOMETRIC_REPRESENTATION_CONTEXT(3) 
GLOBAL_UNCERTAINTY_ASSIGNED_CONTEXT((#9169)) 
GLOBAL_UNIT_ASSIGNED_CONTEXT((#9166,#9167,#9168)) REPRESENTATION_CONTEXT
('Context #1','3D Context with UNIT and UNCERTAINTY') );
#9166 = ( LENGTH_UNIT() NAMED_UNIT(*) SI_UNIT(.MILLI.,.METRE.) );
#9167 = ( NAMED_UNIT(*) PLANE_ANGLE_UNIT() SI_UNIT($,.RADIAN.) );
#9168 = ( NAMED_UNIT(*) SI_UNIT($,.STERADIAN.) SOLID_ANGLE_UNIT() );
#9169 = UNCERTAINTY_MEASURE_WITH_UNIT(LENGTH_MEASURE(1.E-07),#9166,
  'distance_accuracy_value','confusion accuracy');
#9170 = CONTEXT_DEPENDENT_SHAPE_REPRESENTATION(#9171,#9173);
#9171 = ( REPRESENTATION_RELATIONSHIP('','',#9086,#10) 
REPRESENTATION_RELATIONSHIP_WITH_TRANSFORMATION(#9172) 
SHAPE_REPRESENTATION_RELATIONSHIP() );
#9172 = ITEM_DEFINED_TRANSFORMATION('','',#11,#251);
#9173 = PRODUCT_DEFINITION_SHAPE('Placement','Placement of an item',
  #9174);
#9174 = NEXT_ASSEMBLY_USAGE_OCCURRENCE('60','脚垫 3','',#5,#9081,$);
#9175 = PRODUCT_RELATED_PRODUCT_CATEGORY('part',$,(#9083));
#9176 = SHAPE_DEFINITION_REPRESENTATION(#9177,#9183);
#9177 = PRODUCT_DEFINITION_SHAPE('','',#9178);
#9178 = PRODUCT_DEFINITION('design','',#9179,#9182);
#9179 = PRODUCT_DEFINITION_FORMATION('','',#9180);
#9180 = PRODUCT('脚垫 4','脚垫 4','',(#9181));
#9181 = PRODUCT_CONTEXT('',#2,'mechanical');
#9182 = PRODUCT_DEFINITION_CONTEXT('part definition',#2,'design');
#9183 = ADVANCED_BREP_SHAPE_REPRESENTATION('',(#11,#9184),#9262);
#9184 = MANIFOLD_SOLID_BREP('',#9185);
#9185 = CLOSED_SHELL('',(#9186,#9219,#9228,#9253));
#9186 = ADVANCED_FACE('',(#9187),#9214,.T.);
#9187 = FACE_BOUND('',#9188,.T.);
#9188 = EDGE_LOOP('',(#9189,#9198,#9206,#9213));
#9189 = ORIENTED_EDGE('',*,*,#9190,.F.);
#9190 = EDGE_CURVE('',#9191,#9191,#9193,.T.);
#9191 = VERTEX_POINT('',#9192);
#9192 = CARTESIAN_POINT('',(430.6,315.5,26.));
#9193 = CIRCLE('',#9194,15.);
#9194 = AXIS2_PLACEMENT_3D('',#9195,#9196,#9197);
#9195 = CARTESIAN_POINT('',(415.6,315.5,26.));
#9196 = DIRECTION('',(0.,0.,1.));
#9197 = DIRECTION('',(1.,0.,-0.));
#9198 = ORIENTED_EDGE('',*,*,#9199,.F.);
#9199 = EDGE_CURVE('',#9200,#9191,#9202,.T.);
#9200 = VERTEX_POINT('',#9201);
#9201 = CARTESIAN_POINT('',(430.6,315.5,7.));
#9202 = LINE('',#9203,#9204);
#9203 = CARTESIAN_POINT('',(430.6,315.5,7.));
#9204 = VECTOR('',#9205,1.);
#9205 = DIRECTION('',(0.,0.,1.));
#9206 = ORIENTED_EDGE('',*,*,#9207,.T.);
#9207 = EDGE_CURVE('',#9200,#9200,#9208,.T.);
#9208 = CIRCLE('',#9209,15.);
#9209 = AXIS2_PLACEMENT_3D('',#9210,#9211,#9212);
#9210 = CARTESIAN_POINT('',(415.6,315.5,7.));
#9211 = DIRECTION('',(0.,0.,1.));
#9212 = DIRECTION('',(1.,0.,-0.));
#9213 = ORIENTED_EDGE('',*,*,#9199,.T.);
#9214 = CYLINDRICAL_SURFACE('',#9215,15.);
#9215 = AXIS2_PLACEMENT_3D('',#9216,#9217,#9218);
#9216 = CARTESIAN_POINT('',(415.6,315.5,7.));
#9217 = DIRECTION('',(0.,0.,1.));
#9218 = DIRECTION('',(1.,0.,-0.));
#9219 = ADVANCED_FACE('',(#9220),#9223,.T.);
#9220 = FACE_BOUND('',#9221,.T.);
#9221 = EDGE_LOOP('',(#9222));
#9222 = ORIENTED_EDGE('',*,*,#9190,.T.);
#9223 = PLANE('',#9224);
#9224 = AXIS2_PLACEMENT_3D('',#9225,#9226,#9227);
#9225 = CARTESIAN_POINT('',(415.6,315.5,26.));
#9226 = DIRECTION('',(0.,0.,1.));
#9227 = DIRECTION('',(1.,0.,-0.));
#9228 = ADVANCED_FACE('',(#9229),#9248,.T.);
#9229 = FACE_BOUND('',#9230,.T.);
#9230 = EDGE_LOOP('',(#9231,#9232,#9240,#9247));
#9231 = ORIENTED_EDGE('',*,*,#9207,.F.);
#9232 = ORIENTED_EDGE('',*,*,#9233,.F.);
#9233 = EDGE_CURVE('',#9234,#9200,#9236,.T.);
#9234 = VERTEX_POINT('',#9235);
#9235 = CARTESIAN_POINT('',(426.6,315.5,0.));
#9236 = LINE('',#9237,#9238);
#9237 = CARTESIAN_POINT('',(426.6,315.5,0.));
#9238 = VECTOR('',#9239,1.);
#9239 = DIRECTION('',(0.496138938357,-1.215189925582E-16,0.868243142124)
  );
#9240 = ORIENTED_EDGE('',*,*,#9241,.T.);
#9241 = EDGE_CURVE('',#9234,#9234,#9242,.T.);
#9242 = CIRCLE('',#9243,11.);
#9243 = AXIS2_PLACEMENT_3D('',#9244,#9245,#9246);
#9244 = CARTESIAN_POINT('',(415.6,315.5,0.));
#9245 = DIRECTION('',(0.,0.,1.));
#9246 = DIRECTION('',(1.,0.,-0.));
#9247 = ORIENTED_EDGE('',*,*,#9233,.T.);
#9248 = CONICAL_SURFACE('',#9249,11.,0.519146114247);
#9249 = AXIS2_PLACEMENT_3D('',#9250,#9251,#9252);
#9250 = CARTESIAN_POINT('',(415.6,315.5,0.));
#9251 = DIRECTION('',(0.,0.,1.));
#9252 = DIRECTION('',(1.,0.,-0.));
#9253 = ADVANCED_FACE('',(#9254),#9257,.F.);
#9254 = FACE_BOUND('',#9255,.T.);
#9255 = EDGE_LOOP('',(#9256));
#9256 = ORIENTED_EDGE('',*,*,#9241,.F.);
#9257 = PLANE('',#9258);
#9258 = AXIS2_PLACEMENT_3D('',#9259,#9260,#9261);
#9259 = CARTESIAN_POINT('',(415.6,315.5,0.));
#9260 = DIRECTION('',(0.,0.,1.));
#9261 = DIRECTION('',(1.,0.,-0.));
#9262 = ( GEOMETRIC_REPRESENTATION_CONTEXT(3) 
GLOBAL_UNCERTAINTY_ASSIGNED_CONTEXT((#9266)) 
GLOBAL_UNIT_ASSIGNED_CONTEXT((#9263,#9264,#9265)) REPRESENTATION_CONTEXT
('Context #1','3D Context with UNIT and UNCERTAINTY') );
#9263 = ( LENGTH_UNIT() NAMED_UNIT(*) SI_UNIT(.MILLI.,.METRE.) );
#9264 = ( NAMED_UNIT(*) PLANE_ANGLE_UNIT() SI_UNIT($,.RADIAN.) );
#9265 = ( NAMED_UNIT(*) SI_UNIT($,.STERADIAN.) SOLID_ANGLE_UNIT() );
#9266 = UNCERTAINTY_MEASURE_WITH_UNIT(LENGTH_MEASURE(1.E-07),#9263,
  'distance_accuracy_value','confusion accuracy');
#9267 = CONTEXT_DEPENDENT_SHAPE_REPRESENTATION(#9268,#9270);
#9268 = ( REPRESENTATION_RELATIONSHIP('','',#9183,#10) 
REPRESENTATION_RELATIONSHIP_WITH_TRANSFORMATION(#9269) 
SHAPE_REPRESENTATION_RELATIONSHIP() );
#9269 = ITEM_DEFINED_TRANSFORMATION('','',#11,#255);
#9270 = PRODUCT_DEFINITION_SHAPE('Placement','Placement of an item',
  #9271);
#9271 = NEXT_ASSEMBLY_USAGE_OCCURRENCE('61','脚垫 4','',#5,#9178,$);
#9272 = PRODUCT_RELATED_PRODUCT_CATEGORY('part',$,(#9180));
ENDSEC;
END-ISO-10303-21;
