ISO-10303-21;
HEADER;
FILE_DESCRIPTION(('FreeCAD Model'),'2;1');
FILE_NAME('Open CASCADE Shape Model','2026-09-25T20:18:36',(''),(''),
  'Open CASCADE STEP processor 7.8','FreeCAD','Unknown');
FILE_SCHEMA(('AUTOMOTIVE_DESIGN { 1 0 10303 214 1 1 1 1 }'));
ENDSEC;
DATA;
#1 = APPLICATION_PROTOCOL_DEFINITION('international standard',
  'automotive_design',2000,#2);
#2 = APPLICATION_CONTEXT(
  'core data for automotive mechanical design processes');
#3 = SHAPE_DEFINITION_REPRESENTATION(#4,#10);
#4 = PRODUCT_DEFINITION_SHAPE('','',#5);
#5 = PRODUCT_DEFINITION('design','',#6,#9);
#6 = PRODUCT_DEFINITION_FORMATION('','',#7);
#7 = PRODUCT('RecordPlayerAssembly','RecordPlayerAssembly','',(#8));
#8 = PRODUCT_CONTEXT('',#2,'mechanical');
#9 = PRODUCT_DEFINITION_CONTEXT('part definition',#2,'design');
#10 = SHAPE_REPRESENTATION('',(#11,#15,#19,#23,#27,#31,#35,#39,#43,#47,
    #51,#55,#59,#63,#67,#71,#75,#79,#83,#87,#91,#95,#99,#103,#107,#111,
    #115,#119,#123,#127,#131,#135,#139,#143,#147,#151,#155,#159,#163,
    #167,#171,#175,#179,#183,#187,#191,#195,#199,#203,#207,#211,#215,
    #219,#223,#227,#231,#235,#239,#243,#247,#251,#255,#259,#263,#267),
  #271);
#11 = AXIS2_PLACEMENT_3D('',#12,#13,#14);
#12 = CARTESIAN_POINT('',(0.,0.,0.));
#13 = DIRECTION('',(0.,0.,1.));
#14 = DIRECTION('',(1.,0.,-0.));
#15 = AXIS2_PLACEMENT_3D('',#16,#17,#18);
#16 = CARTESIAN_POINT('',(0.,0.,0.));
#17 = DIRECTION('',(0.,0.,1.));
#18 = DIRECTION('',(1.,0.,0.));
#19 = AXIS2_PLACEMENT_3D('',#20,#21,#22);
#20 = CARTESIAN_POINT('',(0.,0.,0.));
#21 = DIRECTION('',(0.,0.,1.));
#22 = DIRECTION('',(1.,0.,0.));
#23 = AXIS2_PLACEMENT_3D('',#24,#25,#26);
#24 = CARTESIAN_POINT('',(0.,0.,0.));
#25 = DIRECTION('',(0.,0.,1.));
#26 = DIRECTION('',(1.,0.,0.));
#27 = AXIS2_PLACEMENT_3D('',#28,#29,#30);
#28 = CARTESIAN_POINT('',(0.,0.,0.));
#29 = DIRECTION('',(0.,0.,1.));
#30 = DIRECTION('',(1.,0.,0.));
#31 = AXIS2_PLACEMENT_3D('',#32,#33,#34);
#32 = CARTESIAN_POINT('',(0.,0.,0.));
#33 = DIRECTION('',(0.,0.,1.));
#34 = DIRECTION('',(1.,0.,0.));
#35 = AXIS2_PLACEMENT_3D('',#36,#37,#38);
#36 = CARTESIAN_POINT('',(0.,0.,0.));
#37 = DIRECTION('',(0.,0.,1.));
#38 = DIRECTION('',(1.,0.,0.));
#39 = AXIS2_PLACEMENT_3D('',#40,#41,#42);
#40 = CARTESIAN_POINT('',(0.,0.,0.));
#41 = DIRECTION('',(0.,0.,1.));
#42 = DIRECTION('',(1.,0.,0.));
#43 = AXIS2_PLACEMENT_3D('',#44,#45,#46);
#44 = CARTESIAN_POINT('',(0.,0.,0.));
#45 = DIRECTION('',(0.,0.,1.));
#46 = DIRECTION('',(1.,0.,0.));
#47 = AXIS2_PLACEMENT_3D('',#48,#49,#50);
#48 = CARTESIAN_POINT('',(0.,0.,0.));
#49 = DIRECTION('',(0.,0.,1.));
#50 = DIRECTION('',(1.,0.,0.));
#51 = AXIS2_PLACEMENT_3D('',#52,#53,#54);
#52 = CARTESIAN_POINT('',(0.,0.,0.));
#53 = DIRECTION('',(0.,0.,1.));
#54 = DIRECTION('',(1.,0.,0.));
#55 = AXIS2_PLACEMENT_3D('',#56,#57,#58);
#56 = CARTESIAN_POINT('',(0.,0.,0.));
#57 = DIRECTION('',(0.,0.,1.));
#58 = DIRECTION('',(1.,0.,0.));
#59 = AXIS2_PLACEMENT_3D('',#60,#61,#62);
#60 = CARTESIAN_POINT('',(0.,0.,0.));
#61 = DIRECTION('',(0.,0.,1.));
#62 = DIRECTION('',(1.,0.,0.));
#63 = AXIS2_PLACEMENT_3D('',#64,#65,#66);
#64 = CARTESIAN_POINT('',(0.,0.,0.));
#65 = DIRECTION('',(0.,0.,1.));
#66 = DIRECTION('',(1.,0.,0.));
#67 = AXIS2_PLACEMENT_3D('',#68,#69,#70);
#68 = CARTESIAN_POINT('',(0.,0.,0.));
#69 = DIRECTION('',(0.,0.,1.));
#70 = DIRECTION('',(1.,0.,0.));
#71 = AXIS2_PLACEMENT_3D('',#72,#73,#74);
#72 = CARTESIAN_POINT('',(0.,0.,0.));
#73 = DIRECTION('',(0.,0.,1.));
#74 = DIRECTION('',(1.,0.,0.));
#75 = AXIS2_PLACEMENT_3D('',#76,#77,#78);
#76 = CARTESIAN_POINT('',(0.,0.,0.));
#77 = DIRECTION('',(0.,0.,1.));
#78 = DIRECTION('',(1.,0.,0.));
#79 = AXIS2_PLACEMENT_3D('',#80,#81,#82);
#80 = CARTESIAN_POINT('',(0.,0.,0.));
#81 = DIRECTION('',(0.,0.,1.));
#82 = DIRECTION('',(1.,0.,0.));
#83 = AXIS2_PLACEMENT_3D('',#84,#85,#86);
#84 = CARTESIAN_POINT('',(0.,0.,0.));
#85 = DIRECTION('',(0.,0.,1.));
#86 = DIRECTION('',(1.,0.,0.));
#87 = AXIS2_PLACEMENT_3D('',#88,#89,#90);
#88 = CARTESIAN_POINT('',(0.,0.,0.));
#89 = DIRECTION('',(0.,0.,1.));
#90 = DIRECTION('',(1.,0.,0.));
#91 = AXIS2_PLACEMENT_3D('',#92,#93,#94);
#92 = CARTESIAN_POINT('',(0.,0.,0.));
#93 = DIRECTION('',(0.,0.,1.));
#94 = DIRECTION('',(1.,0.,0.));
#95 = AXIS2_PLACEMENT_3D('',#96,#97,#98);
#96 = CARTESIAN_POINT('',(0.,0.,0.));
#97 = DIRECTION('',(0.,0.,1.));
#98 = DIRECTION('',(1.,0.,0.));
#99 = AXIS2_PLACEMENT_3D('',#100,#101,#102);
#100 = CARTESIAN_POINT('',(0.,0.,0.));
#101 = DIRECTION('',(0.,0.,1.));
#102 = DIRECTION('',(1.,0.,0.));
#103 = AXIS2_PLACEMENT_3D('',#104,#105,#106);
#104 = CARTESIAN_POINT('',(0.,0.,0.));
#105 = DIRECTION('',(0.,0.,1.));
#106 = DIRECTION('',(1.,0.,0.));
#107 = AXIS2_PLACEMENT_3D('',#108,#109,#110);
#108 = CARTESIAN_POINT('',(0.,0.,0.));
#109 = DIRECTION('',(0.,0.,1.));
#110 = DIRECTION('',(1.,0.,0.));
#111 = AXIS2_PLACEMENT_3D('',#112,#113,#114);
#112 = CARTESIAN_POINT('',(0.,0.,0.));
#113 = DIRECTION('',(0.,0.,1.));
#114 = DIRECTION('',(1.,0.,0.));
#115 = AXIS2_PLACEMENT_3D('',#116,#117,#118);
#116 = CARTESIAN_POINT('',(0.,0.,0.));
#117 = DIRECTION('',(0.,0.,1.));
#118 = DIRECTION('',(1.,0.,0.));
#119 = AXIS2_PLACEMENT_3D('',#120,#121,#122);
#120 = CARTESIAN_POINT('',(0.,0.,0.));
#121 = DIRECTION('',(0.,0.,1.));
#122 = DIRECTION('',(1.,0.,0.));
#123 = AXIS2_PLACEMENT_3D('',#124,#125,#126);
#124 = CARTESIAN_POINT('',(0.,0.,0.));
#125 = DIRECTION('',(0.,0.,1.));
#126 = DIRECTION('',(1.,0.,0.));
#127 = AXIS2_PLACEMENT_3D('',#128,#129,#130);
#128 = CARTESIAN_POINT('',(0.,0.,0.));
#129 = DIRECTION('',(0.,0.,1.));
#130 = DIRECTION('',(1.,0.,0.));
#131 = AXIS2_PLACEMENT_3D('',#132,#133,#134);
#132 = CARTESIAN_POINT('',(0.,0.,0.));
#133 = DIRECTION('',(0.,0.,1.));
#134 = DIRECTION('',(1.,0.,0.));
#135 = AXIS2_PLACEMENT_3D('',#136,#137,#138);
#136 = CARTESIAN_POINT('',(0.,0.,0.));
#137 = DIRECTION('',(0.,0.,1.));
#138 = DIRECTION('',(1.,0.,0.));
#139 = AXIS2_PLACEMENT_3D('',#140,#141,#142);
#140 = CARTESIAN_POINT('',(0.,0.,0.));
#141 = DIRECTION('',(0.,0.,1.));
#142 = DIRECTION('',(1.,0.,0.));
#143 = AXIS2_PLACEMENT_3D('',#144,#145,#146);
#144 = CARTESIAN_POINT('',(0.,0.,0.));
#145 = DIRECTION('',(0.,0.,1.));
#146 = DIRECTION('',(1.,0.,0.));
#147 = AXIS2_PLACEMENT_3D('',#148,#149,#150);
#148 = CARTESIAN_POINT('',(0.,0.,0.));
#149 = DIRECTION('',(0.,0.,1.));
#150 = DIRECTION('',(1.,0.,0.));
#151 = AXIS2_PLACEMENT_3D('',#152,#153,#154);
#152 = CARTESIAN_POINT('',(0.,0.,0.));
#153 = DIRECTION('',(0.,0.,1.));
#154 = DIRECTION('',(1.,0.,0.));
#155 = AXIS2_PLACEMENT_3D('',#156,#157,#158);
#156 = CARTESIAN_POINT('',(0.,0.,0.));
#157 = DIRECTION('',(0.,0.,1.));
#158 = DIRECTION('',(1.,0.,0.));
#159 = AXIS2_PLACEMENT_3D('',#160,#161,#162);
#160 = CARTESIAN_POINT('',(0.,0.,0.));
#161 = DIRECTION('',(0.,0.,1.));
#162 = DIRECTION('',(1.,0.,0.));
#163 = AXIS2_PLACEMENT_3D('',#164,#165,#166);
#164 = CARTESIAN_POINT('',(0.,0.,0.));
#165 = DIRECTION('',(0.,0.,1.));
#166 = DIRECTION('',(1.,0.,0.));
#167 = AXIS2_PLACEMENT_3D('',#168,#169,#170);
#168 = CARTESIAN_POINT('',(0.,0.,0.));
#169 = DIRECTION('',(0.,0.,1.));
#170 = DIRECTION('',(1.,0.,0.));
#171 = AXIS2_PLACEMENT_3D('',#172,#173,#174);
#172 = CARTESIAN_POINT('',(0.,0.,0.));
#173 = DIRECTION('',(0.,0.,1.));
#174 = DIRECTION('',(1.,0.,0.));
#175 = AXIS2_PLACEMENT_3D('',#176,#177,#178);
#176 = CARTESIAN_POINT('',(0.,0.,0.));
#177 = DIRECTION('',(0.,0.,1.));
#178 = DIRECTION('',(1.,0.,0.));
#179 = AXIS2_PLACEMENT_3D('',#180,#181,#182);
#180 = CARTESIAN_POINT('',(0.,0.,0.));
#181 = DIRECTION('',(0.,0.,1.));
#182 = DIRECTION('',(1.,0.,0.));
#183 = AXIS2_PLACEMENT_3D('',#184,#185,#186);
#184 = CARTESIAN_POINT('',(0.,0.,0.));
#185 = DIRECTION('',(0.,0.,1.));
#186 = DIRECTION('',(1.,0.,0.));
#187 = AXIS2_PLACEMENT_3D('',#188,#189,#190);
#188 = CARTESIAN_POINT('',(0.,0.,0.));
#189 = DIRECTION('',(0.,0.,1.));
#190 = DIRECTION('',(1.,0.,0.));
#191 = AXIS2_PLACEMENT_3D('',#192,#193,#194);
#192 = CARTESIAN_POINT('',(0.,0.,0.));
#193 = DIRECTION('',(0.,0.,1.));
#194 = DIRECTION('',(1.,0.,0.));
#195 = AXIS2_PLACEMENT_3D('',#196,#197,#198);
#196 = CARTESIAN_POINT('',(0.,0.,0.));
#197 = DIRECTION('',(0.,0.,1.));
#198 = DIRECTION('',(1.,0.,0.));
#199 = AXIS2_PLACEMENT_3D('',#200,#201,#202);
#200 = CARTESIAN_POINT('',(0.,0.,0.));
#201 = DIRECTION('',(0.,0.,1.));
#202 = DIRECTION('',(1.,0.,0.));
#203 = AXIS2_PLACEMENT_3D('',#204,#205,#206);
#204 = CARTESIAN_POINT('',(0.,0.,0.));
#205 = DIRECTION('',(0.,0.,1.));
#206 = DIRECTION('',(1.,0.,0.));
#207 = AXIS2_PLACEMENT_3D('',#208,#209,#210);
#208 = CARTESIAN_POINT('',(0.,0.,0.));
#209 = DIRECTION('',(0.,0.,1.));
#210 = DIRECTION('',(1.,0.,0.));
#211 = AXIS2_PLACEMENT_3D('',#212,#213,#214);
#212 = CARTESIAN_POINT('',(0.,0.,0.));
#213 = DIRECTION('',(0.,0.,1.));
#214 = DIRECTION('',(1.,0.,0.));
#215 = AXIS2_PLACEMENT_3D('',#216,#217,#218);
#216 = CARTESIAN_POINT('',(0.,0.,0.));
#217 = DIRECTION('',(0.,0.,1.));
#218 = DIRECTION('',(1.,0.,0.));
#219 = AXIS2_PLACEMENT_3D('',#220,#221,#222);
#220 = CARTESIAN_POINT('',(0.,0.,0.));
#221 = DIRECTION('',(0.,0.,1.));
#222 = DIRECTION('',(1.,0.,0.));
#223 = AXIS2_PLACEMENT_3D('',#224,#225,#226);
#224 = CARTESIAN_POINT('',(0.,0.,0.));
#225 = DIRECTION('',(0.,0.,1.));
#226 = DIRECTION('',(1.,0.,0.));
#227 = AXIS2_PLACEMENT_3D('',#228,#229,#230);
#228 = CARTESIAN_POINT('',(0.,0.,0.));
#229 = DIRECTION('',(0.,0.,1.));
#230 = DIRECTION('',(1.,0.,0.));
#231 = AXIS2_PLACEMENT_3D('',#232,#233,#234);
#232 = CARTESIAN_POINT('',(0.,0.,0.));
#233 = DIRECTION('',(0.,0.,1.));
#234 = DIRECTION('',(1.,0.,0.));
#235 = AXIS2_PLACEMENT_3D('',#236,#237,#238);
#236 = CARTESIAN_POINT('',(0.,0.,0.));
#237 = DIRECTION('',(0.,0.,1.));
#238 = DIRECTION('',(1.,0.,0.));
#239 = AXIS2_PLACEMENT_3D('',#240,#241,#242);
#240 = CARTESIAN_POINT('',(0.,0.,0.));
#241 = DIRECTION('',(0.,0.,1.));
#242 = DIRECTION('',(1.,0.,0.));
#243 = AXIS2_PLACEMENT_3D('',#244,#245,#246);
#244 = CARTESIAN_POINT('',(0.,0.,0.));
#245 = DIRECTION('',(0.,0.,1.));
#246 = DIRECTION('',(1.,0.,0.));
#247 = AXIS2_PLACEMENT_3D('',#248,#249,#250);
#248 = CARTESIAN_POINT('',(0.,0.,0.));
#249 = DIRECTION('',(0.,0.,1.));
#250 = DIRECTION('',(1.,0.,0.));
#251 = AXIS2_PLACEMENT_3D('',#252,#253,#254);
#252 = CARTESIAN_POINT('',(0.,0.,0.));
#253 = DIRECTION('',(0.,0.,1.));
#254 = DIRECTION('',(1.,0.,0.));
#255 = AXIS2_PLACEMENT_3D('',#256,#257,#258);
#256 = CARTESIAN_POINT('',(0.,0.,0.));
#257 = DIRECTION('',(0.,0.,1.));
#258 = DIRECTION('',(1.,0.,0.));
#259 = AXIS2_PLACEMENT_3D('',#260,#261,#262);
#260 = CARTESIAN_POINT('',(384.6130934616,103.15850791137,
    183.01583389644));
#261 = DIRECTION('',(0.,0.,1.));
#262 = DIRECTION('',(1.,0.,0.));
#263 = AXIS2_PLACEMENT_3D('',#264,#265,#266);
#264 = CARTESIAN_POINT('',(384.6130934616,103.15850791137,
    176.51583389644));
#265 = DIRECTION('',(-0.,0.,1.));
#266 = DIRECTION('',(0.970295726276,-0.2419218956,0.));
#267 = AXIS2_PLACEMENT_3D('',#268,#269,#270);
#268 = CARTESIAN_POINT('',(0.,0.,0.));
#269 = DIRECTION('',(0.,0.,1.));
#270 = DIRECTION('',(1.,0.,0.));
#271 = ( GEOMETRIC_REPRESENTATION_CONTEXT(3) 
GLOBAL_UNCERTAINTY_ASSIGNED_CONTEXT((#275)) GLOBAL_UNIT_ASSIGNED_CONTEXT
((#272,#273,#274)) REPRESENTATION_CONTEXT('Context #1',
  '3D Context with UNIT and UNCERTAINTY') );
#272 = ( LENGTH_UNIT() NAMED_UNIT(*) SI_UNIT(.MILLI.,.METRE.) );
#273 = ( NAMED_UNIT(*) PLANE_ANGLE_UNIT() SI_UNIT($,.RADIAN.) );
#274 = ( NAMED_UNIT(*) SI_UNIT($,.STERADIAN.) SOLID_ANGLE_UNIT() );
#275 = UNCERTAINTY_MEASURE_WITH_UNIT(LENGTH_MEASURE(1.E-07),#272,
  'distance_accuracy_value','confusion accuracy');
#276 = PRODUCT_RELATED_PRODUCT_CATEGORY('part',$,(#7));
#277 = SHAPE_DEFINITION_REPRESENTATION(#278,#284);
#278 = PRODUCT_DEFINITION_SHAPE('','',#279);
#279 = PRODUCT_DEFINITION('design','',#280,#283);
#280 = PRODUCT_DEFINITION_FORMATION('','',#281);
#281 = PRODUCT('左侧木板','左侧木板','',(#282));
#282 = PRODUCT_CONTEXT('',#2,'mechanical');
#283 = PRODUCT_DEFINITION_CONTEXT('part definition',#2,'design');
#284 = ADVANCED_BREP_SHAPE_REPRESENTATION('',(#11,#285),#435);
#285 = MANIFOLD_SOLID_BREP('',#286);
#286 = CLOSED_SHELL('',(#287,#327,#367,#389,#411,#423));
#287 = ADVANCED_FACE('',(#288),#322,.F.);
#288 = FACE_BOUND('',#289,.F.);
#289 = EDGE_LOOP('',(#290,#300,#308,#316));
#290 = ORIENTED_EDGE('',*,*,#291,.F.);
#291 = EDGE_CURVE('',#292,#294,#296,.T.);
#292 = VERTEX_POINT('',#293);
#293 = CARTESIAN_POINT('',(0.,0.,22.5));
#294 = VERTEX_POINT('',#295);
#295 = CARTESIAN_POINT('',(0.,0.,146.5));
#296 = LINE('',#297,#298);
#297 = CARTESIAN_POINT('',(0.,0.,22.5));
#298 = VECTOR('',#299,1.);
#299 = DIRECTION('',(0.,0.,1.));
#300 = ORIENTED_EDGE('',*,*,#301,.T.);
#301 = EDGE_CURVE('',#292,#302,#304,.T.);
#302 = VERTEX_POINT('',#303);
#303 = CARTESIAN_POINT('',(0.,350.,22.5));
#304 = LINE('',#305,#306);
#305 = CARTESIAN_POINT('',(0.,0.,22.5));
#306 = VECTOR('',#307,1.);
#307 = DIRECTION('',(-0.,1.,0.));
#308 = ORIENTED_EDGE('',*,*,#309,.T.);
#309 = EDGE_CURVE('',#302,#310,#312,.T.);
#310 = VERTEX_POINT('',#311);
#311 = CARTESIAN_POINT('',(0.,350.,146.5));
#312 = LINE('',#313,#314);
#313 = CARTESIAN_POINT('',(0.,350.,22.5));
#314 = VECTOR('',#315,1.);
#315 = DIRECTION('',(0.,0.,1.));
#316 = ORIENTED_EDGE('',*,*,#317,.F.);
#317 = EDGE_CURVE('',#294,#310,#318,.T.);
#318 = LINE('',#319,#320);
#319 = CARTESIAN_POINT('',(0.,0.,146.5));
#320 = VECTOR('',#321,1.);
#321 = DIRECTION('',(-0.,1.,0.));
#322 = PLANE('',#323);
#323 = AXIS2_PLACEMENT_3D('',#324,#325,#326);
#324 = CARTESIAN_POINT('',(0.,0.,22.5));
#325 = DIRECTION('',(1.,0.,-0.));
#326 = DIRECTION('',(0.,0.,1.));
#327 = ADVANCED_FACE('',(#328),#362,.T.);
#328 = FACE_BOUND('',#329,.T.);
#329 = EDGE_LOOP('',(#330,#340,#348,#356));
#330 = ORIENTED_EDGE('',*,*,#331,.F.);
#331 = EDGE_CURVE('',#332,#334,#336,.T.);
#332 = VERTEX_POINT('',#333);
#333 = CARTESIAN_POINT('',(12.,0.,22.5));
#334 = VERTEX_POINT('',#335);
#335 = CARTESIAN_POINT('',(12.,0.,146.5));
#336 = LINE('',#337,#338);
#337 = CARTESIAN_POINT('',(12.,0.,22.5));
#338 = VECTOR('',#339,1.);
#339 = DIRECTION('',(0.,0.,1.));
#340 = ORIENTED_EDGE('',*,*,#341,.T.);
#341 = EDGE_CURVE('',#332,#342,#344,.T.);
#342 = VERTEX_POINT('',#343);
#343 = CARTESIAN_POINT('',(12.,350.,22.5));
#344 = LINE('',#345,#346);
#345 = CARTESIAN_POINT('',(12.,0.,22.5));
#346 = VECTOR('',#347,1.);
#347 = DIRECTION('',(-0.,1.,0.));
#348 = ORIENTED_EDGE('',*,*,#349,.T.);
#349 = EDGE_CURVE('',#342,#350,#352,.T.);
#350 = VERTEX_POINT('',#351);
#351 = CARTESIAN_POINT('',(12.,350.,146.5));
#352 = LINE('',#353,#354);
#353 = CARTESIAN_POINT('',(12.,350.,22.5));
#354 = VECTOR('',#355,1.);
#355 = DIRECTION('',(0.,0.,1.));
#356 = ORIENTED_EDGE('',*,*,#357,.F.);
#357 = EDGE_CURVE('',#334,#350,#358,.T.);
#358 = LINE('',#359,#360);
#359 = CARTESIAN_POINT('',(12.,0.,146.5));
#360 = VECTOR('',#361,1.);
#361 = DIRECTION('',(-0.,1.,0.));
#362 = PLANE('',#363);
#363 = AXIS2_PLACEMENT_3D('',#364,#365,#366);
#364 = CARTESIAN_POINT('',(12.,0.,22.5));
#365 = DIRECTION('',(1.,0.,-0.));
#366 = DIRECTION('',(0.,0.,1.));
#367 = ADVANCED_FACE('',(#368),#384,.F.);
#368 = FACE_BOUND('',#369,.F.);
#369 = EDGE_LOOP('',(#370,#376,#377,#383));
#370 = ORIENTED_EDGE('',*,*,#371,.F.);
#371 = EDGE_CURVE('',#292,#332,#372,.T.);
#372 = LINE('',#373,#374);
#373 = CARTESIAN_POINT('',(0.,0.,22.5));
#374 = VECTOR('',#375,1.);
#375 = DIRECTION('',(1.,0.,-0.));
#376 = ORIENTED_EDGE('',*,*,#291,.T.);
#377 = ORIENTED_EDGE('',*,*,#378,.T.);
#378 = EDGE_CURVE('',#294,#334,#379,.T.);
#379 = LINE('',#380,#381);
#380 = CARTESIAN_POINT('',(0.,0.,146.5));
#381 = VECTOR('',#382,1.);
#382 = DIRECTION('',(1.,0.,-0.));
#383 = ORIENTED_EDGE('',*,*,#331,.F.);
#384 = PLANE('',#385);
#385 = AXIS2_PLACEMENT_3D('',#386,#387,#388);
#386 = CARTESIAN_POINT('',(0.,0.,22.5));
#387 = DIRECTION('',(-0.,1.,0.));
#388 = DIRECTION('',(0.,0.,1.));
#389 = ADVANCED_FACE('',(#390),#406,.T.);
#390 = FACE_BOUND('',#391,.T.);
#391 = EDGE_LOOP('',(#392,#398,#399,#405));
#392 = ORIENTED_EDGE('',*,*,#393,.F.);
#393 = EDGE_CURVE('',#302,#342,#394,.T.);
#394 = LINE('',#395,#396);
#395 = CARTESIAN_POINT('',(0.,350.,22.5));
#396 = VECTOR('',#397,1.);
#397 = DIRECTION('',(1.,0.,-0.));
#398 = ORIENTED_EDGE('',*,*,#309,.T.);
#399 = ORIENTED_EDGE('',*,*,#400,.T.);
#400 = EDGE_CURVE('',#310,#350,#401,.T.);
#401 = LINE('',#402,#403);
#402 = CARTESIAN_POINT('',(0.,350.,146.5));
#403 = VECTOR('',#404,1.);
#404 = DIRECTION('',(1.,0.,-0.));
#405 = ORIENTED_EDGE('',*,*,#349,.F.);
#406 = PLANE('',#407);
#407 = AXIS2_PLACEMENT_3D('',#408,#409,#410);
#408 = CARTESIAN_POINT('',(0.,350.,22.5));
#409 = DIRECTION('',(-0.,1.,0.));
#410 = DIRECTION('',(0.,0.,1.));
#411 = ADVANCED_FACE('',(#412),#418,.F.);
#412 = FACE_BOUND('',#413,.F.);
#413 = EDGE_LOOP('',(#414,#415,#416,#417));
#414 = ORIENTED_EDGE('',*,*,#301,.F.);
#415 = ORIENTED_EDGE('',*,*,#371,.T.);
#416 = ORIENTED_EDGE('',*,*,#341,.T.);
#417 = ORIENTED_EDGE('',*,*,#393,.F.);
#418 = PLANE('',#419);
#419 = AXIS2_PLACEMENT_3D('',#420,#421,#422);
#420 = CARTESIAN_POINT('',(0.,0.,22.5));
#421 = DIRECTION('',(0.,0.,1.));
#422 = DIRECTION('',(1.,0.,-0.));
#423 = ADVANCED_FACE('',(#424),#430,.T.);
#424 = FACE_BOUND('',#425,.T.);
#425 = EDGE_LOOP('',(#426,#427,#428,#429));
#426 = ORIENTED_EDGE('',*,*,#317,.F.);
#427 = ORIENTED_EDGE('',*,*,#378,.T.);
#428 = ORIENTED_EDGE('',*,*,#357,.T.);
#429 = ORIENTED_EDGE('',*,*,#400,.F.);
#430 = PLANE('',#431);
#431 = AXIS2_PLACEMENT_3D('',#432,#433,#434);
#432 = CARTESIAN_POINT('',(0.,0.,146.5));
#433 = DIRECTION('',(0.,0.,1.));
#434 = DIRECTION('',(1.,0.,-0.));
#435 = ( GEOMETRIC_REPRESENTATION_CONTEXT(3) 
GLOBAL_UNCERTAINTY_ASSIGNED_CONTEXT((#439)) GLOBAL_UNIT_ASSIGNED_CONTEXT
((#436,#437,#438)) REPRESENTATION_CONTEXT('Context #1',
  '3D Context with UNIT and UNCERTAINTY') );
#436 = ( LENGTH_UNIT() NAMED_UNIT(*) SI_UNIT(.MILLI.,.METRE.) );
#437 = ( NAMED_UNIT(*) PLANE_ANGLE_UNIT() SI_UNIT($,.RADIAN.) );
#438 = ( NAMED_UNIT(*) SI_UNIT($,.STERADIAN.) SOLID_ANGLE_UNIT() );
#439 = UNCERTAINTY_MEASURE_WITH_UNIT(LENGTH_MEASURE(1.E-07),#436,
  'distance_accuracy_value','confusion accuracy');
#440 = CONTEXT_DEPENDENT_SHAPE_REPRESENTATION(#441,#443);
#441 = ( REPRESENTATION_RELATIONSHIP('','',#284,#10) 
REPRESENTATION_RELATIONSHIP_WITH_TRANSFORMATION(#442) 
SHAPE_REPRESENTATION_RELATIONSHIP() );
#442 = ITEM_DEFINED_TRANSFORMATION('','',#11,#15);
#443 = PRODUCT_DEFINITION_SHAPE('Placement','Placement of an item',#444
  );
#444 = NEXT_ASSEMBLY_USAGE_OCCURRENCE('1','左侧木板','',#5,#279,$);
#445 = PRODUCT_RELATED_PRODUCT_CATEGORY('part',$,(#281));
#446 = SHAPE_DEFINITION_REPRESENTATION(#447,#453);
#447 = PRODUCT_DEFINITION_SHAPE('','',#448);
#448 = PRODUCT_DEFINITION('design','',#449,#452);
#449 = PRODUCT_DEFINITION_FORMATION('','',#450);
#450 = PRODUCT('右侧木板','右侧木板','',(#451));
#451 = PRODUCT_CONTEXT('',#2,'mechanical');
#452 = PRODUCT_DEFINITION_CONTEXT('part definition',#2,'design');
#453 = ADVANCED_BREP_SHAPE_REPRESENTATION('',(#11,#454),#604);
#454 = MANIFOLD_SOLID_BREP('',#455);
#455 = CLOSED_SHELL('',(#456,#496,#536,#558,#580,#592));
#456 = ADVANCED_FACE('',(#457),#491,.F.);
#457 = FACE_BOUND('',#458,.F.);
#458 = EDGE_LOOP('',(#459,#469,#477,#485));
#459 = ORIENTED_EDGE('',*,*,#460,.F.);
#460 = EDGE_CURVE('',#461,#463,#465,.T.);
#461 = VERTEX_POINT('',#462);
#462 = CARTESIAN_POINT('',(438.,0.,22.5));
#463 = VERTEX_POINT('',#464);
#464 = CARTESIAN_POINT('',(438.,0.,146.5));
#465 = LINE('',#466,#467);
#466 = CARTESIAN_POINT('',(438.,0.,22.5));
#467 = VECTOR('',#468,1.);
#468 = DIRECTION('',(0.,0.,1.));
#469 = ORIENTED_EDGE('',*,*,#470,.T.);
#470 = EDGE_CURVE('',#461,#471,#473,.T.);
#471 = VERTEX_POINT('',#472);
#472 = CARTESIAN_POINT('',(438.,350.,22.5));
#473 = LINE('',#474,#475);
#474 = CARTESIAN_POINT('',(438.,0.,22.5));
#475 = VECTOR('',#476,1.);
#476 = DIRECTION('',(-0.,1.,0.));
#477 = ORIENTED_EDGE('',*,*,#478,.T.);
#478 = EDGE_CURVE('',#471,#479,#481,.T.);
#479 = VERTEX_POINT('',#480);
#480 = CARTESIAN_POINT('',(438.,350.,146.5));
#481 = LINE('',#482,#483);
#482 = CARTESIAN_POINT('',(438.,350.,22.5));
#483 = VECTOR('',#484,1.);
#484 = DIRECTION('',(0.,0.,1.));
#485 = ORIENTED_EDGE('',*,*,#486,.F.);
#486 = EDGE_CURVE('',#463,#479,#487,.T.);
#487 = LINE('',#488,#489);
#488 = CARTESIAN_POINT('',(438.,0.,146.5));
#489 = VECTOR('',#490,1.);
#490 = DIRECTION('',(-0.,1.,0.));
#491 = PLANE('',#492);
#492 = AXIS2_PLACEMENT_3D('',#493,#494,#495);
#493 = CARTESIAN_POINT('',(438.,0.,22.5));
#494 = DIRECTION('',(1.,0.,-0.));
#495 = DIRECTION('',(0.,0.,1.));
#496 = ADVANCED_FACE('',(#497),#531,.T.);
#497 = FACE_BOUND('',#498,.T.);
#498 = EDGE_LOOP('',(#499,#509,#517,#525));
#499 = ORIENTED_EDGE('',*,*,#500,.F.);
#500 = EDGE_CURVE('',#501,#503,#505,.T.);
#501 = VERTEX_POINT('',#502);
#502 = CARTESIAN_POINT('',(450.,0.,22.5));
#503 = VERTEX_POINT('',#504);
#504 = CARTESIAN_POINT('',(450.,0.,146.5));
#505 = LINE('',#506,#507);
#506 = CARTESIAN_POINT('',(450.,0.,22.5));
#507 = VECTOR('',#508,1.);
#508 = DIRECTION('',(0.,0.,1.));
#509 = ORIENTED_EDGE('',*,*,#510,.T.);
#510 = EDGE_CURVE('',#501,#511,#513,.T.);
#511 = VERTEX_POINT('',#512);
#512 = CARTESIAN_POINT('',(450.,350.,22.5));
#513 = LINE('',#514,#515);
#514 = CARTESIAN_POINT('',(450.,0.,22.5));
#515 = VECTOR('',#516,1.);
#516 = DIRECTION('',(-0.,1.,0.));
#517 = ORIENTED_EDGE('',*,*,#518,.T.);
#518 = EDGE_CURVE('',#511,#519,#521,.T.);
#519 = VERTEX_POINT('',#520);
#520 = CARTESIAN_POINT('',(450.,350.,146.5));
#521 = LINE('',#522,#523);
#522 = CARTESIAN_POINT('',(450.,350.,22.5));
#523 = VECTOR('',#524,1.);
#524 = DIRECTION('',(0.,0.,1.));
#525 = ORIENTED_EDGE('',*,*,#526,.F.);
#526 = EDGE_CURVE('',#503,#519,#527,.T.);
#527 = LINE('',#528,#529);
#528 = CARTESIAN_POINT('',(450.,0.,146.5));
#529 = VECTOR('',#530,1.);
#530 = DIRECTION('',(-0.,1.,0.));
#531 = PLANE('',#532);
#532 = AXIS2_PLACEMENT_3D('',#533,#534,#535);
#533 = CARTESIAN_POINT('',(450.,0.,22.5));
#534 = DIRECTION('',(1.,0.,-0.));
#535 = DIRECTION('',(0.,0.,1.));
#536 = ADVANCED_FACE('',(#537),#553,.F.);
#537 = FACE_BOUND('',#538,.F.);
#538 = EDGE_LOOP('',(#539,#545,#546,#552));
#539 = ORIENTED_EDGE('',*,*,#540,.F.);
#540 = EDGE_CURVE('',#461,#501,#541,.T.);
#541 = LINE('',#542,#543);
#542 = CARTESIAN_POINT('',(438.,0.,22.5));
#543 = VECTOR('',#544,1.);
#544 = DIRECTION('',(1.,0.,-0.));
#545 = ORIENTED_EDGE('',*,*,#460,.T.);
#546 = ORIENTED_EDGE('',*,*,#547,.T.);
#547 = EDGE_CURVE('',#463,#503,#548,.T.);
#548 = LINE('',#549,#550);
#549 = CARTESIAN_POINT('',(438.,0.,146.5));
#550 = VECTOR('',#551,1.);
#551 = DIRECTION('',(1.,0.,-0.));
#552 = ORIENTED_EDGE('',*,*,#500,.F.);
#553 = PLANE('',#554);
#554 = AXIS2_PLACEMENT_3D('',#555,#556,#557);
#555 = CARTESIAN_POINT('',(438.,0.,22.5));
#556 = DIRECTION('',(-0.,1.,0.));
#557 = DIRECTION('',(0.,0.,1.));
#558 = ADVANCED_FACE('',(#559),#575,.T.);
#559 = FACE_BOUND('',#560,.T.);
#560 = EDGE_LOOP('',(#561,#567,#568,#574));
#561 = ORIENTED_EDGE('',*,*,#562,.F.);
#562 = EDGE_CURVE('',#471,#511,#563,.T.);
#563 = LINE('',#564,#565);
#564 = CARTESIAN_POINT('',(438.,350.,22.5));
#565 = VECTOR('',#566,1.);
#566 = DIRECTION('',(1.,0.,-0.));
#567 = ORIENTED_EDGE('',*,*,#478,.T.);
#568 = ORIENTED_EDGE('',*,*,#569,.T.);
#569 = EDGE_CURVE('',#479,#519,#570,.T.);
#570 = LINE('',#571,#572);
#571 = CARTESIAN_POINT('',(438.,350.,146.5));
#572 = VECTOR('',#573,1.);
#573 = DIRECTION('',(1.,0.,-0.));
#574 = ORIENTED_EDGE('',*,*,#518,.F.);
#575 = PLANE('',#576);
#576 = AXIS2_PLACEMENT_3D('',#577,#578,#579);
#577 = CARTESIAN_POINT('',(438.,350.,22.5));
#578 = DIRECTION('',(-0.,1.,0.));
#579 = DIRECTION('',(0.,0.,1.));
#580 = ADVANCED_FACE('',(#581),#587,.F.);
#581 = FACE_BOUND('',#582,.F.);
#582 = EDGE_LOOP('',(#583,#584,#585,#586));
#583 = ORIENTED_EDGE('',*,*,#470,.F.);
#584 = ORIENTED_EDGE('',*,*,#540,.T.);
#585 = ORIENTED_EDGE('',*,*,#510,.T.);
#586 = ORIENTED_EDGE('',*,*,#562,.F.);
#587 = PLANE('',#588);
#588 = AXIS2_PLACEMENT_3D('',#589,#590,#591);
#589 = CARTESIAN_POINT('',(438.,0.,22.5));
#590 = DIRECTION('',(0.,0.,1.));
#591 = DIRECTION('',(1.,0.,-0.));
#592 = ADVANCED_FACE('',(#593),#599,.T.);
#593 = FACE_BOUND('',#594,.T.);
#594 = EDGE_LOOP('',(#595,#596,#597,#598));
#595 = ORIENTED_EDGE('',*,*,#486,.F.);
#596 = ORIENTED_EDGE('',*,*,#547,.T.);
#597 = ORIENTED_EDGE('',*,*,#526,.T.);
#598 = ORIENTED_EDGE('',*,*,#569,.F.);
#599 = PLANE('',#600);
#600 = AXIS2_PLACEMENT_3D('',#601,#602,#603);
#601 = CARTESIAN_POINT('',(438.,0.,146.5));
#602 = DIRECTION('',(0.,0.,1.));
#603 = DIRECTION('',(1.,0.,-0.));
#604 = ( GEOMETRIC_REPRESENTATION_CONTEXT(3) 
GLOBAL_UNCERTAINTY_ASSIGNED_CONTEXT((#608)) GLOBAL_UNIT_ASSIGNED_CONTEXT
((#605,#606,#607)) REPRESENTATION_CONTEXT('Context #1',
  '3D Context with UNIT and UNCERTAINTY') );
#605 = ( LENGTH_UNIT() NAMED_UNIT(*) SI_UNIT(.MILLI.,.METRE.) );
#606 = ( NAMED_UNIT(*) PLANE_ANGLE_UNIT() SI_UNIT($,.RADIAN.) );
#607 = ( NAMED_UNIT(*) SI_UNIT($,.STERADIAN.) SOLID_ANGLE_UNIT() );
#608 = UNCERTAINTY_MEASURE_WITH_UNIT(LENGTH_MEASURE(1.E-07),#605,
  'distance_accuracy_value','confusion accuracy');
#609 = CONTEXT_DEPENDENT_SHAPE_REPRESENTATION(#610,#612);
#610 = ( REPRESENTATION_RELATIONSHIP('','',#453,#10) 
REPRESENTATION_RELATIONSHIP_WITH_TRANSFORMATION(#611) 
SHAPE_REPRESENTATION_RELATIONSHIP() );
#611 = ITEM_DEFINED_TRANSFORMATION('','',#11,#19);
#612 = PRODUCT_DEFINITION_SHAPE('Placement','Placement of an item',#613
  );
#613 = NEXT_ASSEMBLY_USAGE_OCCURRENCE('2','右侧木板','',#5,#448,$);
#614 = PRODUCT_RELATED_PRODUCT_CATEGORY('part',$,(#450));
#615 = SHAPE_DEFINITION_REPRESENTATION(#616,#622);
#616 = PRODUCT_DEFINITION_SHAPE('','',#617);
#617 = PRODUCT_DEFINITION('design','',#618,#621);
#618 = PRODUCT_DEFINITION_FORMATION('','',#619);
#619 = PRODUCT('底板 · 低音向下开孔',
  '底板 · 低音向下开孔','',(#620));
#620 = PRODUCT_CONTEXT('',#2,'mechanical');
#621 = PRODUCT_DEFINITION_CONTEXT('part definition',#2,'design');
#622 = ADVANCED_BREP_SHAPE_REPRESENTATION('',(#11,#623),#1508);
#623 = MANIFOLD_SOLID_BREP('',#624);
#624 = CLOSED_SHELL('',(#625,#665,#696,#775,#799,#1003,#1015,#1032,#1049
    ,#1066,#1083,#1100,#1125,#1150,#1175,#1200,#1225,#1250,#1275,#1300,
    #1325,#1350,#1375,#1400,#1409,#1418,#1427,#1436,#1445,#1454,#1463,
    #1472,#1481,#1490,#1499));
#625 = ADVANCED_FACE('',(#626),#660,.F.);
#626 = FACE_BOUND('',#627,.F.);
#627 = EDGE_LOOP('',(#628,#638,#646,#654));
#628 = ORIENTED_EDGE('',*,*,#629,.F.);
#629 = EDGE_CURVE('',#630,#632,#634,.T.);
#630 = VERTEX_POINT('',#631);
#631 = CARTESIAN_POINT('',(12.,0.,22.5));
#632 = VERTEX_POINT('',#633);
#633 = CARTESIAN_POINT('',(12.,0.,34.5));
#634 = LINE('',#635,#636);
#635 = CARTESIAN_POINT('',(12.,0.,22.5));
#636 = VECTOR('',#637,1.);
#637 = DIRECTION('',(0.,0.,1.));
#638 = ORIENTED_EDGE('',*,*,#639,.T.);
#639 = EDGE_CURVE('',#630,#640,#642,.T.);
#640 = VERTEX_POINT('',#641);
#641 = CARTESIAN_POINT('',(12.,350.,22.5));
#642 = LINE('',#643,#644);
#643 = CARTESIAN_POINT('',(12.,0.,22.5));
#644 = VECTOR('',#645,1.);
#645 = DIRECTION('',(-0.,1.,0.));
#646 = ORIENTED_EDGE('',*,*,#647,.T.);
#647 = EDGE_CURVE('',#640,#648,#650,.T.);
#648 = VERTEX_POINT('',#649);
#649 = CARTESIAN_POINT('',(12.,350.,34.5));
#650 = LINE('',#651,#652);
#651 = CARTESIAN_POINT('',(12.,350.,22.5));
#652 = VECTOR('',#653,1.);
#653 = DIRECTION('',(0.,0.,1.));
#654 = ORIENTED_EDGE('',*,*,#655,.F.);
#655 = EDGE_CURVE('',#632,#648,#656,.T.);
#656 = LINE('',#657,#658);
#657 = CARTESIAN_POINT('',(12.,0.,34.5));
#658 = VECTOR('',#659,1.);
#659 = DIRECTION('',(-0.,1.,0.));
#660 = PLANE('',#661);
#661 = AXIS2_PLACEMENT_3D('',#662,#663,#664);
#662 = CARTESIAN_POINT('',(12.,0.,22.5));
#663 = DIRECTION('',(1.,0.,-0.));
#664 = DIRECTION('',(0.,0.,1.));
#665 = ADVANCED_FACE('',(#666),#691,.F.);
#666 = FACE_BOUND('',#667,.F.);
#667 = EDGE_LOOP('',(#668,#676,#677,#685));
#668 = ORIENTED_EDGE('',*,*,#669,.F.);
#669 = EDGE_CURVE('',#630,#670,#672,.T.);
#670 = VERTEX_POINT('',#671);
#671 = CARTESIAN_POINT('',(438.,0.,22.5));
#672 = LINE('',#673,#674);
#673 = CARTESIAN_POINT('',(12.,0.,22.5));
#674 = VECTOR('',#675,1.);
#675 = DIRECTION('',(1.,0.,-0.));
#676 = ORIENTED_EDGE('',*,*,#629,.T.);
#677 = ORIENTED_EDGE('',*,*,#678,.T.);
#678 = EDGE_CURVE('',#632,#679,#681,.T.);
#679 = VERTEX_POINT('',#680);
#680 = CARTESIAN_POINT('',(438.,0.,34.5));
#681 = LINE('',#682,#683);
#682 = CARTESIAN_POINT('',(12.,0.,34.5));
#683 = VECTOR('',#684,1.);
#684 = DIRECTION('',(1.,0.,-0.));
#685 = ORIENTED_EDGE('',*,*,#686,.F.);
#686 = EDGE_CURVE('',#670,#679,#687,.T.);
#687 = LINE('',#688,#689);
#688 = CARTESIAN_POINT('',(438.,0.,22.5));
#689 = VECTOR('',#690,1.);
#690 = DIRECTION('',(0.,0.,1.));
#691 = PLANE('',#692);
#692 = AXIS2_PLACEMENT_3D('',#693,#694,#695);
#693 = CARTESIAN_POINT('',(12.,0.,22.5));
#694 = DIRECTION('',(-0.,1.,0.));
#695 = DIRECTION('',(0.,0.,1.));
#696 = ADVANCED_FACE('',(#697,#715,#726,#737,#748,#759),#770,.T.);
#697 = FACE_BOUND('',#698,.T.);
#698 = EDGE_LOOP('',(#699,#700,#701,#709));
#699 = ORIENTED_EDGE('',*,*,#655,.F.);
#700 = ORIENTED_EDGE('',*,*,#678,.T.);
#701 = ORIENTED_EDGE('',*,*,#702,.T.);
#702 = EDGE_CURVE('',#679,#703,#705,.T.);
#703 = VERTEX_POINT('',#704);
#704 = CARTESIAN_POINT('',(438.,350.,34.5));
#705 = LINE('',#706,#707);
#706 = CARTESIAN_POINT('',(438.,0.,34.5));
#707 = VECTOR('',#708,1.);
#708 = DIRECTION('',(-0.,1.,0.));
#709 = ORIENTED_EDGE('',*,*,#710,.F.);
#710 = EDGE_CURVE('',#648,#703,#711,.T.);
#711 = LINE('',#712,#713);
#712 = CARTESIAN_POINT('',(12.,350.,34.5));
#713 = VECTOR('',#714,1.);
#714 = DIRECTION('',(1.,0.,-0.));
#715 = FACE_BOUND('',#716,.T.);
#716 = EDGE_LOOP('',(#717));
#717 = ORIENTED_EDGE('',*,*,#718,.F.);
#718 = EDGE_CURVE('',#719,#719,#721,.T.);
#719 = VERTEX_POINT('',#720);
#720 = CARTESIAN_POINT('',(39.2,40.,34.5));
#721 = CIRCLE('',#722,6.2);
#722 = AXIS2_PLACEMENT_3D('',#723,#724,#725);
#723 = CARTESIAN_POINT('',(33.,40.,34.5));
#724 = DIRECTION('',(0.,0.,1.));
#725 = DIRECTION('',(1.,0.,-0.));
#726 = FACE_BOUND('',#727,.T.);
#727 = EDGE_LOOP('',(#728));
#728 = ORIENTED_EDGE('',*,*,#729,.F.);
#729 = EDGE_CURVE('',#730,#730,#732,.T.);
#730 = VERTEX_POINT('',#731);
#731 = CARTESIAN_POINT('',(423.2,40.,34.5));
#732 = CIRCLE('',#733,6.2);
#733 = AXIS2_PLACEMENT_3D('',#734,#735,#736);
#734 = CARTESIAN_POINT('',(417.,40.,34.5));
#735 = DIRECTION('',(0.,0.,1.));
#736 = DIRECTION('',(1.,0.,-0.));
#737 = FACE_BOUND('',#738,.T.);
#738 = EDGE_LOOP('',(#739));
#739 = ORIENTED_EDGE('',*,*,#740,.F.);
#740 = EDGE_CURVE('',#741,#741,#743,.T.);
#741 = VERTEX_POINT('',#742);
#742 = CARTESIAN_POINT('',(39.2,320.,34.5));
#743 = CIRCLE('',#744,6.2);
#744 = AXIS2_PLACEMENT_3D('',#745,#746,#747);
#745 = CARTESIAN_POINT('',(33.,320.,34.5));
#746 = DIRECTION('',(0.,0.,1.));
#747 = DIRECTION('',(1.,0.,-0.));
#748 = FACE_BOUND('',#749,.T.);
#749 = EDGE_LOOP('',(#750));
#750 = ORIENTED_EDGE('',*,*,#751,.F.);
#751 = EDGE_CURVE('',#752,#752,#754,.T.);
#752 = VERTEX_POINT('',#753);
#753 = CARTESIAN_POINT('',(275.,247.,34.5));
#754 = CIRCLE('',#755,50.);
#755 = AXIS2_PLACEMENT_3D('',#756,#757,#758);
#756 = CARTESIAN_POINT('',(225.,247.,34.5));
#757 = DIRECTION('',(0.,0.,1.));
#758 = DIRECTION('',(1.,0.,-0.));
#759 = FACE_BOUND('',#760,.T.);
#760 = EDGE_LOOP('',(#761));
#761 = ORIENTED_EDGE('',*,*,#762,.F.);
#762 = EDGE_CURVE('',#763,#763,#765,.T.);
#763 = VERTEX_POINT('',#764);
#764 = CARTESIAN_POINT('',(423.2,320.,34.5));
#765 = CIRCLE('',#766,6.2);
#766 = AXIS2_PLACEMENT_3D('',#767,#768,#769);
#767 = CARTESIAN_POINT('',(417.,320.,34.5));
#768 = DIRECTION('',(0.,0.,1.));
#769 = DIRECTION('',(1.,0.,-0.));
#770 = PLANE('',#771);
#771 = AXIS2_PLACEMENT_3D('',#772,#773,#774);
#772 = CARTESIAN_POINT('',(12.,0.,34.5));
#773 = DIRECTION('',(0.,0.,1.));
#774 = DIRECTION('',(1.,0.,-0.));
#775 = ADVANCED_FACE('',(#776),#794,.T.);
#776 = FACE_BOUND('',#777,.T.);
#777 = EDGE_LOOP('',(#778,#786,#787,#788));
#778 = ORIENTED_EDGE('',*,*,#779,.F.);
#779 = EDGE_CURVE('',#640,#780,#782,.T.);
#780 = VERTEX_POINT('',#781);
#781 = CARTESIAN_POINT('',(438.,350.,22.5));
#782 = LINE('',#783,#784);
#783 = CARTESIAN_POINT('',(12.,350.,22.5));
#784 = VECTOR('',#785,1.);
#785 = DIRECTION('',(1.,0.,-0.));
#786 = ORIENTED_EDGE('',*,*,#647,.T.);
#787 = ORIENTED_EDGE('',*,*,#710,.T.);
#788 = ORIENTED_EDGE('',*,*,#789,.F.);
#789 = EDGE_CURVE('',#780,#703,#790,.T.);
#790 = LINE('',#791,#792);
#791 = CARTESIAN_POINT('',(438.,350.,22.5));
#792 = VECTOR('',#793,1.);
#793 = DIRECTION('',(0.,0.,1.));
#794 = PLANE('',#795);
#795 = AXIS2_PLACEMENT_3D('',#796,#797,#798);
#796 = CARTESIAN_POINT('',(12.,350.,22.5));
#797 = DIRECTION('',(-0.,1.,0.));
#798 = DIRECTION('',(0.,0.,1.));
#799 = ADVANCED_FACE('',(#800,#811,#822,#833,#844,#855,#866,#877,#888,
    #899,#910,#921,#932,#943,#954,#965,#976,#987),#998,.F.);
#800 = FACE_BOUND('',#801,.F.);
#801 = EDGE_LOOP('',(#802,#803,#804,#810));
#802 = ORIENTED_EDGE('',*,*,#639,.F.);
#803 = ORIENTED_EDGE('',*,*,#669,.T.);
#804 = ORIENTED_EDGE('',*,*,#805,.T.);
#805 = EDGE_CURVE('',#670,#780,#806,.T.);
#806 = LINE('',#807,#808);
#807 = CARTESIAN_POINT('',(438.,0.,22.5));
#808 = VECTOR('',#809,1.);
#809 = DIRECTION('',(-0.,1.,0.));
#810 = ORIENTED_EDGE('',*,*,#779,.F.);
#811 = FACE_BOUND('',#812,.F.);
#812 = EDGE_LOOP('',(#813));
#813 = ORIENTED_EDGE('',*,*,#814,.F.);
#814 = EDGE_CURVE('',#815,#815,#817,.T.);
#815 = VERTEX_POINT('',#816);
#816 = CARTESIAN_POINT('',(27.5,27.875644347018,22.5));
#817 = CIRCLE('',#818,1.5);
#818 = AXIS2_PLACEMENT_3D('',#819,#820,#821);
#819 = CARTESIAN_POINT('',(26.,27.875644347018,22.5));
#820 = DIRECTION('',(0.,0.,1.));
#821 = DIRECTION('',(1.,0.,-0.));
#822 = FACE_BOUND('',#823,.F.);
#823 = EDGE_LOOP('',(#824));
#824 = ORIENTED_EDGE('',*,*,#825,.F.);
#825 = EDGE_CURVE('',#826,#826,#828,.T.);
#826 = VERTEX_POINT('',#827);
#827 = CARTESIAN_POINT('',(39.2,40.,22.5));
#828 = CIRCLE('',#829,6.2);
#829 = AXIS2_PLACEMENT_3D('',#830,#831,#832);
#830 = CARTESIAN_POINT('',(33.,40.,22.5));
#831 = DIRECTION('',(0.,0.,1.));
#832 = DIRECTION('',(1.,0.,-0.));
#833 = FACE_BOUND('',#834,.F.);
#834 = EDGE_LOOP('',(#835));
#835 = ORIENTED_EDGE('',*,*,#836,.F.);
#836 = EDGE_CURVE('',#837,#837,#839,.T.);
#837 = VERTEX_POINT('',#838);
#838 = CARTESIAN_POINT('',(48.5,40.,22.5));
#839 = CIRCLE('',#840,1.5);
#840 = AXIS2_PLACEMENT_3D('',#841,#842,#843);
#841 = CARTESIAN_POINT('',(47.,40.,22.5));
#842 = DIRECTION('',(0.,0.,1.));
#843 = DIRECTION('',(1.,0.,-0.));
#844 = FACE_BOUND('',#845,.F.);
#845 = EDGE_LOOP('',(#846));
#846 = ORIENTED_EDGE('',*,*,#847,.F.);
#847 = EDGE_CURVE('',#848,#848,#850,.T.);
#848 = VERTEX_POINT('',#849);
#849 = CARTESIAN_POINT('',(27.5,52.124355652982,22.5));
#850 = CIRCLE('',#851,1.5);
#851 = AXIS2_PLACEMENT_3D('',#852,#853,#854);
#852 = CARTESIAN_POINT('',(26.,52.124355652982,22.5));
#853 = DIRECTION('',(0.,0.,1.));
#854 = DIRECTION('',(1.,0.,-0.));
#855 = FACE_BOUND('',#856,.F.);
#856 = EDGE_LOOP('',(#857));
#857 = ORIENTED_EDGE('',*,*,#858,.F.);
#858 = EDGE_CURVE('',#859,#859,#861,.T.);
#859 = VERTEX_POINT('',#860);
#860 = CARTESIAN_POINT('',(411.5,27.875644347018,22.5));
#861 = CIRCLE('',#862,1.5);
#862 = AXIS2_PLACEMENT_3D('',#863,#864,#865);
#863 = CARTESIAN_POINT('',(410.,27.875644347018,22.5));
#864 = DIRECTION('',(0.,0.,1.));
#865 = DIRECTION('',(1.,0.,-0.));
#866 = FACE_BOUND('',#867,.F.);
#867 = EDGE_LOOP('',(#868));
#868 = ORIENTED_EDGE('',*,*,#869,.F.);
#869 = EDGE_CURVE('',#870,#870,#872,.T.);
#870 = VERTEX_POINT('',#871);
#871 = CARTESIAN_POINT('',(423.2,40.,22.5));
#872 = CIRCLE('',#873,6.2);
#873 = AXIS2_PLACEMENT_3D('',#874,#875,#876);
#874 = CARTESIAN_POINT('',(417.,40.,22.5));
#875 = DIRECTION('',(0.,0.,1.));
#876 = DIRECTION('',(1.,0.,-0.));
#877 = FACE_BOUND('',#878,.F.);
#878 = EDGE_LOOP('',(#879));
#879 = ORIENTED_EDGE('',*,*,#880,.F.);
#880 = EDGE_CURVE('',#881,#881,#883,.T.);
#881 = VERTEX_POINT('',#882);
#882 = CARTESIAN_POINT('',(432.5,40.,22.5));
#883 = CIRCLE('',#884,1.5);
#884 = AXIS2_PLACEMENT_3D('',#885,#886,#887);
#885 = CARTESIAN_POINT('',(431.,40.,22.5));
#886 = DIRECTION('',(0.,0.,1.));
#887 = DIRECTION('',(1.,0.,-0.));
#888 = FACE_BOUND('',#889,.F.);
#889 = EDGE_LOOP('',(#890));
#890 = ORIENTED_EDGE('',*,*,#891,.F.);
#891 = EDGE_CURVE('',#892,#892,#894,.T.);
#892 = VERTEX_POINT('',#893);
#893 = CARTESIAN_POINT('',(411.5,52.124355652982,22.5));
#894 = CIRCLE('',#895,1.5);
#895 = AXIS2_PLACEMENT_3D('',#896,#897,#898);
#896 = CARTESIAN_POINT('',(410.,52.124355652982,22.5));
#897 = DIRECTION('',(0.,0.,1.));
#898 = DIRECTION('',(1.,0.,-0.));
#899 = FACE_BOUND('',#900,.F.);
#900 = EDGE_LOOP('',(#901));
#901 = ORIENTED_EDGE('',*,*,#902,.F.);
#902 = EDGE_CURVE('',#903,#903,#905,.T.);
#903 = VERTEX_POINT('',#904);
#904 = CARTESIAN_POINT('',(275.,247.,22.5));
#905 = CIRCLE('',#906,50.);
#906 = AXIS2_PLACEMENT_3D('',#907,#908,#909);
#907 = CARTESIAN_POINT('',(225.,247.,22.5));
#908 = DIRECTION('',(0.,0.,1.));
#909 = DIRECTION('',(1.,0.,-0.));
#910 = FACE_BOUND('',#911,.F.);
#911 = EDGE_LOOP('',(#912));
#912 = ORIENTED_EDGE('',*,*,#913,.F.);
#913 = EDGE_CURVE('',#914,#914,#916,.T.);
#914 = VERTEX_POINT('',#915);
#915 = CARTESIAN_POINT('',(27.5,307.87564434701,22.5));
#916 = CIRCLE('',#917,1.5);
#917 = AXIS2_PLACEMENT_3D('',#918,#919,#920);
#918 = CARTESIAN_POINT('',(26.,307.87564434701,22.5));
#919 = DIRECTION('',(0.,0.,1.));
#920 = DIRECTION('',(1.,0.,-0.));
#921 = FACE_BOUND('',#922,.F.);
#922 = EDGE_LOOP('',(#923));
#923 = ORIENTED_EDGE('',*,*,#924,.F.);
#924 = EDGE_CURVE('',#925,#925,#927,.T.);
#925 = VERTEX_POINT('',#926);
#926 = CARTESIAN_POINT('',(39.2,320.,22.5));
#927 = CIRCLE('',#928,6.2);
#928 = AXIS2_PLACEMENT_3D('',#929,#930,#931);
#929 = CARTESIAN_POINT('',(33.,320.,22.5));
#930 = DIRECTION('',(0.,0.,1.));
#931 = DIRECTION('',(1.,0.,-0.));
#932 = FACE_BOUND('',#933,.F.);
#933 = EDGE_LOOP('',(#934));
#934 = ORIENTED_EDGE('',*,*,#935,.F.);
#935 = EDGE_CURVE('',#936,#936,#938,.T.);
#936 = VERTEX_POINT('',#937);
#937 = CARTESIAN_POINT('',(48.5,320.,22.5));
#938 = CIRCLE('',#939,1.5);
#939 = AXIS2_PLACEMENT_3D('',#940,#941,#942);
#940 = CARTESIAN_POINT('',(47.,320.,22.5));
#941 = DIRECTION('',(0.,0.,1.));
#942 = DIRECTION('',(1.,0.,-0.));
#943 = FACE_BOUND('',#944,.F.);
#944 = EDGE_LOOP('',(#945));
#945 = ORIENTED_EDGE('',*,*,#946,.F.);
#946 = EDGE_CURVE('',#947,#947,#949,.T.);
#947 = VERTEX_POINT('',#948);
#948 = CARTESIAN_POINT('',(27.5,332.12435565298,22.5));
#949 = CIRCLE('',#950,1.5);
#950 = AXIS2_PLACEMENT_3D('',#951,#952,#953);
#951 = CARTESIAN_POINT('',(26.,332.12435565298,22.5));
#952 = DIRECTION('',(0.,0.,1.));
#953 = DIRECTION('',(1.,0.,-0.));
#954 = FACE_BOUND('',#955,.F.);
#955 = EDGE_LOOP('',(#956));
#956 = ORIENTED_EDGE('',*,*,#957,.F.);
#957 = EDGE_CURVE('',#958,#958,#960,.T.);
#958 = VERTEX_POINT('',#959);
#959 = CARTESIAN_POINT('',(411.5,307.87564434701,22.5));
#960 = CIRCLE('',#961,1.5);
#961 = AXIS2_PLACEMENT_3D('',#962,#963,#964);
#962 = CARTESIAN_POINT('',(410.,307.87564434701,22.5));
#963 = DIRECTION('',(0.,0.,1.));
#964 = DIRECTION('',(1.,0.,-0.));
#965 = FACE_BOUND('',#966,.F.);
#966 = EDGE_LOOP('',(#967));
#967 = ORIENTED_EDGE('',*,*,#968,.F.);
#968 = EDGE_CURVE('',#969,#969,#971,.T.);
#969 = VERTEX_POINT('',#970);
#970 = CARTESIAN_POINT('',(423.2,320.,22.5));
#971 = CIRCLE('',#972,6.2);
#972 = AXIS2_PLACEMENT_3D('',#973,#974,#975);
#973 = CARTESIAN_POINT('',(417.,320.,22.5));
#974 = DIRECTION('',(0.,0.,1.));
#975 = DIRECTION('',(1.,0.,-0.));
#976 = FACE_BOUND('',#977,.F.);
#977 = EDGE_LOOP('',(#978));
#978 = ORIENTED_EDGE('',*,*,#979,.F.);
#979 = EDGE_CURVE('',#980,#980,#982,.T.);
#980 = VERTEX_POINT('',#981);
#981 = CARTESIAN_POINT('',(432.5,320.,22.5));
#982 = CIRCLE('',#983,1.5);
#983 = AXIS2_PLACEMENT_3D('',#984,#985,#986);
#984 = CARTESIAN_POINT('',(431.,320.,22.5));
#985 = DIRECTION('',(0.,0.,1.));
#986 = DIRECTION('',(1.,0.,-0.));
#987 = FACE_BOUND('',#988,.F.);
#988 = EDGE_LOOP('',(#989));
#989 = ORIENTED_EDGE('',*,*,#990,.F.);
#990 = EDGE_CURVE('',#991,#991,#993,.T.);
#991 = VERTEX_POINT('',#992);
#992 = CARTESIAN_POINT('',(411.5,332.12435565298,22.5));
#993 = CIRCLE('',#994,1.5);
#994 = AXIS2_PLACEMENT_3D('',#995,#996,#997);
#995 = CARTESIAN_POINT('',(410.,332.12435565298,22.5));
#996 = DIRECTION('',(0.,0.,1.));
#997 = DIRECTION('',(1.,0.,-0.));
#998 = PLANE('',#999);
#999 = AXIS2_PLACEMENT_3D('',#1000,#1001,#1002);
#1000 = CARTESIAN_POINT('',(12.,0.,22.5));
#1001 = DIRECTION('',(0.,0.,1.));
#1002 = DIRECTION('',(1.,0.,-0.));
#1003 = ADVANCED_FACE('',(#1004),#1010,.T.);
#1004 = FACE_BOUND('',#1005,.T.);
#1005 = EDGE_LOOP('',(#1006,#1007,#1008,#1009));
#1006 = ORIENTED_EDGE('',*,*,#686,.F.);
#1007 = ORIENTED_EDGE('',*,*,#805,.T.);
#1008 = ORIENTED_EDGE('',*,*,#789,.T.);
#1009 = ORIENTED_EDGE('',*,*,#702,.F.);
#1010 = PLANE('',#1011);
#1011 = AXIS2_PLACEMENT_3D('',#1012,#1013,#1014);
#1012 = CARTESIAN_POINT('',(438.,0.,22.5));
#1013 = DIRECTION('',(1.,0.,-0.));
#1014 = DIRECTION('',(0.,0.,1.));
#1015 = ADVANCED_FACE('',(#1016),#1027,.F.);
#1016 = FACE_BOUND('',#1017,.F.);
#1017 = EDGE_LOOP('',(#1018,#1019,#1025,#1026));
#1018 = ORIENTED_EDGE('',*,*,#718,.F.);
#1019 = ORIENTED_EDGE('',*,*,#1020,.F.);
#1020 = EDGE_CURVE('',#826,#719,#1021,.T.);
#1021 = LINE('',#1022,#1023);
#1022 = CARTESIAN_POINT('',(39.2,40.,21.5));
#1023 = VECTOR('',#1024,1.);
#1024 = DIRECTION('',(0.,0.,1.));
#1025 = ORIENTED_EDGE('',*,*,#825,.T.);
#1026 = ORIENTED_EDGE('',*,*,#1020,.T.);
#1027 = CYLINDRICAL_SURFACE('',#1028,6.2);
#1028 = AXIS2_PLACEMENT_3D('',#1029,#1030,#1031);
#1029 = CARTESIAN_POINT('',(33.,40.,21.5));
#1030 = DIRECTION('',(0.,0.,1.));
#1031 = DIRECTION('',(1.,0.,-0.));
#1032 = ADVANCED_FACE('',(#1033),#1044,.F.);
#1033 = FACE_BOUND('',#1034,.F.);
#1034 = EDGE_LOOP('',(#1035,#1036,#1042,#1043));
#1035 = ORIENTED_EDGE('',*,*,#729,.F.);
#1036 = ORIENTED_EDGE('',*,*,#1037,.F.);
#1037 = EDGE_CURVE('',#870,#730,#1038,.T.);
#1038 = LINE('',#1039,#1040);
#1039 = CARTESIAN_POINT('',(423.2,40.,21.5));
#1040 = VECTOR('',#1041,1.);
#1041 = DIRECTION('',(0.,0.,1.));
#1042 = ORIENTED_EDGE('',*,*,#869,.T.);
#1043 = ORIENTED_EDGE('',*,*,#1037,.T.);
#1044 = CYLINDRICAL_SURFACE('',#1045,6.2);
#1045 = AXIS2_PLACEMENT_3D('',#1046,#1047,#1048);
#1046 = CARTESIAN_POINT('',(417.,40.,21.5));
#1047 = DIRECTION('',(0.,0.,1.));
#1048 = DIRECTION('',(1.,0.,-0.));
#1049 = ADVANCED_FACE('',(#1050),#1061,.F.);
#1050 = FACE_BOUND('',#1051,.F.);
#1051 = EDGE_LOOP('',(#1052,#1053,#1059,#1060));
#1052 = ORIENTED_EDGE('',*,*,#740,.F.);
#1053 = ORIENTED_EDGE('',*,*,#1054,.F.);
#1054 = EDGE_CURVE('',#925,#741,#1055,.T.);
#1055 = LINE('',#1056,#1057);
#1056 = CARTESIAN_POINT('',(39.2,320.,21.5));
#1057 = VECTOR('',#1058,1.);
#1058 = DIRECTION('',(0.,0.,1.));
#1059 = ORIENTED_EDGE('',*,*,#924,.T.);
#1060 = ORIENTED_EDGE('',*,*,#1054,.T.);
#1061 = CYLINDRICAL_SURFACE('',#1062,6.2);
#1062 = AXIS2_PLACEMENT_3D('',#1063,#1064,#1065);
#1063 = CARTESIAN_POINT('',(33.,320.,21.5));
#1064 = DIRECTION('',(0.,0.,1.));
#1065 = DIRECTION('',(1.,0.,-0.));
#1066 = ADVANCED_FACE('',(#1067),#1078,.F.);
#1067 = FACE_BOUND('',#1068,.F.);
#1068 = EDGE_LOOP('',(#1069,#1070,#1076,#1077));
#1069 = ORIENTED_EDGE('',*,*,#751,.F.);
#1070 = ORIENTED_EDGE('',*,*,#1071,.F.);
#1071 = EDGE_CURVE('',#903,#752,#1072,.T.);
#1072 = LINE('',#1073,#1074);
#1073 = CARTESIAN_POINT('',(275.,247.,21.5));
#1074 = VECTOR('',#1075,1.);
#1075 = DIRECTION('',(0.,0.,1.));
#1076 = ORIENTED_EDGE('',*,*,#902,.T.);
#1077 = ORIENTED_EDGE('',*,*,#1071,.T.);
#1078 = CYLINDRICAL_SURFACE('',#1079,50.);
#1079 = AXIS2_PLACEMENT_3D('',#1080,#1081,#1082);
#1080 = CARTESIAN_POINT('',(225.,247.,21.5));
#1081 = DIRECTION('',(0.,0.,1.));
#1082 = DIRECTION('',(1.,0.,-0.));
#1083 = ADVANCED_FACE('',(#1084),#1095,.F.);
#1084 = FACE_BOUND('',#1085,.F.);
#1085 = EDGE_LOOP('',(#1086,#1087,#1093,#1094));
#1086 = ORIENTED_EDGE('',*,*,#762,.F.);
#1087 = ORIENTED_EDGE('',*,*,#1088,.F.);
#1088 = EDGE_CURVE('',#969,#763,#1089,.T.);
#1089 = LINE('',#1090,#1091);
#1090 = CARTESIAN_POINT('',(423.2,320.,21.5));
#1091 = VECTOR('',#1092,1.);
#1092 = DIRECTION('',(0.,0.,1.));
#1093 = ORIENTED_EDGE('',*,*,#968,.T.);
#1094 = ORIENTED_EDGE('',*,*,#1088,.T.);
#1095 = CYLINDRICAL_SURFACE('',#1096,6.2);
#1096 = AXIS2_PLACEMENT_3D('',#1097,#1098,#1099);
#1097 = CARTESIAN_POINT('',(417.,320.,21.5));
#1098 = DIRECTION('',(0.,0.,1.));
#1099 = DIRECTION('',(1.,0.,-0.));
#1100 = ADVANCED_FACE('',(#1101),#1120,.F.);
#1101 = FACE_BOUND('',#1102,.F.);
#1102 = EDGE_LOOP('',(#1103,#1111,#1118,#1119));
#1103 = ORIENTED_EDGE('',*,*,#1104,.T.);
#1104 = EDGE_CURVE('',#815,#1105,#1107,.T.);
#1105 = VERTEX_POINT('',#1106);
#1106 = CARTESIAN_POINT('',(27.5,27.875644347018,30.5));
#1107 = LINE('',#1108,#1109);
#1108 = CARTESIAN_POINT('',(27.5,27.875644347018,21.5));
#1109 = VECTOR('',#1110,1.);
#1110 = DIRECTION('',(0.,0.,1.));
#1111 = ORIENTED_EDGE('',*,*,#1112,.F.);
#1112 = EDGE_CURVE('',#1105,#1105,#1113,.T.);
#1113 = CIRCLE('',#1114,1.5);
#1114 = AXIS2_PLACEMENT_3D('',#1115,#1116,#1117);
#1115 = CARTESIAN_POINT('',(26.,27.875644347018,30.5));
#1116 = DIRECTION('',(0.,0.,1.));
#1117 = DIRECTION('',(1.,0.,-0.));
#1118 = ORIENTED_EDGE('',*,*,#1104,.F.);
#1119 = ORIENTED_EDGE('',*,*,#814,.T.);
#1120 = CYLINDRICAL_SURFACE('',#1121,1.5);
#1121 = AXIS2_PLACEMENT_3D('',#1122,#1123,#1124);
#1122 = CARTESIAN_POINT('',(26.,27.875644347018,21.5));
#1123 = DIRECTION('',(0.,0.,1.));
#1124 = DIRECTION('',(1.,0.,-0.));
#1125 = ADVANCED_FACE('',(#1126),#1145,.F.);
#1126 = FACE_BOUND('',#1127,.F.);
#1127 = EDGE_LOOP('',(#1128,#1136,#1143,#1144));
#1128 = ORIENTED_EDGE('',*,*,#1129,.T.);
#1129 = EDGE_CURVE('',#837,#1130,#1132,.T.);
#1130 = VERTEX_POINT('',#1131);
#1131 = CARTESIAN_POINT('',(48.5,40.,30.5));
#1132 = LINE('',#1133,#1134);
#1133 = CARTESIAN_POINT('',(48.5,40.,21.5));
#1134 = VECTOR('',#1135,1.);
#1135 = DIRECTION('',(0.,0.,1.));
#1136 = ORIENTED_EDGE('',*,*,#1137,.F.);
#1137 = EDGE_CURVE('',#1130,#1130,#1138,.T.);
#1138 = CIRCLE('',#1139,1.5);
#1139 = AXIS2_PLACEMENT_3D('',#1140,#1141,#1142);
#1140 = CARTESIAN_POINT('',(47.,40.,30.5));
#1141 = DIRECTION('',(0.,0.,1.));
#1142 = DIRECTION('',(1.,0.,-0.));
#1143 = ORIENTED_EDGE('',*,*,#1129,.F.);
#1144 = ORIENTED_EDGE('',*,*,#836,.T.);
#1145 = CYLINDRICAL_SURFACE('',#1146,1.5);
#1146 = AXIS2_PLACEMENT_3D('',#1147,#1148,#1149);
#1147 = CARTESIAN_POINT('',(47.,40.,21.5));
#1148 = DIRECTION('',(0.,0.,1.));
#1149 = DIRECTION('',(1.,0.,-0.));
#1150 = ADVANCED_FACE('',(#1151),#1170,.F.);
#1151 = FACE_BOUND('',#1152,.F.);
#1152 = EDGE_LOOP('',(#1153,#1161,#1168,#1169));
#1153 = ORIENTED_EDGE('',*,*,#1154,.T.);
#1154 = EDGE_CURVE('',#848,#1155,#1157,.T.);
#1155 = VERTEX_POINT('',#1156);
#1156 = CARTESIAN_POINT('',(27.5,52.124355652982,30.5));
#1157 = LINE('',#1158,#1159);
#1158 = CARTESIAN_POINT('',(27.5,52.124355652982,21.5));
#1159 = VECTOR('',#1160,1.);
#1160 = DIRECTION('',(0.,0.,1.));
#1161 = ORIENTED_EDGE('',*,*,#1162,.F.);
#1162 = EDGE_CURVE('',#1155,#1155,#1163,.T.);
#1163 = CIRCLE('',#1164,1.5);
#1164 = AXIS2_PLACEMENT_3D('',#1165,#1166,#1167);
#1165 = CARTESIAN_POINT('',(26.,52.124355652982,30.5));
#1166 = DIRECTION('',(0.,0.,1.));
#1167 = DIRECTION('',(1.,0.,-0.));
#1168 = ORIENTED_EDGE('',*,*,#1154,.F.);
#1169 = ORIENTED_EDGE('',*,*,#847,.T.);
#1170 = CYLINDRICAL_SURFACE('',#1171,1.5);
#1171 = AXIS2_PLACEMENT_3D('',#1172,#1173,#1174);
#1172 = CARTESIAN_POINT('',(26.,52.124355652982,21.5));
#1173 = DIRECTION('',(0.,0.,1.));
#1174 = DIRECTION('',(1.,0.,-0.));
#1175 = ADVANCED_FACE('',(#1176),#1195,.F.);
#1176 = FACE_BOUND('',#1177,.F.);
#1177 = EDGE_LOOP('',(#1178,#1186,#1193,#1194));
#1178 = ORIENTED_EDGE('',*,*,#1179,.T.);
#1179 = EDGE_CURVE('',#859,#1180,#1182,.T.);
#1180 = VERTEX_POINT('',#1181);
#1181 = CARTESIAN_POINT('',(411.5,27.875644347018,30.5));
#1182 = LINE('',#1183,#1184);
#1183 = CARTESIAN_POINT('',(411.5,27.875644347018,21.5));
#1184 = VECTOR('',#1185,1.);
#1185 = DIRECTION('',(0.,0.,1.));
#1186 = ORIENTED_EDGE('',*,*,#1187,.F.);
#1187 = EDGE_CURVE('',#1180,#1180,#1188,.T.);
#1188 = CIRCLE('',#1189,1.5);
#1189 = AXIS2_PLACEMENT_3D('',#1190,#1191,#1192);
#1190 = CARTESIAN_POINT('',(410.,27.875644347018,30.5));
#1191 = DIRECTION('',(0.,0.,1.));
#1192 = DIRECTION('',(1.,0.,-0.));
#1193 = ORIENTED_EDGE('',*,*,#1179,.F.);
#1194 = ORIENTED_EDGE('',*,*,#858,.T.);
#1195 = CYLINDRICAL_SURFACE('',#1196,1.5);
#1196 = AXIS2_PLACEMENT_3D('',#1197,#1198,#1199);
#1197 = CARTESIAN_POINT('',(410.,27.875644347018,21.5));
#1198 = DIRECTION('',(0.,0.,1.));
#1199 = DIRECTION('',(1.,0.,-0.));
#1200 = ADVANCED_FACE('',(#1201),#1220,.F.);
#1201 = FACE_BOUND('',#1202,.F.);
#1202 = EDGE_LOOP('',(#1203,#1211,#1218,#1219));
#1203 = ORIENTED_EDGE('',*,*,#1204,.T.);
#1204 = EDGE_CURVE('',#881,#1205,#1207,.T.);
#1205 = VERTEX_POINT('',#1206);
#1206 = CARTESIAN_POINT('',(432.5,40.,30.5));
#1207 = LINE('',#1208,#1209);
#1208 = CARTESIAN_POINT('',(432.5,40.,21.5));
#1209 = VECTOR('',#1210,1.);
#1210 = DIRECTION('',(0.,0.,1.));
#1211 = ORIENTED_EDGE('',*,*,#1212,.F.);
#1212 = EDGE_CURVE('',#1205,#1205,#1213,.T.);
#1213 = CIRCLE('',#1214,1.5);
#1214 = AXIS2_PLACEMENT_3D('',#1215,#1216,#1217);
#1215 = CARTESIAN_POINT('',(431.,40.,30.5));
#1216 = DIRECTION('',(0.,0.,1.));
#1217 = DIRECTION('',(1.,0.,-0.));
#1218 = ORIENTED_EDGE('',*,*,#1204,.F.);
#1219 = ORIENTED_EDGE('',*,*,#880,.T.);
#1220 = CYLINDRICAL_SURFACE('',#1221,1.5);
#1221 = AXIS2_PLACEMENT_3D('',#1222,#1223,#1224);
#1222 = CARTESIAN_POINT('',(431.,40.,21.5));
#1223 = DIRECTION('',(0.,0.,1.));
#1224 = DIRECTION('',(1.,0.,-0.));
#1225 = ADVANCED_FACE('',(#1226),#1245,.F.);
#1226 = FACE_BOUND('',#1227,.F.);
#1227 = EDGE_LOOP('',(#1228,#1236,#1243,#1244));
#1228 = ORIENTED_EDGE('',*,*,#1229,.T.);
#1229 = EDGE_CURVE('',#892,#1230,#1232,.T.);
#1230 = VERTEX_POINT('',#1231);
#1231 = CARTESIAN_POINT('',(411.5,52.124355652982,30.5));
#1232 = LINE('',#1233,#1234);
#1233 = CARTESIAN_POINT('',(411.5,52.124355652982,21.5));
#1234 = VECTOR('',#1235,1.);
#1235 = DIRECTION('',(0.,0.,1.));
#1236 = ORIENTED_EDGE('',*,*,#1237,.F.);
#1237 = EDGE_CURVE('',#1230,#1230,#1238,.T.);
#1238 = CIRCLE('',#1239,1.5);
#1239 = AXIS2_PLACEMENT_3D('',#1240,#1241,#1242);
#1240 = CARTESIAN_POINT('',(410.,52.124355652982,30.5));
#1241 = DIRECTION('',(0.,0.,1.));
#1242 = DIRECTION('',(1.,0.,-0.));
#1243 = ORIENTED_EDGE('',*,*,#1229,.F.);
#1244 = ORIENTED_EDGE('',*,*,#891,.T.);
#1245 = CYLINDRICAL_SURFACE('',#1246,1.5);
#1246 = AXIS2_PLACEMENT_3D('',#1247,#1248,#1249);
#1247 = CARTESIAN_POINT('',(410.,52.124355652982,21.5));
#1248 = DIRECTION('',(0.,0.,1.));
#1249 = DIRECTION('',(1.,0.,-0.));
#1250 = ADVANCED_FACE('',(#1251),#1270,.F.);
#1251 = FACE_BOUND('',#1252,.F.);
#1252 = EDGE_LOOP('',(#1253,#1261,#1268,#1269));
#1253 = ORIENTED_EDGE('',*,*,#1254,.T.);
#1254 = EDGE_CURVE('',#914,#1255,#1257,.T.);
#1255 = VERTEX_POINT('',#1256);
#1256 = CARTESIAN_POINT('',(27.5,307.87564434701,30.5));
#1257 = LINE('',#1258,#1259);
#1258 = CARTESIAN_POINT('',(27.5,307.87564434701,21.5));
#1259 = VECTOR('',#1260,1.);
#1260 = DIRECTION('',(0.,0.,1.));
#1261 = ORIENTED_EDGE('',*,*,#1262,.F.);
#1262 = EDGE_CURVE('',#1255,#1255,#1263,.T.);
#1263 = CIRCLE('',#1264,1.5);
#1264 = AXIS2_PLACEMENT_3D('',#1265,#1266,#1267);
#1265 = CARTESIAN_POINT('',(26.,307.87564434701,30.5));
#1266 = DIRECTION('',(0.,0.,1.));
#1267 = DIRECTION('',(1.,0.,-0.));
#1268 = ORIENTED_EDGE('',*,*,#1254,.F.);
#1269 = ORIENTED_EDGE('',*,*,#913,.T.);
#1270 = CYLINDRICAL_SURFACE('',#1271,1.5);
#1271 = AXIS2_PLACEMENT_3D('',#1272,#1273,#1274);
#1272 = CARTESIAN_POINT('',(26.,307.87564434701,21.5));
#1273 = DIRECTION('',(0.,0.,1.));
#1274 = DIRECTION('',(1.,0.,-0.));
#1275 = ADVANCED_FACE('',(#1276),#1295,.F.);
#1276 = FACE_BOUND('',#1277,.F.);
#1277 = EDGE_LOOP('',(#1278,#1286,#1293,#1294));
#1278 = ORIENTED_EDGE('',*,*,#1279,.T.);
#1279 = EDGE_CURVE('',#936,#1280,#1282,.T.);
#1280 = VERTEX_POINT('',#1281);
#1281 = CARTESIAN_POINT('',(48.5,320.,30.5));
#1282 = LINE('',#1283,#1284);
#1283 = CARTESIAN_POINT('',(48.5,320.,21.5));
#1284 = VECTOR('',#1285,1.);
#1285 = DIRECTION('',(0.,0.,1.));
#1286 = ORIENTED_EDGE('',*,*,#1287,.F.);
#1287 = EDGE_CURVE('',#1280,#1280,#1288,.T.);
#1288 = CIRCLE('',#1289,1.5);
#1289 = AXIS2_PLACEMENT_3D('',#1290,#1291,#1292);
#1290 = CARTESIAN_POINT('',(47.,320.,30.5));
#1291 = DIRECTION('',(0.,0.,1.));
#1292 = DIRECTION('',(1.,0.,-0.));
#1293 = ORIENTED_EDGE('',*,*,#1279,.F.);
#1294 = ORIENTED_EDGE('',*,*,#935,.T.);
#1295 = CYLINDRICAL_SURFACE('',#1296,1.5);
#1296 = AXIS2_PLACEMENT_3D('',#1297,#1298,#1299);
#1297 = CARTESIAN_POINT('',(47.,320.,21.5));
#1298 = DIRECTION('',(0.,0.,1.));
#1299 = DIRECTION('',(1.,0.,-0.));
#1300 = ADVANCED_FACE('',(#1301),#1320,.F.);
#1301 = FACE_BOUND('',#1302,.F.);
#1302 = EDGE_LOOP('',(#1303,#1311,#1318,#1319));
#1303 = ORIENTED_EDGE('',*,*,#1304,.T.);
#1304 = EDGE_CURVE('',#947,#1305,#1307,.T.);
#1305 = VERTEX_POINT('',#1306);
#1306 = CARTESIAN_POINT('',(27.5,332.12435565298,30.5));
#1307 = LINE('',#1308,#1309);
#1308 = CARTESIAN_POINT('',(27.5,332.12435565298,21.5));
#1309 = VECTOR('',#1310,1.);
#1310 = DIRECTION('',(0.,0.,1.));
#1311 = ORIENTED_EDGE('',*,*,#1312,.F.);
#1312 = EDGE_CURVE('',#1305,#1305,#1313,.T.);
#1313 = CIRCLE('',#1314,1.5);
#1314 = AXIS2_PLACEMENT_3D('',#1315,#1316,#1317);
#1315 = CARTESIAN_POINT('',(26.,332.12435565298,30.5));
#1316 = DIRECTION('',(0.,0.,1.));
#1317 = DIRECTION('',(1.,0.,-0.));
#1318 = ORIENTED_EDGE('',*,*,#1304,.F.);
#1319 = ORIENTED_EDGE('',*,*,#946,.T.);
#1320 = CYLINDRICAL_SURFACE('',#1321,1.5);
#1321 = AXIS2_PLACEMENT_3D('',#1322,#1323,#1324);
#1322 = CARTESIAN_POINT('',(26.,332.12435565298,21.5));
#1323 = DIRECTION('',(0.,0.,1.));
#1324 = DIRECTION('',(1.,0.,-0.));
#1325 = ADVANCED_FACE('',(#1326),#1345,.F.);
#1326 = FACE_BOUND('',#1327,.F.);
#1327 = EDGE_LOOP('',(#1328,#1336,#1343,#1344));
#1328 = ORIENTED_EDGE('',*,*,#1329,.T.);
#1329 = EDGE_CURVE('',#958,#1330,#1332,.T.);
#1330 = VERTEX_POINT('',#1331);
#1331 = CARTESIAN_POINT('',(411.5,307.87564434701,30.5));
#1332 = LINE('',#1333,#1334);
#1333 = CARTESIAN_POINT('',(411.5,307.87564434701,21.5));
#1334 = VECTOR('',#1335,1.);
#1335 = DIRECTION('',(0.,0.,1.));
#1336 = ORIENTED_EDGE('',*,*,#1337,.F.);
#1337 = EDGE_CURVE('',#1330,#1330,#1338,.T.);
#1338 = CIRCLE('',#1339,1.5);
#1339 = AXIS2_PLACEMENT_3D('',#1340,#1341,#1342);
#1340 = CARTESIAN_POINT('',(410.,307.87564434701,30.5));
#1341 = DIRECTION('',(0.,0.,1.));
#1342 = DIRECTION('',(1.,0.,-0.));
#1343 = ORIENTED_EDGE('',*,*,#1329,.F.);
#1344 = ORIENTED_EDGE('',*,*,#957,.T.);
#1345 = CYLINDRICAL_SURFACE('',#1346,1.5);
#1346 = AXIS2_PLACEMENT_3D('',#1347,#1348,#1349);
#1347 = CARTESIAN_POINT('',(410.,307.87564434701,21.5));
#1348 = DIRECTION('',(0.,0.,1.));
#1349 = DIRECTION('',(1.,0.,-0.));
#1350 = ADVANCED_FACE('',(#1351),#1370,.F.);
#1351 = FACE_BOUND('',#1352,.F.);
#1352 = EDGE_LOOP('',(#1353,#1361,#1368,#1369));
#1353 = ORIENTED_EDGE('',*,*,#1354,.T.);
#1354 = EDGE_CURVE('',#980,#1355,#1357,.T.);
#1355 = VERTEX_POINT('',#1356);
#1356 = CARTESIAN_POINT('',(432.5,320.,30.5));
#1357 = LINE('',#1358,#1359);
#1358 = CARTESIAN_POINT('',(432.5,320.,21.5));
#1359 = VECTOR('',#1360,1.);
#1360 = DIRECTION('',(0.,0.,1.));
#1361 = ORIENTED_EDGE('',*,*,#1362,.F.);
#1362 = EDGE_CURVE('',#1355,#1355,#1363,.T.);
#1363 = CIRCLE('',#1364,1.5);
#1364 = AXIS2_PLACEMENT_3D('',#1365,#1366,#1367);
#1365 = CARTESIAN_POINT('',(431.,320.,30.5));
#1366 = DIRECTION('',(0.,0.,1.));
#1367 = DIRECTION('',(1.,0.,-0.));
#1368 = ORIENTED_EDGE('',*,*,#1354,.F.);
#1369 = ORIENTED_EDGE('',*,*,#979,.T.);
#1370 = CYLINDRICAL_SURFACE('',#1371,1.5);
#1371 = AXIS2_PLACEMENT_3D('',#1372,#1373,#1374);
#1372 = CARTESIAN_POINT('',(431.,320.,21.5));
#1373 = DIRECTION('',(0.,0.,1.));
#1374 = DIRECTION('',(1.,0.,-0.));
#1375 = ADVANCED_FACE('',(#1376),#1395,.F.);
#1376 = FACE_BOUND('',#1377,.F.);
#1377 = EDGE_LOOP('',(#1378,#1386,#1393,#1394));
#1378 = ORIENTED_EDGE('',*,*,#1379,.T.);
#1379 = EDGE_CURVE('',#991,#1380,#1382,.T.);
#1380 = VERTEX_POINT('',#1381);
#1381 = CARTESIAN_POINT('',(411.5,332.12435565298,30.5));
#1382 = LINE('',#1383,#1384);
#1383 = CARTESIAN_POINT('',(411.5,332.12435565298,21.5));
#1384 = VECTOR('',#1385,1.);
#1385 = DIRECTION('',(0.,0.,1.));
#1386 = ORIENTED_EDGE('',*,*,#1387,.F.);
#1387 = EDGE_CURVE('',#1380,#1380,#1388,.T.);
#1388 = CIRCLE('',#1389,1.5);
#1389 = AXIS2_PLACEMENT_3D('',#1390,#1391,#1392);
#1390 = CARTESIAN_POINT('',(410.,332.12435565298,30.5));
#1391 = DIRECTION('',(0.,0.,1.));
#1392 = DIRECTION('',(1.,0.,-0.));
#1393 = ORIENTED_EDGE('',*,*,#1379,.F.);
#1394 = ORIENTED_EDGE('',*,*,#990,.T.);
#1395 = CYLINDRICAL_SURFACE('',#1396,1.5);
#1396 = AXIS2_PLACEMENT_3D('',#1397,#1398,#1399);
#1397 = CARTESIAN_POINT('',(410.,332.12435565298,21.5));
#1398 = DIRECTION('',(0.,0.,1.));
#1399 = DIRECTION('',(1.,0.,-0.));
#1400 = ADVANCED_FACE('',(#1401),#1404,.F.);
#1401 = FACE_BOUND('',#1402,.F.);
#1402 = EDGE_LOOP('',(#1403));
#1403 = ORIENTED_EDGE('',*,*,#1112,.T.);
#1404 = PLANE('',#1405);
#1405 = AXIS2_PLACEMENT_3D('',#1406,#1407,#1408);
#1406 = CARTESIAN_POINT('',(26.,27.875644347018,30.5));
#1407 = DIRECTION('',(0.,0.,1.));
#1408 = DIRECTION('',(1.,0.,-0.));
#1409 = ADVANCED_FACE('',(#1410),#1413,.F.);
#1410 = FACE_BOUND('',#1411,.F.);
#1411 = EDGE_LOOP('',(#1412));
#1412 = ORIENTED_EDGE('',*,*,#1137,.T.);
#1413 = PLANE('',#1414);
#1414 = AXIS2_PLACEMENT_3D('',#1415,#1416,#1417);
#1415 = CARTESIAN_POINT('',(47.,40.,30.5));
#1416 = DIRECTION('',(0.,0.,1.));
#1417 = DIRECTION('',(1.,0.,-0.));
#1418 = ADVANCED_FACE('',(#1419),#1422,.F.);
#1419 = FACE_BOUND('',#1420,.F.);
#1420 = EDGE_LOOP('',(#1421));
#1421 = ORIENTED_EDGE('',*,*,#1162,.T.);
#1422 = PLANE('',#1423);
#1423 = AXIS2_PLACEMENT_3D('',#1424,#1425,#1426);
#1424 = CARTESIAN_POINT('',(26.,52.124355652982,30.5));
#1425 = DIRECTION('',(0.,0.,1.));
#1426 = DIRECTION('',(1.,0.,-0.));
#1427 = ADVANCED_FACE('',(#1428),#1431,.F.);
#1428 = FACE_BOUND('',#1429,.F.);
#1429 = EDGE_LOOP('',(#1430));
#1430 = ORIENTED_EDGE('',*,*,#1187,.T.);
#1431 = PLANE('',#1432);
#1432 = AXIS2_PLACEMENT_3D('',#1433,#1434,#1435);
#1433 = CARTESIAN_POINT('',(410.,27.875644347018,30.5));
#1434 = DIRECTION('',(0.,0.,1.));
#1435 = DIRECTION('',(1.,0.,-0.));
#1436 = ADVANCED_FACE('',(#1437),#1440,.F.);
#1437 = FACE_BOUND('',#1438,.F.);
#1438 = EDGE_LOOP('',(#1439));
#1439 = ORIENTED_EDGE('',*,*,#1212,.T.);
#1440 = PLANE('',#1441);
#1441 = AXIS2_PLACEMENT_3D('',#1442,#1443,#1444);
#1442 = CARTESIAN_POINT('',(431.,40.,30.5));
#1443 = DIRECTION('',(0.,0.,1.));
#1444 = DIRECTION('',(1.,0.,-0.));
#1445 = ADVANCED_FACE('',(#1446),#1449,.F.);
#1446 = FACE_BOUND('',#1447,.F.);
#1447 = EDGE_LOOP('',(#1448));
#1448 = ORIENTED_EDGE('',*,*,#1237,.T.);
#1449 = PLANE('',#1450);
#1450 = AXIS2_PLACEMENT_3D('',#1451,#1452,#1453);
#1451 = CARTESIAN_POINT('',(410.,52.124355652982,30.5));
#1452 = DIRECTION('',(0.,0.,1.));
#1453 = DIRECTION('',(1.,0.,-0.));
#1454 = ADVANCED_FACE('',(#1455),#1458,.F.);
#1455 = FACE_BOUND('',#1456,.F.);
#1456 = EDGE_LOOP('',(#1457));
#1457 = ORIENTED_EDGE('',*,*,#1262,.T.);
#1458 = PLANE('',#1459);
#1459 = AXIS2_PLACEMENT_3D('',#1460,#1461,#1462);
#1460 = CARTESIAN_POINT('',(26.,307.87564434701,30.5));
#1461 = DIRECTION('',(0.,0.,1.));
#1462 = DIRECTION('',(1.,0.,-0.));
#1463 = ADVANCED_FACE('',(#1464),#1467,.F.);
#1464 = FACE_BOUND('',#1465,.F.);
#1465 = EDGE_LOOP('',(#1466));
#1466 = ORIENTED_EDGE('',*,*,#1287,.T.);
#1467 = PLANE('',#1468);
#1468 = AXIS2_PLACEMENT_3D('',#1469,#1470,#1471);
#1469 = CARTESIAN_POINT('',(47.,320.,30.5));
#1470 = DIRECTION('',(0.,0.,1.));
#1471 = DIRECTION('',(1.,0.,-0.));
#1472 = ADVANCED_FACE('',(#1473),#1476,.F.);
#1473 = FACE_BOUND('',#1474,.F.);
#1474 = EDGE_LOOP('',(#1475));
#1475 = ORIENTED_EDGE('',*,*,#1312,.T.);
#1476 = PLANE('',#1477);
#1477 = AXIS2_PLACEMENT_3D('',#1478,#1479,#1480);
#1478 = CARTESIAN_POINT('',(26.,332.12435565298,30.5));
#1479 = DIRECTION('',(0.,0.,1.));
#1480 = DIRECTION('',(1.,0.,-0.));
#1481 = ADVANCED_FACE('',(#1482),#1485,.F.);
#1482 = FACE_BOUND('',#1483,.F.);
#1483 = EDGE_LOOP('',(#1484));
#1484 = ORIENTED_EDGE('',*,*,#1337,.T.);
#1485 = PLANE('',#1486);
#1486 = AXIS2_PLACEMENT_3D('',#1487,#1488,#1489);
#1487 = CARTESIAN_POINT('',(410.,307.87564434701,30.5));
#1488 = DIRECTION('',(0.,0.,1.));
#1489 = DIRECTION('',(1.,0.,-0.));
#1490 = ADVANCED_FACE('',(#1491),#1494,.F.);
#1491 = FACE_BOUND('',#1492,.F.);
#1492 = EDGE_LOOP('',(#1493));
#1493 = ORIENTED_EDGE('',*,*,#1362,.T.);
#1494 = PLANE('',#1495);
#1495 = AXIS2_PLACEMENT_3D('',#1496,#1497,#1498);
#1496 = CARTESIAN_POINT('',(431.,320.,30.5));
#1497 = DIRECTION('',(0.,0.,1.));
#1498 = DIRECTION('',(1.,0.,-0.));
#1499 = ADVANCED_FACE('',(#1500),#1503,.F.);
#1500 = FACE_BOUND('',#1501,.F.);
#1501 = EDGE_LOOP('',(#1502));
#1502 = ORIENTED_EDGE('',*,*,#1387,.T.);
#1503 = PLANE('',#1504);
#1504 = AXIS2_PLACEMENT_3D('',#1505,#1506,#1507);
#1505 = CARTESIAN_POINT('',(410.,332.12435565298,30.5));
#1506 = DIRECTION('',(0.,0.,1.));
#1507 = DIRECTION('',(1.,0.,-0.));
#1508 = ( GEOMETRIC_REPRESENTATION_CONTEXT(3) 
GLOBAL_UNCERTAINTY_ASSIGNED_CONTEXT((#1512)) 
GLOBAL_UNIT_ASSIGNED_CONTEXT((#1509,#1510,#1511)) REPRESENTATION_CONTEXT
('Context #1','3D Context with UNIT and UNCERTAINTY') );
#1509 = ( LENGTH_UNIT() NAMED_UNIT(*) SI_UNIT(.MILLI.,.METRE.) );
#1510 = ( NAMED_UNIT(*) PLANE_ANGLE_UNIT() SI_UNIT($,.RADIAN.) );
#1511 = ( NAMED_UNIT(*) SI_UNIT($,.STERADIAN.) SOLID_ANGLE_UNIT() );
#1512 = UNCERTAINTY_MEASURE_WITH_UNIT(LENGTH_MEASURE(1.E-07),#1509,
  'distance_accuracy_value','confusion accuracy');
#1513 = CONTEXT_DEPENDENT_SHAPE_REPRESENTATION(#1514,#1516);
#1514 = ( REPRESENTATION_RELATIONSHIP('','',#622,#10) 
REPRESENTATION_RELATIONSHIP_WITH_TRANSFORMATION(#1515) 
SHAPE_REPRESENTATION_RELATIONSHIP() );
#1515 = ITEM_DEFINED_TRANSFORMATION('','',#11,#23);
#1516 = PRODUCT_DEFINITION_SHAPE('Placement','Placement of an item',
  #1517);
#1517 = NEXT_ASSEMBLY_USAGE_OCCURRENCE('3',
  '底板 · 低音向下开孔','',#5,#617,$);
#1518 = PRODUCT_RELATED_PRODUCT_CATEGORY('part',$,(#619));
#1519 = SHAPE_DEFINITION_REPRESENTATION(#1520,#1526);
#1520 = PRODUCT_DEFINITION_SHAPE('','',#1521);
#1521 = PRODUCT_DEFINITION('design','',#1522,#1525);
#1522 = PRODUCT_DEFINITION_FORMATION('','',#1523);
#1523 = PRODUCT('后板 · 倒相管、AC 与铰链盲预孔',
  '后板 · 倒相管、AC 与铰链盲预孔','',(#1524));
#1524 = PRODUCT_CONTEXT('',#2,'mechanical');
#1525 = PRODUCT_DEFINITION_CONTEXT('part definition',#2,'design');
#1526 = ADVANCED_BREP_SHAPE_REPRESENTATION('',(#11,#1527),#2295);
#1527 = MANIFOLD_SOLID_BREP('',#1528);
#1528 = CLOSED_SHELL('',(#1529,#1569,#1703,#1727,#1898,#1915,#1927,#1944
    ,#1966,#1983,#2000,#2017,#2034,#2051,#2068,#2080,#2097,#2122,#2147,
    #2172,#2197,#2222,#2247,#2259,#2268,#2277,#2286));
#1529 = ADVANCED_FACE('',(#1530),#1564,.F.);
#1530 = FACE_BOUND('',#1531,.F.);
#1531 = EDGE_LOOP('',(#1532,#1542,#1550,#1558));
#1532 = ORIENTED_EDGE('',*,*,#1533,.F.);
#1533 = EDGE_CURVE('',#1534,#1536,#1538,.T.);
#1534 = VERTEX_POINT('',#1535);
#1535 = CARTESIAN_POINT('',(12.,338.,34.5));
#1536 = VERTEX_POINT('',#1537);
#1537 = CARTESIAN_POINT('',(12.,338.,146.5));
#1538 = LINE('',#1539,#1540);
#1539 = CARTESIAN_POINT('',(12.,338.,34.5));
#1540 = VECTOR('',#1541,1.);
#1541 = DIRECTION('',(0.,0.,1.));
#1542 = ORIENTED_EDGE('',*,*,#1543,.T.);
#1543 = EDGE_CURVE('',#1534,#1544,#1546,.T.);
#1544 = VERTEX_POINT('',#1545);
#1545 = CARTESIAN_POINT('',(12.,350.,34.5));
#1546 = LINE('',#1547,#1548);
#1547 = CARTESIAN_POINT('',(12.,338.,34.5));
#1548 = VECTOR('',#1549,1.);
#1549 = DIRECTION('',(-0.,1.,0.));
#1550 = ORIENTED_EDGE('',*,*,#1551,.T.);
#1551 = EDGE_CURVE('',#1544,#1552,#1554,.T.);
#1552 = VERTEX_POINT('',#1553);
#1553 = CARTESIAN_POINT('',(12.,350.,146.5));
#1554 = LINE('',#1555,#1556);
#1555 = CARTESIAN_POINT('',(12.,350.,34.5));
#1556 = VECTOR('',#1557,1.);
#1557 = DIRECTION('',(0.,0.,1.));
#1558 = ORIENTED_EDGE('',*,*,#1559,.F.);
#1559 = EDGE_CURVE('',#1536,#1552,#1560,.T.);
#1560 = LINE('',#1561,#1562);
#1561 = CARTESIAN_POINT('',(12.,338.,146.5));
#1562 = VECTOR('',#1563,1.);
#1563 = DIRECTION('',(-0.,1.,0.));
#1564 = PLANE('',#1565);
#1565 = AXIS2_PLACEMENT_3D('',#1566,#1567,#1568);
#1566 = CARTESIAN_POINT('',(12.,338.,34.5));
#1567 = DIRECTION('',(1.,0.,-0.));
#1568 = DIRECTION('',(0.,0.,1.));
#1569 = ADVANCED_FACE('',(#1570,#1595,#1606,#1676,#1687),#1698,.F.);
#1570 = FACE_BOUND('',#1571,.F.);
#1571 = EDGE_LOOP('',(#1572,#1580,#1581,#1589));
#1572 = ORIENTED_EDGE('',*,*,#1573,.F.);
#1573 = EDGE_CURVE('',#1534,#1574,#1576,.T.);
#1574 = VERTEX_POINT('',#1575);
#1575 = CARTESIAN_POINT('',(438.,338.,34.5));
#1576 = LINE('',#1577,#1578);
#1577 = CARTESIAN_POINT('',(12.,338.,34.5));
#1578 = VECTOR('',#1579,1.);
#1579 = DIRECTION('',(1.,0.,-0.));
#1580 = ORIENTED_EDGE('',*,*,#1533,.T.);
#1581 = ORIENTED_EDGE('',*,*,#1582,.T.);
#1582 = EDGE_CURVE('',#1536,#1583,#1585,.T.);
#1583 = VERTEX_POINT('',#1584);
#1584 = CARTESIAN_POINT('',(438.,338.,146.5));
#1585 = LINE('',#1586,#1587);
#1586 = CARTESIAN_POINT('',(12.,338.,146.5));
#1587 = VECTOR('',#1588,1.);
#1588 = DIRECTION('',(1.,0.,-0.));
#1589 = ORIENTED_EDGE('',*,*,#1590,.F.);
#1590 = EDGE_CURVE('',#1574,#1583,#1591,.T.);
#1591 = LINE('',#1592,#1593);
#1592 = CARTESIAN_POINT('',(438.,338.,34.5));
#1593 = VECTOR('',#1594,1.);
#1594 = DIRECTION('',(0.,0.,1.));
#1595 = FACE_BOUND('',#1596,.F.);
#1596 = EDGE_LOOP('',(#1597));
#1597 = ORIENTED_EDGE('',*,*,#1598,.F.);
#1598 = EDGE_CURVE('',#1599,#1599,#1601,.T.);
#1599 = VERTEX_POINT('',#1600);
#1600 = CARTESIAN_POINT('',(70.,338.,70.75));
#1601 = CIRCLE('',#1602,2.25);
#1602 = AXIS2_PLACEMENT_3D('',#1603,#1604,#1605);
#1603 = CARTESIAN_POINT('',(70.,338.,68.5));
#1604 = DIRECTION('',(0.,1.,0.));
#1605 = DIRECTION('',(0.,-0.,1.));
#1606 = FACE_BOUND('',#1607,.F.);
#1607 = EDGE_LOOP('',(#1608,#1618,#1627,#1635,#1644,#1652,#1661,#1669));
#1608 = ORIENTED_EDGE('',*,*,#1609,.F.);
#1609 = EDGE_CURVE('',#1610,#1612,#1614,.T.);
#1610 = VERTEX_POINT('',#1611);
#1611 = CARTESIAN_POINT('',(49.,338.,102.5));
#1612 = VERTEX_POINT('',#1613);
#1613 = CARTESIAN_POINT('',(91.,338.,102.5));
#1614 = LINE('',#1615,#1616);
#1615 = CARTESIAN_POINT('',(49.,338.,102.5));
#1616 = VECTOR('',#1617,1.);
#1617 = DIRECTION('',(1.,0.,-0.));
#1618 = ORIENTED_EDGE('',*,*,#1619,.F.);
#1619 = EDGE_CURVE('',#1620,#1610,#1622,.T.);
#1620 = VERTEX_POINT('',#1621);
#1621 = CARTESIAN_POINT('',(46.,338.,99.5));
#1622 = CIRCLE('',#1623,3.);
#1623 = AXIS2_PLACEMENT_3D('',#1624,#1625,#1626);
#1624 = CARTESIAN_POINT('',(49.,338.,99.5));
#1625 = DIRECTION('',(0.,1.,0.));
#1626 = DIRECTION('',(0.,-0.,1.));
#1627 = ORIENTED_EDGE('',*,*,#1628,.F.);
#1628 = EDGE_CURVE('',#1629,#1620,#1631,.T.);
#1629 = VERTEX_POINT('',#1630);
#1630 = CARTESIAN_POINT('',(46.,338.,77.5));
#1631 = LINE('',#1632,#1633);
#1632 = CARTESIAN_POINT('',(46.,338.,77.5));
#1633 = VECTOR('',#1634,1.);
#1634 = DIRECTION('',(0.,0.,1.));
#1635 = ORIENTED_EDGE('',*,*,#1636,.F.);
#1636 = EDGE_CURVE('',#1637,#1629,#1639,.T.);
#1637 = VERTEX_POINT('',#1638);
#1638 = CARTESIAN_POINT('',(49.,338.,74.5));
#1639 = CIRCLE('',#1640,3.);
#1640 = AXIS2_PLACEMENT_3D('',#1641,#1642,#1643);
#1641 = CARTESIAN_POINT('',(49.,338.,77.5));
#1642 = DIRECTION('',(0.,1.,0.));
#1643 = DIRECTION('',(0.,-0.,1.));
#1644 = ORIENTED_EDGE('',*,*,#1645,.T.);
#1645 = EDGE_CURVE('',#1637,#1646,#1648,.T.);
#1646 = VERTEX_POINT('',#1647);
#1647 = CARTESIAN_POINT('',(91.,338.,74.5));
#1648 = LINE('',#1649,#1650);
#1649 = CARTESIAN_POINT('',(49.,338.,74.5));
#1650 = VECTOR('',#1651,1.);
#1651 = DIRECTION('',(1.,0.,-0.));
#1652 = ORIENTED_EDGE('',*,*,#1653,.F.);
#1653 = EDGE_CURVE('',#1654,#1646,#1656,.T.);
#1654 = VERTEX_POINT('',#1655);
#1655 = CARTESIAN_POINT('',(94.,338.,77.5));
#1656 = CIRCLE('',#1657,3.);
#1657 = AXIS2_PLACEMENT_3D('',#1658,#1659,#1660);
#1658 = CARTESIAN_POINT('',(91.,338.,77.5));
#1659 = DIRECTION('',(0.,1.,0.));
#1660 = DIRECTION('',(0.,-0.,1.));
#1661 = ORIENTED_EDGE('',*,*,#1662,.T.);
#1662 = EDGE_CURVE('',#1654,#1663,#1665,.T.);
#1663 = VERTEX_POINT('',#1664);
#1664 = CARTESIAN_POINT('',(94.,338.,99.5));
#1665 = LINE('',#1666,#1667);
#1666 = CARTESIAN_POINT('',(94.,338.,77.5));
#1667 = VECTOR('',#1668,1.);
#1668 = DIRECTION('',(0.,0.,1.));
#1669 = ORIENTED_EDGE('',*,*,#1670,.F.);
#1670 = EDGE_CURVE('',#1612,#1663,#1671,.T.);
#1671 = CIRCLE('',#1672,3.);
#1672 = AXIS2_PLACEMENT_3D('',#1673,#1674,#1675);
#1673 = CARTESIAN_POINT('',(91.,338.,99.5));
#1674 = DIRECTION('',(0.,1.,0.));
#1675 = DIRECTION('',(0.,-0.,1.));
#1676 = FACE_BOUND('',#1677,.F.);
#1677 = EDGE_LOOP('',(#1678));
#1678 = ORIENTED_EDGE('',*,*,#1679,.F.);
#1679 = EDGE_CURVE('',#1680,#1680,#1682,.T.);
#1680 = VERTEX_POINT('',#1681);
#1681 = CARTESIAN_POINT('',(70.,338.,110.75));
#1682 = CIRCLE('',#1683,2.25);
#1683 = AXIS2_PLACEMENT_3D('',#1684,#1685,#1686);
#1684 = CARTESIAN_POINT('',(70.,338.,108.5));
#1685 = DIRECTION('',(0.,1.,0.));
#1686 = DIRECTION('',(0.,-0.,1.));
#1687 = FACE_BOUND('',#1688,.F.);
#1688 = EDGE_LOOP('',(#1689));
#1689 = ORIENTED_EDGE('',*,*,#1690,.F.);
#1690 = EDGE_CURVE('',#1691,#1691,#1693,.T.);
#1691 = VERTEX_POINT('',#1692);
#1692 = CARTESIAN_POINT('',(288.,338.,120.5));
#1693 = CIRCLE('',#1694,18.);
#1694 = AXIS2_PLACEMENT_3D('',#1695,#1696,#1697);
#1695 = CARTESIAN_POINT('',(288.,338.,102.5));
#1696 = DIRECTION('',(0.,1.,0.));
#1697 = DIRECTION('',(0.,-0.,1.));
#1698 = PLANE('',#1699);
#1699 = AXIS2_PLACEMENT_3D('',#1700,#1701,#1702);
#1700 = CARTESIAN_POINT('',(12.,338.,34.5));
#1701 = DIRECTION('',(-0.,1.,0.));
#1702 = DIRECTION('',(0.,0.,1.));
#1703 = ADVANCED_FACE('',(#1704),#1722,.T.);
#1704 = FACE_BOUND('',#1705,.T.);
#1705 = EDGE_LOOP('',(#1706,#1707,#1708,#1716));
#1706 = ORIENTED_EDGE('',*,*,#1559,.F.);
#1707 = ORIENTED_EDGE('',*,*,#1582,.T.);
#1708 = ORIENTED_EDGE('',*,*,#1709,.T.);
#1709 = EDGE_CURVE('',#1583,#1710,#1712,.T.);
#1710 = VERTEX_POINT('',#1711);
#1711 = CARTESIAN_POINT('',(438.,350.,146.5));
#1712 = LINE('',#1713,#1714);
#1713 = CARTESIAN_POINT('',(438.,338.,146.5));
#1714 = VECTOR('',#1715,1.);
#1715 = DIRECTION('',(-0.,1.,0.));
#1716 = ORIENTED_EDGE('',*,*,#1717,.F.);
#1717 = EDGE_CURVE('',#1552,#1710,#1718,.T.);
#1718 = LINE('',#1719,#1720);
#1719 = CARTESIAN_POINT('',(12.,350.,146.5));
#1720 = VECTOR('',#1721,1.);
#1721 = DIRECTION('',(1.,0.,-0.));
#1722 = PLANE('',#1723);
#1723 = AXIS2_PLACEMENT_3D('',#1724,#1725,#1726);
#1724 = CARTESIAN_POINT('',(12.,338.,146.5));
#1725 = DIRECTION('',(0.,0.,1.));
#1726 = DIRECTION('',(1.,0.,-0.));
#1727 = ADVANCED_FACE('',(#1728,#1746,#1757,#1827,#1838,#1849,#1860,
    #1871,#1882),#1893,.T.);
#1728 = FACE_BOUND('',#1729,.T.);
#1729 = EDGE_LOOP('',(#1730,#1738,#1739,#1740));
#1730 = ORIENTED_EDGE('',*,*,#1731,.F.);
#1731 = EDGE_CURVE('',#1544,#1732,#1734,.T.);
#1732 = VERTEX_POINT('',#1733);
#1733 = CARTESIAN_POINT('',(438.,350.,34.5));
#1734 = LINE('',#1735,#1736);
#1735 = CARTESIAN_POINT('',(12.,350.,34.5));
#1736 = VECTOR('',#1737,1.);
#1737 = DIRECTION('',(1.,0.,-0.));
#1738 = ORIENTED_EDGE('',*,*,#1551,.T.);
#1739 = ORIENTED_EDGE('',*,*,#1717,.T.);
#1740 = ORIENTED_EDGE('',*,*,#1741,.F.);
#1741 = EDGE_CURVE('',#1732,#1710,#1742,.T.);
#1742 = LINE('',#1743,#1744);
#1743 = CARTESIAN_POINT('',(438.,350.,34.5));
#1744 = VECTOR('',#1745,1.);
#1745 = DIRECTION('',(0.,0.,1.));
#1746 = FACE_BOUND('',#1747,.T.);
#1747 = EDGE_LOOP('',(#1748));
#1748 = ORIENTED_EDGE('',*,*,#1749,.F.);
#1749 = EDGE_CURVE('',#1750,#1750,#1752,.T.);
#1750 = VERTEX_POINT('',#1751);
#1751 = CARTESIAN_POINT('',(70.,350.,70.75));
#1752 = CIRCLE('',#1753,2.25);
#1753 = AXIS2_PLACEMENT_3D('',#1754,#1755,#1756);
#1754 = CARTESIAN_POINT('',(70.,350.,68.5));
#1755 = DIRECTION('',(0.,1.,0.));
#1756 = DIRECTION('',(0.,-0.,1.));
#1757 = FACE_BOUND('',#1758,.T.);
#1758 = EDGE_LOOP('',(#1759,#1769,#1778,#1786,#1795,#1803,#1812,#1820));
#1759 = ORIENTED_EDGE('',*,*,#1760,.F.);
#1760 = EDGE_CURVE('',#1761,#1763,#1765,.T.);
#1761 = VERTEX_POINT('',#1762);
#1762 = CARTESIAN_POINT('',(49.,350.,102.5));
#1763 = VERTEX_POINT('',#1764);
#1764 = CARTESIAN_POINT('',(91.,350.,102.5));
#1765 = LINE('',#1766,#1767);
#1766 = CARTESIAN_POINT('',(49.,350.,102.5));
#1767 = VECTOR('',#1768,1.);
#1768 = DIRECTION('',(1.,0.,-0.));
#1769 = ORIENTED_EDGE('',*,*,#1770,.F.);
#1770 = EDGE_CURVE('',#1771,#1761,#1773,.T.);
#1771 = VERTEX_POINT('',#1772);
#1772 = CARTESIAN_POINT('',(46.,350.,99.5));
#1773 = CIRCLE('',#1774,3.);
#1774 = AXIS2_PLACEMENT_3D('',#1775,#1776,#1777);
#1775 = CARTESIAN_POINT('',(49.,350.,99.5));
#1776 = DIRECTION('',(0.,1.,0.));
#1777 = DIRECTION('',(0.,-0.,1.));
#1778 = ORIENTED_EDGE('',*,*,#1779,.F.);
#1779 = EDGE_CURVE('',#1780,#1771,#1782,.T.);
#1780 = VERTEX_POINT('',#1781);
#1781 = CARTESIAN_POINT('',(46.,350.,77.5));
#1782 = LINE('',#1783,#1784);
#1783 = CARTESIAN_POINT('',(46.,350.,77.5));
#1784 = VECTOR('',#1785,1.);
#1785 = DIRECTION('',(0.,0.,1.));
#1786 = ORIENTED_EDGE('',*,*,#1787,.F.);
#1787 = EDGE_CURVE('',#1788,#1780,#1790,.T.);
#1788 = VERTEX_POINT('',#1789);
#1789 = CARTESIAN_POINT('',(49.,350.,74.5));
#1790 = CIRCLE('',#1791,3.);
#1791 = AXIS2_PLACEMENT_3D('',#1792,#1793,#1794);
#1792 = CARTESIAN_POINT('',(49.,350.,77.5));
#1793 = DIRECTION('',(0.,1.,0.));
#1794 = DIRECTION('',(0.,-0.,1.));
#1795 = ORIENTED_EDGE('',*,*,#1796,.T.);
#1796 = EDGE_CURVE('',#1788,#1797,#1799,.T.);
#1797 = VERTEX_POINT('',#1798);
#1798 = CARTESIAN_POINT('',(91.,350.,74.5));
#1799 = LINE('',#1800,#1801);
#1800 = CARTESIAN_POINT('',(49.,350.,74.5));
#1801 = VECTOR('',#1802,1.);
#1802 = DIRECTION('',(1.,0.,-0.));
#1803 = ORIENTED_EDGE('',*,*,#1804,.F.);
#1804 = EDGE_CURVE('',#1805,#1797,#1807,.T.);
#1805 = VERTEX_POINT('',#1806);
#1806 = CARTESIAN_POINT('',(94.,350.,77.5));
#1807 = CIRCLE('',#1808,3.);
#1808 = AXIS2_PLACEMENT_3D('',#1809,#1810,#1811);
#1809 = CARTESIAN_POINT('',(91.,350.,77.5));
#1810 = DIRECTION('',(0.,1.,0.));
#1811 = DIRECTION('',(0.,-0.,1.));
#1812 = ORIENTED_EDGE('',*,*,#1813,.T.);
#1813 = EDGE_CURVE('',#1805,#1814,#1816,.T.);
#1814 = VERTEX_POINT('',#1815);
#1815 = CARTESIAN_POINT('',(94.,350.,99.5));
#1816 = LINE('',#1817,#1818);
#1817 = CARTESIAN_POINT('',(94.,350.,77.5));
#1818 = VECTOR('',#1819,1.);
#1819 = DIRECTION('',(0.,0.,1.));
#1820 = ORIENTED_EDGE('',*,*,#1821,.F.);
#1821 = EDGE_CURVE('',#1763,#1814,#1822,.T.);
#1822 = CIRCLE('',#1823,3.);
#1823 = AXIS2_PLACEMENT_3D('',#1824,#1825,#1826);
#1824 = CARTESIAN_POINT('',(91.,350.,99.5));
#1825 = DIRECTION('',(0.,1.,0.));
#1826 = DIRECTION('',(0.,-0.,1.));
#1827 = FACE_BOUND('',#1828,.T.);
#1828 = EDGE_LOOP('',(#1829));
#1829 = ORIENTED_EDGE('',*,*,#1830,.F.);
#1830 = EDGE_CURVE('',#1831,#1831,#1833,.T.);
#1831 = VERTEX_POINT('',#1832);
#1832 = CARTESIAN_POINT('',(70.,350.,110.75));
#1833 = CIRCLE('',#1834,2.25);
#1834 = AXIS2_PLACEMENT_3D('',#1835,#1836,#1837);
#1835 = CARTESIAN_POINT('',(70.,350.,108.5));
#1836 = DIRECTION('',(0.,1.,0.));
#1837 = DIRECTION('',(0.,-0.,1.));
#1838 = FACE_BOUND('',#1839,.T.);
#1839 = EDGE_LOOP('',(#1840));
#1840 = ORIENTED_EDGE('',*,*,#1841,.F.);
#1841 = EDGE_CURVE('',#1842,#1842,#1844,.T.);
#1842 = VERTEX_POINT('',#1843);
#1843 = CARTESIAN_POINT('',(83.,350.,131.5));
#1844 = CIRCLE('',#1845,1.5);
#1845 = AXIS2_PLACEMENT_3D('',#1846,#1847,#1848);
#1846 = CARTESIAN_POINT('',(83.,350.,130.));
#1847 = DIRECTION('',(0.,1.,0.));
#1848 = DIRECTION('',(0.,-0.,1.));
#1849 = FACE_BOUND('',#1850,.T.);
#1850 = EDGE_LOOP('',(#1851));
#1851 = ORIENTED_EDGE('',*,*,#1852,.F.);
#1852 = EDGE_CURVE('',#1853,#1853,#1855,.T.);
#1853 = VERTEX_POINT('',#1854);
#1854 = CARTESIAN_POINT('',(117.,350.,131.5));
#1855 = CIRCLE('',#1856,1.5);
#1856 = AXIS2_PLACEMENT_3D('',#1857,#1858,#1859);
#1857 = CARTESIAN_POINT('',(117.,350.,130.));
#1858 = DIRECTION('',(0.,1.,0.));
#1859 = DIRECTION('',(0.,-0.,1.));
#1860 = FACE_BOUND('',#1861,.T.);
#1861 = EDGE_LOOP('',(#1862));
#1862 = ORIENTED_EDGE('',*,*,#1863,.F.);
#1863 = EDGE_CURVE('',#1864,#1864,#1866,.T.);
#1864 = VERTEX_POINT('',#1865);
#1865 = CARTESIAN_POINT('',(288.,350.,126.5));
#1866 = CIRCLE('',#1867,24.);
#1867 = AXIS2_PLACEMENT_3D('',#1868,#1869,#1870);
#1868 = CARTESIAN_POINT('',(288.,350.,102.5));
#1869 = DIRECTION('',(0.,1.,0.));
#1870 = DIRECTION('',(0.,-0.,1.));
#1871 = FACE_BOUND('',#1872,.T.);
#1872 = EDGE_LOOP('',(#1873));
#1873 = ORIENTED_EDGE('',*,*,#1874,.F.);
#1874 = EDGE_CURVE('',#1875,#1875,#1877,.T.);
#1875 = VERTEX_POINT('',#1876);
#1876 = CARTESIAN_POINT('',(333.,350.,131.5));
#1877 = CIRCLE('',#1878,1.5);
#1878 = AXIS2_PLACEMENT_3D('',#1879,#1880,#1881);
#1879 = CARTESIAN_POINT('',(333.,350.,130.));
#1880 = DIRECTION('',(0.,1.,0.));
#1881 = DIRECTION('',(0.,-0.,1.));
#1882 = FACE_BOUND('',#1883,.T.);
#1883 = EDGE_LOOP('',(#1884));
#1884 = ORIENTED_EDGE('',*,*,#1885,.F.);
#1885 = EDGE_CURVE('',#1886,#1886,#1888,.T.);
#1886 = VERTEX_POINT('',#1887);
#1887 = CARTESIAN_POINT('',(367.,350.,131.5));
#1888 = CIRCLE('',#1889,1.5);
#1889 = AXIS2_PLACEMENT_3D('',#1890,#1891,#1892);
#1890 = CARTESIAN_POINT('',(367.,350.,130.));
#1891 = DIRECTION('',(0.,1.,0.));
#1892 = DIRECTION('',(0.,-0.,1.));
#1893 = PLANE('',#1894);
#1894 = AXIS2_PLACEMENT_3D('',#1895,#1896,#1897);
#1895 = CARTESIAN_POINT('',(12.,350.,34.5));
#1896 = DIRECTION('',(-0.,1.,0.));
#1897 = DIRECTION('',(0.,0.,1.));
#1898 = ADVANCED_FACE('',(#1899),#1910,.F.);
#1899 = FACE_BOUND('',#1900,.F.);
#1900 = EDGE_LOOP('',(#1901,#1902,#1903,#1909));
#1901 = ORIENTED_EDGE('',*,*,#1543,.F.);
#1902 = ORIENTED_EDGE('',*,*,#1573,.T.);
#1903 = ORIENTED_EDGE('',*,*,#1904,.T.);
#1904 = EDGE_CURVE('',#1574,#1732,#1905,.T.);
#1905 = LINE('',#1906,#1907);
#1906 = CARTESIAN_POINT('',(438.,338.,34.5));
#1907 = VECTOR('',#1908,1.);
#1908 = DIRECTION('',(-0.,1.,0.));
#1909 = ORIENTED_EDGE('',*,*,#1731,.F.);
#1910 = PLANE('',#1911);
#1911 = AXIS2_PLACEMENT_3D('',#1912,#1913,#1914);
#1912 = CARTESIAN_POINT('',(12.,338.,34.5));
#1913 = DIRECTION('',(0.,0.,1.));
#1914 = DIRECTION('',(1.,0.,-0.));
#1915 = ADVANCED_FACE('',(#1916),#1922,.T.);
#1916 = FACE_BOUND('',#1917,.T.);
#1917 = EDGE_LOOP('',(#1918,#1919,#1920,#1921));
#1918 = ORIENTED_EDGE('',*,*,#1590,.F.);
#1919 = ORIENTED_EDGE('',*,*,#1904,.T.);
#1920 = ORIENTED_EDGE('',*,*,#1741,.T.);
#1921 = ORIENTED_EDGE('',*,*,#1709,.F.);
#1922 = PLANE('',#1923);
#1923 = AXIS2_PLACEMENT_3D('',#1924,#1925,#1926);
#1924 = CARTESIAN_POINT('',(438.,338.,34.5));
#1925 = DIRECTION('',(1.,0.,-0.));
#1926 = DIRECTION('',(0.,0.,1.));
#1927 = ADVANCED_FACE('',(#1928),#1939,.F.);
#1928 = FACE_BOUND('',#1929,.F.);
#1929 = EDGE_LOOP('',(#1930,#1931,#1937,#1938));
#1930 = ORIENTED_EDGE('',*,*,#1749,.F.);
#1931 = ORIENTED_EDGE('',*,*,#1932,.F.);
#1932 = EDGE_CURVE('',#1599,#1750,#1933,.T.);
#1933 = LINE('',#1934,#1935);
#1934 = CARTESIAN_POINT('',(70.,338.,70.75));
#1935 = VECTOR('',#1936,1.);
#1936 = DIRECTION('',(0.,1.,0.));
#1937 = ORIENTED_EDGE('',*,*,#1598,.T.);
#1938 = ORIENTED_EDGE('',*,*,#1932,.T.);
#1939 = CYLINDRICAL_SURFACE('',#1940,2.25);
#1940 = AXIS2_PLACEMENT_3D('',#1941,#1942,#1943);
#1941 = CARTESIAN_POINT('',(70.,338.,68.5));
#1942 = DIRECTION('',(0.,1.,0.));
#1943 = DIRECTION('',(0.,-0.,1.));
#1944 = ADVANCED_FACE('',(#1945),#1961,.F.);
#1945 = FACE_BOUND('',#1946,.F.);
#1946 = EDGE_LOOP('',(#1947,#1953,#1954,#1960));
#1947 = ORIENTED_EDGE('',*,*,#1948,.F.);
#1948 = EDGE_CURVE('',#1610,#1761,#1949,.T.);
#1949 = LINE('',#1950,#1951);
#1950 = CARTESIAN_POINT('',(49.,338.,102.5));
#1951 = VECTOR('',#1952,1.);
#1952 = DIRECTION('',(-0.,1.,0.));
#1953 = ORIENTED_EDGE('',*,*,#1609,.T.);
#1954 = ORIENTED_EDGE('',*,*,#1955,.T.);
#1955 = EDGE_CURVE('',#1612,#1763,#1956,.T.);
#1956 = LINE('',#1957,#1958);
#1957 = CARTESIAN_POINT('',(91.,338.,102.5));
#1958 = VECTOR('',#1959,1.);
#1959 = DIRECTION('',(-0.,1.,0.));
#1960 = ORIENTED_EDGE('',*,*,#1760,.F.);
#1961 = PLANE('',#1962);
#1962 = AXIS2_PLACEMENT_3D('',#1963,#1964,#1965);
#1963 = CARTESIAN_POINT('',(49.,338.,102.5));
#1964 = DIRECTION('',(0.,0.,1.));
#1965 = DIRECTION('',(1.,0.,-0.));
#1966 = ADVANCED_FACE('',(#1967),#1978,.F.);
#1967 = FACE_BOUND('',#1968,.F.);
#1968 = EDGE_LOOP('',(#1969,#1970,#1976,#1977));
#1969 = ORIENTED_EDGE('',*,*,#1770,.F.);
#1970 = ORIENTED_EDGE('',*,*,#1971,.F.);
#1971 = EDGE_CURVE('',#1620,#1771,#1972,.T.);
#1972 = LINE('',#1973,#1974);
#1973 = CARTESIAN_POINT('',(46.,338.,99.5));
#1974 = VECTOR('',#1975,1.);
#1975 = DIRECTION('',(-0.,1.,0.));
#1976 = ORIENTED_EDGE('',*,*,#1619,.T.);
#1977 = ORIENTED_EDGE('',*,*,#1948,.T.);
#1978 = CYLINDRICAL_SURFACE('',#1979,3.);
#1979 = AXIS2_PLACEMENT_3D('',#1980,#1981,#1982);
#1980 = CARTESIAN_POINT('',(49.,338.,99.5));
#1981 = DIRECTION('',(0.,1.,0.));
#1982 = DIRECTION('',(0.,-0.,1.));
#1983 = ADVANCED_FACE('',(#1984),#1995,.F.);
#1984 = FACE_BOUND('',#1985,.F.);
#1985 = EDGE_LOOP('',(#1986,#1987,#1988,#1989));
#1986 = ORIENTED_EDGE('',*,*,#1821,.F.);
#1987 = ORIENTED_EDGE('',*,*,#1955,.F.);
#1988 = ORIENTED_EDGE('',*,*,#1670,.T.);
#1989 = ORIENTED_EDGE('',*,*,#1990,.T.);
#1990 = EDGE_CURVE('',#1663,#1814,#1991,.T.);
#1991 = LINE('',#1992,#1993);
#1992 = CARTESIAN_POINT('',(94.,338.,99.5));
#1993 = VECTOR('',#1994,1.);
#1994 = DIRECTION('',(-0.,1.,0.));
#1995 = CYLINDRICAL_SURFACE('',#1996,3.);
#1996 = AXIS2_PLACEMENT_3D('',#1997,#1998,#1999);
#1997 = CARTESIAN_POINT('',(91.,338.,99.5));
#1998 = DIRECTION('',(0.,1.,0.));
#1999 = DIRECTION('',(0.,-0.,1.));
#2000 = ADVANCED_FACE('',(#2001),#2012,.T.);
#2001 = FACE_BOUND('',#2002,.T.);
#2002 = EDGE_LOOP('',(#2003,#2004,#2010,#2011));
#2003 = ORIENTED_EDGE('',*,*,#1628,.F.);
#2004 = ORIENTED_EDGE('',*,*,#2005,.T.);
#2005 = EDGE_CURVE('',#1629,#1780,#2006,.T.);
#2006 = LINE('',#2007,#2008);
#2007 = CARTESIAN_POINT('',(46.,338.,77.5));
#2008 = VECTOR('',#2009,1.);
#2009 = DIRECTION('',(-0.,1.,0.));
#2010 = ORIENTED_EDGE('',*,*,#1779,.T.);
#2011 = ORIENTED_EDGE('',*,*,#1971,.F.);
#2012 = PLANE('',#2013);
#2013 = AXIS2_PLACEMENT_3D('',#2014,#2015,#2016);
#2014 = CARTESIAN_POINT('',(46.,338.,77.5));
#2015 = DIRECTION('',(1.,0.,-0.));
#2016 = DIRECTION('',(0.,0.,1.));
#2017 = ADVANCED_FACE('',(#2018),#2029,.F.);
#2018 = FACE_BOUND('',#2019,.F.);
#2019 = EDGE_LOOP('',(#2020,#2021,#2027,#2028));
#2020 = ORIENTED_EDGE('',*,*,#1662,.F.);
#2021 = ORIENTED_EDGE('',*,*,#2022,.T.);
#2022 = EDGE_CURVE('',#1654,#1805,#2023,.T.);
#2023 = LINE('',#2024,#2025);
#2024 = CARTESIAN_POINT('',(94.,338.,77.5));
#2025 = VECTOR('',#2026,1.);
#2026 = DIRECTION('',(-0.,1.,0.));
#2027 = ORIENTED_EDGE('',*,*,#1813,.T.);
#2028 = ORIENTED_EDGE('',*,*,#1990,.F.);
#2029 = PLANE('',#2030);
#2030 = AXIS2_PLACEMENT_3D('',#2031,#2032,#2033);
#2031 = CARTESIAN_POINT('',(94.,338.,77.5));
#2032 = DIRECTION('',(1.,0.,-0.));
#2033 = DIRECTION('',(0.,0.,1.));
#2034 = ADVANCED_FACE('',(#2035),#2046,.F.);
#2035 = FACE_BOUND('',#2036,.F.);
#2036 = EDGE_LOOP('',(#2037,#2038,#2044,#2045));
#2037 = ORIENTED_EDGE('',*,*,#1787,.F.);
#2038 = ORIENTED_EDGE('',*,*,#2039,.F.);
#2039 = EDGE_CURVE('',#1637,#1788,#2040,.T.);
#2040 = LINE('',#2041,#2042);
#2041 = CARTESIAN_POINT('',(49.,338.,74.5));
#2042 = VECTOR('',#2043,1.);
#2043 = DIRECTION('',(-0.,1.,0.));
#2044 = ORIENTED_EDGE('',*,*,#1636,.T.);
#2045 = ORIENTED_EDGE('',*,*,#2005,.T.);
#2046 = CYLINDRICAL_SURFACE('',#2047,3.);
#2047 = AXIS2_PLACEMENT_3D('',#2048,#2049,#2050);
#2048 = CARTESIAN_POINT('',(49.,338.,77.5));
#2049 = DIRECTION('',(0.,1.,0.));
#2050 = DIRECTION('',(0.,-0.,1.));
#2051 = ADVANCED_FACE('',(#2052),#2063,.F.);
#2052 = FACE_BOUND('',#2053,.F.);
#2053 = EDGE_LOOP('',(#2054,#2055,#2056,#2057));
#2054 = ORIENTED_EDGE('',*,*,#1804,.F.);
#2055 = ORIENTED_EDGE('',*,*,#2022,.F.);
#2056 = ORIENTED_EDGE('',*,*,#1653,.T.);
#2057 = ORIENTED_EDGE('',*,*,#2058,.T.);
#2058 = EDGE_CURVE('',#1646,#1797,#2059,.T.);
#2059 = LINE('',#2060,#2061);
#2060 = CARTESIAN_POINT('',(91.,338.,74.5));
#2061 = VECTOR('',#2062,1.);
#2062 = DIRECTION('',(-0.,1.,0.));
#2063 = CYLINDRICAL_SURFACE('',#2064,3.);
#2064 = AXIS2_PLACEMENT_3D('',#2065,#2066,#2067);
#2065 = CARTESIAN_POINT('',(91.,338.,77.5));
#2066 = DIRECTION('',(0.,1.,0.));
#2067 = DIRECTION('',(0.,-0.,1.));
#2068 = ADVANCED_FACE('',(#2069),#2075,.T.);
#2069 = FACE_BOUND('',#2070,.T.);
#2070 = EDGE_LOOP('',(#2071,#2072,#2073,#2074));
#2071 = ORIENTED_EDGE('',*,*,#2039,.F.);
#2072 = ORIENTED_EDGE('',*,*,#1645,.T.);
#2073 = ORIENTED_EDGE('',*,*,#2058,.T.);
#2074 = ORIENTED_EDGE('',*,*,#1796,.F.);
#2075 = PLANE('',#2076);
#2076 = AXIS2_PLACEMENT_3D('',#2077,#2078,#2079);
#2077 = CARTESIAN_POINT('',(49.,338.,74.5));
#2078 = DIRECTION('',(0.,0.,1.));
#2079 = DIRECTION('',(1.,0.,-0.));
#2080 = ADVANCED_FACE('',(#2081),#2092,.F.);
#2081 = FACE_BOUND('',#2082,.F.);
#2082 = EDGE_LOOP('',(#2083,#2084,#2090,#2091));
#2083 = ORIENTED_EDGE('',*,*,#1830,.F.);
#2084 = ORIENTED_EDGE('',*,*,#2085,.F.);
#2085 = EDGE_CURVE('',#1680,#1831,#2086,.T.);
#2086 = LINE('',#2087,#2088);
#2087 = CARTESIAN_POINT('',(70.,338.,110.75));
#2088 = VECTOR('',#2089,1.);
#2089 = DIRECTION('',(0.,1.,0.));
#2090 = ORIENTED_EDGE('',*,*,#1679,.T.);
#2091 = ORIENTED_EDGE('',*,*,#2085,.T.);
#2092 = CYLINDRICAL_SURFACE('',#2093,2.25);
#2093 = AXIS2_PLACEMENT_3D('',#2094,#2095,#2096);
#2094 = CARTESIAN_POINT('',(70.,338.,108.5));
#2095 = DIRECTION('',(0.,1.,0.));
#2096 = DIRECTION('',(0.,-0.,1.));
#2097 = ADVANCED_FACE('',(#2098),#2117,.F.);
#2098 = FACE_BOUND('',#2099,.F.);
#2099 = EDGE_LOOP('',(#2100,#2109,#2115,#2116));
#2100 = ORIENTED_EDGE('',*,*,#2101,.F.);
#2101 = EDGE_CURVE('',#2102,#2102,#2104,.T.);
#2102 = VERTEX_POINT('',#2103);
#2103 = CARTESIAN_POINT('',(288.,347.,120.5));
#2104 = CIRCLE('',#2105,18.);
#2105 = AXIS2_PLACEMENT_3D('',#2106,#2107,#2108);
#2106 = CARTESIAN_POINT('',(288.,347.,102.5));
#2107 = DIRECTION('',(0.,1.,0.));
#2108 = DIRECTION('',(0.,-0.,1.));
#2109 = ORIENTED_EDGE('',*,*,#2110,.F.);
#2110 = EDGE_CURVE('',#1691,#2102,#2111,.T.);
#2111 = LINE('',#2112,#2113);
#2112 = CARTESIAN_POINT('',(288.,337.,120.5));
#2113 = VECTOR('',#2114,1.);
#2114 = DIRECTION('',(0.,1.,0.));
#2115 = ORIENTED_EDGE('',*,*,#1690,.T.);
#2116 = ORIENTED_EDGE('',*,*,#2110,.T.);
#2117 = CYLINDRICAL_SURFACE('',#2118,18.);
#2118 = AXIS2_PLACEMENT_3D('',#2119,#2120,#2121);
#2119 = CARTESIAN_POINT('',(288.,337.,102.5));
#2120 = DIRECTION('',(0.,1.,0.));
#2121 = DIRECTION('',(0.,-0.,1.));
#2122 = ADVANCED_FACE('',(#2123),#2142,.F.);
#2123 = FACE_BOUND('',#2124,.F.);
#2124 = EDGE_LOOP('',(#2125,#2126,#2134,#2141));
#2125 = ORIENTED_EDGE('',*,*,#1841,.F.);
#2126 = ORIENTED_EDGE('',*,*,#2127,.F.);
#2127 = EDGE_CURVE('',#2128,#1842,#2130,.T.);
#2128 = VERTEX_POINT('',#2129);
#2129 = CARTESIAN_POINT('',(83.,342.,131.5));
#2130 = LINE('',#2131,#2132);
#2131 = CARTESIAN_POINT('',(83.,342.,131.5));
#2132 = VECTOR('',#2133,1.);
#2133 = DIRECTION('',(0.,1.,0.));
#2134 = ORIENTED_EDGE('',*,*,#2135,.T.);
#2135 = EDGE_CURVE('',#2128,#2128,#2136,.T.);
#2136 = CIRCLE('',#2137,1.5);
#2137 = AXIS2_PLACEMENT_3D('',#2138,#2139,#2140);
#2138 = CARTESIAN_POINT('',(83.,342.,130.));
#2139 = DIRECTION('',(0.,1.,0.));
#2140 = DIRECTION('',(0.,-0.,1.));
#2141 = ORIENTED_EDGE('',*,*,#2127,.T.);
#2142 = CYLINDRICAL_SURFACE('',#2143,1.5);
#2143 = AXIS2_PLACEMENT_3D('',#2144,#2145,#2146);
#2144 = CARTESIAN_POINT('',(83.,342.,130.));
#2145 = DIRECTION('',(0.,1.,0.));
#2146 = DIRECTION('',(0.,-0.,1.));
#2147 = ADVANCED_FACE('',(#2148),#2167,.F.);
#2148 = FACE_BOUND('',#2149,.F.);
#2149 = EDGE_LOOP('',(#2150,#2151,#2159,#2166));
#2150 = ORIENTED_EDGE('',*,*,#1852,.F.);
#2151 = ORIENTED_EDGE('',*,*,#2152,.F.);
#2152 = EDGE_CURVE('',#2153,#1853,#2155,.T.);
#2153 = VERTEX_POINT('',#2154);
#2154 = CARTESIAN_POINT('',(117.,342.,131.5));
#2155 = LINE('',#2156,#2157);
#2156 = CARTESIAN_POINT('',(117.,342.,131.5));
#2157 = VECTOR('',#2158,1.);
#2158 = DIRECTION('',(0.,1.,0.));
#2159 = ORIENTED_EDGE('',*,*,#2160,.T.);
#2160 = EDGE_CURVE('',#2153,#2153,#2161,.T.);
#2161 = CIRCLE('',#2162,1.5);
#2162 = AXIS2_PLACEMENT_3D('',#2163,#2164,#2165);
#2163 = CARTESIAN_POINT('',(117.,342.,130.));
#2164 = DIRECTION('',(0.,1.,0.));
#2165 = DIRECTION('',(0.,-0.,1.));
#2166 = ORIENTED_EDGE('',*,*,#2152,.T.);
#2167 = CYLINDRICAL_SURFACE('',#2168,1.5);
#2168 = AXIS2_PLACEMENT_3D('',#2169,#2170,#2171);
#2169 = CARTESIAN_POINT('',(117.,342.,130.));
#2170 = DIRECTION('',(0.,1.,0.));
#2171 = DIRECTION('',(0.,-0.,1.));
#2172 = ADVANCED_FACE('',(#2173),#2192,.F.);
#2173 = FACE_BOUND('',#2174,.F.);
#2174 = EDGE_LOOP('',(#2175,#2176,#2184,#2191));
#2175 = ORIENTED_EDGE('',*,*,#1863,.F.);
#2176 = ORIENTED_EDGE('',*,*,#2177,.F.);
#2177 = EDGE_CURVE('',#2178,#1864,#2180,.T.);
#2178 = VERTEX_POINT('',#2179);
#2179 = CARTESIAN_POINT('',(288.,347.,126.5));
#2180 = LINE('',#2181,#2182);
#2181 = CARTESIAN_POINT('',(288.,347.,126.5));
#2182 = VECTOR('',#2183,1.);
#2183 = DIRECTION('',(0.,1.,0.));
#2184 = ORIENTED_EDGE('',*,*,#2185,.T.);
#2185 = EDGE_CURVE('',#2178,#2178,#2186,.T.);
#2186 = CIRCLE('',#2187,24.);
#2187 = AXIS2_PLACEMENT_3D('',#2188,#2189,#2190);
#2188 = CARTESIAN_POINT('',(288.,347.,102.5));
#2189 = DIRECTION('',(0.,1.,0.));
#2190 = DIRECTION('',(0.,-0.,1.));
#2191 = ORIENTED_EDGE('',*,*,#2177,.T.);
#2192 = CYLINDRICAL_SURFACE('',#2193,24.);
#2193 = AXIS2_PLACEMENT_3D('',#2194,#2195,#2196);
#2194 = CARTESIAN_POINT('',(288.,347.,102.5));
#2195 = DIRECTION('',(0.,1.,0.));
#2196 = DIRECTION('',(0.,-0.,1.));
#2197 = ADVANCED_FACE('',(#2198),#2217,.F.);
#2198 = FACE_BOUND('',#2199,.F.);
#2199 = EDGE_LOOP('',(#2200,#2201,#2209,#2216));
#2200 = ORIENTED_EDGE('',*,*,#1874,.F.);
#2201 = ORIENTED_EDGE('',*,*,#2202,.F.);
#2202 = EDGE_CURVE('',#2203,#1875,#2205,.T.);
#2203 = VERTEX_POINT('',#2204);
#2204 = CARTESIAN_POINT('',(333.,342.,131.5));
#2205 = LINE('',#2206,#2207);
#2206 = CARTESIAN_POINT('',(333.,342.,131.5));
#2207 = VECTOR('',#2208,1.);
#2208 = DIRECTION('',(0.,1.,0.));
#2209 = ORIENTED_EDGE('',*,*,#2210,.T.);
#2210 = EDGE_CURVE('',#2203,#2203,#2211,.T.);
#2211 = CIRCLE('',#2212,1.5);
#2212 = AXIS2_PLACEMENT_3D('',#2213,#2214,#2215);
#2213 = CARTESIAN_POINT('',(333.,342.,130.));
#2214 = DIRECTION('',(0.,1.,0.));
#2215 = DIRECTION('',(0.,-0.,1.));
#2216 = ORIENTED_EDGE('',*,*,#2202,.T.);
#2217 = CYLINDRICAL_SURFACE('',#2218,1.5);
#2218 = AXIS2_PLACEMENT_3D('',#2219,#2220,#2221);
#2219 = CARTESIAN_POINT('',(333.,342.,130.));
#2220 = DIRECTION('',(0.,1.,0.));
#2221 = DIRECTION('',(0.,-0.,1.));
#2222 = ADVANCED_FACE('',(#2223),#2242,.F.);
#2223 = FACE_BOUND('',#2224,.F.);
#2224 = EDGE_LOOP('',(#2225,#2226,#2234,#2241));
#2225 = ORIENTED_EDGE('',*,*,#1885,.F.);
#2226 = ORIENTED_EDGE('',*,*,#2227,.F.);
#2227 = EDGE_CURVE('',#2228,#1886,#2230,.T.);
#2228 = VERTEX_POINT('',#2229);
#2229 = CARTESIAN_POINT('',(367.,342.,131.5));
#2230 = LINE('',#2231,#2232);
#2231 = CARTESIAN_POINT('',(367.,342.,131.5));
#2232 = VECTOR('',#2233,1.);
#2233 = DIRECTION('',(0.,1.,0.));
#2234 = ORIENTED_EDGE('',*,*,#2235,.T.);
#2235 = EDGE_CURVE('',#2228,#2228,#2236,.T.);
#2236 = CIRCLE('',#2237,1.5);
#2237 = AXIS2_PLACEMENT_3D('',#2238,#2239,#2240);
#2238 = CARTESIAN_POINT('',(367.,342.,130.));
#2239 = DIRECTION('',(0.,1.,0.));
#2240 = DIRECTION('',(0.,-0.,1.));
#2241 = ORIENTED_EDGE('',*,*,#2227,.T.);
#2242 = CYLINDRICAL_SURFACE('',#2243,1.5);
#2243 = AXIS2_PLACEMENT_3D('',#2244,#2245,#2246);
#2244 = CARTESIAN_POINT('',(367.,342.,130.));
#2245 = DIRECTION('',(0.,1.,0.));
#2246 = DIRECTION('',(0.,-0.,1.));
#2247 = ADVANCED_FACE('',(#2248,#2251),#2254,.T.);
#2248 = FACE_BOUND('',#2249,.T.);
#2249 = EDGE_LOOP('',(#2250));
#2250 = ORIENTED_EDGE('',*,*,#2185,.T.);
#2251 = FACE_BOUND('',#2252,.T.);
#2252 = EDGE_LOOP('',(#2253));
#2253 = ORIENTED_EDGE('',*,*,#2101,.F.);
#2254 = PLANE('',#2255);
#2255 = AXIS2_PLACEMENT_3D('',#2256,#2257,#2258);
#2256 = CARTESIAN_POINT('',(288.,347.,102.5));
#2257 = DIRECTION('',(0.,1.,0.));
#2258 = DIRECTION('',(0.,-0.,1.));
#2259 = ADVANCED_FACE('',(#2260),#2263,.T.);
#2260 = FACE_BOUND('',#2261,.F.);
#2261 = EDGE_LOOP('',(#2262));
#2262 = ORIENTED_EDGE('',*,*,#2135,.F.);
#2263 = PLANE('',#2264);
#2264 = AXIS2_PLACEMENT_3D('',#2265,#2266,#2267);
#2265 = CARTESIAN_POINT('',(83.,342.,130.));
#2266 = DIRECTION('',(0.,1.,0.));
#2267 = DIRECTION('',(0.,-0.,1.));
#2268 = ADVANCED_FACE('',(#2269),#2272,.T.);
#2269 = FACE_BOUND('',#2270,.F.);
#2270 = EDGE_LOOP('',(#2271));
#2271 = ORIENTED_EDGE('',*,*,#2160,.F.);
#2272 = PLANE('',#2273);
#2273 = AXIS2_PLACEMENT_3D('',#2274,#2275,#2276);
#2274 = CARTESIAN_POINT('',(117.,342.,130.));
#2275 = DIRECTION('',(0.,1.,0.));
#2276 = DIRECTION('',(0.,-0.,1.));
#2277 = ADVANCED_FACE('',(#2278),#2281,.T.);
#2278 = FACE_BOUND('',#2279,.F.);
#2279 = EDGE_LOOP('',(#2280));
#2280 = ORIENTED_EDGE('',*,*,#2210,.F.);
#2281 = PLANE('',#2282);
#2282 = AXIS2_PLACEMENT_3D('',#2283,#2284,#2285);
#2283 = CARTESIAN_POINT('',(333.,342.,130.));
#2284 = DIRECTION('',(0.,1.,0.));
#2285 = DIRECTION('',(0.,-0.,1.));
#2286 = ADVANCED_FACE('',(#2287),#2290,.T.);
#2287 = FACE_BOUND('',#2288,.F.);
#2288 = EDGE_LOOP('',(#2289));
#2289 = ORIENTED_EDGE('',*,*,#2235,.F.);
#2290 = PLANE('',#2291);
#2291 = AXIS2_PLACEMENT_3D('',#2292,#2293,#2294);
#2292 = CARTESIAN_POINT('',(367.,342.,130.));
#2293 = DIRECTION('',(0.,1.,0.));
#2294 = DIRECTION('',(0.,-0.,1.));
#2295 = ( GEOMETRIC_REPRESENTATION_CONTEXT(3) 
GLOBAL_UNCERTAINTY_ASSIGNED_CONTEXT((#2299)) 
GLOBAL_UNIT_ASSIGNED_CONTEXT((#2296,#2297,#2298)) REPRESENTATION_CONTEXT
('Context #1','3D Context with UNIT and UNCERTAINTY') );
#2296 = ( LENGTH_UNIT() NAMED_UNIT(*) SI_UNIT(.MILLI.,.METRE.) );
#2297 = ( NAMED_UNIT(*) PLANE_ANGLE_UNIT() SI_UNIT($,.RADIAN.) );
#2298 = ( NAMED_UNIT(*) SI_UNIT($,.STERADIAN.) SOLID_ANGLE_UNIT() );
#2299 = UNCERTAINTY_MEASURE_WITH_UNIT(LENGTH_MEASURE(1.E-07),#2296,
  'distance_accuracy_value','confusion accuracy');
#2300 = CONTEXT_DEPENDENT_SHAPE_REPRESENTATION(#2301,#2303);
#2301 = ( REPRESENTATION_RELATIONSHIP('','',#1526,#10) 
REPRESENTATION_RELATIONSHIP_WITH_TRANSFORMATION(#2302) 
SHAPE_REPRESENTATION_RELATIONSHIP() );
#2302 = ITEM_DEFINED_TRANSFORMATION('','',#11,#27);
#2303 = PRODUCT_DEFINITION_SHAPE('Placement','Placement of an item',
  #2304);
#2304 = NEXT_ASSEMBLY_USAGE_OCCURRENCE('4',
  '后板 · 倒相管、AC 与铰链盲预孔','',#5,#1521,$);
#2305 = PRODUCT_RELATED_PRODUCT_CATEGORY('part',$,(#1523));
#2306 = SHAPE_DEFINITION_REPRESENTATION(#2307,#2313);
#2307 = PRODUCT_DEFINITION_SHAPE('','',#2308);
#2308 = PRODUCT_DEFINITION('design','',#2309,#2312);
#2309 = PRODUCT_DEFINITION_FORMATION('','',#2310);
#2310 = PRODUCT('8 字 AC 插座 · 开关保险一体式安装包络',
  '8 字 AC 插座 · 开关保险一体式安装包络','',(#2311));
#2311 = PRODUCT_CONTEXT('',#2,'mechanical');
#2312 = PRODUCT_DEFINITION_CONTEXT('part definition',#2,'design');
#2313 = ADVANCED_BREP_SHAPE_REPRESENTATION('',(#11,#2314),#2964);
#2314 = MANIFOLD_SOLID_BREP('',#2315);
#2315 = CLOSED_SHELL('',(#2316,#2356,#2389,#2470,#2495,#2638,#2655,#2677
    ,#2689,#2706,#2718,#2735,#2752,#2784,#2808,#2832,#2857,#2882,#2906,
    #2930,#2948));
#2316 = ADVANCED_FACE('',(#2317),#2351,.T.);
#2317 = FACE_BOUND('',#2318,.T.);
#2318 = EDGE_LOOP('',(#2319,#2329,#2337,#2345));
#2319 = ORIENTED_EDGE('',*,*,#2320,.F.);
#2320 = EDGE_CURVE('',#2321,#2323,#2325,.T.);
#2321 = VERTEX_POINT('',#2322);
#2322 = CARTESIAN_POINT('',(44.,350.,113.));
#2323 = VERTEX_POINT('',#2324);
#2324 = CARTESIAN_POINT('',(44.,351.88,113.));
#2325 = LINE('',#2326,#2327);
#2326 = CARTESIAN_POINT('',(44.,350.,113.));
#2327 = VECTOR('',#2328,1.);
#2328 = DIRECTION('',(-0.,1.,0.));
#2329 = ORIENTED_EDGE('',*,*,#2330,.T.);
#2330 = EDGE_CURVE('',#2321,#2331,#2333,.T.);
#2331 = VERTEX_POINT('',#2332);
#2332 = CARTESIAN_POINT('',(96.,350.,113.));
#2333 = LINE('',#2334,#2335);
#2334 = CARTESIAN_POINT('',(44.,350.,113.));
#2335 = VECTOR('',#2336,1.);
#2336 = DIRECTION('',(1.,0.,-0.));
#2337 = ORIENTED_EDGE('',*,*,#2338,.T.);
#2338 = EDGE_CURVE('',#2331,#2339,#2341,.T.);
#2339 = VERTEX_POINT('',#2340);
#2340 = CARTESIAN_POINT('',(96.,351.88,113.));
#2341 = LINE('',#2342,#2343);
#2342 = CARTESIAN_POINT('',(96.,350.,113.));
#2343 = VECTOR('',#2344,1.);
#2344 = DIRECTION('',(-0.,1.,0.));
#2345 = ORIENTED_EDGE('',*,*,#2346,.F.);
#2346 = EDGE_CURVE('',#2323,#2339,#2347,.T.);
#2347 = LINE('',#2348,#2349);
#2348 = CARTESIAN_POINT('',(44.,351.88,113.));
#2349 = VECTOR('',#2350,1.);
#2350 = DIRECTION('',(1.,0.,-0.));
#2351 = PLANE('',#2352);
#2352 = AXIS2_PLACEMENT_3D('',#2353,#2354,#2355);
#2353 = CARTESIAN_POINT('',(44.,350.,113.));
#2354 = DIRECTION('',(0.,0.,1.));
#2355 = DIRECTION('',(1.,0.,-0.));
#2356 = ADVANCED_FACE('',(#2357),#2384,.T.);
#2357 = FACE_BOUND('',#2358,.T.);
#2358 = EDGE_LOOP('',(#2359,#2368,#2376,#2383));
#2359 = ORIENTED_EDGE('',*,*,#2360,.F.);
#2360 = EDGE_CURVE('',#2361,#2323,#2363,.T.);
#2361 = VERTEX_POINT('',#2362);
#2362 = CARTESIAN_POINT('',(41.,351.88,110.));
#2363 = CIRCLE('',#2364,3.);
#2364 = AXIS2_PLACEMENT_3D('',#2365,#2366,#2367);
#2365 = CARTESIAN_POINT('',(44.,351.88,110.));
#2366 = DIRECTION('',(0.,1.,0.));
#2367 = DIRECTION('',(0.,-0.,1.));
#2368 = ORIENTED_EDGE('',*,*,#2369,.F.);
#2369 = EDGE_CURVE('',#2370,#2361,#2372,.T.);
#2370 = VERTEX_POINT('',#2371);
#2371 = CARTESIAN_POINT('',(41.,350.,110.));
#2372 = LINE('',#2373,#2374);
#2373 = CARTESIAN_POINT('',(41.,350.,110.));
#2374 = VECTOR('',#2375,1.);
#2375 = DIRECTION('',(-0.,1.,0.));
#2376 = ORIENTED_EDGE('',*,*,#2377,.T.);
#2377 = EDGE_CURVE('',#2370,#2321,#2378,.T.);
#2378 = CIRCLE('',#2379,3.);
#2379 = AXIS2_PLACEMENT_3D('',#2380,#2381,#2382);
#2380 = CARTESIAN_POINT('',(44.,350.,110.));
#2381 = DIRECTION('',(0.,1.,0.));
#2382 = DIRECTION('',(0.,-0.,1.));
#2383 = ORIENTED_EDGE('',*,*,#2320,.T.);
#2384 = CYLINDRICAL_SURFACE('',#2385,3.);
#2385 = AXIS2_PLACEMENT_3D('',#2386,#2387,#2388);
#2386 = CARTESIAN_POINT('',(44.,350.,110.));
#2387 = DIRECTION('',(0.,1.,0.));
#2388 = DIRECTION('',(0.,-0.,1.));
#2389 = ADVANCED_FACE('',(#2390,#2443,#2454),#2465,.T.);
#2390 = FACE_BOUND('',#2391,.T.);
#2391 = EDGE_LOOP('',(#2392,#2402,#2411,#2417,#2418,#2419,#2428,#2436));
#2392 = ORIENTED_EDGE('',*,*,#2393,.F.);
#2393 = EDGE_CURVE('',#2394,#2396,#2398,.T.);
#2394 = VERTEX_POINT('',#2395);
#2395 = CARTESIAN_POINT('',(44.,351.88,64.));
#2396 = VERTEX_POINT('',#2397);
#2397 = CARTESIAN_POINT('',(96.,351.88,64.));
#2398 = LINE('',#2399,#2400);
#2399 = CARTESIAN_POINT('',(44.,351.88,64.));
#2400 = VECTOR('',#2401,1.);
#2401 = DIRECTION('',(1.,0.,-0.));
#2402 = ORIENTED_EDGE('',*,*,#2403,.T.);
#2403 = EDGE_CURVE('',#2394,#2404,#2406,.T.);
#2404 = VERTEX_POINT('',#2405);
#2405 = CARTESIAN_POINT('',(41.,351.88,67.));
#2406 = CIRCLE('',#2407,3.);
#2407 = AXIS2_PLACEMENT_3D('',#2408,#2409,#2410);
#2408 = CARTESIAN_POINT('',(44.,351.88,67.));
#2409 = DIRECTION('',(0.,1.,0.));
#2410 = DIRECTION('',(0.,-0.,1.));
#2411 = ORIENTED_EDGE('',*,*,#2412,.T.);
#2412 = EDGE_CURVE('',#2404,#2361,#2413,.T.);
#2413 = LINE('',#2414,#2415);
#2414 = CARTESIAN_POINT('',(41.,351.88,67.));
#2415 = VECTOR('',#2416,1.);
#2416 = DIRECTION('',(0.,0.,1.));
#2417 = ORIENTED_EDGE('',*,*,#2360,.T.);
#2418 = ORIENTED_EDGE('',*,*,#2346,.T.);
#2419 = ORIENTED_EDGE('',*,*,#2420,.T.);
#2420 = EDGE_CURVE('',#2339,#2421,#2423,.T.);
#2421 = VERTEX_POINT('',#2422);
#2422 = CARTESIAN_POINT('',(99.,351.88,110.));
#2423 = CIRCLE('',#2424,3.);
#2424 = AXIS2_PLACEMENT_3D('',#2425,#2426,#2427);
#2425 = CARTESIAN_POINT('',(96.,351.88,110.));
#2426 = DIRECTION('',(0.,1.,0.));
#2427 = DIRECTION('',(0.,-0.,1.));
#2428 = ORIENTED_EDGE('',*,*,#2429,.F.);
#2429 = EDGE_CURVE('',#2430,#2421,#2432,.T.);
#2430 = VERTEX_POINT('',#2431);
#2431 = CARTESIAN_POINT('',(99.,351.88,67.));
#2432 = LINE('',#2433,#2434);
#2433 = CARTESIAN_POINT('',(99.,351.88,67.));
#2434 = VECTOR('',#2435,1.);
#2435 = DIRECTION('',(0.,0.,1.));
#2436 = ORIENTED_EDGE('',*,*,#2437,.T.);
#2437 = EDGE_CURVE('',#2430,#2396,#2438,.T.);
#2438 = CIRCLE('',#2439,3.);
#2439 = AXIS2_PLACEMENT_3D('',#2440,#2441,#2442);
#2440 = CARTESIAN_POINT('',(96.,351.88,67.));
#2441 = DIRECTION('',(0.,1.,0.));
#2442 = DIRECTION('',(0.,-0.,1.));
#2443 = FACE_BOUND('',#2444,.T.);
#2444 = EDGE_LOOP('',(#2445));
#2445 = ORIENTED_EDGE('',*,*,#2446,.F.);
#2446 = EDGE_CURVE('',#2447,#2447,#2449,.T.);
#2447 = VERTEX_POINT('',#2448);
#2448 = CARTESIAN_POINT('',(70.,351.88,70.75));
#2449 = CIRCLE('',#2450,2.25);
#2450 = AXIS2_PLACEMENT_3D('',#2451,#2452,#2453);
#2451 = CARTESIAN_POINT('',(70.,351.88,68.5));
#2452 = DIRECTION('',(0.,1.,0.));
#2453 = DIRECTION('',(0.,-0.,1.));
#2454 = FACE_BOUND('',#2455,.T.);
#2455 = EDGE_LOOP('',(#2456));
#2456 = ORIENTED_EDGE('',*,*,#2457,.F.);
#2457 = EDGE_CURVE('',#2458,#2458,#2460,.T.);
#2458 = VERTEX_POINT('',#2459);
#2459 = CARTESIAN_POINT('',(70.,351.88,110.75));
#2460 = CIRCLE('',#2461,2.25);
#2461 = AXIS2_PLACEMENT_3D('',#2462,#2463,#2464);
#2462 = CARTESIAN_POINT('',(70.,351.88,108.5));
#2463 = DIRECTION('',(0.,1.,0.));
#2464 = DIRECTION('',(0.,-0.,1.));
#2465 = PLANE('',#2466);
#2466 = AXIS2_PLACEMENT_3D('',#2467,#2468,#2469);
#2467 = CARTESIAN_POINT('',(70.,351.88,88.5));
#2468 = DIRECTION('',(0.,1.,0.));
#2469 = DIRECTION('',(0.,-0.,1.));
#2470 = ADVANCED_FACE('',(#2471),#2490,.T.);
#2471 = FACE_BOUND('',#2472,.T.);
#2472 = EDGE_LOOP('',(#2473,#2474,#2475,#2484));
#2473 = ORIENTED_EDGE('',*,*,#2420,.F.);
#2474 = ORIENTED_EDGE('',*,*,#2338,.F.);
#2475 = ORIENTED_EDGE('',*,*,#2476,.T.);
#2476 = EDGE_CURVE('',#2331,#2477,#2479,.T.);
#2477 = VERTEX_POINT('',#2478);
#2478 = CARTESIAN_POINT('',(99.,350.,110.));
#2479 = CIRCLE('',#2480,3.);
#2480 = AXIS2_PLACEMENT_3D('',#2481,#2482,#2483);
#2481 = CARTESIAN_POINT('',(96.,350.,110.));
#2482 = DIRECTION('',(0.,1.,0.));
#2483 = DIRECTION('',(0.,-0.,1.));
#2484 = ORIENTED_EDGE('',*,*,#2485,.T.);
#2485 = EDGE_CURVE('',#2477,#2421,#2486,.T.);
#2486 = LINE('',#2487,#2488);
#2487 = CARTESIAN_POINT('',(99.,350.,110.));
#2488 = VECTOR('',#2489,1.);
#2489 = DIRECTION('',(-0.,1.,0.));
#2490 = CYLINDRICAL_SURFACE('',#2491,3.);
#2491 = AXIS2_PLACEMENT_3D('',#2492,#2493,#2494);
#2492 = CARTESIAN_POINT('',(96.,350.,110.));
#2493 = DIRECTION('',(0.,1.,0.));
#2494 = DIRECTION('',(0.,-0.,1.));
#2495 = ADVANCED_FACE('',(#2496,#2541,#2552,#2622),#2633,.T.);
#2496 = FACE_BOUND('',#2497,.T.);
#2497 = EDGE_LOOP('',(#2498,#2508,#2517,#2523,#2524,#2525,#2526,#2534));
#2498 = ORIENTED_EDGE('',*,*,#2499,.T.);
#2499 = EDGE_CURVE('',#2500,#2502,#2504,.T.);
#2500 = VERTEX_POINT('',#2501);
#2501 = CARTESIAN_POINT('',(44.,350.,64.));
#2502 = VERTEX_POINT('',#2503);
#2503 = CARTESIAN_POINT('',(96.,350.,64.));
#2504 = LINE('',#2505,#2506);
#2505 = CARTESIAN_POINT('',(44.,350.,64.));
#2506 = VECTOR('',#2507,1.);
#2507 = DIRECTION('',(1.,0.,-0.));
#2508 = ORIENTED_EDGE('',*,*,#2509,.F.);
#2509 = EDGE_CURVE('',#2510,#2502,#2512,.T.);
#2510 = VERTEX_POINT('',#2511);
#2511 = CARTESIAN_POINT('',(99.,350.,67.));
#2512 = CIRCLE('',#2513,3.);
#2513 = AXIS2_PLACEMENT_3D('',#2514,#2515,#2516);
#2514 = CARTESIAN_POINT('',(96.,350.,67.));
#2515 = DIRECTION('',(0.,1.,0.));
#2516 = DIRECTION('',(0.,-0.,1.));
#2517 = ORIENTED_EDGE('',*,*,#2518,.T.);
#2518 = EDGE_CURVE('',#2510,#2477,#2519,.T.);
#2519 = LINE('',#2520,#2521);
#2520 = CARTESIAN_POINT('',(99.,350.,67.));
#2521 = VECTOR('',#2522,1.);
#2522 = DIRECTION('',(0.,0.,1.));
#2523 = ORIENTED_EDGE('',*,*,#2476,.F.);
#2524 = ORIENTED_EDGE('',*,*,#2330,.F.);
#2525 = ORIENTED_EDGE('',*,*,#2377,.F.);
#2526 = ORIENTED_EDGE('',*,*,#2527,.F.);
#2527 = EDGE_CURVE('',#2528,#2370,#2530,.T.);
#2528 = VERTEX_POINT('',#2529);
#2529 = CARTESIAN_POINT('',(41.,350.,67.));
#2530 = LINE('',#2531,#2532);
#2531 = CARTESIAN_POINT('',(41.,350.,67.));
#2532 = VECTOR('',#2533,1.);
#2533 = DIRECTION('',(0.,0.,1.));
#2534 = ORIENTED_EDGE('',*,*,#2535,.F.);
#2535 = EDGE_CURVE('',#2500,#2528,#2536,.T.);
#2536 = CIRCLE('',#2537,3.);
#2537 = AXIS2_PLACEMENT_3D('',#2538,#2539,#2540);
#2538 = CARTESIAN_POINT('',(44.,350.,67.));
#2539 = DIRECTION('',(0.,1.,0.));
#2540 = DIRECTION('',(0.,-0.,1.));
#2541 = FACE_BOUND('',#2542,.T.);
#2542 = EDGE_LOOP('',(#2543));
#2543 = ORIENTED_EDGE('',*,*,#2544,.T.);
#2544 = EDGE_CURVE('',#2545,#2545,#2547,.T.);
#2545 = VERTEX_POINT('',#2546);
#2546 = CARTESIAN_POINT('',(70.,350.,110.75));
#2547 = CIRCLE('',#2548,2.25);
#2548 = AXIS2_PLACEMENT_3D('',#2549,#2550,#2551);
#2549 = CARTESIAN_POINT('',(70.,350.,108.5));
#2550 = DIRECTION('',(0.,1.,0.));
#2551 = DIRECTION('',(0.,-0.,1.));
#2552 = FACE_BOUND('',#2553,.T.);
#2553 = EDGE_LOOP('',(#2554,#2565,#2573,#2582,#2590,#2599,#2607,#2616));
#2554 = ORIENTED_EDGE('',*,*,#2555,.T.);
#2555 = EDGE_CURVE('',#2556,#2558,#2560,.T.);
#2556 = VERTEX_POINT('',#2557);
#2557 = CARTESIAN_POINT('',(46.2,350.,99.1));
#2558 = VERTEX_POINT('',#2559);
#2559 = CARTESIAN_POINT('',(49.2,350.,102.1));
#2560 = CIRCLE('',#2561,3.);
#2561 = AXIS2_PLACEMENT_3D('',#2562,#2563,#2564);
#2562 = CARTESIAN_POINT('',(49.2,350.,99.1));
#2563 = DIRECTION('',(0.,1.,0.));
#2564 = DIRECTION('',(0.,-0.,1.));
#2565 = ORIENTED_EDGE('',*,*,#2566,.T.);
#2566 = EDGE_CURVE('',#2558,#2567,#2569,.T.);
#2567 = VERTEX_POINT('',#2568);
#2568 = CARTESIAN_POINT('',(90.8,350.,102.1));
#2569 = LINE('',#2570,#2571);
#2570 = CARTESIAN_POINT('',(49.2,350.,102.1));
#2571 = VECTOR('',#2572,1.);
#2572 = DIRECTION('',(1.,0.,-0.));
#2573 = ORIENTED_EDGE('',*,*,#2574,.T.);
#2574 = EDGE_CURVE('',#2567,#2575,#2577,.T.);
#2575 = VERTEX_POINT('',#2576);
#2576 = CARTESIAN_POINT('',(93.8,350.,99.1));
#2577 = CIRCLE('',#2578,3.);
#2578 = AXIS2_PLACEMENT_3D('',#2579,#2580,#2581);
#2579 = CARTESIAN_POINT('',(90.8,350.,99.1));
#2580 = DIRECTION('',(0.,1.,0.));
#2581 = DIRECTION('',(0.,-0.,1.));
#2582 = ORIENTED_EDGE('',*,*,#2583,.F.);
#2583 = EDGE_CURVE('',#2584,#2575,#2586,.T.);
#2584 = VERTEX_POINT('',#2585);
#2585 = CARTESIAN_POINT('',(93.8,350.,77.9));
#2586 = LINE('',#2587,#2588);
#2587 = CARTESIAN_POINT('',(93.8,350.,77.9));
#2588 = VECTOR('',#2589,1.);
#2589 = DIRECTION('',(0.,0.,1.));
#2590 = ORIENTED_EDGE('',*,*,#2591,.T.);
#2591 = EDGE_CURVE('',#2584,#2592,#2594,.T.);
#2592 = VERTEX_POINT('',#2593);
#2593 = CARTESIAN_POINT('',(90.8,350.,74.9));
#2594 = CIRCLE('',#2595,3.);
#2595 = AXIS2_PLACEMENT_3D('',#2596,#2597,#2598);
#2596 = CARTESIAN_POINT('',(90.8,350.,77.9));
#2597 = DIRECTION('',(0.,1.,0.));
#2598 = DIRECTION('',(0.,-0.,1.));
#2599 = ORIENTED_EDGE('',*,*,#2600,.F.);
#2600 = EDGE_CURVE('',#2601,#2592,#2603,.T.);
#2601 = VERTEX_POINT('',#2602);
#2602 = CARTESIAN_POINT('',(49.2,350.,74.9));
#2603 = LINE('',#2604,#2605);
#2604 = CARTESIAN_POINT('',(49.2,350.,74.9));
#2605 = VECTOR('',#2606,1.);
#2606 = DIRECTION('',(1.,0.,-0.));
#2607 = ORIENTED_EDGE('',*,*,#2608,.T.);
#2608 = EDGE_CURVE('',#2601,#2609,#2611,.T.);
#2609 = VERTEX_POINT('',#2610);
#2610 = CARTESIAN_POINT('',(46.2,350.,77.9));
#2611 = CIRCLE('',#2612,3.);
#2612 = AXIS2_PLACEMENT_3D('',#2613,#2614,#2615);
#2613 = CARTESIAN_POINT('',(49.2,350.,77.9));
#2614 = DIRECTION('',(0.,1.,0.));
#2615 = DIRECTION('',(0.,-0.,1.));
#2616 = ORIENTED_EDGE('',*,*,#2617,.T.);
#2617 = EDGE_CURVE('',#2609,#2556,#2618,.T.);
#2618 = LINE('',#2619,#2620);
#2619 = CARTESIAN_POINT('',(46.2,350.,77.9));
#2620 = VECTOR('',#2621,1.);
#2621 = DIRECTION('',(0.,0.,1.));
#2622 = FACE_BOUND('',#2623,.T.);
#2623 = EDGE_LOOP('',(#2624));
#2624 = ORIENTED_EDGE('',*,*,#2625,.T.);
#2625 = EDGE_CURVE('',#2626,#2626,#2628,.T.);
#2626 = VERTEX_POINT('',#2627);
#2627 = CARTESIAN_POINT('',(70.,350.,70.75));
#2628 = CIRCLE('',#2629,2.25);
#2629 = AXIS2_PLACEMENT_3D('',#2630,#2631,#2632);
#2630 = CARTESIAN_POINT('',(70.,350.,68.5));
#2631 = DIRECTION('',(0.,1.,0.));
#2632 = DIRECTION('',(0.,-0.,1.));
#2633 = PLANE('',#2634);
#2634 = AXIS2_PLACEMENT_3D('',#2635,#2636,#2637);
#2635 = CARTESIAN_POINT('',(70.,350.,88.5));
#2636 = DIRECTION('',(-0.,-1.,-0.));
#2637 = DIRECTION('',(0.,0.,-1.));
#2638 = ADVANCED_FACE('',(#2639),#2650,.F.);
#2639 = FACE_BOUND('',#2640,.F.);
#2640 = EDGE_LOOP('',(#2641,#2642,#2648,#2649));
#2641 = ORIENTED_EDGE('',*,*,#2527,.F.);
#2642 = ORIENTED_EDGE('',*,*,#2643,.T.);
#2643 = EDGE_CURVE('',#2528,#2404,#2644,.T.);
#2644 = LINE('',#2645,#2646);
#2645 = CARTESIAN_POINT('',(41.,350.,67.));
#2646 = VECTOR('',#2647,1.);
#2647 = DIRECTION('',(-0.,1.,0.));
#2648 = ORIENTED_EDGE('',*,*,#2412,.T.);
#2649 = ORIENTED_EDGE('',*,*,#2369,.F.);
#2650 = PLANE('',#2651);
#2651 = AXIS2_PLACEMENT_3D('',#2652,#2653,#2654);
#2652 = CARTESIAN_POINT('',(41.,350.,67.));
#2653 = DIRECTION('',(1.,0.,-0.));
#2654 = DIRECTION('',(0.,0.,1.));
#2655 = ADVANCED_FACE('',(#2656),#2672,.F.);
#2656 = FACE_BOUND('',#2657,.F.);
#2657 = EDGE_LOOP('',(#2658,#2664,#2665,#2671));
#2658 = ORIENTED_EDGE('',*,*,#2659,.F.);
#2659 = EDGE_CURVE('',#2500,#2394,#2660,.T.);
#2660 = LINE('',#2661,#2662);
#2661 = CARTESIAN_POINT('',(44.,350.,64.));
#2662 = VECTOR('',#2663,1.);
#2663 = DIRECTION('',(-0.,1.,0.));
#2664 = ORIENTED_EDGE('',*,*,#2499,.T.);
#2665 = ORIENTED_EDGE('',*,*,#2666,.T.);
#2666 = EDGE_CURVE('',#2502,#2396,#2667,.T.);
#2667 = LINE('',#2668,#2669);
#2668 = CARTESIAN_POINT('',(96.,350.,64.));
#2669 = VECTOR('',#2670,1.);
#2670 = DIRECTION('',(-0.,1.,0.));
#2671 = ORIENTED_EDGE('',*,*,#2393,.F.);
#2672 = PLANE('',#2673);
#2673 = AXIS2_PLACEMENT_3D('',#2674,#2675,#2676);
#2674 = CARTESIAN_POINT('',(44.,350.,64.));
#2675 = DIRECTION('',(0.,0.,1.));
#2676 = DIRECTION('',(1.,0.,-0.));
#2677 = ADVANCED_FACE('',(#2678),#2684,.T.);
#2678 = FACE_BOUND('',#2679,.T.);
#2679 = EDGE_LOOP('',(#2680,#2681,#2682,#2683));
#2680 = ORIENTED_EDGE('',*,*,#2403,.F.);
#2681 = ORIENTED_EDGE('',*,*,#2659,.F.);
#2682 = ORIENTED_EDGE('',*,*,#2535,.T.);
#2683 = ORIENTED_EDGE('',*,*,#2643,.T.);
#2684 = CYLINDRICAL_SURFACE('',#2685,3.);
#2685 = AXIS2_PLACEMENT_3D('',#2686,#2687,#2688);
#2686 = CARTESIAN_POINT('',(44.,350.,67.));
#2687 = DIRECTION('',(0.,1.,0.));
#2688 = DIRECTION('',(0.,-0.,1.));
#2689 = ADVANCED_FACE('',(#2690),#2701,.T.);
#2690 = FACE_BOUND('',#2691,.T.);
#2691 = EDGE_LOOP('',(#2692,#2693,#2699,#2700));
#2692 = ORIENTED_EDGE('',*,*,#2437,.F.);
#2693 = ORIENTED_EDGE('',*,*,#2694,.F.);
#2694 = EDGE_CURVE('',#2510,#2430,#2695,.T.);
#2695 = LINE('',#2696,#2697);
#2696 = CARTESIAN_POINT('',(99.,350.,67.));
#2697 = VECTOR('',#2698,1.);
#2698 = DIRECTION('',(-0.,1.,0.));
#2699 = ORIENTED_EDGE('',*,*,#2509,.T.);
#2700 = ORIENTED_EDGE('',*,*,#2666,.T.);
#2701 = CYLINDRICAL_SURFACE('',#2702,3.);
#2702 = AXIS2_PLACEMENT_3D('',#2703,#2704,#2705);
#2703 = CARTESIAN_POINT('',(96.,350.,67.));
#2704 = DIRECTION('',(0.,1.,0.));
#2705 = DIRECTION('',(0.,-0.,1.));
#2706 = ADVANCED_FACE('',(#2707),#2713,.T.);
#2707 = FACE_BOUND('',#2708,.T.);
#2708 = EDGE_LOOP('',(#2709,#2710,#2711,#2712));
#2709 = ORIENTED_EDGE('',*,*,#2518,.F.);
#2710 = ORIENTED_EDGE('',*,*,#2694,.T.);
#2711 = ORIENTED_EDGE('',*,*,#2429,.T.);
#2712 = ORIENTED_EDGE('',*,*,#2485,.F.);
#2713 = PLANE('',#2714);
#2714 = AXIS2_PLACEMENT_3D('',#2715,#2716,#2717);
#2715 = CARTESIAN_POINT('',(99.,350.,67.));
#2716 = DIRECTION('',(1.,0.,-0.));
#2717 = DIRECTION('',(0.,0.,1.));
#2718 = ADVANCED_FACE('',(#2719),#2730,.F.);
#2719 = FACE_BOUND('',#2720,.F.);
#2720 = EDGE_LOOP('',(#2721,#2727,#2728,#2729));
#2721 = ORIENTED_EDGE('',*,*,#2722,.T.);
#2722 = EDGE_CURVE('',#2626,#2447,#2723,.T.);
#2723 = LINE('',#2724,#2725);
#2724 = CARTESIAN_POINT('',(70.,338.,70.75));
#2725 = VECTOR('',#2726,1.);
#2726 = DIRECTION('',(0.,1.,0.));
#2727 = ORIENTED_EDGE('',*,*,#2446,.F.);
#2728 = ORIENTED_EDGE('',*,*,#2722,.F.);
#2729 = ORIENTED_EDGE('',*,*,#2625,.T.);
#2730 = CYLINDRICAL_SURFACE('',#2731,2.25);
#2731 = AXIS2_PLACEMENT_3D('',#2732,#2733,#2734);
#2732 = CARTESIAN_POINT('',(70.,338.,68.5));
#2733 = DIRECTION('',(0.,1.,0.));
#2734 = DIRECTION('',(0.,-0.,1.));
#2735 = ADVANCED_FACE('',(#2736),#2747,.F.);
#2736 = FACE_BOUND('',#2737,.F.);
#2737 = EDGE_LOOP('',(#2738,#2744,#2745,#2746));
#2738 = ORIENTED_EDGE('',*,*,#2739,.T.);
#2739 = EDGE_CURVE('',#2545,#2458,#2740,.T.);
#2740 = LINE('',#2741,#2742);
#2741 = CARTESIAN_POINT('',(70.,338.,110.75));
#2742 = VECTOR('',#2743,1.);
#2743 = DIRECTION('',(0.,1.,0.));
#2744 = ORIENTED_EDGE('',*,*,#2457,.F.);
#2745 = ORIENTED_EDGE('',*,*,#2739,.F.);
#2746 = ORIENTED_EDGE('',*,*,#2544,.T.);
#2747 = CYLINDRICAL_SURFACE('',#2748,2.25);
#2748 = AXIS2_PLACEMENT_3D('',#2749,#2750,#2751);
#2749 = CARTESIAN_POINT('',(70.,338.,108.5));
#2750 = DIRECTION('',(0.,1.,0.));
#2751 = DIRECTION('',(0.,-0.,1.));
#2752 = ADVANCED_FACE('',(#2753),#2779,.T.);
#2753 = FACE_BOUND('',#2754,.T.);
#2754 = EDGE_LOOP('',(#2755,#2756,#2764,#2773));
#2755 = ORIENTED_EDGE('',*,*,#2555,.F.);
#2756 = ORIENTED_EDGE('',*,*,#2757,.F.);
#2757 = EDGE_CURVE('',#2758,#2556,#2760,.T.);
#2758 = VERTEX_POINT('',#2759);
#2759 = CARTESIAN_POINT('',(46.2,321.22,99.1));
#2760 = LINE('',#2761,#2762);
#2761 = CARTESIAN_POINT('',(46.2,321.22,99.1));
#2762 = VECTOR('',#2763,1.);
#2763 = DIRECTION('',(-0.,1.,0.));
#2764 = ORIENTED_EDGE('',*,*,#2765,.T.);
#2765 = EDGE_CURVE('',#2758,#2766,#2768,.T.);
#2766 = VERTEX_POINT('',#2767);
#2767 = CARTESIAN_POINT('',(49.2,321.22,102.1));
#2768 = CIRCLE('',#2769,3.);
#2769 = AXIS2_PLACEMENT_3D('',#2770,#2771,#2772);
#2770 = CARTESIAN_POINT('',(49.2,321.22,99.1));
#2771 = DIRECTION('',(0.,1.,0.));
#2772 = DIRECTION('',(0.,-0.,1.));
#2773 = ORIENTED_EDGE('',*,*,#2774,.T.);
#2774 = EDGE_CURVE('',#2766,#2558,#2775,.T.);
#2775 = LINE('',#2776,#2777);
#2776 = CARTESIAN_POINT('',(49.2,321.22,102.1));
#2777 = VECTOR('',#2778,1.);
#2778 = DIRECTION('',(-0.,1.,0.));
#2779 = CYLINDRICAL_SURFACE('',#2780,3.);
#2780 = AXIS2_PLACEMENT_3D('',#2781,#2782,#2783);
#2781 = CARTESIAN_POINT('',(49.2,321.22,99.1));
#2782 = DIRECTION('',(0.,1.,0.));
#2783 = DIRECTION('',(0.,-0.,1.));
#2784 = ADVANCED_FACE('',(#2785),#2803,.F.);
#2785 = FACE_BOUND('',#2786,.F.);
#2786 = EDGE_LOOP('',(#2787,#2795,#2801,#2802));
#2787 = ORIENTED_EDGE('',*,*,#2788,.F.);
#2788 = EDGE_CURVE('',#2789,#2758,#2791,.T.);
#2789 = VERTEX_POINT('',#2790);
#2790 = CARTESIAN_POINT('',(46.2,321.22,77.9));
#2791 = LINE('',#2792,#2793);
#2792 = CARTESIAN_POINT('',(46.2,321.22,77.9));
#2793 = VECTOR('',#2794,1.);
#2794 = DIRECTION('',(0.,0.,1.));
#2795 = ORIENTED_EDGE('',*,*,#2796,.T.);
#2796 = EDGE_CURVE('',#2789,#2609,#2797,.T.);
#2797 = LINE('',#2798,#2799);
#2798 = CARTESIAN_POINT('',(46.2,321.22,77.9));
#2799 = VECTOR('',#2800,1.);
#2800 = DIRECTION('',(-0.,1.,0.));
#2801 = ORIENTED_EDGE('',*,*,#2617,.T.);
#2802 = ORIENTED_EDGE('',*,*,#2757,.F.);
#2803 = PLANE('',#2804);
#2804 = AXIS2_PLACEMENT_3D('',#2805,#2806,#2807);
#2805 = CARTESIAN_POINT('',(46.2,321.22,77.9));
#2806 = DIRECTION('',(1.,0.,-0.));
#2807 = DIRECTION('',(0.,0.,1.));
#2808 = ADVANCED_FACE('',(#2809),#2827,.T.);
#2809 = FACE_BOUND('',#2810,.T.);
#2810 = EDGE_LOOP('',(#2811,#2812,#2820,#2826));
#2811 = ORIENTED_EDGE('',*,*,#2774,.F.);
#2812 = ORIENTED_EDGE('',*,*,#2813,.T.);
#2813 = EDGE_CURVE('',#2766,#2814,#2816,.T.);
#2814 = VERTEX_POINT('',#2815);
#2815 = CARTESIAN_POINT('',(90.8,321.22,102.1));
#2816 = LINE('',#2817,#2818);
#2817 = CARTESIAN_POINT('',(49.2,321.22,102.1));
#2818 = VECTOR('',#2819,1.);
#2819 = DIRECTION('',(1.,0.,-0.));
#2820 = ORIENTED_EDGE('',*,*,#2821,.T.);
#2821 = EDGE_CURVE('',#2814,#2567,#2822,.T.);
#2822 = LINE('',#2823,#2824);
#2823 = CARTESIAN_POINT('',(90.8,321.22,102.1));
#2824 = VECTOR('',#2825,1.);
#2825 = DIRECTION('',(-0.,1.,0.));
#2826 = ORIENTED_EDGE('',*,*,#2566,.F.);
#2827 = PLANE('',#2828);
#2828 = AXIS2_PLACEMENT_3D('',#2829,#2830,#2831);
#2829 = CARTESIAN_POINT('',(49.2,321.22,102.1));
#2830 = DIRECTION('',(0.,0.,1.));
#2831 = DIRECTION('',(1.,0.,-0.));
#2832 = ADVANCED_FACE('',(#2833),#2852,.T.);
#2833 = FACE_BOUND('',#2834,.T.);
#2834 = EDGE_LOOP('',(#2835,#2836,#2844,#2851));
#2835 = ORIENTED_EDGE('',*,*,#2608,.F.);
#2836 = ORIENTED_EDGE('',*,*,#2837,.F.);
#2837 = EDGE_CURVE('',#2838,#2601,#2840,.T.);
#2838 = VERTEX_POINT('',#2839);
#2839 = CARTESIAN_POINT('',(49.2,321.22,74.9));
#2840 = LINE('',#2841,#2842);
#2841 = CARTESIAN_POINT('',(49.2,321.22,74.9));
#2842 = VECTOR('',#2843,1.);
#2843 = DIRECTION('',(-0.,1.,0.));
#2844 = ORIENTED_EDGE('',*,*,#2845,.T.);
#2845 = EDGE_CURVE('',#2838,#2789,#2846,.T.);
#2846 = CIRCLE('',#2847,3.);
#2847 = AXIS2_PLACEMENT_3D('',#2848,#2849,#2850);
#2848 = CARTESIAN_POINT('',(49.2,321.22,77.9));
#2849 = DIRECTION('',(0.,1.,0.));
#2850 = DIRECTION('',(0.,-0.,1.));
#2851 = ORIENTED_EDGE('',*,*,#2796,.T.);
#2852 = CYLINDRICAL_SURFACE('',#2853,3.);
#2853 = AXIS2_PLACEMENT_3D('',#2854,#2855,#2856);
#2854 = CARTESIAN_POINT('',(49.2,321.22,77.9));
#2855 = DIRECTION('',(0.,1.,0.));
#2856 = DIRECTION('',(0.,-0.,1.));
#2857 = ADVANCED_FACE('',(#2858),#2877,.T.);
#2858 = FACE_BOUND('',#2859,.T.);
#2859 = EDGE_LOOP('',(#2860,#2861,#2862,#2871));
#2860 = ORIENTED_EDGE('',*,*,#2574,.F.);
#2861 = ORIENTED_EDGE('',*,*,#2821,.F.);
#2862 = ORIENTED_EDGE('',*,*,#2863,.T.);
#2863 = EDGE_CURVE('',#2814,#2864,#2866,.T.);
#2864 = VERTEX_POINT('',#2865);
#2865 = CARTESIAN_POINT('',(93.8,321.22,99.1));
#2866 = CIRCLE('',#2867,3.);
#2867 = AXIS2_PLACEMENT_3D('',#2868,#2869,#2870);
#2868 = CARTESIAN_POINT('',(90.8,321.22,99.1));
#2869 = DIRECTION('',(0.,1.,0.));
#2870 = DIRECTION('',(0.,-0.,1.));
#2871 = ORIENTED_EDGE('',*,*,#2872,.T.);
#2872 = EDGE_CURVE('',#2864,#2575,#2873,.T.);
#2873 = LINE('',#2874,#2875);
#2874 = CARTESIAN_POINT('',(93.8,321.22,99.1));
#2875 = VECTOR('',#2876,1.);
#2876 = DIRECTION('',(-0.,1.,0.));
#2877 = CYLINDRICAL_SURFACE('',#2878,3.);
#2878 = AXIS2_PLACEMENT_3D('',#2879,#2880,#2881);
#2879 = CARTESIAN_POINT('',(90.8,321.22,99.1));
#2880 = DIRECTION('',(0.,1.,0.));
#2881 = DIRECTION('',(0.,-0.,1.));
#2882 = ADVANCED_FACE('',(#2883),#2901,.F.);
#2883 = FACE_BOUND('',#2884,.F.);
#2884 = EDGE_LOOP('',(#2885,#2886,#2894,#2900));
#2885 = ORIENTED_EDGE('',*,*,#2837,.F.);
#2886 = ORIENTED_EDGE('',*,*,#2887,.T.);
#2887 = EDGE_CURVE('',#2838,#2888,#2890,.T.);
#2888 = VERTEX_POINT('',#2889);
#2889 = CARTESIAN_POINT('',(90.8,321.22,74.9));
#2890 = LINE('',#2891,#2892);
#2891 = CARTESIAN_POINT('',(49.2,321.22,74.9));
#2892 = VECTOR('',#2893,1.);
#2893 = DIRECTION('',(1.,0.,-0.));
#2894 = ORIENTED_EDGE('',*,*,#2895,.T.);
#2895 = EDGE_CURVE('',#2888,#2592,#2896,.T.);
#2896 = LINE('',#2897,#2898);
#2897 = CARTESIAN_POINT('',(90.8,321.22,74.9));
#2898 = VECTOR('',#2899,1.);
#2899 = DIRECTION('',(-0.,1.,0.));
#2900 = ORIENTED_EDGE('',*,*,#2600,.F.);
#2901 = PLANE('',#2902);
#2902 = AXIS2_PLACEMENT_3D('',#2903,#2904,#2905);
#2903 = CARTESIAN_POINT('',(49.2,321.22,74.9));
#2904 = DIRECTION('',(0.,0.,1.));
#2905 = DIRECTION('',(1.,0.,-0.));
#2906 = ADVANCED_FACE('',(#2907),#2925,.T.);
#2907 = FACE_BOUND('',#2908,.T.);
#2908 = EDGE_LOOP('',(#2909,#2917,#2923,#2924));
#2909 = ORIENTED_EDGE('',*,*,#2910,.F.);
#2910 = EDGE_CURVE('',#2911,#2864,#2913,.T.);
#2911 = VERTEX_POINT('',#2912);
#2912 = CARTESIAN_POINT('',(93.8,321.22,77.9));
#2913 = LINE('',#2914,#2915);
#2914 = CARTESIAN_POINT('',(93.8,321.22,77.9));
#2915 = VECTOR('',#2916,1.);
#2916 = DIRECTION('',(0.,0.,1.));
#2917 = ORIENTED_EDGE('',*,*,#2918,.T.);
#2918 = EDGE_CURVE('',#2911,#2584,#2919,.T.);
#2919 = LINE('',#2920,#2921);
#2920 = CARTESIAN_POINT('',(93.8,321.22,77.9));
#2921 = VECTOR('',#2922,1.);
#2922 = DIRECTION('',(-0.,1.,0.));
#2923 = ORIENTED_EDGE('',*,*,#2583,.T.);
#2924 = ORIENTED_EDGE('',*,*,#2872,.F.);
#2925 = PLANE('',#2926);
#2926 = AXIS2_PLACEMENT_3D('',#2927,#2928,#2929);
#2927 = CARTESIAN_POINT('',(93.8,321.22,77.9));
#2928 = DIRECTION('',(1.,0.,-0.));
#2929 = DIRECTION('',(0.,0.,1.));
#2930 = ADVANCED_FACE('',(#2931),#2943,.T.);
#2931 = FACE_BOUND('',#2932,.T.);
#2932 = EDGE_LOOP('',(#2933,#2934,#2935,#2942));
#2933 = ORIENTED_EDGE('',*,*,#2591,.F.);
#2934 = ORIENTED_EDGE('',*,*,#2918,.F.);
#2935 = ORIENTED_EDGE('',*,*,#2936,.T.);
#2936 = EDGE_CURVE('',#2911,#2888,#2937,.T.);
#2937 = CIRCLE('',#2938,3.);
#2938 = AXIS2_PLACEMENT_3D('',#2939,#2940,#2941);
#2939 = CARTESIAN_POINT('',(90.8,321.22,77.9));
#2940 = DIRECTION('',(0.,1.,0.));
#2941 = DIRECTION('',(0.,-0.,1.));
#2942 = ORIENTED_EDGE('',*,*,#2895,.T.);
#2943 = CYLINDRICAL_SURFACE('',#2944,3.);
#2944 = AXIS2_PLACEMENT_3D('',#2945,#2946,#2947);
#2945 = CARTESIAN_POINT('',(90.8,321.22,77.9));
#2946 = DIRECTION('',(0.,1.,0.));
#2947 = DIRECTION('',(0.,-0.,1.));
#2948 = ADVANCED_FACE('',(#2949),#2959,.T.);
#2949 = FACE_BOUND('',#2950,.T.);
#2950 = EDGE_LOOP('',(#2951,#2952,#2953,#2954,#2955,#2956,#2957,#2958));
#2951 = ORIENTED_EDGE('',*,*,#2887,.T.);
#2952 = ORIENTED_EDGE('',*,*,#2936,.F.);
#2953 = ORIENTED_EDGE('',*,*,#2910,.T.);
#2954 = ORIENTED_EDGE('',*,*,#2863,.F.);
#2955 = ORIENTED_EDGE('',*,*,#2813,.F.);
#2956 = ORIENTED_EDGE('',*,*,#2765,.F.);
#2957 = ORIENTED_EDGE('',*,*,#2788,.F.);
#2958 = ORIENTED_EDGE('',*,*,#2845,.F.);
#2959 = PLANE('',#2960);
#2960 = AXIS2_PLACEMENT_3D('',#2961,#2962,#2963);
#2961 = CARTESIAN_POINT('',(70.,321.22,88.5));
#2962 = DIRECTION('',(-0.,-1.,-0.));
#2963 = DIRECTION('',(0.,0.,-1.));
#2964 = ( GEOMETRIC_REPRESENTATION_CONTEXT(3) 
GLOBAL_UNCERTAINTY_ASSIGNED_CONTEXT((#2968)) 
GLOBAL_UNIT_ASSIGNED_CONTEXT((#2965,#2966,#2967)) REPRESENTATION_CONTEXT
('Context #1','3D Context with UNIT and UNCERTAINTY') );
#2965 = ( LENGTH_UNIT() NAMED_UNIT(*) SI_UNIT(.MILLI.,.METRE.) );
#2966 = ( NAMED_UNIT(*) PLANE_ANGLE_UNIT() SI_UNIT($,.RADIAN.) );
#2967 = ( NAMED_UNIT(*) SI_UNIT($,.STERADIAN.) SOLID_ANGLE_UNIT() );
#2968 = UNCERTAINTY_MEASURE_WITH_UNIT(LENGTH_MEASURE(1.E-07),#2965,
  'distance_accuracy_value','confusion accuracy');
#2969 = CONTEXT_DEPENDENT_SHAPE_REPRESENTATION(#2970,#2972);
#2970 = ( REPRESENTATION_RELATIONSHIP('','',#2313,#10) 
REPRESENTATION_RELATIONSHIP_WITH_TRANSFORMATION(#2971) 
SHAPE_REPRESENTATION_RELATIONSHIP() );
#2971 = ITEM_DEFINED_TRANSFORMATION('','',#11,#31);
#2972 = PRODUCT_DEFINITION_SHAPE('Placement','Placement of an item',
  #2973);
#2973 = NEXT_ASSEMBLY_USAGE_OCCURRENCE('5',
  '8 字 AC 插座 · 开关保险一体式安装包络','',#5,#2308,$);
#2974 = PRODUCT_RELATED_PRODUCT_CATEGORY('part',$,(#2310));
#2975 = SHAPE_DEFINITION_REPRESENTATION(#2976,#2982);
#2976 = PRODUCT_DEFINITION_SHAPE('','',#2977);
#2977 = PRODUCT_DEFINITION('design','',#2978,#2981);
#2978 = PRODUCT_DEFINITION_FORMATION('','',#2979);
#2979 = PRODUCT('后置倒相管 · Ø32 × 160 可换试验件',
  '后置倒相管 · Ø32 × 160 可换试验件','',(#2980));
#2980 = PRODUCT_CONTEXT('',#2,'mechanical');
#2981 = PRODUCT_DEFINITION_CONTEXT('part definition',#2,'design');
#2982 = ADVANCED_BREP_SHAPE_REPRESENTATION('',(#11,#2983),#3120);
#2983 = MANIFOLD_SOLID_BREP('',#2984);
#2984 = CLOSED_SHELL('',(#2985,#3018,#3038,#3058,#3083,#3108));
#2985 = ADVANCED_FACE('',(#2986),#3013,.T.);
#2986 = FACE_BOUND('',#2987,.T.);
#2987 = EDGE_LOOP('',(#2988,#2997,#3005,#3012));
#2988 = ORIENTED_EDGE('',*,*,#2989,.F.);
#2989 = EDGE_CURVE('',#2990,#2990,#2992,.T.);
#2990 = VERTEX_POINT('',#2991);
#2991 = CARTESIAN_POINT('',(288.,347.,120.5));
#2992 = CIRCLE('',#2993,18.);
#2993 = AXIS2_PLACEMENT_3D('',#2994,#2995,#2996);
#2994 = CARTESIAN_POINT('',(288.,347.,102.5));
#2995 = DIRECTION('',(0.,1.,0.));
#2996 = DIRECTION('',(0.,-0.,1.));
#2997 = ORIENTED_EDGE('',*,*,#2998,.F.);
#2998 = EDGE_CURVE('',#2999,#2990,#3001,.T.);
#2999 = VERTEX_POINT('',#3000);
#3000 = CARTESIAN_POINT('',(288.,190.,120.5));
#3001 = LINE('',#3002,#3003);
#3002 = CARTESIAN_POINT('',(288.,190.,120.5));
#3003 = VECTOR('',#3004,1.);
#3004 = DIRECTION('',(0.,1.,0.));
#3005 = ORIENTED_EDGE('',*,*,#3006,.T.);
#3006 = EDGE_CURVE('',#2999,#2999,#3007,.T.);
#3007 = CIRCLE('',#3008,18.);
#3008 = AXIS2_PLACEMENT_3D('',#3009,#3010,#3011);
#3009 = CARTESIAN_POINT('',(288.,190.,102.5));
#3010 = DIRECTION('',(0.,1.,0.));
#3011 = DIRECTION('',(0.,-0.,1.));
#3012 = ORIENTED_EDGE('',*,*,#2998,.T.);
#3013 = CYLINDRICAL_SURFACE('',#3014,18.);
#3014 = AXIS2_PLACEMENT_3D('',#3015,#3016,#3017);
#3015 = CARTESIAN_POINT('',(288.,190.,102.5));
#3016 = DIRECTION('',(0.,1.,0.));
#3017 = DIRECTION('',(0.,-0.,1.));
#3018 = ADVANCED_FACE('',(#3019,#3030),#3033,.F.);
#3019 = FACE_BOUND('',#3020,.F.);
#3020 = EDGE_LOOP('',(#3021));
#3021 = ORIENTED_EDGE('',*,*,#3022,.T.);
#3022 = EDGE_CURVE('',#3023,#3023,#3025,.T.);
#3023 = VERTEX_POINT('',#3024);
#3024 = CARTESIAN_POINT('',(288.,347.,126.5));
#3025 = CIRCLE('',#3026,24.);
#3026 = AXIS2_PLACEMENT_3D('',#3027,#3028,#3029);
#3027 = CARTESIAN_POINT('',(288.,347.,102.5));
#3028 = DIRECTION('',(0.,1.,0.));
#3029 = DIRECTION('',(0.,-0.,1.));
#3030 = FACE_BOUND('',#3031,.F.);
#3031 = EDGE_LOOP('',(#3032));
#3032 = ORIENTED_EDGE('',*,*,#2989,.F.);
#3033 = PLANE('',#3034);
#3034 = AXIS2_PLACEMENT_3D('',#3035,#3036,#3037);
#3035 = CARTESIAN_POINT('',(288.,347.,102.5));
#3036 = DIRECTION('',(0.,1.,0.));
#3037 = DIRECTION('',(0.,-0.,1.));
#3038 = ADVANCED_FACE('',(#3039,#3042),#3053,.F.);
#3039 = FACE_BOUND('',#3040,.F.);
#3040 = EDGE_LOOP('',(#3041));
#3041 = ORIENTED_EDGE('',*,*,#3006,.T.);
#3042 = FACE_BOUND('',#3043,.F.);
#3043 = EDGE_LOOP('',(#3044));
#3044 = ORIENTED_EDGE('',*,*,#3045,.F.);
#3045 = EDGE_CURVE('',#3046,#3046,#3048,.T.);
#3046 = VERTEX_POINT('',#3047);
#3047 = CARTESIAN_POINT('',(288.,190.,118.5));
#3048 = CIRCLE('',#3049,16.);
#3049 = AXIS2_PLACEMENT_3D('',#3050,#3051,#3052);
#3050 = CARTESIAN_POINT('',(288.,190.,102.5));
#3051 = DIRECTION('',(0.,1.,0.));
#3052 = DIRECTION('',(0.,-0.,1.));
#3053 = PLANE('',#3054);
#3054 = AXIS2_PLACEMENT_3D('',#3055,#3056,#3057);
#3055 = CARTESIAN_POINT('',(288.,190.,102.5));
#3056 = DIRECTION('',(0.,1.,0.));
#3057 = DIRECTION('',(0.,-0.,1.));
#3058 = ADVANCED_FACE('',(#3059),#3078,.T.);
#3059 = FACE_BOUND('',#3060,.T.);
#3060 = EDGE_LOOP('',(#3061,#3070,#3076,#3077));
#3061 = ORIENTED_EDGE('',*,*,#3062,.F.);
#3062 = EDGE_CURVE('',#3063,#3063,#3065,.T.);
#3063 = VERTEX_POINT('',#3064);
#3064 = CARTESIAN_POINT('',(288.,350.,126.5));
#3065 = CIRCLE('',#3066,24.);
#3066 = AXIS2_PLACEMENT_3D('',#3067,#3068,#3069);
#3067 = CARTESIAN_POINT('',(288.,350.,102.5));
#3068 = DIRECTION('',(0.,1.,0.));
#3069 = DIRECTION('',(0.,-0.,1.));
#3070 = ORIENTED_EDGE('',*,*,#3071,.F.);
#3071 = EDGE_CURVE('',#3023,#3063,#3072,.T.);
#3072 = LINE('',#3073,#3074);
#3073 = CARTESIAN_POINT('',(288.,347.,126.5));
#3074 = VECTOR('',#3075,1.);
#3075 = DIRECTION('',(0.,1.,0.));
#3076 = ORIENTED_EDGE('',*,*,#3022,.T.);
#3077 = ORIENTED_EDGE('',*,*,#3071,.T.);
#3078 = CYLINDRICAL_SURFACE('',#3079,24.);
#3079 = AXIS2_PLACEMENT_3D('',#3080,#3081,#3082);
#3080 = CARTESIAN_POINT('',(288.,347.,102.5));
#3081 = DIRECTION('',(0.,1.,0.));
#3082 = DIRECTION('',(0.,-0.,1.));
#3083 = ADVANCED_FACE('',(#3084),#3103,.F.);
#3084 = FACE_BOUND('',#3085,.F.);
#3085 = EDGE_LOOP('',(#3086,#3095,#3101,#3102));
#3086 = ORIENTED_EDGE('',*,*,#3087,.F.);
#3087 = EDGE_CURVE('',#3088,#3088,#3090,.T.);
#3088 = VERTEX_POINT('',#3089);
#3089 = CARTESIAN_POINT('',(288.,350.,118.5));
#3090 = CIRCLE('',#3091,16.);
#3091 = AXIS2_PLACEMENT_3D('',#3092,#3093,#3094);
#3092 = CARTESIAN_POINT('',(288.,350.,102.5));
#3093 = DIRECTION('',(0.,1.,0.));
#3094 = DIRECTION('',(0.,-0.,1.));
#3095 = ORIENTED_EDGE('',*,*,#3096,.F.);
#3096 = EDGE_CURVE('',#3046,#3088,#3097,.T.);
#3097 = LINE('',#3098,#3099);
#3098 = CARTESIAN_POINT('',(288.,189.,118.5));
#3099 = VECTOR('',#3100,1.);
#3100 = DIRECTION('',(0.,1.,0.));
#3101 = ORIENTED_EDGE('',*,*,#3045,.T.);
#3102 = ORIENTED_EDGE('',*,*,#3096,.T.);
#3103 = CYLINDRICAL_SURFACE('',#3104,16.);
#3104 = AXIS2_PLACEMENT_3D('',#3105,#3106,#3107);
#3105 = CARTESIAN_POINT('',(288.,189.,102.5));
#3106 = DIRECTION('',(0.,1.,0.));
#3107 = DIRECTION('',(0.,-0.,1.));
#3108 = ADVANCED_FACE('',(#3109,#3112),#3115,.T.);
#3109 = FACE_BOUND('',#3110,.T.);
#3110 = EDGE_LOOP('',(#3111));
#3111 = ORIENTED_EDGE('',*,*,#3062,.T.);
#3112 = FACE_BOUND('',#3113,.T.);
#3113 = EDGE_LOOP('',(#3114));
#3114 = ORIENTED_EDGE('',*,*,#3087,.F.);
#3115 = PLANE('',#3116);
#3116 = AXIS2_PLACEMENT_3D('',#3117,#3118,#3119);
#3117 = CARTESIAN_POINT('',(288.,350.,102.5));
#3118 = DIRECTION('',(0.,1.,0.));
#3119 = DIRECTION('',(0.,-0.,1.));
#3120 = ( GEOMETRIC_REPRESENTATION_CONTEXT(3) 
GLOBAL_UNCERTAINTY_ASSIGNED_CONTEXT((#3124)) 
GLOBAL_UNIT_ASSIGNED_CONTEXT((#3121,#3122,#3123)) REPRESENTATION_CONTEXT
('Context #1','3D Context with UNIT and UNCERTAINTY') );
#3121 = ( LENGTH_UNIT() NAMED_UNIT(*) SI_UNIT(.MILLI.,.METRE.) );
#3122 = ( NAMED_UNIT(*) PLANE_ANGLE_UNIT() SI_UNIT($,.RADIAN.) );
#3123 = ( NAMED_UNIT(*) SI_UNIT($,.STERADIAN.) SOLID_ANGLE_UNIT() );
#3124 = UNCERTAINTY_MEASURE_WITH_UNIT(LENGTH_MEASURE(1.E-07),#3121,
  'distance_accuracy_value','confusion accuracy');
#3125 = CONTEXT_DEPENDENT_SHAPE_REPRESENTATION(#3126,#3128);
#3126 = ( REPRESENTATION_RELATIONSHIP('','',#2982,#10) 
REPRESENTATION_RELATIONSHIP_WITH_TRANSFORMATION(#3127) 
SHAPE_REPRESENTATION_RELATIONSHIP() );
#3127 = ITEM_DEFINED_TRANSFORMATION('','',#11,#35);
#3128 = PRODUCT_DEFINITION_SHAPE('Placement','Placement of an item',
  #3129);
#3129 = NEXT_ASSEMBLY_USAGE_OCCURRENCE('6',
  '后置倒相管 · Ø32 × 160 可换试验件','',#5,#2977,$);
#3130 = PRODUCT_RELATED_PRODUCT_CATEGORY('part',$,(#2979));
#3131 = SHAPE_DEFINITION_REPRESENTATION(#3132,#3138);
#3132 = PRODUCT_DEFINITION_SHAPE('','',#3133);
#3133 = PRODUCT_DEFINITION('design','',#3134,#3137);
#3134 = PRODUCT_DEFINITION_FORMATION('','',#3135);
#3135 = PRODUCT('前沿银色 T 型铝饰条',
  '前沿银色 T 型铝饰条','',(#3136));
#3136 = PRODUCT_CONTEXT('',#2,'mechanical');
#3137 = PRODUCT_DEFINITION_CONTEXT('part definition',#2,'design');
#3138 = ADVANCED_BREP_SHAPE_REPRESENTATION('',(#11,#3139),#3421);
#3139 = MANIFOLD_SOLID_BREP('',#3140);
#3140 = CLOSED_SHELL('',(#3141,#3181,#3212,#3243,#3274,#3305,#3336,#3367
    ,#3389,#3405));
#3141 = ADVANCED_FACE('',(#3142),#3176,.T.);
#3142 = FACE_BOUND('',#3143,.T.);
#3143 = EDGE_LOOP('',(#3144,#3154,#3162,#3170));
#3144 = ORIENTED_EDGE('',*,*,#3145,.F.);
#3145 = EDGE_CURVE('',#3146,#3148,#3150,.T.);
#3146 = VERTEX_POINT('',#3147);
#3147 = CARTESIAN_POINT('',(437.5,5.,116.5));
#3148 = VERTEX_POINT('',#3149);
#3149 = CARTESIAN_POINT('',(437.5,5.,129.));
#3150 = LINE('',#3151,#3152);
#3151 = CARTESIAN_POINT('',(437.5,5.,116.5));
#3152 = VECTOR('',#3153,1.);
#3153 = DIRECTION('',(0.,0.,1.));
#3154 = ORIENTED_EDGE('',*,*,#3155,.F.);
#3155 = EDGE_CURVE('',#3156,#3146,#3158,.T.);
#3156 = VERTEX_POINT('',#3157);
#3157 = CARTESIAN_POINT('',(12.5,5.,116.5));
#3158 = LINE('',#3159,#3160);
#3159 = CARTESIAN_POINT('',(12.5,5.,116.5));
#3160 = VECTOR('',#3161,1.);
#3161 = DIRECTION('',(1.,0.,-0.));
#3162 = ORIENTED_EDGE('',*,*,#3163,.T.);
#3163 = EDGE_CURVE('',#3156,#3164,#3166,.T.);
#3164 = VERTEX_POINT('',#3165);
#3165 = CARTESIAN_POINT('',(12.5,5.,129.));
#3166 = LINE('',#3167,#3168);
#3167 = CARTESIAN_POINT('',(12.5,5.,116.5));
#3168 = VECTOR('',#3169,1.);
#3169 = DIRECTION('',(0.,0.,1.));
#3170 = ORIENTED_EDGE('',*,*,#3171,.T.);
#3171 = EDGE_CURVE('',#3164,#3148,#3172,.T.);
#3172 = LINE('',#3173,#3174);
#3173 = CARTESIAN_POINT('',(12.5,5.,129.));
#3174 = VECTOR('',#3175,1.);
#3175 = DIRECTION('',(1.,0.,-0.));
#3176 = PLANE('',#3177);
#3177 = AXIS2_PLACEMENT_3D('',#3178,#3179,#3180);
#3178 = CARTESIAN_POINT('',(12.5,5.,116.5));
#3179 = DIRECTION('',(-0.,1.,0.));
#3180 = DIRECTION('',(0.,0.,1.));
#3181 = ADVANCED_FACE('',(#3182),#3207,.F.);
#3182 = FACE_BOUND('',#3183,.F.);
#3183 = EDGE_LOOP('',(#3184,#3192,#3200,#3206));
#3184 = ORIENTED_EDGE('',*,*,#3185,.F.);
#3185 = EDGE_CURVE('',#3186,#3156,#3188,.T.);
#3186 = VERTEX_POINT('',#3187);
#3187 = CARTESIAN_POINT('',(12.5,0.,116.5));
#3188 = LINE('',#3189,#3190);
#3189 = CARTESIAN_POINT('',(12.5,0.,116.5));
#3190 = VECTOR('',#3191,1.);
#3191 = DIRECTION('',(-0.,1.,0.));
#3192 = ORIENTED_EDGE('',*,*,#3193,.T.);
#3193 = EDGE_CURVE('',#3186,#3194,#3196,.T.);
#3194 = VERTEX_POINT('',#3195);
#3195 = CARTESIAN_POINT('',(437.5,0.,116.5));
#3196 = LINE('',#3197,#3198);
#3197 = CARTESIAN_POINT('',(12.5,0.,116.5));
#3198 = VECTOR('',#3199,1.);
#3199 = DIRECTION('',(1.,0.,-0.));
#3200 = ORIENTED_EDGE('',*,*,#3201,.T.);
#3201 = EDGE_CURVE('',#3194,#3146,#3202,.T.);
#3202 = LINE('',#3203,#3204);
#3203 = CARTESIAN_POINT('',(437.5,0.,116.5));
#3204 = VECTOR('',#3205,1.);
#3205 = DIRECTION('',(-0.,1.,0.));
#3206 = ORIENTED_EDGE('',*,*,#3155,.F.);
#3207 = PLANE('',#3208);
#3208 = AXIS2_PLACEMENT_3D('',#3209,#3210,#3211);
#3209 = CARTESIAN_POINT('',(12.5,0.,116.5));
#3210 = DIRECTION('',(0.,0.,1.));
#3211 = DIRECTION('',(1.,0.,-0.));
#3212 = ADVANCED_FACE('',(#3213),#3238,.F.);
#3213 = FACE_BOUND('',#3214,.F.);
#3214 = EDGE_LOOP('',(#3215,#3216,#3224,#3232));
#3215 = ORIENTED_EDGE('',*,*,#3193,.F.);
#3216 = ORIENTED_EDGE('',*,*,#3217,.T.);
#3217 = EDGE_CURVE('',#3186,#3218,#3220,.T.);
#3218 = VERTEX_POINT('',#3219);
#3219 = CARTESIAN_POINT('',(12.5,0.,146.5));
#3220 = LINE('',#3221,#3222);
#3221 = CARTESIAN_POINT('',(12.5,0.,116.5));
#3222 = VECTOR('',#3223,1.);
#3223 = DIRECTION('',(0.,0.,1.));
#3224 = ORIENTED_EDGE('',*,*,#3225,.T.);
#3225 = EDGE_CURVE('',#3218,#3226,#3228,.T.);
#3226 = VERTEX_POINT('',#3227);
#3227 = CARTESIAN_POINT('',(437.5,0.,146.5));
#3228 = LINE('',#3229,#3230);
#3229 = CARTESIAN_POINT('',(12.5,0.,146.5));
#3230 = VECTOR('',#3231,1.);
#3231 = DIRECTION('',(1.,0.,-0.));
#3232 = ORIENTED_EDGE('',*,*,#3233,.F.);
#3233 = EDGE_CURVE('',#3194,#3226,#3234,.T.);
#3234 = LINE('',#3235,#3236);
#3235 = CARTESIAN_POINT('',(437.5,0.,116.5));
#3236 = VECTOR('',#3237,1.);
#3237 = DIRECTION('',(0.,0.,1.));
#3238 = PLANE('',#3239);
#3239 = AXIS2_PLACEMENT_3D('',#3240,#3241,#3242);
#3240 = CARTESIAN_POINT('',(12.5,0.,116.5));
#3241 = DIRECTION('',(-0.,1.,0.));
#3242 = DIRECTION('',(0.,0.,1.));
#3243 = ADVANCED_FACE('',(#3244),#3269,.T.);
#3244 = FACE_BOUND('',#3245,.T.);
#3245 = EDGE_LOOP('',(#3246,#3254,#3255,#3263));
#3246 = ORIENTED_EDGE('',*,*,#3247,.F.);
#3247 = EDGE_CURVE('',#3218,#3248,#3250,.T.);
#3248 = VERTEX_POINT('',#3249);
#3249 = CARTESIAN_POINT('',(12.5,5.,146.5));
#3250 = LINE('',#3251,#3252);
#3251 = CARTESIAN_POINT('',(12.5,0.,146.5));
#3252 = VECTOR('',#3253,1.);
#3253 = DIRECTION('',(-0.,1.,0.));
#3254 = ORIENTED_EDGE('',*,*,#3225,.T.);
#3255 = ORIENTED_EDGE('',*,*,#3256,.T.);
#3256 = EDGE_CURVE('',#3226,#3257,#3259,.T.);
#3257 = VERTEX_POINT('',#3258);
#3258 = CARTESIAN_POINT('',(437.5,5.,146.5));
#3259 = LINE('',#3260,#3261);
#3260 = CARTESIAN_POINT('',(437.5,0.,146.5));
#3261 = VECTOR('',#3262,1.);
#3262 = DIRECTION('',(-0.,1.,0.));
#3263 = ORIENTED_EDGE('',*,*,#3264,.F.);
#3264 = EDGE_CURVE('',#3248,#3257,#3265,.T.);
#3265 = LINE('',#3266,#3267);
#3266 = CARTESIAN_POINT('',(12.5,5.,146.5));
#3267 = VECTOR('',#3268,1.);
#3268 = DIRECTION('',(1.,0.,-0.));
#3269 = PLANE('',#3270);
#3270 = AXIS2_PLACEMENT_3D('',#3271,#3272,#3273);
#3271 = CARTESIAN_POINT('',(12.5,0.,146.5));
#3272 = DIRECTION('',(0.,0.,1.));
#3273 = DIRECTION('',(1.,0.,-0.));
#3274 = ADVANCED_FACE('',(#3275),#3300,.T.);
#3275 = FACE_BOUND('',#3276,.T.);
#3276 = EDGE_LOOP('',(#3277,#3285,#3293,#3299));
#3277 = ORIENTED_EDGE('',*,*,#3278,.F.);
#3278 = EDGE_CURVE('',#3279,#3257,#3281,.T.);
#3279 = VERTEX_POINT('',#3280);
#3280 = CARTESIAN_POINT('',(437.5,5.,134.));
#3281 = LINE('',#3282,#3283);
#3282 = CARTESIAN_POINT('',(437.5,5.,116.5));
#3283 = VECTOR('',#3284,1.);
#3284 = DIRECTION('',(0.,0.,1.));
#3285 = ORIENTED_EDGE('',*,*,#3286,.F.);
#3286 = EDGE_CURVE('',#3287,#3279,#3289,.T.);
#3287 = VERTEX_POINT('',#3288);
#3288 = CARTESIAN_POINT('',(12.5,5.,134.));
#3289 = LINE('',#3290,#3291);
#3290 = CARTESIAN_POINT('',(12.5,5.,134.));
#3291 = VECTOR('',#3292,1.);
#3292 = DIRECTION('',(1.,0.,-0.));
#3293 = ORIENTED_EDGE('',*,*,#3294,.T.);
#3294 = EDGE_CURVE('',#3287,#3248,#3295,.T.);
#3295 = LINE('',#3296,#3297);
#3296 = CARTESIAN_POINT('',(12.5,5.,116.5));
#3297 = VECTOR('',#3298,1.);
#3298 = DIRECTION('',(0.,0.,1.));
#3299 = ORIENTED_EDGE('',*,*,#3264,.T.);
#3300 = PLANE('',#3301);
#3301 = AXIS2_PLACEMENT_3D('',#3302,#3303,#3304);
#3302 = CARTESIAN_POINT('',(12.5,5.,116.5));
#3303 = DIRECTION('',(-0.,1.,0.));
#3304 = DIRECTION('',(0.,0.,1.));
#3305 = ADVANCED_FACE('',(#3306),#3331,.F.);
#3306 = FACE_BOUND('',#3307,.F.);
#3307 = EDGE_LOOP('',(#3308,#3316,#3317,#3325));
#3308 = ORIENTED_EDGE('',*,*,#3309,.F.);
#3309 = EDGE_CURVE('',#3164,#3310,#3312,.T.);
#3310 = VERTEX_POINT('',#3311);
#3311 = CARTESIAN_POINT('',(12.5,30.,129.));
#3312 = LINE('',#3313,#3314);
#3313 = CARTESIAN_POINT('',(12.5,5.,129.));
#3314 = VECTOR('',#3315,1.);
#3315 = DIRECTION('',(-0.,1.,0.));
#3316 = ORIENTED_EDGE('',*,*,#3171,.T.);
#3317 = ORIENTED_EDGE('',*,*,#3318,.T.);
#3318 = EDGE_CURVE('',#3148,#3319,#3321,.T.);
#3319 = VERTEX_POINT('',#3320);
#3320 = CARTESIAN_POINT('',(437.5,30.,129.));
#3321 = LINE('',#3322,#3323);
#3322 = CARTESIAN_POINT('',(437.5,5.,129.));
#3323 = VECTOR('',#3324,1.);
#3324 = DIRECTION('',(-0.,1.,0.));
#3325 = ORIENTED_EDGE('',*,*,#3326,.F.);
#3326 = EDGE_CURVE('',#3310,#3319,#3327,.T.);
#3327 = LINE('',#3328,#3329);
#3328 = CARTESIAN_POINT('',(12.5,30.,129.));
#3329 = VECTOR('',#3330,1.);
#3330 = DIRECTION('',(1.,0.,-0.));
#3331 = PLANE('',#3332);
#3332 = AXIS2_PLACEMENT_3D('',#3333,#3334,#3335);
#3333 = CARTESIAN_POINT('',(12.5,5.,129.));
#3334 = DIRECTION('',(0.,0.,1.));
#3335 = DIRECTION('',(1.,0.,-0.));
#3336 = ADVANCED_FACE('',(#3337),#3362,.T.);
#3337 = FACE_BOUND('',#3338,.T.);
#3338 = EDGE_LOOP('',(#3339,#3347,#3348,#3356));
#3339 = ORIENTED_EDGE('',*,*,#3340,.F.);
#3340 = EDGE_CURVE('',#3287,#3341,#3343,.T.);
#3341 = VERTEX_POINT('',#3342);
#3342 = CARTESIAN_POINT('',(12.5,30.,134.));
#3343 = LINE('',#3344,#3345);
#3344 = CARTESIAN_POINT('',(12.5,5.,134.));
#3345 = VECTOR('',#3346,1.);
#3346 = DIRECTION('',(-0.,1.,0.));
#3347 = ORIENTED_EDGE('',*,*,#3286,.T.);
#3348 = ORIENTED_EDGE('',*,*,#3349,.T.);
#3349 = EDGE_CURVE('',#3279,#3350,#3352,.T.);
#3350 = VERTEX_POINT('',#3351);
#3351 = CARTESIAN_POINT('',(437.5,30.,134.));
#3352 = LINE('',#3353,#3354);
#3353 = CARTESIAN_POINT('',(437.5,5.,134.));
#3354 = VECTOR('',#3355,1.);
#3355 = DIRECTION('',(-0.,1.,0.));
#3356 = ORIENTED_EDGE('',*,*,#3357,.F.);
#3357 = EDGE_CURVE('',#3341,#3350,#3358,.T.);
#3358 = LINE('',#3359,#3360);
#3359 = CARTESIAN_POINT('',(12.5,30.,134.));
#3360 = VECTOR('',#3361,1.);
#3361 = DIRECTION('',(1.,0.,-0.));
#3362 = PLANE('',#3363);
#3363 = AXIS2_PLACEMENT_3D('',#3364,#3365,#3366);
#3364 = CARTESIAN_POINT('',(12.5,5.,134.));
#3365 = DIRECTION('',(0.,0.,1.));
#3366 = DIRECTION('',(1.,0.,-0.));
#3367 = ADVANCED_FACE('',(#3368),#3384,.T.);
#3368 = FACE_BOUND('',#3369,.T.);
#3369 = EDGE_LOOP('',(#3370,#3371,#3377,#3378));
#3370 = ORIENTED_EDGE('',*,*,#3326,.F.);
#3371 = ORIENTED_EDGE('',*,*,#3372,.T.);
#3372 = EDGE_CURVE('',#3310,#3341,#3373,.T.);
#3373 = LINE('',#3374,#3375);
#3374 = CARTESIAN_POINT('',(12.5,30.,129.));
#3375 = VECTOR('',#3376,1.);
#3376 = DIRECTION('',(0.,0.,1.));
#3377 = ORIENTED_EDGE('',*,*,#3357,.T.);
#3378 = ORIENTED_EDGE('',*,*,#3379,.F.);
#3379 = EDGE_CURVE('',#3319,#3350,#3380,.T.);
#3380 = LINE('',#3381,#3382);
#3381 = CARTESIAN_POINT('',(437.5,30.,129.));
#3382 = VECTOR('',#3383,1.);
#3383 = DIRECTION('',(0.,0.,1.));
#3384 = PLANE('',#3385);
#3385 = AXIS2_PLACEMENT_3D('',#3386,#3387,#3388);
#3386 = CARTESIAN_POINT('',(12.5,30.,129.));
#3387 = DIRECTION('',(-0.,1.,0.));
#3388 = DIRECTION('',(0.,0.,1.));
#3389 = ADVANCED_FACE('',(#3390),#3400,.T.);
#3390 = FACE_BOUND('',#3391,.T.);
#3391 = EDGE_LOOP('',(#3392,#3393,#3394,#3395,#3396,#3397,#3398,#3399));
#3392 = ORIENTED_EDGE('',*,*,#3217,.T.);
#3393 = ORIENTED_EDGE('',*,*,#3247,.T.);
#3394 = ORIENTED_EDGE('',*,*,#3294,.F.);
#3395 = ORIENTED_EDGE('',*,*,#3340,.T.);
#3396 = ORIENTED_EDGE('',*,*,#3372,.F.);
#3397 = ORIENTED_EDGE('',*,*,#3309,.F.);
#3398 = ORIENTED_EDGE('',*,*,#3163,.F.);
#3399 = ORIENTED_EDGE('',*,*,#3185,.F.);
#3400 = PLANE('',#3401);
#3401 = AXIS2_PLACEMENT_3D('',#3402,#3403,#3404);
#3402 = CARTESIAN_POINT('',(12.5,9.791666666667,131.5));
#3403 = DIRECTION('',(-1.,-0.,-0.));
#3404 = DIRECTION('',(0.,0.,-1.));
#3405 = ADVANCED_FACE('',(#3406),#3416,.T.);
#3406 = FACE_BOUND('',#3407,.T.);
#3407 = EDGE_LOOP('',(#3408,#3409,#3410,#3411,#3412,#3413,#3414,#3415));
#3408 = ORIENTED_EDGE('',*,*,#3233,.F.);
#3409 = ORIENTED_EDGE('',*,*,#3201,.T.);
#3410 = ORIENTED_EDGE('',*,*,#3145,.T.);
#3411 = ORIENTED_EDGE('',*,*,#3318,.T.);
#3412 = ORIENTED_EDGE('',*,*,#3379,.T.);
#3413 = ORIENTED_EDGE('',*,*,#3349,.F.);
#3414 = ORIENTED_EDGE('',*,*,#3278,.T.);
#3415 = ORIENTED_EDGE('',*,*,#3256,.F.);
#3416 = PLANE('',#3417);
#3417 = AXIS2_PLACEMENT_3D('',#3418,#3419,#3420);
#3418 = CARTESIAN_POINT('',(437.5,9.791666666667,131.5));
#3419 = DIRECTION('',(1.,0.,0.));
#3420 = DIRECTION('',(-0.,0.,1.));
#3421 = ( GEOMETRIC_REPRESENTATION_CONTEXT(3) 
GLOBAL_UNCERTAINTY_ASSIGNED_CONTEXT((#3425)) 
GLOBAL_UNIT_ASSIGNED_CONTEXT((#3422,#3423,#3424)) REPRESENTATION_CONTEXT
('Context #1','3D Context with UNIT and UNCERTAINTY') );
#3422 = ( LENGTH_UNIT() NAMED_UNIT(*) SI_UNIT(.MILLI.,.METRE.) );
#3423 = ( NAMED_UNIT(*) PLANE_ANGLE_UNIT() SI_UNIT($,.RADIAN.) );
#3424 = ( NAMED_UNIT(*) SI_UNIT($,.STERADIAN.) SOLID_ANGLE_UNIT() );
#3425 = UNCERTAINTY_MEASURE_WITH_UNIT(LENGTH_MEASURE(1.E-07),#3422,
  'distance_accuracy_value','confusion accuracy');
#3426 = CONTEXT_DEPENDENT_SHAPE_REPRESENTATION(#3427,#3429);
#3427 = ( REPRESENTATION_RELATIONSHIP('','',#3138,#10) 
REPRESENTATION_RELATIONSHIP_WITH_TRANSFORMATION(#3428) 
SHAPE_REPRESENTATION_RELATIONSHIP() );
#3428 = ITEM_DEFINED_TRANSFORMATION('','',#11,#39);
#3429 = PRODUCT_DEFINITION_SHAPE('Placement','Placement of an item',
  #3430);
#3430 = NEXT_ASSEMBLY_USAGE_OCCURRENCE('7','前沿银色 T 型铝饰条'
  ,'',#5,#3133,$);
#3431 = PRODUCT_RELATED_PRODUCT_CATEGORY('part',$,(#3135));
#3432 = SHAPE_DEFINITION_REPRESENTATION(#3433,#3439);
#3433 = PRODUCT_DEFINITION_SHAPE('','',#3434);
#3434 = PRODUCT_DEFINITION('design','',#3435,#3438);
#3435 = PRODUCT_DEFINITION_FORMATION('','',#3436);
#3436 = PRODUCT('透声布外观占位（非实心材料）',
  '透声布外观占位（非实心材料）','',(#3437));
#3437 = PRODUCT_CONTEXT('',#2,'mechanical');
#3438 = PRODUCT_DEFINITION_CONTEXT('part definition',#2,'design');
#3439 = ADVANCED_BREP_SHAPE_REPRESENTATION('',(#11,#3440),#3590);
#3440 = MANIFOLD_SOLID_BREP('',#3441);
#3441 = CLOSED_SHELL('',(#3442,#3482,#3513,#3544,#3566,#3578));
#3442 = ADVANCED_FACE('',(#3443),#3477,.T.);
#3443 = FACE_BOUND('',#3444,.T.);
#3444 = EDGE_LOOP('',(#3445,#3455,#3463,#3471));
#3445 = ORIENTED_EDGE('',*,*,#3446,.T.);
#3446 = EDGE_CURVE('',#3447,#3449,#3451,.T.);
#3447 = VERTEX_POINT('',#3448);
#3448 = CARTESIAN_POINT('',(12.,15.5,34.5));
#3449 = VERTEX_POINT('',#3450);
#3450 = CARTESIAN_POINT('',(438.,15.5,34.5));
#3451 = LINE('',#3452,#3453);
#3452 = CARTESIAN_POINT('',(12.,15.5,34.5));
#3453 = VECTOR('',#3454,1.);
#3454 = DIRECTION('',(1.,0.,0.));
#3455 = ORIENTED_EDGE('',*,*,#3456,.T.);
#3456 = EDGE_CURVE('',#3449,#3457,#3459,.T.);
#3457 = VERTEX_POINT('',#3458);
#3458 = CARTESIAN_POINT('',(438.,44.742772660962,124.5));
#3459 = LINE('',#3460,#3461);
#3460 = CARTESIAN_POINT('',(438.,15.5,34.5));
#3461 = VECTOR('',#3462,1.);
#3462 = DIRECTION('',(0.,0.309016994375,0.951056516295));
#3463 = ORIENTED_EDGE('',*,*,#3464,.F.);
#3464 = EDGE_CURVE('',#3465,#3457,#3467,.T.);
#3465 = VERTEX_POINT('',#3466);
#3466 = CARTESIAN_POINT('',(12.,44.742772660962,124.5));
#3467 = LINE('',#3468,#3469);
#3468 = CARTESIAN_POINT('',(12.,44.742772660962,124.5));
#3469 = VECTOR('',#3470,1.);
#3470 = DIRECTION('',(1.,0.,0.));
#3471 = ORIENTED_EDGE('',*,*,#3472,.F.);
#3472 = EDGE_CURVE('',#3447,#3465,#3473,.T.);
#3473 = LINE('',#3474,#3475);
#3474 = CARTESIAN_POINT('',(12.,15.5,34.5));
#3475 = VECTOR('',#3476,1.);
#3476 = DIRECTION('',(0.,0.309016994375,0.951056516295));
#3477 = PLANE('',#3478);
#3478 = AXIS2_PLACEMENT_3D('',#3479,#3480,#3481);
#3479 = CARTESIAN_POINT('',(12.,15.5,34.5));
#3480 = DIRECTION('',(0.,-0.951056516295,0.309016994375));
#3481 = DIRECTION('',(0.,0.309016994375,0.951056516295));
#3482 = ADVANCED_FACE('',(#3483),#3508,.T.);
#3483 = FACE_BOUND('',#3484,.T.);
#3484 = EDGE_LOOP('',(#3485,#3486,#3494,#3502));
#3485 = ORIENTED_EDGE('',*,*,#3464,.T.);
#3486 = ORIENTED_EDGE('',*,*,#3487,.T.);
#3487 = EDGE_CURVE('',#3457,#3488,#3490,.T.);
#3488 = VERTEX_POINT('',#3489);
#3489 = CARTESIAN_POINT('',(438.,45.242772660962,124.5));
#3490 = LINE('',#3491,#3492);
#3491 = CARTESIAN_POINT('',(438.,44.742772660962,124.5));
#3492 = VECTOR('',#3493,1.);
#3493 = DIRECTION('',(0.,1.,0.));
#3494 = ORIENTED_EDGE('',*,*,#3495,.F.);
#3495 = EDGE_CURVE('',#3496,#3488,#3498,.T.);
#3496 = VERTEX_POINT('',#3497);
#3497 = CARTESIAN_POINT('',(12.,45.242772660962,124.5));
#3498 = LINE('',#3499,#3500);
#3499 = CARTESIAN_POINT('',(12.,45.242772660962,124.5));
#3500 = VECTOR('',#3501,1.);
#3501 = DIRECTION('',(1.,0.,0.));
#3502 = ORIENTED_EDGE('',*,*,#3503,.F.);
#3503 = EDGE_CURVE('',#3465,#3496,#3504,.T.);
#3504 = LINE('',#3505,#3506);
#3505 = CARTESIAN_POINT('',(12.,44.742772660962,124.5));
#3506 = VECTOR('',#3507,1.);
#3507 = DIRECTION('',(0.,1.,0.));
#3508 = PLANE('',#3509);
#3509 = AXIS2_PLACEMENT_3D('',#3510,#3511,#3512);
#3510 = CARTESIAN_POINT('',(12.,44.742772660962,124.5));
#3511 = DIRECTION('',(0.,0.,1.));
#3512 = DIRECTION('',(0.,1.,0.));
#3513 = ADVANCED_FACE('',(#3514),#3539,.T.);
#3514 = FACE_BOUND('',#3515,.T.);
#3515 = EDGE_LOOP('',(#3516,#3517,#3525,#3533));
#3516 = ORIENTED_EDGE('',*,*,#3495,.T.);
#3517 = ORIENTED_EDGE('',*,*,#3518,.T.);
#3518 = EDGE_CURVE('',#3488,#3519,#3521,.T.);
#3519 = VERTEX_POINT('',#3520);
#3520 = CARTESIAN_POINT('',(438.,16.,34.5));
#3521 = LINE('',#3522,#3523);
#3522 = CARTESIAN_POINT('',(438.,45.242772660962,124.5));
#3523 = VECTOR('',#3524,1.);
#3524 = DIRECTION('',(0.,-0.309016994375,-0.951056516295));
#3525 = ORIENTED_EDGE('',*,*,#3526,.F.);
#3526 = EDGE_CURVE('',#3527,#3519,#3529,.T.);
#3527 = VERTEX_POINT('',#3528);
#3528 = CARTESIAN_POINT('',(12.,16.,34.5));
#3529 = LINE('',#3530,#3531);
#3530 = CARTESIAN_POINT('',(12.,16.,34.5));
#3531 = VECTOR('',#3532,1.);
#3532 = DIRECTION('',(1.,0.,0.));
#3533 = ORIENTED_EDGE('',*,*,#3534,.F.);
#3534 = EDGE_CURVE('',#3496,#3527,#3535,.T.);
#3535 = LINE('',#3536,#3537);
#3536 = CARTESIAN_POINT('',(12.,45.242772660962,124.5));
#3537 = VECTOR('',#3538,1.);
#3538 = DIRECTION('',(0.,-0.309016994375,-0.951056516295));
#3539 = PLANE('',#3540);
#3540 = AXIS2_PLACEMENT_3D('',#3541,#3542,#3543);
#3541 = CARTESIAN_POINT('',(12.,45.242772660962,124.5));
#3542 = DIRECTION('',(0.,0.951056516295,-0.309016994375));
#3543 = DIRECTION('',(0.,-0.309016994375,-0.951056516295));
#3544 = ADVANCED_FACE('',(#3545),#3561,.T.);
#3545 = FACE_BOUND('',#3546,.T.);
#3546 = EDGE_LOOP('',(#3547,#3548,#3554,#3555));
#3547 = ORIENTED_EDGE('',*,*,#3526,.T.);
#3548 = ORIENTED_EDGE('',*,*,#3549,.T.);
#3549 = EDGE_CURVE('',#3519,#3449,#3550,.T.);
#3550 = LINE('',#3551,#3552);
#3551 = CARTESIAN_POINT('',(438.,16.,34.5));
#3552 = VECTOR('',#3553,1.);
#3553 = DIRECTION('',(0.,-1.,0.));
#3554 = ORIENTED_EDGE('',*,*,#3446,.F.);
#3555 = ORIENTED_EDGE('',*,*,#3556,.F.);
#3556 = EDGE_CURVE('',#3527,#3447,#3557,.T.);
#3557 = LINE('',#3558,#3559);
#3558 = CARTESIAN_POINT('',(12.,16.,34.5));
#3559 = VECTOR('',#3560,1.);
#3560 = DIRECTION('',(0.,-1.,0.));
#3561 = PLANE('',#3562);
#3562 = AXIS2_PLACEMENT_3D('',#3563,#3564,#3565);
#3563 = CARTESIAN_POINT('',(12.,16.,34.5));
#3564 = DIRECTION('',(0.,0.,-1.));
#3565 = DIRECTION('',(0.,-1.,0.));
#3566 = ADVANCED_FACE('',(#3567),#3573,.T.);
#3567 = FACE_BOUND('',#3568,.T.);
#3568 = EDGE_LOOP('',(#3569,#3570,#3571,#3572));
#3569 = ORIENTED_EDGE('',*,*,#3472,.T.);
#3570 = ORIENTED_EDGE('',*,*,#3503,.T.);
#3571 = ORIENTED_EDGE('',*,*,#3534,.T.);
#3572 = ORIENTED_EDGE('',*,*,#3556,.T.);
#3573 = PLANE('',#3574);
#3574 = AXIS2_PLACEMENT_3D('',#3575,#3576,#3577);
#3575 = CARTESIAN_POINT('',(12.,30.371386330481,79.5));
#3576 = DIRECTION('',(-1.,-0.,-0.));
#3577 = DIRECTION('',(0.,0.,-1.));
#3578 = ADVANCED_FACE('',(#3579),#3585,.F.);
#3579 = FACE_BOUND('',#3580,.F.);
#3580 = EDGE_LOOP('',(#3581,#3582,#3583,#3584));
#3581 = ORIENTED_EDGE('',*,*,#3456,.T.);
#3582 = ORIENTED_EDGE('',*,*,#3487,.T.);
#3583 = ORIENTED_EDGE('',*,*,#3518,.T.);
#3584 = ORIENTED_EDGE('',*,*,#3549,.T.);
#3585 = PLANE('',#3586);
#3586 = AXIS2_PLACEMENT_3D('',#3587,#3588,#3589);
#3587 = CARTESIAN_POINT('',(438.,30.371386330481,79.5));
#3588 = DIRECTION('',(-1.,-0.,-0.));
#3589 = DIRECTION('',(0.,0.,-1.));
#3590 = ( GEOMETRIC_REPRESENTATION_CONTEXT(3) 
GLOBAL_UNCERTAINTY_ASSIGNED_CONTEXT((#3594)) 
GLOBAL_UNIT_ASSIGNED_CONTEXT((#3591,#3592,#3593)) REPRESENTATION_CONTEXT
('Context #1','3D Context with UNIT and UNCERTAINTY') );
#3591 = ( LENGTH_UNIT() NAMED_UNIT(*) SI_UNIT(.MILLI.,.METRE.) );
#3592 = ( NAMED_UNIT(*) PLANE_ANGLE_UNIT() SI_UNIT($,.RADIAN.) );
#3593 = ( NAMED_UNIT(*) SI_UNIT($,.STERADIAN.) SOLID_ANGLE_UNIT() );
#3594 = UNCERTAINTY_MEASURE_WITH_UNIT(LENGTH_MEASURE(1.E-07),#3591,
  'distance_accuracy_value','confusion accuracy');
#3595 = CONTEXT_DEPENDENT_SHAPE_REPRESENTATION(#3596,#3598);
#3596 = ( REPRESENTATION_RELATIONSHIP('','',#3439,#10) 
REPRESENTATION_RELATIONSHIP_WITH_TRANSFORMATION(#3597) 
SHAPE_REPRESENTATION_RELATIONSHIP() );
#3597 = ITEM_DEFINED_TRANSFORMATION('','',#11,#43);
#3598 = PRODUCT_DEFINITION_SHAPE('Placement','Placement of an item',
  #3599);
#3599 = NEXT_ASSEMBLY_USAGE_OCCURRENCE('8',
  '透声布外观占位（非实心材料）','',#5,#3434,$);
#3600 = PRODUCT_RELATED_PRODUCT_CATEGORY('part',$,(#3436));
#3601 = SHAPE_DEFINITION_REPRESENTATION(#3602,#3608);
#3602 = PRODUCT_DEFINITION_SHAPE('','',#3603);
#3603 = PRODUCT_DEFINITION('design','',#3604,#3607);
#3604 = PRODUCT_DEFINITION_FORMATION('','',#3605);
#3605 = PRODUCT('横向木格栅 01','横向木格栅 01','',(#3606));
#3606 = PRODUCT_CONTEXT('',#2,'mechanical');
#3607 = PRODUCT_DEFINITION_CONTEXT('part definition',#2,'design');
#3608 = ADVANCED_BREP_SHAPE_REPRESENTATION('',(#11,#3609),#3759);
#3609 = MANIFOLD_SOLID_BREP('',#3610);
#3610 = CLOSED_SHELL('',(#3611,#3651,#3682,#3713,#3735,#3747));
#3611 = ADVANCED_FACE('',(#3612),#3646,.T.);
#3612 = FACE_BOUND('',#3613,.T.);
#3613 = EDGE_LOOP('',(#3614,#3624,#3632,#3640));
#3614 = ORIENTED_EDGE('',*,*,#3615,.T.);
#3615 = EDGE_CURVE('',#3616,#3618,#3620,.T.);
#3616 = VERTEX_POINT('',#3617);
#3617 = CARTESIAN_POINT('',(12.,8.649839392466,36.5));
#3618 = VERTEX_POINT('',#3619);
#3619 = CARTESIAN_POINT('',(438.,8.649839392466,36.5));
#3620 = LINE('',#3621,#3622);
#3621 = CARTESIAN_POINT('',(12.,8.649839392466,36.5));
#3622 = VECTOR('',#3623,1.);
#3623 = DIRECTION('',(1.,0.,0.));
#3624 = ORIENTED_EDGE('',*,*,#3625,.T.);
#3625 = EDGE_CURVE('',#3618,#3626,#3628,.T.);
#3626 = VERTEX_POINT('',#3627);
#3627 = CARTESIAN_POINT('',(438.,11.740009336215,46.010565162952));
#3628 = LINE('',#3629,#3630);
#3629 = CARTESIAN_POINT('',(438.,8.649839392466,36.5));
#3630 = VECTOR('',#3631,1.);
#3631 = DIRECTION('',(0.,0.309016994375,0.951056516295));
#3632 = ORIENTED_EDGE('',*,*,#3633,.F.);
#3633 = EDGE_CURVE('',#3634,#3626,#3636,.T.);
#3634 = VERTEX_POINT('',#3635);
#3635 = CARTESIAN_POINT('',(12.,11.740009336215,46.010565162952));
#3636 = LINE('',#3637,#3638);
#3637 = CARTESIAN_POINT('',(12.,11.740009336215,46.010565162952));
#3638 = VECTOR('',#3639,1.);
#3639 = DIRECTION('',(1.,0.,0.));
#3640 = ORIENTED_EDGE('',*,*,#3641,.F.);
#3641 = EDGE_CURVE('',#3616,#3634,#3642,.T.);
#3642 = LINE('',#3643,#3644);
#3643 = CARTESIAN_POINT('',(12.,8.649839392466,36.5));
#3644 = VECTOR('',#3645,1.);
#3645 = DIRECTION('',(0.,0.309016994375,0.951056516295));
#3646 = PLANE('',#3647);
#3647 = AXIS2_PLACEMENT_3D('',#3648,#3649,#3650);
#3648 = CARTESIAN_POINT('',(12.,8.649839392466,36.5));
#3649 = DIRECTION('',(0.,-0.951056516295,0.309016994375));
#3650 = DIRECTION('',(0.,0.309016994375,0.951056516295));
#3651 = ADVANCED_FACE('',(#3652),#3677,.T.);
#3652 = FACE_BOUND('',#3653,.T.);
#3653 = EDGE_LOOP('',(#3654,#3655,#3663,#3671));
#3654 = ORIENTED_EDGE('',*,*,#3633,.T.);
#3655 = ORIENTED_EDGE('',*,*,#3656,.T.);
#3656 = EDGE_CURVE('',#3626,#3657,#3659,.T.);
#3657 = VERTEX_POINT('',#3658);
#3658 = CARTESIAN_POINT('',(438.,17.446348433986,44.156463196702));
#3659 = LINE('',#3660,#3661);
#3660 = CARTESIAN_POINT('',(438.,11.740009336215,46.010565162952));
#3661 = VECTOR('',#3662,1.);
#3662 = DIRECTION('',(0.,0.951056516295,-0.309016994375));
#3663 = ORIENTED_EDGE('',*,*,#3664,.F.);
#3664 = EDGE_CURVE('',#3665,#3657,#3667,.T.);
#3665 = VERTEX_POINT('',#3666);
#3666 = CARTESIAN_POINT('',(12.,17.446348433986,44.156463196702));
#3667 = LINE('',#3668,#3669);
#3668 = CARTESIAN_POINT('',(12.,17.446348433986,44.156463196702));
#3669 = VECTOR('',#3670,1.);
#3670 = DIRECTION('',(1.,0.,0.));
#3671 = ORIENTED_EDGE('',*,*,#3672,.F.);
#3672 = EDGE_CURVE('',#3634,#3665,#3673,.T.);
#3673 = LINE('',#3674,#3675);
#3674 = CARTESIAN_POINT('',(12.,11.740009336215,46.010565162952));
#3675 = VECTOR('',#3676,1.);
#3676 = DIRECTION('',(0.,0.951056516295,-0.309016994375));
#3677 = PLANE('',#3678);
#3678 = AXIS2_PLACEMENT_3D('',#3679,#3680,#3681);
#3679 = CARTESIAN_POINT('',(12.,11.740009336215,46.010565162952));
#3680 = DIRECTION('',(-0.,0.309016994375,0.951056516295));
#3681 = DIRECTION('',(0.,0.951056516295,-0.309016994375));
#3682 = ADVANCED_FACE('',(#3683),#3708,.T.);
#3683 = FACE_BOUND('',#3684,.T.);
#3684 = EDGE_LOOP('',(#3685,#3686,#3694,#3702));
#3685 = ORIENTED_EDGE('',*,*,#3664,.T.);
#3686 = ORIENTED_EDGE('',*,*,#3687,.T.);
#3687 = EDGE_CURVE('',#3657,#3688,#3690,.T.);
#3688 = VERTEX_POINT('',#3689);
#3689 = CARTESIAN_POINT('',(438.,14.356178490237,34.64589803375));
#3690 = LINE('',#3691,#3692);
#3691 = CARTESIAN_POINT('',(438.,17.446348433986,44.156463196702));
#3692 = VECTOR('',#3693,1.);
#3693 = DIRECTION('',(0.,-0.309016994375,-0.951056516295));
#3694 = ORIENTED_EDGE('',*,*,#3695,.F.);
#3695 = EDGE_CURVE('',#3696,#3688,#3698,.T.);
#3696 = VERTEX_POINT('',#3697);
#3697 = CARTESIAN_POINT('',(12.,14.356178490237,34.64589803375));
#3698 = LINE('',#3699,#3700);
#3699 = CARTESIAN_POINT('',(12.,14.356178490237,34.64589803375));
#3700 = VECTOR('',#3701,1.);
#3701 = DIRECTION('',(1.,0.,0.));
#3702 = ORIENTED_EDGE('',*,*,#3703,.F.);
#3703 = EDGE_CURVE('',#3665,#3696,#3704,.T.);
#3704 = LINE('',#3705,#3706);
#3705 = CARTESIAN_POINT('',(12.,17.446348433986,44.156463196702));
#3706 = VECTOR('',#3707,1.);
#3707 = DIRECTION('',(0.,-0.309016994375,-0.951056516295));
#3708 = PLANE('',#3709);
#3709 = AXIS2_PLACEMENT_3D('',#3710,#3711,#3712);
#3710 = CARTESIAN_POINT('',(12.,17.446348433986,44.156463196702));
#3711 = DIRECTION('',(0.,0.951056516295,-0.309016994375));
#3712 = DIRECTION('',(0.,-0.309016994375,-0.951056516295));
#3713 = ADVANCED_FACE('',(#3714),#3730,.T.);
#3714 = FACE_BOUND('',#3715,.T.);
#3715 = EDGE_LOOP('',(#3716,#3717,#3723,#3724));
#3716 = ORIENTED_EDGE('',*,*,#3695,.T.);
#3717 = ORIENTED_EDGE('',*,*,#3718,.T.);
#3718 = EDGE_CURVE('',#3688,#3618,#3719,.T.);
#3719 = LINE('',#3720,#3721);
#3720 = CARTESIAN_POINT('',(438.,14.356178490237,34.64589803375));
#3721 = VECTOR('',#3722,1.);
#3722 = DIRECTION('',(0.,-0.951056516295,0.309016994375));
#3723 = ORIENTED_EDGE('',*,*,#3615,.F.);
#3724 = ORIENTED_EDGE('',*,*,#3725,.F.);
#3725 = EDGE_CURVE('',#3696,#3616,#3726,.T.);
#3726 = LINE('',#3727,#3728);
#3727 = CARTESIAN_POINT('',(12.,14.356178490237,34.64589803375));
#3728 = VECTOR('',#3729,1.);
#3729 = DIRECTION('',(0.,-0.951056516295,0.309016994375));
#3730 = PLANE('',#3731);
#3731 = AXIS2_PLACEMENT_3D('',#3732,#3733,#3734);
#3732 = CARTESIAN_POINT('',(12.,14.356178490237,34.64589803375));
#3733 = DIRECTION('',(0.,-0.309016994375,-0.951056516295));
#3734 = DIRECTION('',(0.,-0.951056516295,0.309016994375));
#3735 = ADVANCED_FACE('',(#3736),#3742,.T.);
#3736 = FACE_BOUND('',#3737,.T.);
#3737 = EDGE_LOOP('',(#3738,#3739,#3740,#3741));
#3738 = ORIENTED_EDGE('',*,*,#3641,.T.);
#3739 = ORIENTED_EDGE('',*,*,#3672,.T.);
#3740 = ORIENTED_EDGE('',*,*,#3703,.T.);
#3741 = ORIENTED_EDGE('',*,*,#3725,.T.);
#3742 = PLANE('',#3743);
#3743 = AXIS2_PLACEMENT_3D('',#3744,#3745,#3746);
#3744 = CARTESIAN_POINT('',(12.,13.048093913226,40.328231598351));
#3745 = DIRECTION('',(-1.,-0.,-0.));
#3746 = DIRECTION('',(0.,0.,-1.));
#3747 = ADVANCED_FACE('',(#3748),#3754,.F.);
#3748 = FACE_BOUND('',#3749,.F.);
#3749 = EDGE_LOOP('',(#3750,#3751,#3752,#3753));
#3750 = ORIENTED_EDGE('',*,*,#3625,.T.);
#3751 = ORIENTED_EDGE('',*,*,#3656,.T.);
#3752 = ORIENTED_EDGE('',*,*,#3687,.T.);
#3753 = ORIENTED_EDGE('',*,*,#3718,.T.);
#3754 = PLANE('',#3755);
#3755 = AXIS2_PLACEMENT_3D('',#3756,#3757,#3758);
#3756 = CARTESIAN_POINT('',(438.,13.048093913226,40.328231598351));
#3757 = DIRECTION('',(-1.,-0.,-0.));
#3758 = DIRECTION('',(0.,0.,-1.));
#3759 = ( GEOMETRIC_REPRESENTATION_CONTEXT(3) 
GLOBAL_UNCERTAINTY_ASSIGNED_CONTEXT((#3763)) 
GLOBAL_UNIT_ASSIGNED_CONTEXT((#3760,#3761,#3762)) REPRESENTATION_CONTEXT
('Context #1','3D Context with UNIT and UNCERTAINTY') );
#3760 = ( LENGTH_UNIT() NAMED_UNIT(*) SI_UNIT(.MILLI.,.METRE.) );
#3761 = ( NAMED_UNIT(*) PLANE_ANGLE_UNIT() SI_UNIT($,.RADIAN.) );
#3762 = ( NAMED_UNIT(*) SI_UNIT($,.STERADIAN.) SOLID_ANGLE_UNIT() );
#3763 = UNCERTAINTY_MEASURE_WITH_UNIT(LENGTH_MEASURE(1.E-07),#3760,
  'distance_accuracy_value','confusion accuracy');
#3764 = CONTEXT_DEPENDENT_SHAPE_REPRESENTATION(#3765,#3767);
#3765 = ( REPRESENTATION_RELATIONSHIP('','',#3608,#10) 
REPRESENTATION_RELATIONSHIP_WITH_TRANSFORMATION(#3766) 
SHAPE_REPRESENTATION_RELATIONSHIP() );
#3766 = ITEM_DEFINED_TRANSFORMATION('','',#11,#47);
#3767 = PRODUCT_DEFINITION_SHAPE('Placement','Placement of an item',
  #3768);
#3768 = NEXT_ASSEMBLY_USAGE_OCCURRENCE('9','横向木格栅 01','',#5,
  #3603,$);
#3769 = PRODUCT_RELATED_PRODUCT_CATEGORY('part',$,(#3605));
#3770 = SHAPE_DEFINITION_REPRESENTATION(#3771,#3777);
#3771 = PRODUCT_DEFINITION_SHAPE('','',#3772);
#3772 = PRODUCT_DEFINITION('design','',#3773,#3776);
#3773 = PRODUCT_DEFINITION_FORMATION('','',#3774);
#3774 = PRODUCT('横向木格栅 02','横向木格栅 02','',(#3775));
#3775 = PRODUCT_CONTEXT('',#2,'mechanical');
#3776 = PRODUCT_DEFINITION_CONTEXT('part definition',#2,'design');
#3777 = ADVANCED_BREP_SHAPE_REPRESENTATION('',(#11,#3778),#3928);
#3778 = MANIFOLD_SOLID_BREP('',#3779);
#3779 = CLOSED_SHELL('',(#3780,#3820,#3851,#3882,#3904,#3916));
#3780 = ADVANCED_FACE('',(#3781),#3815,.T.);
#3781 = FACE_BOUND('',#3782,.T.);
#3782 = EDGE_LOOP('',(#3783,#3793,#3801,#3809));
#3783 = ORIENTED_EDGE('',*,*,#3784,.T.);
#3784 = EDGE_CURVE('',#3785,#3787,#3789,.T.);
#3785 = VERTEX_POINT('',#3786);
#3786 = CARTESIAN_POINT('',(12.,12.873795443494,49.5));
#3787 = VERTEX_POINT('',#3788);
#3788 = CARTESIAN_POINT('',(438.,12.873795443494,49.5));
#3789 = LINE('',#3790,#3791);
#3790 = CARTESIAN_POINT('',(12.,12.873795443494,49.5));
#3791 = VECTOR('',#3792,1.);
#3792 = DIRECTION('',(1.,0.,0.));
#3793 = ORIENTED_EDGE('',*,*,#3794,.T.);
#3794 = EDGE_CURVE('',#3787,#3795,#3797,.T.);
#3795 = VERTEX_POINT('',#3796);
#3796 = CARTESIAN_POINT('',(438.,15.963965387243,59.010565162952));
#3797 = LINE('',#3798,#3799);
#3798 = CARTESIAN_POINT('',(438.,12.873795443494,49.5));
#3799 = VECTOR('',#3800,1.);
#3800 = DIRECTION('',(0.,0.309016994375,0.951056516295));
#3801 = ORIENTED_EDGE('',*,*,#3802,.F.);
#3802 = EDGE_CURVE('',#3803,#3795,#3805,.T.);
#3803 = VERTEX_POINT('',#3804);
#3804 = CARTESIAN_POINT('',(12.,15.963965387243,59.010565162952));
#3805 = LINE('',#3806,#3807);
#3806 = CARTESIAN_POINT('',(12.,15.963965387243,59.010565162952));
#3807 = VECTOR('',#3808,1.);
#3808 = DIRECTION('',(1.,0.,0.));
#3809 = ORIENTED_EDGE('',*,*,#3810,.F.);
#3810 = EDGE_CURVE('',#3785,#3803,#3811,.T.);
#3811 = LINE('',#3812,#3813);
#3812 = CARTESIAN_POINT('',(12.,12.873795443494,49.5));
#3813 = VECTOR('',#3814,1.);
#3814 = DIRECTION('',(0.,0.309016994375,0.951056516295));
#3815 = PLANE('',#3816);
#3816 = AXIS2_PLACEMENT_3D('',#3817,#3818,#3819);
#3817 = CARTESIAN_POINT('',(12.,12.873795443494,49.5));
#3818 = DIRECTION('',(0.,-0.951056516295,0.309016994375));
#3819 = DIRECTION('',(0.,0.309016994375,0.951056516295));
#3820 = ADVANCED_FACE('',(#3821),#3846,.T.);
#3821 = FACE_BOUND('',#3822,.T.);
#3822 = EDGE_LOOP('',(#3823,#3824,#3832,#3840));
#3823 = ORIENTED_EDGE('',*,*,#3802,.T.);
#3824 = ORIENTED_EDGE('',*,*,#3825,.T.);
#3825 = EDGE_CURVE('',#3795,#3826,#3828,.T.);
#3826 = VERTEX_POINT('',#3827);
#3827 = CARTESIAN_POINT('',(438.,21.670304485014,57.156463196702));
#3828 = LINE('',#3829,#3830);
#3829 = CARTESIAN_POINT('',(438.,15.963965387243,59.010565162952));
#3830 = VECTOR('',#3831,1.);
#3831 = DIRECTION('',(0.,0.951056516295,-0.309016994375));
#3832 = ORIENTED_EDGE('',*,*,#3833,.F.);
#3833 = EDGE_CURVE('',#3834,#3826,#3836,.T.);
#3834 = VERTEX_POINT('',#3835);
#3835 = CARTESIAN_POINT('',(12.,21.670304485014,57.156463196702));
#3836 = LINE('',#3837,#3838);
#3837 = CARTESIAN_POINT('',(12.,21.670304485014,57.156463196702));
#3838 = VECTOR('',#3839,1.);
#3839 = DIRECTION('',(1.,0.,0.));
#3840 = ORIENTED_EDGE('',*,*,#3841,.F.);
#3841 = EDGE_CURVE('',#3803,#3834,#3842,.T.);
#3842 = LINE('',#3843,#3844);
#3843 = CARTESIAN_POINT('',(12.,15.963965387243,59.010565162952));
#3844 = VECTOR('',#3845,1.);
#3845 = DIRECTION('',(0.,0.951056516295,-0.309016994375));
#3846 = PLANE('',#3847);
#3847 = AXIS2_PLACEMENT_3D('',#3848,#3849,#3850);
#3848 = CARTESIAN_POINT('',(12.,15.963965387243,59.010565162952));
#3849 = DIRECTION('',(-0.,0.309016994375,0.951056516295));
#3850 = DIRECTION('',(0.,0.951056516295,-0.309016994375));
#3851 = ADVANCED_FACE('',(#3852),#3877,.T.);
#3852 = FACE_BOUND('',#3853,.T.);
#3853 = EDGE_LOOP('',(#3854,#3855,#3863,#3871));
#3854 = ORIENTED_EDGE('',*,*,#3833,.T.);
#3855 = ORIENTED_EDGE('',*,*,#3856,.T.);
#3856 = EDGE_CURVE('',#3826,#3857,#3859,.T.);
#3857 = VERTEX_POINT('',#3858);
#3858 = CARTESIAN_POINT('',(438.,18.580134541265,47.64589803375));
#3859 = LINE('',#3860,#3861);
#3860 = CARTESIAN_POINT('',(438.,21.670304485014,57.156463196702));
#3861 = VECTOR('',#3862,1.);
#3862 = DIRECTION('',(0.,-0.309016994375,-0.951056516295));
#3863 = ORIENTED_EDGE('',*,*,#3864,.F.);
#3864 = EDGE_CURVE('',#3865,#3857,#3867,.T.);
#3865 = VERTEX_POINT('',#3866);
#3866 = CARTESIAN_POINT('',(12.,18.580134541265,47.64589803375));
#3867 = LINE('',#3868,#3869);
#3868 = CARTESIAN_POINT('',(12.,18.580134541265,47.64589803375));
#3869 = VECTOR('',#3870,1.);
#3870 = DIRECTION('',(1.,0.,0.));
#3871 = ORIENTED_EDGE('',*,*,#3872,.F.);
#3872 = EDGE_CURVE('',#3834,#3865,#3873,.T.);
#3873 = LINE('',#3874,#3875);
#3874 = CARTESIAN_POINT('',(12.,21.670304485014,57.156463196702));
#3875 = VECTOR('',#3876,1.);
#3876 = DIRECTION('',(0.,-0.309016994375,-0.951056516295));
#3877 = PLANE('',#3878);
#3878 = AXIS2_PLACEMENT_3D('',#3879,#3880,#3881);
#3879 = CARTESIAN_POINT('',(12.,21.670304485014,57.156463196702));
#3880 = DIRECTION('',(0.,0.951056516295,-0.309016994375));
#3881 = DIRECTION('',(0.,-0.309016994375,-0.951056516295));
#3882 = ADVANCED_FACE('',(#3883),#3899,.T.);
#3883 = FACE_BOUND('',#3884,.T.);
#3884 = EDGE_LOOP('',(#3885,#3886,#3892,#3893));
#3885 = ORIENTED_EDGE('',*,*,#3864,.T.);
#3886 = ORIENTED_EDGE('',*,*,#3887,.T.);
#3887 = EDGE_CURVE('',#3857,#3787,#3888,.T.);
#3888 = LINE('',#3889,#3890);
#3889 = CARTESIAN_POINT('',(438.,18.580134541265,47.64589803375));
#3890 = VECTOR('',#3891,1.);
#3891 = DIRECTION('',(0.,-0.951056516295,0.309016994375));
#3892 = ORIENTED_EDGE('',*,*,#3784,.F.);
#3893 = ORIENTED_EDGE('',*,*,#3894,.F.);
#3894 = EDGE_CURVE('',#3865,#3785,#3895,.T.);
#3895 = LINE('',#3896,#3897);
#3896 = CARTESIAN_POINT('',(12.,18.580134541265,47.64589803375));
#3897 = VECTOR('',#3898,1.);
#3898 = DIRECTION('',(0.,-0.951056516295,0.309016994375));
#3899 = PLANE('',#3900);
#3900 = AXIS2_PLACEMENT_3D('',#3901,#3902,#3903);
#3901 = CARTESIAN_POINT('',(12.,18.580134541265,47.64589803375));
#3902 = DIRECTION('',(0.,-0.309016994375,-0.951056516295));
#3903 = DIRECTION('',(0.,-0.951056516295,0.309016994375));
#3904 = ADVANCED_FACE('',(#3905),#3911,.T.);
#3905 = FACE_BOUND('',#3906,.T.);
#3906 = EDGE_LOOP('',(#3907,#3908,#3909,#3910));
#3907 = ORIENTED_EDGE('',*,*,#3810,.T.);
#3908 = ORIENTED_EDGE('',*,*,#3841,.T.);
#3909 = ORIENTED_EDGE('',*,*,#3872,.T.);
#3910 = ORIENTED_EDGE('',*,*,#3894,.T.);
#3911 = PLANE('',#3912);
#3912 = AXIS2_PLACEMENT_3D('',#3913,#3914,#3915);
#3913 = CARTESIAN_POINT('',(12.,17.272049964254,53.328231598351));
#3914 = DIRECTION('',(-1.,-0.,-0.));
#3915 = DIRECTION('',(0.,0.,-1.));
#3916 = ADVANCED_FACE('',(#3917),#3923,.F.);
#3917 = FACE_BOUND('',#3918,.F.);
#3918 = EDGE_LOOP('',(#3919,#3920,#3921,#3922));
#3919 = ORIENTED_EDGE('',*,*,#3794,.T.);
#3920 = ORIENTED_EDGE('',*,*,#3825,.T.);
#3921 = ORIENTED_EDGE('',*,*,#3856,.T.);
#3922 = ORIENTED_EDGE('',*,*,#3887,.T.);
#3923 = PLANE('',#3924);
#3924 = AXIS2_PLACEMENT_3D('',#3925,#3926,#3927);
#3925 = CARTESIAN_POINT('',(438.,17.272049964254,53.328231598351));
#3926 = DIRECTION('',(-1.,-0.,-0.));
#3927 = DIRECTION('',(0.,0.,-1.));
#3928 = ( GEOMETRIC_REPRESENTATION_CONTEXT(3) 
GLOBAL_UNCERTAINTY_ASSIGNED_CONTEXT((#3932)) 
GLOBAL_UNIT_ASSIGNED_CONTEXT((#3929,#3930,#3931)) REPRESENTATION_CONTEXT
('Context #1','3D Context with UNIT and UNCERTAINTY') );
#3929 = ( LENGTH_UNIT() NAMED_UNIT(*) SI_UNIT(.MILLI.,.METRE.) );
#3930 = ( NAMED_UNIT(*) PLANE_ANGLE_UNIT() SI_UNIT($,.RADIAN.) );
#3931 = ( NAMED_UNIT(*) SI_UNIT($,.STERADIAN.) SOLID_ANGLE_UNIT() );
#3932 = UNCERTAINTY_MEASURE_WITH_UNIT(LENGTH_MEASURE(1.E-07),#3929,
  'distance_accuracy_value','confusion accuracy');
#3933 = CONTEXT_DEPENDENT_SHAPE_REPRESENTATION(#3934,#3936);
#3934 = ( REPRESENTATION_RELATIONSHIP('','',#3777,#10) 
REPRESENTATION_RELATIONSHIP_WITH_TRANSFORMATION(#3935) 
SHAPE_REPRESENTATION_RELATIONSHIP() );
#3935 = ITEM_DEFINED_TRANSFORMATION('','',#11,#51);
#3936 = PRODUCT_DEFINITION_SHAPE('Placement','Placement of an item',
  #3937);
#3937 = NEXT_ASSEMBLY_USAGE_OCCURRENCE('10','横向木格栅 02','',#5,
  #3772,$);
#3938 = PRODUCT_RELATED_PRODUCT_CATEGORY('part',$,(#3774));
#3939 = SHAPE_DEFINITION_REPRESENTATION(#3940,#3946);
#3940 = PRODUCT_DEFINITION_SHAPE('','',#3941);
#3941 = PRODUCT_DEFINITION('design','',#3942,#3945);
#3942 = PRODUCT_DEFINITION_FORMATION('','',#3943);
#3943 = PRODUCT('横向木格栅 03','横向木格栅 03','',(#3944));
#3944 = PRODUCT_CONTEXT('',#2,'mechanical');
#3945 = PRODUCT_DEFINITION_CONTEXT('part definition',#2,'design');
#3946 = ADVANCED_BREP_SHAPE_REPRESENTATION('',(#11,#3947),#4097);
#3947 = MANIFOLD_SOLID_BREP('',#3948);
#3948 = CLOSED_SHELL('',(#3949,#3989,#4020,#4051,#4073,#4085));
#3949 = ADVANCED_FACE('',(#3950),#3984,.T.);
#3950 = FACE_BOUND('',#3951,.T.);
#3951 = EDGE_LOOP('',(#3952,#3962,#3970,#3978));
#3952 = ORIENTED_EDGE('',*,*,#3953,.T.);
#3953 = EDGE_CURVE('',#3954,#3956,#3958,.T.);
#3954 = VERTEX_POINT('',#3955);
#3955 = CARTESIAN_POINT('',(12.,17.097751494521,62.5));
#3956 = VERTEX_POINT('',#3957);
#3957 = CARTESIAN_POINT('',(438.,17.097751494521,62.5));
#3958 = LINE('',#3959,#3960);
#3959 = CARTESIAN_POINT('',(12.,17.097751494521,62.5));
#3960 = VECTOR('',#3961,1.);
#3961 = DIRECTION('',(1.,0.,0.));
#3962 = ORIENTED_EDGE('',*,*,#3963,.T.);
#3963 = EDGE_CURVE('',#3956,#3964,#3966,.T.);
#3964 = VERTEX_POINT('',#3965);
#3965 = CARTESIAN_POINT('',(438.,20.187921438271,72.010565162952));
#3966 = LINE('',#3967,#3968);
#3967 = CARTESIAN_POINT('',(438.,17.097751494521,62.5));
#3968 = VECTOR('',#3969,1.);
#3969 = DIRECTION('',(0.,0.309016994375,0.951056516295));
#3970 = ORIENTED_EDGE('',*,*,#3971,.F.);
#3971 = EDGE_CURVE('',#3972,#3964,#3974,.T.);
#3972 = VERTEX_POINT('',#3973);
#3973 = CARTESIAN_POINT('',(12.,20.187921438271,72.010565162952));
#3974 = LINE('',#3975,#3976);
#3975 = CARTESIAN_POINT('',(12.,20.187921438271,72.010565162952));
#3976 = VECTOR('',#3977,1.);
#3977 = DIRECTION('',(1.,0.,0.));
#3978 = ORIENTED_EDGE('',*,*,#3979,.F.);
#3979 = EDGE_CURVE('',#3954,#3972,#3980,.T.);
#3980 = LINE('',#3981,#3982);
#3981 = CARTESIAN_POINT('',(12.,17.097751494521,62.5));
#3982 = VECTOR('',#3983,1.);
#3983 = DIRECTION('',(0.,0.309016994375,0.951056516295));
#3984 = PLANE('',#3985);
#3985 = AXIS2_PLACEMENT_3D('',#3986,#3987,#3988);
#3986 = CARTESIAN_POINT('',(12.,17.097751494521,62.5));
#3987 = DIRECTION('',(0.,-0.951056516295,0.309016994375));
#3988 = DIRECTION('',(0.,0.309016994375,0.951056516295));
#3989 = ADVANCED_FACE('',(#3990),#4015,.T.);
#3990 = FACE_BOUND('',#3991,.T.);
#3991 = EDGE_LOOP('',(#3992,#3993,#4001,#4009));
#3992 = ORIENTED_EDGE('',*,*,#3971,.T.);
#3993 = ORIENTED_EDGE('',*,*,#3994,.T.);
#3994 = EDGE_CURVE('',#3964,#3995,#3997,.T.);
#3995 = VERTEX_POINT('',#3996);
#3996 = CARTESIAN_POINT('',(438.,25.894260536042,70.156463196702));
#3997 = LINE('',#3998,#3999);
#3998 = CARTESIAN_POINT('',(438.,20.187921438271,72.010565162952));
#3999 = VECTOR('',#4000,1.);
#4000 = DIRECTION('',(0.,0.951056516295,-0.309016994375));
#4001 = ORIENTED_EDGE('',*,*,#4002,.F.);
#4002 = EDGE_CURVE('',#4003,#3995,#4005,.T.);
#4003 = VERTEX_POINT('',#4004);
#4004 = CARTESIAN_POINT('',(12.,25.894260536042,70.156463196702));
#4005 = LINE('',#4006,#4007);
#4006 = CARTESIAN_POINT('',(12.,25.894260536042,70.156463196702));
#4007 = VECTOR('',#4008,1.);
#4008 = DIRECTION('',(1.,0.,0.));
#4009 = ORIENTED_EDGE('',*,*,#4010,.F.);
#4010 = EDGE_CURVE('',#3972,#4003,#4011,.T.);
#4011 = LINE('',#4012,#4013);
#4012 = CARTESIAN_POINT('',(12.,20.187921438271,72.010565162952));
#4013 = VECTOR('',#4014,1.);
#4014 = DIRECTION('',(0.,0.951056516295,-0.309016994375));
#4015 = PLANE('',#4016);
#4016 = AXIS2_PLACEMENT_3D('',#4017,#4018,#4019);
#4017 = CARTESIAN_POINT('',(12.,20.187921438271,72.010565162952));
#4018 = DIRECTION('',(-0.,0.309016994375,0.951056516295));
#4019 = DIRECTION('',(0.,0.951056516295,-0.309016994375));
#4020 = ADVANCED_FACE('',(#4021),#4046,.T.);
#4021 = FACE_BOUND('',#4022,.T.);
#4022 = EDGE_LOOP('',(#4023,#4024,#4032,#4040));
#4023 = ORIENTED_EDGE('',*,*,#4002,.T.);
#4024 = ORIENTED_EDGE('',*,*,#4025,.T.);
#4025 = EDGE_CURVE('',#3995,#4026,#4028,.T.);
#4026 = VERTEX_POINT('',#4027);
#4027 = CARTESIAN_POINT('',(438.,22.804090592292,60.64589803375));
#4028 = LINE('',#4029,#4030);
#4029 = CARTESIAN_POINT('',(438.,25.894260536042,70.156463196702));
#4030 = VECTOR('',#4031,1.);
#4031 = DIRECTION('',(0.,-0.309016994375,-0.951056516295));
#4032 = ORIENTED_EDGE('',*,*,#4033,.F.);
#4033 = EDGE_CURVE('',#4034,#4026,#4036,.T.);
#4034 = VERTEX_POINT('',#4035);
#4035 = CARTESIAN_POINT('',(12.,22.804090592292,60.64589803375));
#4036 = LINE('',#4037,#4038);
#4037 = CARTESIAN_POINT('',(12.,22.804090592292,60.64589803375));
#4038 = VECTOR('',#4039,1.);
#4039 = DIRECTION('',(1.,0.,0.));
#4040 = ORIENTED_EDGE('',*,*,#4041,.F.);
#4041 = EDGE_CURVE('',#4003,#4034,#4042,.T.);
#4042 = LINE('',#4043,#4044);
#4043 = CARTESIAN_POINT('',(12.,25.894260536042,70.156463196702));
#4044 = VECTOR('',#4045,1.);
#4045 = DIRECTION('',(0.,-0.309016994375,-0.951056516295));
#4046 = PLANE('',#4047);
#4047 = AXIS2_PLACEMENT_3D('',#4048,#4049,#4050);
#4048 = CARTESIAN_POINT('',(12.,25.894260536042,70.156463196702));
#4049 = DIRECTION('',(0.,0.951056516295,-0.309016994375));
#4050 = DIRECTION('',(0.,-0.309016994375,-0.951056516295));
#4051 = ADVANCED_FACE('',(#4052),#4068,.T.);
#4052 = FACE_BOUND('',#4053,.T.);
#4053 = EDGE_LOOP('',(#4054,#4055,#4061,#4062));
#4054 = ORIENTED_EDGE('',*,*,#4033,.T.);
#4055 = ORIENTED_EDGE('',*,*,#4056,.T.);
#4056 = EDGE_CURVE('',#4026,#3956,#4057,.T.);
#4057 = LINE('',#4058,#4059);
#4058 = CARTESIAN_POINT('',(438.,22.804090592292,60.64589803375));
#4059 = VECTOR('',#4060,1.);
#4060 = DIRECTION('',(0.,-0.951056516295,0.309016994375));
#4061 = ORIENTED_EDGE('',*,*,#3953,.F.);
#4062 = ORIENTED_EDGE('',*,*,#4063,.F.);
#4063 = EDGE_CURVE('',#4034,#3954,#4064,.T.);
#4064 = LINE('',#4065,#4066);
#4065 = CARTESIAN_POINT('',(12.,22.804090592292,60.64589803375));
#4066 = VECTOR('',#4067,1.);
#4067 = DIRECTION('',(0.,-0.951056516295,0.309016994375));
#4068 = PLANE('',#4069);
#4069 = AXIS2_PLACEMENT_3D('',#4070,#4071,#4072);
#4070 = CARTESIAN_POINT('',(12.,22.804090592292,60.64589803375));
#4071 = DIRECTION('',(0.,-0.309016994375,-0.951056516295));
#4072 = DIRECTION('',(0.,-0.951056516295,0.309016994375));
#4073 = ADVANCED_FACE('',(#4074),#4080,.T.);
#4074 = FACE_BOUND('',#4075,.T.);
#4075 = EDGE_LOOP('',(#4076,#4077,#4078,#4079));
#4076 = ORIENTED_EDGE('',*,*,#3979,.T.);
#4077 = ORIENTED_EDGE('',*,*,#4010,.T.);
#4078 = ORIENTED_EDGE('',*,*,#4041,.T.);
#4079 = ORIENTED_EDGE('',*,*,#4063,.T.);
#4080 = PLANE('',#4081);
#4081 = AXIS2_PLACEMENT_3D('',#4082,#4083,#4084);
#4082 = CARTESIAN_POINT('',(12.,21.496006015282,66.328231598351));
#4083 = DIRECTION('',(-1.,-0.,-0.));
#4084 = DIRECTION('',(0.,0.,-1.));
#4085 = ADVANCED_FACE('',(#4086),#4092,.F.);
#4086 = FACE_BOUND('',#4087,.F.);
#4087 = EDGE_LOOP('',(#4088,#4089,#4090,#4091));
#4088 = ORIENTED_EDGE('',*,*,#3963,.T.);
#4089 = ORIENTED_EDGE('',*,*,#3994,.T.);
#4090 = ORIENTED_EDGE('',*,*,#4025,.T.);
#4091 = ORIENTED_EDGE('',*,*,#4056,.T.);
#4092 = PLANE('',#4093);
#4093 = AXIS2_PLACEMENT_3D('',#4094,#4095,#4096);
#4094 = CARTESIAN_POINT('',(438.,21.496006015282,66.328231598351));
#4095 = DIRECTION('',(-1.,-0.,-0.));
#4096 = DIRECTION('',(0.,0.,-1.));
#4097 = ( GEOMETRIC_REPRESENTATION_CONTEXT(3) 
GLOBAL_UNCERTAINTY_ASSIGNED_CONTEXT((#4101)) 
GLOBAL_UNIT_ASSIGNED_CONTEXT((#4098,#4099,#4100)) REPRESENTATION_CONTEXT
('Context #1','3D Context with UNIT and UNCERTAINTY') );
#4098 = ( LENGTH_UNIT() NAMED_UNIT(*) SI_UNIT(.MILLI.,.METRE.) );
#4099 = ( NAMED_UNIT(*) PLANE_ANGLE_UNIT() SI_UNIT($,.RADIAN.) );
#4100 = ( NAMED_UNIT(*) SI_UNIT($,.STERADIAN.) SOLID_ANGLE_UNIT() );
#4101 = UNCERTAINTY_MEASURE_WITH_UNIT(LENGTH_MEASURE(1.E-07),#4098,
  'distance_accuracy_value','confusion accuracy');
#4102 = CONTEXT_DEPENDENT_SHAPE_REPRESENTATION(#4103,#4105);
#4103 = ( REPRESENTATION_RELATIONSHIP('','',#3946,#10) 
REPRESENTATION_RELATIONSHIP_WITH_TRANSFORMATION(#4104) 
SHAPE_REPRESENTATION_RELATIONSHIP() );
#4104 = ITEM_DEFINED_TRANSFORMATION('','',#11,#55);
#4105 = PRODUCT_DEFINITION_SHAPE('Placement','Placement of an item',
  #4106);
#4106 = NEXT_ASSEMBLY_USAGE_OCCURRENCE('11','横向木格栅 03','',#5,
  #3941,$);
#4107 = PRODUCT_RELATED_PRODUCT_CATEGORY('part',$,(#3943));
#4108 = SHAPE_DEFINITION_REPRESENTATION(#4109,#4115);
#4109 = PRODUCT_DEFINITION_SHAPE('','',#4110);
#4110 = PRODUCT_DEFINITION('design','',#4111,#4114);
#4111 = PRODUCT_DEFINITION_FORMATION('','',#4112);
#4112 = PRODUCT('横向木格栅 04','横向木格栅 04','',(#4113));
#4113 = PRODUCT_CONTEXT('',#2,'mechanical');
#4114 = PRODUCT_DEFINITION_CONTEXT('part definition',#2,'design');
#4115 = ADVANCED_BREP_SHAPE_REPRESENTATION('',(#11,#4116),#4266);
#4116 = MANIFOLD_SOLID_BREP('',#4117);
#4117 = CLOSED_SHELL('',(#4118,#4158,#4189,#4220,#4242,#4254));
#4118 = ADVANCED_FACE('',(#4119),#4153,.T.);
#4119 = FACE_BOUND('',#4120,.T.);
#4120 = EDGE_LOOP('',(#4121,#4131,#4139,#4147));
#4121 = ORIENTED_EDGE('',*,*,#4122,.T.);
#4122 = EDGE_CURVE('',#4123,#4125,#4127,.T.);
#4123 = VERTEX_POINT('',#4124);
#4124 = CARTESIAN_POINT('',(12.,21.321707545549,75.5));
#4125 = VERTEX_POINT('',#4126);
#4126 = CARTESIAN_POINT('',(438.,21.321707545549,75.5));
#4127 = LINE('',#4128,#4129);
#4128 = CARTESIAN_POINT('',(12.,21.321707545549,75.5));
#4129 = VECTOR('',#4130,1.);
#4130 = DIRECTION('',(1.,0.,0.));
#4131 = ORIENTED_EDGE('',*,*,#4132,.T.);
#4132 = EDGE_CURVE('',#4125,#4133,#4135,.T.);
#4133 = VERTEX_POINT('',#4134);
#4134 = CARTESIAN_POINT('',(438.,24.411877489299,85.010565162952));
#4135 = LINE('',#4136,#4137);
#4136 = CARTESIAN_POINT('',(438.,21.321707545549,75.5));
#4137 = VECTOR('',#4138,1.);
#4138 = DIRECTION('',(0.,0.309016994375,0.951056516295));
#4139 = ORIENTED_EDGE('',*,*,#4140,.F.);
#4140 = EDGE_CURVE('',#4141,#4133,#4143,.T.);
#4141 = VERTEX_POINT('',#4142);
#4142 = CARTESIAN_POINT('',(12.,24.411877489299,85.010565162952));
#4143 = LINE('',#4144,#4145);
#4144 = CARTESIAN_POINT('',(12.,24.411877489299,85.010565162952));
#4145 = VECTOR('',#4146,1.);
#4146 = DIRECTION('',(1.,0.,0.));
#4147 = ORIENTED_EDGE('',*,*,#4148,.F.);
#4148 = EDGE_CURVE('',#4123,#4141,#4149,.T.);
#4149 = LINE('',#4150,#4151);
#4150 = CARTESIAN_POINT('',(12.,21.321707545549,75.5));
#4151 = VECTOR('',#4152,1.);
#4152 = DIRECTION('',(0.,0.309016994375,0.951056516295));
#4153 = PLANE('',#4154);
#4154 = AXIS2_PLACEMENT_3D('',#4155,#4156,#4157);
#4155 = CARTESIAN_POINT('',(12.,21.321707545549,75.5));
#4156 = DIRECTION('',(0.,-0.951056516295,0.309016994375));
#4157 = DIRECTION('',(0.,0.309016994375,0.951056516295));
#4158 = ADVANCED_FACE('',(#4159),#4184,.T.);
#4159 = FACE_BOUND('',#4160,.T.);
#4160 = EDGE_LOOP('',(#4161,#4162,#4170,#4178));
#4161 = ORIENTED_EDGE('',*,*,#4140,.T.);
#4162 = ORIENTED_EDGE('',*,*,#4163,.T.);
#4163 = EDGE_CURVE('',#4133,#4164,#4166,.T.);
#4164 = VERTEX_POINT('',#4165);
#4165 = CARTESIAN_POINT('',(438.,30.11821658707,83.156463196702));
#4166 = LINE('',#4167,#4168);
#4167 = CARTESIAN_POINT('',(438.,24.411877489299,85.010565162952));
#4168 = VECTOR('',#4169,1.);
#4169 = DIRECTION('',(0.,0.951056516295,-0.309016994375));
#4170 = ORIENTED_EDGE('',*,*,#4171,.F.);
#4171 = EDGE_CURVE('',#4172,#4164,#4174,.T.);
#4172 = VERTEX_POINT('',#4173);
#4173 = CARTESIAN_POINT('',(12.,30.11821658707,83.156463196702));
#4174 = LINE('',#4175,#4176);
#4175 = CARTESIAN_POINT('',(12.,30.11821658707,83.156463196702));
#4176 = VECTOR('',#4177,1.);
#4177 = DIRECTION('',(1.,0.,0.));
#4178 = ORIENTED_EDGE('',*,*,#4179,.F.);
#4179 = EDGE_CURVE('',#4141,#4172,#4180,.T.);
#4180 = LINE('',#4181,#4182);
#4181 = CARTESIAN_POINT('',(12.,24.411877489299,85.010565162952));
#4182 = VECTOR('',#4183,1.);
#4183 = DIRECTION('',(0.,0.951056516295,-0.309016994375));
#4184 = PLANE('',#4185);
#4185 = AXIS2_PLACEMENT_3D('',#4186,#4187,#4188);
#4186 = CARTESIAN_POINT('',(12.,24.411877489299,85.010565162952));
#4187 = DIRECTION('',(-0.,0.309016994375,0.951056516295));
#4188 = DIRECTION('',(0.,0.951056516295,-0.309016994375));
#4189 = ADVANCED_FACE('',(#4190),#4215,.T.);
#4190 = FACE_BOUND('',#4191,.T.);
#4191 = EDGE_LOOP('',(#4192,#4193,#4201,#4209));
#4192 = ORIENTED_EDGE('',*,*,#4171,.T.);
#4193 = ORIENTED_EDGE('',*,*,#4194,.T.);
#4194 = EDGE_CURVE('',#4164,#4195,#4197,.T.);
#4195 = VERTEX_POINT('',#4196);
#4196 = CARTESIAN_POINT('',(438.,27.02804664332,73.64589803375));
#4197 = LINE('',#4198,#4199);
#4198 = CARTESIAN_POINT('',(438.,30.11821658707,83.156463196702));
#4199 = VECTOR('',#4200,1.);
#4200 = DIRECTION('',(0.,-0.309016994375,-0.951056516295));
#4201 = ORIENTED_EDGE('',*,*,#4202,.F.);
#4202 = EDGE_CURVE('',#4203,#4195,#4205,.T.);
#4203 = VERTEX_POINT('',#4204);
#4204 = CARTESIAN_POINT('',(12.,27.02804664332,73.64589803375));
#4205 = LINE('',#4206,#4207);
#4206 = CARTESIAN_POINT('',(12.,27.02804664332,73.64589803375));
#4207 = VECTOR('',#4208,1.);
#4208 = DIRECTION('',(1.,0.,0.));
#4209 = ORIENTED_EDGE('',*,*,#4210,.F.);
#4210 = EDGE_CURVE('',#4172,#4203,#4211,.T.);
#4211 = LINE('',#4212,#4213);
#4212 = CARTESIAN_POINT('',(12.,30.11821658707,83.156463196702));
#4213 = VECTOR('',#4214,1.);
#4214 = DIRECTION('',(0.,-0.309016994375,-0.951056516295));
#4215 = PLANE('',#4216);
#4216 = AXIS2_PLACEMENT_3D('',#4217,#4218,#4219);
#4217 = CARTESIAN_POINT('',(12.,30.11821658707,83.156463196702));
#4218 = DIRECTION('',(0.,0.951056516295,-0.309016994375));
#4219 = DIRECTION('',(0.,-0.309016994375,-0.951056516295));
#4220 = ADVANCED_FACE('',(#4221),#4237,.T.);
#4221 = FACE_BOUND('',#4222,.T.);
#4222 = EDGE_LOOP('',(#4223,#4224,#4230,#4231));
#4223 = ORIENTED_EDGE('',*,*,#4202,.T.);
#4224 = ORIENTED_EDGE('',*,*,#4225,.T.);
#4225 = EDGE_CURVE('',#4195,#4125,#4226,.T.);
#4226 = LINE('',#4227,#4228);
#4227 = CARTESIAN_POINT('',(438.,27.02804664332,73.64589803375));
#4228 = VECTOR('',#4229,1.);
#4229 = DIRECTION('',(0.,-0.951056516295,0.309016994375));
#4230 = ORIENTED_EDGE('',*,*,#4122,.F.);
#4231 = ORIENTED_EDGE('',*,*,#4232,.F.);
#4232 = EDGE_CURVE('',#4203,#4123,#4233,.T.);
#4233 = LINE('',#4234,#4235);
#4234 = CARTESIAN_POINT('',(12.,27.02804664332,73.64589803375));
#4235 = VECTOR('',#4236,1.);
#4236 = DIRECTION('',(0.,-0.951056516295,0.309016994375));
#4237 = PLANE('',#4238);
#4238 = AXIS2_PLACEMENT_3D('',#4239,#4240,#4241);
#4239 = CARTESIAN_POINT('',(12.,27.02804664332,73.64589803375));
#4240 = DIRECTION('',(0.,-0.309016994375,-0.951056516295));
#4241 = DIRECTION('',(0.,-0.951056516295,0.309016994375));
#4242 = ADVANCED_FACE('',(#4243),#4249,.T.);
#4243 = FACE_BOUND('',#4244,.T.);
#4244 = EDGE_LOOP('',(#4245,#4246,#4247,#4248));
#4245 = ORIENTED_EDGE('',*,*,#4148,.T.);
#4246 = ORIENTED_EDGE('',*,*,#4179,.T.);
#4247 = ORIENTED_EDGE('',*,*,#4210,.T.);
#4248 = ORIENTED_EDGE('',*,*,#4232,.T.);
#4249 = PLANE('',#4250);
#4250 = AXIS2_PLACEMENT_3D('',#4251,#4252,#4253);
#4251 = CARTESIAN_POINT('',(12.,25.719962066309,79.328231598351));
#4252 = DIRECTION('',(-1.,-0.,-0.));
#4253 = DIRECTION('',(0.,0.,-1.));
#4254 = ADVANCED_FACE('',(#4255),#4261,.F.);
#4255 = FACE_BOUND('',#4256,.F.);
#4256 = EDGE_LOOP('',(#4257,#4258,#4259,#4260));
#4257 = ORIENTED_EDGE('',*,*,#4132,.T.);
#4258 = ORIENTED_EDGE('',*,*,#4163,.T.);
#4259 = ORIENTED_EDGE('',*,*,#4194,.T.);
#4260 = ORIENTED_EDGE('',*,*,#4225,.T.);
#4261 = PLANE('',#4262);
#4262 = AXIS2_PLACEMENT_3D('',#4263,#4264,#4265);
#4263 = CARTESIAN_POINT('',(438.,25.719962066309,79.328231598351));
#4264 = DIRECTION('',(-1.,-0.,-0.));
#4265 = DIRECTION('',(0.,0.,-1.));
#4266 = ( GEOMETRIC_REPRESENTATION_CONTEXT(3) 
GLOBAL_UNCERTAINTY_ASSIGNED_CONTEXT((#4270)) 
GLOBAL_UNIT_ASSIGNED_CONTEXT((#4267,#4268,#4269)) REPRESENTATION_CONTEXT
('Context #1','3D Context with UNIT and UNCERTAINTY') );
#4267 = ( LENGTH_UNIT() NAMED_UNIT(*) SI_UNIT(.MILLI.,.METRE.) );
#4268 = ( NAMED_UNIT(*) PLANE_ANGLE_UNIT() SI_UNIT($,.RADIAN.) );
#4269 = ( NAMED_UNIT(*) SI_UNIT($,.STERADIAN.) SOLID_ANGLE_UNIT() );
#4270 = UNCERTAINTY_MEASURE_WITH_UNIT(LENGTH_MEASURE(1.E-07),#4267,
  'distance_accuracy_value','confusion accuracy');
#4271 = CONTEXT_DEPENDENT_SHAPE_REPRESENTATION(#4272,#4274);
#4272 = ( REPRESENTATION_RELATIONSHIP('','',#4115,#10) 
REPRESENTATION_RELATIONSHIP_WITH_TRANSFORMATION(#4273) 
SHAPE_REPRESENTATION_RELATIONSHIP() );
#4273 = ITEM_DEFINED_TRANSFORMATION('','',#11,#59);
#4274 = PRODUCT_DEFINITION_SHAPE('Placement','Placement of an item',
  #4275);
#4275 = NEXT_ASSEMBLY_USAGE_OCCURRENCE('12','横向木格栅 04','',#5,
  #4110,$);
#4276 = PRODUCT_RELATED_PRODUCT_CATEGORY('part',$,(#4112));
#4277 = SHAPE_DEFINITION_REPRESENTATION(#4278,#4284);
#4278 = PRODUCT_DEFINITION_SHAPE('','',#4279);
#4279 = PRODUCT_DEFINITION('design','',#4280,#4283);
#4280 = PRODUCT_DEFINITION_FORMATION('','',#4281);
#4281 = PRODUCT('横向木格栅 05','横向木格栅 05','',(#4282));
#4282 = PRODUCT_CONTEXT('',#2,'mechanical');
#4283 = PRODUCT_DEFINITION_CONTEXT('part definition',#2,'design');
#4284 = ADVANCED_BREP_SHAPE_REPRESENTATION('',(#11,#4285),#4435);
#4285 = MANIFOLD_SOLID_BREP('',#4286);
#4286 = CLOSED_SHELL('',(#4287,#4327,#4358,#4389,#4411,#4423));
#4287 = ADVANCED_FACE('',(#4288),#4322,.T.);
#4288 = FACE_BOUND('',#4289,.T.);
#4289 = EDGE_LOOP('',(#4290,#4300,#4308,#4316));
#4290 = ORIENTED_EDGE('',*,*,#4291,.T.);
#4291 = EDGE_CURVE('',#4292,#4294,#4296,.T.);
#4292 = VERTEX_POINT('',#4293);
#4293 = CARTESIAN_POINT('',(12.,25.545663596577,88.5));
#4294 = VERTEX_POINT('',#4295);
#4295 = CARTESIAN_POINT('',(438.,25.545663596577,88.5));
#4296 = LINE('',#4297,#4298);
#4297 = CARTESIAN_POINT('',(12.,25.545663596577,88.5));
#4298 = VECTOR('',#4299,1.);
#4299 = DIRECTION('',(1.,0.,0.));
#4300 = ORIENTED_EDGE('',*,*,#4301,.T.);
#4301 = EDGE_CURVE('',#4294,#4302,#4304,.T.);
#4302 = VERTEX_POINT('',#4303);
#4303 = CARTESIAN_POINT('',(438.,28.635833540326,98.010565162952));
#4304 = LINE('',#4305,#4306);
#4305 = CARTESIAN_POINT('',(438.,25.545663596577,88.5));
#4306 = VECTOR('',#4307,1.);
#4307 = DIRECTION('',(0.,0.309016994375,0.951056516295));
#4308 = ORIENTED_EDGE('',*,*,#4309,.F.);
#4309 = EDGE_CURVE('',#4310,#4302,#4312,.T.);
#4310 = VERTEX_POINT('',#4311);
#4311 = CARTESIAN_POINT('',(12.,28.635833540326,98.010565162952));
#4312 = LINE('',#4313,#4314);
#4313 = CARTESIAN_POINT('',(12.,28.635833540326,98.010565162952));
#4314 = VECTOR('',#4315,1.);
#4315 = DIRECTION('',(1.,0.,0.));
#4316 = ORIENTED_EDGE('',*,*,#4317,.F.);
#4317 = EDGE_CURVE('',#4292,#4310,#4318,.T.);
#4318 = LINE('',#4319,#4320);
#4319 = CARTESIAN_POINT('',(12.,25.545663596577,88.5));
#4320 = VECTOR('',#4321,1.);
#4321 = DIRECTION('',(0.,0.309016994375,0.951056516295));
#4322 = PLANE('',#4323);
#4323 = AXIS2_PLACEMENT_3D('',#4324,#4325,#4326);
#4324 = CARTESIAN_POINT('',(12.,25.545663596577,88.5));
#4325 = DIRECTION('',(0.,-0.951056516295,0.309016994375));
#4326 = DIRECTION('',(0.,0.309016994375,0.951056516295));
#4327 = ADVANCED_FACE('',(#4328),#4353,.T.);
#4328 = FACE_BOUND('',#4329,.T.);
#4329 = EDGE_LOOP('',(#4330,#4331,#4339,#4347));
#4330 = ORIENTED_EDGE('',*,*,#4309,.T.);
#4331 = ORIENTED_EDGE('',*,*,#4332,.T.);
#4332 = EDGE_CURVE('',#4302,#4333,#4335,.T.);
#4333 = VERTEX_POINT('',#4334);
#4334 = CARTESIAN_POINT('',(438.,34.342172638097,96.156463196702));
#4335 = LINE('',#4336,#4337);
#4336 = CARTESIAN_POINT('',(438.,28.635833540326,98.010565162952));
#4337 = VECTOR('',#4338,1.);
#4338 = DIRECTION('',(0.,0.951056516295,-0.309016994375));
#4339 = ORIENTED_EDGE('',*,*,#4340,.F.);
#4340 = EDGE_CURVE('',#4341,#4333,#4343,.T.);
#4341 = VERTEX_POINT('',#4342);
#4342 = CARTESIAN_POINT('',(12.,34.342172638097,96.156463196702));
#4343 = LINE('',#4344,#4345);
#4344 = CARTESIAN_POINT('',(12.,34.342172638097,96.156463196702));
#4345 = VECTOR('',#4346,1.);
#4346 = DIRECTION('',(1.,0.,0.));
#4347 = ORIENTED_EDGE('',*,*,#4348,.F.);
#4348 = EDGE_CURVE('',#4310,#4341,#4349,.T.);
#4349 = LINE('',#4350,#4351);
#4350 = CARTESIAN_POINT('',(12.,28.635833540326,98.010565162952));
#4351 = VECTOR('',#4352,1.);
#4352 = DIRECTION('',(0.,0.951056516295,-0.309016994375));
#4353 = PLANE('',#4354);
#4354 = AXIS2_PLACEMENT_3D('',#4355,#4356,#4357);
#4355 = CARTESIAN_POINT('',(12.,28.635833540326,98.010565162952));
#4356 = DIRECTION('',(-0.,0.309016994375,0.951056516295));
#4357 = DIRECTION('',(0.,0.951056516295,-0.309016994375));
#4358 = ADVANCED_FACE('',(#4359),#4384,.T.);
#4359 = FACE_BOUND('',#4360,.T.);
#4360 = EDGE_LOOP('',(#4361,#4362,#4370,#4378));
#4361 = ORIENTED_EDGE('',*,*,#4340,.T.);
#4362 = ORIENTED_EDGE('',*,*,#4363,.T.);
#4363 = EDGE_CURVE('',#4333,#4364,#4366,.T.);
#4364 = VERTEX_POINT('',#4365);
#4365 = CARTESIAN_POINT('',(438.,31.252002694348,86.64589803375));
#4366 = LINE('',#4367,#4368);
#4367 = CARTESIAN_POINT('',(438.,34.342172638097,96.156463196702));
#4368 = VECTOR('',#4369,1.);
#4369 = DIRECTION('',(0.,-0.309016994375,-0.951056516295));
#4370 = ORIENTED_EDGE('',*,*,#4371,.F.);
#4371 = EDGE_CURVE('',#4372,#4364,#4374,.T.);
#4372 = VERTEX_POINT('',#4373);
#4373 = CARTESIAN_POINT('',(12.,31.252002694348,86.64589803375));
#4374 = LINE('',#4375,#4376);
#4375 = CARTESIAN_POINT('',(12.,31.252002694348,86.64589803375));
#4376 = VECTOR('',#4377,1.);
#4377 = DIRECTION('',(1.,0.,0.));
#4378 = ORIENTED_EDGE('',*,*,#4379,.F.);
#4379 = EDGE_CURVE('',#4341,#4372,#4380,.T.);
#4380 = LINE('',#4381,#4382);
#4381 = CARTESIAN_POINT('',(12.,34.342172638097,96.156463196702));
#4382 = VECTOR('',#4383,1.);
#4383 = DIRECTION('',(0.,-0.309016994375,-0.951056516295));
#4384 = PLANE('',#4385);
#4385 = AXIS2_PLACEMENT_3D('',#4386,#4387,#4388);
#4386 = CARTESIAN_POINT('',(12.,34.342172638097,96.156463196702));
#4387 = DIRECTION('',(0.,0.951056516295,-0.309016994375));
#4388 = DIRECTION('',(0.,-0.309016994375,-0.951056516295));
#4389 = ADVANCED_FACE('',(#4390),#4406,.T.);
#4390 = FACE_BOUND('',#4391,.T.);
#4391 = EDGE_LOOP('',(#4392,#4393,#4399,#4400));
#4392 = ORIENTED_EDGE('',*,*,#4371,.T.);
#4393 = ORIENTED_EDGE('',*,*,#4394,.T.);
#4394 = EDGE_CURVE('',#4364,#4294,#4395,.T.);
#4395 = LINE('',#4396,#4397);
#4396 = CARTESIAN_POINT('',(438.,31.252002694348,86.64589803375));
#4397 = VECTOR('',#4398,1.);
#4398 = DIRECTION('',(0.,-0.951056516295,0.309016994375));
#4399 = ORIENTED_EDGE('',*,*,#4291,.F.);
#4400 = ORIENTED_EDGE('',*,*,#4401,.F.);
#4401 = EDGE_CURVE('',#4372,#4292,#4402,.T.);
#4402 = LINE('',#4403,#4404);
#4403 = CARTESIAN_POINT('',(12.,31.252002694348,86.64589803375));
#4404 = VECTOR('',#4405,1.);
#4405 = DIRECTION('',(0.,-0.951056516295,0.309016994375));
#4406 = PLANE('',#4407);
#4407 = AXIS2_PLACEMENT_3D('',#4408,#4409,#4410);
#4408 = CARTESIAN_POINT('',(12.,31.252002694348,86.64589803375));
#4409 = DIRECTION('',(0.,-0.309016994375,-0.951056516295));
#4410 = DIRECTION('',(0.,-0.951056516295,0.309016994375));
#4411 = ADVANCED_FACE('',(#4412),#4418,.T.);
#4412 = FACE_BOUND('',#4413,.T.);
#4413 = EDGE_LOOP('',(#4414,#4415,#4416,#4417));
#4414 = ORIENTED_EDGE('',*,*,#4317,.T.);
#4415 = ORIENTED_EDGE('',*,*,#4348,.T.);
#4416 = ORIENTED_EDGE('',*,*,#4379,.T.);
#4417 = ORIENTED_EDGE('',*,*,#4401,.T.);
#4418 = PLANE('',#4419);
#4419 = AXIS2_PLACEMENT_3D('',#4420,#4421,#4422);
#4420 = CARTESIAN_POINT('',(12.,29.943918117337,92.328231598351));
#4421 = DIRECTION('',(-1.,-0.,-0.));
#4422 = DIRECTION('',(0.,0.,-1.));
#4423 = ADVANCED_FACE('',(#4424),#4430,.F.);
#4424 = FACE_BOUND('',#4425,.F.);
#4425 = EDGE_LOOP('',(#4426,#4427,#4428,#4429));
#4426 = ORIENTED_EDGE('',*,*,#4301,.T.);
#4427 = ORIENTED_EDGE('',*,*,#4332,.T.);
#4428 = ORIENTED_EDGE('',*,*,#4363,.T.);
#4429 = ORIENTED_EDGE('',*,*,#4394,.T.);
#4430 = PLANE('',#4431);
#4431 = AXIS2_PLACEMENT_3D('',#4432,#4433,#4434);
#4432 = CARTESIAN_POINT('',(438.,29.943918117337,92.328231598351));
#4433 = DIRECTION('',(-1.,-0.,-0.));
#4434 = DIRECTION('',(0.,0.,-1.));
#4435 = ( GEOMETRIC_REPRESENTATION_CONTEXT(3) 
GLOBAL_UNCERTAINTY_ASSIGNED_CONTEXT((#4439)) 
GLOBAL_UNIT_ASSIGNED_CONTEXT((#4436,#4437,#4438)) REPRESENTATION_CONTEXT
('Context #1','3D Context with UNIT and UNCERTAINTY') );
#4436 = ( LENGTH_UNIT() NAMED_UNIT(*) SI_UNIT(.MILLI.,.METRE.) );
#4437 = ( NAMED_UNIT(*) PLANE_ANGLE_UNIT() SI_UNIT($,.RADIAN.) );
#4438 = ( NAMED_UNIT(*) SI_UNIT($,.STERADIAN.) SOLID_ANGLE_UNIT() );
#4439 = UNCERTAINTY_MEASURE_WITH_UNIT(LENGTH_MEASURE(1.E-07),#4436,
  'distance_accuracy_value','confusion accuracy');
#4440 = CONTEXT_DEPENDENT_SHAPE_REPRESENTATION(#4441,#4443);
#4441 = ( REPRESENTATION_RELATIONSHIP('','',#4284,#10) 
REPRESENTATION_RELATIONSHIP_WITH_TRANSFORMATION(#4442) 
SHAPE_REPRESENTATION_RELATIONSHIP() );
#4442 = ITEM_DEFINED_TRANSFORMATION('','',#11,#63);
#4443 = PRODUCT_DEFINITION_SHAPE('Placement','Placement of an item',
  #4444);
#4444 = NEXT_ASSEMBLY_USAGE_OCCURRENCE('13','横向木格栅 05','',#5,
  #4279,$);
#4445 = PRODUCT_RELATED_PRODUCT_CATEGORY('part',$,(#4281));
#4446 = SHAPE_DEFINITION_REPRESENTATION(#4447,#4453);
#4447 = PRODUCT_DEFINITION_SHAPE('','',#4448);
#4448 = PRODUCT_DEFINITION('design','',#4449,#4452);
#4449 = PRODUCT_DEFINITION_FORMATION('','',#4450);
#4450 = PRODUCT('横向木格栅 06','横向木格栅 06','',(#4451));
#4451 = PRODUCT_CONTEXT('',#2,'mechanical');
#4452 = PRODUCT_DEFINITION_CONTEXT('part definition',#2,'design');
#4453 = ADVANCED_BREP_SHAPE_REPRESENTATION('',(#11,#4454),#4604);
#4454 = MANIFOLD_SOLID_BREP('',#4455);
#4455 = CLOSED_SHELL('',(#4456,#4496,#4527,#4558,#4580,#4592));
#4456 = ADVANCED_FACE('',(#4457),#4491,.T.);
#4457 = FACE_BOUND('',#4458,.T.);
#4458 = EDGE_LOOP('',(#4459,#4469,#4477,#4485));
#4459 = ORIENTED_EDGE('',*,*,#4460,.T.);
#4460 = EDGE_CURVE('',#4461,#4463,#4465,.T.);
#4461 = VERTEX_POINT('',#4462);
#4462 = CARTESIAN_POINT('',(12.,29.769619647605,101.5));
#4463 = VERTEX_POINT('',#4464);
#4464 = CARTESIAN_POINT('',(438.,29.769619647605,101.5));
#4465 = LINE('',#4466,#4467);
#4466 = CARTESIAN_POINT('',(12.,29.769619647605,101.5));
#4467 = VECTOR('',#4468,1.);
#4468 = DIRECTION('',(1.,0.,0.));
#4469 = ORIENTED_EDGE('',*,*,#4470,.T.);
#4470 = EDGE_CURVE('',#4463,#4471,#4473,.T.);
#4471 = VERTEX_POINT('',#4472);
#4472 = CARTESIAN_POINT('',(438.,32.859789591354,111.01056516295));
#4473 = LINE('',#4474,#4475);
#4474 = CARTESIAN_POINT('',(438.,29.769619647605,101.5));
#4475 = VECTOR('',#4476,1.);
#4476 = DIRECTION('',(0.,0.309016994375,0.951056516295));
#4477 = ORIENTED_EDGE('',*,*,#4478,.F.);
#4478 = EDGE_CURVE('',#4479,#4471,#4481,.T.);
#4479 = VERTEX_POINT('',#4480);
#4480 = CARTESIAN_POINT('',(12.,32.859789591354,111.01056516295));
#4481 = LINE('',#4482,#4483);
#4482 = CARTESIAN_POINT('',(12.,32.859789591354,111.01056516295));
#4483 = VECTOR('',#4484,1.);
#4484 = DIRECTION('',(1.,0.,0.));
#4485 = ORIENTED_EDGE('',*,*,#4486,.F.);
#4486 = EDGE_CURVE('',#4461,#4479,#4487,.T.);
#4487 = LINE('',#4488,#4489);
#4488 = CARTESIAN_POINT('',(12.,29.769619647605,101.5));
#4489 = VECTOR('',#4490,1.);
#4490 = DIRECTION('',(0.,0.309016994375,0.951056516295));
#4491 = PLANE('',#4492);
#4492 = AXIS2_PLACEMENT_3D('',#4493,#4494,#4495);
#4493 = CARTESIAN_POINT('',(12.,29.769619647605,101.5));
#4494 = DIRECTION('',(0.,-0.951056516295,0.309016994375));
#4495 = DIRECTION('',(0.,0.309016994375,0.951056516295));
#4496 = ADVANCED_FACE('',(#4497),#4522,.T.);
#4497 = FACE_BOUND('',#4498,.T.);
#4498 = EDGE_LOOP('',(#4499,#4500,#4508,#4516));
#4499 = ORIENTED_EDGE('',*,*,#4478,.T.);
#4500 = ORIENTED_EDGE('',*,*,#4501,.T.);
#4501 = EDGE_CURVE('',#4471,#4502,#4504,.T.);
#4502 = VERTEX_POINT('',#4503);
#4503 = CARTESIAN_POINT('',(438.,38.566128689125,109.1564631967));
#4504 = LINE('',#4505,#4506);
#4505 = CARTESIAN_POINT('',(438.,32.859789591354,111.01056516295));
#4506 = VECTOR('',#4507,1.);
#4507 = DIRECTION('',(0.,0.951056516295,-0.309016994375));
#4508 = ORIENTED_EDGE('',*,*,#4509,.F.);
#4509 = EDGE_CURVE('',#4510,#4502,#4512,.T.);
#4510 = VERTEX_POINT('',#4511);
#4511 = CARTESIAN_POINT('',(12.,38.566128689125,109.1564631967));
#4512 = LINE('',#4513,#4514);
#4513 = CARTESIAN_POINT('',(12.,38.566128689125,109.1564631967));
#4514 = VECTOR('',#4515,1.);
#4515 = DIRECTION('',(1.,0.,0.));
#4516 = ORIENTED_EDGE('',*,*,#4517,.F.);
#4517 = EDGE_CURVE('',#4479,#4510,#4518,.T.);
#4518 = LINE('',#4519,#4520);
#4519 = CARTESIAN_POINT('',(12.,32.859789591354,111.01056516295));
#4520 = VECTOR('',#4521,1.);
#4521 = DIRECTION('',(0.,0.951056516295,-0.309016994375));
#4522 = PLANE('',#4523);
#4523 = AXIS2_PLACEMENT_3D('',#4524,#4525,#4526);
#4524 = CARTESIAN_POINT('',(12.,32.859789591354,111.01056516295));
#4525 = DIRECTION('',(-0.,0.309016994375,0.951056516295));
#4526 = DIRECTION('',(0.,0.951056516295,-0.309016994375));
#4527 = ADVANCED_FACE('',(#4528),#4553,.T.);
#4528 = FACE_BOUND('',#4529,.T.);
#4529 = EDGE_LOOP('',(#4530,#4531,#4539,#4547));
#4530 = ORIENTED_EDGE('',*,*,#4509,.T.);
#4531 = ORIENTED_EDGE('',*,*,#4532,.T.);
#4532 = EDGE_CURVE('',#4502,#4533,#4535,.T.);
#4533 = VERTEX_POINT('',#4534);
#4534 = CARTESIAN_POINT('',(438.,35.475958745376,99.64589803375));
#4535 = LINE('',#4536,#4537);
#4536 = CARTESIAN_POINT('',(438.,38.566128689125,109.1564631967));
#4537 = VECTOR('',#4538,1.);
#4538 = DIRECTION('',(0.,-0.309016994375,-0.951056516295));
#4539 = ORIENTED_EDGE('',*,*,#4540,.F.);
#4540 = EDGE_CURVE('',#4541,#4533,#4543,.T.);
#4541 = VERTEX_POINT('',#4542);
#4542 = CARTESIAN_POINT('',(12.,35.475958745376,99.64589803375));
#4543 = LINE('',#4544,#4545);
#4544 = CARTESIAN_POINT('',(12.,35.475958745376,99.64589803375));
#4545 = VECTOR('',#4546,1.);
#4546 = DIRECTION('',(1.,0.,0.));
#4547 = ORIENTED_EDGE('',*,*,#4548,.F.);
#4548 = EDGE_CURVE('',#4510,#4541,#4549,.T.);
#4549 = LINE('',#4550,#4551);
#4550 = CARTESIAN_POINT('',(12.,38.566128689125,109.1564631967));
#4551 = VECTOR('',#4552,1.);
#4552 = DIRECTION('',(0.,-0.309016994375,-0.951056516295));
#4553 = PLANE('',#4554);
#4554 = AXIS2_PLACEMENT_3D('',#4555,#4556,#4557);
#4555 = CARTESIAN_POINT('',(12.,38.566128689125,109.1564631967));
#4556 = DIRECTION('',(0.,0.951056516295,-0.309016994375));
#4557 = DIRECTION('',(0.,-0.309016994375,-0.951056516295));
#4558 = ADVANCED_FACE('',(#4559),#4575,.T.);
#4559 = FACE_BOUND('',#4560,.T.);
#4560 = EDGE_LOOP('',(#4561,#4562,#4568,#4569));
#4561 = ORIENTED_EDGE('',*,*,#4540,.T.);
#4562 = ORIENTED_EDGE('',*,*,#4563,.T.);
#4563 = EDGE_CURVE('',#4533,#4463,#4564,.T.);
#4564 = LINE('',#4565,#4566);
#4565 = CARTESIAN_POINT('',(438.,35.475958745376,99.64589803375));
#4566 = VECTOR('',#4567,1.);
#4567 = DIRECTION('',(0.,-0.951056516295,0.309016994375));
#4568 = ORIENTED_EDGE('',*,*,#4460,.F.);
#4569 = ORIENTED_EDGE('',*,*,#4570,.F.);
#4570 = EDGE_CURVE('',#4541,#4461,#4571,.T.);
#4571 = LINE('',#4572,#4573);
#4572 = CARTESIAN_POINT('',(12.,35.475958745376,99.64589803375));
#4573 = VECTOR('',#4574,1.);
#4574 = DIRECTION('',(0.,-0.951056516295,0.309016994375));
#4575 = PLANE('',#4576);
#4576 = AXIS2_PLACEMENT_3D('',#4577,#4578,#4579);
#4577 = CARTESIAN_POINT('',(12.,35.475958745376,99.64589803375));
#4578 = DIRECTION('',(0.,-0.309016994375,-0.951056516295));
#4579 = DIRECTION('',(0.,-0.951056516295,0.309016994375));
#4580 = ADVANCED_FACE('',(#4581),#4587,.T.);
#4581 = FACE_BOUND('',#4582,.T.);
#4582 = EDGE_LOOP('',(#4583,#4584,#4585,#4586));
#4583 = ORIENTED_EDGE('',*,*,#4486,.T.);
#4584 = ORIENTED_EDGE('',*,*,#4517,.T.);
#4585 = ORIENTED_EDGE('',*,*,#4548,.T.);
#4586 = ORIENTED_EDGE('',*,*,#4570,.T.);
#4587 = PLANE('',#4588);
#4588 = AXIS2_PLACEMENT_3D('',#4589,#4590,#4591);
#4589 = CARTESIAN_POINT('',(12.,34.167874168365,105.32823159835));
#4590 = DIRECTION('',(-1.,-0.,-0.));
#4591 = DIRECTION('',(0.,0.,-1.));
#4592 = ADVANCED_FACE('',(#4593),#4599,.F.);
#4593 = FACE_BOUND('',#4594,.F.);
#4594 = EDGE_LOOP('',(#4595,#4596,#4597,#4598));
#4595 = ORIENTED_EDGE('',*,*,#4470,.T.);
#4596 = ORIENTED_EDGE('',*,*,#4501,.T.);
#4597 = ORIENTED_EDGE('',*,*,#4532,.T.);
#4598 = ORIENTED_EDGE('',*,*,#4563,.T.);
#4599 = PLANE('',#4600);
#4600 = AXIS2_PLACEMENT_3D('',#4601,#4602,#4603);
#4601 = CARTESIAN_POINT('',(438.,34.167874168365,105.32823159835));
#4602 = DIRECTION('',(-1.,-0.,-0.));
#4603 = DIRECTION('',(0.,0.,-1.));
#4604 = ( GEOMETRIC_REPRESENTATION_CONTEXT(3) 
GLOBAL_UNCERTAINTY_ASSIGNED_CONTEXT((#4608)) 
GLOBAL_UNIT_ASSIGNED_CONTEXT((#4605,#4606,#4607)) REPRESENTATION_CONTEXT
('Context #1','3D Context with UNIT and UNCERTAINTY') );
#4605 = ( LENGTH_UNIT() NAMED_UNIT(*) SI_UNIT(.MILLI.,.METRE.) );
#4606 = ( NAMED_UNIT(*) PLANE_ANGLE_UNIT() SI_UNIT($,.RADIAN.) );
#4607 = ( NAMED_UNIT(*) SI_UNIT($,.STERADIAN.) SOLID_ANGLE_UNIT() );
#4608 = UNCERTAINTY_MEASURE_WITH_UNIT(LENGTH_MEASURE(1.E-07),#4605,
  'distance_accuracy_value','confusion accuracy');
#4609 = CONTEXT_DEPENDENT_SHAPE_REPRESENTATION(#4610,#4612);
#4610 = ( REPRESENTATION_RELATIONSHIP('','',#4453,#10) 
REPRESENTATION_RELATIONSHIP_WITH_TRANSFORMATION(#4611) 
SHAPE_REPRESENTATION_RELATIONSHIP() );
#4611 = ITEM_DEFINED_TRANSFORMATION('','',#11,#67);
#4612 = PRODUCT_DEFINITION_SHAPE('Placement','Placement of an item',
  #4613);
#4613 = NEXT_ASSEMBLY_USAGE_OCCURRENCE('14','横向木格栅 06','',#5,
  #4448,$);
#4614 = PRODUCT_RELATED_PRODUCT_CATEGORY('part',$,(#4450));
#4615 = SHAPE_DEFINITION_REPRESENTATION(#4616,#4622);
#4616 = PRODUCT_DEFINITION_SHAPE('','',#4617);
#4617 = PRODUCT_DEFINITION('design','',#4618,#4621);
#4618 = PRODUCT_DEFINITION_FORMATION('','',#4619);
#4619 = PRODUCT('横向木格栅 07','横向木格栅 07','',(#4620));
#4620 = PRODUCT_CONTEXT('',#2,'mechanical');
#4621 = PRODUCT_DEFINITION_CONTEXT('part definition',#2,'design');
#4622 = ADVANCED_BREP_SHAPE_REPRESENTATION('',(#11,#4623),#4773);
#4623 = MANIFOLD_SOLID_BREP('',#4624);
#4624 = CLOSED_SHELL('',(#4625,#4665,#4696,#4727,#4749,#4761));
#4625 = ADVANCED_FACE('',(#4626),#4660,.T.);
#4626 = FACE_BOUND('',#4627,.T.);
#4627 = EDGE_LOOP('',(#4628,#4638,#4646,#4654));
#4628 = ORIENTED_EDGE('',*,*,#4629,.T.);
#4629 = EDGE_CURVE('',#4630,#4632,#4634,.T.);
#4630 = VERTEX_POINT('',#4631);
#4631 = CARTESIAN_POINT('',(12.,33.993575698633,114.5));
#4632 = VERTEX_POINT('',#4633);
#4633 = CARTESIAN_POINT('',(438.,33.993575698633,114.5));
#4634 = LINE('',#4635,#4636);
#4635 = CARTESIAN_POINT('',(12.,33.993575698633,114.5));
#4636 = VECTOR('',#4637,1.);
#4637 = DIRECTION('',(1.,0.,0.));
#4638 = ORIENTED_EDGE('',*,*,#4639,.T.);
#4639 = EDGE_CURVE('',#4632,#4640,#4642,.T.);
#4640 = VERTEX_POINT('',#4641);
#4641 = CARTESIAN_POINT('',(438.,37.083745642382,124.01056516295));
#4642 = LINE('',#4643,#4644);
#4643 = CARTESIAN_POINT('',(438.,33.993575698633,114.5));
#4644 = VECTOR('',#4645,1.);
#4645 = DIRECTION('',(0.,0.309016994375,0.951056516295));
#4646 = ORIENTED_EDGE('',*,*,#4647,.F.);
#4647 = EDGE_CURVE('',#4648,#4640,#4650,.T.);
#4648 = VERTEX_POINT('',#4649);
#4649 = CARTESIAN_POINT('',(12.,37.083745642382,124.01056516295));
#4650 = LINE('',#4651,#4652);
#4651 = CARTESIAN_POINT('',(12.,37.083745642382,124.01056516295));
#4652 = VECTOR('',#4653,1.);
#4653 = DIRECTION('',(1.,0.,0.));
#4654 = ORIENTED_EDGE('',*,*,#4655,.F.);
#4655 = EDGE_CURVE('',#4630,#4648,#4656,.T.);
#4656 = LINE('',#4657,#4658);
#4657 = CARTESIAN_POINT('',(12.,33.993575698633,114.5));
#4658 = VECTOR('',#4659,1.);
#4659 = DIRECTION('',(0.,0.309016994375,0.951056516295));
#4660 = PLANE('',#4661);
#4661 = AXIS2_PLACEMENT_3D('',#4662,#4663,#4664);
#4662 = CARTESIAN_POINT('',(12.,33.993575698633,114.5));
#4663 = DIRECTION('',(0.,-0.951056516295,0.309016994375));
#4664 = DIRECTION('',(0.,0.309016994375,0.951056516295));
#4665 = ADVANCED_FACE('',(#4666),#4691,.T.);
#4666 = FACE_BOUND('',#4667,.T.);
#4667 = EDGE_LOOP('',(#4668,#4669,#4677,#4685));
#4668 = ORIENTED_EDGE('',*,*,#4647,.T.);
#4669 = ORIENTED_EDGE('',*,*,#4670,.T.);
#4670 = EDGE_CURVE('',#4640,#4671,#4673,.T.);
#4671 = VERTEX_POINT('',#4672);
#4672 = CARTESIAN_POINT('',(438.,42.790084740153,122.1564631967));
#4673 = LINE('',#4674,#4675);
#4674 = CARTESIAN_POINT('',(438.,37.083745642382,124.01056516295));
#4675 = VECTOR('',#4676,1.);
#4676 = DIRECTION('',(0.,0.951056516295,-0.309016994375));
#4677 = ORIENTED_EDGE('',*,*,#4678,.F.);
#4678 = EDGE_CURVE('',#4679,#4671,#4681,.T.);
#4679 = VERTEX_POINT('',#4680);
#4680 = CARTESIAN_POINT('',(12.,42.790084740153,122.1564631967));
#4681 = LINE('',#4682,#4683);
#4682 = CARTESIAN_POINT('',(12.,42.790084740153,122.1564631967));
#4683 = VECTOR('',#4684,1.);
#4684 = DIRECTION('',(1.,0.,0.));
#4685 = ORIENTED_EDGE('',*,*,#4686,.F.);
#4686 = EDGE_CURVE('',#4648,#4679,#4687,.T.);
#4687 = LINE('',#4688,#4689);
#4688 = CARTESIAN_POINT('',(12.,37.083745642382,124.01056516295));
#4689 = VECTOR('',#4690,1.);
#4690 = DIRECTION('',(0.,0.951056516295,-0.309016994375));
#4691 = PLANE('',#4692);
#4692 = AXIS2_PLACEMENT_3D('',#4693,#4694,#4695);
#4693 = CARTESIAN_POINT('',(12.,37.083745642382,124.01056516295));
#4694 = DIRECTION('',(-0.,0.309016994375,0.951056516295));
#4695 = DIRECTION('',(0.,0.951056516295,-0.309016994375));
#4696 = ADVANCED_FACE('',(#4697),#4722,.T.);
#4697 = FACE_BOUND('',#4698,.T.);
#4698 = EDGE_LOOP('',(#4699,#4700,#4708,#4716));
#4699 = ORIENTED_EDGE('',*,*,#4678,.T.);
#4700 = ORIENTED_EDGE('',*,*,#4701,.T.);
#4701 = EDGE_CURVE('',#4671,#4702,#4704,.T.);
#4702 = VERTEX_POINT('',#4703);
#4703 = CARTESIAN_POINT('',(438.,39.699914796403,112.64589803375));
#4704 = LINE('',#4705,#4706);
#4705 = CARTESIAN_POINT('',(438.,42.790084740153,122.1564631967));
#4706 = VECTOR('',#4707,1.);
#4707 = DIRECTION('',(0.,-0.309016994375,-0.951056516295));
#4708 = ORIENTED_EDGE('',*,*,#4709,.F.);
#4709 = EDGE_CURVE('',#4710,#4702,#4712,.T.);
#4710 = VERTEX_POINT('',#4711);
#4711 = CARTESIAN_POINT('',(12.,39.699914796403,112.64589803375));
#4712 = LINE('',#4713,#4714);
#4713 = CARTESIAN_POINT('',(12.,39.699914796403,112.64589803375));
#4714 = VECTOR('',#4715,1.);
#4715 = DIRECTION('',(1.,0.,0.));
#4716 = ORIENTED_EDGE('',*,*,#4717,.F.);
#4717 = EDGE_CURVE('',#4679,#4710,#4718,.T.);
#4718 = LINE('',#4719,#4720);
#4719 = CARTESIAN_POINT('',(12.,42.790084740153,122.1564631967));
#4720 = VECTOR('',#4721,1.);
#4721 = DIRECTION('',(0.,-0.309016994375,-0.951056516295));
#4722 = PLANE('',#4723);
#4723 = AXIS2_PLACEMENT_3D('',#4724,#4725,#4726);
#4724 = CARTESIAN_POINT('',(12.,42.790084740153,122.1564631967));
#4725 = DIRECTION('',(0.,0.951056516295,-0.309016994375));
#4726 = DIRECTION('',(0.,-0.309016994375,-0.951056516295));
#4727 = ADVANCED_FACE('',(#4728),#4744,.T.);
#4728 = FACE_BOUND('',#4729,.T.);
#4729 = EDGE_LOOP('',(#4730,#4731,#4737,#4738));
#4730 = ORIENTED_EDGE('',*,*,#4709,.T.);
#4731 = ORIENTED_EDGE('',*,*,#4732,.T.);
#4732 = EDGE_CURVE('',#4702,#4632,#4733,.T.);
#4733 = LINE('',#4734,#4735);
#4734 = CARTESIAN_POINT('',(438.,39.699914796403,112.64589803375));
#4735 = VECTOR('',#4736,1.);
#4736 = DIRECTION('',(0.,-0.951056516295,0.309016994375));
#4737 = ORIENTED_EDGE('',*,*,#4629,.F.);
#4738 = ORIENTED_EDGE('',*,*,#4739,.F.);
#4739 = EDGE_CURVE('',#4710,#4630,#4740,.T.);
#4740 = LINE('',#4741,#4742);
#4741 = CARTESIAN_POINT('',(12.,39.699914796403,112.64589803375));
#4742 = VECTOR('',#4743,1.);
#4743 = DIRECTION('',(0.,-0.951056516295,0.309016994375));
#4744 = PLANE('',#4745);
#4745 = AXIS2_PLACEMENT_3D('',#4746,#4747,#4748);
#4746 = CARTESIAN_POINT('',(12.,39.699914796403,112.64589803375));
#4747 = DIRECTION('',(0.,-0.309016994375,-0.951056516295));
#4748 = DIRECTION('',(0.,-0.951056516295,0.309016994375));
#4749 = ADVANCED_FACE('',(#4750),#4756,.T.);
#4750 = FACE_BOUND('',#4751,.T.);
#4751 = EDGE_LOOP('',(#4752,#4753,#4754,#4755));
#4752 = ORIENTED_EDGE('',*,*,#4655,.T.);
#4753 = ORIENTED_EDGE('',*,*,#4686,.T.);
#4754 = ORIENTED_EDGE('',*,*,#4717,.T.);
#4755 = ORIENTED_EDGE('',*,*,#4739,.T.);
#4756 = PLANE('',#4757);
#4757 = AXIS2_PLACEMENT_3D('',#4758,#4759,#4760);
#4758 = CARTESIAN_POINT('',(12.,38.391830219393,118.32823159835));
#4759 = DIRECTION('',(-1.,-0.,-0.));
#4760 = DIRECTION('',(0.,0.,-1.));
#4761 = ADVANCED_FACE('',(#4762),#4768,.F.);
#4762 = FACE_BOUND('',#4763,.F.);
#4763 = EDGE_LOOP('',(#4764,#4765,#4766,#4767));
#4764 = ORIENTED_EDGE('',*,*,#4639,.T.);
#4765 = ORIENTED_EDGE('',*,*,#4670,.T.);
#4766 = ORIENTED_EDGE('',*,*,#4701,.T.);
#4767 = ORIENTED_EDGE('',*,*,#4732,.T.);
#4768 = PLANE('',#4769);
#4769 = AXIS2_PLACEMENT_3D('',#4770,#4771,#4772);
#4770 = CARTESIAN_POINT('',(438.,38.391830219393,118.32823159835));
#4771 = DIRECTION('',(-1.,-0.,-0.));
#4772 = DIRECTION('',(0.,0.,-1.));
#4773 = ( GEOMETRIC_REPRESENTATION_CONTEXT(3) 
GLOBAL_UNCERTAINTY_ASSIGNED_CONTEXT((#4777)) 
GLOBAL_UNIT_ASSIGNED_CONTEXT((#4774,#4775,#4776)) REPRESENTATION_CONTEXT
('Context #1','3D Context with UNIT and UNCERTAINTY') );
#4774 = ( LENGTH_UNIT() NAMED_UNIT(*) SI_UNIT(.MILLI.,.METRE.) );
#4775 = ( NAMED_UNIT(*) PLANE_ANGLE_UNIT() SI_UNIT($,.RADIAN.) );
#4776 = ( NAMED_UNIT(*) SI_UNIT($,.STERADIAN.) SOLID_ANGLE_UNIT() );
#4777 = UNCERTAINTY_MEASURE_WITH_UNIT(LENGTH_MEASURE(1.E-07),#4774,
  'distance_accuracy_value','confusion accuracy');
#4778 = CONTEXT_DEPENDENT_SHAPE_REPRESENTATION(#4779,#4781);
#4779 = ( REPRESENTATION_RELATIONSHIP('','',#4622,#10) 
REPRESENTATION_RELATIONSHIP_WITH_TRANSFORMATION(#4780) 
SHAPE_REPRESENTATION_RELATIONSHIP() );
#4780 = ITEM_DEFINED_TRANSFORMATION('','',#11,#71);
#4781 = PRODUCT_DEFINITION_SHAPE('Placement','Placement of an item',
  #4782);
#4782 = NEXT_ASSEMBLY_USAGE_OCCURRENCE('15','横向木格栅 07','',#5,
  #4617,$);
#4783 = PRODUCT_RELATED_PRODUCT_CATEGORY('part',$,(#4619));
#4784 = SHAPE_DEFINITION_REPRESENTATION(#4785,#4791);
#4785 = PRODUCT_DEFINITION_SHAPE('','',#4786);
#4786 = PRODUCT_DEFINITION('design','',#4787,#4790);
#4787 = PRODUCT_DEFINITION_FORMATION('','',#4788);
#4788 = PRODUCT('灯带铝槽占位','灯带铝槽占位','',(#4789));
#4789 = PRODUCT_CONTEXT('',#2,'mechanical');
#4790 = PRODUCT_DEFINITION_CONTEXT('part definition',#2,'design');
#4791 = ADVANCED_BREP_SHAPE_REPRESENTATION('',(#11,#4792),#4942);
#4792 = MANIFOLD_SOLID_BREP('',#4793);
#4793 = CLOSED_SHELL('',(#4794,#4834,#4874,#4896,#4918,#4930));
#4794 = ADVANCED_FACE('',(#4795),#4829,.F.);
#4795 = FACE_BOUND('',#4796,.F.);
#4796 = EDGE_LOOP('',(#4797,#4807,#4815,#4823));
#4797 = ORIENTED_EDGE('',*,*,#4798,.F.);
#4798 = EDGE_CURVE('',#4799,#4801,#4803,.T.);
#4799 = VERTEX_POINT('',#4800);
#4800 = CARTESIAN_POINT('',(18.,7.,124.5));
#4801 = VERTEX_POINT('',#4802);
#4802 = CARTESIAN_POINT('',(18.,7.,126.5));
#4803 = LINE('',#4804,#4805);
#4804 = CARTESIAN_POINT('',(18.,7.,124.5));
#4805 = VECTOR('',#4806,1.);
#4806 = DIRECTION('',(0.,0.,1.));
#4807 = ORIENTED_EDGE('',*,*,#4808,.T.);
#4808 = EDGE_CURVE('',#4799,#4809,#4811,.T.);
#4809 = VERTEX_POINT('',#4810);
#4810 = CARTESIAN_POINT('',(18.,21.,124.5));
#4811 = LINE('',#4812,#4813);
#4812 = CARTESIAN_POINT('',(18.,7.,124.5));
#4813 = VECTOR('',#4814,1.);
#4814 = DIRECTION('',(-0.,1.,0.));
#4815 = ORIENTED_EDGE('',*,*,#4816,.T.);
#4816 = EDGE_CURVE('',#4809,#4817,#4819,.T.);
#4817 = VERTEX_POINT('',#4818);
#4818 = CARTESIAN_POINT('',(18.,21.,126.5));
#4819 = LINE('',#4820,#4821);
#4820 = CARTESIAN_POINT('',(18.,21.,124.5));
#4821 = VECTOR('',#4822,1.);
#4822 = DIRECTION('',(0.,0.,1.));
#4823 = ORIENTED_EDGE('',*,*,#4824,.F.);
#4824 = EDGE_CURVE('',#4801,#4817,#4825,.T.);
#4825 = LINE('',#4826,#4827);
#4826 = CARTESIAN_POINT('',(18.,7.,126.5));
#4827 = VECTOR('',#4828,1.);
#4828 = DIRECTION('',(-0.,1.,0.));
#4829 = PLANE('',#4830);
#4830 = AXIS2_PLACEMENT_3D('',#4831,#4832,#4833);
#4831 = CARTESIAN_POINT('',(18.,7.,124.5));
#4832 = DIRECTION('',(1.,0.,-0.));
#4833 = DIRECTION('',(0.,0.,1.));
#4834 = ADVANCED_FACE('',(#4835),#4869,.T.);
#4835 = FACE_BOUND('',#4836,.T.);
#4836 = EDGE_LOOP('',(#4837,#4847,#4855,#4863));
#4837 = ORIENTED_EDGE('',*,*,#4838,.F.);
#4838 = EDGE_CURVE('',#4839,#4841,#4843,.T.);
#4839 = VERTEX_POINT('',#4840);
#4840 = CARTESIAN_POINT('',(432.,7.,124.5));
#4841 = VERTEX_POINT('',#4842);
#4842 = CARTESIAN_POINT('',(432.,7.,126.5));
#4843 = LINE('',#4844,#4845);
#4844 = CARTESIAN_POINT('',(432.,7.,124.5));
#4845 = VECTOR('',#4846,1.);
#4846 = DIRECTION('',(0.,0.,1.));
#4847 = ORIENTED_EDGE('',*,*,#4848,.T.);
#4848 = EDGE_CURVE('',#4839,#4849,#4851,.T.);
#4849 = VERTEX_POINT('',#4850);
#4850 = CARTESIAN_POINT('',(432.,21.,124.5));
#4851 = LINE('',#4852,#4853);
#4852 = CARTESIAN_POINT('',(432.,7.,124.5));
#4853 = VECTOR('',#4854,1.);
#4854 = DIRECTION('',(-0.,1.,0.));
#4855 = ORIENTED_EDGE('',*,*,#4856,.T.);
#4856 = EDGE_CURVE('',#4849,#4857,#4859,.T.);
#4857 = VERTEX_POINT('',#4858);
#4858 = CARTESIAN_POINT('',(432.,21.,126.5));
#4859 = LINE('',#4860,#4861);
#4860 = CARTESIAN_POINT('',(432.,21.,124.5));
#4861 = VECTOR('',#4862,1.);
#4862 = DIRECTION('',(0.,0.,1.));
#4863 = ORIENTED_EDGE('',*,*,#4864,.F.);
#4864 = EDGE_CURVE('',#4841,#4857,#4865,.T.);
#4865 = LINE('',#4866,#4867);
#4866 = CARTESIAN_POINT('',(432.,7.,126.5));
#4867 = VECTOR('',#4868,1.);
#4868 = DIRECTION('',(-0.,1.,0.));
#4869 = PLANE('',#4870);
#4870 = AXIS2_PLACEMENT_3D('',#4871,#4872,#4873);
#4871 = CARTESIAN_POINT('',(432.,7.,124.5));
#4872 = DIRECTION('',(1.,0.,-0.));
#4873 = DIRECTION('',(0.,0.,1.));
#4874 = ADVANCED_FACE('',(#4875),#4891,.F.);
#4875 = FACE_BOUND('',#4876,.F.);
#4876 = EDGE_LOOP('',(#4877,#4883,#4884,#4890));
#4877 = ORIENTED_EDGE('',*,*,#4878,.F.);
#4878 = EDGE_CURVE('',#4799,#4839,#4879,.T.);
#4879 = LINE('',#4880,#4881);
#4880 = CARTESIAN_POINT('',(18.,7.,124.5));
#4881 = VECTOR('',#4882,1.);
#4882 = DIRECTION('',(1.,0.,-0.));
#4883 = ORIENTED_EDGE('',*,*,#4798,.T.);
#4884 = ORIENTED_EDGE('',*,*,#4885,.T.);
#4885 = EDGE_CURVE('',#4801,#4841,#4886,.T.);
#4886 = LINE('',#4887,#4888);
#4887 = CARTESIAN_POINT('',(18.,7.,126.5));
#4888 = VECTOR('',#4889,1.);
#4889 = DIRECTION('',(1.,0.,-0.));
#4890 = ORIENTED_EDGE('',*,*,#4838,.F.);
#4891 = PLANE('',#4892);
#4892 = AXIS2_PLACEMENT_3D('',#4893,#4894,#4895);
#4893 = CARTESIAN_POINT('',(18.,7.,124.5));
#4894 = DIRECTION('',(-0.,1.,0.));
#4895 = DIRECTION('',(0.,0.,1.));
#4896 = ADVANCED_FACE('',(#4897),#4913,.T.);
#4897 = FACE_BOUND('',#4898,.T.);
#4898 = EDGE_LOOP('',(#4899,#4905,#4906,#4912));
#4899 = ORIENTED_EDGE('',*,*,#4900,.F.);
#4900 = EDGE_CURVE('',#4809,#4849,#4901,.T.);
#4901 = LINE('',#4902,#4903);
#4902 = CARTESIAN_POINT('',(18.,21.,124.5));
#4903 = VECTOR('',#4904,1.);
#4904 = DIRECTION('',(1.,0.,-0.));
#4905 = ORIENTED_EDGE('',*,*,#4816,.T.);
#4906 = ORIENTED_EDGE('',*,*,#4907,.T.);
#4907 = EDGE_CURVE('',#4817,#4857,#4908,.T.);
#4908 = LINE('',#4909,#4910);
#4909 = CARTESIAN_POINT('',(18.,21.,126.5));
#4910 = VECTOR('',#4911,1.);
#4911 = DIRECTION('',(1.,0.,-0.));
#4912 = ORIENTED_EDGE('',*,*,#4856,.F.);
#4913 = PLANE('',#4914);
#4914 = AXIS2_PLACEMENT_3D('',#4915,#4916,#4917);
#4915 = CARTESIAN_POINT('',(18.,21.,124.5));
#4916 = DIRECTION('',(-0.,1.,0.));
#4917 = DIRECTION('',(0.,0.,1.));
#4918 = ADVANCED_FACE('',(#4919),#4925,.F.);
#4919 = FACE_BOUND('',#4920,.F.);
#4920 = EDGE_LOOP('',(#4921,#4922,#4923,#4924));
#4921 = ORIENTED_EDGE('',*,*,#4808,.F.);
#4922 = ORIENTED_EDGE('',*,*,#4878,.T.);
#4923 = ORIENTED_EDGE('',*,*,#4848,.T.);
#4924 = ORIENTED_EDGE('',*,*,#4900,.F.);
#4925 = PLANE('',#4926);
#4926 = AXIS2_PLACEMENT_3D('',#4927,#4928,#4929);
#4927 = CARTESIAN_POINT('',(18.,7.,124.5));
#4928 = DIRECTION('',(0.,0.,1.));
#4929 = DIRECTION('',(1.,0.,-0.));
#4930 = ADVANCED_FACE('',(#4931),#4937,.T.);
#4931 = FACE_BOUND('',#4932,.T.);
#4932 = EDGE_LOOP('',(#4933,#4934,#4935,#4936));
#4933 = ORIENTED_EDGE('',*,*,#4824,.F.);
#4934 = ORIENTED_EDGE('',*,*,#4885,.T.);
#4935 = ORIENTED_EDGE('',*,*,#4864,.T.);
#4936 = ORIENTED_EDGE('',*,*,#4907,.F.);
#4937 = PLANE('',#4938);
#4938 = AXIS2_PLACEMENT_3D('',#4939,#4940,#4941);
#4939 = CARTESIAN_POINT('',(18.,7.,126.5));
#4940 = DIRECTION('',(0.,0.,1.));
#4941 = DIRECTION('',(1.,0.,-0.));
#4942 = ( GEOMETRIC_REPRESENTATION_CONTEXT(3) 
GLOBAL_UNCERTAINTY_ASSIGNED_CONTEXT((#4946)) 
GLOBAL_UNIT_ASSIGNED_CONTEXT((#4943,#4944,#4945)) REPRESENTATION_CONTEXT
('Context #1','3D Context with UNIT and UNCERTAINTY') );
#4943 = ( LENGTH_UNIT() NAMED_UNIT(*) SI_UNIT(.MILLI.,.METRE.) );
#4944 = ( NAMED_UNIT(*) PLANE_ANGLE_UNIT() SI_UNIT($,.RADIAN.) );
#4945 = ( NAMED_UNIT(*) SI_UNIT($,.STERADIAN.) SOLID_ANGLE_UNIT() );
#4946 = UNCERTAINTY_MEASURE_WITH_UNIT(LENGTH_MEASURE(1.E-07),#4943,
  'distance_accuracy_value','confusion accuracy');
#4947 = CONTEXT_DEPENDENT_SHAPE_REPRESENTATION(#4948,#4950);
#4948 = ( REPRESENTATION_RELATIONSHIP('','',#4791,#10) 
REPRESENTATION_RELATIONSHIP_WITH_TRANSFORMATION(#4949) 
SHAPE_REPRESENTATION_RELATIONSHIP() );
#4949 = ITEM_DEFINED_TRANSFORMATION('','',#11,#75);
#4950 = PRODUCT_DEFINITION_SHAPE('Placement','Placement of an item',
  #4951);
#4951 = NEXT_ASSEMBLY_USAGE_OCCURRENCE('16','灯带铝槽占位','',#5,
  #4786,$);
#4952 = PRODUCT_RELATED_PRODUCT_CATEGORY('part',$,(#4788));
#4953 = SHAPE_DEFINITION_REPRESENTATION(#4954,#4960);
#4954 = PRODUCT_DEFINITION_SHAPE('','',#4955);
#4955 = PRODUCT_DEFINITION('design','',#4956,#4959);
#4956 = PRODUCT_DEFINITION_FORMATION('','',#4957);
#4957 = PRODUCT('3000 K 暖光扩散片','3000 K 暖光扩散片','',(
    #4958));
#4958 = PRODUCT_CONTEXT('',#2,'mechanical');
#4959 = PRODUCT_DEFINITION_CONTEXT('part definition',#2,'design');
#4960 = ADVANCED_BREP_SHAPE_REPRESENTATION('',(#11,#4961),#5111);
#4961 = MANIFOLD_SOLID_BREP('',#4962);
#4962 = CLOSED_SHELL('',(#4963,#5003,#5043,#5065,#5087,#5099));
#4963 = ADVANCED_FACE('',(#4964),#4998,.F.);
#4964 = FACE_BOUND('',#4965,.F.);
#4965 = EDGE_LOOP('',(#4966,#4976,#4984,#4992));
#4966 = ORIENTED_EDGE('',*,*,#4967,.F.);
#4967 = EDGE_CURVE('',#4968,#4970,#4972,.T.);
#4968 = VERTEX_POINT('',#4969);
#4969 = CARTESIAN_POINT('',(20.,8.,123.5));
#4970 = VERTEX_POINT('',#4971);
#4971 = CARTESIAN_POINT('',(20.,8.,124.5));
#4972 = LINE('',#4973,#4974);
#4973 = CARTESIAN_POINT('',(20.,8.,123.5));
#4974 = VECTOR('',#4975,1.);
#4975 = DIRECTION('',(0.,0.,1.));
#4976 = ORIENTED_EDGE('',*,*,#4977,.T.);
#4977 = EDGE_CURVE('',#4968,#4978,#4980,.T.);
#4978 = VERTEX_POINT('',#4979);
#4979 = CARTESIAN_POINT('',(20.,20.,123.5));
#4980 = LINE('',#4981,#4982);
#4981 = CARTESIAN_POINT('',(20.,8.,123.5));
#4982 = VECTOR('',#4983,1.);
#4983 = DIRECTION('',(-0.,1.,0.));
#4984 = ORIENTED_EDGE('',*,*,#4985,.T.);
#4985 = EDGE_CURVE('',#4978,#4986,#4988,.T.);
#4986 = VERTEX_POINT('',#4987);
#4987 = CARTESIAN_POINT('',(20.,20.,124.5));
#4988 = LINE('',#4989,#4990);
#4989 = CARTESIAN_POINT('',(20.,20.,123.5));
#4990 = VECTOR('',#4991,1.);
#4991 = DIRECTION('',(0.,0.,1.));
#4992 = ORIENTED_EDGE('',*,*,#4993,.F.);
#4993 = EDGE_CURVE('',#4970,#4986,#4994,.T.);
#4994 = LINE('',#4995,#4996);
#4995 = CARTESIAN_POINT('',(20.,8.,124.5));
#4996 = VECTOR('',#4997,1.);
#4997 = DIRECTION('',(-0.,1.,0.));
#4998 = PLANE('',#4999);
#4999 = AXIS2_PLACEMENT_3D('',#5000,#5001,#5002);
#5000 = CARTESIAN_POINT('',(20.,8.,123.5));
#5001 = DIRECTION('',(1.,0.,-0.));
#5002 = DIRECTION('',(0.,0.,1.));
#5003 = ADVANCED_FACE('',(#5004),#5038,.T.);
#5004 = FACE_BOUND('',#5005,.T.);
#5005 = EDGE_LOOP('',(#5006,#5016,#5024,#5032));
#5006 = ORIENTED_EDGE('',*,*,#5007,.F.);
#5007 = EDGE_CURVE('',#5008,#5010,#5012,.T.);
#5008 = VERTEX_POINT('',#5009);
#5009 = CARTESIAN_POINT('',(430.,8.,123.5));
#5010 = VERTEX_POINT('',#5011);
#5011 = CARTESIAN_POINT('',(430.,8.,124.5));
#5012 = LINE('',#5013,#5014);
#5013 = CARTESIAN_POINT('',(430.,8.,123.5));
#5014 = VECTOR('',#5015,1.);
#5015 = DIRECTION('',(0.,0.,1.));
#5016 = ORIENTED_EDGE('',*,*,#5017,.T.);
#5017 = EDGE_CURVE('',#5008,#5018,#5020,.T.);
#5018 = VERTEX_POINT('',#5019);
#5019 = CARTESIAN_POINT('',(430.,20.,123.5));
#5020 = LINE('',#5021,#5022);
#5021 = CARTESIAN_POINT('',(430.,8.,123.5));
#5022 = VECTOR('',#5023,1.);
#5023 = DIRECTION('',(-0.,1.,0.));
#5024 = ORIENTED_EDGE('',*,*,#5025,.T.);
#5025 = EDGE_CURVE('',#5018,#5026,#5028,.T.);
#5026 = VERTEX_POINT('',#5027);
#5027 = CARTESIAN_POINT('',(430.,20.,124.5));
#5028 = LINE('',#5029,#5030);
#5029 = CARTESIAN_POINT('',(430.,20.,123.5));
#5030 = VECTOR('',#5031,1.);
#5031 = DIRECTION('',(0.,0.,1.));
#5032 = ORIENTED_EDGE('',*,*,#5033,.F.);
#5033 = EDGE_CURVE('',#5010,#5026,#5034,.T.);
#5034 = LINE('',#5035,#5036);
#5035 = CARTESIAN_POINT('',(430.,8.,124.5));
#5036 = VECTOR('',#5037,1.);
#5037 = DIRECTION('',(-0.,1.,0.));
#5038 = PLANE('',#5039);
#5039 = AXIS2_PLACEMENT_3D('',#5040,#5041,#5042);
#5040 = CARTESIAN_POINT('',(430.,8.,123.5));
#5041 = DIRECTION('',(1.,0.,-0.));
#5042 = DIRECTION('',(0.,0.,1.));
#5043 = ADVANCED_FACE('',(#5044),#5060,.F.);
#5044 = FACE_BOUND('',#5045,.F.);
#5045 = EDGE_LOOP('',(#5046,#5052,#5053,#5059));
#5046 = ORIENTED_EDGE('',*,*,#5047,.F.);
#5047 = EDGE_CURVE('',#4968,#5008,#5048,.T.);
#5048 = LINE('',#5049,#5050);
#5049 = CARTESIAN_POINT('',(20.,8.,123.5));
#5050 = VECTOR('',#5051,1.);
#5051 = DIRECTION('',(1.,0.,-0.));
#5052 = ORIENTED_EDGE('',*,*,#4967,.T.);
#5053 = ORIENTED_EDGE('',*,*,#5054,.T.);
#5054 = EDGE_CURVE('',#4970,#5010,#5055,.T.);
#5055 = LINE('',#5056,#5057);
#5056 = CARTESIAN_POINT('',(20.,8.,124.5));
#5057 = VECTOR('',#5058,1.);
#5058 = DIRECTION('',(1.,0.,-0.));
#5059 = ORIENTED_EDGE('',*,*,#5007,.F.);
#5060 = PLANE('',#5061);
#5061 = AXIS2_PLACEMENT_3D('',#5062,#5063,#5064);
#5062 = CARTESIAN_POINT('',(20.,8.,123.5));
#5063 = DIRECTION('',(-0.,1.,0.));
#5064 = DIRECTION('',(0.,0.,1.));
#5065 = ADVANCED_FACE('',(#5066),#5082,.T.);
#5066 = FACE_BOUND('',#5067,.T.);
#5067 = EDGE_LOOP('',(#5068,#5074,#5075,#5081));
#5068 = ORIENTED_EDGE('',*,*,#5069,.F.);
#5069 = EDGE_CURVE('',#4978,#5018,#5070,.T.);
#5070 = LINE('',#5071,#5072);
#5071 = CARTESIAN_POINT('',(20.,20.,123.5));
#5072 = VECTOR('',#5073,1.);
#5073 = DIRECTION('',(1.,0.,-0.));
#5074 = ORIENTED_EDGE('',*,*,#4985,.T.);
#5075 = ORIENTED_EDGE('',*,*,#5076,.T.);
#5076 = EDGE_CURVE('',#4986,#5026,#5077,.T.);
#5077 = LINE('',#5078,#5079);
#5078 = CARTESIAN_POINT('',(20.,20.,124.5));
#5079 = VECTOR('',#5080,1.);
#5080 = DIRECTION('',(1.,0.,-0.));
#5081 = ORIENTED_EDGE('',*,*,#5025,.F.);
#5082 = PLANE('',#5083);
#5083 = AXIS2_PLACEMENT_3D('',#5084,#5085,#5086);
#5084 = CARTESIAN_POINT('',(20.,20.,123.5));
#5085 = DIRECTION('',(-0.,1.,0.));
#5086 = DIRECTION('',(0.,0.,1.));
#5087 = ADVANCED_FACE('',(#5088),#5094,.F.);
#5088 = FACE_BOUND('',#5089,.F.);
#5089 = EDGE_LOOP('',(#5090,#5091,#5092,#5093));
#5090 = ORIENTED_EDGE('',*,*,#4977,.F.);
#5091 = ORIENTED_EDGE('',*,*,#5047,.T.);
#5092 = ORIENTED_EDGE('',*,*,#5017,.T.);
#5093 = ORIENTED_EDGE('',*,*,#5069,.F.);
#5094 = PLANE('',#5095);
#5095 = AXIS2_PLACEMENT_3D('',#5096,#5097,#5098);
#5096 = CARTESIAN_POINT('',(20.,8.,123.5));
#5097 = DIRECTION('',(0.,0.,1.));
#5098 = DIRECTION('',(1.,0.,-0.));
#5099 = ADVANCED_FACE('',(#5100),#5106,.T.);
#5100 = FACE_BOUND('',#5101,.T.);
#5101 = EDGE_LOOP('',(#5102,#5103,#5104,#5105));
#5102 = ORIENTED_EDGE('',*,*,#4993,.F.);
#5103 = ORIENTED_EDGE('',*,*,#5054,.T.);
#5104 = ORIENTED_EDGE('',*,*,#5033,.T.);
#5105 = ORIENTED_EDGE('',*,*,#5076,.F.);
#5106 = PLANE('',#5107);
#5107 = AXIS2_PLACEMENT_3D('',#5108,#5109,#5110);
#5108 = CARTESIAN_POINT('',(20.,8.,124.5));
#5109 = DIRECTION('',(0.,0.,1.));
#5110 = DIRECTION('',(1.,0.,-0.));
#5111 = ( GEOMETRIC_REPRESENTATION_CONTEXT(3) 
GLOBAL_UNCERTAINTY_ASSIGNED_CONTEXT((#5115)) 
GLOBAL_UNIT_ASSIGNED_CONTEXT((#5112,#5113,#5114)) REPRESENTATION_CONTEXT
('Context #1','3D Context with UNIT and UNCERTAINTY') );
#5112 = ( LENGTH_UNIT() NAMED_UNIT(*) SI_UNIT(.MILLI.,.METRE.) );
#5113 = ( NAMED_UNIT(*) PLANE_ANGLE_UNIT() SI_UNIT($,.RADIAN.) );
#5114 = ( NAMED_UNIT(*) SI_UNIT($,.STERADIAN.) SOLID_ANGLE_UNIT() );
#5115 = UNCERTAINTY_MEASURE_WITH_UNIT(LENGTH_MEASURE(1.E-07),#5112,
  'distance_accuracy_value','confusion accuracy');
#5116 = CONTEXT_DEPENDENT_SHAPE_REPRESENTATION(#5117,#5119);
#5117 = ( REPRESENTATION_RELATIONSHIP('','',#4960,#10) 
REPRESENTATION_RELATIONSHIP_WITH_TRANSFORMATION(#5118) 
SHAPE_REPRESENTATION_RELATIONSHIP() );
#5118 = ITEM_DEFINED_TRANSFORMATION('','',#11,#79);
#5119 = PRODUCT_DEFINITION_SHAPE('Placement','Placement of an item',
  #5120);
#5120 = NEXT_ASSEMBLY_USAGE_OCCURRENCE('17','3000 K 暖光扩散片','',
  #5,#4955,$);
#5121 = PRODUCT_RELATED_PRODUCT_CATEGORY('part',$,(#4957));
#5122 = SHAPE_DEFINITION_REPRESENTATION(#5123,#5129);
#5123 = PRODUCT_DEFINITION_SHAPE('','',#5124);
#5124 = PRODUCT_DEFINITION('design','',#5125,#5128);
#5125 = PRODUCT_DEFINITION_FORMATION('','',#5126);
#5126 = PRODUCT('左右全频斜面障板','左右全频斜面障板',''
  ,(#5127));
#5127 = PRODUCT_CONTEXT('',#2,'mechanical');
#5128 = PRODUCT_DEFINITION_CONTEXT('part definition',#2,'design');
#5129 = ADVANCED_BREP_SHAPE_REPRESENTATION('',(#11,#5130),#5358);
#5130 = MANIFOLD_SOLID_BREP('',#5131);
#5131 = CLOSED_SHELL('',(#5132,#5194,#5225,#5249,#5273,#5290,#5315,#5340
    ));
#5132 = ADVANCED_FACE('',(#5133,#5167,#5178),#5189,.T.);
#5133 = FACE_BOUND('',#5134,.T.);
#5134 = EDGE_LOOP('',(#5135,#5145,#5153,#5161));
#5135 = ORIENTED_EDGE('',*,*,#5136,.T.);
#5136 = EDGE_CURVE('',#5137,#5139,#5141,.T.);
#5137 = VERTEX_POINT('',#5138);
#5138 = CARTESIAN_POINT('',(12.,16.,34.5));
#5139 = VERTEX_POINT('',#5140);
#5140 = CARTESIAN_POINT('',(438.,16.,34.5));
#5141 = LINE('',#5142,#5143);
#5142 = CARTESIAN_POINT('',(12.,16.,34.5));
#5143 = VECTOR('',#5144,1.);
#5144 = DIRECTION('',(1.,0.,0.));
#5145 = ORIENTED_EDGE('',*,*,#5146,.T.);
#5146 = EDGE_CURVE('',#5139,#5147,#5149,.T.);
#5147 = VERTEX_POINT('',#5148);
#5148 = CARTESIAN_POINT('',(438.,45.242772660962,124.5));
#5149 = LINE('',#5150,#5151);
#5150 = CARTESIAN_POINT('',(438.,16.,34.5));
#5151 = VECTOR('',#5152,1.);
#5152 = DIRECTION('',(0.,0.309016994375,0.951056516295));
#5153 = ORIENTED_EDGE('',*,*,#5154,.F.);
#5154 = EDGE_CURVE('',#5155,#5147,#5157,.T.);
#5155 = VERTEX_POINT('',#5156);
#5156 = CARTESIAN_POINT('',(12.,45.242772660962,124.5));
#5157 = LINE('',#5158,#5159);
#5158 = CARTESIAN_POINT('',(12.,45.242772660962,124.5));
#5159 = VECTOR('',#5160,1.);
#5160 = DIRECTION('',(1.,0.,0.));
#5161 = ORIENTED_EDGE('',*,*,#5162,.F.);
#5162 = EDGE_CURVE('',#5137,#5155,#5163,.T.);
#5163 = LINE('',#5164,#5165);
#5164 = CARTESIAN_POINT('',(12.,16.,34.5));
#5165 = VECTOR('',#5166,1.);
#5166 = DIRECTION('',(0.,0.309016994375,0.951056516295));
#5167 = FACE_BOUND('',#5168,.T.);
#5168 = EDGE_LOOP('',(#5169));
#5169 = ORIENTED_EDGE('',*,*,#5170,.T.);
#5170 = EDGE_CURVE('',#5171,#5171,#5173,.T.);
#5171 = VERTEX_POINT('',#5172);
#5172 = CARTESIAN_POINT('',(370.,38.426324699144,103.5211303259));
#5173 = CIRCLE('',#5174,20.);
#5174 = AXIS2_PLACEMENT_3D('',#5175,#5176,#5177);
#5175 = CARTESIAN_POINT('',(370.,32.245984811645,84.5));
#5176 = DIRECTION('',(0.,0.951056516295,-0.309016994375));
#5177 = DIRECTION('',(0.,0.309016994375,0.951056516295));
#5178 = FACE_BOUND('',#5179,.T.);
#5179 = EDGE_LOOP('',(#5180));
#5180 = ORIENTED_EDGE('',*,*,#5181,.T.);
#5181 = EDGE_CURVE('',#5182,#5182,#5184,.T.);
#5182 = VERTEX_POINT('',#5183);
#5183 = CARTESIAN_POINT('',(80.,38.426324699144,103.5211303259));
#5184 = CIRCLE('',#5185,20.);
#5185 = AXIS2_PLACEMENT_3D('',#5186,#5187,#5188);
#5186 = CARTESIAN_POINT('',(80.,32.245984811645,84.5));
#5187 = DIRECTION('',(0.,0.951056516295,-0.309016994375));
#5188 = DIRECTION('',(0.,0.309016994375,0.951056516295));
#5189 = PLANE('',#5190);
#5190 = AXIS2_PLACEMENT_3D('',#5191,#5192,#5193);
#5191 = CARTESIAN_POINT('',(12.,16.,34.5));
#5192 = DIRECTION('',(0.,-0.951056516295,0.309016994375));
#5193 = DIRECTION('',(0.,0.309016994375,0.951056516295));
#5194 = ADVANCED_FACE('',(#5195),#5220,.T.);
#5195 = FACE_BOUND('',#5196,.T.);
#5196 = EDGE_LOOP('',(#5197,#5207,#5213,#5214));
#5197 = ORIENTED_EDGE('',*,*,#5198,.T.);
#5198 = EDGE_CURVE('',#5199,#5201,#5203,.T.);
#5199 = VERTEX_POINT('',#5200);
#5200 = CARTESIAN_POINT('',(12.,26.514622242383,34.5));
#5201 = VERTEX_POINT('',#5202);
#5202 = CARTESIAN_POINT('',(438.,26.514622242383,34.5));
#5203 = LINE('',#5204,#5205);
#5204 = CARTESIAN_POINT('',(12.,26.514622242383,34.5));
#5205 = VECTOR('',#5206,1.);
#5206 = DIRECTION('',(1.,0.,0.));
#5207 = ORIENTED_EDGE('',*,*,#5208,.T.);
#5208 = EDGE_CURVE('',#5201,#5139,#5209,.T.);
#5209 = LINE('',#5210,#5211);
#5210 = CARTESIAN_POINT('',(438.,26.514622242383,34.5));
#5211 = VECTOR('',#5212,1.);
#5212 = DIRECTION('',(0.,-1.,0.));
#5213 = ORIENTED_EDGE('',*,*,#5136,.F.);
#5214 = ORIENTED_EDGE('',*,*,#5215,.F.);
#5215 = EDGE_CURVE('',#5199,#5137,#5216,.T.);
#5216 = LINE('',#5217,#5218);
#5217 = CARTESIAN_POINT('',(12.,26.514622242383,34.5));
#5218 = VECTOR('',#5219,1.);
#5219 = DIRECTION('',(0.,-1.,0.));
#5220 = PLANE('',#5221);
#5221 = AXIS2_PLACEMENT_3D('',#5222,#5223,#5224);
#5222 = CARTESIAN_POINT('',(12.,26.514622242383,34.5));
#5223 = DIRECTION('',(0.,0.,-1.));
#5224 = DIRECTION('',(0.,-1.,0.));
#5225 = ADVANCED_FACE('',(#5226),#5244,.T.);
#5226 = FACE_BOUND('',#5227,.T.);
#5227 = EDGE_LOOP('',(#5228,#5229,#5237,#5243));
#5228 = ORIENTED_EDGE('',*,*,#5162,.T.);
#5229 = ORIENTED_EDGE('',*,*,#5230,.T.);
#5230 = EDGE_CURVE('',#5155,#5231,#5233,.T.);
#5231 = VERTEX_POINT('',#5232);
#5232 = CARTESIAN_POINT('',(12.,55.757394903344,124.5));
#5233 = LINE('',#5234,#5235);
#5234 = CARTESIAN_POINT('',(12.,45.242772660962,124.5));
#5235 = VECTOR('',#5236,1.);
#5236 = DIRECTION('',(0.,1.,0.));
#5237 = ORIENTED_EDGE('',*,*,#5238,.T.);
#5238 = EDGE_CURVE('',#5231,#5199,#5239,.T.);
#5239 = LINE('',#5240,#5241);
#5240 = CARTESIAN_POINT('',(12.,55.757394903344,124.5));
#5241 = VECTOR('',#5242,1.);
#5242 = DIRECTION('',(0.,-0.309016994375,-0.951056516295));
#5243 = ORIENTED_EDGE('',*,*,#5215,.T.);
#5244 = PLANE('',#5245);
#5245 = AXIS2_PLACEMENT_3D('',#5246,#5247,#5248);
#5246 = CARTESIAN_POINT('',(12.,35.878697451672,79.5));
#5247 = DIRECTION('',(-1.,-0.,-0.));
#5248 = DIRECTION('',(0.,0.,-1.));
#5249 = ADVANCED_FACE('',(#5250),#5268,.F.);
#5250 = FACE_BOUND('',#5251,.F.);
#5251 = EDGE_LOOP('',(#5252,#5253,#5261,#5267));
#5252 = ORIENTED_EDGE('',*,*,#5146,.T.);
#5253 = ORIENTED_EDGE('',*,*,#5254,.T.);
#5254 = EDGE_CURVE('',#5147,#5255,#5257,.T.);
#5255 = VERTEX_POINT('',#5256);
#5256 = CARTESIAN_POINT('',(438.,55.757394903344,124.5));
#5257 = LINE('',#5258,#5259);
#5258 = CARTESIAN_POINT('',(438.,45.242772660962,124.5));
#5259 = VECTOR('',#5260,1.);
#5260 = DIRECTION('',(0.,1.,0.));
#5261 = ORIENTED_EDGE('',*,*,#5262,.T.);
#5262 = EDGE_CURVE('',#5255,#5201,#5263,.T.);
#5263 = LINE('',#5264,#5265);
#5264 = CARTESIAN_POINT('',(438.,55.757394903344,124.5));
#5265 = VECTOR('',#5266,1.);
#5266 = DIRECTION('',(0.,-0.309016994375,-0.951056516295));
#5267 = ORIENTED_EDGE('',*,*,#5208,.T.);
#5268 = PLANE('',#5269);
#5269 = AXIS2_PLACEMENT_3D('',#5270,#5271,#5272);
#5270 = CARTESIAN_POINT('',(438.,35.878697451672,79.5));
#5271 = DIRECTION('',(-1.,-0.,-0.));
#5272 = DIRECTION('',(0.,0.,-1.));
#5273 = ADVANCED_FACE('',(#5274),#5285,.T.);
#5274 = FACE_BOUND('',#5275,.T.);
#5275 = EDGE_LOOP('',(#5276,#5277,#5278,#5284));
#5276 = ORIENTED_EDGE('',*,*,#5154,.T.);
#5277 = ORIENTED_EDGE('',*,*,#5254,.T.);
#5278 = ORIENTED_EDGE('',*,*,#5279,.F.);
#5279 = EDGE_CURVE('',#5231,#5255,#5280,.T.);
#5280 = LINE('',#5281,#5282);
#5281 = CARTESIAN_POINT('',(12.,55.757394903344,124.5));
#5282 = VECTOR('',#5283,1.);
#5283 = DIRECTION('',(1.,0.,0.));
#5284 = ORIENTED_EDGE('',*,*,#5230,.F.);
#5285 = PLANE('',#5286);
#5286 = AXIS2_PLACEMENT_3D('',#5287,#5288,#5289);
#5287 = CARTESIAN_POINT('',(12.,45.242772660962,124.5));
#5288 = DIRECTION('',(0.,0.,1.));
#5289 = DIRECTION('',(0.,1.,0.));
#5290 = ADVANCED_FACE('',(#5291),#5310,.F.);
#5291 = FACE_BOUND('',#5292,.F.);
#5292 = EDGE_LOOP('',(#5293,#5302,#5308,#5309));
#5293 = ORIENTED_EDGE('',*,*,#5294,.F.);
#5294 = EDGE_CURVE('',#5295,#5295,#5297,.T.);
#5295 = VERTEX_POINT('',#5296);
#5296 = CARTESIAN_POINT('',(370.,47.936889862096,100.43096038215));
#5297 = CIRCLE('',#5298,20.);
#5298 = AXIS2_PLACEMENT_3D('',#5299,#5300,#5301);
#5299 = CARTESIAN_POINT('',(370.,41.756549974597,81.409830056251));
#5300 = DIRECTION('',(0.,0.951056516295,-0.309016994375));
#5301 = DIRECTION('',(0.,0.309016994375,0.951056516295));
#5302 = ORIENTED_EDGE('',*,*,#5303,.F.);
#5303 = EDGE_CURVE('',#5171,#5295,#5304,.T.);
#5304 = LINE('',#5305,#5306);
#5305 = CARTESIAN_POINT('',(370.,33.671042117668,105.06621529777));
#5306 = VECTOR('',#5307,1.);
#5307 = DIRECTION('',(1.104740758167E-32,0.951056516295,-0.309016994375)
  );
#5308 = ORIENTED_EDGE('',*,*,#5170,.T.);
#5309 = ORIENTED_EDGE('',*,*,#5303,.T.);
#5310 = CYLINDRICAL_SURFACE('',#5311,20.);
#5311 = AXIS2_PLACEMENT_3D('',#5312,#5313,#5314);
#5312 = CARTESIAN_POINT('',(370.,27.49070223017,86.045084971875));
#5313 = DIRECTION('',(0.,0.951056516295,-0.309016994375));
#5314 = DIRECTION('',(0.,0.309016994375,0.951056516295));
#5315 = ADVANCED_FACE('',(#5316),#5335,.F.);
#5316 = FACE_BOUND('',#5317,.F.);
#5317 = EDGE_LOOP('',(#5318,#5327,#5333,#5334));
#5318 = ORIENTED_EDGE('',*,*,#5319,.F.);
#5319 = EDGE_CURVE('',#5320,#5320,#5322,.T.);
#5320 = VERTEX_POINT('',#5321);
#5321 = CARTESIAN_POINT('',(80.,47.936889862096,100.43096038215));
#5322 = CIRCLE('',#5323,20.);
#5323 = AXIS2_PLACEMENT_3D('',#5324,#5325,#5326);
#5324 = CARTESIAN_POINT('',(80.,41.756549974597,81.409830056251));
#5325 = DIRECTION('',(0.,0.951056516295,-0.309016994375));
#5326 = DIRECTION('',(0.,0.309016994375,0.951056516295));
#5327 = ORIENTED_EDGE('',*,*,#5328,.F.);
#5328 = EDGE_CURVE('',#5182,#5320,#5329,.T.);
#5329 = LINE('',#5330,#5331);
#5330 = CARTESIAN_POINT('',(80.,33.671042117668,105.06621529777));
#5331 = VECTOR('',#5332,1.);
#5332 = DIRECTION('',(1.104740758167E-32,0.951056516295,-0.309016994375)
  );
#5333 = ORIENTED_EDGE('',*,*,#5181,.T.);
#5334 = ORIENTED_EDGE('',*,*,#5328,.T.);
#5335 = CYLINDRICAL_SURFACE('',#5336,20.);
#5336 = AXIS2_PLACEMENT_3D('',#5337,#5338,#5339);
#5337 = CARTESIAN_POINT('',(80.,27.49070223017,86.045084971875));
#5338 = DIRECTION('',(0.,0.951056516295,-0.309016994375));
#5339 = DIRECTION('',(0.,0.309016994375,0.951056516295));
#5340 = ADVANCED_FACE('',(#5341,#5347,#5350),#5353,.T.);
#5341 = FACE_BOUND('',#5342,.T.);
#5342 = EDGE_LOOP('',(#5343,#5344,#5345,#5346));
#5343 = ORIENTED_EDGE('',*,*,#5279,.T.);
#5344 = ORIENTED_EDGE('',*,*,#5262,.T.);
#5345 = ORIENTED_EDGE('',*,*,#5198,.F.);
#5346 = ORIENTED_EDGE('',*,*,#5238,.F.);
#5347 = FACE_BOUND('',#5348,.T.);
#5348 = EDGE_LOOP('',(#5349));
#5349 = ORIENTED_EDGE('',*,*,#5294,.F.);
#5350 = FACE_BOUND('',#5351,.T.);
#5351 = EDGE_LOOP('',(#5352));
#5352 = ORIENTED_EDGE('',*,*,#5319,.F.);
#5353 = PLANE('',#5354);
#5354 = AXIS2_PLACEMENT_3D('',#5355,#5356,#5357);
#5355 = CARTESIAN_POINT('',(12.,55.757394903344,124.5));
#5356 = DIRECTION('',(0.,0.951056516295,-0.309016994375));
#5357 = DIRECTION('',(0.,-0.309016994375,-0.951056516295));
#5358 = ( GEOMETRIC_REPRESENTATION_CONTEXT(3) 
GLOBAL_UNCERTAINTY_ASSIGNED_CONTEXT((#5362)) 
GLOBAL_UNIT_ASSIGNED_CONTEXT((#5359,#5360,#5361)) REPRESENTATION_CONTEXT
('Context #1','3D Context with UNIT and UNCERTAINTY') );
#5359 = ( LENGTH_UNIT() NAMED_UNIT(*) SI_UNIT(.MILLI.,.METRE.) );
#5360 = ( NAMED_UNIT(*) PLANE_ANGLE_UNIT() SI_UNIT($,.RADIAN.) );
#5361 = ( NAMED_UNIT(*) SI_UNIT($,.STERADIAN.) SOLID_ANGLE_UNIT() );
#5362 = UNCERTAINTY_MEASURE_WITH_UNIT(LENGTH_MEASURE(1.E-07),#5359,
  'distance_accuracy_value','confusion accuracy');
#5363 = CONTEXT_DEPENDENT_SHAPE_REPRESENTATION(#5364,#5366);
#5364 = ( REPRESENTATION_RELATIONSHIP('','',#5129,#10) 
REPRESENTATION_RELATIONSHIP_WITH_TRANSFORMATION(#5365) 
SHAPE_REPRESENTATION_RELATIONSHIP() );
#5365 = ITEM_DEFINED_TRANSFORMATION('','',#11,#83);
#5366 = PRODUCT_DEFINITION_SHAPE('Placement','Placement of an item',
  #5367);
#5367 = NEXT_ASSEMBLY_USAGE_OCCURRENCE('18','左右全频斜面障板',
  '',#5,#5124,$);
#5368 = PRODUCT_RELATED_PRODUCT_CATEGORY('part',$,(#5126));
#5369 = SHAPE_DEFINITION_REPRESENTATION(#5370,#5376);
#5370 = PRODUCT_DEFINITION_SHAPE('','',#5371);
#5371 = PRODUCT_DEFINITION('design','',#5372,#5375);
#5372 = PRODUCT_DEFINITION_FORMATION('','',#5373);
#5373 = PRODUCT('三音腔共用顶板 · 中部延伸至后板',
  '三音腔共用顶板 · 中部延伸至后板','',(#5374));
#5374 = PRODUCT_CONTEXT('',#2,'mechanical');
#5375 = PRODUCT_DEFINITION_CONTEXT('part definition',#2,'design');
#5376 = ADVANCED_BREP_SHAPE_REPRESENTATION('',(#11,#5377),#5979);
#5377 = MANIFOLD_SOLID_BREP('',#5378);
#5378 = CLOSED_SHELL('',(#5379,#5435,#5466,#5490,#5514,#5593,#5617,#5667
    ,#5686,#5745,#5780,#5797,#5822,#5847,#5871,#5898,#5915,#5927,#5952,
    #5961,#5970));
#5379 = ADVANCED_FACE('',(#5380),#5430,.F.);
#5380 = FACE_BOUND('',#5381,.F.);
#5381 = EDGE_LOOP('',(#5382,#5392,#5400,#5408,#5416,#5424));
#5382 = ORIENTED_EDGE('',*,*,#5383,.F.);
#5383 = EDGE_CURVE('',#5384,#5386,#5388,.T.);
#5384 = VERTEX_POINT('',#5385);
#5385 = CARTESIAN_POINT('',(12.,5.2,124.5));
#5386 = VERTEX_POINT('',#5387);
#5387 = CARTESIAN_POINT('',(12.,5.2,128.8));
#5388 = LINE('',#5389,#5390);
#5389 = CARTESIAN_POINT('',(12.,5.2,123.5));
#5390 = VECTOR('',#5391,1.);
#5391 = DIRECTION('',(0.,0.,1.));
#5392 = ORIENTED_EDGE('',*,*,#5393,.T.);
#5393 = EDGE_CURVE('',#5384,#5394,#5396,.T.);
#5394 = VERTEX_POINT('',#5395);
#5395 = CARTESIAN_POINT('',(12.,160.,124.5));
#5396 = LINE('',#5397,#5398);
#5397 = CARTESIAN_POINT('',(12.,0.,124.5));
#5398 = VECTOR('',#5399,1.);
#5399 = DIRECTION('',(-0.,1.,0.));
#5400 = ORIENTED_EDGE('',*,*,#5401,.T.);
#5401 = EDGE_CURVE('',#5394,#5402,#5404,.T.);
#5402 = VERTEX_POINT('',#5403);
#5403 = CARTESIAN_POINT('',(12.,160.,134.5));
#5404 = LINE('',#5405,#5406);
#5405 = CARTESIAN_POINT('',(12.,160.,124.5));
#5406 = VECTOR('',#5407,1.);
#5407 = DIRECTION('',(0.,0.,1.));
#5408 = ORIENTED_EDGE('',*,*,#5409,.F.);
#5409 = EDGE_CURVE('',#5410,#5402,#5412,.T.);
#5410 = VERTEX_POINT('',#5411);
#5411 = CARTESIAN_POINT('',(12.,30.2,134.5));
#5412 = LINE('',#5413,#5414);
#5413 = CARTESIAN_POINT('',(12.,0.,134.5));
#5414 = VECTOR('',#5415,1.);
#5415 = DIRECTION('',(-0.,1.,0.));
#5416 = ORIENTED_EDGE('',*,*,#5417,.F.);
#5417 = EDGE_CURVE('',#5418,#5410,#5420,.T.);
#5418 = VERTEX_POINT('',#5419);
#5419 = CARTESIAN_POINT('',(12.,30.2,128.8));
#5420 = LINE('',#5421,#5422);
#5421 = CARTESIAN_POINT('',(12.,30.2,128.8));
#5422 = VECTOR('',#5423,1.);
#5423 = DIRECTION('',(0.,0.,1.));
#5424 = ORIENTED_EDGE('',*,*,#5425,.F.);
#5425 = EDGE_CURVE('',#5386,#5418,#5426,.T.);
#5426 = LINE('',#5427,#5428);
#5427 = CARTESIAN_POINT('',(12.,5.2,128.8));
#5428 = VECTOR('',#5429,1.);
#5429 = DIRECTION('',(-0.,1.,0.));
#5430 = PLANE('',#5431);
#5431 = AXIS2_PLACEMENT_3D('',#5432,#5433,#5434);
#5432 = CARTESIAN_POINT('',(12.,0.,124.5));
#5433 = DIRECTION('',(1.,0.,-0.));
#5434 = DIRECTION('',(0.,0.,1.));
#5435 = ADVANCED_FACE('',(#5436),#5461,.F.);
#5436 = FACE_BOUND('',#5437,.F.);
#5437 = EDGE_LOOP('',(#5438,#5448,#5454,#5455));
#5438 = ORIENTED_EDGE('',*,*,#5439,.F.);
#5439 = EDGE_CURVE('',#5440,#5442,#5444,.T.);
#5440 = VERTEX_POINT('',#5441);
#5441 = CARTESIAN_POINT('',(438.,5.2,124.5));
#5442 = VERTEX_POINT('',#5443);
#5443 = CARTESIAN_POINT('',(438.,5.2,128.8));
#5444 = LINE('',#5445,#5446);
#5445 = CARTESIAN_POINT('',(438.,5.2,123.5));
#5446 = VECTOR('',#5447,1.);
#5447 = DIRECTION('',(0.,0.,1.));
#5448 = ORIENTED_EDGE('',*,*,#5449,.T.);
#5449 = EDGE_CURVE('',#5440,#5384,#5450,.T.);
#5450 = LINE('',#5451,#5452);
#5451 = CARTESIAN_POINT('',(12.,5.2,124.5));
#5452 = VECTOR('',#5453,1.);
#5453 = DIRECTION('',(-1.,-0.,0.));
#5454 = ORIENTED_EDGE('',*,*,#5383,.T.);
#5455 = ORIENTED_EDGE('',*,*,#5456,.T.);
#5456 = EDGE_CURVE('',#5386,#5442,#5457,.T.);
#5457 = LINE('',#5458,#5459);
#5458 = CARTESIAN_POINT('',(12.,5.2,128.8));
#5459 = VECTOR('',#5460,1.);
#5460 = DIRECTION('',(1.,0.,-0.));
#5461 = PLANE('',#5462);
#5462 = AXIS2_PLACEMENT_3D('',#5463,#5464,#5465);
#5463 = CARTESIAN_POINT('',(12.,5.2,123.5));
#5464 = DIRECTION('',(-0.,1.,0.));
#5465 = DIRECTION('',(0.,0.,1.));
#5466 = ADVANCED_FACE('',(#5467),#5485,.T.);
#5467 = FACE_BOUND('',#5468,.T.);
#5468 = EDGE_LOOP('',(#5469,#5470,#5471,#5479));
#5469 = ORIENTED_EDGE('',*,*,#5425,.F.);
#5470 = ORIENTED_EDGE('',*,*,#5456,.T.);
#5471 = ORIENTED_EDGE('',*,*,#5472,.T.);
#5472 = EDGE_CURVE('',#5442,#5473,#5475,.T.);
#5473 = VERTEX_POINT('',#5474);
#5474 = CARTESIAN_POINT('',(438.,30.2,128.8));
#5475 = LINE('',#5476,#5477);
#5476 = CARTESIAN_POINT('',(438.,5.2,128.8));
#5477 = VECTOR('',#5478,1.);
#5478 = DIRECTION('',(-0.,1.,0.));
#5479 = ORIENTED_EDGE('',*,*,#5480,.F.);
#5480 = EDGE_CURVE('',#5418,#5473,#5481,.T.);
#5481 = LINE('',#5482,#5483);
#5482 = CARTESIAN_POINT('',(12.,30.2,128.8));
#5483 = VECTOR('',#5484,1.);
#5484 = DIRECTION('',(1.,0.,-0.));
#5485 = PLANE('',#5486);
#5486 = AXIS2_PLACEMENT_3D('',#5487,#5488,#5489);
#5487 = CARTESIAN_POINT('',(12.,5.2,128.8));
#5488 = DIRECTION('',(0.,0.,1.));
#5489 = DIRECTION('',(1.,0.,-0.));
#5490 = ADVANCED_FACE('',(#5491),#5509,.F.);
#5491 = FACE_BOUND('',#5492,.F.);
#5492 = EDGE_LOOP('',(#5493,#5494,#5495,#5503));
#5493 = ORIENTED_EDGE('',*,*,#5480,.F.);
#5494 = ORIENTED_EDGE('',*,*,#5417,.T.);
#5495 = ORIENTED_EDGE('',*,*,#5496,.F.);
#5496 = EDGE_CURVE('',#5497,#5410,#5499,.T.);
#5497 = VERTEX_POINT('',#5498);
#5498 = CARTESIAN_POINT('',(438.,30.2,134.5));
#5499 = LINE('',#5500,#5501);
#5500 = CARTESIAN_POINT('',(12.,30.2,134.5));
#5501 = VECTOR('',#5502,1.);
#5502 = DIRECTION('',(-1.,-0.,0.));
#5503 = ORIENTED_EDGE('',*,*,#5504,.F.);
#5504 = EDGE_CURVE('',#5473,#5497,#5505,.T.);
#5505 = LINE('',#5506,#5507);
#5506 = CARTESIAN_POINT('',(438.,30.2,128.8));
#5507 = VECTOR('',#5508,1.);
#5508 = DIRECTION('',(0.,0.,1.));
#5509 = PLANE('',#5510);
#5510 = AXIS2_PLACEMENT_3D('',#5511,#5512,#5513);
#5511 = CARTESIAN_POINT('',(12.,30.2,128.8));
#5512 = DIRECTION('',(-0.,1.,0.));
#5513 = DIRECTION('',(0.,0.,1.));
#5514 = ADVANCED_FACE('',(#5515,#5566,#5577),#5588,.T.);
#5515 = FACE_BOUND('',#5516,.T.);
#5516 = EDGE_LOOP('',(#5517,#5525,#5526,#5527,#5535,#5543,#5551,#5560));
#5517 = ORIENTED_EDGE('',*,*,#5518,.F.);
#5518 = EDGE_CURVE('',#5402,#5519,#5521,.T.);
#5519 = VERTEX_POINT('',#5520);
#5520 = CARTESIAN_POINT('',(129.,160.,134.5));
#5521 = LINE('',#5522,#5523);
#5522 = CARTESIAN_POINT('',(12.,160.,134.5));
#5523 = VECTOR('',#5524,1.);
#5524 = DIRECTION('',(1.,0.,-0.));
#5525 = ORIENTED_EDGE('',*,*,#5409,.F.);
#5526 = ORIENTED_EDGE('',*,*,#5496,.F.);
#5527 = ORIENTED_EDGE('',*,*,#5528,.T.);
#5528 = EDGE_CURVE('',#5497,#5529,#5531,.T.);
#5529 = VERTEX_POINT('',#5530);
#5530 = CARTESIAN_POINT('',(438.,160.,134.5));
#5531 = LINE('',#5532,#5533);
#5532 = CARTESIAN_POINT('',(438.,0.,134.5));
#5533 = VECTOR('',#5534,1.);
#5534 = DIRECTION('',(-0.,1.,0.));
#5535 = ORIENTED_EDGE('',*,*,#5536,.F.);
#5536 = EDGE_CURVE('',#5537,#5529,#5539,.T.);
#5537 = VERTEX_POINT('',#5538);
#5538 = CARTESIAN_POINT('',(321.,160.,134.5));
#5539 = LINE('',#5540,#5541);
#5540 = CARTESIAN_POINT('',(12.,160.,134.5));
#5541 = VECTOR('',#5542,1.);
#5542 = DIRECTION('',(1.,0.,-0.));
#5543 = ORIENTED_EDGE('',*,*,#5544,.F.);
#5544 = EDGE_CURVE('',#5545,#5537,#5547,.T.);
#5545 = VERTEX_POINT('',#5546);
#5546 = CARTESIAN_POINT('',(195.21110255092,160.,134.5));
#5547 = LINE('',#5548,#5549);
#5548 = CARTESIAN_POINT('',(12.,160.,134.5));
#5549 = VECTOR('',#5550,1.);
#5550 = DIRECTION('',(1.,0.,-0.));
#5551 = ORIENTED_EDGE('',*,*,#5552,.F.);
#5552 = EDGE_CURVE('',#5553,#5545,#5555,.T.);
#5553 = VERTEX_POINT('',#5554);
#5554 = CARTESIAN_POINT('',(180.78889744907,160.,134.5));
#5555 = CIRCLE('',#5556,14.);
#5556 = AXIS2_PLACEMENT_3D('',#5557,#5558,#5559);
#5557 = CARTESIAN_POINT('',(188.,172.,134.5));
#5558 = DIRECTION('',(0.,0.,1.));
#5559 = DIRECTION('',(1.,0.,-0.));
#5560 = ORIENTED_EDGE('',*,*,#5561,.F.);
#5561 = EDGE_CURVE('',#5519,#5553,#5562,.T.);
#5562 = LINE('',#5563,#5564);
#5563 = CARTESIAN_POINT('',(12.,160.,134.5));
#5564 = VECTOR('',#5565,1.);
#5565 = DIRECTION('',(1.,0.,-0.));
#5566 = FACE_BOUND('',#5567,.T.);
#5567 = EDGE_LOOP('',(#5568));
#5568 = ORIENTED_EDGE('',*,*,#5569,.F.);
#5569 = EDGE_CURVE('',#5570,#5570,#5572,.T.);
#5570 = VERTEX_POINT('',#5571);
#5571 = CARTESIAN_POINT('',(52.,100.,134.5));
#5572 = CIRCLE('',#5573,8.);
#5573 = AXIS2_PLACEMENT_3D('',#5574,#5575,#5576);
#5574 = CARTESIAN_POINT('',(44.,100.,134.5));
#5575 = DIRECTION('',(0.,0.,1.));
#5576 = DIRECTION('',(1.,0.,-0.));
#5577 = FACE_BOUND('',#5578,.T.);
#5578 = EDGE_LOOP('',(#5579));
#5579 = ORIENTED_EDGE('',*,*,#5580,.F.);
#5580 = EDGE_CURVE('',#5581,#5581,#5583,.T.);
#5581 = VERTEX_POINT('',#5582);
#5582 = CARTESIAN_POINT('',(414.,100.,134.5));
#5583 = CIRCLE('',#5584,8.);
#5584 = AXIS2_PLACEMENT_3D('',#5585,#5586,#5587);
#5585 = CARTESIAN_POINT('',(406.,100.,134.5));
#5586 = DIRECTION('',(0.,0.,1.));
#5587 = DIRECTION('',(1.,0.,-0.));
#5588 = PLANE('',#5589);
#5589 = AXIS2_PLACEMENT_3D('',#5590,#5591,#5592);
#5590 = CARTESIAN_POINT('',(12.,0.,134.5));
#5591 = DIRECTION('',(0.,0.,1.));
#5592 = DIRECTION('',(1.,0.,-0.));
#5593 = ADVANCED_FACE('',(#5594),#5612,.T.);
#5594 = FACE_BOUND('',#5595,.T.);
#5595 = EDGE_LOOP('',(#5596,#5604,#5605,#5606));
#5596 = ORIENTED_EDGE('',*,*,#5597,.F.);
#5597 = EDGE_CURVE('',#5394,#5598,#5600,.T.);
#5598 = VERTEX_POINT('',#5599);
#5599 = CARTESIAN_POINT('',(129.,160.,124.5));
#5600 = LINE('',#5601,#5602);
#5601 = CARTESIAN_POINT('',(12.,160.,124.5));
#5602 = VECTOR('',#5603,1.);
#5603 = DIRECTION('',(1.,0.,-0.));
#5604 = ORIENTED_EDGE('',*,*,#5401,.T.);
#5605 = ORIENTED_EDGE('',*,*,#5518,.T.);
#5606 = ORIENTED_EDGE('',*,*,#5607,.F.);
#5607 = EDGE_CURVE('',#5598,#5519,#5608,.T.);
#5608 = LINE('',#5609,#5610);
#5609 = CARTESIAN_POINT('',(129.,160.,124.5));
#5610 = VECTOR('',#5611,1.);
#5611 = DIRECTION('',(0.,0.,1.));
#5612 = PLANE('',#5613);
#5613 = AXIS2_PLACEMENT_3D('',#5614,#5615,#5616);
#5614 = CARTESIAN_POINT('',(12.,160.,124.5));
#5615 = DIRECTION('',(-0.,1.,0.));
#5616 = DIRECTION('',(0.,0.,1.));
#5617 = ADVANCED_FACE('',(#5618),#5662,.F.);
#5618 = FACE_BOUND('',#5619,.F.);
#5619 = EDGE_LOOP('',(#5620,#5621,#5622,#5623,#5631,#5639,#5647,#5656));
#5620 = ORIENTED_EDGE('',*,*,#5597,.F.);
#5621 = ORIENTED_EDGE('',*,*,#5393,.F.);
#5622 = ORIENTED_EDGE('',*,*,#5449,.F.);
#5623 = ORIENTED_EDGE('',*,*,#5624,.T.);
#5624 = EDGE_CURVE('',#5440,#5625,#5627,.T.);
#5625 = VERTEX_POINT('',#5626);
#5626 = CARTESIAN_POINT('',(438.,160.,124.5));
#5627 = LINE('',#5628,#5629);
#5628 = CARTESIAN_POINT('',(438.,0.,124.5));
#5629 = VECTOR('',#5630,1.);
#5630 = DIRECTION('',(-0.,1.,0.));
#5631 = ORIENTED_EDGE('',*,*,#5632,.F.);
#5632 = EDGE_CURVE('',#5633,#5625,#5635,.T.);
#5633 = VERTEX_POINT('',#5634);
#5634 = CARTESIAN_POINT('',(321.,160.,124.5));
#5635 = LINE('',#5636,#5637);
#5636 = CARTESIAN_POINT('',(12.,160.,124.5));
#5637 = VECTOR('',#5638,1.);
#5638 = DIRECTION('',(1.,0.,-0.));
#5639 = ORIENTED_EDGE('',*,*,#5640,.F.);
#5640 = EDGE_CURVE('',#5641,#5633,#5643,.T.);
#5641 = VERTEX_POINT('',#5642);
#5642 = CARTESIAN_POINT('',(195.21110255092,160.,124.5));
#5643 = LINE('',#5644,#5645);
#5644 = CARTESIAN_POINT('',(12.,160.,124.5));
#5645 = VECTOR('',#5646,1.);
#5646 = DIRECTION('',(1.,0.,-0.));
#5647 = ORIENTED_EDGE('',*,*,#5648,.F.);
#5648 = EDGE_CURVE('',#5649,#5641,#5651,.T.);
#5649 = VERTEX_POINT('',#5650);
#5650 = CARTESIAN_POINT('',(180.78889744907,160.,124.5));
#5651 = CIRCLE('',#5652,14.);
#5652 = AXIS2_PLACEMENT_3D('',#5653,#5654,#5655);
#5653 = CARTESIAN_POINT('',(188.,172.,124.5));
#5654 = DIRECTION('',(0.,0.,1.));
#5655 = DIRECTION('',(1.,0.,-0.));
#5656 = ORIENTED_EDGE('',*,*,#5657,.F.);
#5657 = EDGE_CURVE('',#5598,#5649,#5658,.T.);
#5658 = LINE('',#5659,#5660);
#5659 = CARTESIAN_POINT('',(12.,160.,124.5));
#5660 = VECTOR('',#5661,1.);
#5661 = DIRECTION('',(1.,0.,-0.));
#5662 = PLANE('',#5663);
#5663 = AXIS2_PLACEMENT_3D('',#5664,#5665,#5666);
#5664 = CARTESIAN_POINT('',(12.,0.,124.5));
#5665 = DIRECTION('',(0.,0.,1.));
#5666 = DIRECTION('',(1.,0.,-0.));
#5667 = ADVANCED_FACE('',(#5668),#5681,.T.);
#5668 = FACE_BOUND('',#5669,.T.);
#5669 = EDGE_LOOP('',(#5670,#5671,#5672,#5678,#5679,#5680));
#5670 = ORIENTED_EDGE('',*,*,#5439,.F.);
#5671 = ORIENTED_EDGE('',*,*,#5624,.T.);
#5672 = ORIENTED_EDGE('',*,*,#5673,.T.);
#5673 = EDGE_CURVE('',#5625,#5529,#5674,.T.);
#5674 = LINE('',#5675,#5676);
#5675 = CARTESIAN_POINT('',(438.,160.,124.5));
#5676 = VECTOR('',#5677,1.);
#5677 = DIRECTION('',(0.,0.,1.));
#5678 = ORIENTED_EDGE('',*,*,#5528,.F.);
#5679 = ORIENTED_EDGE('',*,*,#5504,.F.);
#5680 = ORIENTED_EDGE('',*,*,#5472,.F.);
#5681 = PLANE('',#5682);
#5682 = AXIS2_PLACEMENT_3D('',#5683,#5684,#5685);
#5683 = CARTESIAN_POINT('',(438.,0.,124.5));
#5684 = DIRECTION('',(1.,0.,-0.));
#5685 = DIRECTION('',(0.,0.,1.));
#5686 = ADVANCED_FACE('',(#5687,#5729),#5740,.T.);
#5687 = FACE_BOUND('',#5688,.T.);
#5688 = EDGE_LOOP('',(#5689,#5697,#5698,#5707,#5714,#5715,#5723));
#5689 = ORIENTED_EDGE('',*,*,#5690,.F.);
#5690 = EDGE_CURVE('',#5519,#5691,#5693,.T.);
#5691 = VERTEX_POINT('',#5692);
#5692 = CARTESIAN_POINT('',(129.,338.,134.5));
#5693 = LINE('',#5694,#5695);
#5694 = CARTESIAN_POINT('',(129.,160.,134.5));
#5695 = VECTOR('',#5696,1.);
#5696 = DIRECTION('',(-0.,1.,0.));
#5697 = ORIENTED_EDGE('',*,*,#5561,.T.);
#5698 = ORIENTED_EDGE('',*,*,#5699,.F.);
#5699 = EDGE_CURVE('',#5700,#5553,#5702,.T.);
#5700 = VERTEX_POINT('',#5701);
#5701 = CARTESIAN_POINT('',(202.,172.,134.5));
#5702 = CIRCLE('',#5703,14.);
#5703 = AXIS2_PLACEMENT_3D('',#5704,#5705,#5706);
#5704 = CARTESIAN_POINT('',(188.,172.,134.5));
#5705 = DIRECTION('',(0.,0.,1.));
#5706 = DIRECTION('',(1.,0.,-0.));
#5707 = ORIENTED_EDGE('',*,*,#5708,.F.);
#5708 = EDGE_CURVE('',#5545,#5700,#5709,.T.);
#5709 = CIRCLE('',#5710,14.);
#5710 = AXIS2_PLACEMENT_3D('',#5711,#5712,#5713);
#5711 = CARTESIAN_POINT('',(188.,172.,134.5));
#5712 = DIRECTION('',(0.,0.,1.));
#5713 = DIRECTION('',(1.,0.,-0.));
#5714 = ORIENTED_EDGE('',*,*,#5544,.T.);
#5715 = ORIENTED_EDGE('',*,*,#5716,.T.);
#5716 = EDGE_CURVE('',#5537,#5717,#5719,.T.);
#5717 = VERTEX_POINT('',#5718);
#5718 = CARTESIAN_POINT('',(321.,338.,134.5));
#5719 = LINE('',#5720,#5721);
#5720 = CARTESIAN_POINT('',(321.,160.,134.5));
#5721 = VECTOR('',#5722,1.);
#5722 = DIRECTION('',(-0.,1.,0.));
#5723 = ORIENTED_EDGE('',*,*,#5724,.F.);
#5724 = EDGE_CURVE('',#5691,#5717,#5725,.T.);
#5725 = LINE('',#5726,#5727);
#5726 = CARTESIAN_POINT('',(129.,338.,134.5));
#5727 = VECTOR('',#5728,1.);
#5728 = DIRECTION('',(1.,0.,-0.));
#5729 = FACE_BOUND('',#5730,.T.);
#5730 = EDGE_LOOP('',(#5731));
#5731 = ORIENTED_EDGE('',*,*,#5732,.F.);
#5732 = EDGE_CURVE('',#5733,#5733,#5735,.T.);
#5733 = VERTEX_POINT('',#5734);
#5734 = CARTESIAN_POINT('',(233.,295.,134.5));
#5735 = CIRCLE('',#5736,8.);
#5736 = AXIS2_PLACEMENT_3D('',#5737,#5738,#5739);
#5737 = CARTESIAN_POINT('',(225.,295.,134.5));
#5738 = DIRECTION('',(0.,0.,1.));
#5739 = DIRECTION('',(1.,0.,-0.));
#5740 = PLANE('',#5741);
#5741 = AXIS2_PLACEMENT_3D('',#5742,#5743,#5744);
#5742 = CARTESIAN_POINT('',(129.,160.,134.5));
#5743 = DIRECTION('',(0.,0.,1.));
#5744 = DIRECTION('',(1.,0.,-0.));
#5745 = ADVANCED_FACE('',(#5746),#5775,.F.);
#5746 = FACE_BOUND('',#5747,.F.);
#5747 = EDGE_LOOP('',(#5748,#5749,#5757,#5764,#5765,#5772,#5773,#5774));
#5748 = ORIENTED_EDGE('',*,*,#5699,.F.);
#5749 = ORIENTED_EDGE('',*,*,#5750,.F.);
#5750 = EDGE_CURVE('',#5751,#5700,#5753,.T.);
#5751 = VERTEX_POINT('',#5752);
#5752 = CARTESIAN_POINT('',(202.,172.,124.5));
#5753 = LINE('',#5754,#5755);
#5754 = CARTESIAN_POINT('',(202.,172.,123.5));
#5755 = VECTOR('',#5756,1.);
#5756 = DIRECTION('',(0.,0.,1.));
#5757 = ORIENTED_EDGE('',*,*,#5758,.T.);
#5758 = EDGE_CURVE('',#5751,#5649,#5759,.T.);
#5759 = CIRCLE('',#5760,14.);
#5760 = AXIS2_PLACEMENT_3D('',#5761,#5762,#5763);
#5761 = CARTESIAN_POINT('',(188.,172.,124.5));
#5762 = DIRECTION('',(0.,0.,1.));
#5763 = DIRECTION('',(1.,0.,-0.));
#5764 = ORIENTED_EDGE('',*,*,#5648,.T.);
#5765 = ORIENTED_EDGE('',*,*,#5766,.T.);
#5766 = EDGE_CURVE('',#5641,#5751,#5767,.T.);
#5767 = CIRCLE('',#5768,14.);
#5768 = AXIS2_PLACEMENT_3D('',#5769,#5770,#5771);
#5769 = CARTESIAN_POINT('',(188.,172.,124.5));
#5770 = DIRECTION('',(0.,0.,1.));
#5771 = DIRECTION('',(1.,0.,-0.));
#5772 = ORIENTED_EDGE('',*,*,#5750,.T.);
#5773 = ORIENTED_EDGE('',*,*,#5708,.F.);
#5774 = ORIENTED_EDGE('',*,*,#5552,.F.);
#5775 = CYLINDRICAL_SURFACE('',#5776,14.);
#5776 = AXIS2_PLACEMENT_3D('',#5777,#5778,#5779);
#5777 = CARTESIAN_POINT('',(188.,172.,123.5));
#5778 = DIRECTION('',(0.,0.,1.));
#5779 = DIRECTION('',(1.,0.,-0.));
#5780 = ADVANCED_FACE('',(#5781),#5792,.T.);
#5781 = FACE_BOUND('',#5782,.T.);
#5782 = EDGE_LOOP('',(#5783,#5784,#5790,#5791));
#5783 = ORIENTED_EDGE('',*,*,#5632,.F.);
#5784 = ORIENTED_EDGE('',*,*,#5785,.T.);
#5785 = EDGE_CURVE('',#5633,#5537,#5786,.T.);
#5786 = LINE('',#5787,#5788);
#5787 = CARTESIAN_POINT('',(321.,160.,124.5));
#5788 = VECTOR('',#5789,1.);
#5789 = DIRECTION('',(0.,0.,1.));
#5790 = ORIENTED_EDGE('',*,*,#5536,.T.);
#5791 = ORIENTED_EDGE('',*,*,#5673,.F.);
#5792 = PLANE('',#5793);
#5793 = AXIS2_PLACEMENT_3D('',#5794,#5795,#5796);
#5794 = CARTESIAN_POINT('',(12.,160.,124.5));
#5795 = DIRECTION('',(-0.,1.,0.));
#5796 = DIRECTION('',(0.,0.,1.));
#5797 = ADVANCED_FACE('',(#5798),#5817,.F.);
#5798 = FACE_BOUND('',#5799,.F.);
#5799 = EDGE_LOOP('',(#5800,#5801,#5809,#5816));
#5800 = ORIENTED_EDGE('',*,*,#5569,.F.);
#5801 = ORIENTED_EDGE('',*,*,#5802,.F.);
#5802 = EDGE_CURVE('',#5803,#5570,#5805,.T.);
#5803 = VERTEX_POINT('',#5804);
#5804 = CARTESIAN_POINT('',(52.,100.,131.5));
#5805 = LINE('',#5806,#5807);
#5806 = CARTESIAN_POINT('',(52.,100.,131.5));
#5807 = VECTOR('',#5808,1.);
#5808 = DIRECTION('',(0.,0.,1.));
#5809 = ORIENTED_EDGE('',*,*,#5810,.T.);
#5810 = EDGE_CURVE('',#5803,#5803,#5811,.T.);
#5811 = CIRCLE('',#5812,8.);
#5812 = AXIS2_PLACEMENT_3D('',#5813,#5814,#5815);
#5813 = CARTESIAN_POINT('',(44.,100.,131.5));
#5814 = DIRECTION('',(0.,0.,1.));
#5815 = DIRECTION('',(1.,0.,-0.));
#5816 = ORIENTED_EDGE('',*,*,#5802,.T.);
#5817 = CYLINDRICAL_SURFACE('',#5818,8.);
#5818 = AXIS2_PLACEMENT_3D('',#5819,#5820,#5821);
#5819 = CARTESIAN_POINT('',(44.,100.,131.5));
#5820 = DIRECTION('',(0.,0.,1.));
#5821 = DIRECTION('',(1.,0.,-0.));
#5822 = ADVANCED_FACE('',(#5823),#5842,.F.);
#5823 = FACE_BOUND('',#5824,.F.);
#5824 = EDGE_LOOP('',(#5825,#5826,#5834,#5841));
#5825 = ORIENTED_EDGE('',*,*,#5580,.F.);
#5826 = ORIENTED_EDGE('',*,*,#5827,.F.);
#5827 = EDGE_CURVE('',#5828,#5581,#5830,.T.);
#5828 = VERTEX_POINT('',#5829);
#5829 = CARTESIAN_POINT('',(414.,100.,131.5));
#5830 = LINE('',#5831,#5832);
#5831 = CARTESIAN_POINT('',(414.,100.,131.5));
#5832 = VECTOR('',#5833,1.);
#5833 = DIRECTION('',(0.,0.,1.));
#5834 = ORIENTED_EDGE('',*,*,#5835,.T.);
#5835 = EDGE_CURVE('',#5828,#5828,#5836,.T.);
#5836 = CIRCLE('',#5837,8.);
#5837 = AXIS2_PLACEMENT_3D('',#5838,#5839,#5840);
#5838 = CARTESIAN_POINT('',(406.,100.,131.5));
#5839 = DIRECTION('',(0.,0.,1.));
#5840 = DIRECTION('',(1.,0.,-0.));
#5841 = ORIENTED_EDGE('',*,*,#5827,.T.);
#5842 = CYLINDRICAL_SURFACE('',#5843,8.);
#5843 = AXIS2_PLACEMENT_3D('',#5844,#5845,#5846);
#5844 = CARTESIAN_POINT('',(406.,100.,131.5));
#5845 = DIRECTION('',(0.,0.,1.));
#5846 = DIRECTION('',(1.,0.,-0.));
#5847 = ADVANCED_FACE('',(#5848),#5866,.F.);
#5848 = FACE_BOUND('',#5849,.F.);
#5849 = EDGE_LOOP('',(#5850,#5851,#5859,#5865));
#5850 = ORIENTED_EDGE('',*,*,#5607,.F.);
#5851 = ORIENTED_EDGE('',*,*,#5852,.T.);
#5852 = EDGE_CURVE('',#5598,#5853,#5855,.T.);
#5853 = VERTEX_POINT('',#5854);
#5854 = CARTESIAN_POINT('',(129.,338.,124.5));
#5855 = LINE('',#5856,#5857);
#5856 = CARTESIAN_POINT('',(129.,160.,124.5));
#5857 = VECTOR('',#5858,1.);
#5858 = DIRECTION('',(-0.,1.,0.));
#5859 = ORIENTED_EDGE('',*,*,#5860,.T.);
#5860 = EDGE_CURVE('',#5853,#5691,#5861,.T.);
#5861 = LINE('',#5862,#5863);
#5862 = CARTESIAN_POINT('',(129.,338.,124.5));
#5863 = VECTOR('',#5864,1.);
#5864 = DIRECTION('',(0.,0.,1.));
#5865 = ORIENTED_EDGE('',*,*,#5690,.F.);
#5866 = PLANE('',#5867);
#5867 = AXIS2_PLACEMENT_3D('',#5868,#5869,#5870);
#5868 = CARTESIAN_POINT('',(129.,160.,124.5));
#5869 = DIRECTION('',(1.,0.,-0.));
#5870 = DIRECTION('',(0.,0.,1.));
#5871 = ADVANCED_FACE('',(#5872),#5893,.F.);
#5872 = FACE_BOUND('',#5873,.F.);
#5873 = EDGE_LOOP('',(#5874,#5875,#5876,#5877,#5878,#5879,#5887));
#5874 = ORIENTED_EDGE('',*,*,#5852,.F.);
#5875 = ORIENTED_EDGE('',*,*,#5657,.T.);
#5876 = ORIENTED_EDGE('',*,*,#5758,.F.);
#5877 = ORIENTED_EDGE('',*,*,#5766,.F.);
#5878 = ORIENTED_EDGE('',*,*,#5640,.T.);
#5879 = ORIENTED_EDGE('',*,*,#5880,.T.);
#5880 = EDGE_CURVE('',#5633,#5881,#5883,.T.);
#5881 = VERTEX_POINT('',#5882);
#5882 = CARTESIAN_POINT('',(321.,338.,124.5));
#5883 = LINE('',#5884,#5885);
#5884 = CARTESIAN_POINT('',(321.,160.,124.5));
#5885 = VECTOR('',#5886,1.);
#5886 = DIRECTION('',(-0.,1.,0.));
#5887 = ORIENTED_EDGE('',*,*,#5888,.F.);
#5888 = EDGE_CURVE('',#5853,#5881,#5889,.T.);
#5889 = LINE('',#5890,#5891);
#5890 = CARTESIAN_POINT('',(129.,338.,124.5));
#5891 = VECTOR('',#5892,1.);
#5892 = DIRECTION('',(1.,0.,-0.));
#5893 = PLANE('',#5894);
#5894 = AXIS2_PLACEMENT_3D('',#5895,#5896,#5897);
#5895 = CARTESIAN_POINT('',(129.,160.,124.5));
#5896 = DIRECTION('',(0.,0.,1.));
#5897 = DIRECTION('',(1.,0.,-0.));
#5898 = ADVANCED_FACE('',(#5899),#5910,.T.);
#5899 = FACE_BOUND('',#5900,.T.);
#5900 = EDGE_LOOP('',(#5901,#5902,#5903,#5904));
#5901 = ORIENTED_EDGE('',*,*,#5888,.F.);
#5902 = ORIENTED_EDGE('',*,*,#5860,.T.);
#5903 = ORIENTED_EDGE('',*,*,#5724,.T.);
#5904 = ORIENTED_EDGE('',*,*,#5905,.F.);
#5905 = EDGE_CURVE('',#5881,#5717,#5906,.T.);
#5906 = LINE('',#5907,#5908);
#5907 = CARTESIAN_POINT('',(321.,338.,124.5));
#5908 = VECTOR('',#5909,1.);
#5909 = DIRECTION('',(0.,0.,1.));
#5910 = PLANE('',#5911);
#5911 = AXIS2_PLACEMENT_3D('',#5912,#5913,#5914);
#5912 = CARTESIAN_POINT('',(129.,338.,124.5));
#5913 = DIRECTION('',(-0.,1.,0.));
#5914 = DIRECTION('',(0.,0.,1.));
#5915 = ADVANCED_FACE('',(#5916),#5922,.T.);
#5916 = FACE_BOUND('',#5917,.T.);
#5917 = EDGE_LOOP('',(#5918,#5919,#5920,#5921));
#5918 = ORIENTED_EDGE('',*,*,#5785,.F.);
#5919 = ORIENTED_EDGE('',*,*,#5880,.T.);
#5920 = ORIENTED_EDGE('',*,*,#5905,.T.);
#5921 = ORIENTED_EDGE('',*,*,#5716,.F.);
#5922 = PLANE('',#5923);
#5923 = AXIS2_PLACEMENT_3D('',#5924,#5925,#5926);
#5924 = CARTESIAN_POINT('',(321.,160.,124.5));
#5925 = DIRECTION('',(1.,0.,-0.));
#5926 = DIRECTION('',(0.,0.,1.));
#5927 = ADVANCED_FACE('',(#5928),#5947,.F.);
#5928 = FACE_BOUND('',#5929,.F.);
#5929 = EDGE_LOOP('',(#5930,#5931,#5939,#5946));
#5930 = ORIENTED_EDGE('',*,*,#5732,.F.);
#5931 = ORIENTED_EDGE('',*,*,#5932,.F.);
#5932 = EDGE_CURVE('',#5933,#5733,#5935,.T.);
#5933 = VERTEX_POINT('',#5934);
#5934 = CARTESIAN_POINT('',(233.,295.,131.5));
#5935 = LINE('',#5936,#5937);
#5936 = CARTESIAN_POINT('',(233.,295.,131.5));
#5937 = VECTOR('',#5938,1.);
#5938 = DIRECTION('',(0.,0.,1.));
#5939 = ORIENTED_EDGE('',*,*,#5940,.T.);
#5940 = EDGE_CURVE('',#5933,#5933,#5941,.T.);
#5941 = CIRCLE('',#5942,8.);
#5942 = AXIS2_PLACEMENT_3D('',#5943,#5944,#5945);
#5943 = CARTESIAN_POINT('',(225.,295.,131.5));
#5944 = DIRECTION('',(0.,0.,1.));
#5945 = DIRECTION('',(1.,0.,-0.));
#5946 = ORIENTED_EDGE('',*,*,#5932,.T.);
#5947 = CYLINDRICAL_SURFACE('',#5948,8.);
#5948 = AXIS2_PLACEMENT_3D('',#5949,#5950,#5951);
#5949 = CARTESIAN_POINT('',(225.,295.,131.5));
#5950 = DIRECTION('',(0.,0.,1.));
#5951 = DIRECTION('',(1.,0.,-0.));
#5952 = ADVANCED_FACE('',(#5953),#5956,.T.);
#5953 = FACE_BOUND('',#5954,.F.);
#5954 = EDGE_LOOP('',(#5955));
#5955 = ORIENTED_EDGE('',*,*,#5810,.F.);
#5956 = PLANE('',#5957);
#5957 = AXIS2_PLACEMENT_3D('',#5958,#5959,#5960);
#5958 = CARTESIAN_POINT('',(44.,100.,131.5));
#5959 = DIRECTION('',(0.,0.,1.));
#5960 = DIRECTION('',(1.,0.,-0.));
#5961 = ADVANCED_FACE('',(#5962),#5965,.T.);
#5962 = FACE_BOUND('',#5963,.F.);
#5963 = EDGE_LOOP('',(#5964));
#5964 = ORIENTED_EDGE('',*,*,#5835,.F.);
#5965 = PLANE('',#5966);
#5966 = AXIS2_PLACEMENT_3D('',#5967,#5968,#5969);
#5967 = CARTESIAN_POINT('',(406.,100.,131.5));
#5968 = DIRECTION('',(0.,0.,1.));
#5969 = DIRECTION('',(1.,0.,-0.));
#5970 = ADVANCED_FACE('',(#5971),#5974,.T.);
#5971 = FACE_BOUND('',#5972,.F.);
#5972 = EDGE_LOOP('',(#5973));
#5973 = ORIENTED_EDGE('',*,*,#5940,.F.);
#5974 = PLANE('',#5975);
#5975 = AXIS2_PLACEMENT_3D('',#5976,#5977,#5978);
#5976 = CARTESIAN_POINT('',(225.,295.,131.5));
#5977 = DIRECTION('',(0.,0.,1.));
#5978 = DIRECTION('',(1.,0.,-0.));
#5979 = ( GEOMETRIC_REPRESENTATION_CONTEXT(3) 
GLOBAL_UNCERTAINTY_ASSIGNED_CONTEXT((#5983)) 
GLOBAL_UNIT_ASSIGNED_CONTEXT((#5980,#5981,#5982)) REPRESENTATION_CONTEXT
('Context #1','3D Context with UNIT and UNCERTAINTY') );
#5980 = ( LENGTH_UNIT() NAMED_UNIT(*) SI_UNIT(.MILLI.,.METRE.) );
#5981 = ( NAMED_UNIT(*) PLANE_ANGLE_UNIT() SI_UNIT($,.RADIAN.) );
#5982 = ( NAMED_UNIT(*) SI_UNIT($,.STERADIAN.) SOLID_ANGLE_UNIT() );
#5983 = UNCERTAINTY_MEASURE_WITH_UNIT(LENGTH_MEASURE(1.E-07),#5980,
  'distance_accuracy_value','confusion accuracy');
#5984 = CONTEXT_DEPENDENT_SHAPE_REPRESENTATION(#5985,#5987);
#5985 = ( REPRESENTATION_RELATIONSHIP('','',#5376,#10) 
REPRESENTATION_RELATIONSHIP_WITH_TRANSFORMATION(#5986) 
SHAPE_REPRESENTATION_RELATIONSHIP() );
#5986 = ITEM_DEFINED_TRANSFORMATION('','',#11,#87);
#5987 = PRODUCT_DEFINITION_SHAPE('Placement','Placement of an item',
  #5988);
#5988 = NEXT_ASSEMBLY_USAGE_OCCURRENCE('19',
  '三音腔共用顶板 · 中部延伸至后板','',#5,#5371,$);
#5989 = PRODUCT_RELATED_PRODUCT_CATEGORY('part',$,(#5373));
#5990 = SHAPE_DEFINITION_REPRESENTATION(#5991,#5997);
#5991 = PRODUCT_DEFINITION_SHAPE('','',#5992);
#5992 = PRODUCT_DEFINITION('design','',#5993,#5996);
#5993 = PRODUCT_DEFINITION_FORMATION('','',#5994);
#5994 = PRODUCT('通用轴承密封避让杯（当前机芯待重做）'
  ,'通用轴承密封避让杯（当前机芯待重做）','',(#5995));
#5995 = PRODUCT_CONTEXT('',#2,'mechanical');
#5996 = PRODUCT_DEFINITION_CONTEXT('part definition',#2,'design');
#5997 = ADVANCED_BREP_SHAPE_REPRESENTATION('',(#11,#5998),#6096);
#5998 = MANIFOLD_SOLID_BREP('',#5999);
#5999 = CLOSED_SHELL('',(#6000,#6033,#6053,#6062,#6087));
#6000 = ADVANCED_FACE('',(#6001),#6028,.T.);
#6001 = FACE_BOUND('',#6002,.T.);
#6002 = EDGE_LOOP('',(#6003,#6012,#6020,#6027));
#6003 = ORIENTED_EDGE('',*,*,#6004,.F.);
#6004 = EDGE_CURVE('',#6005,#6005,#6007,.T.);
#6005 = VERTEX_POINT('',#6006);
#6006 = CARTESIAN_POINT('',(202.,172.,134.5));
#6007 = CIRCLE('',#6008,14.);
#6008 = AXIS2_PLACEMENT_3D('',#6009,#6010,#6011);
#6009 = CARTESIAN_POINT('',(188.,172.,134.5));
#6010 = DIRECTION('',(0.,0.,1.));
#6011 = DIRECTION('',(1.,0.,-0.));
#6012 = ORIENTED_EDGE('',*,*,#6013,.F.);
#6013 = EDGE_CURVE('',#6014,#6005,#6016,.T.);
#6014 = VERTEX_POINT('',#6015);
#6015 = CARTESIAN_POINT('',(202.,172.,106.5));
#6016 = LINE('',#6017,#6018);
#6017 = CARTESIAN_POINT('',(202.,172.,106.5));
#6018 = VECTOR('',#6019,1.);
#6019 = DIRECTION('',(0.,0.,1.));
#6020 = ORIENTED_EDGE('',*,*,#6021,.T.);
#6021 = EDGE_CURVE('',#6014,#6014,#6022,.T.);
#6022 = CIRCLE('',#6023,14.);
#6023 = AXIS2_PLACEMENT_3D('',#6024,#6025,#6026);
#6024 = CARTESIAN_POINT('',(188.,172.,106.5));
#6025 = DIRECTION('',(0.,0.,1.));
#6026 = DIRECTION('',(1.,0.,-0.));
#6027 = ORIENTED_EDGE('',*,*,#6013,.T.);
#6028 = CYLINDRICAL_SURFACE('',#6029,14.);
#6029 = AXIS2_PLACEMENT_3D('',#6030,#6031,#6032);
#6030 = CARTESIAN_POINT('',(188.,172.,106.5));
#6031 = DIRECTION('',(0.,0.,1.));
#6032 = DIRECTION('',(1.,0.,-0.));
#6033 = ADVANCED_FACE('',(#6034,#6037),#6048,.T.);
#6034 = FACE_BOUND('',#6035,.T.);
#6035 = EDGE_LOOP('',(#6036));
#6036 = ORIENTED_EDGE('',*,*,#6004,.T.);
#6037 = FACE_BOUND('',#6038,.T.);
#6038 = EDGE_LOOP('',(#6039));
#6039 = ORIENTED_EDGE('',*,*,#6040,.F.);
#6040 = EDGE_CURVE('',#6041,#6041,#6043,.T.);
#6041 = VERTEX_POINT('',#6042);
#6042 = CARTESIAN_POINT('',(200.,172.,134.5));
#6043 = CIRCLE('',#6044,12.);
#6044 = AXIS2_PLACEMENT_3D('',#6045,#6046,#6047);
#6045 = CARTESIAN_POINT('',(188.,172.,134.5));
#6046 = DIRECTION('',(0.,0.,1.));
#6047 = DIRECTION('',(1.,0.,-0.));
#6048 = PLANE('',#6049);
#6049 = AXIS2_PLACEMENT_3D('',#6050,#6051,#6052);
#6050 = CARTESIAN_POINT('',(188.,172.,134.5));
#6051 = DIRECTION('',(0.,0.,1.));
#6052 = DIRECTION('',(1.,0.,-0.));
#6053 = ADVANCED_FACE('',(#6054),#6057,.F.);
#6054 = FACE_BOUND('',#6055,.T.);
#6055 = EDGE_LOOP('',(#6056));
#6056 = ORIENTED_EDGE('',*,*,#6021,.F.);
#6057 = PLANE('',#6058);
#6058 = AXIS2_PLACEMENT_3D('',#6059,#6060,#6061);
#6059 = CARTESIAN_POINT('',(188.,172.,106.5));
#6060 = DIRECTION('',(0.,0.,1.));
#6061 = DIRECTION('',(1.,0.,-0.));
#6062 = ADVANCED_FACE('',(#6063),#6082,.F.);
#6063 = FACE_BOUND('',#6064,.F.);
#6064 = EDGE_LOOP('',(#6065,#6066,#6074,#6081));
#6065 = ORIENTED_EDGE('',*,*,#6040,.F.);
#6066 = ORIENTED_EDGE('',*,*,#6067,.F.);
#6067 = EDGE_CURVE('',#6068,#6041,#6070,.T.);
#6068 = VERTEX_POINT('',#6069);
#6069 = CARTESIAN_POINT('',(200.,172.,108.5));
#6070 = LINE('',#6071,#6072);
#6071 = CARTESIAN_POINT('',(200.,172.,108.5));
#6072 = VECTOR('',#6073,1.);
#6073 = DIRECTION('',(0.,0.,1.));
#6074 = ORIENTED_EDGE('',*,*,#6075,.T.);
#6075 = EDGE_CURVE('',#6068,#6068,#6076,.T.);
#6076 = CIRCLE('',#6077,12.);
#6077 = AXIS2_PLACEMENT_3D('',#6078,#6079,#6080);
#6078 = CARTESIAN_POINT('',(188.,172.,108.5));
#6079 = DIRECTION('',(0.,0.,1.));
#6080 = DIRECTION('',(1.,0.,-0.));
#6081 = ORIENTED_EDGE('',*,*,#6067,.T.);
#6082 = CYLINDRICAL_SURFACE('',#6083,12.);
#6083 = AXIS2_PLACEMENT_3D('',#6084,#6085,#6086);
#6084 = CARTESIAN_POINT('',(188.,172.,108.5));
#6085 = DIRECTION('',(0.,0.,1.));
#6086 = DIRECTION('',(1.,0.,-0.));
#6087 = ADVANCED_FACE('',(#6088),#6091,.T.);
#6088 = FACE_BOUND('',#6089,.F.);
#6089 = EDGE_LOOP('',(#6090));
#6090 = ORIENTED_EDGE('',*,*,#6075,.F.);
#6091 = PLANE('',#6092);
#6092 = AXIS2_PLACEMENT_3D('',#6093,#6094,#6095);
#6093 = CARTESIAN_POINT('',(188.,172.,108.5));
#6094 = DIRECTION('',(0.,0.,1.));
#6095 = DIRECTION('',(1.,0.,-0.));
#6096 = ( GEOMETRIC_REPRESENTATION_CONTEXT(3) 
GLOBAL_UNCERTAINTY_ASSIGNED_CONTEXT((#6100)) 
GLOBAL_UNIT_ASSIGNED_CONTEXT((#6097,#6098,#6099)) REPRESENTATION_CONTEXT
('Context #1','3D Context with UNIT and UNCERTAINTY') );
#6097 = ( LENGTH_UNIT() NAMED_UNIT(*) SI_UNIT(.MILLI.,.METRE.) );
#6098 = ( NAMED_UNIT(*) PLANE_ANGLE_UNIT() SI_UNIT($,.RADIAN.) );
#6099 = ( NAMED_UNIT(*) SI_UNIT($,.STERADIAN.) SOLID_ANGLE_UNIT() );
#6100 = UNCERTAINTY_MEASURE_WITH_UNIT(LENGTH_MEASURE(1.E-07),#6097,
  'distance_accuracy_value','confusion accuracy');
#6101 = CONTEXT_DEPENDENT_SHAPE_REPRESENTATION(#6102,#6104);
#6102 = ( REPRESENTATION_RELATIONSHIP('','',#5997,#10) 
REPRESENTATION_RELATIONSHIP_WITH_TRANSFORMATION(#6103) 
SHAPE_REPRESENTATION_RELATIONSHIP() );
#6103 = ITEM_DEFINED_TRANSFORMATION('','',#11,#91);
#6104 = PRODUCT_DEFINITION_SHAPE('Placement','Placement of an item',
  #6105);
#6105 = NEXT_ASSEMBLY_USAGE_OCCURRENCE('20',
  '通用轴承密封避让杯（当前机芯待重做）','',#5,#5992,$
  );
#6106 = PRODUCT_RELATED_PRODUCT_CATEGORY('part',$,(#5994));
#6107 = SHAPE_DEFINITION_REPRESENTATION(#6108,#6114);
#6108 = PRODUCT_DEFINITION_SHAPE('','',#6109);
#6109 = PRODUCT_DEFINITION('design','',#6110,#6113);
#6110 = PRODUCT_DEFINITION_FORMATION('','',#6111);
#6111 = PRODUCT('左右全频腔后板 · 密封试装',
  '左右全频腔后板 · 密封试装','',(#6112));
#6112 = PRODUCT_CONTEXT('',#2,'mechanical');
#6113 = PRODUCT_DEFINITION_CONTEXT('part definition',#2,'design');
#6114 = SHAPE_REPRESENTATION('',(#11,#6115,#6265),#6415);
#6115 = MANIFOLD_SOLID_BREP('',#6116);
#6116 = CLOSED_SHELL('',(#6117,#6157,#6197,#6219,#6241,#6253));
#6117 = ADVANCED_FACE('',(#6118),#6152,.F.);
#6118 = FACE_BOUND('',#6119,.F.);
#6119 = EDGE_LOOP('',(#6120,#6130,#6138,#6146));
#6120 = ORIENTED_EDGE('',*,*,#6121,.F.);
#6121 = EDGE_CURVE('',#6122,#6124,#6126,.T.);
#6122 = VERTEX_POINT('',#6123);
#6123 = CARTESIAN_POINT('',(12.,150.,34.5));
#6124 = VERTEX_POINT('',#6125);
#6125 = CARTESIAN_POINT('',(12.,150.,124.5));
#6126 = LINE('',#6127,#6128);
#6127 = CARTESIAN_POINT('',(12.,150.,34.5));
#6128 = VECTOR('',#6129,1.);
#6129 = DIRECTION('',(0.,0.,1.));
#6130 = ORIENTED_EDGE('',*,*,#6131,.T.);
#6131 = EDGE_CURVE('',#6122,#6132,#6134,.T.);
#6132 = VERTEX_POINT('',#6133);
#6133 = CARTESIAN_POINT('',(12.,160.,34.5));
#6134 = LINE('',#6135,#6136);
#6135 = CARTESIAN_POINT('',(12.,150.,34.5));
#6136 = VECTOR('',#6137,1.);
#6137 = DIRECTION('',(-0.,1.,0.));
#6138 = ORIENTED_EDGE('',*,*,#6139,.T.);
#6139 = EDGE_CURVE('',#6132,#6140,#6142,.T.);
#6140 = VERTEX_POINT('',#6141);
#6141 = CARTESIAN_POINT('',(12.,160.,124.5));
#6142 = LINE('',#6143,#6144);
#6143 = CARTESIAN_POINT('',(12.,160.,34.5));
#6144 = VECTOR('',#6145,1.);
#6145 = DIRECTION('',(0.,0.,1.));
#6146 = ORIENTED_EDGE('',*,*,#6147,.F.);
#6147 = EDGE_CURVE('',#6124,#6140,#6148,.T.);
#6148 = LINE('',#6149,#6150);
#6149 = CARTESIAN_POINT('',(12.,150.,124.5));
#6150 = VECTOR('',#6151,1.);
#6151 = DIRECTION('',(-0.,1.,0.));
#6152 = PLANE('',#6153);
#6153 = AXIS2_PLACEMENT_3D('',#6154,#6155,#6156);
#6154 = CARTESIAN_POINT('',(12.,150.,34.5));
#6155 = DIRECTION('',(1.,0.,-0.));
#6156 = DIRECTION('',(0.,0.,1.));
#6157 = ADVANCED_FACE('',(#6158),#6192,.T.);
#6158 = FACE_BOUND('',#6159,.T.);
#6159 = EDGE_LOOP('',(#6160,#6170,#6178,#6186));
#6160 = ORIENTED_EDGE('',*,*,#6161,.F.);
#6161 = EDGE_CURVE('',#6162,#6164,#6166,.T.);
#6162 = VERTEX_POINT('',#6163);
#6163 = CARTESIAN_POINT('',(129.,150.,34.5));
#6164 = VERTEX_POINT('',#6165);
#6165 = CARTESIAN_POINT('',(129.,150.,124.5));
#6166 = LINE('',#6167,#6168);
#6167 = CARTESIAN_POINT('',(129.,150.,34.5));
#6168 = VECTOR('',#6169,1.);
#6169 = DIRECTION('',(0.,0.,1.));
#6170 = ORIENTED_EDGE('',*,*,#6171,.T.);
#6171 = EDGE_CURVE('',#6162,#6172,#6174,.T.);
#6172 = VERTEX_POINT('',#6173);
#6173 = CARTESIAN_POINT('',(129.,160.,34.5));
#6174 = LINE('',#6175,#6176);
#6175 = CARTESIAN_POINT('',(129.,150.,34.5));
#6176 = VECTOR('',#6177,1.);
#6177 = DIRECTION('',(-0.,1.,0.));
#6178 = ORIENTED_EDGE('',*,*,#6179,.T.);
#6179 = EDGE_CURVE('',#6172,#6180,#6182,.T.);
#6180 = VERTEX_POINT('',#6181);
#6181 = CARTESIAN_POINT('',(129.,160.,124.5));
#6182 = LINE('',#6183,#6184);
#6183 = CARTESIAN_POINT('',(129.,160.,34.5));
#6184 = VECTOR('',#6185,1.);
#6185 = DIRECTION('',(0.,0.,1.));
#6186 = ORIENTED_EDGE('',*,*,#6187,.F.);
#6187 = EDGE_CURVE('',#6164,#6180,#6188,.T.);
#6188 = LINE('',#6189,#6190);
#6189 = CARTESIAN_POINT('',(129.,150.,124.5));
#6190 = VECTOR('',#6191,1.);
#6191 = DIRECTION('',(-0.,1.,0.));
#6192 = PLANE('',#6193);
#6193 = AXIS2_PLACEMENT_3D('',#6194,#6195,#6196);
#6194 = CARTESIAN_POINT('',(129.,150.,34.5));
#6195 = DIRECTION('',(1.,0.,-0.));
#6196 = DIRECTION('',(0.,0.,1.));
#6197 = ADVANCED_FACE('',(#6198),#6214,.F.);
#6198 = FACE_BOUND('',#6199,.F.);
#6199 = EDGE_LOOP('',(#6200,#6206,#6207,#6213));
#6200 = ORIENTED_EDGE('',*,*,#6201,.F.);
#6201 = EDGE_CURVE('',#6122,#6162,#6202,.T.);
#6202 = LINE('',#6203,#6204);
#6203 = CARTESIAN_POINT('',(12.,150.,34.5));
#6204 = VECTOR('',#6205,1.);
#6205 = DIRECTION('',(1.,0.,-0.));
#6206 = ORIENTED_EDGE('',*,*,#6121,.T.);
#6207 = ORIENTED_EDGE('',*,*,#6208,.T.);
#6208 = EDGE_CURVE('',#6124,#6164,#6209,.T.);
#6209 = LINE('',#6210,#6211);
#6210 = CARTESIAN_POINT('',(12.,150.,124.5));
#6211 = VECTOR('',#6212,1.);
#6212 = DIRECTION('',(1.,0.,-0.));
#6213 = ORIENTED_EDGE('',*,*,#6161,.F.);
#6214 = PLANE('',#6215);
#6215 = AXIS2_PLACEMENT_3D('',#6216,#6217,#6218);
#6216 = CARTESIAN_POINT('',(12.,150.,34.5));
#6217 = DIRECTION('',(-0.,1.,0.));
#6218 = DIRECTION('',(0.,0.,1.));
#6219 = ADVANCED_FACE('',(#6220),#6236,.T.);
#6220 = FACE_BOUND('',#6221,.T.);
#6221 = EDGE_LOOP('',(#6222,#6228,#6229,#6235));
#6222 = ORIENTED_EDGE('',*,*,#6223,.F.);
#6223 = EDGE_CURVE('',#6132,#6172,#6224,.T.);
#6224 = LINE('',#6225,#6226);
#6225 = CARTESIAN_POINT('',(12.,160.,34.5));
#6226 = VECTOR('',#6227,1.);
#6227 = DIRECTION('',(1.,0.,-0.));
#6228 = ORIENTED_EDGE('',*,*,#6139,.T.);
#6229 = ORIENTED_EDGE('',*,*,#6230,.T.);
#6230 = EDGE_CURVE('',#6140,#6180,#6231,.T.);
#6231 = LINE('',#6232,#6233);
#6232 = CARTESIAN_POINT('',(12.,160.,124.5));
#6233 = VECTOR('',#6234,1.);
#6234 = DIRECTION('',(1.,0.,-0.));
#6235 = ORIENTED_EDGE('',*,*,#6179,.F.);
#6236 = PLANE('',#6237);
#6237 = AXIS2_PLACEMENT_3D('',#6238,#6239,#6240);
#6238 = CARTESIAN_POINT('',(12.,160.,34.5));
#6239 = DIRECTION('',(-0.,1.,0.));
#6240 = DIRECTION('',(0.,0.,1.));
#6241 = ADVANCED_FACE('',(#6242),#6248,.F.);
#6242 = FACE_BOUND('',#6243,.F.);
#6243 = EDGE_LOOP('',(#6244,#6245,#6246,#6247));
#6244 = ORIENTED_EDGE('',*,*,#6131,.F.);
#6245 = ORIENTED_EDGE('',*,*,#6201,.T.);
#6246 = ORIENTED_EDGE('',*,*,#6171,.T.);
#6247 = ORIENTED_EDGE('',*,*,#6223,.F.);
#6248 = PLANE('',#6249);
#6249 = AXIS2_PLACEMENT_3D('',#6250,#6251,#6252);
#6250 = CARTESIAN_POINT('',(12.,150.,34.5));
#6251 = DIRECTION('',(0.,0.,1.));
#6252 = DIRECTION('',(1.,0.,-0.));
#6253 = ADVANCED_FACE('',(#6254),#6260,.T.);
#6254 = FACE_BOUND('',#6255,.T.);
#6255 = EDGE_LOOP('',(#6256,#6257,#6258,#6259));
#6256 = ORIENTED_EDGE('',*,*,#6147,.F.);
#6257 = ORIENTED_EDGE('',*,*,#6208,.T.);
#6258 = ORIENTED_EDGE('',*,*,#6187,.T.);
#6259 = ORIENTED_EDGE('',*,*,#6230,.F.);
#6260 = PLANE('',#6261);
#6261 = AXIS2_PLACEMENT_3D('',#6262,#6263,#6264);
#6262 = CARTESIAN_POINT('',(12.,150.,124.5));
#6263 = DIRECTION('',(0.,0.,1.));
#6264 = DIRECTION('',(1.,0.,-0.));
#6265 = MANIFOLD_SOLID_BREP('',#6266);
#6266 = CLOSED_SHELL('',(#6267,#6307,#6347,#6369,#6391,#6403));
#6267 = ADVANCED_FACE('',(#6268),#6302,.F.);
#6268 = FACE_BOUND('',#6269,.F.);
#6269 = EDGE_LOOP('',(#6270,#6280,#6288,#6296));
#6270 = ORIENTED_EDGE('',*,*,#6271,.F.);
#6271 = EDGE_CURVE('',#6272,#6274,#6276,.T.);
#6272 = VERTEX_POINT('',#6273);
#6273 = CARTESIAN_POINT('',(321.,150.,34.5));
#6274 = VERTEX_POINT('',#6275);
#6275 = CARTESIAN_POINT('',(321.,150.,124.5));
#6276 = LINE('',#6277,#6278);
#6277 = CARTESIAN_POINT('',(321.,150.,34.5));
#6278 = VECTOR('',#6279,1.);
#6279 = DIRECTION('',(0.,0.,1.));
#6280 = ORIENTED_EDGE('',*,*,#6281,.T.);
#6281 = EDGE_CURVE('',#6272,#6282,#6284,.T.);
#6282 = VERTEX_POINT('',#6283);
#6283 = CARTESIAN_POINT('',(321.,160.,34.5));
#6284 = LINE('',#6285,#6286);
#6285 = CARTESIAN_POINT('',(321.,150.,34.5));
#6286 = VECTOR('',#6287,1.);
#6287 = DIRECTION('',(-0.,1.,0.));
#6288 = ORIENTED_EDGE('',*,*,#6289,.T.);
#6289 = EDGE_CURVE('',#6282,#6290,#6292,.T.);
#6290 = VERTEX_POINT('',#6291);
#6291 = CARTESIAN_POINT('',(321.,160.,124.5));
#6292 = LINE('',#6293,#6294);
#6293 = CARTESIAN_POINT('',(321.,160.,34.5));
#6294 = VECTOR('',#6295,1.);
#6295 = DIRECTION('',(0.,0.,1.));
#6296 = ORIENTED_EDGE('',*,*,#6297,.F.);
#6297 = EDGE_CURVE('',#6274,#6290,#6298,.T.);
#6298 = LINE('',#6299,#6300);
#6299 = CARTESIAN_POINT('',(321.,150.,124.5));
#6300 = VECTOR('',#6301,1.);
#6301 = DIRECTION('',(-0.,1.,0.));
#6302 = PLANE('',#6303);
#6303 = AXIS2_PLACEMENT_3D('',#6304,#6305,#6306);
#6304 = CARTESIAN_POINT('',(321.,150.,34.5));
#6305 = DIRECTION('',(1.,0.,-0.));
#6306 = DIRECTION('',(0.,0.,1.));
#6307 = ADVANCED_FACE('',(#6308),#6342,.T.);
#6308 = FACE_BOUND('',#6309,.T.);
#6309 = EDGE_LOOP('',(#6310,#6320,#6328,#6336));
#6310 = ORIENTED_EDGE('',*,*,#6311,.F.);
#6311 = EDGE_CURVE('',#6312,#6314,#6316,.T.);
#6312 = VERTEX_POINT('',#6313);
#6313 = CARTESIAN_POINT('',(438.,150.,34.5));
#6314 = VERTEX_POINT('',#6315);
#6315 = CARTESIAN_POINT('',(438.,150.,124.5));
#6316 = LINE('',#6317,#6318);
#6317 = CARTESIAN_POINT('',(438.,150.,34.5));
#6318 = VECTOR('',#6319,1.);
#6319 = DIRECTION('',(0.,0.,1.));
#6320 = ORIENTED_EDGE('',*,*,#6321,.T.);
#6321 = EDGE_CURVE('',#6312,#6322,#6324,.T.);
#6322 = VERTEX_POINT('',#6323);
#6323 = CARTESIAN_POINT('',(438.,160.,34.5));
#6324 = LINE('',#6325,#6326);
#6325 = CARTESIAN_POINT('',(438.,150.,34.5));
#6326 = VECTOR('',#6327,1.);
#6327 = DIRECTION('',(-0.,1.,0.));
#6328 = ORIENTED_EDGE('',*,*,#6329,.T.);
#6329 = EDGE_CURVE('',#6322,#6330,#6332,.T.);
#6330 = VERTEX_POINT('',#6331);
#6331 = CARTESIAN_POINT('',(438.,160.,124.5));
#6332 = LINE('',#6333,#6334);
#6333 = CARTESIAN_POINT('',(438.,160.,34.5));
#6334 = VECTOR('',#6335,1.);
#6335 = DIRECTION('',(0.,0.,1.));
#6336 = ORIENTED_EDGE('',*,*,#6337,.F.);
#6337 = EDGE_CURVE('',#6314,#6330,#6338,.T.);
#6338 = LINE('',#6339,#6340);
#6339 = CARTESIAN_POINT('',(438.,150.,124.5));
#6340 = VECTOR('',#6341,1.);
#6341 = DIRECTION('',(-0.,1.,0.));
#6342 = PLANE('',#6343);
#6343 = AXIS2_PLACEMENT_3D('',#6344,#6345,#6346);
#6344 = CARTESIAN_POINT('',(438.,150.,34.5));
#6345 = DIRECTION('',(1.,0.,-0.));
#6346 = DIRECTION('',(0.,0.,1.));
#6347 = ADVANCED_FACE('',(#6348),#6364,.F.);
#6348 = FACE_BOUND('',#6349,.F.);
#6349 = EDGE_LOOP('',(#6350,#6356,#6357,#6363));
#6350 = ORIENTED_EDGE('',*,*,#6351,.F.);
#6351 = EDGE_CURVE('',#6272,#6312,#6352,.T.);
#6352 = LINE('',#6353,#6354);
#6353 = CARTESIAN_POINT('',(321.,150.,34.5));
#6354 = VECTOR('',#6355,1.);
#6355 = DIRECTION('',(1.,0.,-0.));
#6356 = ORIENTED_EDGE('',*,*,#6271,.T.);
#6357 = ORIENTED_EDGE('',*,*,#6358,.T.);
#6358 = EDGE_CURVE('',#6274,#6314,#6359,.T.);
#6359 = LINE('',#6360,#6361);
#6360 = CARTESIAN_POINT('',(321.,150.,124.5));
#6361 = VECTOR('',#6362,1.);
#6362 = DIRECTION('',(1.,0.,-0.));
#6363 = ORIENTED_EDGE('',*,*,#6311,.F.);
#6364 = PLANE('',#6365);
#6365 = AXIS2_PLACEMENT_3D('',#6366,#6367,#6368);
#6366 = CARTESIAN_POINT('',(321.,150.,34.5));
#6367 = DIRECTION('',(-0.,1.,0.));
#6368 = DIRECTION('',(0.,0.,1.));
#6369 = ADVANCED_FACE('',(#6370),#6386,.T.);
#6370 = FACE_BOUND('',#6371,.T.);
#6371 = EDGE_LOOP('',(#6372,#6378,#6379,#6385));
#6372 = ORIENTED_EDGE('',*,*,#6373,.F.);
#6373 = EDGE_CURVE('',#6282,#6322,#6374,.T.);
#6374 = LINE('',#6375,#6376);
#6375 = CARTESIAN_POINT('',(321.,160.,34.5));
#6376 = VECTOR('',#6377,1.);
#6377 = DIRECTION('',(1.,0.,-0.));
#6378 = ORIENTED_EDGE('',*,*,#6289,.T.);
#6379 = ORIENTED_EDGE('',*,*,#6380,.T.);
#6380 = EDGE_CURVE('',#6290,#6330,#6381,.T.);
#6381 = LINE('',#6382,#6383);
#6382 = CARTESIAN_POINT('',(321.,160.,124.5));
#6383 = VECTOR('',#6384,1.);
#6384 = DIRECTION('',(1.,0.,-0.));
#6385 = ORIENTED_EDGE('',*,*,#6329,.F.);
#6386 = PLANE('',#6387);
#6387 = AXIS2_PLACEMENT_3D('',#6388,#6389,#6390);
#6388 = CARTESIAN_POINT('',(321.,160.,34.5));
#6389 = DIRECTION('',(-0.,1.,0.));
#6390 = DIRECTION('',(0.,0.,1.));
#6391 = ADVANCED_FACE('',(#6392),#6398,.F.);
#6392 = FACE_BOUND('',#6393,.F.);
#6393 = EDGE_LOOP('',(#6394,#6395,#6396,#6397));
#6394 = ORIENTED_EDGE('',*,*,#6281,.F.);
#6395 = ORIENTED_EDGE('',*,*,#6351,.T.);
#6396 = ORIENTED_EDGE('',*,*,#6321,.T.);
#6397 = ORIENTED_EDGE('',*,*,#6373,.F.);
#6398 = PLANE('',#6399);
#6399 = AXIS2_PLACEMENT_3D('',#6400,#6401,#6402);
#6400 = CARTESIAN_POINT('',(321.,150.,34.5));
#6401 = DIRECTION('',(0.,0.,1.));
#6402 = DIRECTION('',(1.,0.,-0.));
#6403 = ADVANCED_FACE('',(#6404),#6410,.T.);
#6404 = FACE_BOUND('',#6405,.T.);
#6405 = EDGE_LOOP('',(#6406,#6407,#6408,#6409));
#6406 = ORIENTED_EDGE('',*,*,#6297,.F.);
#6407 = ORIENTED_EDGE('',*,*,#6358,.T.);
#6408 = ORIENTED_EDGE('',*,*,#6337,.T.);
#6409 = ORIENTED_EDGE('',*,*,#6380,.F.);
#6410 = PLANE('',#6411);
#6411 = AXIS2_PLACEMENT_3D('',#6412,#6413,#6414);
#6412 = CARTESIAN_POINT('',(321.,150.,124.5));
#6413 = DIRECTION('',(0.,0.,1.));
#6414 = DIRECTION('',(1.,0.,-0.));
#6415 = ( GEOMETRIC_REPRESENTATION_CONTEXT(3) 
GLOBAL_UNCERTAINTY_ASSIGNED_CONTEXT((#6419)) 
GLOBAL_UNIT_ASSIGNED_CONTEXT((#6416,#6417,#6418)) REPRESENTATION_CONTEXT
('Context #1','3D Context with UNIT and UNCERTAINTY') );
#6416 = ( LENGTH_UNIT() NAMED_UNIT(*) SI_UNIT(.MILLI.,.METRE.) );
#6417 = ( NAMED_UNIT(*) PLANE_ANGLE_UNIT() SI_UNIT($,.RADIAN.) );
#6418 = ( NAMED_UNIT(*) SI_UNIT($,.STERADIAN.) SOLID_ANGLE_UNIT() );
#6419 = UNCERTAINTY_MEASURE_WITH_UNIT(LENGTH_MEASURE(1.E-07),#6416,
  'distance_accuracy_value','confusion accuracy');
#6420 = CONTEXT_DEPENDENT_SHAPE_REPRESENTATION(#6421,#6423);
#6421 = ( REPRESENTATION_RELATIONSHIP('','',#6114,#10) 
REPRESENTATION_RELATIONSHIP_WITH_TRANSFORMATION(#6422) 
SHAPE_REPRESENTATION_RELATIONSHIP() );
#6422 = ITEM_DEFINED_TRANSFORMATION('','',#11,#95);
#6423 = PRODUCT_DEFINITION_SHAPE('Placement','Placement of an item',
  #6424);
#6424 = NEXT_ASSEMBLY_USAGE_OCCURRENCE('21',
  '左右全频腔后板 · 密封试装','',#5,#6109,$);
#6425 = PRODUCT_RELATED_PRODUCT_CATEGORY('part',$,(#6111));
#6426 = SHAPE_DEFINITION_REPRESENTATION(#6427,#6433);
#6427 = PRODUCT_DEFINITION_SHAPE('','',#6428);
#6428 = PRODUCT_DEFINITION('design','',#6429,#6432);
#6429 = PRODUCT_DEFINITION_FORMATION('','',#6430);
#6430 = PRODUCT('低音腔左全深隔板','低音腔左全深隔板',''
  ,(#6431));
#6431 = PRODUCT_CONTEXT('',#2,'mechanical');
#6432 = PRODUCT_DEFINITION_CONTEXT('part definition',#2,'design');
#6433 = ADVANCED_BREP_SHAPE_REPRESENTATION('',(#11,#6434),#6584);
#6434 = MANIFOLD_SOLID_BREP('',#6435);
#6435 = CLOSED_SHELL('',(#6436,#6476,#6507,#6538,#6560,#6572));
#6436 = ADVANCED_FACE('',(#6437),#6471,.F.);
#6437 = FACE_BOUND('',#6438,.F.);
#6438 = EDGE_LOOP('',(#6439,#6449,#6457,#6465));
#6439 = ORIENTED_EDGE('',*,*,#6440,.T.);
#6440 = EDGE_CURVE('',#6441,#6443,#6445,.T.);
#6441 = VERTEX_POINT('',#6442);
#6442 = CARTESIAN_POINT('',(129.,26.514622242383,34.5));
#6443 = VERTEX_POINT('',#6444);
#6444 = CARTESIAN_POINT('',(139.,26.514622242383,34.5));
#6445 = LINE('',#6446,#6447);
#6446 = CARTESIAN_POINT('',(129.,26.514622242383,34.5));
#6447 = VECTOR('',#6448,1.);
#6448 = DIRECTION('',(1.,0.,0.));
#6449 = ORIENTED_EDGE('',*,*,#6450,.T.);
#6450 = EDGE_CURVE('',#6443,#6451,#6453,.T.);
#6451 = VERTEX_POINT('',#6452);
#6452 = CARTESIAN_POINT('',(139.,338.,34.5));
#6453 = LINE('',#6454,#6455);
#6454 = CARTESIAN_POINT('',(139.,26.514622242383,34.5));
#6455 = VECTOR('',#6456,1.);
#6456 = DIRECTION('',(0.,1.,0.));
#6457 = ORIENTED_EDGE('',*,*,#6458,.F.);
#6458 = EDGE_CURVE('',#6459,#6451,#6461,.T.);
#6459 = VERTEX_POINT('',#6460);
#6460 = CARTESIAN_POINT('',(129.,338.,34.5));
#6461 = LINE('',#6462,#6463);
#6462 = CARTESIAN_POINT('',(129.,338.,34.5));
#6463 = VECTOR('',#6464,1.);
#6464 = DIRECTION('',(1.,0.,0.));
#6465 = ORIENTED_EDGE('',*,*,#6466,.F.);
#6466 = EDGE_CURVE('',#6441,#6459,#6467,.T.);
#6467 = LINE('',#6468,#6469);
#6468 = CARTESIAN_POINT('',(129.,26.514622242383,34.5));
#6469 = VECTOR('',#6470,1.);
#6470 = DIRECTION('',(0.,1.,0.));
#6471 = PLANE('',#6472);
#6472 = AXIS2_PLACEMENT_3D('',#6473,#6474,#6475);
#6473 = CARTESIAN_POINT('',(129.,26.514622242383,34.5));
#6474 = DIRECTION('',(0.,0.,1.));
#6475 = DIRECTION('',(0.,1.,0.));
#6476 = ADVANCED_FACE('',(#6477),#6502,.F.);
#6477 = FACE_BOUND('',#6478,.F.);
#6478 = EDGE_LOOP('',(#6479,#6480,#6488,#6496));
#6479 = ORIENTED_EDGE('',*,*,#6458,.T.);
#6480 = ORIENTED_EDGE('',*,*,#6481,.T.);
#6481 = EDGE_CURVE('',#6451,#6482,#6484,.T.);
#6482 = VERTEX_POINT('',#6483);
#6483 = CARTESIAN_POINT('',(139.,338.,124.5));
#6484 = LINE('',#6485,#6486);
#6485 = CARTESIAN_POINT('',(139.,338.,34.5));
#6486 = VECTOR('',#6487,1.);
#6487 = DIRECTION('',(0.,0.,1.));
#6488 = ORIENTED_EDGE('',*,*,#6489,.F.);
#6489 = EDGE_CURVE('',#6490,#6482,#6492,.T.);
#6490 = VERTEX_POINT('',#6491);
#6491 = CARTESIAN_POINT('',(129.,338.,124.5));
#6492 = LINE('',#6493,#6494);
#6493 = CARTESIAN_POINT('',(129.,338.,124.5));
#6494 = VECTOR('',#6495,1.);
#6495 = DIRECTION('',(1.,0.,0.));
#6496 = ORIENTED_EDGE('',*,*,#6497,.F.);
#6497 = EDGE_CURVE('',#6459,#6490,#6498,.T.);
#6498 = LINE('',#6499,#6500);
#6499 = CARTESIAN_POINT('',(129.,338.,34.5));
#6500 = VECTOR('',#6501,1.);
#6501 = DIRECTION('',(0.,0.,1.));
#6502 = PLANE('',#6503);
#6503 = AXIS2_PLACEMENT_3D('',#6504,#6505,#6506);
#6504 = CARTESIAN_POINT('',(129.,338.,34.5));
#6505 = DIRECTION('',(0.,-1.,0.));
#6506 = DIRECTION('',(0.,0.,1.));
#6507 = ADVANCED_FACE('',(#6508),#6533,.F.);
#6508 = FACE_BOUND('',#6509,.F.);
#6509 = EDGE_LOOP('',(#6510,#6511,#6519,#6527));
#6510 = ORIENTED_EDGE('',*,*,#6489,.T.);
#6511 = ORIENTED_EDGE('',*,*,#6512,.T.);
#6512 = EDGE_CURVE('',#6482,#6513,#6515,.T.);
#6513 = VERTEX_POINT('',#6514);
#6514 = CARTESIAN_POINT('',(139.,55.757394903344,124.5));
#6515 = LINE('',#6516,#6517);
#6516 = CARTESIAN_POINT('',(139.,338.,124.5));
#6517 = VECTOR('',#6518,1.);
#6518 = DIRECTION('',(0.,-1.,0.));
#6519 = ORIENTED_EDGE('',*,*,#6520,.F.);
#6520 = EDGE_CURVE('',#6521,#6513,#6523,.T.);
#6521 = VERTEX_POINT('',#6522);
#6522 = CARTESIAN_POINT('',(129.,55.757394903344,124.5));
#6523 = LINE('',#6524,#6525);
#6524 = CARTESIAN_POINT('',(129.,55.757394903344,124.5));
#6525 = VECTOR('',#6526,1.);
#6526 = DIRECTION('',(1.,0.,0.));
#6527 = ORIENTED_EDGE('',*,*,#6528,.F.);
#6528 = EDGE_CURVE('',#6490,#6521,#6529,.T.);
#6529 = LINE('',#6530,#6531);
#6530 = CARTESIAN_POINT('',(129.,338.,124.5));
#6531 = VECTOR('',#6532,1.);
#6532 = DIRECTION('',(0.,-1.,0.));
#6533 = PLANE('',#6534);
#6534 = AXIS2_PLACEMENT_3D('',#6535,#6536,#6537);
#6535 = CARTESIAN_POINT('',(129.,338.,124.5));
#6536 = DIRECTION('',(0.,0.,-1.));
#6537 = DIRECTION('',(0.,-1.,0.));
#6538 = ADVANCED_FACE('',(#6539),#6555,.F.);
#6539 = FACE_BOUND('',#6540,.F.);
#6540 = EDGE_LOOP('',(#6541,#6542,#6548,#6549));
#6541 = ORIENTED_EDGE('',*,*,#6520,.T.);
#6542 = ORIENTED_EDGE('',*,*,#6543,.T.);
#6543 = EDGE_CURVE('',#6513,#6443,#6544,.T.);
#6544 = LINE('',#6545,#6546);
#6545 = CARTESIAN_POINT('',(139.,55.757394903344,124.5));
#6546 = VECTOR('',#6547,1.);
#6547 = DIRECTION('',(0.,-0.309016994375,-0.951056516295));
#6548 = ORIENTED_EDGE('',*,*,#6440,.F.);
#6549 = ORIENTED_EDGE('',*,*,#6550,.F.);
#6550 = EDGE_CURVE('',#6521,#6441,#6551,.T.);
#6551 = LINE('',#6552,#6553);
#6552 = CARTESIAN_POINT('',(129.,55.757394903344,124.5));
#6553 = VECTOR('',#6554,1.);
#6554 = DIRECTION('',(0.,-0.309016994375,-0.951056516295));
#6555 = PLANE('',#6556);
#6556 = AXIS2_PLACEMENT_3D('',#6557,#6558,#6559);
#6557 = CARTESIAN_POINT('',(129.,55.757394903344,124.5));
#6558 = DIRECTION('',(0.,0.951056516295,-0.309016994375));
#6559 = DIRECTION('',(0.,-0.309016994375,-0.951056516295));
#6560 = ADVANCED_FACE('',(#6561),#6567,.F.);
#6561 = FACE_BOUND('',#6562,.F.);
#6562 = EDGE_LOOP('',(#6563,#6564,#6565,#6566));
#6563 = ORIENTED_EDGE('',*,*,#6466,.T.);
#6564 = ORIENTED_EDGE('',*,*,#6497,.T.);
#6565 = ORIENTED_EDGE('',*,*,#6528,.T.);
#6566 = ORIENTED_EDGE('',*,*,#6550,.T.);
#6567 = PLANE('',#6568);
#6568 = AXIS2_PLACEMENT_3D('',#6569,#6570,#6571);
#6569 = CARTESIAN_POINT('',(129.,188.41010424107,77.809361382035));
#6570 = DIRECTION('',(1.,0.,0.));
#6571 = DIRECTION('',(-0.,0.,1.));
#6572 = ADVANCED_FACE('',(#6573),#6579,.T.);
#6573 = FACE_BOUND('',#6574,.T.);
#6574 = EDGE_LOOP('',(#6575,#6576,#6577,#6578));
#6575 = ORIENTED_EDGE('',*,*,#6450,.T.);
#6576 = ORIENTED_EDGE('',*,*,#6481,.T.);
#6577 = ORIENTED_EDGE('',*,*,#6512,.T.);
#6578 = ORIENTED_EDGE('',*,*,#6543,.T.);
#6579 = PLANE('',#6580);
#6580 = AXIS2_PLACEMENT_3D('',#6581,#6582,#6583);
#6581 = CARTESIAN_POINT('',(139.,188.41010424107,77.809361382035));
#6582 = DIRECTION('',(1.,0.,0.));
#6583 = DIRECTION('',(-0.,0.,1.));
#6584 = ( GEOMETRIC_REPRESENTATION_CONTEXT(3) 
GLOBAL_UNCERTAINTY_ASSIGNED_CONTEXT((#6588)) 
GLOBAL_UNIT_ASSIGNED_CONTEXT((#6585,#6586,#6587)) REPRESENTATION_CONTEXT
('Context #1','3D Context with UNIT and UNCERTAINTY') );
#6585 = ( LENGTH_UNIT() NAMED_UNIT(*) SI_UNIT(.MILLI.,.METRE.) );
#6586 = ( NAMED_UNIT(*) PLANE_ANGLE_UNIT() SI_UNIT($,.RADIAN.) );
#6587 = ( NAMED_UNIT(*) SI_UNIT($,.STERADIAN.) SOLID_ANGLE_UNIT() );
#6588 = UNCERTAINTY_MEASURE_WITH_UNIT(LENGTH_MEASURE(1.E-07),#6585,
  'distance_accuracy_value','confusion accuracy');
#6589 = CONTEXT_DEPENDENT_SHAPE_REPRESENTATION(#6590,#6592);
#6590 = ( REPRESENTATION_RELATIONSHIP('','',#6433,#10) 
REPRESENTATION_RELATIONSHIP_WITH_TRANSFORMATION(#6591) 
SHAPE_REPRESENTATION_RELATIONSHIP() );
#6591 = ITEM_DEFINED_TRANSFORMATION('','',#11,#99);
#6592 = PRODUCT_DEFINITION_SHAPE('Placement','Placement of an item',
  #6593);
#6593 = NEXT_ASSEMBLY_USAGE_OCCURRENCE('22','低音腔左全深隔板',
  '',#5,#6428,$);
#6594 = PRODUCT_RELATED_PRODUCT_CATEGORY('part',$,(#6430));
#6595 = SHAPE_DEFINITION_REPRESENTATION(#6596,#6602);
#6596 = PRODUCT_DEFINITION_SHAPE('','',#6597);
#6597 = PRODUCT_DEFINITION('design','',#6598,#6601);
#6598 = PRODUCT_DEFINITION_FORMATION('','',#6599);
#6599 = PRODUCT('低音腔右全深隔板','低音腔右全深隔板',''
  ,(#6600));
#6600 = PRODUCT_CONTEXT('',#2,'mechanical');
#6601 = PRODUCT_DEFINITION_CONTEXT('part definition',#2,'design');
#6602 = ADVANCED_BREP_SHAPE_REPRESENTATION('',(#11,#6603),#6753);
#6603 = MANIFOLD_SOLID_BREP('',#6604);
#6604 = CLOSED_SHELL('',(#6605,#6645,#6676,#6707,#6729,#6741));
#6605 = ADVANCED_FACE('',(#6606),#6640,.F.);
#6606 = FACE_BOUND('',#6607,.F.);
#6607 = EDGE_LOOP('',(#6608,#6618,#6626,#6634));
#6608 = ORIENTED_EDGE('',*,*,#6609,.T.);
#6609 = EDGE_CURVE('',#6610,#6612,#6614,.T.);
#6610 = VERTEX_POINT('',#6611);
#6611 = CARTESIAN_POINT('',(311.,26.514622242383,34.5));
#6612 = VERTEX_POINT('',#6613);
#6613 = CARTESIAN_POINT('',(321.,26.514622242383,34.5));
#6614 = LINE('',#6615,#6616);
#6615 = CARTESIAN_POINT('',(311.,26.514622242383,34.5));
#6616 = VECTOR('',#6617,1.);
#6617 = DIRECTION('',(1.,0.,0.));
#6618 = ORIENTED_EDGE('',*,*,#6619,.T.);
#6619 = EDGE_CURVE('',#6612,#6620,#6622,.T.);
#6620 = VERTEX_POINT('',#6621);
#6621 = CARTESIAN_POINT('',(321.,338.,34.5));
#6622 = LINE('',#6623,#6624);
#6623 = CARTESIAN_POINT('',(321.,26.514622242383,34.5));
#6624 = VECTOR('',#6625,1.);
#6625 = DIRECTION('',(0.,1.,0.));
#6626 = ORIENTED_EDGE('',*,*,#6627,.F.);
#6627 = EDGE_CURVE('',#6628,#6620,#6630,.T.);
#6628 = VERTEX_POINT('',#6629);
#6629 = CARTESIAN_POINT('',(311.,338.,34.5));
#6630 = LINE('',#6631,#6632);
#6631 = CARTESIAN_POINT('',(311.,338.,34.5));
#6632 = VECTOR('',#6633,1.);
#6633 = DIRECTION('',(1.,0.,0.));
#6634 = ORIENTED_EDGE('',*,*,#6635,.F.);
#6635 = EDGE_CURVE('',#6610,#6628,#6636,.T.);
#6636 = LINE('',#6637,#6638);
#6637 = CARTESIAN_POINT('',(311.,26.514622242383,34.5));
#6638 = VECTOR('',#6639,1.);
#6639 = DIRECTION('',(0.,1.,0.));
#6640 = PLANE('',#6641);
#6641 = AXIS2_PLACEMENT_3D('',#6642,#6643,#6644);
#6642 = CARTESIAN_POINT('',(311.,26.514622242383,34.5));
#6643 = DIRECTION('',(0.,0.,1.));
#6644 = DIRECTION('',(0.,1.,0.));
#6645 = ADVANCED_FACE('',(#6646),#6671,.F.);
#6646 = FACE_BOUND('',#6647,.F.);
#6647 = EDGE_LOOP('',(#6648,#6649,#6657,#6665));
#6648 = ORIENTED_EDGE('',*,*,#6627,.T.);
#6649 = ORIENTED_EDGE('',*,*,#6650,.T.);
#6650 = EDGE_CURVE('',#6620,#6651,#6653,.T.);
#6651 = VERTEX_POINT('',#6652);
#6652 = CARTESIAN_POINT('',(321.,338.,124.5));
#6653 = LINE('',#6654,#6655);
#6654 = CARTESIAN_POINT('',(321.,338.,34.5));
#6655 = VECTOR('',#6656,1.);
#6656 = DIRECTION('',(0.,0.,1.));
#6657 = ORIENTED_EDGE('',*,*,#6658,.F.);
#6658 = EDGE_CURVE('',#6659,#6651,#6661,.T.);
#6659 = VERTEX_POINT('',#6660);
#6660 = CARTESIAN_POINT('',(311.,338.,124.5));
#6661 = LINE('',#6662,#6663);
#6662 = CARTESIAN_POINT('',(311.,338.,124.5));
#6663 = VECTOR('',#6664,1.);
#6664 = DIRECTION('',(1.,0.,0.));
#6665 = ORIENTED_EDGE('',*,*,#6666,.F.);
#6666 = EDGE_CURVE('',#6628,#6659,#6667,.T.);
#6667 = LINE('',#6668,#6669);
#6668 = CARTESIAN_POINT('',(311.,338.,34.5));
#6669 = VECTOR('',#6670,1.);
#6670 = DIRECTION('',(0.,0.,1.));
#6671 = PLANE('',#6672);
#6672 = AXIS2_PLACEMENT_3D('',#6673,#6674,#6675);
#6673 = CARTESIAN_POINT('',(311.,338.,34.5));
#6674 = DIRECTION('',(0.,-1.,0.));
#6675 = DIRECTION('',(0.,0.,1.));
#6676 = ADVANCED_FACE('',(#6677),#6702,.F.);
#6677 = FACE_BOUND('',#6678,.F.);
#6678 = EDGE_LOOP('',(#6679,#6680,#6688,#6696));
#6679 = ORIENTED_EDGE('',*,*,#6658,.T.);
#6680 = ORIENTED_EDGE('',*,*,#6681,.T.);
#6681 = EDGE_CURVE('',#6651,#6682,#6684,.T.);
#6682 = VERTEX_POINT('',#6683);
#6683 = CARTESIAN_POINT('',(321.,55.757394903344,124.5));
#6684 = LINE('',#6685,#6686);
#6685 = CARTESIAN_POINT('',(321.,338.,124.5));
#6686 = VECTOR('',#6687,1.);
#6687 = DIRECTION('',(0.,-1.,0.));
#6688 = ORIENTED_EDGE('',*,*,#6689,.F.);
#6689 = EDGE_CURVE('',#6690,#6682,#6692,.T.);
#6690 = VERTEX_POINT('',#6691);
#6691 = CARTESIAN_POINT('',(311.,55.757394903344,124.5));
#6692 = LINE('',#6693,#6694);
#6693 = CARTESIAN_POINT('',(311.,55.757394903344,124.5));
#6694 = VECTOR('',#6695,1.);
#6695 = DIRECTION('',(1.,0.,0.));
#6696 = ORIENTED_EDGE('',*,*,#6697,.F.);
#6697 = EDGE_CURVE('',#6659,#6690,#6698,.T.);
#6698 = LINE('',#6699,#6700);
#6699 = CARTESIAN_POINT('',(311.,338.,124.5));
#6700 = VECTOR('',#6701,1.);
#6701 = DIRECTION('',(0.,-1.,0.));
#6702 = PLANE('',#6703);
#6703 = AXIS2_PLACEMENT_3D('',#6704,#6705,#6706);
#6704 = CARTESIAN_POINT('',(311.,338.,124.5));
#6705 = DIRECTION('',(0.,0.,-1.));
#6706 = DIRECTION('',(0.,-1.,0.));
#6707 = ADVANCED_FACE('',(#6708),#6724,.F.);
#6708 = FACE_BOUND('',#6709,.F.);
#6709 = EDGE_LOOP('',(#6710,#6711,#6717,#6718));
#6710 = ORIENTED_EDGE('',*,*,#6689,.T.);
#6711 = ORIENTED_EDGE('',*,*,#6712,.T.);
#6712 = EDGE_CURVE('',#6682,#6612,#6713,.T.);
#6713 = LINE('',#6714,#6715);
#6714 = CARTESIAN_POINT('',(321.,55.757394903344,124.5));
#6715 = VECTOR('',#6716,1.);
#6716 = DIRECTION('',(0.,-0.309016994375,-0.951056516295));
#6717 = ORIENTED_EDGE('',*,*,#6609,.F.);
#6718 = ORIENTED_EDGE('',*,*,#6719,.F.);
#6719 = EDGE_CURVE('',#6690,#6610,#6720,.T.);
#6720 = LINE('',#6721,#6722);
#6721 = CARTESIAN_POINT('',(311.,55.757394903344,124.5));
#6722 = VECTOR('',#6723,1.);
#6723 = DIRECTION('',(0.,-0.309016994375,-0.951056516295));
#6724 = PLANE('',#6725);
#6725 = AXIS2_PLACEMENT_3D('',#6726,#6727,#6728);
#6726 = CARTESIAN_POINT('',(311.,55.757394903344,124.5));
#6727 = DIRECTION('',(0.,0.951056516295,-0.309016994375));
#6728 = DIRECTION('',(0.,-0.309016994375,-0.951056516295));
#6729 = ADVANCED_FACE('',(#6730),#6736,.F.);
#6730 = FACE_BOUND('',#6731,.F.);
#6731 = EDGE_LOOP('',(#6732,#6733,#6734,#6735));
#6732 = ORIENTED_EDGE('',*,*,#6635,.T.);
#6733 = ORIENTED_EDGE('',*,*,#6666,.T.);
#6734 = ORIENTED_EDGE('',*,*,#6697,.T.);
#6735 = ORIENTED_EDGE('',*,*,#6719,.T.);
#6736 = PLANE('',#6737);
#6737 = AXIS2_PLACEMENT_3D('',#6738,#6739,#6740);
#6738 = CARTESIAN_POINT('',(311.,188.41010424107,77.809361382035));
#6739 = DIRECTION('',(1.,0.,0.));
#6740 = DIRECTION('',(-0.,0.,1.));
#6741 = ADVANCED_FACE('',(#6742),#6748,.T.);
#6742 = FACE_BOUND('',#6743,.T.);
#6743 = EDGE_LOOP('',(#6744,#6745,#6746,#6747));
#6744 = ORIENTED_EDGE('',*,*,#6619,.T.);
#6745 = ORIENTED_EDGE('',*,*,#6650,.T.);
#6746 = ORIENTED_EDGE('',*,*,#6681,.T.);
#6747 = ORIENTED_EDGE('',*,*,#6712,.T.);
#6748 = PLANE('',#6749);
#6749 = AXIS2_PLACEMENT_3D('',#6750,#6751,#6752);
#6750 = CARTESIAN_POINT('',(321.,188.41010424107,77.809361382035));
#6751 = DIRECTION('',(1.,0.,0.));
#6752 = DIRECTION('',(-0.,0.,1.));
#6753 = ( GEOMETRIC_REPRESENTATION_CONTEXT(3) 
GLOBAL_UNCERTAINTY_ASSIGNED_CONTEXT((#6757)) 
GLOBAL_UNIT_ASSIGNED_CONTEXT((#6754,#6755,#6756)) REPRESENTATION_CONTEXT
('Context #1','3D Context with UNIT and UNCERTAINTY') );
#6754 = ( LENGTH_UNIT() NAMED_UNIT(*) SI_UNIT(.MILLI.,.METRE.) );
#6755 = ( NAMED_UNIT(*) PLANE_ANGLE_UNIT() SI_UNIT($,.RADIAN.) );
#6756 = ( NAMED_UNIT(*) SI_UNIT($,.STERADIAN.) SOLID_ANGLE_UNIT() );
#6757 = UNCERTAINTY_MEASURE_WITH_UNIT(LENGTH_MEASURE(1.E-07),#6754,
  'distance_accuracy_value','confusion accuracy');
#6758 = CONTEXT_DEPENDENT_SHAPE_REPRESENTATION(#6759,#6761);
#6759 = ( REPRESENTATION_RELATIONSHIP('','',#6602,#10) 
REPRESENTATION_RELATIONSHIP_WITH_TRANSFORMATION(#6760) 
SHAPE_REPRESENTATION_RELATIONSHIP() );
#6760 = ITEM_DEFINED_TRANSFORMATION('','',#11,#103);
#6761 = PRODUCT_DEFINITION_SHAPE('Placement','Placement of an item',
  #6762);
#6762 = NEXT_ASSEMBLY_USAGE_OCCURRENCE('23','低音腔右全深隔板',
  '',#5,#6597,$);
#6763 = PRODUCT_RELATED_PRODUCT_CATEGORY('part',$,(#6599));
#6764 = SHAPE_DEFINITION_REPRESENTATION(#6765,#6771);
#6765 = PRODUCT_DEFINITION_SHAPE('','',#6766);
#6766 = PRODUCT_DEFINITION('design','',#6767,#6770);
#6767 = PRODUCT_DEFINITION_FORMATION('','',#6768);
#6768 = PRODUCT('左全频 · SC-2103 安装占位',
  '左全频 · SC-2103 安装占位','',(#6769));
#6769 = PRODUCT_CONTEXT('',#2,'mechanical');
#6770 = PRODUCT_DEFINITION_CONTEXT('part definition',#2,'design');
#6771 = SHAPE_REPRESENTATION('',(#11,#6772,#6864,#6962,#7054),#7107);
#6772 = MANIFOLD_SOLID_BREP('',#6773);
#6773 = CLOSED_SHELL('',(#6774,#6807,#6827,#6847));
#6774 = ADVANCED_FACE('',(#6775),#6802,.T.);
#6775 = FACE_BOUND('',#6776,.T.);
#6776 = EDGE_LOOP('',(#6777,#6786,#6794,#6801));
#6777 = ORIENTED_EDGE('',*,*,#6778,.F.);
#6778 = EDGE_CURVE('',#6779,#6779,#6781,.T.);
#6779 = VERTEX_POINT('',#6780);
#6780 = CARTESIAN_POINT('',(80.,44.297647592268,121.59120413551));
#6781 = CIRCLE('',#6782,39.);
#6782 = AXIS2_PLACEMENT_3D('',#6783,#6784,#6785);
#6783 = CARTESIAN_POINT('',(80.,32.245984811645,84.5));
#6784 = DIRECTION('',(0.,0.951056516295,-0.309016994375));
#6785 = DIRECTION('',(0.,0.309016994375,0.951056516295));
#6786 = ORIENTED_EDGE('',*,*,#6787,.F.);
#6787 = EDGE_CURVE('',#6788,#6779,#6790,.T.);
#6788 = VERTEX_POINT('',#6789);
#6789 = CARTESIAN_POINT('',(80.,41.444478043383,122.51825511863));
#6790 = LINE('',#6791,#6792);
#6791 = CARTESIAN_POINT('',(80.,41.444478043383,122.51825511863));
#6792 = VECTOR('',#6793,1.);
#6793 = DIRECTION('',(1.104740758167E-32,0.951056516295,-0.309016994375)
  );
#6794 = ORIENTED_EDGE('',*,*,#6795,.T.);
#6795 = EDGE_CURVE('',#6788,#6788,#6796,.T.);
#6796 = CIRCLE('',#6797,39.);
#6797 = AXIS2_PLACEMENT_3D('',#6798,#6799,#6800);
#6798 = CARTESIAN_POINT('',(80.,29.39281526276,85.427050983125));
#6799 = DIRECTION('',(0.,0.951056516295,-0.309016994375));
#6800 = DIRECTION('',(0.,0.309016994375,0.951056516295));
#6801 = ORIENTED_EDGE('',*,*,#6787,.T.);
#6802 = CYLINDRICAL_SURFACE('',#6803,39.);
#6803 = AXIS2_PLACEMENT_3D('',#6804,#6805,#6806);
#6804 = CARTESIAN_POINT('',(80.,29.39281526276,85.427050983125));
#6805 = DIRECTION('',(0.,0.951056516295,-0.309016994375));
#6806 = DIRECTION('',(0.,0.309016994375,0.951056516295));
#6807 = ADVANCED_FACE('',(#6808,#6811),#6822,.T.);
#6808 = FACE_BOUND('',#6809,.T.);
#6809 = EDGE_LOOP('',(#6810));
#6810 = ORIENTED_EDGE('',*,*,#6778,.T.);
#6811 = FACE_BOUND('',#6812,.T.);
#6812 = EDGE_LOOP('',(#6813));
#6813 = ORIENTED_EDGE('',*,*,#6814,.F.);
#6814 = EDGE_CURVE('',#6815,#6815,#6817,.T.);
#6815 = VERTEX_POINT('',#6816);
#6816 = CARTESIAN_POINT('',(80.,38.117307704769,102.5700738096));
#6817 = CIRCLE('',#6818,19.);
#6818 = AXIS2_PLACEMENT_3D('',#6819,#6820,#6821);
#6819 = CARTESIAN_POINT('',(80.,32.245984811645,84.5));
#6820 = DIRECTION('',(0.,0.951056516295,-0.309016994375));
#6821 = DIRECTION('',(0.,0.309016994375,0.951056516295));
#6822 = PLANE('',#6823);
#6823 = AXIS2_PLACEMENT_3D('',#6824,#6825,#6826);
#6824 = CARTESIAN_POINT('',(80.,32.245984811645,84.5));
#6825 = DIRECTION('',(0.,0.951056516295,-0.309016994375));
#6826 = DIRECTION('',(0.,0.309016994375,0.951056516295));
#6827 = ADVANCED_FACE('',(#6828,#6831),#6842,.F.);
#6828 = FACE_BOUND('',#6829,.F.);
#6829 = EDGE_LOOP('',(#6830));
#6830 = ORIENTED_EDGE('',*,*,#6795,.T.);
#6831 = FACE_BOUND('',#6832,.F.);
#6832 = EDGE_LOOP('',(#6833));
#6833 = ORIENTED_EDGE('',*,*,#6834,.F.);
#6834 = EDGE_CURVE('',#6835,#6835,#6837,.T.);
#6835 = VERTEX_POINT('',#6836);
#6836 = CARTESIAN_POINT('',(80.,35.264138155884,103.49712479273));
#6837 = CIRCLE('',#6838,19.);
#6838 = AXIS2_PLACEMENT_3D('',#6839,#6840,#6841);
#6839 = CARTESIAN_POINT('',(80.,29.39281526276,85.427050983125));
#6840 = DIRECTION('',(0.,0.951056516295,-0.309016994375));
#6841 = DIRECTION('',(0.,0.309016994375,0.951056516295));
#6842 = PLANE('',#6843);
#6843 = AXIS2_PLACEMENT_3D('',#6844,#6845,#6846);
#6844 = CARTESIAN_POINT('',(80.,29.39281526276,85.427050983125));
#6845 = DIRECTION('',(0.,0.951056516295,-0.309016994375));
#6846 = DIRECTION('',(0.,0.309016994375,0.951056516295));
#6847 = ADVANCED_FACE('',(#6848),#6859,.F.);
#6848 = FACE_BOUND('',#6849,.F.);
#6849 = EDGE_LOOP('',(#6850,#6851,#6857,#6858));
#6850 = ORIENTED_EDGE('',*,*,#6814,.F.);
#6851 = ORIENTED_EDGE('',*,*,#6852,.F.);
#6852 = EDGE_CURVE('',#6835,#6815,#6853,.T.);
#6853 = LINE('',#6854,#6855);
#6854 = CARTESIAN_POINT('',(80.,34.788609897736,103.65163328992));
#6855 = VECTOR('',#6856,1.);
#6856 = DIRECTION('',(1.104740758167E-32,0.951056516295,-0.309016994375)
  );
#6857 = ORIENTED_EDGE('',*,*,#6834,.T.);
#6858 = ORIENTED_EDGE('',*,*,#6852,.T.);
#6859 = CYLINDRICAL_SURFACE('',#6860,19.);
#6860 = AXIS2_PLACEMENT_3D('',#6861,#6862,#6863);
#6861 = CARTESIAN_POINT('',(80.,28.917287004612,85.581559480312));
#6862 = DIRECTION('',(0.,0.951056516295,-0.309016994375));
#6863 = DIRECTION('',(0.,0.309016994375,0.951056516295));
#6864 = MANIFOLD_SOLID_BREP('',#6865);
#6865 = CLOSED_SHELL('',(#6866,#6899,#6908,#6928,#6953));
#6866 = ADVANCED_FACE('',(#6867),#6894,.T.);
#6867 = FACE_BOUND('',#6868,.T.);
#6868 = EDGE_LOOP('',(#6869,#6878,#6886,#6893));
#6869 = ORIENTED_EDGE('',*,*,#6870,.F.);
#6870 = EDGE_CURVE('',#6871,#6871,#6873,.T.);
#6871 = VERTEX_POINT('',#6872);
#6872 = CARTESIAN_POINT('',(80.,46.725285658292,87.155625536911));
#6873 = CIRCLE('',#6874,7.);
#6874 = AXIS2_PLACEMENT_3D('',#6875,#6876,#6877);
#6875 = CARTESIAN_POINT('',(80.,44.562166697668,80.498229922844));
#6876 = DIRECTION('',(0.,0.951056516295,-0.309016994375));
#6877 = DIRECTION('',(0.,0.309016994375,0.951056516295));
#6878 = ORIENTED_EDGE('',*,*,#6879,.F.);
#6879 = EDGE_CURVE('',#6880,#6871,#6882,.T.);
#6880 = VERTEX_POINT('',#6881);
#6881 = CARTESIAN_POINT('',(80.,38.117307704769,102.5700738096));
#6882 = LINE('',#6883,#6884);
#6883 = CARTESIAN_POINT('',(80.,38.117307704769,102.5700738096));
#6884 = VECTOR('',#6885,1.);
#6885 = DIRECTION('',(1.664761220283E-16,0.48756329485,-0.873087643662)
  );
#6886 = ORIENTED_EDGE('',*,*,#6887,.T.);
#6887 = EDGE_CURVE('',#6880,#6880,#6888,.T.);
#6888 = CIRCLE('',#6889,19.);
#6889 = AXIS2_PLACEMENT_3D('',#6890,#6891,#6892);
#6890 = CARTESIAN_POINT('',(80.,32.245984811645,84.5));
#6891 = DIRECTION('',(0.,0.951056516295,-0.309016994375));
#6892 = DIRECTION('',(0.,0.309016994375,0.951056516295));
#6893 = ORIENTED_EDGE('',*,*,#6879,.T.);
#6894 = CONICAL_SURFACE('',#6895,19.,0.747340395954);
#6895 = AXIS2_PLACEMENT_3D('',#6896,#6897,#6898);
#6896 = CARTESIAN_POINT('',(80.,32.245984811645,84.5));
#6897 = DIRECTION('',(-0.,-0.951056516295,0.309016994375));
#6898 = DIRECTION('',(0.,0.309016994375,0.951056516295));
#6899 = ADVANCED_FACE('',(#6900),#6903,.T.);
#6900 = FACE_BOUND('',#6901,.T.);
#6901 = EDGE_LOOP('',(#6902));
#6902 = ORIENTED_EDGE('',*,*,#6870,.T.);
#6903 = PLANE('',#6904);
#6904 = AXIS2_PLACEMENT_3D('',#6905,#6906,#6907);
#6905 = CARTESIAN_POINT('',(80.,44.562166697668,80.498229922844));
#6906 = DIRECTION('',(0.,0.951056516295,-0.309016994375));
#6907 = DIRECTION('',(0.,0.309016994375,0.951056516295));
#6908 = ADVANCED_FACE('',(#6909,#6912),#6923,.F.);
#6909 = FACE_BOUND('',#6910,.F.);
#6910 = EDGE_LOOP('',(#6911));
#6911 = ORIENTED_EDGE('',*,*,#6887,.T.);
#6912 = FACE_BOUND('',#6913,.F.);
#6913 = EDGE_LOOP('',(#6914));
#6914 = ORIENTED_EDGE('',*,*,#6915,.F.);
#6915 = EDGE_CURVE('',#6916,#6916,#6918,.T.);
#6916 = VERTEX_POINT('',#6917);
#6917 = CARTESIAN_POINT('',(80.,37.607847254584,101.00211576922));
#6918 = CIRCLE('',#6919,17.351351351351);
#6919 = AXIS2_PLACEMENT_3D('',#6920,#6921,#6922);
#6920 = CARTESIAN_POINT('',(80.,32.245984811645,84.5));
#6921 = DIRECTION('',(0.,0.951056516295,-0.309016994375));
#6922 = DIRECTION('',(0.,0.309016994375,0.951056516295));
#6923 = PLANE('',#6924);
#6924 = AXIS2_PLACEMENT_3D('',#6925,#6926,#6927);
#6925 = CARTESIAN_POINT('',(80.,32.245984811645,84.5));
#6926 = DIRECTION('',(0.,0.951056516295,-0.309016994375));
#6927 = DIRECTION('',(0.,0.309016994375,0.951056516295));
#6928 = ADVANCED_FACE('',(#6929),#6948,.F.);
#6929 = FACE_BOUND('',#6930,.F.);
#6930 = EDGE_LOOP('',(#6931,#6939,#6946,#6947));
#6931 = ORIENTED_EDGE('',*,*,#6932,.T.);
#6932 = EDGE_CURVE('',#6916,#6933,#6935,.T.);
#6933 = VERTEX_POINT('',#6934);
#6934 = CARTESIAN_POINT('',(80.,45.750529102511,86.420880916678));
#6935 = LINE('',#6936,#6937);
#6936 = CARTESIAN_POINT('',(80.,37.142551148988,101.83532918937));
#6937 = VECTOR('',#6938,1.);
#6938 = DIRECTION('',(1.664761220283E-16,0.48756329485,-0.873087643662)
  );
#6939 = ORIENTED_EDGE('',*,*,#6940,.F.);
#6940 = EDGE_CURVE('',#6933,#6933,#6941,.T.);
#6941 = CIRCLE('',#6942,6.);
#6942 = AXIS2_PLACEMENT_3D('',#6943,#6944,#6945);
#6943 = CARTESIAN_POINT('',(80.,43.896427136261,80.714541818907));
#6944 = DIRECTION('',(0.,0.951056516295,-0.309016994375));
#6945 = DIRECTION('',(0.,0.309016994375,0.951056516295));
#6946 = ORIENTED_EDGE('',*,*,#6932,.F.);
#6947 = ORIENTED_EDGE('',*,*,#6915,.T.);
#6948 = CONICAL_SURFACE('',#6949,18.,0.747340395954);
#6949 = AXIS2_PLACEMENT_3D('',#6950,#6951,#6952);
#6950 = CARTESIAN_POINT('',(80.,31.580245250239,84.716311896062));
#6951 = DIRECTION('',(-0.,-0.951056516295,0.309016994375));
#6952 = DIRECTION('',(0.,0.309016994375,0.951056516295));
#6953 = ADVANCED_FACE('',(#6954),#6957,.F.);
#6954 = FACE_BOUND('',#6955,.F.);
#6955 = EDGE_LOOP('',(#6956));
#6956 = ORIENTED_EDGE('',*,*,#6940,.T.);
#6957 = PLANE('',#6958);
#6958 = AXIS2_PLACEMENT_3D('',#6959,#6960,#6961);
#6959 = CARTESIAN_POINT('',(80.,43.896427136261,80.714541818907));
#6960 = DIRECTION('',(0.,0.951056516295,-0.309016994375));
#6961 = DIRECTION('',(0.,0.309016994375,0.951056516295));
#6962 = MANIFOLD_SOLID_BREP('',#6963);
#6963 = CLOSED_SHELL('',(#6964,#6997,#7017,#7037));
#6964 = ADVANCED_FACE('',(#6965),#6992,.T.);
#6965 = FACE_BOUND('',#6966,.T.);
#6966 = EDGE_LOOP('',(#6967,#6976,#6984,#6991));
#6967 = ORIENTED_EDGE('',*,*,#6968,.F.);
#6968 = EDGE_CURVE('',#6969,#6969,#6971,.T.);
#6969 = VERTEX_POINT('',#6970);
#6970 = CARTESIAN_POINT('',(80.,58.827097961043,88.480819480824));
#6971 = CIRCLE('',#6972,12.);
#6972 = AXIS2_PLACEMENT_3D('',#6973,#6974,#6975);
#6973 = CARTESIAN_POINT('',(80.,55.118894028544,77.068141285283));
#6974 = DIRECTION('',(0.,0.951056516295,-0.309016994375));
#6975 = DIRECTION('',(0.,0.309016994375,0.951056516295));
#6976 = ORIENTED_EDGE('',*,*,#6977,.F.);
#6977 = EDGE_CURVE('',#6978,#6969,#6980,.T.);
#6978 = VERTEX_POINT('',#6979);
#6979 = CARTESIAN_POINT('',(80.,38.426324699144,103.5211303259));
#6980 = LINE('',#6981,#6982);
#6981 = CARTESIAN_POINT('',(80.,38.426324699144,103.5211303259));
#6982 = VECTOR('',#6983,1.);
#6983 = DIRECTION('',(7.730849579015E-17,0.804902021001,-0.593407732161)
  );
#6984 = ORIENTED_EDGE('',*,*,#6985,.T.);
#6985 = EDGE_CURVE('',#6978,#6978,#6986,.T.);
#6986 = CIRCLE('',#6987,20.);
#6987 = AXIS2_PLACEMENT_3D('',#6988,#6989,#6990);
#6988 = CARTESIAN_POINT('',(80.,32.245984811645,84.5));
#6989 = DIRECTION('',(0.,0.951056516295,-0.309016994375));
#6990 = DIRECTION('',(0.,0.309016994375,0.951056516295));
#6991 = ORIENTED_EDGE('',*,*,#6977,.T.);
#6992 = CONICAL_SURFACE('',#6993,20.,0.321126724159);
#6993 = AXIS2_PLACEMENT_3D('',#6994,#6995,#6996);
#6994 = CARTESIAN_POINT('',(80.,32.245984811645,84.5));
#6995 = DIRECTION('',(-0.,-0.951056516295,0.309016994375));
#6996 = DIRECTION('',(0.,0.309016994375,0.951056516295));
#6997 = ADVANCED_FACE('',(#6998,#7001),#7012,.T.);
#6998 = FACE_BOUND('',#6999,.T.);
#6999 = EDGE_LOOP('',(#7000));
#7000 = ORIENTED_EDGE('',*,*,#6968,.T.);
#7001 = FACE_BOUND('',#7002,.T.);
#7002 = EDGE_LOOP('',(#7003));
#7003 = ORIENTED_EDGE('',*,*,#7004,.F.);
#7004 = EDGE_CURVE('',#7005,#7005,#7007,.T.);
#7005 = VERTEX_POINT('',#7006);
#7006 = CARTESIAN_POINT('',(80.,58.518080966668,87.529762964529));
#7007 = CIRCLE('',#7008,11.);
#7008 = AXIS2_PLACEMENT_3D('',#7009,#7010,#7011);
#7009 = CARTESIAN_POINT('',(80.,55.118894028544,77.068141285283));
#7010 = DIRECTION('',(0.,0.951056516295,-0.309016994375));
#7011 = DIRECTION('',(0.,0.309016994375,0.951056516295));
#7012 = PLANE('',#7013);
#7013 = AXIS2_PLACEMENT_3D('',#7014,#7015,#7016);
#7014 = CARTESIAN_POINT('',(80.,55.118894028544,77.068141285283));
#7015 = DIRECTION('',(0.,0.951056516295,-0.309016994375));
#7016 = DIRECTION('',(0.,0.309016994375,0.951056516295));
#7017 = ADVANCED_FACE('',(#7018,#7021),#7032,.F.);
#7018 = FACE_BOUND('',#7019,.F.);
#7019 = EDGE_LOOP('',(#7020));
#7020 = ORIENTED_EDGE('',*,*,#6985,.T.);
#7021 = FACE_BOUND('',#7022,.F.);
#7022 = EDGE_LOOP('',(#7023));
#7023 = ORIENTED_EDGE('',*,*,#7024,.F.);
#7024 = EDGE_CURVE('',#7025,#7025,#7027,.T.);
#7025 = VERTEX_POINT('',#7026);
#7026 = CARTESIAN_POINT('',(80.,38.117307704769,102.5700738096));
#7027 = CIRCLE('',#7028,19.);
#7028 = AXIS2_PLACEMENT_3D('',#7029,#7030,#7031);
#7029 = CARTESIAN_POINT('',(80.,32.245984811645,84.5));
#7030 = DIRECTION('',(0.,0.951056516295,-0.309016994375));
#7031 = DIRECTION('',(0.,0.309016994375,0.951056516295));
#7032 = PLANE('',#7033);
#7033 = AXIS2_PLACEMENT_3D('',#7034,#7035,#7036);
#7034 = CARTESIAN_POINT('',(80.,32.245984811645,84.5));
#7035 = DIRECTION('',(0.,0.951056516295,-0.309016994375));
#7036 = DIRECTION('',(0.,0.309016994375,0.951056516295));
#7037 = ADVANCED_FACE('',(#7038),#7049,.F.);
#7038 = FACE_BOUND('',#7039,.F.);
#7039 = EDGE_LOOP('',(#7040,#7041,#7047,#7048));
#7040 = ORIENTED_EDGE('',*,*,#7004,.F.);
#7041 = ORIENTED_EDGE('',*,*,#7042,.F.);
#7042 = EDGE_CURVE('',#7025,#7005,#7043,.T.);
#7043 = LINE('',#7044,#7045);
#7044 = CARTESIAN_POINT('',(80.,38.117307704769,102.5700738096));
#7045 = VECTOR('',#7046,1.);
#7046 = DIRECTION('',(7.730849579015E-17,0.804902021001,-0.593407732161)
  );
#7047 = ORIENTED_EDGE('',*,*,#7024,.T.);
#7048 = ORIENTED_EDGE('',*,*,#7042,.T.);
#7049 = CONICAL_SURFACE('',#7050,19.,0.321126724159);
#7050 = AXIS2_PLACEMENT_3D('',#7051,#7052,#7053);
#7051 = CARTESIAN_POINT('',(80.,32.245984811645,84.5));
#7052 = DIRECTION('',(-0.,-0.951056516295,0.309016994375));
#7053 = DIRECTION('',(0.,0.309016994375,0.951056516295));
#7054 = MANIFOLD_SOLID_BREP('',#7055);
#7055 = CLOSED_SHELL('',(#7056,#7089,#7098));
#7056 = ADVANCED_FACE('',(#7057),#7084,.T.);
#7057 = FACE_BOUND('',#7058,.T.);
#7058 = EDGE_LOOP('',(#7059,#7068,#7076,#7083));
#7059 = ORIENTED_EDGE('',*,*,#7060,.F.);
#7060 = EDGE_CURVE('',#7061,#7061,#7063,.T.);
#7061 = VERTEX_POINT('',#7062);
#7062 = CARTESIAN_POINT('',(80.,71.143279847065,84.479049403669));
#7063 = CIRCLE('',#7064,12.);
#7064 = AXIS2_PLACEMENT_3D('',#7065,#7066,#7067);
#7065 = CARTESIAN_POINT('',(80.,67.435075914566,73.066371208127));
#7066 = DIRECTION('',(0.,0.951056516295,-0.309016994375));
#7067 = DIRECTION('',(0.,0.309016994375,0.951056516295));
#7068 = ORIENTED_EDGE('',*,*,#7069,.F.);
#7069 = EDGE_CURVE('',#7070,#7061,#7072,.T.);
#7070 = VERTEX_POINT('',#7071);
#7071 = CARTESIAN_POINT('',(80.,58.827097961043,88.480819480824));
#7072 = LINE('',#7073,#7074);
#7073 = CARTESIAN_POINT('',(80.,58.827097961043,88.480819480824));
#7074 = VECTOR('',#7075,1.);
#7075 = DIRECTION('',(1.104740758167E-32,0.951056516295,-0.309016994375)
  );
#7076 = ORIENTED_EDGE('',*,*,#7077,.T.);
#7077 = EDGE_CURVE('',#7070,#7070,#7078,.T.);
#7078 = CIRCLE('',#7079,12.);
#7079 = AXIS2_PLACEMENT_3D('',#7080,#7081,#7082);
#7080 = CARTESIAN_POINT('',(80.,55.118894028544,77.068141285283));
#7081 = DIRECTION('',(0.,0.951056516295,-0.309016994375));
#7082 = DIRECTION('',(0.,0.309016994375,0.951056516295));
#7083 = ORIENTED_EDGE('',*,*,#7069,.T.);
#7084 = CYLINDRICAL_SURFACE('',#7085,12.);
#7085 = AXIS2_PLACEMENT_3D('',#7086,#7087,#7088);
#7086 = CARTESIAN_POINT('',(80.,55.118894028544,77.068141285283));
#7087 = DIRECTION('',(0.,0.951056516295,-0.309016994375));
#7088 = DIRECTION('',(0.,0.309016994375,0.951056516295));
#7089 = ADVANCED_FACE('',(#7090),#7093,.T.);
#7090 = FACE_BOUND('',#7091,.T.);
#7091 = EDGE_LOOP('',(#7092));
#7092 = ORIENTED_EDGE('',*,*,#7060,.T.);
#7093 = PLANE('',#7094);
#7094 = AXIS2_PLACEMENT_3D('',#7095,#7096,#7097);
#7095 = CARTESIAN_POINT('',(80.,67.435075914566,73.066371208127));
#7096 = DIRECTION('',(0.,0.951056516295,-0.309016994375));
#7097 = DIRECTION('',(0.,0.309016994375,0.951056516295));
#7098 = ADVANCED_FACE('',(#7099),#7102,.F.);
#7099 = FACE_BOUND('',#7100,.T.);
#7100 = EDGE_LOOP('',(#7101));
#7101 = ORIENTED_EDGE('',*,*,#7077,.F.);
#7102 = PLANE('',#7103);
#7103 = AXIS2_PLACEMENT_3D('',#7104,#7105,#7106);
#7104 = CARTESIAN_POINT('',(80.,55.118894028544,77.068141285283));
#7105 = DIRECTION('',(0.,0.951056516295,-0.309016994375));
#7106 = DIRECTION('',(0.,0.309016994375,0.951056516295));
#7107 = ( GEOMETRIC_REPRESENTATION_CONTEXT(3) 
GLOBAL_UNCERTAINTY_ASSIGNED_CONTEXT((#7111)) 
GLOBAL_UNIT_ASSIGNED_CONTEXT((#7108,#7109,#7110)) REPRESENTATION_CONTEXT
('Context #1','3D Context with UNIT and UNCERTAINTY') );
#7108 = ( LENGTH_UNIT() NAMED_UNIT(*) SI_UNIT(.MILLI.,.METRE.) );
#7109 = ( NAMED_UNIT(*) PLANE_ANGLE_UNIT() SI_UNIT($,.RADIAN.) );
#7110 = ( NAMED_UNIT(*) SI_UNIT($,.STERADIAN.) SOLID_ANGLE_UNIT() );
#7111 = UNCERTAINTY_MEASURE_WITH_UNIT(LENGTH_MEASURE(1.E-07),#7108,
  'distance_accuracy_value','confusion accuracy');
#7112 = CONTEXT_DEPENDENT_SHAPE_REPRESENTATION(#7113,#7115);
#7113 = ( REPRESENTATION_RELATIONSHIP('','',#6771,#10) 
REPRESENTATION_RELATIONSHIP_WITH_TRANSFORMATION(#7114) 
SHAPE_REPRESENTATION_RELATIONSHIP() );
#7114 = ITEM_DEFINED_TRANSFORMATION('','',#11,#107);
#7115 = PRODUCT_DEFINITION_SHAPE('Placement','Placement of an item',
  #7116);
#7116 = NEXT_ASSEMBLY_USAGE_OCCURRENCE('24',
  '左全频 · SC-2103 安装占位','',#5,#6766,$);
#7117 = PRODUCT_RELATED_PRODUCT_CATEGORY('part',$,(#6768));
#7118 = SHAPE_DEFINITION_REPRESENTATION(#7119,#7125);
#7119 = PRODUCT_DEFINITION_SHAPE('','',#7120);
#7120 = PRODUCT_DEFINITION('design','',#7121,#7124);
#7121 = PRODUCT_DEFINITION_FORMATION('','',#7122);
#7122 = PRODUCT('右全频 · SC-2103 安装占位',
  '右全频 · SC-2103 安装占位','',(#7123));
#7123 = PRODUCT_CONTEXT('',#2,'mechanical');
#7124 = PRODUCT_DEFINITION_CONTEXT('part definition',#2,'design');
#7125 = SHAPE_REPRESENTATION('',(#11,#7126,#7218,#7316,#7408),#7461);
#7126 = MANIFOLD_SOLID_BREP('',#7127);
#7127 = CLOSED_SHELL('',(#7128,#7161,#7181,#7201));
#7128 = ADVANCED_FACE('',(#7129),#7156,.T.);
#7129 = FACE_BOUND('',#7130,.T.);
#7130 = EDGE_LOOP('',(#7131,#7140,#7148,#7155));
#7131 = ORIENTED_EDGE('',*,*,#7132,.F.);
#7132 = EDGE_CURVE('',#7133,#7133,#7135,.T.);
#7133 = VERTEX_POINT('',#7134);
#7134 = CARTESIAN_POINT('',(370.,44.297647592268,121.59120413551));
#7135 = CIRCLE('',#7136,39.);
#7136 = AXIS2_PLACEMENT_3D('',#7137,#7138,#7139);
#7137 = CARTESIAN_POINT('',(370.,32.245984811645,84.5));
#7138 = DIRECTION('',(0.,0.951056516295,-0.309016994375));
#7139 = DIRECTION('',(0.,0.309016994375,0.951056516295));
#7140 = ORIENTED_EDGE('',*,*,#7141,.F.);
#7141 = EDGE_CURVE('',#7142,#7133,#7144,.T.);
#7142 = VERTEX_POINT('',#7143);
#7143 = CARTESIAN_POINT('',(370.,41.444478043383,122.51825511863));
#7144 = LINE('',#7145,#7146);
#7145 = CARTESIAN_POINT('',(370.,41.444478043383,122.51825511863));
#7146 = VECTOR('',#7147,1.);
#7147 = DIRECTION('',(1.104740758167E-32,0.951056516295,-0.309016994375)
  );
#7148 = ORIENTED_EDGE('',*,*,#7149,.T.);
#7149 = EDGE_CURVE('',#7142,#7142,#7150,.T.);
#7150 = CIRCLE('',#7151,39.);
#7151 = AXIS2_PLACEMENT_3D('',#7152,#7153,#7154);
#7152 = CARTESIAN_POINT('',(370.,29.39281526276,85.427050983125));
#7153 = DIRECTION('',(0.,0.951056516295,-0.309016994375));
#7154 = DIRECTION('',(0.,0.309016994375,0.951056516295));
#7155 = ORIENTED_EDGE('',*,*,#7141,.T.);
#7156 = CYLINDRICAL_SURFACE('',#7157,39.);
#7157 = AXIS2_PLACEMENT_3D('',#7158,#7159,#7160);
#7158 = CARTESIAN_POINT('',(370.,29.39281526276,85.427050983125));
#7159 = DIRECTION('',(0.,0.951056516295,-0.309016994375));
#7160 = DIRECTION('',(0.,0.309016994375,0.951056516295));
#7161 = ADVANCED_FACE('',(#7162,#7165),#7176,.T.);
#7162 = FACE_BOUND('',#7163,.T.);
#7163 = EDGE_LOOP('',(#7164));
#7164 = ORIENTED_EDGE('',*,*,#7132,.T.);
#7165 = FACE_BOUND('',#7166,.T.);
#7166 = EDGE_LOOP('',(#7167));
#7167 = ORIENTED_EDGE('',*,*,#7168,.F.);
#7168 = EDGE_CURVE('',#7169,#7169,#7171,.T.);
#7169 = VERTEX_POINT('',#7170);
#7170 = CARTESIAN_POINT('',(370.,38.117307704769,102.5700738096));
#7171 = CIRCLE('',#7172,19.);
#7172 = AXIS2_PLACEMENT_3D('',#7173,#7174,#7175);
#7173 = CARTESIAN_POINT('',(370.,32.245984811645,84.5));
#7174 = DIRECTION('',(0.,0.951056516295,-0.309016994375));
#7175 = DIRECTION('',(0.,0.309016994375,0.951056516295));
#7176 = PLANE('',#7177);
#7177 = AXIS2_PLACEMENT_3D('',#7178,#7179,#7180);
#7178 = CARTESIAN_POINT('',(370.,32.245984811645,84.5));
#7179 = DIRECTION('',(0.,0.951056516295,-0.309016994375));
#7180 = DIRECTION('',(0.,0.309016994375,0.951056516295));
#7181 = ADVANCED_FACE('',(#7182,#7185),#7196,.F.);
#7182 = FACE_BOUND('',#7183,.F.);
#7183 = EDGE_LOOP('',(#7184));
#7184 = ORIENTED_EDGE('',*,*,#7149,.T.);
#7185 = FACE_BOUND('',#7186,.F.);
#7186 = EDGE_LOOP('',(#7187));
#7187 = ORIENTED_EDGE('',*,*,#7188,.F.);
#7188 = EDGE_CURVE('',#7189,#7189,#7191,.T.);
#7189 = VERTEX_POINT('',#7190);
#7190 = CARTESIAN_POINT('',(370.,35.264138155884,103.49712479273));
#7191 = CIRCLE('',#7192,19.);
#7192 = AXIS2_PLACEMENT_3D('',#7193,#7194,#7195);
#7193 = CARTESIAN_POINT('',(370.,29.39281526276,85.427050983125));
#7194 = DIRECTION('',(0.,0.951056516295,-0.309016994375));
#7195 = DIRECTION('',(0.,0.309016994375,0.951056516295));
#7196 = PLANE('',#7197);
#7197 = AXIS2_PLACEMENT_3D('',#7198,#7199,#7200);
#7198 = CARTESIAN_POINT('',(370.,29.39281526276,85.427050983125));
#7199 = DIRECTION('',(0.,0.951056516295,-0.309016994375));
#7200 = DIRECTION('',(0.,0.309016994375,0.951056516295));
#7201 = ADVANCED_FACE('',(#7202),#7213,.F.);
#7202 = FACE_BOUND('',#7203,.F.);
#7203 = EDGE_LOOP('',(#7204,#7205,#7211,#7212));
#7204 = ORIENTED_EDGE('',*,*,#7168,.F.);
#7205 = ORIENTED_EDGE('',*,*,#7206,.F.);
#7206 = EDGE_CURVE('',#7189,#7169,#7207,.T.);
#7207 = LINE('',#7208,#7209);
#7208 = CARTESIAN_POINT('',(370.,34.788609897736,103.65163328992));
#7209 = VECTOR('',#7210,1.);
#7210 = DIRECTION('',(1.104740758167E-32,0.951056516295,-0.309016994375)
  );
#7211 = ORIENTED_EDGE('',*,*,#7188,.T.);
#7212 = ORIENTED_EDGE('',*,*,#7206,.T.);
#7213 = CYLINDRICAL_SURFACE('',#7214,19.);
#7214 = AXIS2_PLACEMENT_3D('',#7215,#7216,#7217);
#7215 = CARTESIAN_POINT('',(370.,28.917287004612,85.581559480312));
#7216 = DIRECTION('',(0.,0.951056516295,-0.309016994375));
#7217 = DIRECTION('',(0.,0.309016994375,0.951056516295));
#7218 = MANIFOLD_SOLID_BREP('',#7219);
#7219 = CLOSED_SHELL('',(#7220,#7253,#7262,#7282,#7307));
#7220 = ADVANCED_FACE('',(#7221),#7248,.T.);
#7221 = FACE_BOUND('',#7222,.T.);
#7222 = EDGE_LOOP('',(#7223,#7232,#7240,#7247));
#7223 = ORIENTED_EDGE('',*,*,#7224,.F.);
#7224 = EDGE_CURVE('',#7225,#7225,#7227,.T.);
#7225 = VERTEX_POINT('',#7226);
#7226 = CARTESIAN_POINT('',(370.,46.725285658292,87.155625536911));
#7227 = CIRCLE('',#7228,7.);
#7228 = AXIS2_PLACEMENT_3D('',#7229,#7230,#7231);
#7229 = CARTESIAN_POINT('',(370.,44.562166697668,80.498229922844));
#7230 = DIRECTION('',(0.,0.951056516295,-0.309016994375));
#7231 = DIRECTION('',(0.,0.309016994375,0.951056516295));
#7232 = ORIENTED_EDGE('',*,*,#7233,.F.);
#7233 = EDGE_CURVE('',#7234,#7225,#7236,.T.);
#7234 = VERTEX_POINT('',#7235);
#7235 = CARTESIAN_POINT('',(370.,38.117307704769,102.5700738096));
#7236 = LINE('',#7237,#7238);
#7237 = CARTESIAN_POINT('',(370.,38.117307704769,102.5700738096));
#7238 = VECTOR('',#7239,1.);
#7239 = DIRECTION('',(1.664761220283E-16,0.48756329485,-0.873087643662)
  );
#7240 = ORIENTED_EDGE('',*,*,#7241,.T.);
#7241 = EDGE_CURVE('',#7234,#7234,#7242,.T.);
#7242 = CIRCLE('',#7243,19.);
#7243 = AXIS2_PLACEMENT_3D('',#7244,#7245,#7246);
#7244 = CARTESIAN_POINT('',(370.,32.245984811645,84.5));
#7245 = DIRECTION('',(0.,0.951056516295,-0.309016994375));
#7246 = DIRECTION('',(0.,0.309016994375,0.951056516295));
#7247 = ORIENTED_EDGE('',*,*,#7233,.T.);
#7248 = CONICAL_SURFACE('',#7249,19.,0.747340395954);
#7249 = AXIS2_PLACEMENT_3D('',#7250,#7251,#7252);
#7250 = CARTESIAN_POINT('',(370.,32.245984811645,84.5));
#7251 = DIRECTION('',(-0.,-0.951056516295,0.309016994375));
#7252 = DIRECTION('',(0.,0.309016994375,0.951056516295));
#7253 = ADVANCED_FACE('',(#7254),#7257,.T.);
#7254 = FACE_BOUND('',#7255,.T.);
#7255 = EDGE_LOOP('',(#7256));
#7256 = ORIENTED_EDGE('',*,*,#7224,.T.);
#7257 = PLANE('',#7258);
#7258 = AXIS2_PLACEMENT_3D('',#7259,#7260,#7261);
#7259 = CARTESIAN_POINT('',(370.,44.562166697668,80.498229922844));
#7260 = DIRECTION('',(0.,0.951056516295,-0.309016994375));
#7261 = DIRECTION('',(0.,0.309016994375,0.951056516295));
#7262 = ADVANCED_FACE('',(#7263,#7266),#7277,.F.);
#7263 = FACE_BOUND('',#7264,.F.);
#7264 = EDGE_LOOP('',(#7265));
#7265 = ORIENTED_EDGE('',*,*,#7241,.T.);
#7266 = FACE_BOUND('',#7267,.F.);
#7267 = EDGE_LOOP('',(#7268));
#7268 = ORIENTED_EDGE('',*,*,#7269,.F.);
#7269 = EDGE_CURVE('',#7270,#7270,#7272,.T.);
#7270 = VERTEX_POINT('',#7271);
#7271 = CARTESIAN_POINT('',(370.,37.607847254584,101.00211576922));
#7272 = CIRCLE('',#7273,17.351351351351);
#7273 = AXIS2_PLACEMENT_3D('',#7274,#7275,#7276);
#7274 = CARTESIAN_POINT('',(370.,32.245984811645,84.5));
#7275 = DIRECTION('',(0.,0.951056516295,-0.309016994375));
#7276 = DIRECTION('',(0.,0.309016994375,0.951056516295));
#7277 = PLANE('',#7278);
#7278 = AXIS2_PLACEMENT_3D('',#7279,#7280,#7281);
#7279 = CARTESIAN_POINT('',(370.,32.245984811645,84.5));
#7280 = DIRECTION('',(0.,0.951056516295,-0.309016994375));
#7281 = DIRECTION('',(0.,0.309016994375,0.951056516295));
#7282 = ADVANCED_FACE('',(#7283),#7302,.F.);
#7283 = FACE_BOUND('',#7284,.F.);
#7284 = EDGE_LOOP('',(#7285,#7293,#7300,#7301));
#7285 = ORIENTED_EDGE('',*,*,#7286,.T.);
#7286 = EDGE_CURVE('',#7270,#7287,#7289,.T.);
#7287 = VERTEX_POINT('',#7288);
#7288 = CARTESIAN_POINT('',(370.,45.750529102511,86.420880916678));
#7289 = LINE('',#7290,#7291);
#7290 = CARTESIAN_POINT('',(370.,37.142551148988,101.83532918937));
#7291 = VECTOR('',#7292,1.);
#7292 = DIRECTION('',(1.664761220283E-16,0.48756329485,-0.873087643662)
  );
#7293 = ORIENTED_EDGE('',*,*,#7294,.F.);
#7294 = EDGE_CURVE('',#7287,#7287,#7295,.T.);
#7295 = CIRCLE('',#7296,6.);
#7296 = AXIS2_PLACEMENT_3D('',#7297,#7298,#7299);
#7297 = CARTESIAN_POINT('',(370.,43.896427136261,80.714541818907));
#7298 = DIRECTION('',(0.,0.951056516295,-0.309016994375));
#7299 = DIRECTION('',(0.,0.309016994375,0.951056516295));
#7300 = ORIENTED_EDGE('',*,*,#7286,.F.);
#7301 = ORIENTED_EDGE('',*,*,#7269,.T.);
#7302 = CONICAL_SURFACE('',#7303,18.,0.747340395954);
#7303 = AXIS2_PLACEMENT_3D('',#7304,#7305,#7306);
#7304 = CARTESIAN_POINT('',(370.,31.580245250239,84.716311896062));
#7305 = DIRECTION('',(-0.,-0.951056516295,0.309016994375));
#7306 = DIRECTION('',(0.,0.309016994375,0.951056516295));
#7307 = ADVANCED_FACE('',(#7308),#7311,.F.);
#7308 = FACE_BOUND('',#7309,.F.);
#7309 = EDGE_LOOP('',(#7310));
#7310 = ORIENTED_EDGE('',*,*,#7294,.T.);
#7311 = PLANE('',#7312);
#7312 = AXIS2_PLACEMENT_3D('',#7313,#7314,#7315);
#7313 = CARTESIAN_POINT('',(370.,43.896427136261,80.714541818907));
#7314 = DIRECTION('',(0.,0.951056516295,-0.309016994375));
#7315 = DIRECTION('',(0.,0.309016994375,0.951056516295));
#7316 = MANIFOLD_SOLID_BREP('',#7317);
#7317 = CLOSED_SHELL('',(#7318,#7351,#7371,#7391));
#7318 = ADVANCED_FACE('',(#7319),#7346,.T.);
#7319 = FACE_BOUND('',#7320,.T.);
#7320 = EDGE_LOOP('',(#7321,#7330,#7338,#7345));
#7321 = ORIENTED_EDGE('',*,*,#7322,.F.);
#7322 = EDGE_CURVE('',#7323,#7323,#7325,.T.);
#7323 = VERTEX_POINT('',#7324);
#7324 = CARTESIAN_POINT('',(370.,58.827097961043,88.480819480824));
#7325 = CIRCLE('',#7326,12.);
#7326 = AXIS2_PLACEMENT_3D('',#7327,#7328,#7329);
#7327 = CARTESIAN_POINT('',(370.,55.118894028544,77.068141285283));
#7328 = DIRECTION('',(0.,0.951056516295,-0.309016994375));
#7329 = DIRECTION('',(0.,0.309016994375,0.951056516295));
#7330 = ORIENTED_EDGE('',*,*,#7331,.F.);
#7331 = EDGE_CURVE('',#7332,#7323,#7334,.T.);
#7332 = VERTEX_POINT('',#7333);
#7333 = CARTESIAN_POINT('',(370.,38.426324699144,103.5211303259));
#7334 = LINE('',#7335,#7336);
#7335 = CARTESIAN_POINT('',(370.,38.426324699144,103.5211303259));
#7336 = VECTOR('',#7337,1.);
#7337 = DIRECTION('',(7.730849579015E-17,0.804902021001,-0.593407732161)
  );
#7338 = ORIENTED_EDGE('',*,*,#7339,.T.);
#7339 = EDGE_CURVE('',#7332,#7332,#7340,.T.);
#7340 = CIRCLE('',#7341,20.);
#7341 = AXIS2_PLACEMENT_3D('',#7342,#7343,#7344);
#7342 = CARTESIAN_POINT('',(370.,32.245984811645,84.5));
#7343 = DIRECTION('',(0.,0.951056516295,-0.309016994375));
#7344 = DIRECTION('',(0.,0.309016994375,0.951056516295));
#7345 = ORIENTED_EDGE('',*,*,#7331,.T.);
#7346 = CONICAL_SURFACE('',#7347,20.,0.321126724159);
#7347 = AXIS2_PLACEMENT_3D('',#7348,#7349,#7350);
#7348 = CARTESIAN_POINT('',(370.,32.245984811645,84.5));
#7349 = DIRECTION('',(-0.,-0.951056516295,0.309016994375));
#7350 = DIRECTION('',(0.,0.309016994375,0.951056516295));
#7351 = ADVANCED_FACE('',(#7352,#7355),#7366,.T.);
#7352 = FACE_BOUND('',#7353,.T.);
#7353 = EDGE_LOOP('',(#7354));
#7354 = ORIENTED_EDGE('',*,*,#7322,.T.);
#7355 = FACE_BOUND('',#7356,.T.);
#7356 = EDGE_LOOP('',(#7357));
#7357 = ORIENTED_EDGE('',*,*,#7358,.F.);
#7358 = EDGE_CURVE('',#7359,#7359,#7361,.T.);
#7359 = VERTEX_POINT('',#7360);
#7360 = CARTESIAN_POINT('',(370.,58.518080966668,87.529762964529));
#7361 = CIRCLE('',#7362,11.);
#7362 = AXIS2_PLACEMENT_3D('',#7363,#7364,#7365);
#7363 = CARTESIAN_POINT('',(370.,55.118894028544,77.068141285283));
#7364 = DIRECTION('',(0.,0.951056516295,-0.309016994375));
#7365 = DIRECTION('',(0.,0.309016994375,0.951056516295));
#7366 = PLANE('',#7367);
#7367 = AXIS2_PLACEMENT_3D('',#7368,#7369,#7370);
#7368 = CARTESIAN_POINT('',(370.,55.118894028544,77.068141285283));
#7369 = DIRECTION('',(0.,0.951056516295,-0.309016994375));
#7370 = DIRECTION('',(0.,0.309016994375,0.951056516295));
#7371 = ADVANCED_FACE('',(#7372,#7375),#7386,.F.);
#7372 = FACE_BOUND('',#7373,.F.);
#7373 = EDGE_LOOP('',(#7374));
#7374 = ORIENTED_EDGE('',*,*,#7339,.T.);
#7375 = FACE_BOUND('',#7376,.F.);
#7376 = EDGE_LOOP('',(#7377));
#7377 = ORIENTED_EDGE('',*,*,#7378,.F.);
#7378 = EDGE_CURVE('',#7379,#7379,#7381,.T.);
#7379 = VERTEX_POINT('',#7380);
#7380 = CARTESIAN_POINT('',(370.,38.117307704769,102.5700738096));
#7381 = CIRCLE('',#7382,19.);
#7382 = AXIS2_PLACEMENT_3D('',#7383,#7384,#7385);
#7383 = CARTESIAN_POINT('',(370.,32.245984811645,84.5));
#7384 = DIRECTION('',(0.,0.951056516295,-0.309016994375));
#7385 = DIRECTION('',(0.,0.309016994375,0.951056516295));
#7386 = PLANE('',#7387);
#7387 = AXIS2_PLACEMENT_3D('',#7388,#7389,#7390);
#7388 = CARTESIAN_POINT('',(370.,32.245984811645,84.5));
#7389 = DIRECTION('',(0.,0.951056516295,-0.309016994375));
#7390 = DIRECTION('',(0.,0.309016994375,0.951056516295));
#7391 = ADVANCED_FACE('',(#7392),#7403,.F.);
#7392 = FACE_BOUND('',#7393,.F.);
#7393 = EDGE_LOOP('',(#7394,#7395,#7401,#7402));
#7394 = ORIENTED_EDGE('',*,*,#7358,.F.);
#7395 = ORIENTED_EDGE('',*,*,#7396,.F.);
#7396 = EDGE_CURVE('',#7379,#7359,#7397,.T.);
#7397 = LINE('',#7398,#7399);
#7398 = CARTESIAN_POINT('',(370.,38.117307704769,102.5700738096));
#7399 = VECTOR('',#7400,1.);
#7400 = DIRECTION('',(7.730849579015E-17,0.804902021001,-0.593407732161)
  );
#7401 = ORIENTED_EDGE('',*,*,#7378,.T.);
#7402 = ORIENTED_EDGE('',*,*,#7396,.T.);
#7403 = CONICAL_SURFACE('',#7404,19.,0.321126724159);
#7404 = AXIS2_PLACEMENT_3D('',#7405,#7406,#7407);
#7405 = CARTESIAN_POINT('',(370.,32.245984811645,84.5));
#7406 = DIRECTION('',(-0.,-0.951056516295,0.309016994375));
#7407 = DIRECTION('',(0.,0.309016994375,0.951056516295));
#7408 = MANIFOLD_SOLID_BREP('',#7409);
#7409 = CLOSED_SHELL('',(#7410,#7443,#7452));
#7410 = ADVANCED_FACE('',(#7411),#7438,.T.);
#7411 = FACE_BOUND('',#7412,.T.);
#7412 = EDGE_LOOP('',(#7413,#7422,#7430,#7437));
#7413 = ORIENTED_EDGE('',*,*,#7414,.F.);
#7414 = EDGE_CURVE('',#7415,#7415,#7417,.T.);
#7415 = VERTEX_POINT('',#7416);
#7416 = CARTESIAN_POINT('',(370.,71.143279847065,84.479049403669));
#7417 = CIRCLE('',#7418,12.);
#7418 = AXIS2_PLACEMENT_3D('',#7419,#7420,#7421);
#7419 = CARTESIAN_POINT('',(370.,67.435075914566,73.066371208127));
#7420 = DIRECTION('',(0.,0.951056516295,-0.309016994375));
#7421 = DIRECTION('',(0.,0.309016994375,0.951056516295));
#7422 = ORIENTED_EDGE('',*,*,#7423,.F.);
#7423 = EDGE_CURVE('',#7424,#7415,#7426,.T.);
#7424 = VERTEX_POINT('',#7425);
#7425 = CARTESIAN_POINT('',(370.,58.827097961043,88.480819480824));
#7426 = LINE('',#7427,#7428);
#7427 = CARTESIAN_POINT('',(370.,58.827097961043,88.480819480824));
#7428 = VECTOR('',#7429,1.);
#7429 = DIRECTION('',(1.104740758167E-32,0.951056516295,-0.309016994375)
  );
#7430 = ORIENTED_EDGE('',*,*,#7431,.T.);
#7431 = EDGE_CURVE('',#7424,#7424,#7432,.T.);
#7432 = CIRCLE('',#7433,12.);
#7433 = AXIS2_PLACEMENT_3D('',#7434,#7435,#7436);
#7434 = CARTESIAN_POINT('',(370.,55.118894028544,77.068141285283));
#7435 = DIRECTION('',(0.,0.951056516295,-0.309016994375));
#7436 = DIRECTION('',(0.,0.309016994375,0.951056516295));
#7437 = ORIENTED_EDGE('',*,*,#7423,.T.);
#7438 = CYLINDRICAL_SURFACE('',#7439,12.);
#7439 = AXIS2_PLACEMENT_3D('',#7440,#7441,#7442);
#7440 = CARTESIAN_POINT('',(370.,55.118894028544,77.068141285283));
#7441 = DIRECTION('',(0.,0.951056516295,-0.309016994375));
#7442 = DIRECTION('',(0.,0.309016994375,0.951056516295));
#7443 = ADVANCED_FACE('',(#7444),#7447,.T.);
#7444 = FACE_BOUND('',#7445,.T.);
#7445 = EDGE_LOOP('',(#7446));
#7446 = ORIENTED_EDGE('',*,*,#7414,.T.);
#7447 = PLANE('',#7448);
#7448 = AXIS2_PLACEMENT_3D('',#7449,#7450,#7451);
#7449 = CARTESIAN_POINT('',(370.,67.435075914566,73.066371208127));
#7450 = DIRECTION('',(0.,0.951056516295,-0.309016994375));
#7451 = DIRECTION('',(0.,0.309016994375,0.951056516295));
#7452 = ADVANCED_FACE('',(#7453),#7456,.F.);
#7453 = FACE_BOUND('',#7454,.T.);
#7454 = EDGE_LOOP('',(#7455));
#7455 = ORIENTED_EDGE('',*,*,#7431,.F.);
#7456 = PLANE('',#7457);
#7457 = AXIS2_PLACEMENT_3D('',#7458,#7459,#7460);
#7458 = CARTESIAN_POINT('',(370.,55.118894028544,77.068141285283));
#7459 = DIRECTION('',(0.,0.951056516295,-0.309016994375));
#7460 = DIRECTION('',(0.,0.309016994375,0.951056516295));
#7461 = ( GEOMETRIC_REPRESENTATION_CONTEXT(3) 
GLOBAL_UNCERTAINTY_ASSIGNED_CONTEXT((#7465)) 
GLOBAL_UNIT_ASSIGNED_CONTEXT((#7462,#7463,#7464)) REPRESENTATION_CONTEXT
('Context #1','3D Context with UNIT and UNCERTAINTY') );
#7462 = ( LENGTH_UNIT() NAMED_UNIT(*) SI_UNIT(.MILLI.,.METRE.) );
#7463 = ( NAMED_UNIT(*) PLANE_ANGLE_UNIT() SI_UNIT($,.RADIAN.) );
#7464 = ( NAMED_UNIT(*) SI_UNIT($,.STERADIAN.) SOLID_ANGLE_UNIT() );
#7465 = UNCERTAINTY_MEASURE_WITH_UNIT(LENGTH_MEASURE(1.E-07),#7462,
  'distance_accuracy_value','confusion accuracy');
#7466 = CONTEXT_DEPENDENT_SHAPE_REPRESENTATION(#7467,#7469);
#7467 = ( REPRESENTATION_RELATIONSHIP('','',#7125,#10) 
REPRESENTATION_RELATIONSHIP_WITH_TRANSFORMATION(#7468) 
SHAPE_REPRESENTATION_RELATIONSHIP() );
#7468 = ITEM_DEFINED_TRANSFORMATION('','',#11,#111);
#7469 = PRODUCT_DEFINITION_SHAPE('Placement','Placement of an item',
  #7470);
#7470 = NEXT_ASSEMBLY_USAGE_OCCURRENCE('25',
  '右全频 · SC-2103 安装占位','',#5,#7120,$);
#7471 = PRODUCT_RELATED_PRODUCT_CATEGORY('part',$,(#7122));
#7472 = SHAPE_DEFINITION_REPRESENTATION(#7473,#7479);
#7473 = PRODUCT_DEFINITION_SHAPE('','',#7474);
#7474 = PRODUCT_DEFINITION('design','',#7475,#7478);
#7475 = PRODUCT_DEFINITION_FORMATION('','',#7476);
#7476 = PRODUCT('后排低音 · SC-2103 朝下安装占位',
  '后排低音 · SC-2103 朝下安装占位','',(#7477));
#7477 = PRODUCT_CONTEXT('',#2,'mechanical');
#7478 = PRODUCT_DEFINITION_CONTEXT('part definition',#2,'design');
#7479 = SHAPE_REPRESENTATION('',(#11,#7480,#7572,#7670,#7762),#7815);
#7480 = MANIFOLD_SOLID_BREP('',#7481);
#7481 = CLOSED_SHELL('',(#7482,#7515,#7535,#7555));
#7482 = ADVANCED_FACE('',(#7483),#7510,.T.);
#7483 = FACE_BOUND('',#7484,.T.);
#7484 = EDGE_LOOP('',(#7485,#7494,#7502,#7509));
#7485 = ORIENTED_EDGE('',*,*,#7486,.F.);
#7486 = EDGE_CURVE('',#7487,#7487,#7489,.T.);
#7487 = VERTEX_POINT('',#7488);
#7488 = CARTESIAN_POINT('',(291.,247.,22.5));
#7489 = CIRCLE('',#7490,66.);
#7490 = AXIS2_PLACEMENT_3D('',#7491,#7492,#7493);
#7491 = CARTESIAN_POINT('',(225.,247.,22.5));
#7492 = DIRECTION('',(0.,0.,1.));
#7493 = DIRECTION('',(1.,0.,-0.));
#7494 = ORIENTED_EDGE('',*,*,#7495,.F.);
#7495 = EDGE_CURVE('',#7496,#7487,#7498,.T.);
#7496 = VERTEX_POINT('',#7497);
#7497 = CARTESIAN_POINT('',(291.,247.,19.5));
#7498 = LINE('',#7499,#7500);
#7499 = CARTESIAN_POINT('',(291.,247.,19.5));
#7500 = VECTOR('',#7501,1.);
#7501 = DIRECTION('',(0.,0.,1.));
#7502 = ORIENTED_EDGE('',*,*,#7503,.T.);
#7503 = EDGE_CURVE('',#7496,#7496,#7504,.T.);
#7504 = CIRCLE('',#7505,66.);
#7505 = AXIS2_PLACEMENT_3D('',#7506,#7507,#7508);
#7506 = CARTESIAN_POINT('',(225.,247.,19.5));
#7507 = DIRECTION('',(0.,0.,1.));
#7508 = DIRECTION('',(1.,0.,-0.));
#7509 = ORIENTED_EDGE('',*,*,#7495,.T.);
#7510 = CYLINDRICAL_SURFACE('',#7511,66.);
#7511 = AXIS2_PLACEMENT_3D('',#7512,#7513,#7514);
#7512 = CARTESIAN_POINT('',(225.,247.,19.5));
#7513 = DIRECTION('',(0.,0.,1.));
#7514 = DIRECTION('',(1.,0.,-0.));
#7515 = ADVANCED_FACE('',(#7516,#7519),#7530,.T.);
#7516 = FACE_BOUND('',#7517,.T.);
#7517 = EDGE_LOOP('',(#7518));
#7518 = ORIENTED_EDGE('',*,*,#7486,.T.);
#7519 = FACE_BOUND('',#7520,.T.);
#7520 = EDGE_LOOP('',(#7521));
#7521 = ORIENTED_EDGE('',*,*,#7522,.F.);
#7522 = EDGE_CURVE('',#7523,#7523,#7525,.T.);
#7523 = VERTEX_POINT('',#7524);
#7524 = CARTESIAN_POINT('',(274.,247.,22.5));
#7525 = CIRCLE('',#7526,49.);
#7526 = AXIS2_PLACEMENT_3D('',#7527,#7528,#7529);
#7527 = CARTESIAN_POINT('',(225.,247.,22.5));
#7528 = DIRECTION('',(0.,0.,1.));
#7529 = DIRECTION('',(1.,0.,-0.));
#7530 = PLANE('',#7531);
#7531 = AXIS2_PLACEMENT_3D('',#7532,#7533,#7534);
#7532 = CARTESIAN_POINT('',(225.,247.,22.5));
#7533 = DIRECTION('',(0.,0.,1.));
#7534 = DIRECTION('',(1.,0.,-0.));
#7535 = ADVANCED_FACE('',(#7536,#7539),#7550,.F.);
#7536 = FACE_BOUND('',#7537,.F.);
#7537 = EDGE_LOOP('',(#7538));
#7538 = ORIENTED_EDGE('',*,*,#7503,.T.);
#7539 = FACE_BOUND('',#7540,.F.);
#7540 = EDGE_LOOP('',(#7541));
#7541 = ORIENTED_EDGE('',*,*,#7542,.F.);
#7542 = EDGE_CURVE('',#7543,#7543,#7545,.T.);
#7543 = VERTEX_POINT('',#7544);
#7544 = CARTESIAN_POINT('',(274.,247.,19.5));
#7545 = CIRCLE('',#7546,49.);
#7546 = AXIS2_PLACEMENT_3D('',#7547,#7548,#7549);
#7547 = CARTESIAN_POINT('',(225.,247.,19.5));
#7548 = DIRECTION('',(0.,0.,1.));
#7549 = DIRECTION('',(1.,0.,-0.));
#7550 = PLANE('',#7551);
#7551 = AXIS2_PLACEMENT_3D('',#7552,#7553,#7554);
#7552 = CARTESIAN_POINT('',(225.,247.,19.5));
#7553 = DIRECTION('',(0.,0.,1.));
#7554 = DIRECTION('',(1.,0.,-0.));
#7555 = ADVANCED_FACE('',(#7556),#7567,.F.);
#7556 = FACE_BOUND('',#7557,.F.);
#7557 = EDGE_LOOP('',(#7558,#7559,#7565,#7566));
#7558 = ORIENTED_EDGE('',*,*,#7522,.F.);
#7559 = ORIENTED_EDGE('',*,*,#7560,.F.);
#7560 = EDGE_CURVE('',#7543,#7523,#7561,.T.);
#7561 = LINE('',#7562,#7563);
#7562 = CARTESIAN_POINT('',(274.,247.,19.));
#7563 = VECTOR('',#7564,1.);
#7564 = DIRECTION('',(0.,0.,1.));
#7565 = ORIENTED_EDGE('',*,*,#7542,.T.);
#7566 = ORIENTED_EDGE('',*,*,#7560,.T.);
#7567 = CYLINDRICAL_SURFACE('',#7568,49.);
#7568 = AXIS2_PLACEMENT_3D('',#7569,#7570,#7571);
#7569 = CARTESIAN_POINT('',(225.,247.,19.));
#7570 = DIRECTION('',(0.,0.,1.));
#7571 = DIRECTION('',(1.,0.,-0.));
#7572 = MANIFOLD_SOLID_BREP('',#7573);
#7573 = CLOSED_SHELL('',(#7574,#7607,#7616,#7636,#7661));
#7574 = ADVANCED_FACE('',(#7575),#7602,.T.);
#7575 = FACE_BOUND('',#7576,.T.);
#7576 = EDGE_LOOP('',(#7577,#7586,#7594,#7601));
#7577 = ORIENTED_EDGE('',*,*,#7578,.F.);
#7578 = EDGE_CURVE('',#7579,#7579,#7581,.T.);
#7579 = VERTEX_POINT('',#7580);
#7580 = CARTESIAN_POINT('',(242.5,247.,44.2));
#7581 = CIRCLE('',#7582,17.5);
#7582 = AXIS2_PLACEMENT_3D('',#7583,#7584,#7585);
#7583 = CARTESIAN_POINT('',(225.,247.,44.2));
#7584 = DIRECTION('',(0.,0.,1.));
#7585 = DIRECTION('',(1.,0.,-0.));
#7586 = ORIENTED_EDGE('',*,*,#7587,.F.);
#7587 = EDGE_CURVE('',#7588,#7579,#7590,.T.);
#7588 = VERTEX_POINT('',#7589);
#7589 = CARTESIAN_POINT('',(274.,247.,22.5));
#7590 = LINE('',#7591,#7592);
#7591 = CARTESIAN_POINT('',(274.,247.,22.5));
#7592 = VECTOR('',#7593,1.);
#7593 = DIRECTION('',(-0.82350760101,2.017011895301E-16,0.567305236251)
  );
#7594 = ORIENTED_EDGE('',*,*,#7595,.T.);
#7595 = EDGE_CURVE('',#7588,#7588,#7596,.T.);
#7596 = CIRCLE('',#7597,49.);
#7597 = AXIS2_PLACEMENT_3D('',#7598,#7599,#7600);
#7598 = CARTESIAN_POINT('',(225.,247.,22.5));
#7599 = DIRECTION('',(0.,0.,1.));
#7600 = DIRECTION('',(1.,0.,-0.));
#7601 = ORIENTED_EDGE('',*,*,#7587,.T.);
#7602 = CONICAL_SURFACE('',#7603,49.,0.96756647387);
#7603 = AXIS2_PLACEMENT_3D('',#7604,#7605,#7606);
#7604 = CARTESIAN_POINT('',(225.,247.,22.5));
#7605 = DIRECTION('',(-0.,-0.,-1.));
#7606 = DIRECTION('',(1.,0.,-0.));
#7607 = ADVANCED_FACE('',(#7608),#7611,.T.);
#7608 = FACE_BOUND('',#7609,.T.);
#7609 = EDGE_LOOP('',(#7610));
#7610 = ORIENTED_EDGE('',*,*,#7578,.T.);
#7611 = PLANE('',#7612);
#7612 = AXIS2_PLACEMENT_3D('',#7613,#7614,#7615);
#7613 = CARTESIAN_POINT('',(225.,247.,44.2));
#7614 = DIRECTION('',(0.,0.,1.));
#7615 = DIRECTION('',(1.,0.,-0.));
#7616 = ADVANCED_FACE('',(#7617,#7620),#7631,.F.);
#7617 = FACE_BOUND('',#7618,.F.);
#7618 = EDGE_LOOP('',(#7619));
#7619 = ORIENTED_EDGE('',*,*,#7595,.T.);
#7620 = FACE_BOUND('',#7621,.F.);
#7621 = EDGE_LOOP('',(#7622));
#7622 = ORIENTED_EDGE('',*,*,#7623,.F.);
#7623 = EDGE_CURVE('',#7624,#7624,#7626,.T.);
#7624 = VERTEX_POINT('',#7625);
#7625 = CARTESIAN_POINT('',(271.98387096774,247.,22.5));
#7626 = CIRCLE('',#7627,46.983870967742);
#7627 = AXIS2_PLACEMENT_3D('',#7628,#7629,#7630);
#7628 = CARTESIAN_POINT('',(225.,247.,22.5));
#7629 = DIRECTION('',(0.,0.,1.));
#7630 = DIRECTION('',(1.,0.,-0.));
#7631 = PLANE('',#7632);
#7632 = AXIS2_PLACEMENT_3D('',#7633,#7634,#7635);
#7633 = CARTESIAN_POINT('',(225.,247.,22.5));
#7634 = DIRECTION('',(0.,0.,1.));
#7635 = DIRECTION('',(1.,0.,-0.));
#7636 = ADVANCED_FACE('',(#7637),#7656,.F.);
#7637 = FACE_BOUND('',#7638,.F.);
#7638 = EDGE_LOOP('',(#7639,#7647,#7654,#7655));
#7639 = ORIENTED_EDGE('',*,*,#7640,.T.);
#7640 = EDGE_CURVE('',#7624,#7641,#7643,.T.);
#7641 = VERTEX_POINT('',#7642);
#7642 = CARTESIAN_POINT('',(241.5,247.,43.5));
#7643 = LINE('',#7644,#7645);
#7644 = CARTESIAN_POINT('',(273.,247.,21.8));
#7645 = VECTOR('',#7646,1.);
#7646 = DIRECTION('',(-0.82350760101,2.017011895301E-16,0.567305236251)
  );
#7647 = ORIENTED_EDGE('',*,*,#7648,.F.);
#7648 = EDGE_CURVE('',#7641,#7641,#7649,.T.);
#7649 = CIRCLE('',#7650,16.5);
#7650 = AXIS2_PLACEMENT_3D('',#7651,#7652,#7653);
#7651 = CARTESIAN_POINT('',(225.,247.,43.5));
#7652 = DIRECTION('',(0.,0.,1.));
#7653 = DIRECTION('',(1.,0.,-0.));
#7654 = ORIENTED_EDGE('',*,*,#7640,.F.);
#7655 = ORIENTED_EDGE('',*,*,#7623,.T.);
#7656 = CONICAL_SURFACE('',#7657,48.,0.96756647387);
#7657 = AXIS2_PLACEMENT_3D('',#7658,#7659,#7660);
#7658 = CARTESIAN_POINT('',(225.,247.,21.8));
#7659 = DIRECTION('',(-0.,-0.,-1.));
#7660 = DIRECTION('',(1.,0.,-0.));
#7661 = ADVANCED_FACE('',(#7662),#7665,.F.);
#7662 = FACE_BOUND('',#7663,.F.);
#7663 = EDGE_LOOP('',(#7664));
#7664 = ORIENTED_EDGE('',*,*,#7648,.T.);
#7665 = PLANE('',#7666);
#7666 = AXIS2_PLACEMENT_3D('',#7667,#7668,#7669);
#7667 = CARTESIAN_POINT('',(225.,247.,43.5));
#7668 = DIRECTION('',(0.,0.,1.));
#7669 = DIRECTION('',(1.,0.,-0.));
#7670 = MANIFOLD_SOLID_BREP('',#7671);
#7671 = CLOSED_SHELL('',(#7672,#7705,#7725,#7745));
#7672 = ADVANCED_FACE('',(#7673),#7700,.T.);
#7673 = FACE_BOUND('',#7674,.T.);
#7674 = EDGE_LOOP('',(#7675,#7684,#7692,#7699));
#7675 = ORIENTED_EDGE('',*,*,#7676,.F.);
#7676 = EDGE_CURVE('',#7677,#7677,#7679,.T.);
#7677 = VERTEX_POINT('',#7678);
#7678 = CARTESIAN_POINT('',(255.,247.,70.5));
#7679 = CIRCLE('',#7680,30.);
#7680 = AXIS2_PLACEMENT_3D('',#7681,#7682,#7683);
#7681 = CARTESIAN_POINT('',(225.,247.,70.5));
#7682 = DIRECTION('',(0.,0.,1.));
#7683 = DIRECTION('',(1.,0.,-0.));
#7684 = ORIENTED_EDGE('',*,*,#7685,.F.);
#7685 = EDGE_CURVE('',#7686,#7677,#7688,.T.);
#7686 = VERTEX_POINT('',#7687);
#7687 = CARTESIAN_POINT('',(275.,247.,22.5));
#7688 = LINE('',#7689,#7690);
#7689 = CARTESIAN_POINT('',(275.,247.,22.5));
#7690 = VECTOR('',#7691,1.);
#7691 = DIRECTION('',(-0.384615384615,9.420359993441E-17,0.923076923077)
  );
#7692 = ORIENTED_EDGE('',*,*,#7693,.T.);
#7693 = EDGE_CURVE('',#7686,#7686,#7694,.T.);
#7694 = CIRCLE('',#7695,50.);
#7695 = AXIS2_PLACEMENT_3D('',#7696,#7697,#7698);
#7696 = CARTESIAN_POINT('',(225.,247.,22.5));
#7697 = DIRECTION('',(0.,0.,1.));
#7698 = DIRECTION('',(1.,0.,-0.));
#7699 = ORIENTED_EDGE('',*,*,#7685,.T.);
#7700 = CONICAL_SURFACE('',#7701,50.,0.3947911197);
#7701 = AXIS2_PLACEMENT_3D('',#7702,#7703,#7704);
#7702 = CARTESIAN_POINT('',(225.,247.,22.5));
#7703 = DIRECTION('',(-0.,-0.,-1.));
#7704 = DIRECTION('',(1.,0.,-0.));
#7705 = ADVANCED_FACE('',(#7706,#7709),#7720,.T.);
#7706 = FACE_BOUND('',#7707,.T.);
#7707 = EDGE_LOOP('',(#7708));
#7708 = ORIENTED_EDGE('',*,*,#7676,.T.);
#7709 = FACE_BOUND('',#7710,.T.);
#7710 = EDGE_LOOP('',(#7711));
#7711 = ORIENTED_EDGE('',*,*,#7712,.F.);
#7712 = EDGE_CURVE('',#7713,#7713,#7715,.T.);
#7713 = VERTEX_POINT('',#7714);
#7714 = CARTESIAN_POINT('',(254.,247.,70.5));
#7715 = CIRCLE('',#7716,29.);
#7716 = AXIS2_PLACEMENT_3D('',#7717,#7718,#7719);
#7717 = CARTESIAN_POINT('',(225.,247.,70.5));
#7718 = DIRECTION('',(0.,0.,1.));
#7719 = DIRECTION('',(1.,0.,-0.));
#7720 = PLANE('',#7721);
#7721 = AXIS2_PLACEMENT_3D('',#7722,#7723,#7724);
#7722 = CARTESIAN_POINT('',(225.,247.,70.5));
#7723 = DIRECTION('',(0.,0.,1.));
#7724 = DIRECTION('',(1.,0.,-0.));
#7725 = ADVANCED_FACE('',(#7726,#7729),#7740,.F.);
#7726 = FACE_BOUND('',#7727,.F.);
#7727 = EDGE_LOOP('',(#7728));
#7728 = ORIENTED_EDGE('',*,*,#7693,.T.);
#7729 = FACE_BOUND('',#7730,.F.);
#7730 = EDGE_LOOP('',(#7731));
#7731 = ORIENTED_EDGE('',*,*,#7732,.F.);
#7732 = EDGE_CURVE('',#7733,#7733,#7735,.T.);
#7733 = VERTEX_POINT('',#7734);
#7734 = CARTESIAN_POINT('',(274.,247.,22.5));
#7735 = CIRCLE('',#7736,49.);
#7736 = AXIS2_PLACEMENT_3D('',#7737,#7738,#7739);
#7737 = CARTESIAN_POINT('',(225.,247.,22.5));
#7738 = DIRECTION('',(0.,0.,1.));
#7739 = DIRECTION('',(1.,0.,-0.));
#7740 = PLANE('',#7741);
#7741 = AXIS2_PLACEMENT_3D('',#7742,#7743,#7744);
#7742 = CARTESIAN_POINT('',(225.,247.,22.5));
#7743 = DIRECTION('',(0.,0.,1.));
#7744 = DIRECTION('',(1.,0.,-0.));
#7745 = ADVANCED_FACE('',(#7746),#7757,.F.);
#7746 = FACE_BOUND('',#7747,.F.);
#7747 = EDGE_LOOP('',(#7748,#7749,#7755,#7756));
#7748 = ORIENTED_EDGE('',*,*,#7712,.F.);
#7749 = ORIENTED_EDGE('',*,*,#7750,.F.);
#7750 = EDGE_CURVE('',#7733,#7713,#7751,.T.);
#7751 = LINE('',#7752,#7753);
#7752 = CARTESIAN_POINT('',(274.,247.,22.5));
#7753 = VECTOR('',#7754,1.);
#7754 = DIRECTION('',(-0.384615384615,9.420359993441E-17,0.923076923077)
  );
#7755 = ORIENTED_EDGE('',*,*,#7732,.T.);
#7756 = ORIENTED_EDGE('',*,*,#7750,.T.);
#7757 = CONICAL_SURFACE('',#7758,49.,0.3947911197);
#7758 = AXIS2_PLACEMENT_3D('',#7759,#7760,#7761);
#7759 = CARTESIAN_POINT('',(225.,247.,22.5));
#7760 = DIRECTION('',(-0.,-0.,-1.));
#7761 = DIRECTION('',(1.,0.,-0.));
#7762 = MANIFOLD_SOLID_BREP('',#7763);
#7763 = CLOSED_SHELL('',(#7764,#7797,#7806));
#7764 = ADVANCED_FACE('',(#7765),#7792,.T.);
#7765 = FACE_BOUND('',#7766,.T.);
#7766 = EDGE_LOOP('',(#7767,#7776,#7784,#7791));
#7767 = ORIENTED_EDGE('',*,*,#7768,.F.);
#7768 = EDGE_CURVE('',#7769,#7769,#7771,.T.);
#7769 = VERTEX_POINT('',#7770);
#7770 = CARTESIAN_POINT('',(255.,247.,84.5));
#7771 = CIRCLE('',#7772,30.);
#7772 = AXIS2_PLACEMENT_3D('',#7773,#7774,#7775);
#7773 = CARTESIAN_POINT('',(225.,247.,84.5));
#7774 = DIRECTION('',(0.,0.,1.));
#7775 = DIRECTION('',(1.,0.,-0.));
#7776 = ORIENTED_EDGE('',*,*,#7777,.F.);
#7777 = EDGE_CURVE('',#7778,#7769,#7780,.T.);
#7778 = VERTEX_POINT('',#7779);
#7779 = CARTESIAN_POINT('',(255.,247.,70.5));
#7780 = LINE('',#7781,#7782);
#7781 = CARTESIAN_POINT('',(255.,247.,70.5));
#7782 = VECTOR('',#7783,1.);
#7783 = DIRECTION('',(0.,0.,1.));
#7784 = ORIENTED_EDGE('',*,*,#7785,.T.);
#7785 = EDGE_CURVE('',#7778,#7778,#7786,.T.);
#7786 = CIRCLE('',#7787,30.);
#7787 = AXIS2_PLACEMENT_3D('',#7788,#7789,#7790);
#7788 = CARTESIAN_POINT('',(225.,247.,70.5));
#7789 = DIRECTION('',(0.,0.,1.));
#7790 = DIRECTION('',(1.,0.,-0.));
#7791 = ORIENTED_EDGE('',*,*,#7777,.T.);
#7792 = CYLINDRICAL_SURFACE('',#7793,30.);
#7793 = AXIS2_PLACEMENT_3D('',#7794,#7795,#7796);
#7794 = CARTESIAN_POINT('',(225.,247.,70.5));
#7795 = DIRECTION('',(0.,0.,1.));
#7796 = DIRECTION('',(1.,0.,-0.));
#7797 = ADVANCED_FACE('',(#7798),#7801,.T.);
#7798 = FACE_BOUND('',#7799,.T.);
#7799 = EDGE_LOOP('',(#7800));
#7800 = ORIENTED_EDGE('',*,*,#7768,.T.);
#7801 = PLANE('',#7802);
#7802 = AXIS2_PLACEMENT_3D('',#7803,#7804,#7805);
#7803 = CARTESIAN_POINT('',(225.,247.,84.5));
#7804 = DIRECTION('',(0.,0.,1.));
#7805 = DIRECTION('',(1.,0.,-0.));
#7806 = ADVANCED_FACE('',(#7807),#7810,.F.);
#7807 = FACE_BOUND('',#7808,.T.);
#7808 = EDGE_LOOP('',(#7809));
#7809 = ORIENTED_EDGE('',*,*,#7785,.F.);
#7810 = PLANE('',#7811);
#7811 = AXIS2_PLACEMENT_3D('',#7812,#7813,#7814);
#7812 = CARTESIAN_POINT('',(225.,247.,70.5));
#7813 = DIRECTION('',(0.,0.,1.));
#7814 = DIRECTION('',(1.,0.,-0.));
#7815 = ( GEOMETRIC_REPRESENTATION_CONTEXT(3) 
GLOBAL_UNCERTAINTY_ASSIGNED_CONTEXT((#7819)) 
GLOBAL_UNIT_ASSIGNED_CONTEXT((#7816,#7817,#7818)) REPRESENTATION_CONTEXT
('Context #1','3D Context with UNIT and UNCERTAINTY') );
#7816 = ( LENGTH_UNIT() NAMED_UNIT(*) SI_UNIT(.MILLI.,.METRE.) );
#7817 = ( NAMED_UNIT(*) PLANE_ANGLE_UNIT() SI_UNIT($,.RADIAN.) );
#7818 = ( NAMED_UNIT(*) SI_UNIT($,.STERADIAN.) SOLID_ANGLE_UNIT() );
#7819 = UNCERTAINTY_MEASURE_WITH_UNIT(LENGTH_MEASURE(1.E-07),#7816,
  'distance_accuracy_value','confusion accuracy');
#7820 = CONTEXT_DEPENDENT_SHAPE_REPRESENTATION(#7821,#7823);
#7821 = ( REPRESENTATION_RELATIONSHIP('','',#7479,#10) 
REPRESENTATION_RELATIONSHIP_WITH_TRANSFORMATION(#7822) 
SHAPE_REPRESENTATION_RELATIONSHIP() );
#7822 = ITEM_DEFINED_TRANSFORMATION('','',#11,#115);
#7823 = PRODUCT_DEFINITION_SHAPE('Placement','Placement of an item',
  #7824);
#7824 = NEXT_ASSEMBLY_USAGE_OCCURRENCE('26',
  '后排低音 · SC-2103 朝下安装占位','',#5,#7474,$);
#7825 = PRODUCT_RELATED_PRODUCT_CATEGORY('part',$,(#7476));
#7826 = SHAPE_DEFINITION_REPRESENTATION(#7827,#7833);
#7827 = PRODUCT_DEFINITION_SHAPE('','',#7828);
#7828 = PRODUCT_DEFINITION('design','',#7829,#7832);
#7829 = PRODUCT_DEFINITION_FORMATION('','',#7830);
#7830 = PRODUCT('后部两侧隔振承托梁',
  '后部两侧隔振承托梁','',(#7831));
#7831 = PRODUCT_CONTEXT('',#2,'mechanical');
#7832 = PRODUCT_DEFINITION_CONTEXT('part definition',#2,'design');
#7833 = SHAPE_REPRESENTATION('',(#11,#7834,#7984),#8134);
#7834 = MANIFOLD_SOLID_BREP('',#7835);
#7835 = CLOSED_SHELL('',(#7836,#7876,#7916,#7938,#7960,#7972));
#7836 = ADVANCED_FACE('',(#7837),#7871,.F.);
#7837 = FACE_BOUND('',#7838,.F.);
#7838 = EDGE_LOOP('',(#7839,#7849,#7857,#7865));
#7839 = ORIENTED_EDGE('',*,*,#7840,.F.);
#7840 = EDGE_CURVE('',#7841,#7843,#7845,.T.);
#7841 = VERTEX_POINT('',#7842);
#7842 = CARTESIAN_POINT('',(20.,280.,124.5));
#7843 = VERTEX_POINT('',#7844);
#7844 = CARTESIAN_POINT('',(20.,280.,134.5));
#7845 = LINE('',#7846,#7847);
#7846 = CARTESIAN_POINT('',(20.,280.,124.5));
#7847 = VECTOR('',#7848,1.);
#7848 = DIRECTION('',(0.,0.,1.));
#7849 = ORIENTED_EDGE('',*,*,#7850,.T.);
#7850 = EDGE_CURVE('',#7841,#7851,#7853,.T.);
#7851 = VERTEX_POINT('',#7852);
#7852 = CARTESIAN_POINT('',(20.,310.,124.5));
#7853 = LINE('',#7854,#7855);
#7854 = CARTESIAN_POINT('',(20.,280.,124.5));
#7855 = VECTOR('',#7856,1.);
#7856 = DIRECTION('',(-0.,1.,0.));
#7857 = ORIENTED_EDGE('',*,*,#7858,.T.);
#7858 = EDGE_CURVE('',#7851,#7859,#7861,.T.);
#7859 = VERTEX_POINT('',#7860);
#7860 = CARTESIAN_POINT('',(20.,310.,134.5));
#7861 = LINE('',#7862,#7863);
#7862 = CARTESIAN_POINT('',(20.,310.,124.5));
#7863 = VECTOR('',#7864,1.);
#7864 = DIRECTION('',(0.,0.,1.));
#7865 = ORIENTED_EDGE('',*,*,#7866,.F.);
#7866 = EDGE_CURVE('',#7843,#7859,#7867,.T.);
#7867 = LINE('',#7868,#7869);
#7868 = CARTESIAN_POINT('',(20.,280.,134.5));
#7869 = VECTOR('',#7870,1.);
#7870 = DIRECTION('',(-0.,1.,0.));
#7871 = PLANE('',#7872);
#7872 = AXIS2_PLACEMENT_3D('',#7873,#7874,#7875);
#7873 = CARTESIAN_POINT('',(20.,280.,124.5));
#7874 = DIRECTION('',(1.,0.,-0.));
#7875 = DIRECTION('',(0.,0.,1.));
#7876 = ADVANCED_FACE('',(#7877),#7911,.T.);
#7877 = FACE_BOUND('',#7878,.T.);
#7878 = EDGE_LOOP('',(#7879,#7889,#7897,#7905));
#7879 = ORIENTED_EDGE('',*,*,#7880,.F.);
#7880 = EDGE_CURVE('',#7881,#7883,#7885,.T.);
#7881 = VERTEX_POINT('',#7882);
#7882 = CARTESIAN_POINT('',(129.,280.,124.5));
#7883 = VERTEX_POINT('',#7884);
#7884 = CARTESIAN_POINT('',(129.,280.,134.5));
#7885 = LINE('',#7886,#7887);
#7886 = CARTESIAN_POINT('',(129.,280.,124.5));
#7887 = VECTOR('',#7888,1.);
#7888 = DIRECTION('',(0.,0.,1.));
#7889 = ORIENTED_EDGE('',*,*,#7890,.T.);
#7890 = EDGE_CURVE('',#7881,#7891,#7893,.T.);
#7891 = VERTEX_POINT('',#7892);
#7892 = CARTESIAN_POINT('',(129.,310.,124.5));
#7893 = LINE('',#7894,#7895);
#7894 = CARTESIAN_POINT('',(129.,280.,124.5));
#7895 = VECTOR('',#7896,1.);
#7896 = DIRECTION('',(-0.,1.,0.));
#7897 = ORIENTED_EDGE('',*,*,#7898,.T.);
#7898 = EDGE_CURVE('',#7891,#7899,#7901,.T.);
#7899 = VERTEX_POINT('',#7900);
#7900 = CARTESIAN_POINT('',(129.,310.,134.5));
#7901 = LINE('',#7902,#7903);
#7902 = CARTESIAN_POINT('',(129.,310.,124.5));
#7903 = VECTOR('',#7904,1.);
#7904 = DIRECTION('',(0.,0.,1.));
#7905 = ORIENTED_EDGE('',*,*,#7906,.F.);
#7906 = EDGE_CURVE('',#7883,#7899,#7907,.T.);
#7907 = LINE('',#7908,#7909);
#7908 = CARTESIAN_POINT('',(129.,280.,134.5));
#7909 = VECTOR('',#7910,1.);
#7910 = DIRECTION('',(-0.,1.,0.));
#7911 = PLANE('',#7912);
#7912 = AXIS2_PLACEMENT_3D('',#7913,#7914,#7915);
#7913 = CARTESIAN_POINT('',(129.,280.,124.5));
#7914 = DIRECTION('',(1.,0.,-0.));
#7915 = DIRECTION('',(0.,0.,1.));
#7916 = ADVANCED_FACE('',(#7917),#7933,.F.);
#7917 = FACE_BOUND('',#7918,.F.);
#7918 = EDGE_LOOP('',(#7919,#7925,#7926,#7932));
#7919 = ORIENTED_EDGE('',*,*,#7920,.F.);
#7920 = EDGE_CURVE('',#7841,#7881,#7921,.T.);
#7921 = LINE('',#7922,#7923);
#7922 = CARTESIAN_POINT('',(20.,280.,124.5));
#7923 = VECTOR('',#7924,1.);
#7924 = DIRECTION('',(1.,0.,-0.));
#7925 = ORIENTED_EDGE('',*,*,#7840,.T.);
#7926 = ORIENTED_EDGE('',*,*,#7927,.T.);
#7927 = EDGE_CURVE('',#7843,#7883,#7928,.T.);
#7928 = LINE('',#7929,#7930);
#7929 = CARTESIAN_POINT('',(20.,280.,134.5));
#7930 = VECTOR('',#7931,1.);
#7931 = DIRECTION('',(1.,0.,-0.));
#7932 = ORIENTED_EDGE('',*,*,#7880,.F.);
#7933 = PLANE('',#7934);
#7934 = AXIS2_PLACEMENT_3D('',#7935,#7936,#7937);
#7935 = CARTESIAN_POINT('',(20.,280.,124.5));
#7936 = DIRECTION('',(-0.,1.,0.));
#7937 = DIRECTION('',(0.,0.,1.));
#7938 = ADVANCED_FACE('',(#7939),#7955,.T.);
#7939 = FACE_BOUND('',#7940,.T.);
#7940 = EDGE_LOOP('',(#7941,#7947,#7948,#7954));
#7941 = ORIENTED_EDGE('',*,*,#7942,.F.);
#7942 = EDGE_CURVE('',#7851,#7891,#7943,.T.);
#7943 = LINE('',#7944,#7945);
#7944 = CARTESIAN_POINT('',(20.,310.,124.5));
#7945 = VECTOR('',#7946,1.);
#7946 = DIRECTION('',(1.,0.,-0.));
#7947 = ORIENTED_EDGE('',*,*,#7858,.T.);
#7948 = ORIENTED_EDGE('',*,*,#7949,.T.);
#7949 = EDGE_CURVE('',#7859,#7899,#7950,.T.);
#7950 = LINE('',#7951,#7952);
#7951 = CARTESIAN_POINT('',(20.,310.,134.5));
#7952 = VECTOR('',#7953,1.);
#7953 = DIRECTION('',(1.,0.,-0.));
#7954 = ORIENTED_EDGE('',*,*,#7898,.F.);
#7955 = PLANE('',#7956);
#7956 = AXIS2_PLACEMENT_3D('',#7957,#7958,#7959);
#7957 = CARTESIAN_POINT('',(20.,310.,124.5));
#7958 = DIRECTION('',(-0.,1.,0.));
#7959 = DIRECTION('',(0.,0.,1.));
#7960 = ADVANCED_FACE('',(#7961),#7967,.F.);
#7961 = FACE_BOUND('',#7962,.F.);
#7962 = EDGE_LOOP('',(#7963,#7964,#7965,#7966));
#7963 = ORIENTED_EDGE('',*,*,#7850,.F.);
#7964 = ORIENTED_EDGE('',*,*,#7920,.T.);
#7965 = ORIENTED_EDGE('',*,*,#7890,.T.);
#7966 = ORIENTED_EDGE('',*,*,#7942,.F.);
#7967 = PLANE('',#7968);
#7968 = AXIS2_PLACEMENT_3D('',#7969,#7970,#7971);
#7969 = CARTESIAN_POINT('',(20.,280.,124.5));
#7970 = DIRECTION('',(0.,0.,1.));
#7971 = DIRECTION('',(1.,0.,-0.));
#7972 = ADVANCED_FACE('',(#7973),#7979,.T.);
#7973 = FACE_BOUND('',#7974,.T.);
#7974 = EDGE_LOOP('',(#7975,#7976,#7977,#7978));
#7975 = ORIENTED_EDGE('',*,*,#7866,.F.);
#7976 = ORIENTED_EDGE('',*,*,#7927,.T.);
#7977 = ORIENTED_EDGE('',*,*,#7906,.T.);
#7978 = ORIENTED_EDGE('',*,*,#7949,.F.);
#7979 = PLANE('',#7980);
#7980 = AXIS2_PLACEMENT_3D('',#7981,#7982,#7983);
#7981 = CARTESIAN_POINT('',(20.,280.,134.5));
#7982 = DIRECTION('',(0.,0.,1.));
#7983 = DIRECTION('',(1.,0.,-0.));
#7984 = MANIFOLD_SOLID_BREP('',#7985);
#7985 = CLOSED_SHELL('',(#7986,#8026,#8066,#8088,#8110,#8122));
#7986 = ADVANCED_FACE('',(#7987),#8021,.F.);
#7987 = FACE_BOUND('',#7988,.F.);
#7988 = EDGE_LOOP('',(#7989,#7999,#8007,#8015));
#7989 = ORIENTED_EDGE('',*,*,#7990,.F.);
#7990 = EDGE_CURVE('',#7991,#7993,#7995,.T.);
#7991 = VERTEX_POINT('',#7992);
#7992 = CARTESIAN_POINT('',(321.,280.,124.5));
#7993 = VERTEX_POINT('',#7994);
#7994 = CARTESIAN_POINT('',(321.,280.,134.5));
#7995 = LINE('',#7996,#7997);
#7996 = CARTESIAN_POINT('',(321.,280.,124.5));
#7997 = VECTOR('',#7998,1.);
#7998 = DIRECTION('',(0.,0.,1.));
#7999 = ORIENTED_EDGE('',*,*,#8000,.T.);
#8000 = EDGE_CURVE('',#7991,#8001,#8003,.T.);
#8001 = VERTEX_POINT('',#8002);
#8002 = CARTESIAN_POINT('',(321.,310.,124.5));
#8003 = LINE('',#8004,#8005);
#8004 = CARTESIAN_POINT('',(321.,280.,124.5));
#8005 = VECTOR('',#8006,1.);
#8006 = DIRECTION('',(-0.,1.,0.));
#8007 = ORIENTED_EDGE('',*,*,#8008,.T.);
#8008 = EDGE_CURVE('',#8001,#8009,#8011,.T.);
#8009 = VERTEX_POINT('',#8010);
#8010 = CARTESIAN_POINT('',(321.,310.,134.5));
#8011 = LINE('',#8012,#8013);
#8012 = CARTESIAN_POINT('',(321.,310.,124.5));
#8013 = VECTOR('',#8014,1.);
#8014 = DIRECTION('',(0.,0.,1.));
#8015 = ORIENTED_EDGE('',*,*,#8016,.F.);
#8016 = EDGE_CURVE('',#7993,#8009,#8017,.T.);
#8017 = LINE('',#8018,#8019);
#8018 = CARTESIAN_POINT('',(321.,280.,134.5));
#8019 = VECTOR('',#8020,1.);
#8020 = DIRECTION('',(-0.,1.,0.));
#8021 = PLANE('',#8022);
#8022 = AXIS2_PLACEMENT_3D('',#8023,#8024,#8025);
#8023 = CARTESIAN_POINT('',(321.,280.,124.5));
#8024 = DIRECTION('',(1.,0.,-0.));
#8025 = DIRECTION('',(0.,0.,1.));
#8026 = ADVANCED_FACE('',(#8027),#8061,.T.);
#8027 = FACE_BOUND('',#8028,.T.);
#8028 = EDGE_LOOP('',(#8029,#8039,#8047,#8055));
#8029 = ORIENTED_EDGE('',*,*,#8030,.F.);
#8030 = EDGE_CURVE('',#8031,#8033,#8035,.T.);
#8031 = VERTEX_POINT('',#8032);
#8032 = CARTESIAN_POINT('',(430.,280.,124.5));
#8033 = VERTEX_POINT('',#8034);
#8034 = CARTESIAN_POINT('',(430.,280.,134.5));
#8035 = LINE('',#8036,#8037);
#8036 = CARTESIAN_POINT('',(430.,280.,124.5));
#8037 = VECTOR('',#8038,1.);
#8038 = DIRECTION('',(0.,0.,1.));
#8039 = ORIENTED_EDGE('',*,*,#8040,.T.);
#8040 = EDGE_CURVE('',#8031,#8041,#8043,.T.);
#8041 = VERTEX_POINT('',#8042);
#8042 = CARTESIAN_POINT('',(430.,310.,124.5));
#8043 = LINE('',#8044,#8045);
#8044 = CARTESIAN_POINT('',(430.,280.,124.5));
#8045 = VECTOR('',#8046,1.);
#8046 = DIRECTION('',(-0.,1.,0.));
#8047 = ORIENTED_EDGE('',*,*,#8048,.T.);
#8048 = EDGE_CURVE('',#8041,#8049,#8051,.T.);
#8049 = VERTEX_POINT('',#8050);
#8050 = CARTESIAN_POINT('',(430.,310.,134.5));
#8051 = LINE('',#8052,#8053);
#8052 = CARTESIAN_POINT('',(430.,310.,124.5));
#8053 = VECTOR('',#8054,1.);
#8054 = DIRECTION('',(0.,0.,1.));
#8055 = ORIENTED_EDGE('',*,*,#8056,.F.);
#8056 = EDGE_CURVE('',#8033,#8049,#8057,.T.);
#8057 = LINE('',#8058,#8059);
#8058 = CARTESIAN_POINT('',(430.,280.,134.5));
#8059 = VECTOR('',#8060,1.);
#8060 = DIRECTION('',(-0.,1.,0.));
#8061 = PLANE('',#8062);
#8062 = AXIS2_PLACEMENT_3D('',#8063,#8064,#8065);
#8063 = CARTESIAN_POINT('',(430.,280.,124.5));
#8064 = DIRECTION('',(1.,0.,-0.));
#8065 = DIRECTION('',(0.,0.,1.));
#8066 = ADVANCED_FACE('',(#8067),#8083,.F.);
#8067 = FACE_BOUND('',#8068,.F.);
#8068 = EDGE_LOOP('',(#8069,#8075,#8076,#8082));
#8069 = ORIENTED_EDGE('',*,*,#8070,.F.);
#8070 = EDGE_CURVE('',#7991,#8031,#8071,.T.);
#8071 = LINE('',#8072,#8073);
#8072 = CARTESIAN_POINT('',(321.,280.,124.5));
#8073 = VECTOR('',#8074,1.);
#8074 = DIRECTION('',(1.,0.,-0.));
#8075 = ORIENTED_EDGE('',*,*,#7990,.T.);
#8076 = ORIENTED_EDGE('',*,*,#8077,.T.);
#8077 = EDGE_CURVE('',#7993,#8033,#8078,.T.);
#8078 = LINE('',#8079,#8080);
#8079 = CARTESIAN_POINT('',(321.,280.,134.5));
#8080 = VECTOR('',#8081,1.);
#8081 = DIRECTION('',(1.,0.,-0.));
#8082 = ORIENTED_EDGE('',*,*,#8030,.F.);
#8083 = PLANE('',#8084);
#8084 = AXIS2_PLACEMENT_3D('',#8085,#8086,#8087);
#8085 = CARTESIAN_POINT('',(321.,280.,124.5));
#8086 = DIRECTION('',(-0.,1.,0.));
#8087 = DIRECTION('',(0.,0.,1.));
#8088 = ADVANCED_FACE('',(#8089),#8105,.T.);
#8089 = FACE_BOUND('',#8090,.T.);
#8090 = EDGE_LOOP('',(#8091,#8097,#8098,#8104));
#8091 = ORIENTED_EDGE('',*,*,#8092,.F.);
#8092 = EDGE_CURVE('',#8001,#8041,#8093,.T.);
#8093 = LINE('',#8094,#8095);
#8094 = CARTESIAN_POINT('',(321.,310.,124.5));
#8095 = VECTOR('',#8096,1.);
#8096 = DIRECTION('',(1.,0.,-0.));
#8097 = ORIENTED_EDGE('',*,*,#8008,.T.);
#8098 = ORIENTED_EDGE('',*,*,#8099,.T.);
#8099 = EDGE_CURVE('',#8009,#8049,#8100,.T.);
#8100 = LINE('',#8101,#8102);
#8101 = CARTESIAN_POINT('',(321.,310.,134.5));
#8102 = VECTOR('',#8103,1.);
#8103 = DIRECTION('',(1.,0.,-0.));
#8104 = ORIENTED_EDGE('',*,*,#8048,.F.);
#8105 = PLANE('',#8106);
#8106 = AXIS2_PLACEMENT_3D('',#8107,#8108,#8109);
#8107 = CARTESIAN_POINT('',(321.,310.,124.5));
#8108 = DIRECTION('',(-0.,1.,0.));
#8109 = DIRECTION('',(0.,0.,1.));
#8110 = ADVANCED_FACE('',(#8111),#8117,.F.);
#8111 = FACE_BOUND('',#8112,.F.);
#8112 = EDGE_LOOP('',(#8113,#8114,#8115,#8116));
#8113 = ORIENTED_EDGE('',*,*,#8000,.F.);
#8114 = ORIENTED_EDGE('',*,*,#8070,.T.);
#8115 = ORIENTED_EDGE('',*,*,#8040,.T.);
#8116 = ORIENTED_EDGE('',*,*,#8092,.F.);
#8117 = PLANE('',#8118);
#8118 = AXIS2_PLACEMENT_3D('',#8119,#8120,#8121);
#8119 = CARTESIAN_POINT('',(321.,280.,124.5));
#8120 = DIRECTION('',(0.,0.,1.));
#8121 = DIRECTION('',(1.,0.,-0.));
#8122 = ADVANCED_FACE('',(#8123),#8129,.T.);
#8123 = FACE_BOUND('',#8124,.T.);
#8124 = EDGE_LOOP('',(#8125,#8126,#8127,#8128));
#8125 = ORIENTED_EDGE('',*,*,#8016,.F.);
#8126 = ORIENTED_EDGE('',*,*,#8077,.T.);
#8127 = ORIENTED_EDGE('',*,*,#8056,.T.);
#8128 = ORIENTED_EDGE('',*,*,#8099,.F.);
#8129 = PLANE('',#8130);
#8130 = AXIS2_PLACEMENT_3D('',#8131,#8132,#8133);
#8131 = CARTESIAN_POINT('',(321.,280.,134.5));
#8132 = DIRECTION('',(0.,0.,1.));
#8133 = DIRECTION('',(1.,0.,-0.));
#8134 = ( GEOMETRIC_REPRESENTATION_CONTEXT(3) 
GLOBAL_UNCERTAINTY_ASSIGNED_CONTEXT((#8138)) 
GLOBAL_UNIT_ASSIGNED_CONTEXT((#8135,#8136,#8137)) REPRESENTATION_CONTEXT
('Context #1','3D Context with UNIT and UNCERTAINTY') );
#8135 = ( LENGTH_UNIT() NAMED_UNIT(*) SI_UNIT(.MILLI.,.METRE.) );
#8136 = ( NAMED_UNIT(*) PLANE_ANGLE_UNIT() SI_UNIT($,.RADIAN.) );
#8137 = ( NAMED_UNIT(*) SI_UNIT($,.STERADIAN.) SOLID_ANGLE_UNIT() );
#8138 = UNCERTAINTY_MEASURE_WITH_UNIT(LENGTH_MEASURE(1.E-07),#8135,
  'distance_accuracy_value','confusion accuracy');
#8139 = CONTEXT_DEPENDENT_SHAPE_REPRESENTATION(#8140,#8142);
#8140 = ( REPRESENTATION_RELATIONSHIP('','',#7833,#10) 
REPRESENTATION_RELATIONSHIP_WITH_TRANSFORMATION(#8141) 
SHAPE_REPRESENTATION_RELATIONSHIP() );
#8141 = ITEM_DEFINED_TRANSFORMATION('','',#11,#119);
#8142 = PRODUCT_DEFINITION_SHAPE('Placement','Placement of an item',
  #8143);
#8143 = NEXT_ASSEMBLY_USAGE_OCCURRENCE('27',
  '后部两侧隔振承托梁','',#5,#7828,$);
#8144 = PRODUCT_RELATED_PRODUCT_CATEGORY('part',$,(#7830));
#8145 = SHAPE_DEFINITION_REPRESENTATION(#8146,#8152);
#8146 = PRODUCT_DEFINITION_SHAPE('','',#8147);
#8147 = PRODUCT_DEFINITION('design','',#8148,#8151);
#8148 = PRODUCT_DEFINITION_FORMATION('','',#8149);
#8149 = PRODUCT('弹性支承 1（刚度待定）',
  '弹性支承 1（刚度待定）','',(#8150));
#8150 = PRODUCT_CONTEXT('',#2,'mechanical');
#8151 = PRODUCT_DEFINITION_CONTEXT('part definition',#2,'design');
#8152 = ADVANCED_BREP_SHAPE_REPRESENTATION('',(#11,#8153),#8206);
#8153 = MANIFOLD_SOLID_BREP('',#8154);
#8154 = CLOSED_SHELL('',(#8155,#8188,#8197));
#8155 = ADVANCED_FACE('',(#8156),#8183,.T.);
#8156 = FACE_BOUND('',#8157,.T.);
#8157 = EDGE_LOOP('',(#8158,#8167,#8175,#8182));
#8158 = ORIENTED_EDGE('',*,*,#8159,.F.);
#8159 = EDGE_CURVE('',#8160,#8160,#8162,.T.);
#8160 = VERTEX_POINT('',#8161);
#8161 = CARTESIAN_POINT('',(52.,100.,139.5));
#8162 = CIRCLE('',#8163,8.);
#8163 = AXIS2_PLACEMENT_3D('',#8164,#8165,#8166);
#8164 = CARTESIAN_POINT('',(44.,100.,139.5));
#8165 = DIRECTION('',(0.,0.,1.));
#8166 = DIRECTION('',(1.,0.,-0.));
#8167 = ORIENTED_EDGE('',*,*,#8168,.F.);
#8168 = EDGE_CURVE('',#8169,#8160,#8171,.T.);
#8169 = VERTEX_POINT('',#8170);
#8170 = CARTESIAN_POINT('',(52.,100.,131.5));
#8171 = LINE('',#8172,#8173);
#8172 = CARTESIAN_POINT('',(52.,100.,131.5));
#8173 = VECTOR('',#8174,1.);
#8174 = DIRECTION('',(0.,0.,1.));
#8175 = ORIENTED_EDGE('',*,*,#8176,.T.);
#8176 = EDGE_CURVE('',#8169,#8169,#8177,.T.);
#8177 = CIRCLE('',#8178,8.);
#8178 = AXIS2_PLACEMENT_3D('',#8179,#8180,#8181);
#8179 = CARTESIAN_POINT('',(44.,100.,131.5));
#8180 = DIRECTION('',(0.,0.,1.));
#8181 = DIRECTION('',(1.,0.,-0.));
#8182 = ORIENTED_EDGE('',*,*,#8168,.T.);
#8183 = CYLINDRICAL_SURFACE('',#8184,8.);
#8184 = AXIS2_PLACEMENT_3D('',#8185,#8186,#8187);
#8185 = CARTESIAN_POINT('',(44.,100.,131.5));
#8186 = DIRECTION('',(0.,0.,1.));
#8187 = DIRECTION('',(1.,0.,-0.));
#8188 = ADVANCED_FACE('',(#8189),#8192,.T.);
#8189 = FACE_BOUND('',#8190,.T.);
#8190 = EDGE_LOOP('',(#8191));
#8191 = ORIENTED_EDGE('',*,*,#8159,.T.);
#8192 = PLANE('',#8193);
#8193 = AXIS2_PLACEMENT_3D('',#8194,#8195,#8196);
#8194 = CARTESIAN_POINT('',(44.,100.,139.5));
#8195 = DIRECTION('',(0.,0.,1.));
#8196 = DIRECTION('',(1.,0.,-0.));
#8197 = ADVANCED_FACE('',(#8198),#8201,.F.);
#8198 = FACE_BOUND('',#8199,.T.);
#8199 = EDGE_LOOP('',(#8200));
#8200 = ORIENTED_EDGE('',*,*,#8176,.F.);
#8201 = PLANE('',#8202);
#8202 = AXIS2_PLACEMENT_3D('',#8203,#8204,#8205);
#8203 = CARTESIAN_POINT('',(44.,100.,131.5));
#8204 = DIRECTION('',(0.,0.,1.));
#8205 = DIRECTION('',(1.,0.,-0.));
#8206 = ( GEOMETRIC_REPRESENTATION_CONTEXT(3) 
GLOBAL_UNCERTAINTY_ASSIGNED_CONTEXT((#8210)) 
GLOBAL_UNIT_ASSIGNED_CONTEXT((#8207,#8208,#8209)) REPRESENTATION_CONTEXT
('Context #1','3D Context with UNIT and UNCERTAINTY') );
#8207 = ( LENGTH_UNIT() NAMED_UNIT(*) SI_UNIT(.MILLI.,.METRE.) );
#8208 = ( NAMED_UNIT(*) PLANE_ANGLE_UNIT() SI_UNIT($,.RADIAN.) );
#8209 = ( NAMED_UNIT(*) SI_UNIT($,.STERADIAN.) SOLID_ANGLE_UNIT() );
#8210 = UNCERTAINTY_MEASURE_WITH_UNIT(LENGTH_MEASURE(1.E-07),#8207,
  'distance_accuracy_value','confusion accuracy');
#8211 = CONTEXT_DEPENDENT_SHAPE_REPRESENTATION(#8212,#8214);
#8212 = ( REPRESENTATION_RELATIONSHIP('','',#8152,#10) 
REPRESENTATION_RELATIONSHIP_WITH_TRANSFORMATION(#8213) 
SHAPE_REPRESENTATION_RELATIONSHIP() );
#8213 = ITEM_DEFINED_TRANSFORMATION('','',#11,#123);
#8214 = PRODUCT_DEFINITION_SHAPE('Placement','Placement of an item',
  #8215);
#8215 = NEXT_ASSEMBLY_USAGE_OCCURRENCE('28',
  '弹性支承 1（刚度待定）','',#5,#8147,$);
#8216 = PRODUCT_RELATED_PRODUCT_CATEGORY('part',$,(#8149));
#8217 = SHAPE_DEFINITION_REPRESENTATION(#8218,#8224);
#8218 = PRODUCT_DEFINITION_SHAPE('','',#8219);
#8219 = PRODUCT_DEFINITION('design','',#8220,#8223);
#8220 = PRODUCT_DEFINITION_FORMATION('','',#8221);
#8221 = PRODUCT('弹性支承 2（刚度待定）',
  '弹性支承 2（刚度待定）','',(#8222));
#8222 = PRODUCT_CONTEXT('',#2,'mechanical');
#8223 = PRODUCT_DEFINITION_CONTEXT('part definition',#2,'design');
#8224 = ADVANCED_BREP_SHAPE_REPRESENTATION('',(#11,#8225),#8278);
#8225 = MANIFOLD_SOLID_BREP('',#8226);
#8226 = CLOSED_SHELL('',(#8227,#8260,#8269));
#8227 = ADVANCED_FACE('',(#8228),#8255,.T.);
#8228 = FACE_BOUND('',#8229,.T.);
#8229 = EDGE_LOOP('',(#8230,#8239,#8247,#8254));
#8230 = ORIENTED_EDGE('',*,*,#8231,.F.);
#8231 = EDGE_CURVE('',#8232,#8232,#8234,.T.);
#8232 = VERTEX_POINT('',#8233);
#8233 = CARTESIAN_POINT('',(414.,100.,139.5));
#8234 = CIRCLE('',#8235,8.);
#8235 = AXIS2_PLACEMENT_3D('',#8236,#8237,#8238);
#8236 = CARTESIAN_POINT('',(406.,100.,139.5));
#8237 = DIRECTION('',(0.,0.,1.));
#8238 = DIRECTION('',(1.,0.,-0.));
#8239 = ORIENTED_EDGE('',*,*,#8240,.F.);
#8240 = EDGE_CURVE('',#8241,#8232,#8243,.T.);
#8241 = VERTEX_POINT('',#8242);
#8242 = CARTESIAN_POINT('',(414.,100.,131.5));
#8243 = LINE('',#8244,#8245);
#8244 = CARTESIAN_POINT('',(414.,100.,131.5));
#8245 = VECTOR('',#8246,1.);
#8246 = DIRECTION('',(0.,0.,1.));
#8247 = ORIENTED_EDGE('',*,*,#8248,.T.);
#8248 = EDGE_CURVE('',#8241,#8241,#8249,.T.);
#8249 = CIRCLE('',#8250,8.);
#8250 = AXIS2_PLACEMENT_3D('',#8251,#8252,#8253);
#8251 = CARTESIAN_POINT('',(406.,100.,131.5));
#8252 = DIRECTION('',(0.,0.,1.));
#8253 = DIRECTION('',(1.,0.,-0.));
#8254 = ORIENTED_EDGE('',*,*,#8240,.T.);
#8255 = CYLINDRICAL_SURFACE('',#8256,8.);
#8256 = AXIS2_PLACEMENT_3D('',#8257,#8258,#8259);
#8257 = CARTESIAN_POINT('',(406.,100.,131.5));
#8258 = DIRECTION('',(0.,0.,1.));
#8259 = DIRECTION('',(1.,0.,-0.));
#8260 = ADVANCED_FACE('',(#8261),#8264,.T.);
#8261 = FACE_BOUND('',#8262,.T.);
#8262 = EDGE_LOOP('',(#8263));
#8263 = ORIENTED_EDGE('',*,*,#8231,.T.);
#8264 = PLANE('',#8265);
#8265 = AXIS2_PLACEMENT_3D('',#8266,#8267,#8268);
#8266 = CARTESIAN_POINT('',(406.,100.,139.5));
#8267 = DIRECTION('',(0.,0.,1.));
#8268 = DIRECTION('',(1.,0.,-0.));
#8269 = ADVANCED_FACE('',(#8270),#8273,.F.);
#8270 = FACE_BOUND('',#8271,.T.);
#8271 = EDGE_LOOP('',(#8272));
#8272 = ORIENTED_EDGE('',*,*,#8248,.F.);
#8273 = PLANE('',#8274);
#8274 = AXIS2_PLACEMENT_3D('',#8275,#8276,#8277);
#8275 = CARTESIAN_POINT('',(406.,100.,131.5));
#8276 = DIRECTION('',(0.,0.,1.));
#8277 = DIRECTION('',(1.,0.,-0.));
#8278 = ( GEOMETRIC_REPRESENTATION_CONTEXT(3) 
GLOBAL_UNCERTAINTY_ASSIGNED_CONTEXT((#8282)) 
GLOBAL_UNIT_ASSIGNED_CONTEXT((#8279,#8280,#8281)) REPRESENTATION_CONTEXT
('Context #1','3D Context with UNIT and UNCERTAINTY') );
#8279 = ( LENGTH_UNIT() NAMED_UNIT(*) SI_UNIT(.MILLI.,.METRE.) );
#8280 = ( NAMED_UNIT(*) PLANE_ANGLE_UNIT() SI_UNIT($,.RADIAN.) );
#8281 = ( NAMED_UNIT(*) SI_UNIT($,.STERADIAN.) SOLID_ANGLE_UNIT() );
#8282 = UNCERTAINTY_MEASURE_WITH_UNIT(LENGTH_MEASURE(1.E-07),#8279,
  'distance_accuracy_value','confusion accuracy');
#8283 = CONTEXT_DEPENDENT_SHAPE_REPRESENTATION(#8284,#8286);
#8284 = ( REPRESENTATION_RELATIONSHIP('','',#8224,#10) 
REPRESENTATION_RELATIONSHIP_WITH_TRANSFORMATION(#8285) 
SHAPE_REPRESENTATION_RELATIONSHIP() );
#8285 = ITEM_DEFINED_TRANSFORMATION('','',#11,#127);
#8286 = PRODUCT_DEFINITION_SHAPE('Placement','Placement of an item',
  #8287);
#8287 = NEXT_ASSEMBLY_USAGE_OCCURRENCE('29',
  '弹性支承 2（刚度待定）','',#5,#8219,$);
#8288 = PRODUCT_RELATED_PRODUCT_CATEGORY('part',$,(#8221));
#8289 = SHAPE_DEFINITION_REPRESENTATION(#8290,#8296);
#8290 = PRODUCT_DEFINITION_SHAPE('','',#8291);
#8291 = PRODUCT_DEFINITION('design','',#8292,#8295);
#8292 = PRODUCT_DEFINITION_FORMATION('','',#8293);
#8293 = PRODUCT('弹性支承 3（刚度待定）',
  '弹性支承 3（刚度待定）','',(#8294));
#8294 = PRODUCT_CONTEXT('',#2,'mechanical');
#8295 = PRODUCT_DEFINITION_CONTEXT('part definition',#2,'design');
#8296 = ADVANCED_BREP_SHAPE_REPRESENTATION('',(#11,#8297),#8350);
#8297 = MANIFOLD_SOLID_BREP('',#8298);
#8298 = CLOSED_SHELL('',(#8299,#8332,#8341));
#8299 = ADVANCED_FACE('',(#8300),#8327,.T.);
#8300 = FACE_BOUND('',#8301,.T.);
#8301 = EDGE_LOOP('',(#8302,#8311,#8319,#8326));
#8302 = ORIENTED_EDGE('',*,*,#8303,.F.);
#8303 = EDGE_CURVE('',#8304,#8304,#8306,.T.);
#8304 = VERTEX_POINT('',#8305);
#8305 = CARTESIAN_POINT('',(233.,295.,139.5));
#8306 = CIRCLE('',#8307,8.);
#8307 = AXIS2_PLACEMENT_3D('',#8308,#8309,#8310);
#8308 = CARTESIAN_POINT('',(225.,295.,139.5));
#8309 = DIRECTION('',(0.,0.,1.));
#8310 = DIRECTION('',(1.,0.,-0.));
#8311 = ORIENTED_EDGE('',*,*,#8312,.F.);
#8312 = EDGE_CURVE('',#8313,#8304,#8315,.T.);
#8313 = VERTEX_POINT('',#8314);
#8314 = CARTESIAN_POINT('',(233.,295.,131.5));
#8315 = LINE('',#8316,#8317);
#8316 = CARTESIAN_POINT('',(233.,295.,131.5));
#8317 = VECTOR('',#8318,1.);
#8318 = DIRECTION('',(0.,0.,1.));
#8319 = ORIENTED_EDGE('',*,*,#8320,.T.);
#8320 = EDGE_CURVE('',#8313,#8313,#8321,.T.);
#8321 = CIRCLE('',#8322,8.);
#8322 = AXIS2_PLACEMENT_3D('',#8323,#8324,#8325);
#8323 = CARTESIAN_POINT('',(225.,295.,131.5));
#8324 = DIRECTION('',(0.,0.,1.));
#8325 = DIRECTION('',(1.,0.,-0.));
#8326 = ORIENTED_EDGE('',*,*,#8312,.T.);
#8327 = CYLINDRICAL_SURFACE('',#8328,8.);
#8328 = AXIS2_PLACEMENT_3D('',#8329,#8330,#8331);
#8329 = CARTESIAN_POINT('',(225.,295.,131.5));
#8330 = DIRECTION('',(0.,0.,1.));
#8331 = DIRECTION('',(1.,0.,-0.));
#8332 = ADVANCED_FACE('',(#8333),#8336,.T.);
#8333 = FACE_BOUND('',#8334,.T.);
#8334 = EDGE_LOOP('',(#8335));
#8335 = ORIENTED_EDGE('',*,*,#8303,.T.);
#8336 = PLANE('',#8337);
#8337 = AXIS2_PLACEMENT_3D('',#8338,#8339,#8340);
#8338 = CARTESIAN_POINT('',(225.,295.,139.5));
#8339 = DIRECTION('',(0.,0.,1.));
#8340 = DIRECTION('',(1.,0.,-0.));
#8341 = ADVANCED_FACE('',(#8342),#8345,.F.);
#8342 = FACE_BOUND('',#8343,.T.);
#8343 = EDGE_LOOP('',(#8344));
#8344 = ORIENTED_EDGE('',*,*,#8320,.F.);
#8345 = PLANE('',#8346);
#8346 = AXIS2_PLACEMENT_3D('',#8347,#8348,#8349);
#8347 = CARTESIAN_POINT('',(225.,295.,131.5));
#8348 = DIRECTION('',(0.,0.,1.));
#8349 = DIRECTION('',(1.,0.,-0.));
#8350 = ( GEOMETRIC_REPRESENTATION_CONTEXT(3) 
GLOBAL_UNCERTAINTY_ASSIGNED_CONTEXT((#8354)) 
GLOBAL_UNIT_ASSIGNED_CONTEXT((#8351,#8352,#8353)) REPRESENTATION_CONTEXT
('Context #1','3D Context with UNIT and UNCERTAINTY') );
#8351 = ( LENGTH_UNIT() NAMED_UNIT(*) SI_UNIT(.MILLI.,.METRE.) );
#8352 = ( NAMED_UNIT(*) PLANE_ANGLE_UNIT() SI_UNIT($,.RADIAN.) );
#8353 = ( NAMED_UNIT(*) SI_UNIT($,.STERADIAN.) SOLID_ANGLE_UNIT() );
#8354 = UNCERTAINTY_MEASURE_WITH_UNIT(LENGTH_MEASURE(1.E-07),#8351,
  'distance_accuracy_value','confusion accuracy');
#8355 = CONTEXT_DEPENDENT_SHAPE_REPRESENTATION(#8356,#8358);
#8356 = ( REPRESENTATION_RELATIONSHIP('','',#8296,#10) 
REPRESENTATION_RELATIONSHIP_WITH_TRANSFORMATION(#8357) 
SHAPE_REPRESENTATION_RELATIONSHIP() );
#8357 = ITEM_DEFINED_TRANSFORMATION('','',#11,#131);
#8358 = PRODUCT_DEFINITION_SHAPE('Placement','Placement of an item',
  #8359);
#8359 = NEXT_ASSEMBLY_USAGE_OCCURRENCE('30',
  '弹性支承 3（刚度待定）','',#5,#8291,$);
#8360 = PRODUCT_RELATED_PRODUCT_CATEGORY('part',$,(#8293));
#8361 = SHAPE_DEFINITION_REPRESENTATION(#8362,#8368);
#8362 = PRODUCT_DEFINITION_SHAPE('','',#8363);
#8363 = PRODUCT_DEFINITION('design','',#8364,#8367);
#8364 = PRODUCT_DEFINITION_FORMATION('','',#8365);
#8365 = PRODUCT('现有承载板（机芯开口与孔位待调整）',
  '现有承载板（机芯开口与孔位待调整）','',(#8366));
#8366 = PRODUCT_CONTEXT('',#2,'mechanical');
#8367 = PRODUCT_DEFINITION_CONTEXT('part definition',#2,'design');
#8368 = ADVANCED_BREP_SHAPE_REPRESENTATION('',(#11,#8369),#8693);
#8369 = MANIFOLD_SOLID_BREP('',#8370);
#8370 = CLOSED_SHELL('',(#8371,#8411,#8442,#8477,#8501,#8562,#8574,#8591
    ,#8616,#8641,#8666,#8675,#8684));
#8371 = ADVANCED_FACE('',(#8372),#8406,.F.);
#8372 = FACE_BOUND('',#8373,.F.);
#8373 = EDGE_LOOP('',(#8374,#8384,#8392,#8400));
#8374 = ORIENTED_EDGE('',*,*,#8375,.F.);
#8375 = EDGE_CURVE('',#8376,#8378,#8380,.T.);
#8376 = VERTEX_POINT('',#8377);
#8377 = CARTESIAN_POINT('',(14.,6.,136.5));
#8378 = VERTEX_POINT('',#8379);
#8379 = CARTESIAN_POINT('',(14.,6.,146.5));
#8380 = LINE('',#8381,#8382);
#8381 = CARTESIAN_POINT('',(14.,6.,136.5));
#8382 = VECTOR('',#8383,1.);
#8383 = DIRECTION('',(0.,0.,1.));
#8384 = ORIENTED_EDGE('',*,*,#8385,.T.);
#8385 = EDGE_CURVE('',#8376,#8386,#8388,.T.);
#8386 = VERTEX_POINT('',#8387);
#8387 = CARTESIAN_POINT('',(14.,336.,136.5));
#8388 = LINE('',#8389,#8390);
#8389 = CARTESIAN_POINT('',(14.,6.,136.5));
#8390 = VECTOR('',#8391,1.);
#8391 = DIRECTION('',(-0.,1.,0.));
#8392 = ORIENTED_EDGE('',*,*,#8393,.T.);
#8393 = EDGE_CURVE('',#8386,#8394,#8396,.T.);
#8394 = VERTEX_POINT('',#8395);
#8395 = CARTESIAN_POINT('',(14.,336.,146.5));
#8396 = LINE('',#8397,#8398);
#8397 = CARTESIAN_POINT('',(14.,336.,136.5));
#8398 = VECTOR('',#8399,1.);
#8399 = DIRECTION('',(0.,0.,1.));
#8400 = ORIENTED_EDGE('',*,*,#8401,.F.);
#8401 = EDGE_CURVE('',#8378,#8394,#8402,.T.);
#8402 = LINE('',#8403,#8404);
#8403 = CARTESIAN_POINT('',(14.,6.,146.5));
#8404 = VECTOR('',#8405,1.);
#8405 = DIRECTION('',(-0.,1.,0.));
#8406 = PLANE('',#8407);
#8407 = AXIS2_PLACEMENT_3D('',#8408,#8409,#8410);
#8408 = CARTESIAN_POINT('',(14.,6.,136.5));
#8409 = DIRECTION('',(1.,0.,-0.));
#8410 = DIRECTION('',(0.,0.,1.));
#8411 = ADVANCED_FACE('',(#8412),#8437,.F.);
#8412 = FACE_BOUND('',#8413,.F.);
#8413 = EDGE_LOOP('',(#8414,#8422,#8423,#8431));
#8414 = ORIENTED_EDGE('',*,*,#8415,.F.);
#8415 = EDGE_CURVE('',#8376,#8416,#8418,.T.);
#8416 = VERTEX_POINT('',#8417);
#8417 = CARTESIAN_POINT('',(436.,6.,136.5));
#8418 = LINE('',#8419,#8420);
#8419 = CARTESIAN_POINT('',(14.,6.,136.5));
#8420 = VECTOR('',#8421,1.);
#8421 = DIRECTION('',(1.,0.,-0.));
#8422 = ORIENTED_EDGE('',*,*,#8375,.T.);
#8423 = ORIENTED_EDGE('',*,*,#8424,.T.);
#8424 = EDGE_CURVE('',#8378,#8425,#8427,.T.);
#8425 = VERTEX_POINT('',#8426);
#8426 = CARTESIAN_POINT('',(436.,6.,146.5));
#8427 = LINE('',#8428,#8429);
#8428 = CARTESIAN_POINT('',(14.,6.,146.5));
#8429 = VECTOR('',#8430,1.);
#8430 = DIRECTION('',(1.,0.,-0.));
#8431 = ORIENTED_EDGE('',*,*,#8432,.F.);
#8432 = EDGE_CURVE('',#8416,#8425,#8433,.T.);
#8433 = LINE('',#8434,#8435);
#8434 = CARTESIAN_POINT('',(436.,6.,136.5));
#8435 = VECTOR('',#8436,1.);
#8436 = DIRECTION('',(0.,0.,1.));
#8437 = PLANE('',#8438);
#8438 = AXIS2_PLACEMENT_3D('',#8439,#8440,#8441);
#8439 = CARTESIAN_POINT('',(14.,6.,136.5));
#8440 = DIRECTION('',(-0.,1.,0.));
#8441 = DIRECTION('',(0.,0.,1.));
#8442 = ADVANCED_FACE('',(#8443,#8461),#8472,.T.);
#8443 = FACE_BOUND('',#8444,.T.);
#8444 = EDGE_LOOP('',(#8445,#8446,#8447,#8455));
#8445 = ORIENTED_EDGE('',*,*,#8401,.F.);
#8446 = ORIENTED_EDGE('',*,*,#8424,.T.);
#8447 = ORIENTED_EDGE('',*,*,#8448,.T.);
#8448 = EDGE_CURVE('',#8425,#8449,#8451,.T.);
#8449 = VERTEX_POINT('',#8450);
#8450 = CARTESIAN_POINT('',(436.,336.,146.5));
#8451 = LINE('',#8452,#8453);
#8452 = CARTESIAN_POINT('',(436.,6.,146.5));
#8453 = VECTOR('',#8454,1.);
#8454 = DIRECTION('',(-0.,1.,0.));
#8455 = ORIENTED_EDGE('',*,*,#8456,.F.);
#8456 = EDGE_CURVE('',#8394,#8449,#8457,.T.);
#8457 = LINE('',#8458,#8459);
#8458 = CARTESIAN_POINT('',(14.,336.,146.5));
#8459 = VECTOR('',#8460,1.);
#8460 = DIRECTION('',(1.,0.,-0.));
#8461 = FACE_BOUND('',#8462,.T.);
#8462 = EDGE_LOOP('',(#8463));
#8463 = ORIENTED_EDGE('',*,*,#8464,.F.);
#8464 = EDGE_CURVE('',#8465,#8465,#8467,.T.);
#8465 = VERTEX_POINT('',#8466);
#8466 = CARTESIAN_POINT('',(198.2,172.,146.5));
#8467 = CIRCLE('',#8468,10.2);
#8468 = AXIS2_PLACEMENT_3D('',#8469,#8470,#8471);
#8469 = CARTESIAN_POINT('',(188.,172.,146.5));
#8470 = DIRECTION('',(0.,0.,1.));
#8471 = DIRECTION('',(1.,0.,-0.));
#8472 = PLANE('',#8473);
#8473 = AXIS2_PLACEMENT_3D('',#8474,#8475,#8476);
#8474 = CARTESIAN_POINT('',(14.,6.,146.5));
#8475 = DIRECTION('',(0.,0.,1.));
#8476 = DIRECTION('',(1.,0.,-0.));
#8477 = ADVANCED_FACE('',(#8478),#8496,.T.);
#8478 = FACE_BOUND('',#8479,.T.);
#8479 = EDGE_LOOP('',(#8480,#8488,#8489,#8490));
#8480 = ORIENTED_EDGE('',*,*,#8481,.F.);
#8481 = EDGE_CURVE('',#8386,#8482,#8484,.T.);
#8482 = VERTEX_POINT('',#8483);
#8483 = CARTESIAN_POINT('',(436.,336.,136.5));
#8484 = LINE('',#8485,#8486);
#8485 = CARTESIAN_POINT('',(14.,336.,136.5));
#8486 = VECTOR('',#8487,1.);
#8487 = DIRECTION('',(1.,0.,-0.));
#8488 = ORIENTED_EDGE('',*,*,#8393,.T.);
#8489 = ORIENTED_EDGE('',*,*,#8456,.T.);
#8490 = ORIENTED_EDGE('',*,*,#8491,.F.);
#8491 = EDGE_CURVE('',#8482,#8449,#8492,.T.);
#8492 = LINE('',#8493,#8494);
#8493 = CARTESIAN_POINT('',(436.,336.,136.5));
#8494 = VECTOR('',#8495,1.);
#8495 = DIRECTION('',(0.,0.,1.));
#8496 = PLANE('',#8497);
#8497 = AXIS2_PLACEMENT_3D('',#8498,#8499,#8500);
#8498 = CARTESIAN_POINT('',(14.,336.,136.5));
#8499 = DIRECTION('',(-0.,1.,0.));
#8500 = DIRECTION('',(0.,0.,1.));
#8501 = ADVANCED_FACE('',(#8502,#8513,#8524,#8535,#8546),#8557,.F.);
#8502 = FACE_BOUND('',#8503,.F.);
#8503 = EDGE_LOOP('',(#8504,#8505,#8506,#8512));
#8504 = ORIENTED_EDGE('',*,*,#8385,.F.);
#8505 = ORIENTED_EDGE('',*,*,#8415,.T.);
#8506 = ORIENTED_EDGE('',*,*,#8507,.T.);
#8507 = EDGE_CURVE('',#8416,#8482,#8508,.T.);
#8508 = LINE('',#8509,#8510);
#8509 = CARTESIAN_POINT('',(436.,6.,136.5));
#8510 = VECTOR('',#8511,1.);
#8511 = DIRECTION('',(-0.,1.,0.));
#8512 = ORIENTED_EDGE('',*,*,#8481,.F.);
#8513 = FACE_BOUND('',#8514,.F.);
#8514 = EDGE_LOOP('',(#8515));
#8515 = ORIENTED_EDGE('',*,*,#8516,.F.);
#8516 = EDGE_CURVE('',#8517,#8517,#8519,.T.);
#8517 = VERTEX_POINT('',#8518);
#8518 = CARTESIAN_POINT('',(52.,100.,136.5));
#8519 = CIRCLE('',#8520,8.);
#8520 = AXIS2_PLACEMENT_3D('',#8521,#8522,#8523);
#8521 = CARTESIAN_POINT('',(44.,100.,136.5));
#8522 = DIRECTION('',(0.,0.,1.));
#8523 = DIRECTION('',(1.,0.,-0.));
#8524 = FACE_BOUND('',#8525,.F.);
#8525 = EDGE_LOOP('',(#8526));
#8526 = ORIENTED_EDGE('',*,*,#8527,.F.);
#8527 = EDGE_CURVE('',#8528,#8528,#8530,.T.);
#8528 = VERTEX_POINT('',#8529);
#8529 = CARTESIAN_POINT('',(198.2,172.,136.5));
#8530 = CIRCLE('',#8531,10.2);
#8531 = AXIS2_PLACEMENT_3D('',#8532,#8533,#8534);
#8532 = CARTESIAN_POINT('',(188.,172.,136.5));
#8533 = DIRECTION('',(0.,0.,1.));
#8534 = DIRECTION('',(1.,0.,-0.));
#8535 = FACE_BOUND('',#8536,.F.);
#8536 = EDGE_LOOP('',(#8537));
#8537 = ORIENTED_EDGE('',*,*,#8538,.F.);
#8538 = EDGE_CURVE('',#8539,#8539,#8541,.T.);
#8539 = VERTEX_POINT('',#8540);
#8540 = CARTESIAN_POINT('',(414.,100.,136.5));
#8541 = CIRCLE('',#8542,8.);
#8542 = AXIS2_PLACEMENT_3D('',#8543,#8544,#8545);
#8543 = CARTESIAN_POINT('',(406.,100.,136.5));
#8544 = DIRECTION('',(0.,0.,1.));
#8545 = DIRECTION('',(1.,0.,-0.));
#8546 = FACE_BOUND('',#8547,.F.);
#8547 = EDGE_LOOP('',(#8548));
#8548 = ORIENTED_EDGE('',*,*,#8549,.F.);
#8549 = EDGE_CURVE('',#8550,#8550,#8552,.T.);
#8550 = VERTEX_POINT('',#8551);
#8551 = CARTESIAN_POINT('',(233.,295.,136.5));
#8552 = CIRCLE('',#8553,8.);
#8553 = AXIS2_PLACEMENT_3D('',#8554,#8555,#8556);
#8554 = CARTESIAN_POINT('',(225.,295.,136.5));
#8555 = DIRECTION('',(0.,0.,1.));
#8556 = DIRECTION('',(1.,0.,-0.));
#8557 = PLANE('',#8558);
#8558 = AXIS2_PLACEMENT_3D('',#8559,#8560,#8561);
#8559 = CARTESIAN_POINT('',(14.,6.,136.5));
#8560 = DIRECTION('',(0.,0.,1.));
#8561 = DIRECTION('',(1.,0.,-0.));
#8562 = ADVANCED_FACE('',(#8563),#8569,.T.);
#8563 = FACE_BOUND('',#8564,.T.);
#8564 = EDGE_LOOP('',(#8565,#8566,#8567,#8568));
#8565 = ORIENTED_EDGE('',*,*,#8432,.F.);
#8566 = ORIENTED_EDGE('',*,*,#8507,.T.);
#8567 = ORIENTED_EDGE('',*,*,#8491,.T.);
#8568 = ORIENTED_EDGE('',*,*,#8448,.F.);
#8569 = PLANE('',#8570);
#8570 = AXIS2_PLACEMENT_3D('',#8571,#8572,#8573);
#8571 = CARTESIAN_POINT('',(436.,6.,136.5));
#8572 = DIRECTION('',(1.,0.,-0.));
#8573 = DIRECTION('',(0.,0.,1.));
#8574 = ADVANCED_FACE('',(#8575),#8586,.F.);
#8575 = FACE_BOUND('',#8576,.F.);
#8576 = EDGE_LOOP('',(#8577,#8578,#8584,#8585));
#8577 = ORIENTED_EDGE('',*,*,#8464,.F.);
#8578 = ORIENTED_EDGE('',*,*,#8579,.F.);
#8579 = EDGE_CURVE('',#8528,#8465,#8580,.T.);
#8580 = LINE('',#8581,#8582);
#8581 = CARTESIAN_POINT('',(198.2,172.,135.5));
#8582 = VECTOR('',#8583,1.);
#8583 = DIRECTION('',(0.,0.,1.));
#8584 = ORIENTED_EDGE('',*,*,#8527,.T.);
#8585 = ORIENTED_EDGE('',*,*,#8579,.T.);
#8586 = CYLINDRICAL_SURFACE('',#8587,10.2);
#8587 = AXIS2_PLACEMENT_3D('',#8588,#8589,#8590);
#8588 = CARTESIAN_POINT('',(188.,172.,135.5));
#8589 = DIRECTION('',(0.,0.,1.));
#8590 = DIRECTION('',(1.,0.,-0.));
#8591 = ADVANCED_FACE('',(#8592),#8611,.F.);
#8592 = FACE_BOUND('',#8593,.F.);
#8593 = EDGE_LOOP('',(#8594,#8602,#8609,#8610));
#8594 = ORIENTED_EDGE('',*,*,#8595,.T.);
#8595 = EDGE_CURVE('',#8517,#8596,#8598,.T.);
#8596 = VERTEX_POINT('',#8597);
#8597 = CARTESIAN_POINT('',(52.,100.,139.5));
#8598 = LINE('',#8599,#8600);
#8599 = CARTESIAN_POINT('',(52.,100.,135.5));
#8600 = VECTOR('',#8601,1.);
#8601 = DIRECTION('',(0.,0.,1.));
#8602 = ORIENTED_EDGE('',*,*,#8603,.F.);
#8603 = EDGE_CURVE('',#8596,#8596,#8604,.T.);
#8604 = CIRCLE('',#8605,8.);
#8605 = AXIS2_PLACEMENT_3D('',#8606,#8607,#8608);
#8606 = CARTESIAN_POINT('',(44.,100.,139.5));
#8607 = DIRECTION('',(0.,0.,1.));
#8608 = DIRECTION('',(1.,0.,-0.));
#8609 = ORIENTED_EDGE('',*,*,#8595,.F.);
#8610 = ORIENTED_EDGE('',*,*,#8516,.T.);
#8611 = CYLINDRICAL_SURFACE('',#8612,8.);
#8612 = AXIS2_PLACEMENT_3D('',#8613,#8614,#8615);
#8613 = CARTESIAN_POINT('',(44.,100.,135.5));
#8614 = DIRECTION('',(0.,0.,1.));
#8615 = DIRECTION('',(1.,0.,-0.));
#8616 = ADVANCED_FACE('',(#8617),#8636,.F.);
#8617 = FACE_BOUND('',#8618,.F.);
#8618 = EDGE_LOOP('',(#8619,#8627,#8634,#8635));
#8619 = ORIENTED_EDGE('',*,*,#8620,.T.);
#8620 = EDGE_CURVE('',#8539,#8621,#8623,.T.);
#8621 = VERTEX_POINT('',#8622);
#8622 = CARTESIAN_POINT('',(414.,100.,139.5));
#8623 = LINE('',#8624,#8625);
#8624 = CARTESIAN_POINT('',(414.,100.,135.5));
#8625 = VECTOR('',#8626,1.);
#8626 = DIRECTION('',(0.,0.,1.));
#8627 = ORIENTED_EDGE('',*,*,#8628,.F.);
#8628 = EDGE_CURVE('',#8621,#8621,#8629,.T.);
#8629 = CIRCLE('',#8630,8.);
#8630 = AXIS2_PLACEMENT_3D('',#8631,#8632,#8633);
#8631 = CARTESIAN_POINT('',(406.,100.,139.5));
#8632 = DIRECTION('',(0.,0.,1.));
#8633 = DIRECTION('',(1.,0.,-0.));
#8634 = ORIENTED_EDGE('',*,*,#8620,.F.);
#8635 = ORIENTED_EDGE('',*,*,#8538,.T.);
#8636 = CYLINDRICAL_SURFACE('',#8637,8.);
#8637 = AXIS2_PLACEMENT_3D('',#8638,#8639,#8640);
#8638 = CARTESIAN_POINT('',(406.,100.,135.5));
#8639 = DIRECTION('',(0.,0.,1.));
#8640 = DIRECTION('',(1.,0.,-0.));
#8641 = ADVANCED_FACE('',(#8642),#8661,.F.);
#8642 = FACE_BOUND('',#8643,.F.);
#8643 = EDGE_LOOP('',(#8644,#8652,#8659,#8660));
#8644 = ORIENTED_EDGE('',*,*,#8645,.T.);
#8645 = EDGE_CURVE('',#8550,#8646,#8648,.T.);
#8646 = VERTEX_POINT('',#8647);
#8647 = CARTESIAN_POINT('',(233.,295.,139.5));
#8648 = LINE('',#8649,#8650);
#8649 = CARTESIAN_POINT('',(233.,295.,135.5));
#8650 = VECTOR('',#8651,1.);
#8651 = DIRECTION('',(0.,0.,1.));
#8652 = ORIENTED_EDGE('',*,*,#8653,.F.);
#8653 = EDGE_CURVE('',#8646,#8646,#8654,.T.);
#8654 = CIRCLE('',#8655,8.);
#8655 = AXIS2_PLACEMENT_3D('',#8656,#8657,#8658);
#8656 = CARTESIAN_POINT('',(225.,295.,139.5));
#8657 = DIRECTION('',(0.,0.,1.));
#8658 = DIRECTION('',(1.,0.,-0.));
#8659 = ORIENTED_EDGE('',*,*,#8645,.F.);
#8660 = ORIENTED_EDGE('',*,*,#8549,.T.);
#8661 = CYLINDRICAL_SURFACE('',#8662,8.);
#8662 = AXIS2_PLACEMENT_3D('',#8663,#8664,#8665);
#8663 = CARTESIAN_POINT('',(225.,295.,135.5));
#8664 = DIRECTION('',(0.,0.,1.));
#8665 = DIRECTION('',(1.,0.,-0.));
#8666 = ADVANCED_FACE('',(#8667),#8670,.F.);
#8667 = FACE_BOUND('',#8668,.F.);
#8668 = EDGE_LOOP('',(#8669));
#8669 = ORIENTED_EDGE('',*,*,#8603,.T.);
#8670 = PLANE('',#8671);
#8671 = AXIS2_PLACEMENT_3D('',#8672,#8673,#8674);
#8672 = CARTESIAN_POINT('',(44.,100.,139.5));
#8673 = DIRECTION('',(0.,0.,1.));
#8674 = DIRECTION('',(1.,0.,-0.));
#8675 = ADVANCED_FACE('',(#8676),#8679,.F.);
#8676 = FACE_BOUND('',#8677,.F.);
#8677 = EDGE_LOOP('',(#8678));
#8678 = ORIENTED_EDGE('',*,*,#8628,.T.);
#8679 = PLANE('',#8680);
#8680 = AXIS2_PLACEMENT_3D('',#8681,#8682,#8683);
#8681 = CARTESIAN_POINT('',(406.,100.,139.5));
#8682 = DIRECTION('',(0.,0.,1.));
#8683 = DIRECTION('',(1.,0.,-0.));
#8684 = ADVANCED_FACE('',(#8685),#8688,.F.);
#8685 = FACE_BOUND('',#8686,.F.);
#8686 = EDGE_LOOP('',(#8687));
#8687 = ORIENTED_EDGE('',*,*,#8653,.T.);
#8688 = PLANE('',#8689);
#8689 = AXIS2_PLACEMENT_3D('',#8690,#8691,#8692);
#8690 = CARTESIAN_POINT('',(225.,295.,139.5));
#8691 = DIRECTION('',(0.,0.,1.));
#8692 = DIRECTION('',(1.,0.,-0.));
#8693 = ( GEOMETRIC_REPRESENTATION_CONTEXT(3) 
GLOBAL_UNCERTAINTY_ASSIGNED_CONTEXT((#8697)) 
GLOBAL_UNIT_ASSIGNED_CONTEXT((#8694,#8695,#8696)) REPRESENTATION_CONTEXT
('Context #1','3D Context with UNIT and UNCERTAINTY') );
#8694 = ( LENGTH_UNIT() NAMED_UNIT(*) SI_UNIT(.MILLI.,.METRE.) );
#8695 = ( NAMED_UNIT(*) PLANE_ANGLE_UNIT() SI_UNIT($,.RADIAN.) );
#8696 = ( NAMED_UNIT(*) SI_UNIT($,.STERADIAN.) SOLID_ANGLE_UNIT() );
#8697 = UNCERTAINTY_MEASURE_WITH_UNIT(LENGTH_MEASURE(1.E-07),#8694,
  'distance_accuracy_value','confusion accuracy');
#8698 = CONTEXT_DEPENDENT_SHAPE_REPRESENTATION(#8699,#8701);
#8699 = ( REPRESENTATION_RELATIONSHIP('','',#8368,#10) 
REPRESENTATION_RELATIONSHIP_WITH_TRANSFORMATION(#8700) 
SHAPE_REPRESENTATION_RELATIONSHIP() );
#8700 = ITEM_DEFINED_TRANSFORMATION('','',#11,#135);
#8701 = PRODUCT_DEFINITION_SHAPE('Placement','Placement of an item',
  #8702);
#8702 = NEXT_ASSEMBLY_USAGE_OCCURRENCE('31',
  '现有承载板（机芯开口与孔位待调整）','',#5,#8363,$);
#8703 = PRODUCT_RELATED_PRODUCT_CATEGORY('part',$,(#8365));
#8704 = SHAPE_DEFINITION_REPRESENTATION(#8705,#8711);
#8705 = PRODUCT_DEFINITION_SHAPE('','',#8706);
#8706 = PRODUCT_DEFINITION('design','',#8707,#8710);
#8707 = PRODUCT_DEFINITION_FORMATION('','',#8708);
#8708 = PRODUCT(
  '功放板 · 含散热片整体包络（用户提供尺寸）',
  '功放板 · 含散热片整体包络（用户提供尺寸）','',(
    #8709));
#8709 = PRODUCT_CONTEXT('',#2,'mechanical');
#8710 = PRODUCT_DEFINITION_CONTEXT('part definition',#2,'design');
#8711 = ADVANCED_BREP_SHAPE_REPRESENTATION('',(#11,#8712),#8862);
#8712 = MANIFOLD_SOLID_BREP('',#8713);
#8713 = CLOSED_SHELL('',(#8714,#8754,#8794,#8816,#8838,#8850));
#8714 = ADVANCED_FACE('',(#8715),#8749,.F.);
#8715 = FACE_BOUND('',#8716,.F.);
#8716 = EDGE_LOOP('',(#8717,#8727,#8735,#8743));
#8717 = ORIENTED_EDGE('',*,*,#8718,.F.);
#8718 = EDGE_CURVE('',#8719,#8721,#8723,.T.);
#8719 = VERTEX_POINT('',#8720);
#8720 = CARTESIAN_POINT('',(335.,185.,44.5));
#8721 = VERTEX_POINT('',#8722);
#8722 = CARTESIAN_POINT('',(335.,185.,89.5));
#8723 = LINE('',#8724,#8725);
#8724 = CARTESIAN_POINT('',(335.,185.,44.5));
#8725 = VECTOR('',#8726,1.);
#8726 = DIRECTION('',(0.,0.,1.));
#8727 = ORIENTED_EDGE('',*,*,#8728,.T.);
#8728 = EDGE_CURVE('',#8719,#8729,#8731,.T.);
#8729 = VERTEX_POINT('',#8730);
#8730 = CARTESIAN_POINT('',(335.,310.,44.5));
#8731 = LINE('',#8732,#8733);
#8732 = CARTESIAN_POINT('',(335.,185.,44.5));
#8733 = VECTOR('',#8734,1.);
#8734 = DIRECTION('',(-0.,1.,0.));
#8735 = ORIENTED_EDGE('',*,*,#8736,.T.);
#8736 = EDGE_CURVE('',#8729,#8737,#8739,.T.);
#8737 = VERTEX_POINT('',#8738);
#8738 = CARTESIAN_POINT('',(335.,310.,89.5));
#8739 = LINE('',#8740,#8741);
#8740 = CARTESIAN_POINT('',(335.,310.,44.5));
#8741 = VECTOR('',#8742,1.);
#8742 = DIRECTION('',(0.,0.,1.));
#8743 = ORIENTED_EDGE('',*,*,#8744,.F.);
#8744 = EDGE_CURVE('',#8721,#8737,#8745,.T.);
#8745 = LINE('',#8746,#8747);
#8746 = CARTESIAN_POINT('',(335.,185.,89.5));
#8747 = VECTOR('',#8748,1.);
#8748 = DIRECTION('',(-0.,1.,0.));
#8749 = PLANE('',#8750);
#8750 = AXIS2_PLACEMENT_3D('',#8751,#8752,#8753);
#8751 = CARTESIAN_POINT('',(335.,185.,44.5));
#8752 = DIRECTION('',(1.,0.,-0.));
#8753 = DIRECTION('',(0.,0.,1.));
#8754 = ADVANCED_FACE('',(#8755),#8789,.T.);
#8755 = FACE_BOUND('',#8756,.T.);
#8756 = EDGE_LOOP('',(#8757,#8767,#8775,#8783));
#8757 = ORIENTED_EDGE('',*,*,#8758,.F.);
#8758 = EDGE_CURVE('',#8759,#8761,#8763,.T.);
#8759 = VERTEX_POINT('',#8760);
#8760 = CARTESIAN_POINT('',(410.,185.,44.5));
#8761 = VERTEX_POINT('',#8762);
#8762 = CARTESIAN_POINT('',(410.,185.,89.5));
#8763 = LINE('',#8764,#8765);
#8764 = CARTESIAN_POINT('',(410.,185.,44.5));
#8765 = VECTOR('',#8766,1.);
#8766 = DIRECTION('',(0.,0.,1.));
#8767 = ORIENTED_EDGE('',*,*,#8768,.T.);
#8768 = EDGE_CURVE('',#8759,#8769,#8771,.T.);
#8769 = VERTEX_POINT('',#8770);
#8770 = CARTESIAN_POINT('',(410.,310.,44.5));
#8771 = LINE('',#8772,#8773);
#8772 = CARTESIAN_POINT('',(410.,185.,44.5));
#8773 = VECTOR('',#8774,1.);
#8774 = DIRECTION('',(-0.,1.,0.));
#8775 = ORIENTED_EDGE('',*,*,#8776,.T.);
#8776 = EDGE_CURVE('',#8769,#8777,#8779,.T.);
#8777 = VERTEX_POINT('',#8778);
#8778 = CARTESIAN_POINT('',(410.,310.,89.5));
#8779 = LINE('',#8780,#8781);
#8780 = CARTESIAN_POINT('',(410.,310.,44.5));
#8781 = VECTOR('',#8782,1.);
#8782 = DIRECTION('',(0.,0.,1.));
#8783 = ORIENTED_EDGE('',*,*,#8784,.F.);
#8784 = EDGE_CURVE('',#8761,#8777,#8785,.T.);
#8785 = LINE('',#8786,#8787);
#8786 = CARTESIAN_POINT('',(410.,185.,89.5));
#8787 = VECTOR('',#8788,1.);
#8788 = DIRECTION('',(-0.,1.,0.));
#8789 = PLANE('',#8790);
#8790 = AXIS2_PLACEMENT_3D('',#8791,#8792,#8793);
#8791 = CARTESIAN_POINT('',(410.,185.,44.5));
#8792 = DIRECTION('',(1.,0.,-0.));
#8793 = DIRECTION('',(0.,0.,1.));
#8794 = ADVANCED_FACE('',(#8795),#8811,.F.);
#8795 = FACE_BOUND('',#8796,.F.);
#8796 = EDGE_LOOP('',(#8797,#8803,#8804,#8810));
#8797 = ORIENTED_EDGE('',*,*,#8798,.F.);
#8798 = EDGE_CURVE('',#8719,#8759,#8799,.T.);
#8799 = LINE('',#8800,#8801);
#8800 = CARTESIAN_POINT('',(335.,185.,44.5));
#8801 = VECTOR('',#8802,1.);
#8802 = DIRECTION('',(1.,0.,-0.));
#8803 = ORIENTED_EDGE('',*,*,#8718,.T.);
#8804 = ORIENTED_EDGE('',*,*,#8805,.T.);
#8805 = EDGE_CURVE('',#8721,#8761,#8806,.T.);
#8806 = LINE('',#8807,#8808);
#8807 = CARTESIAN_POINT('',(335.,185.,89.5));
#8808 = VECTOR('',#8809,1.);
#8809 = DIRECTION('',(1.,0.,-0.));
#8810 = ORIENTED_EDGE('',*,*,#8758,.F.);
#8811 = PLANE('',#8812);
#8812 = AXIS2_PLACEMENT_3D('',#8813,#8814,#8815);
#8813 = CARTESIAN_POINT('',(335.,185.,44.5));
#8814 = DIRECTION('',(-0.,1.,0.));
#8815 = DIRECTION('',(0.,0.,1.));
#8816 = ADVANCED_FACE('',(#8817),#8833,.T.);
#8817 = FACE_BOUND('',#8818,.T.);
#8818 = EDGE_LOOP('',(#8819,#8825,#8826,#8832));
#8819 = ORIENTED_EDGE('',*,*,#8820,.F.);
#8820 = EDGE_CURVE('',#8729,#8769,#8821,.T.);
#8821 = LINE('',#8822,#8823);
#8822 = CARTESIAN_POINT('',(335.,310.,44.5));
#8823 = VECTOR('',#8824,1.);
#8824 = DIRECTION('',(1.,0.,-0.));
#8825 = ORIENTED_EDGE('',*,*,#8736,.T.);
#8826 = ORIENTED_EDGE('',*,*,#8827,.T.);
#8827 = EDGE_CURVE('',#8737,#8777,#8828,.T.);
#8828 = LINE('',#8829,#8830);
#8829 = CARTESIAN_POINT('',(335.,310.,89.5));
#8830 = VECTOR('',#8831,1.);
#8831 = DIRECTION('',(1.,0.,-0.));
#8832 = ORIENTED_EDGE('',*,*,#8776,.F.);
#8833 = PLANE('',#8834);
#8834 = AXIS2_PLACEMENT_3D('',#8835,#8836,#8837);
#8835 = CARTESIAN_POINT('',(335.,310.,44.5));
#8836 = DIRECTION('',(-0.,1.,0.));
#8837 = DIRECTION('',(0.,0.,1.));
#8838 = ADVANCED_FACE('',(#8839),#8845,.F.);
#8839 = FACE_BOUND('',#8840,.F.);
#8840 = EDGE_LOOP('',(#8841,#8842,#8843,#8844));
#8841 = ORIENTED_EDGE('',*,*,#8728,.F.);
#8842 = ORIENTED_EDGE('',*,*,#8798,.T.);
#8843 = ORIENTED_EDGE('',*,*,#8768,.T.);
#8844 = ORIENTED_EDGE('',*,*,#8820,.F.);
#8845 = PLANE('',#8846);
#8846 = AXIS2_PLACEMENT_3D('',#8847,#8848,#8849);
#8847 = CARTESIAN_POINT('',(335.,185.,44.5));
#8848 = DIRECTION('',(0.,0.,1.));
#8849 = DIRECTION('',(1.,0.,-0.));
#8850 = ADVANCED_FACE('',(#8851),#8857,.T.);
#8851 = FACE_BOUND('',#8852,.T.);
#8852 = EDGE_LOOP('',(#8853,#8854,#8855,#8856));
#8853 = ORIENTED_EDGE('',*,*,#8744,.F.);
#8854 = ORIENTED_EDGE('',*,*,#8805,.T.);
#8855 = ORIENTED_EDGE('',*,*,#8784,.T.);
#8856 = ORIENTED_EDGE('',*,*,#8827,.F.);
#8857 = PLANE('',#8858);
#8858 = AXIS2_PLACEMENT_3D('',#8859,#8860,#8861);
#8859 = CARTESIAN_POINT('',(335.,185.,89.5));
#8860 = DIRECTION('',(0.,0.,1.));
#8861 = DIRECTION('',(1.,0.,-0.));
#8862 = ( GEOMETRIC_REPRESENTATION_CONTEXT(3) 
GLOBAL_UNCERTAINTY_ASSIGNED_CONTEXT((#8866)) 
GLOBAL_UNIT_ASSIGNED_CONTEXT((#8863,#8864,#8865)) REPRESENTATION_CONTEXT
('Context #1','3D Context with UNIT and UNCERTAINTY') );
#8863 = ( LENGTH_UNIT() NAMED_UNIT(*) SI_UNIT(.MILLI.,.METRE.) );
#8864 = ( NAMED_UNIT(*) PLANE_ANGLE_UNIT() SI_UNIT($,.RADIAN.) );
#8865 = ( NAMED_UNIT(*) SI_UNIT($,.STERADIAN.) SOLID_ANGLE_UNIT() );
#8866 = UNCERTAINTY_MEASURE_WITH_UNIT(LENGTH_MEASURE(1.E-07),#8863,
  'distance_accuracy_value','confusion accuracy');
#8867 = CONTEXT_DEPENDENT_SHAPE_REPRESENTATION(#8868,#8870);
#8868 = ( REPRESENTATION_RELATIONSHIP('','',#8711,#10) 
REPRESENTATION_RELATIONSHIP_WITH_TRANSFORMATION(#8869) 
SHAPE_REPRESENTATION_RELATIONSHIP() );
#8869 = ITEM_DEFINED_TRANSFORMATION('','',#11,#139);
#8870 = PRODUCT_DEFINITION_SHAPE('Placement','Placement of an item',
  #8871);
#8871 = NEXT_ASSEMBLY_USAGE_OCCURRENCE('32',
  '功放板 · 含散热片整体包络（用户提供尺寸）','',#5,
  #8706,$);
#8872 = PRODUCT_RELATED_PRODUCT_CATEGORY('part',$,(#8708));
#8873 = SHAPE_DEFINITION_REPRESENTATION(#8874,#8880);
#8874 = PRODUCT_DEFINITION_SHAPE('','',#8875);
#8875 = PRODUCT_DEFINITION('design','',#8876,#8879);
#8876 = PRODUCT_DEFINITION_FORMATION('','',#8877);
#8877 = PRODUCT('备用电子预留区（不代表另需唱放）',
  '备用电子预留区（不代表另需唱放）','',(#8878));
#8878 = PRODUCT_CONTEXT('',#2,'mechanical');
#8879 = PRODUCT_DEFINITION_CONTEXT('part definition',#2,'design');
#8880 = ADVANCED_BREP_SHAPE_REPRESENTATION('',(#11,#8881),#9031);
#8881 = MANIFOLD_SOLID_BREP('',#8882);
#8882 = CLOSED_SHELL('',(#8883,#8923,#8963,#8985,#9007,#9019));
#8883 = ADVANCED_FACE('',(#8884),#8918,.F.);
#8884 = FACE_BOUND('',#8885,.F.);
#8885 = EDGE_LOOP('',(#8886,#8896,#8904,#8912));
#8886 = ORIENTED_EDGE('',*,*,#8887,.F.);
#8887 = EDGE_CURVE('',#8888,#8890,#8892,.T.);
#8888 = VERTEX_POINT('',#8889);
#8889 = CARTESIAN_POINT('',(26.,170.,44.5));
#8890 = VERTEX_POINT('',#8891);
#8891 = CARTESIAN_POINT('',(26.,170.,61.5));
#8892 = LINE('',#8893,#8894);
#8893 = CARTESIAN_POINT('',(26.,170.,44.5));
#8894 = VECTOR('',#8895,1.);
#8895 = DIRECTION('',(0.,0.,1.));
#8896 = ORIENTED_EDGE('',*,*,#8897,.T.);
#8897 = EDGE_CURVE('',#8888,#8898,#8900,.T.);
#8898 = VERTEX_POINT('',#8899);
#8899 = CARTESIAN_POINT('',(26.,222.,44.5));
#8900 = LINE('',#8901,#8902);
#8901 = CARTESIAN_POINT('',(26.,170.,44.5));
#8902 = VECTOR('',#8903,1.);
#8903 = DIRECTION('',(-0.,1.,0.));
#8904 = ORIENTED_EDGE('',*,*,#8905,.T.);
#8905 = EDGE_CURVE('',#8898,#8906,#8908,.T.);
#8906 = VERTEX_POINT('',#8907);
#8907 = CARTESIAN_POINT('',(26.,222.,61.5));
#8908 = LINE('',#8909,#8910);
#8909 = CARTESIAN_POINT('',(26.,222.,44.5));
#8910 = VECTOR('',#8911,1.);
#8911 = DIRECTION('',(0.,0.,1.));
#8912 = ORIENTED_EDGE('',*,*,#8913,.F.);
#8913 = EDGE_CURVE('',#8890,#8906,#8914,.T.);
#8914 = LINE('',#8915,#8916);
#8915 = CARTESIAN_POINT('',(26.,170.,61.5));
#8916 = VECTOR('',#8917,1.);
#8917 = DIRECTION('',(-0.,1.,0.));
#8918 = PLANE('',#8919);
#8919 = AXIS2_PLACEMENT_3D('',#8920,#8921,#8922);
#8920 = CARTESIAN_POINT('',(26.,170.,44.5));
#8921 = DIRECTION('',(1.,0.,-0.));
#8922 = DIRECTION('',(0.,0.,1.));
#8923 = ADVANCED_FACE('',(#8924),#8958,.T.);
#8924 = FACE_BOUND('',#8925,.T.);
#8925 = EDGE_LOOP('',(#8926,#8936,#8944,#8952));
#8926 = ORIENTED_EDGE('',*,*,#8927,.F.);
#8927 = EDGE_CURVE('',#8928,#8930,#8932,.T.);
#8928 = VERTEX_POINT('',#8929);
#8929 = CARTESIAN_POINT('',(106.,170.,44.5));
#8930 = VERTEX_POINT('',#8931);
#8931 = CARTESIAN_POINT('',(106.,170.,61.5));
#8932 = LINE('',#8933,#8934);
#8933 = CARTESIAN_POINT('',(106.,170.,44.5));
#8934 = VECTOR('',#8935,1.);
#8935 = DIRECTION('',(0.,0.,1.));
#8936 = ORIENTED_EDGE('',*,*,#8937,.T.);
#8937 = EDGE_CURVE('',#8928,#8938,#8940,.T.);
#8938 = VERTEX_POINT('',#8939);
#8939 = CARTESIAN_POINT('',(106.,222.,44.5));
#8940 = LINE('',#8941,#8942);
#8941 = CARTESIAN_POINT('',(106.,170.,44.5));
#8942 = VECTOR('',#8943,1.);
#8943 = DIRECTION('',(-0.,1.,0.));
#8944 = ORIENTED_EDGE('',*,*,#8945,.T.);
#8945 = EDGE_CURVE('',#8938,#8946,#8948,.T.);
#8946 = VERTEX_POINT('',#8947);
#8947 = CARTESIAN_POINT('',(106.,222.,61.5));
#8948 = LINE('',#8949,#8950);
#8949 = CARTESIAN_POINT('',(106.,222.,44.5));
#8950 = VECTOR('',#8951,1.);
#8951 = DIRECTION('',(0.,0.,1.));
#8952 = ORIENTED_EDGE('',*,*,#8953,.F.);
#8953 = EDGE_CURVE('',#8930,#8946,#8954,.T.);
#8954 = LINE('',#8955,#8956);
#8955 = CARTESIAN_POINT('',(106.,170.,61.5));
#8956 = VECTOR('',#8957,1.);
#8957 = DIRECTION('',(-0.,1.,0.));
#8958 = PLANE('',#8959);
#8959 = AXIS2_PLACEMENT_3D('',#8960,#8961,#8962);
#8960 = CARTESIAN_POINT('',(106.,170.,44.5));
#8961 = DIRECTION('',(1.,0.,-0.));
#8962 = DIRECTION('',(0.,0.,1.));
#8963 = ADVANCED_FACE('',(#8964),#8980,.F.);
#8964 = FACE_BOUND('',#8965,.F.);
#8965 = EDGE_LOOP('',(#8966,#8972,#8973,#8979));
#8966 = ORIENTED_EDGE('',*,*,#8967,.F.);
#8967 = EDGE_CURVE('',#8888,#8928,#8968,.T.);
#8968 = LINE('',#8969,#8970);
#8969 = CARTESIAN_POINT('',(26.,170.,44.5));
#8970 = VECTOR('',#8971,1.);
#8971 = DIRECTION('',(1.,0.,-0.));
#8972 = ORIENTED_EDGE('',*,*,#8887,.T.);
#8973 = ORIENTED_EDGE('',*,*,#8974,.T.);
#8974 = EDGE_CURVE('',#8890,#8930,#8975,.T.);
#8975 = LINE('',#8976,#8977);
#8976 = CARTESIAN_POINT('',(26.,170.,61.5));
#8977 = VECTOR('',#8978,1.);
#8978 = DIRECTION('',(1.,0.,-0.));
#8979 = ORIENTED_EDGE('',*,*,#8927,.F.);
#8980 = PLANE('',#8981);
#8981 = AXIS2_PLACEMENT_3D('',#8982,#8983,#8984);
#8982 = CARTESIAN_POINT('',(26.,170.,44.5));
#8983 = DIRECTION('',(-0.,1.,0.));
#8984 = DIRECTION('',(0.,0.,1.));
#8985 = ADVANCED_FACE('',(#8986),#9002,.T.);
#8986 = FACE_BOUND('',#8987,.T.);
#8987 = EDGE_LOOP('',(#8988,#8994,#8995,#9001));
#8988 = ORIENTED_EDGE('',*,*,#8989,.F.);
#8989 = EDGE_CURVE('',#8898,#8938,#8990,.T.);
#8990 = LINE('',#8991,#8992);
#8991 = CARTESIAN_POINT('',(26.,222.,44.5));
#8992 = VECTOR('',#8993,1.);
#8993 = DIRECTION('',(1.,0.,-0.));
#8994 = ORIENTED_EDGE('',*,*,#8905,.T.);
#8995 = ORIENTED_EDGE('',*,*,#8996,.T.);
#8996 = EDGE_CURVE('',#8906,#8946,#8997,.T.);
#8997 = LINE('',#8998,#8999);
#8998 = CARTESIAN_POINT('',(26.,222.,61.5));
#8999 = VECTOR('',#9000,1.);
#9000 = DIRECTION('',(1.,0.,-0.));
#9001 = ORIENTED_EDGE('',*,*,#8945,.F.);
#9002 = PLANE('',#9003);
#9003 = AXIS2_PLACEMENT_3D('',#9004,#9005,#9006);
#9004 = CARTESIAN_POINT('',(26.,222.,44.5));
#9005 = DIRECTION('',(-0.,1.,0.));
#9006 = DIRECTION('',(0.,0.,1.));
#9007 = ADVANCED_FACE('',(#9008),#9014,.F.);
#9008 = FACE_BOUND('',#9009,.F.);
#9009 = EDGE_LOOP('',(#9010,#9011,#9012,#9013));
#9010 = ORIENTED_EDGE('',*,*,#8897,.F.);
#9011 = ORIENTED_EDGE('',*,*,#8967,.T.);
#9012 = ORIENTED_EDGE('',*,*,#8937,.T.);
#9013 = ORIENTED_EDGE('',*,*,#8989,.F.);
#9014 = PLANE('',#9015);
#9015 = AXIS2_PLACEMENT_3D('',#9016,#9017,#9018);
#9016 = CARTESIAN_POINT('',(26.,170.,44.5));
#9017 = DIRECTION('',(0.,0.,1.));
#9018 = DIRECTION('',(1.,0.,-0.));
#9019 = ADVANCED_FACE('',(#9020),#9026,.T.);
#9020 = FACE_BOUND('',#9021,.T.);
#9021 = EDGE_LOOP('',(#9022,#9023,#9024,#9025));
#9022 = ORIENTED_EDGE('',*,*,#8913,.F.);
#9023 = ORIENTED_EDGE('',*,*,#8974,.T.);
#9024 = ORIENTED_EDGE('',*,*,#8953,.T.);
#9025 = ORIENTED_EDGE('',*,*,#8996,.F.);
#9026 = PLANE('',#9027);
#9027 = AXIS2_PLACEMENT_3D('',#9028,#9029,#9030);
#9028 = CARTESIAN_POINT('',(26.,170.,61.5));
#9029 = DIRECTION('',(0.,0.,1.));
#9030 = DIRECTION('',(1.,0.,-0.));
#9031 = ( GEOMETRIC_REPRESENTATION_CONTEXT(3) 
GLOBAL_UNCERTAINTY_ASSIGNED_CONTEXT((#9035)) 
GLOBAL_UNIT_ASSIGNED_CONTEXT((#9032,#9033,#9034)) REPRESENTATION_CONTEXT
('Context #1','3D Context with UNIT and UNCERTAINTY') );
#9032 = ( LENGTH_UNIT() NAMED_UNIT(*) SI_UNIT(.MILLI.,.METRE.) );
#9033 = ( NAMED_UNIT(*) PLANE_ANGLE_UNIT() SI_UNIT($,.RADIAN.) );
#9034 = ( NAMED_UNIT(*) SI_UNIT($,.STERADIAN.) SOLID_ANGLE_UNIT() );
#9035 = UNCERTAINTY_MEASURE_WITH_UNIT(LENGTH_MEASURE(1.E-07),#9032,
  'distance_accuracy_value','confusion accuracy');
#9036 = CONTEXT_DEPENDENT_SHAPE_REPRESENTATION(#9037,#9039);
#9037 = ( REPRESENTATION_RELATIONSHIP('','',#8880,#10) 
REPRESENTATION_RELATIONSHIP_WITH_TRANSFORMATION(#9038) 
SHAPE_REPRESENTATION_RELATIONSHIP() );
#9038 = ITEM_DEFINED_TRANSFORMATION('','',#11,#143);
#9039 = PRODUCT_DEFINITION_SHAPE('Placement','Placement of an item',
  #9040);
#9040 = NEXT_ASSEMBLY_USAGE_OCCURRENCE('33',
  '备用电子预留区（不代表另需唱放）','',#5,#8875,$);
#9041 = PRODUCT_RELATED_PRODUCT_CATEGORY('part',$,(#8877));
#9042 = SHAPE_DEFINITION_REPRESENTATION(#9043,#9049);
#9043 = PRODUCT_DEFINITION_SHAPE('','',#9044);
#9044 = PRODUCT_DEFINITION('design','',#9045,#9048);
#9045 = PRODUCT_DEFINITION_FORMATION('','',#9046);
#9046 = PRODUCT('扬声器电源变压器 · 含固定耳包络',
  '扬声器电源变压器 · 含固定耳包络','',(#9047));
#9047 = PRODUCT_CONTEXT('',#2,'mechanical');
#9048 = PRODUCT_DEFINITION_CONTEXT('part definition',#2,'design');
#9049 = ADVANCED_BREP_SHAPE_REPRESENTATION('',(#11,#9050),#9332);
#9050 = MANIFOLD_SOLID_BREP('',#9051);
#9051 = CLOSED_SHELL('',(#9052,#9092,#9123,#9154,#9185,#9216,#9247,#9278
    ,#9299,#9316));
#9052 = ADVANCED_FACE('',(#9053),#9087,.T.);
#9053 = FACE_BOUND('',#9054,.T.);
#9054 = EDGE_LOOP('',(#9055,#9065,#9073,#9081));
#9055 = ORIENTED_EDGE('',*,*,#9056,.F.);
#9056 = EDGE_CURVE('',#9057,#9059,#9061,.T.);
#9057 = VERTEX_POINT('',#9058);
#9058 = CARTESIAN_POINT('',(114.,239.5,34.5));
#9059 = VERTEX_POINT('',#9060);
#9060 = CARTESIAN_POINT('',(114.,239.5,36.5));
#9061 = LINE('',#9062,#9063);
#9062 = CARTESIAN_POINT('',(114.,239.5,34.5));
#9063 = VECTOR('',#9064,1.);
#9064 = DIRECTION('',(0.,0.,1.));
#9065 = ORIENTED_EDGE('',*,*,#9066,.T.);
#9066 = EDGE_CURVE('',#9057,#9067,#9069,.T.);
#9067 = VERTEX_POINT('',#9068);
#9068 = CARTESIAN_POINT('',(114.,294.5,34.5));
#9069 = LINE('',#9070,#9071);
#9070 = CARTESIAN_POINT('',(114.,239.5,34.5));
#9071 = VECTOR('',#9072,1.);
#9072 = DIRECTION('',(-0.,1.,0.));
#9073 = ORIENTED_EDGE('',*,*,#9074,.T.);
#9074 = EDGE_CURVE('',#9067,#9075,#9077,.T.);
#9075 = VERTEX_POINT('',#9076);
#9076 = CARTESIAN_POINT('',(114.,294.5,36.5));
#9077 = LINE('',#9078,#9079);
#9078 = CARTESIAN_POINT('',(114.,294.5,34.5));
#9079 = VECTOR('',#9080,1.);
#9080 = DIRECTION('',(0.,0.,1.));
#9081 = ORIENTED_EDGE('',*,*,#9082,.F.);
#9082 = EDGE_CURVE('',#9059,#9075,#9083,.T.);
#9083 = LINE('',#9084,#9085);
#9084 = CARTESIAN_POINT('',(114.,239.5,36.5));
#9085 = VECTOR('',#9086,1.);
#9086 = DIRECTION('',(-0.,1.,0.));
#9087 = PLANE('',#9088);
#9088 = AXIS2_PLACEMENT_3D('',#9089,#9090,#9091);
#9089 = CARTESIAN_POINT('',(114.,239.5,34.5));
#9090 = DIRECTION('',(1.,0.,-0.));
#9091 = DIRECTION('',(0.,0.,1.));
#9092 = ADVANCED_FACE('',(#9093),#9118,.T.);
#9093 = FACE_BOUND('',#9094,.T.);
#9094 = EDGE_LOOP('',(#9095,#9103,#9111,#9117));
#9095 = ORIENTED_EDGE('',*,*,#9096,.F.);
#9096 = EDGE_CURVE('',#9097,#9075,#9099,.T.);
#9097 = VERTEX_POINT('',#9098);
#9098 = CARTESIAN_POINT('',(100.,294.5,36.5));
#9099 = LINE('',#9100,#9101);
#9100 = CARTESIAN_POINT('',(26.,294.5,36.5));
#9101 = VECTOR('',#9102,1.);
#9102 = DIRECTION('',(1.,0.,-0.));
#9103 = ORIENTED_EDGE('',*,*,#9104,.T.);
#9104 = EDGE_CURVE('',#9097,#9105,#9107,.T.);
#9105 = VERTEX_POINT('',#9106);
#9106 = CARTESIAN_POINT('',(100.,239.5,36.5));
#9107 = LINE('',#9108,#9109);
#9108 = CARTESIAN_POINT('',(100.,239.5,36.5));
#9109 = VECTOR('',#9110,1.);
#9110 = DIRECTION('',(0.,-1.,0.));
#9111 = ORIENTED_EDGE('',*,*,#9112,.T.);
#9112 = EDGE_CURVE('',#9105,#9059,#9113,.T.);
#9113 = LINE('',#9114,#9115);
#9114 = CARTESIAN_POINT('',(26.,239.5,36.5));
#9115 = VECTOR('',#9116,1.);
#9116 = DIRECTION('',(1.,0.,-0.));
#9117 = ORIENTED_EDGE('',*,*,#9082,.T.);
#9118 = PLANE('',#9119);
#9119 = AXIS2_PLACEMENT_3D('',#9120,#9121,#9122);
#9120 = CARTESIAN_POINT('',(26.,239.5,36.5));
#9121 = DIRECTION('',(0.,0.,1.));
#9122 = DIRECTION('',(1.,0.,-0.));
#9123 = ADVANCED_FACE('',(#9124),#9149,.T.);
#9124 = FACE_BOUND('',#9125,.T.);
#9125 = EDGE_LOOP('',(#9126,#9134,#9135,#9143));
#9126 = ORIENTED_EDGE('',*,*,#9127,.F.);
#9127 = EDGE_CURVE('',#9105,#9128,#9130,.T.);
#9128 = VERTEX_POINT('',#9129);
#9129 = CARTESIAN_POINT('',(100.,239.5,84.5));
#9130 = LINE('',#9131,#9132);
#9131 = CARTESIAN_POINT('',(100.,239.5,34.5));
#9132 = VECTOR('',#9133,1.);
#9133 = DIRECTION('',(0.,0.,1.));
#9134 = ORIENTED_EDGE('',*,*,#9104,.F.);
#9135 = ORIENTED_EDGE('',*,*,#9136,.T.);
#9136 = EDGE_CURVE('',#9097,#9137,#9139,.T.);
#9137 = VERTEX_POINT('',#9138);
#9138 = CARTESIAN_POINT('',(100.,294.5,84.5));
#9139 = LINE('',#9140,#9141);
#9140 = CARTESIAN_POINT('',(100.,294.5,34.5));
#9141 = VECTOR('',#9142,1.);
#9142 = DIRECTION('',(0.,0.,1.));
#9143 = ORIENTED_EDGE('',*,*,#9144,.F.);
#9144 = EDGE_CURVE('',#9128,#9137,#9145,.T.);
#9145 = LINE('',#9146,#9147);
#9146 = CARTESIAN_POINT('',(100.,239.5,84.5));
#9147 = VECTOR('',#9148,1.);
#9148 = DIRECTION('',(-0.,1.,0.));
#9149 = PLANE('',#9150);
#9150 = AXIS2_PLACEMENT_3D('',#9151,#9152,#9153);
#9151 = CARTESIAN_POINT('',(100.,239.5,34.5));
#9152 = DIRECTION('',(1.,0.,-0.));
#9153 = DIRECTION('',(0.,0.,1.));
#9154 = ADVANCED_FACE('',(#9155),#9180,.T.);
#9155 = FACE_BOUND('',#9156,.T.);
#9156 = EDGE_LOOP('',(#9157,#9167,#9173,#9174));
#9157 = ORIENTED_EDGE('',*,*,#9158,.F.);
#9158 = EDGE_CURVE('',#9159,#9161,#9163,.T.);
#9159 = VERTEX_POINT('',#9160);
#9160 = CARTESIAN_POINT('',(40.,239.5,84.5));
#9161 = VERTEX_POINT('',#9162);
#9162 = CARTESIAN_POINT('',(40.,294.5,84.5));
#9163 = LINE('',#9164,#9165);
#9164 = CARTESIAN_POINT('',(40.,239.5,84.5));
#9165 = VECTOR('',#9166,1.);
#9166 = DIRECTION('',(-0.,1.,0.));
#9167 = ORIENTED_EDGE('',*,*,#9168,.T.);
#9168 = EDGE_CURVE('',#9159,#9128,#9169,.T.);
#9169 = LINE('',#9170,#9171);
#9170 = CARTESIAN_POINT('',(40.,239.5,84.5));
#9171 = VECTOR('',#9172,1.);
#9172 = DIRECTION('',(1.,0.,-0.));
#9173 = ORIENTED_EDGE('',*,*,#9144,.T.);
#9174 = ORIENTED_EDGE('',*,*,#9175,.F.);
#9175 = EDGE_CURVE('',#9161,#9137,#9176,.T.);
#9176 = LINE('',#9177,#9178);
#9177 = CARTESIAN_POINT('',(40.,294.5,84.5));
#9178 = VECTOR('',#9179,1.);
#9179 = DIRECTION('',(1.,0.,-0.));
#9180 = PLANE('',#9181);
#9181 = AXIS2_PLACEMENT_3D('',#9182,#9183,#9184);
#9182 = CARTESIAN_POINT('',(40.,239.5,84.5));
#9183 = DIRECTION('',(0.,0.,1.));
#9184 = DIRECTION('',(1.,0.,-0.));
#9185 = ADVANCED_FACE('',(#9186),#9211,.F.);
#9186 = FACE_BOUND('',#9187,.F.);
#9187 = EDGE_LOOP('',(#9188,#9196,#9204,#9210));
#9188 = ORIENTED_EDGE('',*,*,#9189,.F.);
#9189 = EDGE_CURVE('',#9190,#9159,#9192,.T.);
#9190 = VERTEX_POINT('',#9191);
#9191 = CARTESIAN_POINT('',(40.,239.5,36.5));
#9192 = LINE('',#9193,#9194);
#9193 = CARTESIAN_POINT('',(40.,239.5,34.5));
#9194 = VECTOR('',#9195,1.);
#9195 = DIRECTION('',(0.,0.,1.));
#9196 = ORIENTED_EDGE('',*,*,#9197,.F.);
#9197 = EDGE_CURVE('',#9198,#9190,#9200,.T.);
#9198 = VERTEX_POINT('',#9199);
#9199 = CARTESIAN_POINT('',(40.,294.5,36.5));
#9200 = LINE('',#9201,#9202);
#9201 = CARTESIAN_POINT('',(40.,239.5,36.5));
#9202 = VECTOR('',#9203,1.);
#9203 = DIRECTION('',(0.,-1.,0.));
#9204 = ORIENTED_EDGE('',*,*,#9205,.T.);
#9205 = EDGE_CURVE('',#9198,#9161,#9206,.T.);
#9206 = LINE('',#9207,#9208);
#9207 = CARTESIAN_POINT('',(40.,294.5,34.5));
#9208 = VECTOR('',#9209,1.);
#9209 = DIRECTION('',(0.,0.,1.));
#9210 = ORIENTED_EDGE('',*,*,#9158,.F.);
#9211 = PLANE('',#9212);
#9212 = AXIS2_PLACEMENT_3D('',#9213,#9214,#9215);
#9213 = CARTESIAN_POINT('',(40.,239.5,34.5));
#9214 = DIRECTION('',(1.,0.,-0.));
#9215 = DIRECTION('',(0.,0.,1.));
#9216 = ADVANCED_FACE('',(#9217),#9242,.T.);
#9217 = FACE_BOUND('',#9218,.T.);
#9218 = EDGE_LOOP('',(#9219,#9227,#9235,#9241));
#9219 = ORIENTED_EDGE('',*,*,#9220,.F.);
#9220 = EDGE_CURVE('',#9221,#9198,#9223,.T.);
#9221 = VERTEX_POINT('',#9222);
#9222 = CARTESIAN_POINT('',(26.,294.5,36.5));
#9223 = LINE('',#9224,#9225);
#9224 = CARTESIAN_POINT('',(26.,294.5,36.5));
#9225 = VECTOR('',#9226,1.);
#9226 = DIRECTION('',(1.,0.,-0.));
#9227 = ORIENTED_EDGE('',*,*,#9228,.F.);
#9228 = EDGE_CURVE('',#9229,#9221,#9231,.T.);
#9229 = VERTEX_POINT('',#9230);
#9230 = CARTESIAN_POINT('',(26.,239.5,36.5));
#9231 = LINE('',#9232,#9233);
#9232 = CARTESIAN_POINT('',(26.,239.5,36.5));
#9233 = VECTOR('',#9234,1.);
#9234 = DIRECTION('',(-0.,1.,0.));
#9235 = ORIENTED_EDGE('',*,*,#9236,.T.);
#9236 = EDGE_CURVE('',#9229,#9190,#9237,.T.);
#9237 = LINE('',#9238,#9239);
#9238 = CARTESIAN_POINT('',(26.,239.5,36.5));
#9239 = VECTOR('',#9240,1.);
#9240 = DIRECTION('',(1.,0.,-0.));
#9241 = ORIENTED_EDGE('',*,*,#9197,.F.);
#9242 = PLANE('',#9243);
#9243 = AXIS2_PLACEMENT_3D('',#9244,#9245,#9246);
#9244 = CARTESIAN_POINT('',(26.,239.5,36.5));
#9245 = DIRECTION('',(0.,0.,1.));
#9246 = DIRECTION('',(1.,0.,-0.));
#9247 = ADVANCED_FACE('',(#9248),#9273,.F.);
#9248 = FACE_BOUND('',#9249,.F.);
#9249 = EDGE_LOOP('',(#9250,#9258,#9266,#9272));
#9250 = ORIENTED_EDGE('',*,*,#9251,.F.);
#9251 = EDGE_CURVE('',#9252,#9229,#9254,.T.);
#9252 = VERTEX_POINT('',#9253);
#9253 = CARTESIAN_POINT('',(26.,239.5,34.5));
#9254 = LINE('',#9255,#9256);
#9255 = CARTESIAN_POINT('',(26.,239.5,34.5));
#9256 = VECTOR('',#9257,1.);
#9257 = DIRECTION('',(0.,0.,1.));
#9258 = ORIENTED_EDGE('',*,*,#9259,.T.);
#9259 = EDGE_CURVE('',#9252,#9260,#9262,.T.);
#9260 = VERTEX_POINT('',#9261);
#9261 = CARTESIAN_POINT('',(26.,294.5,34.5));
#9262 = LINE('',#9263,#9264);
#9263 = CARTESIAN_POINT('',(26.,239.5,34.5));
#9264 = VECTOR('',#9265,1.);
#9265 = DIRECTION('',(-0.,1.,0.));
#9266 = ORIENTED_EDGE('',*,*,#9267,.T.);
#9267 = EDGE_CURVE('',#9260,#9221,#9268,.T.);
#9268 = LINE('',#9269,#9270);
#9269 = CARTESIAN_POINT('',(26.,294.5,34.5));
#9270 = VECTOR('',#9271,1.);
#9271 = DIRECTION('',(0.,0.,1.));
#9272 = ORIENTED_EDGE('',*,*,#9228,.F.);
#9273 = PLANE('',#9274);
#9274 = AXIS2_PLACEMENT_3D('',#9275,#9276,#9277);
#9275 = CARTESIAN_POINT('',(26.,239.5,34.5));
#9276 = DIRECTION('',(1.,0.,-0.));
#9277 = DIRECTION('',(0.,0.,1.));
#9278 = ADVANCED_FACE('',(#9279),#9294,.T.);
#9279 = FACE_BOUND('',#9280,.T.);
#9280 = EDGE_LOOP('',(#9281,#9282,#9283,#9284,#9285,#9286,#9287,#9288));
#9281 = ORIENTED_EDGE('',*,*,#9056,.T.);
#9282 = ORIENTED_EDGE('',*,*,#9112,.F.);
#9283 = ORIENTED_EDGE('',*,*,#9127,.T.);
#9284 = ORIENTED_EDGE('',*,*,#9168,.F.);
#9285 = ORIENTED_EDGE('',*,*,#9189,.F.);
#9286 = ORIENTED_EDGE('',*,*,#9236,.F.);
#9287 = ORIENTED_EDGE('',*,*,#9251,.F.);
#9288 = ORIENTED_EDGE('',*,*,#9289,.T.);
#9289 = EDGE_CURVE('',#9252,#9057,#9290,.T.);
#9290 = LINE('',#9291,#9292);
#9291 = CARTESIAN_POINT('',(26.,239.5,34.5));
#9292 = VECTOR('',#9293,1.);
#9293 = DIRECTION('',(1.,0.,-0.));
#9294 = PLANE('',#9295);
#9295 = AXIS2_PLACEMENT_3D('',#9296,#9297,#9298);
#9296 = CARTESIAN_POINT('',(70.,239.5,54.630434782609));
#9297 = DIRECTION('',(-0.,-1.,-0.));
#9298 = DIRECTION('',(0.,0.,-1.));
#9299 = ADVANCED_FACE('',(#9300),#9311,.T.);
#9300 = FACE_BOUND('',#9301,.T.);
#9301 = EDGE_LOOP('',(#9302,#9303,#9304,#9305));
#9302 = ORIENTED_EDGE('',*,*,#9066,.F.);
#9303 = ORIENTED_EDGE('',*,*,#9289,.F.);
#9304 = ORIENTED_EDGE('',*,*,#9259,.T.);
#9305 = ORIENTED_EDGE('',*,*,#9306,.T.);
#9306 = EDGE_CURVE('',#9260,#9067,#9307,.T.);
#9307 = LINE('',#9308,#9309);
#9308 = CARTESIAN_POINT('',(26.,294.5,34.5));
#9309 = VECTOR('',#9310,1.);
#9310 = DIRECTION('',(1.,0.,-0.));
#9311 = PLANE('',#9312);
#9312 = AXIS2_PLACEMENT_3D('',#9313,#9314,#9315);
#9313 = CARTESIAN_POINT('',(70.,267.,34.5));
#9314 = DIRECTION('',(-0.,-0.,-1.));
#9315 = DIRECTION('',(-1.,0.,0.));
#9316 = ADVANCED_FACE('',(#9317),#9327,.T.);
#9317 = FACE_BOUND('',#9318,.T.);
#9318 = EDGE_LOOP('',(#9319,#9320,#9321,#9322,#9323,#9324,#9325,#9326));
#9319 = ORIENTED_EDGE('',*,*,#9306,.F.);
#9320 = ORIENTED_EDGE('',*,*,#9267,.T.);
#9321 = ORIENTED_EDGE('',*,*,#9220,.T.);
#9322 = ORIENTED_EDGE('',*,*,#9205,.T.);
#9323 = ORIENTED_EDGE('',*,*,#9175,.T.);
#9324 = ORIENTED_EDGE('',*,*,#9136,.F.);
#9325 = ORIENTED_EDGE('',*,*,#9096,.T.);
#9326 = ORIENTED_EDGE('',*,*,#9074,.F.);
#9327 = PLANE('',#9328);
#9328 = AXIS2_PLACEMENT_3D('',#9329,#9330,#9331);
#9329 = CARTESIAN_POINT('',(70.,294.5,54.630434782609));
#9330 = DIRECTION('',(0.,1.,0.));
#9331 = DIRECTION('',(0.,-0.,1.));
#9332 = ( GEOMETRIC_REPRESENTATION_CONTEXT(3) 
GLOBAL_UNCERTAINTY_ASSIGNED_CONTEXT((#9336)) 
GLOBAL_UNIT_ASSIGNED_CONTEXT((#9333,#9334,#9335)) REPRESENTATION_CONTEXT
('Context #1','3D Context with UNIT and UNCERTAINTY') );
#9333 = ( LENGTH_UNIT() NAMED_UNIT(*) SI_UNIT(.MILLI.,.METRE.) );
#9334 = ( NAMED_UNIT(*) PLANE_ANGLE_UNIT() SI_UNIT($,.RADIAN.) );
#9335 = ( NAMED_UNIT(*) SI_UNIT($,.STERADIAN.) SOLID_ANGLE_UNIT() );
#9336 = UNCERTAINTY_MEASURE_WITH_UNIT(LENGTH_MEASURE(1.E-07),#9333,
  'distance_accuracy_value','confusion accuracy');
#9337 = CONTEXT_DEPENDENT_SHAPE_REPRESENTATION(#9338,#9340);
#9338 = ( REPRESENTATION_RELATIONSHIP('','',#9049,#10) 
REPRESENTATION_RELATIONSHIP_WITH_TRANSFORMATION(#9339) 
SHAPE_REPRESENTATION_RELATIONSHIP() );
#9339 = ITEM_DEFINED_TRANSFORMATION('','',#11,#147);
#9340 = PRODUCT_DEFINITION_SHAPE('Placement','Placement of an item',
  #9341);
#9341 = NEXT_ASSEMBLY_USAGE_OCCURRENCE('34',
  '扬声器电源变压器 · 含固定耳包络','',#5,#9044,$);
#9342 = PRODUCT_RELATED_PRODUCT_CATEGORY('part',$,(#9046));
#9343 = SHAPE_DEFINITION_REPRESENTATION(#9344,#9350);
#9344 = PRODUCT_DEFINITION_SHAPE('','',#9345);
#9345 = PRODUCT_DEFINITION('design','',#9346,#9349);
#9346 = PRODUCT_DEFINITION_FORMATION('','',#9347);
#9347 = PRODUCT('套装 RCA 后板预留区（孔位待确认）',
  '套装 RCA 后板预留区（孔位待确认）','',(#9348));
#9348 = PRODUCT_CONTEXT('',#2,'mechanical');
#9349 = PRODUCT_DEFINITION_CONTEXT('part definition',#2,'design');
#9350 = ADVANCED_BREP_SHAPE_REPRESENTATION('',(#11,#9351),#9501);
#9351 = MANIFOLD_SOLID_BREP('',#9352);
#9352 = CLOSED_SHELL('',(#9353,#9393,#9433,#9455,#9477,#9489));
#9353 = ADVANCED_FACE('',(#9354),#9388,.F.);
#9354 = FACE_BOUND('',#9355,.F.);
#9355 = EDGE_LOOP('',(#9356,#9366,#9374,#9382));
#9356 = ORIENTED_EDGE('',*,*,#9357,.F.);
#9357 = EDGE_CURVE('',#9358,#9360,#9362,.T.);
#9358 = VERTEX_POINT('',#9359);
#9359 = CARTESIAN_POINT('',(324.,336.,61.5));
#9360 = VERTEX_POINT('',#9361);
#9361 = CARTESIAN_POINT('',(324.,336.,93.5));
#9362 = LINE('',#9363,#9364);
#9363 = CARTESIAN_POINT('',(324.,336.,61.5));
#9364 = VECTOR('',#9365,1.);
#9365 = DIRECTION('',(0.,0.,1.));
#9366 = ORIENTED_EDGE('',*,*,#9367,.T.);
#9367 = EDGE_CURVE('',#9358,#9368,#9370,.T.);
#9368 = VERTEX_POINT('',#9369);
#9369 = CARTESIAN_POINT('',(324.,338.,61.5));
#9370 = LINE('',#9371,#9372);
#9371 = CARTESIAN_POINT('',(324.,336.,61.5));
#9372 = VECTOR('',#9373,1.);
#9373 = DIRECTION('',(-0.,1.,0.));
#9374 = ORIENTED_EDGE('',*,*,#9375,.T.);
#9375 = EDGE_CURVE('',#9368,#9376,#9378,.T.);
#9376 = VERTEX_POINT('',#9377);
#9377 = CARTESIAN_POINT('',(324.,338.,93.5));
#9378 = LINE('',#9379,#9380);
#9379 = CARTESIAN_POINT('',(324.,338.,61.5));
#9380 = VECTOR('',#9381,1.);
#9381 = DIRECTION('',(0.,0.,1.));
#9382 = ORIENTED_EDGE('',*,*,#9383,.F.);
#9383 = EDGE_CURVE('',#9360,#9376,#9384,.T.);
#9384 = LINE('',#9385,#9386);
#9385 = CARTESIAN_POINT('',(324.,336.,93.5));
#9386 = VECTOR('',#9387,1.);
#9387 = DIRECTION('',(-0.,1.,0.));
#9388 = PLANE('',#9389);
#9389 = AXIS2_PLACEMENT_3D('',#9390,#9391,#9392);
#9390 = CARTESIAN_POINT('',(324.,336.,61.5));
#9391 = DIRECTION('',(1.,0.,-0.));
#9392 = DIRECTION('',(0.,0.,1.));
#9393 = ADVANCED_FACE('',(#9394),#9428,.T.);
#9394 = FACE_BOUND('',#9395,.T.);
#9395 = EDGE_LOOP('',(#9396,#9406,#9414,#9422));
#9396 = ORIENTED_EDGE('',*,*,#9397,.F.);
#9397 = EDGE_CURVE('',#9398,#9400,#9402,.T.);
#9398 = VERTEX_POINT('',#9399);
#9399 = CARTESIAN_POINT('',(429.,336.,61.5));
#9400 = VERTEX_POINT('',#9401);
#9401 = CARTESIAN_POINT('',(429.,336.,93.5));
#9402 = LINE('',#9403,#9404);
#9403 = CARTESIAN_POINT('',(429.,336.,61.5));
#9404 = VECTOR('',#9405,1.);
#9405 = DIRECTION('',(0.,0.,1.));
#9406 = ORIENTED_EDGE('',*,*,#9407,.T.);
#9407 = EDGE_CURVE('',#9398,#9408,#9410,.T.);
#9408 = VERTEX_POINT('',#9409);
#9409 = CARTESIAN_POINT('',(429.,338.,61.5));
#9410 = LINE('',#9411,#9412);
#9411 = CARTESIAN_POINT('',(429.,336.,61.5));
#9412 = VECTOR('',#9413,1.);
#9413 = DIRECTION('',(-0.,1.,0.));
#9414 = ORIENTED_EDGE('',*,*,#9415,.T.);
#9415 = EDGE_CURVE('',#9408,#9416,#9418,.T.);
#9416 = VERTEX_POINT('',#9417);
#9417 = CARTESIAN_POINT('',(429.,338.,93.5));
#9418 = LINE('',#9419,#9420);
#9419 = CARTESIAN_POINT('',(429.,338.,61.5));
#9420 = VECTOR('',#9421,1.);
#9421 = DIRECTION('',(0.,0.,1.));
#9422 = ORIENTED_EDGE('',*,*,#9423,.F.);
#9423 = EDGE_CURVE('',#9400,#9416,#9424,.T.);
#9424 = LINE('',#9425,#9426);
#9425 = CARTESIAN_POINT('',(429.,336.,93.5));
#9426 = VECTOR('',#9427,1.);
#9427 = DIRECTION('',(-0.,1.,0.));
#9428 = PLANE('',#9429);
#9429 = AXIS2_PLACEMENT_3D('',#9430,#9431,#9432);
#9430 = CARTESIAN_POINT('',(429.,336.,61.5));
#9431 = DIRECTION('',(1.,0.,-0.));
#9432 = DIRECTION('',(0.,0.,1.));
#9433 = ADVANCED_FACE('',(#9434),#9450,.F.);
#9434 = FACE_BOUND('',#9435,.F.);
#9435 = EDGE_LOOP('',(#9436,#9442,#9443,#9449));
#9436 = ORIENTED_EDGE('',*,*,#9437,.F.);
#9437 = EDGE_CURVE('',#9358,#9398,#9438,.T.);
#9438 = LINE('',#9439,#9440);
#9439 = CARTESIAN_POINT('',(324.,336.,61.5));
#9440 = VECTOR('',#9441,1.);
#9441 = DIRECTION('',(1.,0.,-0.));
#9442 = ORIENTED_EDGE('',*,*,#9357,.T.);
#9443 = ORIENTED_EDGE('',*,*,#9444,.T.);
#9444 = EDGE_CURVE('',#9360,#9400,#9445,.T.);
#9445 = LINE('',#9446,#9447);
#9446 = CARTESIAN_POINT('',(324.,336.,93.5));
#9447 = VECTOR('',#9448,1.);
#9448 = DIRECTION('',(1.,0.,-0.));
#9449 = ORIENTED_EDGE('',*,*,#9397,.F.);
#9450 = PLANE('',#9451);
#9451 = AXIS2_PLACEMENT_3D('',#9452,#9453,#9454);
#9452 = CARTESIAN_POINT('',(324.,336.,61.5));
#9453 = DIRECTION('',(-0.,1.,0.));
#9454 = DIRECTION('',(0.,0.,1.));
#9455 = ADVANCED_FACE('',(#9456),#9472,.T.);
#9456 = FACE_BOUND('',#9457,.T.);
#9457 = EDGE_LOOP('',(#9458,#9464,#9465,#9471));
#9458 = ORIENTED_EDGE('',*,*,#9459,.F.);
#9459 = EDGE_CURVE('',#9368,#9408,#9460,.T.);
#9460 = LINE('',#9461,#9462);
#9461 = CARTESIAN_POINT('',(324.,338.,61.5));
#9462 = VECTOR('',#9463,1.);
#9463 = DIRECTION('',(1.,0.,-0.));
#9464 = ORIENTED_EDGE('',*,*,#9375,.T.);
#9465 = ORIENTED_EDGE('',*,*,#9466,.T.);
#9466 = EDGE_CURVE('',#9376,#9416,#9467,.T.);
#9467 = LINE('',#9468,#9469);
#9468 = CARTESIAN_POINT('',(324.,338.,93.5));
#9469 = VECTOR('',#9470,1.);
#9470 = DIRECTION('',(1.,0.,-0.));
#9471 = ORIENTED_EDGE('',*,*,#9415,.F.);
#9472 = PLANE('',#9473);
#9473 = AXIS2_PLACEMENT_3D('',#9474,#9475,#9476);
#9474 = CARTESIAN_POINT('',(324.,338.,61.5));
#9475 = DIRECTION('',(-0.,1.,0.));
#9476 = DIRECTION('',(0.,0.,1.));
#9477 = ADVANCED_FACE('',(#9478),#9484,.F.);
#9478 = FACE_BOUND('',#9479,.F.);
#9479 = EDGE_LOOP('',(#9480,#9481,#9482,#9483));
#9480 = ORIENTED_EDGE('',*,*,#9367,.F.);
#9481 = ORIENTED_EDGE('',*,*,#9437,.T.);
#9482 = ORIENTED_EDGE('',*,*,#9407,.T.);
#9483 = ORIENTED_EDGE('',*,*,#9459,.F.);
#9484 = PLANE('',#9485);
#9485 = AXIS2_PLACEMENT_3D('',#9486,#9487,#9488);
#9486 = CARTESIAN_POINT('',(324.,336.,61.5));
#9487 = DIRECTION('',(0.,0.,1.));
#9488 = DIRECTION('',(1.,0.,-0.));
#9489 = ADVANCED_FACE('',(#9490),#9496,.T.);
#9490 = FACE_BOUND('',#9491,.T.);
#9491 = EDGE_LOOP('',(#9492,#9493,#9494,#9495));
#9492 = ORIENTED_EDGE('',*,*,#9383,.F.);
#9493 = ORIENTED_EDGE('',*,*,#9444,.T.);
#9494 = ORIENTED_EDGE('',*,*,#9423,.T.);
#9495 = ORIENTED_EDGE('',*,*,#9466,.F.);
#9496 = PLANE('',#9497);
#9497 = AXIS2_PLACEMENT_3D('',#9498,#9499,#9500);
#9498 = CARTESIAN_POINT('',(324.,336.,93.5));
#9499 = DIRECTION('',(0.,0.,1.));
#9500 = DIRECTION('',(1.,0.,-0.));
#9501 = ( GEOMETRIC_REPRESENTATION_CONTEXT(3) 
GLOBAL_UNCERTAINTY_ASSIGNED_CONTEXT((#9505)) 
GLOBAL_UNIT_ASSIGNED_CONTEXT((#9502,#9503,#9504)) REPRESENTATION_CONTEXT
('Context #1','3D Context with UNIT and UNCERTAINTY') );
#9502 = ( LENGTH_UNIT() NAMED_UNIT(*) SI_UNIT(.MILLI.,.METRE.) );
#9503 = ( NAMED_UNIT(*) PLANE_ANGLE_UNIT() SI_UNIT($,.RADIAN.) );
#9504 = ( NAMED_UNIT(*) SI_UNIT($,.STERADIAN.) SOLID_ANGLE_UNIT() );
#9505 = UNCERTAINTY_MEASURE_WITH_UNIT(LENGTH_MEASURE(1.E-07),#9502,
  'distance_accuracy_value','confusion accuracy');
#9506 = CONTEXT_DEPENDENT_SHAPE_REPRESENTATION(#9507,#9509);
#9507 = ( REPRESENTATION_RELATIONSHIP('','',#9350,#10) 
REPRESENTATION_RELATIONSHIP_WITH_TRANSFORMATION(#9508) 
SHAPE_REPRESENTATION_RELATIONSHIP() );
#9508 = ITEM_DEFINED_TRANSFORMATION('','',#11,#151);
#9509 = PRODUCT_DEFINITION_SHAPE('Placement','Placement of an item',
  #9510);
#9510 = NEXT_ASSEMBLY_USAGE_OCCURRENCE('35',
  '套装 RCA 后板预留区（孔位待确认）','',#5,#9345,$);
#9511 = PRODUCT_RELATED_PRODUCT_CATEGORY('part',$,(#9347));
#9512 = SHAPE_DEFINITION_REPRESENTATION(#9513,#9519);
#9513 = PRODUCT_DEFINITION_SHAPE('','',#9514);
#9514 = PRODUCT_DEFINITION('design','',#9515,#9518);
#9515 = PRODUCT_DEFINITION_FORMATION('','',#9516);
#9516 = PRODUCT('左前旋钮底座','左前旋钮底座','',(#9517));
#9517 = PRODUCT_CONTEXT('',#2,'mechanical');
#9518 = PRODUCT_DEFINITION_CONTEXT('part definition',#2,'design');
#9519 = ADVANCED_BREP_SHAPE_REPRESENTATION('',(#11,#9520),#9573);
#9520 = MANIFOLD_SOLID_BREP('',#9521);
#9521 = CLOSED_SHELL('',(#9522,#9555,#9564));
#9522 = ADVANCED_FACE('',(#9523),#9550,.T.);
#9523 = FACE_BOUND('',#9524,.T.);
#9524 = EDGE_LOOP('',(#9525,#9534,#9542,#9549));
#9525 = ORIENTED_EDGE('',*,*,#9526,.F.);
#9526 = EDGE_CURVE('',#9527,#9527,#9529,.T.);
#9527 = VERTEX_POINT('',#9528);
#9528 = CARTESIAN_POINT('',(63.,43.,148.5));
#9529 = CIRCLE('',#9530,17.);
#9530 = AXIS2_PLACEMENT_3D('',#9531,#9532,#9533);
#9531 = CARTESIAN_POINT('',(46.,43.,148.5));
#9532 = DIRECTION('',(0.,0.,1.));
#9533 = DIRECTION('',(1.,0.,-0.));
#9534 = ORIENTED_EDGE('',*,*,#9535,.F.);
#9535 = EDGE_CURVE('',#9536,#9527,#9538,.T.);
#9536 = VERTEX_POINT('',#9537);
#9537 = CARTESIAN_POINT('',(63.,43.,146.5));
#9538 = LINE('',#9539,#9540);
#9539 = CARTESIAN_POINT('',(63.,43.,146.5));
#9540 = VECTOR('',#9541,1.);
#9541 = DIRECTION('',(0.,0.,1.));
#9542 = ORIENTED_EDGE('',*,*,#9543,.T.);
#9543 = EDGE_CURVE('',#9536,#9536,#9544,.T.);
#9544 = CIRCLE('',#9545,17.);
#9545 = AXIS2_PLACEMENT_3D('',#9546,#9547,#9548);
#9546 = CARTESIAN_POINT('',(46.,43.,146.5));
#9547 = DIRECTION('',(0.,0.,1.));
#9548 = DIRECTION('',(1.,0.,-0.));
#9549 = ORIENTED_EDGE('',*,*,#9535,.T.);
#9550 = CYLINDRICAL_SURFACE('',#9551,17.);
#9551 = AXIS2_PLACEMENT_3D('',#9552,#9553,#9554);
#9552 = CARTESIAN_POINT('',(46.,43.,146.5));
#9553 = DIRECTION('',(0.,0.,1.));
#9554 = DIRECTION('',(1.,0.,-0.));
#9555 = ADVANCED_FACE('',(#9556),#9559,.T.);
#9556 = FACE_BOUND('',#9557,.T.);
#9557 = EDGE_LOOP('',(#9558));
#9558 = ORIENTED_EDGE('',*,*,#9526,.T.);
#9559 = PLANE('',#9560);
#9560 = AXIS2_PLACEMENT_3D('',#9561,#9562,#9563);
#9561 = CARTESIAN_POINT('',(46.,43.,148.5));
#9562 = DIRECTION('',(0.,0.,1.));
#9563 = DIRECTION('',(1.,0.,-0.));
#9564 = ADVANCED_FACE('',(#9565),#9568,.F.);
#9565 = FACE_BOUND('',#9566,.T.);
#9566 = EDGE_LOOP('',(#9567));
#9567 = ORIENTED_EDGE('',*,*,#9543,.F.);
#9568 = PLANE('',#9569);
#9569 = AXIS2_PLACEMENT_3D('',#9570,#9571,#9572);
#9570 = CARTESIAN_POINT('',(46.,43.,146.5));
#9571 = DIRECTION('',(0.,0.,1.));
#9572 = DIRECTION('',(1.,0.,-0.));
#9573 = ( GEOMETRIC_REPRESENTATION_CONTEXT(3) 
GLOBAL_UNCERTAINTY_ASSIGNED_CONTEXT((#9577)) 
GLOBAL_UNIT_ASSIGNED_CONTEXT((#9574,#9575,#9576)) REPRESENTATION_CONTEXT
('Context #1','3D Context with UNIT and UNCERTAINTY') );
#9574 = ( LENGTH_UNIT() NAMED_UNIT(*) SI_UNIT(.MILLI.,.METRE.) );
#9575 = ( NAMED_UNIT(*) PLANE_ANGLE_UNIT() SI_UNIT($,.RADIAN.) );
#9576 = ( NAMED_UNIT(*) SI_UNIT($,.STERADIAN.) SOLID_ANGLE_UNIT() );
#9577 = UNCERTAINTY_MEASURE_WITH_UNIT(LENGTH_MEASURE(1.E-07),#9574,
  'distance_accuracy_value','confusion accuracy');
#9578 = CONTEXT_DEPENDENT_SHAPE_REPRESENTATION(#9579,#9581);
#9579 = ( REPRESENTATION_RELATIONSHIP('','',#9519,#10) 
REPRESENTATION_RELATIONSHIP_WITH_TRANSFORMATION(#9580) 
SHAPE_REPRESENTATION_RELATIONSHIP() );
#9580 = ITEM_DEFINED_TRANSFORMATION('','',#11,#155);
#9581 = PRODUCT_DEFINITION_SHAPE('Placement','Placement of an item',
  #9582);
#9582 = NEXT_ASSEMBLY_USAGE_OCCURRENCE('36','左前旋钮底座','',#5,
  #9514,$);
#9583 = PRODUCT_RELATED_PRODUCT_CATEGORY('part',$,(#9516));
#9584 = SHAPE_DEFINITION_REPRESENTATION(#9585,#9591);
#9585 = PRODUCT_DEFINITION_SHAPE('','',#9586);
#9586 = PRODUCT_DEFINITION('design','',#9587,#9590);
#9587 = PRODUCT_DEFINITION_FORMATION('','',#9588);
#9588 = PRODUCT('多功能旋钮','多功能旋钮','',(#9589));
#9589 = PRODUCT_CONTEXT('',#2,'mechanical');
#9590 = PRODUCT_DEFINITION_CONTEXT('part definition',#2,'design');
#9591 = ADVANCED_BREP_SHAPE_REPRESENTATION('',(#11,#9592),#9645);
#9592 = MANIFOLD_SOLID_BREP('',#9593);
#9593 = CLOSED_SHELL('',(#9594,#9627,#9636));
#9594 = ADVANCED_FACE('',(#9595),#9622,.T.);
#9595 = FACE_BOUND('',#9596,.T.);
#9596 = EDGE_LOOP('',(#9597,#9606,#9614,#9621));
#9597 = ORIENTED_EDGE('',*,*,#9598,.F.);
#9598 = EDGE_CURVE('',#9599,#9599,#9601,.T.);
#9599 = VERTEX_POINT('',#9600);
#9600 = CARTESIAN_POINT('',(62.,43.,162.5));
#9601 = CIRCLE('',#9602,16.);
#9602 = AXIS2_PLACEMENT_3D('',#9603,#9604,#9605);
#9603 = CARTESIAN_POINT('',(46.,43.,162.5));
#9604 = DIRECTION('',(0.,0.,1.));
#9605 = DIRECTION('',(1.,0.,-0.));
#9606 = ORIENTED_EDGE('',*,*,#9607,.F.);
#9607 = EDGE_CURVE('',#9608,#9599,#9610,.T.);
#9608 = VERTEX_POINT('',#9609);
#9609 = CARTESIAN_POINT('',(62.,43.,148.5));
#9610 = LINE('',#9611,#9612);
#9611 = CARTESIAN_POINT('',(62.,43.,148.5));
#9612 = VECTOR('',#9613,1.);
#9613 = DIRECTION('',(0.,0.,1.));
#9614 = ORIENTED_EDGE('',*,*,#9615,.T.);
#9615 = EDGE_CURVE('',#9608,#9608,#9616,.T.);
#9616 = CIRCLE('',#9617,16.);
#9617 = AXIS2_PLACEMENT_3D('',#9618,#9619,#9620);
#9618 = CARTESIAN_POINT('',(46.,43.,148.5));
#9619 = DIRECTION('',(0.,0.,1.));
#9620 = DIRECTION('',(1.,0.,-0.));
#9621 = ORIENTED_EDGE('',*,*,#9607,.T.);
#9622 = CYLINDRICAL_SURFACE('',#9623,16.);
#9623 = AXIS2_PLACEMENT_3D('',#9624,#9625,#9626);
#9624 = CARTESIAN_POINT('',(46.,43.,148.5));
#9625 = DIRECTION('',(0.,0.,1.));
#9626 = DIRECTION('',(1.,0.,-0.));
#9627 = ADVANCED_FACE('',(#9628),#9631,.T.);
#9628 = FACE_BOUND('',#9629,.T.);
#9629 = EDGE_LOOP('',(#9630));
#9630 = ORIENTED_EDGE('',*,*,#9598,.T.);
#9631 = PLANE('',#9632);
#9632 = AXIS2_PLACEMENT_3D('',#9633,#9634,#9635);
#9633 = CARTESIAN_POINT('',(46.,43.,162.5));
#9634 = DIRECTION('',(0.,0.,1.));
#9635 = DIRECTION('',(1.,0.,-0.));
#9636 = ADVANCED_FACE('',(#9637),#9640,.F.);
#9637 = FACE_BOUND('',#9638,.T.);
#9638 = EDGE_LOOP('',(#9639));
#9639 = ORIENTED_EDGE('',*,*,#9615,.F.);
#9640 = PLANE('',#9641);
#9641 = AXIS2_PLACEMENT_3D('',#9642,#9643,#9644);
#9642 = CARTESIAN_POINT('',(46.,43.,148.5));
#9643 = DIRECTION('',(0.,0.,1.));
#9644 = DIRECTION('',(1.,0.,-0.));
#9645 = ( GEOMETRIC_REPRESENTATION_CONTEXT(3) 
GLOBAL_UNCERTAINTY_ASSIGNED_CONTEXT((#9649)) 
GLOBAL_UNIT_ASSIGNED_CONTEXT((#9646,#9647,#9648)) REPRESENTATION_CONTEXT
('Context #1','3D Context with UNIT and UNCERTAINTY') );
#9646 = ( LENGTH_UNIT() NAMED_UNIT(*) SI_UNIT(.MILLI.,.METRE.) );
#9647 = ( NAMED_UNIT(*) PLANE_ANGLE_UNIT() SI_UNIT($,.RADIAN.) );
#9648 = ( NAMED_UNIT(*) SI_UNIT($,.STERADIAN.) SOLID_ANGLE_UNIT() );
#9649 = UNCERTAINTY_MEASURE_WITH_UNIT(LENGTH_MEASURE(1.E-07),#9646,
  'distance_accuracy_value','confusion accuracy');
#9650 = CONTEXT_DEPENDENT_SHAPE_REPRESENTATION(#9651,#9653);
#9651 = ( REPRESENTATION_RELATIONSHIP('','',#9591,#10) 
REPRESENTATION_RELATIONSHIP_WITH_TRANSFORMATION(#9652) 
SHAPE_REPRESENTATION_RELATIONSHIP() );
#9652 = ITEM_DEFINED_TRANSFORMATION('','',#11,#159);
#9653 = PRODUCT_DEFINITION_SHAPE('Placement','Placement of an item',
  #9654);
#9654 = NEXT_ASSEMBLY_USAGE_OCCURRENCE('37','多功能旋钮','',#5,
  #9586,$);
#9655 = PRODUCT_RELATED_PRODUCT_CATEGORY('part',$,(#9588));
#9656 = SHAPE_DEFINITION_REPRESENTATION(#9657,#9663);
#9657 = PRODUCT_DEFINITION_SHAPE('','',#9658);
#9658 = PRODUCT_DEFINITION('design','',#9659,#9662);
#9659 = PRODUCT_DEFINITION_FORMATION('','',#9660);
#9660 = PRODUCT('烟灰透明防尘盖','烟灰透明防尘盖','',(
    #9661));
#9661 = PRODUCT_CONTEXT('',#2,'mechanical');
#9662 = PRODUCT_DEFINITION_CONTEXT('part definition',#2,'design');
#9663 = ADVANCED_BREP_SHAPE_REPRESENTATION('',(#11,#9664),#10112);
#9664 = MANIFOLD_SOLID_BREP('',#9665);
#9665 = CLOSED_SHELL('',(#9666,#9706,#9737,#9761,#9829,#9880,#9892,#9917
    ,#9942,#9967,#9992,#10023,#10047,#10083,#10100));
#9666 = ADVANCED_FACE('',(#9667),#9701,.F.);
#9667 = FACE_BOUND('',#9668,.F.);
#9668 = EDGE_LOOP('',(#9669,#9679,#9687,#9695));
#9669 = ORIENTED_EDGE('',*,*,#9670,.F.);
#9670 = EDGE_CURVE('',#9671,#9673,#9675,.T.);
#9671 = VERTEX_POINT('',#9672);
#9672 = CARTESIAN_POINT('',(12.,2.,147.5));
#9673 = VERTEX_POINT('',#9674);
#9674 = CARTESIAN_POINT('',(12.,2.,210.7));
#9675 = LINE('',#9676,#9677);
#9676 = CARTESIAN_POINT('',(12.,2.,147.5));
#9677 = VECTOR('',#9678,1.);
#9678 = DIRECTION('',(0.,0.,1.));
#9679 = ORIENTED_EDGE('',*,*,#9680,.T.);
#9680 = EDGE_CURVE('',#9671,#9681,#9683,.T.);
#9681 = VERTEX_POINT('',#9682);
#9682 = CARTESIAN_POINT('',(12.,348.,147.5));
#9683 = LINE('',#9684,#9685);
#9684 = CARTESIAN_POINT('',(12.,2.,147.5));
#9685 = VECTOR('',#9686,1.);
#9686 = DIRECTION('',(-0.,1.,0.));
#9687 = ORIENTED_EDGE('',*,*,#9688,.T.);
#9688 = EDGE_CURVE('',#9681,#9689,#9691,.T.);
#9689 = VERTEX_POINT('',#9690);
#9690 = CARTESIAN_POINT('',(12.,348.,210.7));
#9691 = LINE('',#9692,#9693);
#9692 = CARTESIAN_POINT('',(12.,348.,147.5));
#9693 = VECTOR('',#9694,1.);
#9694 = DIRECTION('',(0.,0.,1.));
#9695 = ORIENTED_EDGE('',*,*,#9696,.F.);
#9696 = EDGE_CURVE('',#9673,#9689,#9697,.T.);
#9697 = LINE('',#9698,#9699);
#9698 = CARTESIAN_POINT('',(12.,2.,210.7));
#9699 = VECTOR('',#9700,1.);
#9700 = DIRECTION('',(-0.,1.,0.));
#9701 = PLANE('',#9702);
#9702 = AXIS2_PLACEMENT_3D('',#9703,#9704,#9705);
#9703 = CARTESIAN_POINT('',(12.,2.,147.5));
#9704 = DIRECTION('',(1.,0.,-0.));
#9705 = DIRECTION('',(0.,0.,1.));
#9706 = ADVANCED_FACE('',(#9707),#9732,.F.);
#9707 = FACE_BOUND('',#9708,.F.);
#9708 = EDGE_LOOP('',(#9709,#9717,#9718,#9726));
#9709 = ORIENTED_EDGE('',*,*,#9710,.F.);
#9710 = EDGE_CURVE('',#9671,#9711,#9713,.T.);
#9711 = VERTEX_POINT('',#9712);
#9712 = CARTESIAN_POINT('',(438.,2.,147.5));
#9713 = LINE('',#9714,#9715);
#9714 = CARTESIAN_POINT('',(12.,2.,147.5));
#9715 = VECTOR('',#9716,1.);
#9716 = DIRECTION('',(1.,0.,-0.));
#9717 = ORIENTED_EDGE('',*,*,#9670,.T.);
#9718 = ORIENTED_EDGE('',*,*,#9719,.T.);
#9719 = EDGE_CURVE('',#9673,#9720,#9722,.T.);
#9720 = VERTEX_POINT('',#9721);
#9721 = CARTESIAN_POINT('',(438.,2.,210.7));
#9722 = LINE('',#9723,#9724);
#9723 = CARTESIAN_POINT('',(12.,2.,210.7));
#9724 = VECTOR('',#9725,1.);
#9725 = DIRECTION('',(1.,0.,-0.));
#9726 = ORIENTED_EDGE('',*,*,#9727,.F.);
#9727 = EDGE_CURVE('',#9711,#9720,#9728,.T.);
#9728 = LINE('',#9729,#9730);
#9729 = CARTESIAN_POINT('',(438.,2.,147.5));
#9730 = VECTOR('',#9731,1.);
#9731 = DIRECTION('',(0.,0.,1.));
#9732 = PLANE('',#9733);
#9733 = AXIS2_PLACEMENT_3D('',#9734,#9735,#9736);
#9734 = CARTESIAN_POINT('',(12.,2.,147.5));
#9735 = DIRECTION('',(-0.,1.,0.));
#9736 = DIRECTION('',(0.,0.,1.));
#9737 = ADVANCED_FACE('',(#9738),#9756,.T.);
#9738 = FACE_BOUND('',#9739,.T.);
#9739 = EDGE_LOOP('',(#9740,#9741,#9742,#9750));
#9740 = ORIENTED_EDGE('',*,*,#9696,.F.);
#9741 = ORIENTED_EDGE('',*,*,#9719,.T.);
#9742 = ORIENTED_EDGE('',*,*,#9743,.T.);
#9743 = EDGE_CURVE('',#9720,#9744,#9746,.T.);
#9744 = VERTEX_POINT('',#9745);
#9745 = CARTESIAN_POINT('',(438.,348.,210.7));
#9746 = LINE('',#9747,#9748);
#9747 = CARTESIAN_POINT('',(438.,2.,210.7));
#9748 = VECTOR('',#9749,1.);
#9749 = DIRECTION('',(-0.,1.,0.));
#9750 = ORIENTED_EDGE('',*,*,#9751,.F.);
#9751 = EDGE_CURVE('',#9689,#9744,#9752,.T.);
#9752 = LINE('',#9753,#9754);
#9753 = CARTESIAN_POINT('',(12.,348.,210.7));
#9754 = VECTOR('',#9755,1.);
#9755 = DIRECTION('',(1.,0.,-0.));
#9756 = PLANE('',#9757);
#9757 = AXIS2_PLACEMENT_3D('',#9758,#9759,#9760);
#9758 = CARTESIAN_POINT('',(12.,2.,210.7));
#9759 = DIRECTION('',(0.,0.,1.));
#9760 = DIRECTION('',(1.,0.,-0.));
#9761 = ADVANCED_FACE('',(#9762,#9780,#9791,#9802,#9813),#9824,.T.);
#9762 = FACE_BOUND('',#9763,.T.);
#9763 = EDGE_LOOP('',(#9764,#9772,#9773,#9774));
#9764 = ORIENTED_EDGE('',*,*,#9765,.F.);
#9765 = EDGE_CURVE('',#9681,#9766,#9768,.T.);
#9766 = VERTEX_POINT('',#9767);
#9767 = CARTESIAN_POINT('',(438.,348.,147.5));
#9768 = LINE('',#9769,#9770);
#9769 = CARTESIAN_POINT('',(12.,348.,147.5));
#9770 = VECTOR('',#9771,1.);
#9771 = DIRECTION('',(1.,0.,-0.));
#9772 = ORIENTED_EDGE('',*,*,#9688,.T.);
#9773 = ORIENTED_EDGE('',*,*,#9751,.T.);
#9774 = ORIENTED_EDGE('',*,*,#9775,.F.);
#9775 = EDGE_CURVE('',#9766,#9744,#9776,.T.);
#9776 = LINE('',#9777,#9778);
#9777 = CARTESIAN_POINT('',(438.,348.,147.5));
#9778 = VECTOR('',#9779,1.);
#9779 = DIRECTION('',(0.,0.,1.));
#9780 = FACE_BOUND('',#9781,.T.);
#9781 = EDGE_LOOP('',(#9782));
#9782 = ORIENTED_EDGE('',*,*,#9783,.F.);
#9783 = EDGE_CURVE('',#9784,#9784,#9786,.T.);
#9784 = VERTEX_POINT('',#9785);
#9785 = CARTESIAN_POINT('',(83.,348.,166.75));
#9786 = CIRCLE('',#9787,2.75);
#9787 = AXIS2_PLACEMENT_3D('',#9788,#9789,#9790);
#9788 = CARTESIAN_POINT('',(83.,348.,164.));
#9789 = DIRECTION('',(0.,1.,0.));
#9790 = DIRECTION('',(0.,-0.,1.));
#9791 = FACE_BOUND('',#9792,.T.);
#9792 = EDGE_LOOP('',(#9793));
#9793 = ORIENTED_EDGE('',*,*,#9794,.F.);
#9794 = EDGE_CURVE('',#9795,#9795,#9797,.T.);
#9795 = VERTEX_POINT('',#9796);
#9796 = CARTESIAN_POINT('',(117.,348.,166.75));
#9797 = CIRCLE('',#9798,2.75);
#9798 = AXIS2_PLACEMENT_3D('',#9799,#9800,#9801);
#9799 = CARTESIAN_POINT('',(117.,348.,164.));
#9800 = DIRECTION('',(0.,1.,0.));
#9801 = DIRECTION('',(0.,-0.,1.));
#9802 = FACE_BOUND('',#9803,.T.);
#9803 = EDGE_LOOP('',(#9804));
#9804 = ORIENTED_EDGE('',*,*,#9805,.F.);
#9805 = EDGE_CURVE('',#9806,#9806,#9808,.T.);
#9806 = VERTEX_POINT('',#9807);
#9807 = CARTESIAN_POINT('',(333.,348.,166.75));
#9808 = CIRCLE('',#9809,2.75);
#9809 = AXIS2_PLACEMENT_3D('',#9810,#9811,#9812);
#9810 = CARTESIAN_POINT('',(333.,348.,164.));
#9811 = DIRECTION('',(0.,1.,0.));
#9812 = DIRECTION('',(0.,-0.,1.));
#9813 = FACE_BOUND('',#9814,.T.);
#9814 = EDGE_LOOP('',(#9815));
#9815 = ORIENTED_EDGE('',*,*,#9816,.F.);
#9816 = EDGE_CURVE('',#9817,#9817,#9819,.T.);
#9817 = VERTEX_POINT('',#9818);
#9818 = CARTESIAN_POINT('',(367.,348.,166.75));
#9819 = CIRCLE('',#9820,2.75);
#9820 = AXIS2_PLACEMENT_3D('',#9821,#9822,#9823);
#9821 = CARTESIAN_POINT('',(367.,348.,164.));
#9822 = DIRECTION('',(0.,1.,0.));
#9823 = DIRECTION('',(0.,-0.,1.));
#9824 = PLANE('',#9825);
#9825 = AXIS2_PLACEMENT_3D('',#9826,#9827,#9828);
#9826 = CARTESIAN_POINT('',(12.,348.,147.5));
#9827 = DIRECTION('',(-0.,1.,0.));
#9828 = DIRECTION('',(0.,0.,1.));
#9829 = ADVANCED_FACE('',(#9830,#9841),#9875,.F.);
#9830 = FACE_BOUND('',#9831,.F.);
#9831 = EDGE_LOOP('',(#9832,#9833,#9834,#9840));
#9832 = ORIENTED_EDGE('',*,*,#9680,.F.);
#9833 = ORIENTED_EDGE('',*,*,#9710,.T.);
#9834 = ORIENTED_EDGE('',*,*,#9835,.T.);
#9835 = EDGE_CURVE('',#9711,#9766,#9836,.T.);
#9836 = LINE('',#9837,#9838);
#9837 = CARTESIAN_POINT('',(438.,2.,147.5));
#9838 = VECTOR('',#9839,1.);
#9839 = DIRECTION('',(-0.,1.,0.));
#9840 = ORIENTED_EDGE('',*,*,#9765,.F.);
#9841 = FACE_BOUND('',#9842,.F.);
#9842 = EDGE_LOOP('',(#9843,#9853,#9861,#9869));
#9843 = ORIENTED_EDGE('',*,*,#9844,.T.);
#9844 = EDGE_CURVE('',#9845,#9847,#9849,.T.);
#9845 = VERTEX_POINT('',#9846);
#9846 = CARTESIAN_POINT('',(435.,5.,147.5));
#9847 = VERTEX_POINT('',#9848);
#9848 = CARTESIAN_POINT('',(15.,5.,147.5));
#9849 = LINE('',#9850,#9851);
#9850 = CARTESIAN_POINT('',(13.5,5.,147.5));
#9851 = VECTOR('',#9852,1.);
#9852 = DIRECTION('',(-1.,-0.,0.));
#9853 = ORIENTED_EDGE('',*,*,#9854,.T.);
#9854 = EDGE_CURVE('',#9847,#9855,#9857,.T.);
#9855 = VERTEX_POINT('',#9856);
#9856 = CARTESIAN_POINT('',(15.,345.,147.5));
#9857 = LINE('',#9858,#9859);
#9858 = CARTESIAN_POINT('',(15.,3.5,147.5));
#9859 = VECTOR('',#9860,1.);
#9860 = DIRECTION('',(-0.,1.,0.));
#9861 = ORIENTED_EDGE('',*,*,#9862,.F.);
#9862 = EDGE_CURVE('',#9863,#9855,#9865,.T.);
#9863 = VERTEX_POINT('',#9864);
#9864 = CARTESIAN_POINT('',(435.,345.,147.5));
#9865 = LINE('',#9866,#9867);
#9866 = CARTESIAN_POINT('',(13.5,345.,147.5));
#9867 = VECTOR('',#9868,1.);
#9868 = DIRECTION('',(-1.,-0.,0.));
#9869 = ORIENTED_EDGE('',*,*,#9870,.F.);
#9870 = EDGE_CURVE('',#9845,#9863,#9871,.T.);
#9871 = LINE('',#9872,#9873);
#9872 = CARTESIAN_POINT('',(435.,3.5,147.5));
#9873 = VECTOR('',#9874,1.);
#9874 = DIRECTION('',(-0.,1.,0.));
#9875 = PLANE('',#9876);
#9876 = AXIS2_PLACEMENT_3D('',#9877,#9878,#9879);
#9877 = CARTESIAN_POINT('',(12.,2.,147.5));
#9878 = DIRECTION('',(0.,0.,1.));
#9879 = DIRECTION('',(1.,0.,-0.));
#9880 = ADVANCED_FACE('',(#9881),#9887,.T.);
#9881 = FACE_BOUND('',#9882,.T.);
#9882 = EDGE_LOOP('',(#9883,#9884,#9885,#9886));
#9883 = ORIENTED_EDGE('',*,*,#9727,.F.);
#9884 = ORIENTED_EDGE('',*,*,#9835,.T.);
#9885 = ORIENTED_EDGE('',*,*,#9775,.T.);
#9886 = ORIENTED_EDGE('',*,*,#9743,.F.);
#9887 = PLANE('',#9888);
#9888 = AXIS2_PLACEMENT_3D('',#9889,#9890,#9891);
#9889 = CARTESIAN_POINT('',(438.,2.,147.5));
#9890 = DIRECTION('',(1.,0.,-0.));
#9891 = DIRECTION('',(0.,0.,1.));
#9892 = ADVANCED_FACE('',(#9893),#9912,.F.);
#9893 = FACE_BOUND('',#9894,.F.);
#9894 = EDGE_LOOP('',(#9895,#9896,#9904,#9911));
#9895 = ORIENTED_EDGE('',*,*,#9783,.F.);
#9896 = ORIENTED_EDGE('',*,*,#9897,.F.);
#9897 = EDGE_CURVE('',#9898,#9784,#9900,.T.);
#9898 = VERTEX_POINT('',#9899);
#9899 = CARTESIAN_POINT('',(83.,345.,166.75));
#9900 = LINE('',#9901,#9902);
#9901 = CARTESIAN_POINT('',(83.,342.,166.75));
#9902 = VECTOR('',#9903,1.);
#9903 = DIRECTION('',(0.,1.,0.));
#9904 = ORIENTED_EDGE('',*,*,#9905,.T.);
#9905 = EDGE_CURVE('',#9898,#9898,#9906,.T.);
#9906 = CIRCLE('',#9907,2.75);
#9907 = AXIS2_PLACEMENT_3D('',#9908,#9909,#9910);
#9908 = CARTESIAN_POINT('',(83.,345.,164.));
#9909 = DIRECTION('',(0.,1.,0.));
#9910 = DIRECTION('',(0.,-0.,1.));
#9911 = ORIENTED_EDGE('',*,*,#9897,.T.);
#9912 = CYLINDRICAL_SURFACE('',#9913,2.75);
#9913 = AXIS2_PLACEMENT_3D('',#9914,#9915,#9916);
#9914 = CARTESIAN_POINT('',(83.,342.,164.));
#9915 = DIRECTION('',(0.,1.,0.));
#9916 = DIRECTION('',(0.,-0.,1.));
#9917 = ADVANCED_FACE('',(#9918),#9937,.F.);
#9918 = FACE_BOUND('',#9919,.F.);
#9919 = EDGE_LOOP('',(#9920,#9921,#9929,#9936));
#9920 = ORIENTED_EDGE('',*,*,#9794,.F.);
#9921 = ORIENTED_EDGE('',*,*,#9922,.F.);
#9922 = EDGE_CURVE('',#9923,#9795,#9925,.T.);
#9923 = VERTEX_POINT('',#9924);
#9924 = CARTESIAN_POINT('',(117.,345.,166.75));
#9925 = LINE('',#9926,#9927);
#9926 = CARTESIAN_POINT('',(117.,342.,166.75));
#9927 = VECTOR('',#9928,1.);
#9928 = DIRECTION('',(0.,1.,0.));
#9929 = ORIENTED_EDGE('',*,*,#9930,.T.);
#9930 = EDGE_CURVE('',#9923,#9923,#9931,.T.);
#9931 = CIRCLE('',#9932,2.75);
#9932 = AXIS2_PLACEMENT_3D('',#9933,#9934,#9935);
#9933 = CARTESIAN_POINT('',(117.,345.,164.));
#9934 = DIRECTION('',(0.,1.,0.));
#9935 = DIRECTION('',(0.,-0.,1.));
#9936 = ORIENTED_EDGE('',*,*,#9922,.T.);
#9937 = CYLINDRICAL_SURFACE('',#9938,2.75);
#9938 = AXIS2_PLACEMENT_3D('',#9939,#9940,#9941);
#9939 = CARTESIAN_POINT('',(117.,342.,164.));
#9940 = DIRECTION('',(0.,1.,0.));
#9941 = DIRECTION('',(0.,-0.,1.));
#9942 = ADVANCED_FACE('',(#9943),#9962,.F.);
#9943 = FACE_BOUND('',#9944,.F.);
#9944 = EDGE_LOOP('',(#9945,#9946,#9954,#9961));
#9945 = ORIENTED_EDGE('',*,*,#9805,.F.);
#9946 = ORIENTED_EDGE('',*,*,#9947,.F.);
#9947 = EDGE_CURVE('',#9948,#9806,#9950,.T.);
#9948 = VERTEX_POINT('',#9949);
#9949 = CARTESIAN_POINT('',(333.,345.,166.75));
#9950 = LINE('',#9951,#9952);
#9951 = CARTESIAN_POINT('',(333.,342.,166.75));
#9952 = VECTOR('',#9953,1.);
#9953 = DIRECTION('',(0.,1.,0.));
#9954 = ORIENTED_EDGE('',*,*,#9955,.T.);
#9955 = EDGE_CURVE('',#9948,#9948,#9956,.T.);
#9956 = CIRCLE('',#9957,2.75);
#9957 = AXIS2_PLACEMENT_3D('',#9958,#9959,#9960);
#9958 = CARTESIAN_POINT('',(333.,345.,164.));
#9959 = DIRECTION('',(0.,1.,0.));
#9960 = DIRECTION('',(0.,-0.,1.));
#9961 = ORIENTED_EDGE('',*,*,#9947,.T.);
#9962 = CYLINDRICAL_SURFACE('',#9963,2.75);
#9963 = AXIS2_PLACEMENT_3D('',#9964,#9965,#9966);
#9964 = CARTESIAN_POINT('',(333.,342.,164.));
#9965 = DIRECTION('',(0.,1.,0.));
#9966 = DIRECTION('',(0.,-0.,1.));
#9967 = ADVANCED_FACE('',(#9968),#9987,.F.);
#9968 = FACE_BOUND('',#9969,.F.);
#9969 = EDGE_LOOP('',(#9970,#9971,#9979,#9986));
#9970 = ORIENTED_EDGE('',*,*,#9816,.F.);
#9971 = ORIENTED_EDGE('',*,*,#9972,.F.);
#9972 = EDGE_CURVE('',#9973,#9817,#9975,.T.);
#9973 = VERTEX_POINT('',#9974);
#9974 = CARTESIAN_POINT('',(367.,345.,166.75));
#9975 = LINE('',#9976,#9977);
#9976 = CARTESIAN_POINT('',(367.,342.,166.75));
#9977 = VECTOR('',#9978,1.);
#9978 = DIRECTION('',(0.,1.,0.));
#9979 = ORIENTED_EDGE('',*,*,#9980,.T.);
#9980 = EDGE_CURVE('',#9973,#9973,#9981,.T.);
#9981 = CIRCLE('',#9982,2.75);
#9982 = AXIS2_PLACEMENT_3D('',#9983,#9984,#9985);
#9983 = CARTESIAN_POINT('',(367.,345.,164.));
#9984 = DIRECTION('',(0.,1.,0.));
#9985 = DIRECTION('',(0.,-0.,1.));
#9986 = ORIENTED_EDGE('',*,*,#9972,.T.);
#9987 = CYLINDRICAL_SURFACE('',#9988,2.75);
#9988 = AXIS2_PLACEMENT_3D('',#9989,#9990,#9991);
#9989 = CARTESIAN_POINT('',(367.,342.,164.));
#9990 = DIRECTION('',(0.,1.,0.));
#9991 = DIRECTION('',(0.,-0.,1.));
#9992 = ADVANCED_FACE('',(#9993),#10018,.T.);
#9993 = FACE_BOUND('',#9994,.T.);
#9994 = EDGE_LOOP('',(#9995,#10003,#10004,#10012));
#9995 = ORIENTED_EDGE('',*,*,#9996,.F.);
#9996 = EDGE_CURVE('',#9845,#9997,#9999,.T.);
#9997 = VERTEX_POINT('',#9998);
#9998 = CARTESIAN_POINT('',(435.,5.,207.7));
#9999 = LINE('',#10000,#10001);
#10000 = CARTESIAN_POINT('',(435.,5.,144.5));
#10001 = VECTOR('',#10002,1.);
#10002 = DIRECTION('',(0.,0.,1.));
#10003 = ORIENTED_EDGE('',*,*,#9844,.T.);
#10004 = ORIENTED_EDGE('',*,*,#10005,.T.);
#10005 = EDGE_CURVE('',#9847,#10006,#10008,.T.);
#10006 = VERTEX_POINT('',#10007);
#10007 = CARTESIAN_POINT('',(15.,5.,207.7));
#10008 = LINE('',#10009,#10010);
#10009 = CARTESIAN_POINT('',(15.,5.,144.5));
#10010 = VECTOR('',#10011,1.);
#10011 = DIRECTION('',(0.,0.,1.));
#10012 = ORIENTED_EDGE('',*,*,#10013,.T.);
#10013 = EDGE_CURVE('',#10006,#9997,#10014,.T.);
#10014 = LINE('',#10015,#10016);
#10015 = CARTESIAN_POINT('',(15.,5.,207.7));
#10016 = VECTOR('',#10017,1.);
#10017 = DIRECTION('',(1.,0.,-0.));
#10018 = PLANE('',#10019);
#10019 = AXIS2_PLACEMENT_3D('',#10020,#10021,#10022);
#10020 = CARTESIAN_POINT('',(15.,5.,144.5));
#10021 = DIRECTION('',(-0.,1.,0.));
#10022 = DIRECTION('',(0.,0.,1.));
#10023 = ADVANCED_FACE('',(#10024),#10042,.F.);
#10024 = FACE_BOUND('',#10025,.F.);
#10025 = EDGE_LOOP('',(#10026,#10027,#10028,#10036));
#10026 = ORIENTED_EDGE('',*,*,#9996,.F.);
#10027 = ORIENTED_EDGE('',*,*,#9870,.T.);
#10028 = ORIENTED_EDGE('',*,*,#10029,.T.);
#10029 = EDGE_CURVE('',#9863,#10030,#10032,.T.);
#10030 = VERTEX_POINT('',#10031);
#10031 = CARTESIAN_POINT('',(435.,345.,207.7));
#10032 = LINE('',#10033,#10034);
#10033 = CARTESIAN_POINT('',(435.,345.,144.5));
#10034 = VECTOR('',#10035,1.);
#10035 = DIRECTION('',(0.,0.,1.));
#10036 = ORIENTED_EDGE('',*,*,#10037,.F.);
#10037 = EDGE_CURVE('',#9997,#10030,#10038,.T.);
#10038 = LINE('',#10039,#10040);
#10039 = CARTESIAN_POINT('',(435.,5.,207.7));
#10040 = VECTOR('',#10041,1.);
#10041 = DIRECTION('',(-0.,1.,0.));
#10042 = PLANE('',#10043);
#10043 = AXIS2_PLACEMENT_3D('',#10044,#10045,#10046);
#10044 = CARTESIAN_POINT('',(435.,5.,144.5));
#10045 = DIRECTION('',(1.,0.,-0.));
#10046 = DIRECTION('',(0.,0.,1.));
#10047 = ADVANCED_FACE('',(#10048,#10066,#10069,#10072,#10075),#10078,
  .F.);
#10048 = FACE_BOUND('',#10049,.F.);
#10049 = EDGE_LOOP('',(#10050,#10051,#10052,#10060));
#10050 = ORIENTED_EDGE('',*,*,#10029,.F.);
#10051 = ORIENTED_EDGE('',*,*,#9862,.T.);
#10052 = ORIENTED_EDGE('',*,*,#10053,.T.);
#10053 = EDGE_CURVE('',#9855,#10054,#10056,.T.);
#10054 = VERTEX_POINT('',#10055);
#10055 = CARTESIAN_POINT('',(15.,345.,207.7));
#10056 = LINE('',#10057,#10058);
#10057 = CARTESIAN_POINT('',(15.,345.,144.5));
#10058 = VECTOR('',#10059,1.);
#10059 = DIRECTION('',(0.,0.,1.));
#10060 = ORIENTED_EDGE('',*,*,#10061,.T.);
#10061 = EDGE_CURVE('',#10054,#10030,#10062,.T.);
#10062 = LINE('',#10063,#10064);
#10063 = CARTESIAN_POINT('',(15.,345.,207.7));
#10064 = VECTOR('',#10065,1.);
#10065 = DIRECTION('',(1.,0.,-0.));
#10066 = FACE_BOUND('',#10067,.F.);
#10067 = EDGE_LOOP('',(#10068));
#10068 = ORIENTED_EDGE('',*,*,#9905,.F.);
#10069 = FACE_BOUND('',#10070,.F.);
#10070 = EDGE_LOOP('',(#10071));
#10071 = ORIENTED_EDGE('',*,*,#9930,.F.);
#10072 = FACE_BOUND('',#10073,.F.);
#10073 = EDGE_LOOP('',(#10074));
#10074 = ORIENTED_EDGE('',*,*,#9955,.F.);
#10075 = FACE_BOUND('',#10076,.F.);
#10076 = EDGE_LOOP('',(#10077));
#10077 = ORIENTED_EDGE('',*,*,#9980,.F.);
#10078 = PLANE('',#10079);
#10079 = AXIS2_PLACEMENT_3D('',#10080,#10081,#10082);
#10080 = CARTESIAN_POINT('',(15.,345.,144.5));
#10081 = DIRECTION('',(-0.,1.,0.));
#10082 = DIRECTION('',(0.,0.,1.));
#10083 = ADVANCED_FACE('',(#10084),#10095,.T.);
#10084 = FACE_BOUND('',#10085,.T.);
#10085 = EDGE_LOOP('',(#10086,#10087,#10088,#10089));
#10086 = ORIENTED_EDGE('',*,*,#10005,.F.);
#10087 = ORIENTED_EDGE('',*,*,#9854,.T.);
#10088 = ORIENTED_EDGE('',*,*,#10053,.T.);
#10089 = ORIENTED_EDGE('',*,*,#10090,.F.);
#10090 = EDGE_CURVE('',#10006,#10054,#10091,.T.);
#10091 = LINE('',#10092,#10093);
#10092 = CARTESIAN_POINT('',(15.,5.,207.7));
#10093 = VECTOR('',#10094,1.);
#10094 = DIRECTION('',(-0.,1.,0.));
#10095 = PLANE('',#10096);
#10096 = AXIS2_PLACEMENT_3D('',#10097,#10098,#10099);
#10097 = CARTESIAN_POINT('',(15.,5.,144.5));
#10098 = DIRECTION('',(1.,0.,-0.));
#10099 = DIRECTION('',(0.,0.,1.));
#10100 = ADVANCED_FACE('',(#10101),#10107,.F.);
#10101 = FACE_BOUND('',#10102,.F.);
#10102 = EDGE_LOOP('',(#10103,#10104,#10105,#10106));
#10103 = ORIENTED_EDGE('',*,*,#10090,.F.);
#10104 = ORIENTED_EDGE('',*,*,#10013,.T.);
#10105 = ORIENTED_EDGE('',*,*,#10037,.T.);
#10106 = ORIENTED_EDGE('',*,*,#10061,.F.);
#10107 = PLANE('',#10108);
#10108 = AXIS2_PLACEMENT_3D('',#10109,#10110,#10111);
#10109 = CARTESIAN_POINT('',(15.,5.,207.7));
#10110 = DIRECTION('',(0.,0.,1.));
#10111 = DIRECTION('',(1.,0.,-0.));
#10112 = ( GEOMETRIC_REPRESENTATION_CONTEXT(3) 
GLOBAL_UNCERTAINTY_ASSIGNED_CONTEXT((#10116)) 
GLOBAL_UNIT_ASSIGNED_CONTEXT((#10113,#10114,#10115)) 
REPRESENTATION_CONTEXT('Context #1',
  '3D Context with UNIT and UNCERTAINTY') );
#10113 = ( LENGTH_UNIT() NAMED_UNIT(*) SI_UNIT(.MILLI.,.METRE.) );
#10114 = ( NAMED_UNIT(*) PLANE_ANGLE_UNIT() SI_UNIT($,.RADIAN.) );
#10115 = ( NAMED_UNIT(*) SI_UNIT($,.STERADIAN.) SOLID_ANGLE_UNIT() );
#10116 = UNCERTAINTY_MEASURE_WITH_UNIT(LENGTH_MEASURE(1.E-07),#10113,
  'distance_accuracy_value','confusion accuracy');
#10117 = CONTEXT_DEPENDENT_SHAPE_REPRESENTATION(#10118,#10120);
#10118 = ( REPRESENTATION_RELATIONSHIP('','',#9663,#10) 
REPRESENTATION_RELATIONSHIP_WITH_TRANSFORMATION(#10119) 
SHAPE_REPRESENTATION_RELATIONSHIP() );
#10119 = ITEM_DEFINED_TRANSFORMATION('','',#11,#163);
#10120 = PRODUCT_DEFINITION_SHAPE('Placement','Placement of an item',
  #10121);
#10121 = NEXT_ASSEMBLY_USAGE_OCCURRENCE('38','烟灰透明防尘盖','',
  #5,#9658,$);
#10122 = PRODUCT_RELATED_PRODUCT_CATEGORY('part',$,(#9660));
#10123 = SHAPE_DEFINITION_REPRESENTATION(#10124,#10130);
#10124 = PRODUCT_DEFINITION_SHAPE('','',#10125);
#10125 = PRODUCT_DEFINITION('design','',#10126,#10129);
#10126 = PRODUCT_DEFINITION_FORMATION('','',#10127);
#10127 = PRODUCT('定位合页固定叶 1','定位合页固定叶 1','',
  (#10128));
#10128 = PRODUCT_CONTEXT('',#2,'mechanical');
#10129 = PRODUCT_DEFINITION_CONTEXT('part definition',#2,'design');
#10130 = ADVANCED_BREP_SHAPE_REPRESENTATION('',(#11,#10131),#10601);
#10131 = MANIFOLD_SOLID_BREP('',#10132);
#10132 = CLOSED_SHELL('',(#10133,#10173,#10258,#10289,#10320,#10362,
    #10386,#10411,#10436,#10489,#10517,#10545,#10573,#10587));
#10133 = ADVANCED_FACE('',(#10134),#10168,.T.);
#10134 = FACE_BOUND('',#10135,.T.);
#10135 = EDGE_LOOP('',(#10136,#10146,#10154,#10162));
#10136 = ORIENTED_EDGE('',*,*,#10137,.F.);
#10137 = EDGE_CURVE('',#10138,#10140,#10142,.T.);
#10138 = VERTEX_POINT('',#10139);
#10139 = CARTESIAN_POINT('',(117.1,350.,147.));
#10140 = VERTEX_POINT('',#10141);
#10141 = CARTESIAN_POINT('',(117.1,350.7,147.));
#10142 = LINE('',#10143,#10144);
#10143 = CARTESIAN_POINT('',(117.1,350.,147.));
#10144 = VECTOR('',#10145,1.);
#10145 = DIRECTION('',(-0.,1.,0.));
#10146 = ORIENTED_EDGE('',*,*,#10147,.T.);
#10147 = EDGE_CURVE('',#10138,#10148,#10150,.T.);
#10148 = VERTEX_POINT('',#10149);
#10149 = CARTESIAN_POINT('',(125.5,350.,147.));
#10150 = LINE('',#10151,#10152);
#10151 = CARTESIAN_POINT('',(117.1,350.,147.));
#10152 = VECTOR('',#10153,1.);
#10153 = DIRECTION('',(1.,0.,-0.));
#10154 = ORIENTED_EDGE('',*,*,#10155,.T.);
#10155 = EDGE_CURVE('',#10148,#10156,#10158,.T.);
#10156 = VERTEX_POINT('',#10157);
#10157 = CARTESIAN_POINT('',(125.5,350.7,147.));
#10158 = LINE('',#10159,#10160);
#10159 = CARTESIAN_POINT('',(125.5,350.,147.));
#10160 = VECTOR('',#10161,1.);
#10161 = DIRECTION('',(-0.,1.,0.));
#10162 = ORIENTED_EDGE('',*,*,#10163,.F.);
#10163 = EDGE_CURVE('',#10140,#10156,#10164,.T.);
#10164 = LINE('',#10165,#10166);
#10165 = CARTESIAN_POINT('',(117.1,350.7,147.));
#10166 = VECTOR('',#10167,1.);
#10167 = DIRECTION('',(1.,0.,0.));
#10168 = PLANE('',#10169);
#10169 = AXIS2_PLACEMENT_3D('',#10170,#10171,#10172);
#10170 = CARTESIAN_POINT('',(117.1,350.,147.));
#10171 = DIRECTION('',(0.,0.,1.));
#10172 = DIRECTION('',(1.,0.,-0.));
#10173 = ADVANCED_FACE('',(#10174,#10231,#10242),#10253,.T.);
#10174 = FACE_BOUND('',#10175,.T.);
#10175 = EDGE_LOOP('',(#10176,#10184,#10185,#10193,#10201,#10209,#10217,
    #10225));
#10176 = ORIENTED_EDGE('',*,*,#10177,.T.);
#10177 = EDGE_CURVE('',#10178,#10148,#10180,.T.);
#10178 = VERTEX_POINT('',#10179);
#10179 = CARTESIAN_POINT('',(125.5,350.,118.5));
#10180 = LINE('',#10181,#10182);
#10181 = CARTESIAN_POINT('',(125.5,350.,118.5));
#10182 = VECTOR('',#10183,1.);
#10183 = DIRECTION('',(0.,0.,1.));
#10184 = ORIENTED_EDGE('',*,*,#10147,.F.);
#10185 = ORIENTED_EDGE('',*,*,#10186,.F.);
#10186 = EDGE_CURVE('',#10187,#10138,#10189,.T.);
#10187 = VERTEX_POINT('',#10188);
#10188 = CARTESIAN_POINT('',(117.1,350.,140.));
#10189 = LINE('',#10190,#10191);
#10190 = CARTESIAN_POINT('',(117.1,350.,139.));
#10191 = VECTOR('',#10192,1.);
#10192 = DIRECTION('',(0.,0.,1.));
#10193 = ORIENTED_EDGE('',*,*,#10194,.F.);
#10194 = EDGE_CURVE('',#10195,#10187,#10197,.T.);
#10195 = VERTEX_POINT('',#10196);
#10196 = CARTESIAN_POINT('',(82.9,350.,140.));
#10197 = LINE('',#10198,#10199);
#10198 = CARTESIAN_POINT('',(74.5,350.,140.));
#10199 = VECTOR('',#10200,1.);
#10200 = DIRECTION('',(1.,0.,-0.));
#10201 = ORIENTED_EDGE('',*,*,#10202,.T.);
#10202 = EDGE_CURVE('',#10195,#10203,#10205,.T.);
#10203 = VERTEX_POINT('',#10204);
#10204 = CARTESIAN_POINT('',(82.9,350.,147.));
#10205 = LINE('',#10206,#10207);
#10206 = CARTESIAN_POINT('',(82.9,350.,139.));
#10207 = VECTOR('',#10208,1.);
#10208 = DIRECTION('',(0.,0.,1.));
#10209 = ORIENTED_EDGE('',*,*,#10210,.F.);
#10210 = EDGE_CURVE('',#10211,#10203,#10213,.T.);
#10211 = VERTEX_POINT('',#10212);
#10212 = CARTESIAN_POINT('',(74.5,350.,147.));
#10213 = LINE('',#10214,#10215);
#10214 = CARTESIAN_POINT('',(74.5,350.,147.));
#10215 = VECTOR('',#10216,1.);
#10216 = DIRECTION('',(1.,0.,-0.));
#10217 = ORIENTED_EDGE('',*,*,#10218,.F.);
#10218 = EDGE_CURVE('',#10219,#10211,#10221,.T.);
#10219 = VERTEX_POINT('',#10220);
#10220 = CARTESIAN_POINT('',(74.5,350.,118.5));
#10221 = LINE('',#10222,#10223);
#10222 = CARTESIAN_POINT('',(74.5,350.,139.));
#10223 = VECTOR('',#10224,1.);
#10224 = DIRECTION('',(0.,0.,1.));
#10225 = ORIENTED_EDGE('',*,*,#10226,.T.);
#10226 = EDGE_CURVE('',#10219,#10178,#10227,.T.);
#10227 = LINE('',#10228,#10229);
#10228 = CARTESIAN_POINT('',(74.5,350.,118.5));
#10229 = VECTOR('',#10230,1.);
#10230 = DIRECTION('',(1.,0.,-0.));
#10231 = FACE_BOUND('',#10232,.T.);
#10232 = EDGE_LOOP('',(#10233));
#10233 = ORIENTED_EDGE('',*,*,#10234,.T.);
#10234 = EDGE_CURVE('',#10235,#10235,#10237,.T.);
#10235 = VERTEX_POINT('',#10236);
#10236 = CARTESIAN_POINT('',(83.,350.,132.6));
#10237 = CIRCLE('',#10238,2.6);
#10238 = AXIS2_PLACEMENT_3D('',#10239,#10240,#10241);
#10239 = CARTESIAN_POINT('',(83.,350.,130.));
#10240 = DIRECTION('',(0.,1.,0.));
#10241 = DIRECTION('',(0.,-0.,1.));
#10242 = FACE_BOUND('',#10243,.T.);
#10243 = EDGE_LOOP('',(#10244));
#10244 = ORIENTED_EDGE('',*,*,#10245,.T.);
#10245 = EDGE_CURVE('',#10246,#10246,#10248,.T.);
#10246 = VERTEX_POINT('',#10247);
#10247 = CARTESIAN_POINT('',(117.,350.,132.6));
#10248 = CIRCLE('',#10249,2.6);
#10249 = AXIS2_PLACEMENT_3D('',#10250,#10251,#10252);
#10250 = CARTESIAN_POINT('',(117.,350.,130.));
#10251 = DIRECTION('',(0.,1.,0.));
#10252 = DIRECTION('',(0.,-0.,1.));
#10253 = PLANE('',#10254);
#10254 = AXIS2_PLACEMENT_3D('',#10255,#10256,#10257);
#10255 = CARTESIAN_POINT('',(100.,350.,132.23612716763));
#10256 = DIRECTION('',(-0.,-1.,-0.));
#10257 = DIRECTION('',(0.,0.,-1.));
#10258 = ADVANCED_FACE('',(#10259),#10284,.T.);
#10259 = FACE_BOUND('',#10260,.T.);
#10260 = EDGE_LOOP('',(#10261,#10269,#10270,#10278));
#10261 = ORIENTED_EDGE('',*,*,#10262,.F.);
#10262 = EDGE_CURVE('',#10195,#10263,#10265,.T.);
#10263 = VERTEX_POINT('',#10264);
#10264 = CARTESIAN_POINT('',(82.9,354.5,140.));
#10265 = LINE('',#10266,#10267);
#10266 = CARTESIAN_POINT('',(82.9,350.,140.));
#10267 = VECTOR('',#10268,1.);
#10268 = DIRECTION('',(-0.,1.,0.));
#10269 = ORIENTED_EDGE('',*,*,#10194,.T.);
#10270 = ORIENTED_EDGE('',*,*,#10271,.T.);
#10271 = EDGE_CURVE('',#10187,#10272,#10274,.T.);
#10272 = VERTEX_POINT('',#10273);
#10273 = CARTESIAN_POINT('',(117.1,354.5,140.));
#10274 = LINE('',#10275,#10276);
#10275 = CARTESIAN_POINT('',(117.1,350.,140.));
#10276 = VECTOR('',#10277,1.);
#10277 = DIRECTION('',(-0.,1.,0.));
#10278 = ORIENTED_EDGE('',*,*,#10279,.F.);
#10279 = EDGE_CURVE('',#10263,#10272,#10280,.T.);
#10280 = LINE('',#10281,#10282);
#10281 = CARTESIAN_POINT('',(74.5,354.5,140.));
#10282 = VECTOR('',#10283,1.);
#10283 = DIRECTION('',(1.,0.,-0.));
#10284 = PLANE('',#10285);
#10285 = AXIS2_PLACEMENT_3D('',#10286,#10287,#10288);
#10286 = CARTESIAN_POINT('',(74.5,350.,140.));
#10287 = DIRECTION('',(0.,0.,1.));
#10288 = DIRECTION('',(1.,0.,-0.));
#10289 = ADVANCED_FACE('',(#10290),#10315,.T.);
#10290 = FACE_BOUND('',#10291,.T.);
#10291 = EDGE_LOOP('',(#10292,#10300,#10301,#10309));
#10292 = ORIENTED_EDGE('',*,*,#10293,.F.);
#10293 = EDGE_CURVE('',#10211,#10294,#10296,.T.);
#10294 = VERTEX_POINT('',#10295);
#10295 = CARTESIAN_POINT('',(74.5,350.7,147.));
#10296 = LINE('',#10297,#10298);
#10297 = CARTESIAN_POINT('',(74.5,350.,147.));
#10298 = VECTOR('',#10299,1.);
#10299 = DIRECTION('',(-0.,1.,0.));
#10300 = ORIENTED_EDGE('',*,*,#10210,.T.);
#10301 = ORIENTED_EDGE('',*,*,#10302,.T.);
#10302 = EDGE_CURVE('',#10203,#10303,#10305,.T.);
#10303 = VERTEX_POINT('',#10304);
#10304 = CARTESIAN_POINT('',(82.9,350.7,147.));
#10305 = LINE('',#10306,#10307);
#10306 = CARTESIAN_POINT('',(82.9,350.,147.));
#10307 = VECTOR('',#10308,1.);
#10308 = DIRECTION('',(-0.,1.,0.));
#10309 = ORIENTED_EDGE('',*,*,#10310,.F.);
#10310 = EDGE_CURVE('',#10294,#10303,#10311,.T.);
#10311 = LINE('',#10312,#10313);
#10312 = CARTESIAN_POINT('',(74.5,350.7,147.));
#10313 = VECTOR('',#10314,1.);
#10314 = DIRECTION('',(1.,0.,0.));
#10315 = PLANE('',#10316);
#10316 = AXIS2_PLACEMENT_3D('',#10317,#10318,#10319);
#10317 = CARTESIAN_POINT('',(74.5,350.,147.));
#10318 = DIRECTION('',(0.,0.,1.));
#10319 = DIRECTION('',(1.,0.,-0.));
#10320 = ADVANCED_FACE('',(#10321),#10357,.T.);
#10321 = FACE_BOUND('',#10322,.T.);
#10322 = EDGE_LOOP('',(#10323,#10324,#10325,#10334,#10343,#10351));
#10323 = ORIENTED_EDGE('',*,*,#10218,.T.);
#10324 = ORIENTED_EDGE('',*,*,#10293,.T.);
#10325 = ORIENTED_EDGE('',*,*,#10326,.F.);
#10326 = EDGE_CURVE('',#10327,#10294,#10329,.T.);
#10327 = VERTEX_POINT('',#10328);
#10328 = CARTESIAN_POINT('',(74.5,356.95,153.25));
#10329 = CIRCLE('',#10330,6.25);
#10330 = AXIS2_PLACEMENT_3D('',#10331,#10332,#10333);
#10331 = CARTESIAN_POINT('',(74.5,356.95,147.));
#10332 = DIRECTION('',(1.,0.,0.));
#10333 = DIRECTION('',(-0.,0.,1.));
#10334 = ORIENTED_EDGE('',*,*,#10335,.F.);
#10335 = EDGE_CURVE('',#10336,#10327,#10338,.T.);
#10336 = VERTEX_POINT('',#10337);
#10337 = CARTESIAN_POINT('',(74.5,354.5,141.25021739541));
#10338 = CIRCLE('',#10339,6.25);
#10339 = AXIS2_PLACEMENT_3D('',#10340,#10341,#10342);
#10340 = CARTESIAN_POINT('',(74.5,356.95,147.));
#10341 = DIRECTION('',(1.,0.,0.));
#10342 = DIRECTION('',(-0.,0.,1.));
#10343 = ORIENTED_EDGE('',*,*,#10344,.F.);
#10344 = EDGE_CURVE('',#10345,#10336,#10347,.T.);
#10345 = VERTEX_POINT('',#10346);
#10346 = CARTESIAN_POINT('',(74.5,354.5,118.5));
#10347 = LINE('',#10348,#10349);
#10348 = CARTESIAN_POINT('',(74.5,354.5,139.));
#10349 = VECTOR('',#10350,1.);
#10350 = DIRECTION('',(0.,0.,1.));
#10351 = ORIENTED_EDGE('',*,*,#10352,.F.);
#10352 = EDGE_CURVE('',#10219,#10345,#10353,.T.);
#10353 = LINE('',#10354,#10355);
#10354 = CARTESIAN_POINT('',(74.5,350.,118.5));
#10355 = VECTOR('',#10356,1.);
#10356 = DIRECTION('',(-0.,1.,0.));
#10357 = PLANE('',#10358);
#10358 = AXIS2_PLACEMENT_3D('',#10359,#10360,#10361);
#10359 = CARTESIAN_POINT('',(74.5,354.02009485514,136.67219333936));
#10360 = DIRECTION('',(-1.,-0.,-0.));
#10361 = DIRECTION('',(0.,0.,-1.));
#10362 = ADVANCED_FACE('',(#10363),#10381,.F.);
#10363 = FACE_BOUND('',#10364,.F.);
#10364 = EDGE_LOOP('',(#10365,#10366,#10367,#10375));
#10365 = ORIENTED_EDGE('',*,*,#10352,.F.);
#10366 = ORIENTED_EDGE('',*,*,#10226,.T.);
#10367 = ORIENTED_EDGE('',*,*,#10368,.T.);
#10368 = EDGE_CURVE('',#10178,#10369,#10371,.T.);
#10369 = VERTEX_POINT('',#10370);
#10370 = CARTESIAN_POINT('',(125.5,354.5,118.5));
#10371 = LINE('',#10372,#10373);
#10372 = CARTESIAN_POINT('',(125.5,350.,118.5));
#10373 = VECTOR('',#10374,1.);
#10374 = DIRECTION('',(-0.,1.,0.));
#10375 = ORIENTED_EDGE('',*,*,#10376,.F.);
#10376 = EDGE_CURVE('',#10345,#10369,#10377,.T.);
#10377 = LINE('',#10378,#10379);
#10378 = CARTESIAN_POINT('',(74.5,354.5,118.5));
#10379 = VECTOR('',#10380,1.);
#10380 = DIRECTION('',(1.,0.,-0.));
#10381 = PLANE('',#10382);
#10382 = AXIS2_PLACEMENT_3D('',#10383,#10384,#10385);
#10383 = CARTESIAN_POINT('',(74.5,350.,118.5));
#10384 = DIRECTION('',(0.,0.,1.));
#10385 = DIRECTION('',(1.,0.,-0.));
#10386 = ADVANCED_FACE('',(#10387),#10406,.F.);
#10387 = FACE_BOUND('',#10388,.F.);
#10388 = EDGE_LOOP('',(#10389,#10398,#10404,#10405));
#10389 = ORIENTED_EDGE('',*,*,#10390,.F.);
#10390 = EDGE_CURVE('',#10391,#10391,#10393,.T.);
#10391 = VERTEX_POINT('',#10392);
#10392 = CARTESIAN_POINT('',(83.,354.5,132.6));
#10393 = CIRCLE('',#10394,2.6);
#10394 = AXIS2_PLACEMENT_3D('',#10395,#10396,#10397);
#10395 = CARTESIAN_POINT('',(83.,354.5,130.));
#10396 = DIRECTION('',(0.,1.,0.));
#10397 = DIRECTION('',(0.,-0.,1.));
#10398 = ORIENTED_EDGE('',*,*,#10399,.F.);
#10399 = EDGE_CURVE('',#10235,#10391,#10400,.T.);
#10400 = LINE('',#10401,#10402);
#10401 = CARTESIAN_POINT('',(83.,349.,132.6));
#10402 = VECTOR('',#10403,1.);
#10403 = DIRECTION('',(0.,1.,0.));
#10404 = ORIENTED_EDGE('',*,*,#10234,.T.);
#10405 = ORIENTED_EDGE('',*,*,#10399,.T.);
#10406 = CYLINDRICAL_SURFACE('',#10407,2.6);
#10407 = AXIS2_PLACEMENT_3D('',#10408,#10409,#10410);
#10408 = CARTESIAN_POINT('',(83.,349.,130.));
#10409 = DIRECTION('',(0.,1.,0.));
#10410 = DIRECTION('',(0.,-0.,1.));
#10411 = ADVANCED_FACE('',(#10412),#10431,.F.);
#10412 = FACE_BOUND('',#10413,.F.);
#10413 = EDGE_LOOP('',(#10414,#10423,#10429,#10430));
#10414 = ORIENTED_EDGE('',*,*,#10415,.F.);
#10415 = EDGE_CURVE('',#10416,#10416,#10418,.T.);
#10416 = VERTEX_POINT('',#10417);
#10417 = CARTESIAN_POINT('',(117.,354.5,132.6));
#10418 = CIRCLE('',#10419,2.6);
#10419 = AXIS2_PLACEMENT_3D('',#10420,#10421,#10422);
#10420 = CARTESIAN_POINT('',(117.,354.5,130.));
#10421 = DIRECTION('',(0.,1.,0.));
#10422 = DIRECTION('',(0.,-0.,1.));
#10423 = ORIENTED_EDGE('',*,*,#10424,.F.);
#10424 = EDGE_CURVE('',#10246,#10416,#10425,.T.);
#10425 = LINE('',#10426,#10427);
#10426 = CARTESIAN_POINT('',(117.,349.,132.6));
#10427 = VECTOR('',#10428,1.);
#10428 = DIRECTION('',(0.,1.,0.));
#10429 = ORIENTED_EDGE('',*,*,#10245,.T.);
#10430 = ORIENTED_EDGE('',*,*,#10424,.T.);
#10431 = CYLINDRICAL_SURFACE('',#10432,2.6);
#10432 = AXIS2_PLACEMENT_3D('',#10433,#10434,#10435);
#10433 = CARTESIAN_POINT('',(117.,349.,130.));
#10434 = DIRECTION('',(0.,1.,0.));
#10435 = DIRECTION('',(0.,-0.,1.));
#10436 = ADVANCED_FACE('',(#10437,#10478,#10481),#10484,.T.);
#10437 = FACE_BOUND('',#10438,.T.);
#10438 = EDGE_LOOP('',(#10439,#10440,#10441,#10449,#10455,#10456,#10464,
    #10472));
#10439 = ORIENTED_EDGE('',*,*,#10376,.F.);
#10440 = ORIENTED_EDGE('',*,*,#10344,.T.);
#10441 = ORIENTED_EDGE('',*,*,#10442,.T.);
#10442 = EDGE_CURVE('',#10336,#10443,#10445,.T.);
#10443 = VERTEX_POINT('',#10444);
#10444 = CARTESIAN_POINT('',(82.9,354.5,141.25021739541));
#10445 = LINE('',#10446,#10447);
#10446 = CARTESIAN_POINT('',(74.5,354.5,141.25021739541));
#10447 = VECTOR('',#10448,1.);
#10448 = DIRECTION('',(1.,0.,0.));
#10449 = ORIENTED_EDGE('',*,*,#10450,.F.);
#10450 = EDGE_CURVE('',#10263,#10443,#10451,.T.);
#10451 = LINE('',#10452,#10453);
#10452 = CARTESIAN_POINT('',(82.9,354.5,139.));
#10453 = VECTOR('',#10454,1.);
#10454 = DIRECTION('',(0.,0.,1.));
#10455 = ORIENTED_EDGE('',*,*,#10279,.T.);
#10456 = ORIENTED_EDGE('',*,*,#10457,.T.);
#10457 = EDGE_CURVE('',#10272,#10458,#10460,.T.);
#10458 = VERTEX_POINT('',#10459);
#10459 = CARTESIAN_POINT('',(117.1,354.5,141.25021739541));
#10460 = LINE('',#10461,#10462);
#10461 = CARTESIAN_POINT('',(117.1,354.5,139.));
#10462 = VECTOR('',#10463,1.);
#10463 = DIRECTION('',(0.,0.,1.));
#10464 = ORIENTED_EDGE('',*,*,#10465,.T.);
#10465 = EDGE_CURVE('',#10458,#10466,#10468,.T.);
#10466 = VERTEX_POINT('',#10467);
#10467 = CARTESIAN_POINT('',(125.5,354.5,141.25021739541));
#10468 = LINE('',#10469,#10470);
#10469 = CARTESIAN_POINT('',(117.1,354.5,141.25021739541));
#10470 = VECTOR('',#10471,1.);
#10471 = DIRECTION('',(1.,0.,0.));
#10472 = ORIENTED_EDGE('',*,*,#10473,.F.);
#10473 = EDGE_CURVE('',#10369,#10466,#10474,.T.);
#10474 = LINE('',#10475,#10476);
#10475 = CARTESIAN_POINT('',(125.5,354.5,139.));
#10476 = VECTOR('',#10477,1.);
#10477 = DIRECTION('',(0.,0.,1.));
#10478 = FACE_BOUND('',#10479,.T.);
#10479 = EDGE_LOOP('',(#10480));
#10480 = ORIENTED_EDGE('',*,*,#10390,.F.);
#10481 = FACE_BOUND('',#10482,.T.);
#10482 = EDGE_LOOP('',(#10483));
#10483 = ORIENTED_EDGE('',*,*,#10415,.F.);
#10484 = PLANE('',#10485);
#10485 = AXIS2_PLACEMENT_3D('',#10486,#10487,#10488);
#10486 = CARTESIAN_POINT('',(100.,354.5,129.76925757187));
#10487 = DIRECTION('',(0.,1.,0.));
#10488 = DIRECTION('',(0.,-0.,1.));
#10489 = ADVANCED_FACE('',(#10490),#10512,.T.);
#10490 = FACE_BOUND('',#10491,.T.);
#10491 = EDGE_LOOP('',(#10492,#10493,#10494,#10495,#10504,#10511));
#10492 = ORIENTED_EDGE('',*,*,#10177,.F.);
#10493 = ORIENTED_EDGE('',*,*,#10368,.T.);
#10494 = ORIENTED_EDGE('',*,*,#10473,.T.);
#10495 = ORIENTED_EDGE('',*,*,#10496,.T.);
#10496 = EDGE_CURVE('',#10466,#10497,#10499,.T.);
#10497 = VERTEX_POINT('',#10498);
#10498 = CARTESIAN_POINT('',(125.5,356.95,153.25));
#10499 = CIRCLE('',#10500,6.25);
#10500 = AXIS2_PLACEMENT_3D('',#10501,#10502,#10503);
#10501 = CARTESIAN_POINT('',(125.5,356.95,147.));
#10502 = DIRECTION('',(1.,0.,0.));
#10503 = DIRECTION('',(-0.,0.,1.));
#10504 = ORIENTED_EDGE('',*,*,#10505,.T.);
#10505 = EDGE_CURVE('',#10497,#10156,#10506,.T.);
#10506 = CIRCLE('',#10507,6.25);
#10507 = AXIS2_PLACEMENT_3D('',#10508,#10509,#10510);
#10508 = CARTESIAN_POINT('',(125.5,356.95,147.));
#10509 = DIRECTION('',(1.,0.,0.));
#10510 = DIRECTION('',(-0.,0.,1.));
#10511 = ORIENTED_EDGE('',*,*,#10155,.F.);
#10512 = PLANE('',#10513);
#10513 = AXIS2_PLACEMENT_3D('',#10514,#10515,#10516);
#10514 = CARTESIAN_POINT('',(125.5,354.02009485514,136.67219333936));
#10515 = DIRECTION('',(1.,0.,0.));
#10516 = DIRECTION('',(-0.,0.,1.));
#10517 = ADVANCED_FACE('',(#10518),#10540,.T.);
#10518 = FACE_BOUND('',#10519,.T.);
#10519 = EDGE_LOOP('',(#10520,#10521,#10522,#10523,#10532,#10539));
#10520 = ORIENTED_EDGE('',*,*,#10202,.F.);
#10521 = ORIENTED_EDGE('',*,*,#10262,.T.);
#10522 = ORIENTED_EDGE('',*,*,#10450,.T.);
#10523 = ORIENTED_EDGE('',*,*,#10524,.T.);
#10524 = EDGE_CURVE('',#10443,#10525,#10527,.T.);
#10525 = VERTEX_POINT('',#10526);
#10526 = CARTESIAN_POINT('',(82.9,356.95,153.25));
#10527 = CIRCLE('',#10528,6.25);
#10528 = AXIS2_PLACEMENT_3D('',#10529,#10530,#10531);
#10529 = CARTESIAN_POINT('',(82.9,356.95,147.));
#10530 = DIRECTION('',(1.,0.,0.));
#10531 = DIRECTION('',(-0.,0.,1.));
#10532 = ORIENTED_EDGE('',*,*,#10533,.T.);
#10533 = EDGE_CURVE('',#10525,#10303,#10534,.T.);
#10534 = CIRCLE('',#10535,6.25);
#10535 = AXIS2_PLACEMENT_3D('',#10536,#10537,#10538);
#10536 = CARTESIAN_POINT('',(82.9,356.95,147.));
#10537 = DIRECTION('',(1.,0.,0.));
#10538 = DIRECTION('',(-0.,0.,1.));
#10539 = ORIENTED_EDGE('',*,*,#10302,.F.);
#10540 = PLANE('',#10541);
#10541 = AXIS2_PLACEMENT_3D('',#10542,#10543,#10544);
#10542 = CARTESIAN_POINT('',(82.9,355.74829881548,146.11548548025));
#10543 = DIRECTION('',(1.,0.,0.));
#10544 = DIRECTION('',(-0.,0.,1.));
#10545 = ADVANCED_FACE('',(#10546),#10568,.T.);
#10546 = FACE_BOUND('',#10547,.T.);
#10547 = EDGE_LOOP('',(#10548,#10549,#10550,#10559,#10566,#10567));
#10548 = ORIENTED_EDGE('',*,*,#10186,.T.);
#10549 = ORIENTED_EDGE('',*,*,#10137,.T.);
#10550 = ORIENTED_EDGE('',*,*,#10551,.F.);
#10551 = EDGE_CURVE('',#10552,#10140,#10554,.T.);
#10552 = VERTEX_POINT('',#10553);
#10553 = CARTESIAN_POINT('',(117.1,356.95,153.25));
#10554 = CIRCLE('',#10555,6.25);
#10555 = AXIS2_PLACEMENT_3D('',#10556,#10557,#10558);
#10556 = CARTESIAN_POINT('',(117.1,356.95,147.));
#10557 = DIRECTION('',(1.,0.,0.));
#10558 = DIRECTION('',(-0.,0.,1.));
#10559 = ORIENTED_EDGE('',*,*,#10560,.F.);
#10560 = EDGE_CURVE('',#10458,#10552,#10561,.T.);
#10561 = CIRCLE('',#10562,6.25);
#10562 = AXIS2_PLACEMENT_3D('',#10563,#10564,#10565);
#10563 = CARTESIAN_POINT('',(117.1,356.95,147.));
#10564 = DIRECTION('',(1.,0.,0.));
#10565 = DIRECTION('',(-0.,0.,1.));
#10566 = ORIENTED_EDGE('',*,*,#10457,.F.);
#10567 = ORIENTED_EDGE('',*,*,#10271,.F.);
#10568 = PLANE('',#10569);
#10569 = AXIS2_PLACEMENT_3D('',#10570,#10571,#10572);
#10570 = CARTESIAN_POINT('',(117.1,355.74829881548,146.11548548025));
#10571 = DIRECTION('',(-1.,-0.,-0.));
#10572 = DIRECTION('',(0.,0.,-1.));
#10573 = ADVANCED_FACE('',(#10574),#10582,.T.);
#10574 = FACE_BOUND('',#10575,.T.);
#10575 = EDGE_LOOP('',(#10576,#10577,#10578,#10579,#10580,#10581));
#10576 = ORIENTED_EDGE('',*,*,#10524,.F.);
#10577 = ORIENTED_EDGE('',*,*,#10442,.F.);
#10578 = ORIENTED_EDGE('',*,*,#10335,.T.);
#10579 = ORIENTED_EDGE('',*,*,#10326,.T.);
#10580 = ORIENTED_EDGE('',*,*,#10310,.T.);
#10581 = ORIENTED_EDGE('',*,*,#10533,.F.);
#10582 = CYLINDRICAL_SURFACE('',#10583,6.25);
#10583 = AXIS2_PLACEMENT_3D('',#10584,#10585,#10586);
#10584 = CARTESIAN_POINT('',(74.5,356.95,147.));
#10585 = DIRECTION('',(1.,0.,0.));
#10586 = DIRECTION('',(-0.,0.,1.));
#10587 = ADVANCED_FACE('',(#10588),#10596,.T.);
#10588 = FACE_BOUND('',#10589,.T.);
#10589 = EDGE_LOOP('',(#10590,#10591,#10592,#10593,#10594,#10595));
#10590 = ORIENTED_EDGE('',*,*,#10551,.T.);
#10591 = ORIENTED_EDGE('',*,*,#10163,.T.);
#10592 = ORIENTED_EDGE('',*,*,#10505,.F.);
#10593 = ORIENTED_EDGE('',*,*,#10496,.F.);
#10594 = ORIENTED_EDGE('',*,*,#10465,.F.);
#10595 = ORIENTED_EDGE('',*,*,#10560,.T.);
#10596 = CYLINDRICAL_SURFACE('',#10597,6.25);
#10597 = AXIS2_PLACEMENT_3D('',#10598,#10599,#10600);
#10598 = CARTESIAN_POINT('',(117.1,356.95,147.));
#10599 = DIRECTION('',(1.,0.,0.));
#10600 = DIRECTION('',(-0.,0.,1.));
#10601 = ( GEOMETRIC_REPRESENTATION_CONTEXT(3) 
GLOBAL_UNCERTAINTY_ASSIGNED_CONTEXT((#10605)) 
GLOBAL_UNIT_ASSIGNED_CONTEXT((#10602,#10603,#10604)) 
REPRESENTATION_CONTEXT('Context #1',
  '3D Context with UNIT and UNCERTAINTY') );
#10602 = ( LENGTH_UNIT() NAMED_UNIT(*) SI_UNIT(.MILLI.,.METRE.) );
#10603 = ( NAMED_UNIT(*) PLANE_ANGLE_UNIT() SI_UNIT($,.RADIAN.) );
#10604 = ( NAMED_UNIT(*) SI_UNIT($,.STERADIAN.) SOLID_ANGLE_UNIT() );
#10605 = UNCERTAINTY_MEASURE_WITH_UNIT(LENGTH_MEASURE(1.E-07),#10602,
  'distance_accuracy_value','confusion accuracy');
#10606 = CONTEXT_DEPENDENT_SHAPE_REPRESENTATION(#10607,#10609);
#10607 = ( REPRESENTATION_RELATIONSHIP('','',#10130,#10) 
REPRESENTATION_RELATIONSHIP_WITH_TRANSFORMATION(#10608) 
SHAPE_REPRESENTATION_RELATIONSHIP() );
#10608 = ITEM_DEFINED_TRANSFORMATION('','',#11,#167);
#10609 = PRODUCT_DEFINITION_SHAPE('Placement','Placement of an item',
  #10610);
#10610 = NEXT_ASSEMBLY_USAGE_OCCURRENCE('39','定位合页固定叶 1',
  '',#5,#10125,$);
#10611 = PRODUCT_RELATED_PRODUCT_CATEGORY('part',$,(#10127));
#10612 = SHAPE_DEFINITION_REPRESENTATION(#10613,#10619);
#10613 = PRODUCT_DEFINITION_SHAPE('','',#10614);
#10614 = PRODUCT_DEFINITION('design','',#10615,#10618);
#10615 = PRODUCT_DEFINITION_FORMATION('','',#10616);
#10616 = PRODUCT('定位合页活动叶及轴筒 1',
  '定位合页活动叶及轴筒 1','',(#10617));
#10617 = PRODUCT_CONTEXT('',#2,'mechanical');
#10618 = PRODUCT_DEFINITION_CONTEXT('part definition',#2,'design');
#10619 = ADVANCED_BREP_SHAPE_REPRESENTATION('',(#11,#10620),#11035);
#10620 = MANIFOLD_SOLID_BREP('',#10621);
#10621 = CLOSED_SHELL('',(#10622,#10662,#10693,#10724,#10755,#10786,
    #10843,#10874,#10899,#10924,#10965,#10993,#11021));
#10622 = ADVANCED_FACE('',(#10623),#10657,.F.);
#10623 = FACE_BOUND('',#10624,.F.);
#10624 = EDGE_LOOP('',(#10625,#10635,#10643,#10651));
#10625 = ORIENTED_EDGE('',*,*,#10626,.F.);
#10626 = EDGE_CURVE('',#10627,#10629,#10631,.T.);
#10627 = VERTEX_POINT('',#10628);
#10628 = CARTESIAN_POINT('',(74.5,350.,154.));
#10629 = VERTEX_POINT('',#10630);
#10630 = CARTESIAN_POINT('',(74.5,350.,175.5));
#10631 = LINE('',#10632,#10633);
#10632 = CARTESIAN_POINT('',(74.5,350.,154.));
#10633 = VECTOR('',#10634,1.);
#10634 = DIRECTION('',(0.,0.,1.));
#10635 = ORIENTED_EDGE('',*,*,#10636,.T.);
#10636 = EDGE_CURVE('',#10627,#10637,#10639,.T.);
#10637 = VERTEX_POINT('',#10638);
#10638 = CARTESIAN_POINT('',(74.5,354.5,154.));
#10639 = LINE('',#10640,#10641);
#10640 = CARTESIAN_POINT('',(74.5,350.,154.));
#10641 = VECTOR('',#10642,1.);
#10642 = DIRECTION('',(-0.,1.,0.));
#10643 = ORIENTED_EDGE('',*,*,#10644,.T.);
#10644 = EDGE_CURVE('',#10637,#10645,#10647,.T.);
#10645 = VERTEX_POINT('',#10646);
#10646 = CARTESIAN_POINT('',(74.5,354.5,175.5));
#10647 = LINE('',#10648,#10649);
#10648 = CARTESIAN_POINT('',(74.5,354.5,154.));
#10649 = VECTOR('',#10650,1.);
#10650 = DIRECTION('',(0.,0.,1.));
#10651 = ORIENTED_EDGE('',*,*,#10652,.F.);
#10652 = EDGE_CURVE('',#10629,#10645,#10653,.T.);
#10653 = LINE('',#10654,#10655);
#10654 = CARTESIAN_POINT('',(74.5,350.,175.5));
#10655 = VECTOR('',#10656,1.);
#10656 = DIRECTION('',(-0.,1.,0.));
#10657 = PLANE('',#10658);
#10658 = AXIS2_PLACEMENT_3D('',#10659,#10660,#10661);
#10659 = CARTESIAN_POINT('',(74.5,350.,154.));
#10660 = DIRECTION('',(1.,0.,-0.));
#10661 = DIRECTION('',(0.,0.,1.));
#10662 = ADVANCED_FACE('',(#10663),#10688,.T.);
#10663 = FACE_BOUND('',#10664,.T.);
#10664 = EDGE_LOOP('',(#10665,#10666,#10674,#10682));
#10665 = ORIENTED_EDGE('',*,*,#10652,.F.);
#10666 = ORIENTED_EDGE('',*,*,#10667,.T.);
#10667 = EDGE_CURVE('',#10629,#10668,#10670,.T.);
#10668 = VERTEX_POINT('',#10669);
#10669 = CARTESIAN_POINT('',(125.5,350.,175.5));
#10670 = LINE('',#10671,#10672);
#10671 = CARTESIAN_POINT('',(74.5,350.,175.5));
#10672 = VECTOR('',#10673,1.);
#10673 = DIRECTION('',(1.,0.,-0.));
#10674 = ORIENTED_EDGE('',*,*,#10675,.T.);
#10675 = EDGE_CURVE('',#10668,#10676,#10678,.T.);
#10676 = VERTEX_POINT('',#10677);
#10677 = CARTESIAN_POINT('',(125.5,354.5,175.5));
#10678 = LINE('',#10679,#10680);
#10679 = CARTESIAN_POINT('',(125.5,350.,175.5));
#10680 = VECTOR('',#10681,1.);
#10681 = DIRECTION('',(-0.,1.,0.));
#10682 = ORIENTED_EDGE('',*,*,#10683,.F.);
#10683 = EDGE_CURVE('',#10645,#10676,#10684,.T.);
#10684 = LINE('',#10685,#10686);
#10685 = CARTESIAN_POINT('',(74.5,354.5,175.5));
#10686 = VECTOR('',#10687,1.);
#10687 = DIRECTION('',(1.,0.,-0.));
#10688 = PLANE('',#10689);
#10689 = AXIS2_PLACEMENT_3D('',#10690,#10691,#10692);
#10690 = CARTESIAN_POINT('',(74.5,350.,175.5));
#10691 = DIRECTION('',(0.,0.,1.));
#10692 = DIRECTION('',(1.,0.,-0.));
#10693 = ADVANCED_FACE('',(#10694),#10719,.F.);
#10694 = FACE_BOUND('',#10695,.F.);
#10695 = EDGE_LOOP('',(#10696,#10704,#10705,#10713));
#10696 = ORIENTED_EDGE('',*,*,#10697,.F.);
#10697 = EDGE_CURVE('',#10637,#10698,#10700,.T.);
#10698 = VERTEX_POINT('',#10699);
#10699 = CARTESIAN_POINT('',(83.1,354.5,154.));
#10700 = LINE('',#10701,#10702);
#10701 = CARTESIAN_POINT('',(74.5,354.5,154.));
#10702 = VECTOR('',#10703,1.);
#10703 = DIRECTION('',(1.,0.,-0.));
#10704 = ORIENTED_EDGE('',*,*,#10636,.F.);
#10705 = ORIENTED_EDGE('',*,*,#10706,.T.);
#10706 = EDGE_CURVE('',#10627,#10707,#10709,.T.);
#10707 = VERTEX_POINT('',#10708);
#10708 = CARTESIAN_POINT('',(83.1,350.,154.));
#10709 = LINE('',#10710,#10711);
#10710 = CARTESIAN_POINT('',(74.5,350.,154.));
#10711 = VECTOR('',#10712,1.);
#10712 = DIRECTION('',(1.,0.,-0.));
#10713 = ORIENTED_EDGE('',*,*,#10714,.T.);
#10714 = EDGE_CURVE('',#10707,#10698,#10715,.T.);
#10715 = LINE('',#10716,#10717);
#10716 = CARTESIAN_POINT('',(83.1,350.,154.));
#10717 = VECTOR('',#10718,1.);
#10718 = DIRECTION('',(-0.,1.,0.));
#10719 = PLANE('',#10720);
#10720 = AXIS2_PLACEMENT_3D('',#10721,#10722,#10723);
#10721 = CARTESIAN_POINT('',(74.5,350.,154.));
#10722 = DIRECTION('',(0.,0.,1.));
#10723 = DIRECTION('',(1.,0.,-0.));
#10724 = ADVANCED_FACE('',(#10725),#10750,.T.);
#10725 = FACE_BOUND('',#10726,.T.);
#10726 = EDGE_LOOP('',(#10727,#10735,#10743,#10749));
#10727 = ORIENTED_EDGE('',*,*,#10728,.F.);
#10728 = EDGE_CURVE('',#10729,#10668,#10731,.T.);
#10729 = VERTEX_POINT('',#10730);
#10730 = CARTESIAN_POINT('',(125.5,350.,154.));
#10731 = LINE('',#10732,#10733);
#10732 = CARTESIAN_POINT('',(125.5,350.,154.));
#10733 = VECTOR('',#10734,1.);
#10734 = DIRECTION('',(0.,0.,1.));
#10735 = ORIENTED_EDGE('',*,*,#10736,.T.);
#10736 = EDGE_CURVE('',#10729,#10737,#10739,.T.);
#10737 = VERTEX_POINT('',#10738);
#10738 = CARTESIAN_POINT('',(125.5,354.5,154.));
#10739 = LINE('',#10740,#10741);
#10740 = CARTESIAN_POINT('',(125.5,350.,154.));
#10741 = VECTOR('',#10742,1.);
#10742 = DIRECTION('',(-0.,1.,0.));
#10743 = ORIENTED_EDGE('',*,*,#10744,.T.);
#10744 = EDGE_CURVE('',#10737,#10676,#10745,.T.);
#10745 = LINE('',#10746,#10747);
#10746 = CARTESIAN_POINT('',(125.5,354.5,154.));
#10747 = VECTOR('',#10748,1.);
#10748 = DIRECTION('',(0.,0.,1.));
#10749 = ORIENTED_EDGE('',*,*,#10675,.F.);
#10750 = PLANE('',#10751);
#10751 = AXIS2_PLACEMENT_3D('',#10752,#10753,#10754);
#10752 = CARTESIAN_POINT('',(125.5,350.,154.));
#10753 = DIRECTION('',(1.,0.,-0.));
#10754 = DIRECTION('',(0.,0.,1.));
#10755 = ADVANCED_FACE('',(#10756),#10781,.F.);
#10756 = FACE_BOUND('',#10757,.F.);
#10757 = EDGE_LOOP('',(#10758,#10766,#10774,#10780));
#10758 = ORIENTED_EDGE('',*,*,#10759,.F.);
#10759 = EDGE_CURVE('',#10760,#10737,#10762,.T.);
#10760 = VERTEX_POINT('',#10761);
#10761 = CARTESIAN_POINT('',(116.9,354.5,154.));
#10762 = LINE('',#10763,#10764);
#10763 = CARTESIAN_POINT('',(74.5,354.5,154.));
#10764 = VECTOR('',#10765,1.);
#10765 = DIRECTION('',(1.,0.,-0.));
#10766 = ORIENTED_EDGE('',*,*,#10767,.F.);
#10767 = EDGE_CURVE('',#10768,#10760,#10770,.T.);
#10768 = VERTEX_POINT('',#10769);
#10769 = CARTESIAN_POINT('',(116.9,350.,154.));
#10770 = LINE('',#10771,#10772);
#10771 = CARTESIAN_POINT('',(116.9,350.,154.));
#10772 = VECTOR('',#10773,1.);
#10773 = DIRECTION('',(-0.,1.,0.));
#10774 = ORIENTED_EDGE('',*,*,#10775,.T.);
#10775 = EDGE_CURVE('',#10768,#10729,#10776,.T.);
#10776 = LINE('',#10777,#10778);
#10777 = CARTESIAN_POINT('',(74.5,350.,154.));
#10778 = VECTOR('',#10779,1.);
#10779 = DIRECTION('',(1.,0.,-0.));
#10780 = ORIENTED_EDGE('',*,*,#10736,.T.);
#10781 = PLANE('',#10782);
#10782 = AXIS2_PLACEMENT_3D('',#10783,#10784,#10785);
#10783 = CARTESIAN_POINT('',(74.5,350.,154.));
#10784 = DIRECTION('',(0.,0.,1.));
#10785 = DIRECTION('',(1.,0.,-0.));
#10786 = ADVANCED_FACE('',(#10787,#10816,#10827),#10838,.T.);
#10787 = FACE_BOUND('',#10788,.T.);
#10788 = EDGE_LOOP('',(#10789,#10790,#10798,#10806,#10812,#10813,#10814,
    #10815));
#10789 = ORIENTED_EDGE('',*,*,#10706,.T.);
#10790 = ORIENTED_EDGE('',*,*,#10791,.F.);
#10791 = EDGE_CURVE('',#10792,#10707,#10794,.T.);
#10792 = VERTEX_POINT('',#10793);
#10793 = CARTESIAN_POINT('',(83.1,350.,147.));
#10794 = LINE('',#10795,#10796);
#10795 = CARTESIAN_POINT('',(83.1,350.,147.));
#10796 = VECTOR('',#10797,1.);
#10797 = DIRECTION('',(0.,0.,1.));
#10798 = ORIENTED_EDGE('',*,*,#10799,.T.);
#10799 = EDGE_CURVE('',#10792,#10800,#10802,.T.);
#10800 = VERTEX_POINT('',#10801);
#10801 = CARTESIAN_POINT('',(116.9,350.,147.));
#10802 = LINE('',#10803,#10804);
#10803 = CARTESIAN_POINT('',(83.1,350.,147.));
#10804 = VECTOR('',#10805,1.);
#10805 = DIRECTION('',(1.,0.,-0.));
#10806 = ORIENTED_EDGE('',*,*,#10807,.T.);
#10807 = EDGE_CURVE('',#10800,#10768,#10808,.T.);
#10808 = LINE('',#10809,#10810);
#10809 = CARTESIAN_POINT('',(116.9,350.,147.));
#10810 = VECTOR('',#10811,1.);
#10811 = DIRECTION('',(0.,0.,1.));
#10812 = ORIENTED_EDGE('',*,*,#10775,.T.);
#10813 = ORIENTED_EDGE('',*,*,#10728,.T.);
#10814 = ORIENTED_EDGE('',*,*,#10667,.F.);
#10815 = ORIENTED_EDGE('',*,*,#10626,.F.);
#10816 = FACE_BOUND('',#10817,.T.);
#10817 = EDGE_LOOP('',(#10818));
#10818 = ORIENTED_EDGE('',*,*,#10819,.T.);
#10819 = EDGE_CURVE('',#10820,#10820,#10822,.T.);
#10820 = VERTEX_POINT('',#10821);
#10821 = CARTESIAN_POINT('',(83.,350.,166.6));
#10822 = CIRCLE('',#10823,2.6);
#10823 = AXIS2_PLACEMENT_3D('',#10824,#10825,#10826);
#10824 = CARTESIAN_POINT('',(83.,350.,164.));
#10825 = DIRECTION('',(0.,1.,0.));
#10826 = DIRECTION('',(0.,-0.,1.));
#10827 = FACE_BOUND('',#10828,.T.);
#10828 = EDGE_LOOP('',(#10829));
#10829 = ORIENTED_EDGE('',*,*,#10830,.T.);
#10830 = EDGE_CURVE('',#10831,#10831,#10833,.T.);
#10831 = VERTEX_POINT('',#10832);
#10832 = CARTESIAN_POINT('',(117.,350.,166.6));
#10833 = CIRCLE('',#10834,2.6);
#10834 = AXIS2_PLACEMENT_3D('',#10835,#10836,#10837);
#10835 = CARTESIAN_POINT('',(117.,350.,164.));
#10836 = DIRECTION('',(0.,1.,0.));
#10837 = DIRECTION('',(0.,-0.,1.));
#10838 = PLANE('',#10839);
#10839 = AXIS2_PLACEMENT_3D('',#10840,#10841,#10842);
#10840 = CARTESIAN_POINT('',(100.,350.,162.0072327044));
#10841 = DIRECTION('',(-0.,-1.,-0.));
#10842 = DIRECTION('',(0.,0.,-1.));
#10843 = ADVANCED_FACE('',(#10844),#10869,.F.);
#10844 = FACE_BOUND('',#10845,.F.);
#10845 = EDGE_LOOP('',(#10846,#10854,#10855,#10863));
#10846 = ORIENTED_EDGE('',*,*,#10847,.F.);
#10847 = EDGE_CURVE('',#10792,#10848,#10850,.T.);
#10848 = VERTEX_POINT('',#10849);
#10849 = CARTESIAN_POINT('',(83.1,350.7,147.));
#10850 = LINE('',#10851,#10852);
#10851 = CARTESIAN_POINT('',(83.1,350.,147.));
#10852 = VECTOR('',#10853,1.);
#10853 = DIRECTION('',(-0.,1.,0.));
#10854 = ORIENTED_EDGE('',*,*,#10799,.T.);
#10855 = ORIENTED_EDGE('',*,*,#10856,.T.);
#10856 = EDGE_CURVE('',#10800,#10857,#10859,.T.);
#10857 = VERTEX_POINT('',#10858);
#10858 = CARTESIAN_POINT('',(116.9,350.7,147.));
#10859 = LINE('',#10860,#10861);
#10860 = CARTESIAN_POINT('',(116.9,350.,147.));
#10861 = VECTOR('',#10862,1.);
#10862 = DIRECTION('',(-0.,1.,0.));
#10863 = ORIENTED_EDGE('',*,*,#10864,.F.);
#10864 = EDGE_CURVE('',#10848,#10857,#10865,.T.);
#10865 = LINE('',#10866,#10867);
#10866 = CARTESIAN_POINT('',(83.1,350.7,147.));
#10867 = VECTOR('',#10868,1.);
#10868 = DIRECTION('',(1.,0.,0.));
#10869 = PLANE('',#10870);
#10870 = AXIS2_PLACEMENT_3D('',#10871,#10872,#10873);
#10871 = CARTESIAN_POINT('',(83.1,350.,147.));
#10872 = DIRECTION('',(0.,0.,1.));
#10873 = DIRECTION('',(1.,0.,-0.));
#10874 = ADVANCED_FACE('',(#10875),#10894,.F.);
#10875 = FACE_BOUND('',#10876,.F.);
#10876 = EDGE_LOOP('',(#10877,#10886,#10892,#10893));
#10877 = ORIENTED_EDGE('',*,*,#10878,.F.);
#10878 = EDGE_CURVE('',#10879,#10879,#10881,.T.);
#10879 = VERTEX_POINT('',#10880);
#10880 = CARTESIAN_POINT('',(83.,354.5,166.6));
#10881 = CIRCLE('',#10882,2.6);
#10882 = AXIS2_PLACEMENT_3D('',#10883,#10884,#10885);
#10883 = CARTESIAN_POINT('',(83.,354.5,164.));
#10884 = DIRECTION('',(0.,1.,0.));
#10885 = DIRECTION('',(0.,-0.,1.));
#10886 = ORIENTED_EDGE('',*,*,#10887,.F.);
#10887 = EDGE_CURVE('',#10820,#10879,#10888,.T.);
#10888 = LINE('',#10889,#10890);
#10889 = CARTESIAN_POINT('',(83.,349.,166.6));
#10890 = VECTOR('',#10891,1.);
#10891 = DIRECTION('',(0.,1.,0.));
#10892 = ORIENTED_EDGE('',*,*,#10819,.T.);
#10893 = ORIENTED_EDGE('',*,*,#10887,.T.);
#10894 = CYLINDRICAL_SURFACE('',#10895,2.6);
#10895 = AXIS2_PLACEMENT_3D('',#10896,#10897,#10898);
#10896 = CARTESIAN_POINT('',(83.,349.,164.));
#10897 = DIRECTION('',(0.,1.,0.));
#10898 = DIRECTION('',(0.,-0.,1.));
#10899 = ADVANCED_FACE('',(#10900),#10919,.F.);
#10900 = FACE_BOUND('',#10901,.F.);
#10901 = EDGE_LOOP('',(#10902,#10911,#10917,#10918));
#10902 = ORIENTED_EDGE('',*,*,#10903,.F.);
#10903 = EDGE_CURVE('',#10904,#10904,#10906,.T.);
#10904 = VERTEX_POINT('',#10905);
#10905 = CARTESIAN_POINT('',(117.,354.5,166.6));
#10906 = CIRCLE('',#10907,2.6);
#10907 = AXIS2_PLACEMENT_3D('',#10908,#10909,#10910);
#10908 = CARTESIAN_POINT('',(117.,354.5,164.));
#10909 = DIRECTION('',(0.,1.,0.));
#10910 = DIRECTION('',(0.,-0.,1.));
#10911 = ORIENTED_EDGE('',*,*,#10912,.F.);
#10912 = EDGE_CURVE('',#10831,#10904,#10913,.T.);
#10913 = LINE('',#10914,#10915);
#10914 = CARTESIAN_POINT('',(117.,349.,166.6));
#10915 = VECTOR('',#10916,1.);
#10916 = DIRECTION('',(0.,1.,0.));
#10917 = ORIENTED_EDGE('',*,*,#10830,.T.);
#10918 = ORIENTED_EDGE('',*,*,#10912,.T.);
#10919 = CYLINDRICAL_SURFACE('',#10920,2.6);
#10920 = AXIS2_PLACEMENT_3D('',#10921,#10922,#10923);
#10921 = CARTESIAN_POINT('',(117.,349.,164.));
#10922 = DIRECTION('',(0.,1.,0.));
#10923 = DIRECTION('',(0.,-0.,1.));
#10924 = ADVANCED_FACE('',(#10925,#10954,#10957),#10960,.T.);
#10925 = FACE_BOUND('',#10926,.T.);
#10926 = EDGE_LOOP('',(#10927,#10928,#10929,#10930,#10931,#10932,#10940,
    #10948));
#10927 = ORIENTED_EDGE('',*,*,#10697,.F.);
#10928 = ORIENTED_EDGE('',*,*,#10644,.T.);
#10929 = ORIENTED_EDGE('',*,*,#10683,.T.);
#10930 = ORIENTED_EDGE('',*,*,#10744,.F.);
#10931 = ORIENTED_EDGE('',*,*,#10759,.F.);
#10932 = ORIENTED_EDGE('',*,*,#10933,.F.);
#10933 = EDGE_CURVE('',#10934,#10760,#10936,.T.);
#10934 = VERTEX_POINT('',#10935);
#10935 = CARTESIAN_POINT('',(116.9,354.5,152.74978260458));
#10936 = LINE('',#10937,#10938);
#10937 = CARTESIAN_POINT('',(116.9,354.5,147.));
#10938 = VECTOR('',#10939,1.);
#10939 = DIRECTION('',(0.,0.,1.));
#10940 = ORIENTED_EDGE('',*,*,#10941,.F.);
#10941 = EDGE_CURVE('',#10942,#10934,#10944,.T.);
#10942 = VERTEX_POINT('',#10943);
#10943 = CARTESIAN_POINT('',(83.1,354.5,152.74978260458));
#10944 = LINE('',#10945,#10946);
#10945 = CARTESIAN_POINT('',(83.1,354.5,152.74978260458));
#10946 = VECTOR('',#10947,1.);
#10947 = DIRECTION('',(1.,0.,0.));
#10948 = ORIENTED_EDGE('',*,*,#10949,.T.);
#10949 = EDGE_CURVE('',#10942,#10698,#10950,.T.);
#10950 = LINE('',#10951,#10952);
#10951 = CARTESIAN_POINT('',(83.1,354.5,147.));
#10952 = VECTOR('',#10953,1.);
#10953 = DIRECTION('',(0.,0.,1.));
#10954 = FACE_BOUND('',#10955,.T.);
#10955 = EDGE_LOOP('',(#10956));
#10956 = ORIENTED_EDGE('',*,*,#10878,.F.);
#10957 = FACE_BOUND('',#10958,.T.);
#10958 = EDGE_LOOP('',(#10959));
#10959 = ORIENTED_EDGE('',*,*,#10903,.F.);
#10960 = PLANE('',#10961);
#10961 = AXIS2_PLACEMENT_3D('',#10962,#10963,#10964);
#10962 = CARTESIAN_POINT('',(100.,354.5,164.27067893493));
#10963 = DIRECTION('',(0.,1.,0.));
#10964 = DIRECTION('',(0.,-0.,1.));
#10965 = ADVANCED_FACE('',(#10966),#10988,.T.);
#10966 = FACE_BOUND('',#10967,.T.);
#10967 = EDGE_LOOP('',(#10968,#10969,#10970,#10971,#10980,#10987));
#10968 = ORIENTED_EDGE('',*,*,#10791,.T.);
#10969 = ORIENTED_EDGE('',*,*,#10714,.T.);
#10970 = ORIENTED_EDGE('',*,*,#10949,.F.);
#10971 = ORIENTED_EDGE('',*,*,#10972,.F.);
#10972 = EDGE_CURVE('',#10973,#10942,#10975,.T.);
#10973 = VERTEX_POINT('',#10974);
#10974 = CARTESIAN_POINT('',(83.1,356.95,153.25));
#10975 = CIRCLE('',#10976,6.25);
#10976 = AXIS2_PLACEMENT_3D('',#10977,#10978,#10979);
#10977 = CARTESIAN_POINT('',(83.1,356.95,147.));
#10978 = DIRECTION('',(1.,0.,0.));
#10979 = DIRECTION('',(-0.,0.,1.));
#10980 = ORIENTED_EDGE('',*,*,#10981,.F.);
#10981 = EDGE_CURVE('',#10848,#10973,#10982,.T.);
#10982 = CIRCLE('',#10983,6.25);
#10983 = AXIS2_PLACEMENT_3D('',#10984,#10985,#10986);
#10984 = CARTESIAN_POINT('',(83.1,356.95,147.));
#10985 = DIRECTION('',(1.,0.,0.));
#10986 = DIRECTION('',(-0.,0.,1.));
#10987 = ORIENTED_EDGE('',*,*,#10847,.F.);
#10988 = PLANE('',#10989);
#10989 = AXIS2_PLACEMENT_3D('',#10990,#10991,#10992);
#10990 = CARTESIAN_POINT('',(83.1,355.70287082665,148.21524906056));
#10991 = DIRECTION('',(-1.,-0.,-0.));
#10992 = DIRECTION('',(0.,0.,-1.));
#10993 = ADVANCED_FACE('',(#10994),#11016,.T.);
#10994 = FACE_BOUND('',#10995,.T.);
#10995 = EDGE_LOOP('',(#10996,#10997,#10998,#11007,#11014,#11015));
#10996 = ORIENTED_EDGE('',*,*,#10807,.F.);
#10997 = ORIENTED_EDGE('',*,*,#10856,.T.);
#10998 = ORIENTED_EDGE('',*,*,#10999,.T.);
#10999 = EDGE_CURVE('',#10857,#11000,#11002,.T.);
#11000 = VERTEX_POINT('',#11001);
#11001 = CARTESIAN_POINT('',(116.9,356.95,153.25));
#11002 = CIRCLE('',#11003,6.25);
#11003 = AXIS2_PLACEMENT_3D('',#11004,#11005,#11006);
#11004 = CARTESIAN_POINT('',(116.9,356.95,147.));
#11005 = DIRECTION('',(1.,0.,0.));
#11006 = DIRECTION('',(-0.,0.,1.));
#11007 = ORIENTED_EDGE('',*,*,#11008,.T.);
#11008 = EDGE_CURVE('',#11000,#10934,#11009,.T.);
#11009 = CIRCLE('',#11010,6.25);
#11010 = AXIS2_PLACEMENT_3D('',#11011,#11012,#11013);
#11011 = CARTESIAN_POINT('',(116.9,356.95,147.));
#11012 = DIRECTION('',(1.,0.,0.));
#11013 = DIRECTION('',(-0.,0.,1.));
#11014 = ORIENTED_EDGE('',*,*,#10933,.T.);
#11015 = ORIENTED_EDGE('',*,*,#10767,.F.);
#11016 = PLANE('',#11017);
#11017 = AXIS2_PLACEMENT_3D('',#11018,#11019,#11020);
#11018 = CARTESIAN_POINT('',(116.9,355.70287082665,148.21524906056));
#11019 = DIRECTION('',(1.,0.,0.));
#11020 = DIRECTION('',(-0.,0.,1.));
#11021 = ADVANCED_FACE('',(#11022),#11030,.T.);
#11022 = FACE_BOUND('',#11023,.T.);
#11023 = EDGE_LOOP('',(#11024,#11025,#11026,#11027,#11028,#11029));
#11024 = ORIENTED_EDGE('',*,*,#10999,.F.);
#11025 = ORIENTED_EDGE('',*,*,#10864,.F.);
#11026 = ORIENTED_EDGE('',*,*,#10981,.T.);
#11027 = ORIENTED_EDGE('',*,*,#10972,.T.);
#11028 = ORIENTED_EDGE('',*,*,#10941,.T.);
#11029 = ORIENTED_EDGE('',*,*,#11008,.F.);
#11030 = CYLINDRICAL_SURFACE('',#11031,6.25);
#11031 = AXIS2_PLACEMENT_3D('',#11032,#11033,#11034);
#11032 = CARTESIAN_POINT('',(83.1,356.95,147.));
#11033 = DIRECTION('',(1.,0.,0.));
#11034 = DIRECTION('',(-0.,0.,1.));
#11035 = ( GEOMETRIC_REPRESENTATION_CONTEXT(3) 
GLOBAL_UNCERTAINTY_ASSIGNED_CONTEXT((#11039)) 
GLOBAL_UNIT_ASSIGNED_CONTEXT((#11036,#11037,#11038)) 
REPRESENTATION_CONTEXT('Context #1',
  '3D Context with UNIT and UNCERTAINTY') );
#11036 = ( LENGTH_UNIT() NAMED_UNIT(*) SI_UNIT(.MILLI.,.METRE.) );
#11037 = ( NAMED_UNIT(*) PLANE_ANGLE_UNIT() SI_UNIT($,.RADIAN.) );
#11038 = ( NAMED_UNIT(*) SI_UNIT($,.STERADIAN.) SOLID_ANGLE_UNIT() );
#11039 = UNCERTAINTY_MEASURE_WITH_UNIT(LENGTH_MEASURE(1.E-07),#11036,
  'distance_accuracy_value','confusion accuracy');
#11040 = CONTEXT_DEPENDENT_SHAPE_REPRESENTATION(#11041,#11043);
#11041 = ( REPRESENTATION_RELATIONSHIP('','',#10619,#10) 
REPRESENTATION_RELATIONSHIP_WITH_TRANSFORMATION(#11042) 
SHAPE_REPRESENTATION_RELATIONSHIP() );
#11042 = ITEM_DEFINED_TRANSFORMATION('','',#11,#171);
#11043 = PRODUCT_DEFINITION_SHAPE('Placement','Placement of an item',
  #11044);
#11044 = NEXT_ASSEMBLY_USAGE_OCCURRENCE('40',
  '定位合页活动叶及轴筒 1','',#5,#10614,$);
#11045 = PRODUCT_RELATED_PRODUCT_CATEGORY('part',$,(#10616));
#11046 = SHAPE_DEFINITION_REPRESENTATION(#11047,#11053);
#11047 = PRODUCT_DEFINITION_SHAPE('','',#11048);
#11048 = PRODUCT_DEFINITION('design','',#11049,#11052);
#11049 = PRODUCT_DEFINITION_FORMATION('','',#11050);
#11050 = PRODUCT('合页上盖补偿垫片 1',
  '合页上盖补偿垫片 1','',(#11051));
#11051 = PRODUCT_CONTEXT('',#2,'mechanical');
#11052 = PRODUCT_DEFINITION_CONTEXT('part definition',#2,'design');
#11053 = ADVANCED_BREP_SHAPE_REPRESENTATION('',(#11,#11054),#11282);
#11054 = MANIFOLD_SOLID_BREP('',#11055);
#11055 = CLOSED_SHELL('',(#11056,#11096,#11149,#11173,#11219,#11236,
    #11248,#11265));
#11056 = ADVANCED_FACE('',(#11057),#11091,.F.);
#11057 = FACE_BOUND('',#11058,.F.);
#11058 = EDGE_LOOP('',(#11059,#11069,#11077,#11085));
#11059 = ORIENTED_EDGE('',*,*,#11060,.F.);
#11060 = EDGE_CURVE('',#11061,#11063,#11065,.T.);
#11061 = VERTEX_POINT('',#11062);
#11062 = CARTESIAN_POINT('',(74.5,348.,155.));
#11063 = VERTEX_POINT('',#11064);
#11064 = CARTESIAN_POINT('',(74.5,348.,173.));
#11065 = LINE('',#11066,#11067);
#11066 = CARTESIAN_POINT('',(74.5,348.,155.));
#11067 = VECTOR('',#11068,1.);
#11068 = DIRECTION('',(0.,0.,1.));
#11069 = ORIENTED_EDGE('',*,*,#11070,.T.);
#11070 = EDGE_CURVE('',#11061,#11071,#11073,.T.);
#11071 = VERTEX_POINT('',#11072);
#11072 = CARTESIAN_POINT('',(74.5,350.,155.));
#11073 = LINE('',#11074,#11075);
#11074 = CARTESIAN_POINT('',(74.5,348.,155.));
#11075 = VECTOR('',#11076,1.);
#11076 = DIRECTION('',(-0.,1.,0.));
#11077 = ORIENTED_EDGE('',*,*,#11078,.T.);
#11078 = EDGE_CURVE('',#11071,#11079,#11081,.T.);
#11079 = VERTEX_POINT('',#11080);
#11080 = CARTESIAN_POINT('',(74.5,350.,173.));
#11081 = LINE('',#11082,#11083);
#11082 = CARTESIAN_POINT('',(74.5,350.,155.));
#11083 = VECTOR('',#11084,1.);
#11084 = DIRECTION('',(0.,0.,1.));
#11085 = ORIENTED_EDGE('',*,*,#11086,.F.);
#11086 = EDGE_CURVE('',#11063,#11079,#11087,.T.);
#11087 = LINE('',#11088,#11089);
#11088 = CARTESIAN_POINT('',(74.5,348.,173.));
#11089 = VECTOR('',#11090,1.);
#11090 = DIRECTION('',(-0.,1.,0.));
#11091 = PLANE('',#11092);
#11092 = AXIS2_PLACEMENT_3D('',#11093,#11094,#11095);
#11093 = CARTESIAN_POINT('',(74.5,348.,155.));
#11094 = DIRECTION('',(1.,0.,-0.));
#11095 = DIRECTION('',(0.,0.,1.));
#11096 = ADVANCED_FACE('',(#11097,#11122,#11133),#11144,.F.);
#11097 = FACE_BOUND('',#11098,.F.);
#11098 = EDGE_LOOP('',(#11099,#11107,#11108,#11116));
#11099 = ORIENTED_EDGE('',*,*,#11100,.F.);
#11100 = EDGE_CURVE('',#11061,#11101,#11103,.T.);
#11101 = VERTEX_POINT('',#11102);
#11102 = CARTESIAN_POINT('',(125.5,348.,155.));
#11103 = LINE('',#11104,#11105);
#11104 = CARTESIAN_POINT('',(74.5,348.,155.));
#11105 = VECTOR('',#11106,1.);
#11106 = DIRECTION('',(1.,0.,-0.));
#11107 = ORIENTED_EDGE('',*,*,#11060,.T.);
#11108 = ORIENTED_EDGE('',*,*,#11109,.T.);
#11109 = EDGE_CURVE('',#11063,#11110,#11112,.T.);
#11110 = VERTEX_POINT('',#11111);
#11111 = CARTESIAN_POINT('',(125.5,348.,173.));
#11112 = LINE('',#11113,#11114);
#11113 = CARTESIAN_POINT('',(74.5,348.,173.));
#11114 = VECTOR('',#11115,1.);
#11115 = DIRECTION('',(1.,0.,-0.));
#11116 = ORIENTED_EDGE('',*,*,#11117,.F.);
#11117 = EDGE_CURVE('',#11101,#11110,#11118,.T.);
#11118 = LINE('',#11119,#11120);
#11119 = CARTESIAN_POINT('',(125.5,348.,155.));
#11120 = VECTOR('',#11121,1.);
#11121 = DIRECTION('',(0.,0.,1.));
#11122 = FACE_BOUND('',#11123,.F.);
#11123 = EDGE_LOOP('',(#11124));
#11124 = ORIENTED_EDGE('',*,*,#11125,.F.);
#11125 = EDGE_CURVE('',#11126,#11126,#11128,.T.);
#11126 = VERTEX_POINT('',#11127);
#11127 = CARTESIAN_POINT('',(83.,348.,166.75));
#11128 = CIRCLE('',#11129,2.75);
#11129 = AXIS2_PLACEMENT_3D('',#11130,#11131,#11132);
#11130 = CARTESIAN_POINT('',(83.,348.,164.));
#11131 = DIRECTION('',(0.,1.,0.));
#11132 = DIRECTION('',(0.,-0.,1.));
#11133 = FACE_BOUND('',#11134,.F.);
#11134 = EDGE_LOOP('',(#11135));
#11135 = ORIENTED_EDGE('',*,*,#11136,.F.);
#11136 = EDGE_CURVE('',#11137,#11137,#11139,.T.);
#11137 = VERTEX_POINT('',#11138);
#11138 = CARTESIAN_POINT('',(117.,348.,166.75));
#11139 = CIRCLE('',#11140,2.75);
#11140 = AXIS2_PLACEMENT_3D('',#11141,#11142,#11143);
#11141 = CARTESIAN_POINT('',(117.,348.,164.));
#11142 = DIRECTION('',(0.,1.,0.));
#11143 = DIRECTION('',(0.,-0.,1.));
#11144 = PLANE('',#11145);
#11145 = AXIS2_PLACEMENT_3D('',#11146,#11147,#11148);
#11146 = CARTESIAN_POINT('',(74.5,348.,155.));
#11147 = DIRECTION('',(-0.,1.,0.));
#11148 = DIRECTION('',(0.,0.,1.));
#11149 = ADVANCED_FACE('',(#11150),#11168,.T.);
#11150 = FACE_BOUND('',#11151,.T.);
#11151 = EDGE_LOOP('',(#11152,#11153,#11154,#11162));
#11152 = ORIENTED_EDGE('',*,*,#11086,.F.);
#11153 = ORIENTED_EDGE('',*,*,#11109,.T.);
#11154 = ORIENTED_EDGE('',*,*,#11155,.T.);
#11155 = EDGE_CURVE('',#11110,#11156,#11158,.T.);
#11156 = VERTEX_POINT('',#11157);
#11157 = CARTESIAN_POINT('',(125.5,350.,173.));
#11158 = LINE('',#11159,#11160);
#11159 = CARTESIAN_POINT('',(125.5,348.,173.));
#11160 = VECTOR('',#11161,1.);
#11161 = DIRECTION('',(-0.,1.,0.));
#11162 = ORIENTED_EDGE('',*,*,#11163,.F.);
#11163 = EDGE_CURVE('',#11079,#11156,#11164,.T.);
#11164 = LINE('',#11165,#11166);
#11165 = CARTESIAN_POINT('',(74.5,350.,173.));
#11166 = VECTOR('',#11167,1.);
#11167 = DIRECTION('',(1.,0.,-0.));
#11168 = PLANE('',#11169);
#11169 = AXIS2_PLACEMENT_3D('',#11170,#11171,#11172);
#11170 = CARTESIAN_POINT('',(74.5,348.,173.));
#11171 = DIRECTION('',(0.,0.,1.));
#11172 = DIRECTION('',(1.,0.,-0.));
#11173 = ADVANCED_FACE('',(#11174,#11192,#11203),#11214,.T.);
#11174 = FACE_BOUND('',#11175,.T.);
#11175 = EDGE_LOOP('',(#11176,#11184,#11185,#11186));
#11176 = ORIENTED_EDGE('',*,*,#11177,.F.);
#11177 = EDGE_CURVE('',#11071,#11178,#11180,.T.);
#11178 = VERTEX_POINT('',#11179);
#11179 = CARTESIAN_POINT('',(125.5,350.,155.));
#11180 = LINE('',#11181,#11182);
#11181 = CARTESIAN_POINT('',(74.5,350.,155.));
#11182 = VECTOR('',#11183,1.);
#11183 = DIRECTION('',(1.,0.,-0.));
#11184 = ORIENTED_EDGE('',*,*,#11078,.T.);
#11185 = ORIENTED_EDGE('',*,*,#11163,.T.);
#11186 = ORIENTED_EDGE('',*,*,#11187,.F.);
#11187 = EDGE_CURVE('',#11178,#11156,#11188,.T.);
#11188 = LINE('',#11189,#11190);
#11189 = CARTESIAN_POINT('',(125.5,350.,155.));
#11190 = VECTOR('',#11191,1.);
#11191 = DIRECTION('',(0.,0.,1.));
#11192 = FACE_BOUND('',#11193,.T.);
#11193 = EDGE_LOOP('',(#11194));
#11194 = ORIENTED_EDGE('',*,*,#11195,.F.);
#11195 = EDGE_CURVE('',#11196,#11196,#11198,.T.);
#11196 = VERTEX_POINT('',#11197);
#11197 = CARTESIAN_POINT('',(83.,350.,166.75));
#11198 = CIRCLE('',#11199,2.75);
#11199 = AXIS2_PLACEMENT_3D('',#11200,#11201,#11202);
#11200 = CARTESIAN_POINT('',(83.,350.,164.));
#11201 = DIRECTION('',(0.,1.,0.));
#11202 = DIRECTION('',(0.,-0.,1.));
#11203 = FACE_BOUND('',#11204,.T.);
#11204 = EDGE_LOOP('',(#11205));
#11205 = ORIENTED_EDGE('',*,*,#11206,.F.);
#11206 = EDGE_CURVE('',#11207,#11207,#11209,.T.);
#11207 = VERTEX_POINT('',#11208);
#11208 = CARTESIAN_POINT('',(117.,350.,166.75));
#11209 = CIRCLE('',#11210,2.75);
#11210 = AXIS2_PLACEMENT_3D('',#11211,#11212,#11213);
#11211 = CARTESIAN_POINT('',(117.,350.,164.));
#11212 = DIRECTION('',(0.,1.,0.));
#11213 = DIRECTION('',(0.,-0.,1.));
#11214 = PLANE('',#11215);
#11215 = AXIS2_PLACEMENT_3D('',#11216,#11217,#11218);
#11216 = CARTESIAN_POINT('',(74.5,350.,155.));
#11217 = DIRECTION('',(-0.,1.,0.));
#11218 = DIRECTION('',(0.,0.,1.));
#11219 = ADVANCED_FACE('',(#11220),#11231,.F.);
#11220 = FACE_BOUND('',#11221,.F.);
#11221 = EDGE_LOOP('',(#11222,#11223,#11224,#11230));
#11222 = ORIENTED_EDGE('',*,*,#11070,.F.);
#11223 = ORIENTED_EDGE('',*,*,#11100,.T.);
#11224 = ORIENTED_EDGE('',*,*,#11225,.T.);
#11225 = EDGE_CURVE('',#11101,#11178,#11226,.T.);
#11226 = LINE('',#11227,#11228);
#11227 = CARTESIAN_POINT('',(125.5,348.,155.));
#11228 = VECTOR('',#11229,1.);
#11229 = DIRECTION('',(-0.,1.,0.));
#11230 = ORIENTED_EDGE('',*,*,#11177,.F.);
#11231 = PLANE('',#11232);
#11232 = AXIS2_PLACEMENT_3D('',#11233,#11234,#11235);
#11233 = CARTESIAN_POINT('',(74.5,348.,155.));
#11234 = DIRECTION('',(0.,0.,1.));
#11235 = DIRECTION('',(1.,0.,-0.));
#11236 = ADVANCED_FACE('',(#11237),#11243,.T.);
#11237 = FACE_BOUND('',#11238,.T.);
#11238 = EDGE_LOOP('',(#11239,#11240,#11241,#11242));
#11239 = ORIENTED_EDGE('',*,*,#11117,.F.);
#11240 = ORIENTED_EDGE('',*,*,#11225,.T.);
#11241 = ORIENTED_EDGE('',*,*,#11187,.T.);
#11242 = ORIENTED_EDGE('',*,*,#11155,.F.);
#11243 = PLANE('',#11244);
#11244 = AXIS2_PLACEMENT_3D('',#11245,#11246,#11247);
#11245 = CARTESIAN_POINT('',(125.5,348.,155.));
#11246 = DIRECTION('',(1.,0.,-0.));
#11247 = DIRECTION('',(0.,0.,1.));
#11248 = ADVANCED_FACE('',(#11249),#11260,.F.);
#11249 = FACE_BOUND('',#11250,.F.);
#11250 = EDGE_LOOP('',(#11251,#11252,#11258,#11259));
#11251 = ORIENTED_EDGE('',*,*,#11195,.F.);
#11252 = ORIENTED_EDGE('',*,*,#11253,.F.);
#11253 = EDGE_CURVE('',#11126,#11196,#11254,.T.);
#11254 = LINE('',#11255,#11256);
#11255 = CARTESIAN_POINT('',(83.,342.,166.75));
#11256 = VECTOR('',#11257,1.);
#11257 = DIRECTION('',(0.,1.,0.));
#11258 = ORIENTED_EDGE('',*,*,#11125,.T.);
#11259 = ORIENTED_EDGE('',*,*,#11253,.T.);
#11260 = CYLINDRICAL_SURFACE('',#11261,2.75);
#11261 = AXIS2_PLACEMENT_3D('',#11262,#11263,#11264);
#11262 = CARTESIAN_POINT('',(83.,342.,164.));
#11263 = DIRECTION('',(0.,1.,0.));
#11264 = DIRECTION('',(0.,-0.,1.));
#11265 = ADVANCED_FACE('',(#11266),#11277,.F.);
#11266 = FACE_BOUND('',#11267,.F.);
#11267 = EDGE_LOOP('',(#11268,#11269,#11275,#11276));
#11268 = ORIENTED_EDGE('',*,*,#11206,.F.);
#11269 = ORIENTED_EDGE('',*,*,#11270,.F.);
#11270 = EDGE_CURVE('',#11137,#11207,#11271,.T.);
#11271 = LINE('',#11272,#11273);
#11272 = CARTESIAN_POINT('',(117.,342.,166.75));
#11273 = VECTOR('',#11274,1.);
#11274 = DIRECTION('',(0.,1.,0.));
#11275 = ORIENTED_EDGE('',*,*,#11136,.T.);
#11276 = ORIENTED_EDGE('',*,*,#11270,.T.);
#11277 = CYLINDRICAL_SURFACE('',#11278,2.75);
#11278 = AXIS2_PLACEMENT_3D('',#11279,#11280,#11281);
#11279 = CARTESIAN_POINT('',(117.,342.,164.));
#11280 = DIRECTION('',(0.,1.,0.));
#11281 = DIRECTION('',(0.,-0.,1.));
#11282 = ( GEOMETRIC_REPRESENTATION_CONTEXT(3) 
GLOBAL_UNCERTAINTY_ASSIGNED_CONTEXT((#11286)) 
GLOBAL_UNIT_ASSIGNED_CONTEXT((#11283,#11284,#11285)) 
REPRESENTATION_CONTEXT('Context #1',
  '3D Context with UNIT and UNCERTAINTY') );
#11283 = ( LENGTH_UNIT() NAMED_UNIT(*) SI_UNIT(.MILLI.,.METRE.) );
#11284 = ( NAMED_UNIT(*) PLANE_ANGLE_UNIT() SI_UNIT($,.RADIAN.) );
#11285 = ( NAMED_UNIT(*) SI_UNIT($,.STERADIAN.) SOLID_ANGLE_UNIT() );
#11286 = UNCERTAINTY_MEASURE_WITH_UNIT(LENGTH_MEASURE(1.E-07),#11283,
  'distance_accuracy_value','confusion accuracy');
#11287 = CONTEXT_DEPENDENT_SHAPE_REPRESENTATION(#11288,#11290);
#11288 = ( REPRESENTATION_RELATIONSHIP('','',#11053,#10) 
REPRESENTATION_RELATIONSHIP_WITH_TRANSFORMATION(#11289) 
SHAPE_REPRESENTATION_RELATIONSHIP() );
#11289 = ITEM_DEFINED_TRANSFORMATION('','',#11,#175);
#11290 = PRODUCT_DEFINITION_SHAPE('Placement','Placement of an item',
  #11291);
#11291 = NEXT_ASSEMBLY_USAGE_OCCURRENCE('41',
  '合页上盖补偿垫片 1','',#5,#11048,$);
#11292 = PRODUCT_RELATED_PRODUCT_CATEGORY('part',$,(#11050));
#11293 = SHAPE_DEFINITION_REPRESENTATION(#11294,#11300);
#11294 = PRODUCT_DEFINITION_SHAPE('','',#11295);
#11295 = PRODUCT_DEFINITION('design','',#11296,#11299);
#11296 = PRODUCT_DEFINITION_FORMATION('','',#11297);
#11297 = PRODUCT('亚克力内侧压板 1','亚克力内侧压板 1','',
  (#11298));
#11298 = PRODUCT_CONTEXT('',#2,'mechanical');
#11299 = PRODUCT_DEFINITION_CONTEXT('part definition',#2,'design');
#11300 = ADVANCED_BREP_SHAPE_REPRESENTATION('',(#11,#11301),#11529);
#11301 = MANIFOLD_SOLID_BREP('',#11302);
#11302 = CLOSED_SHELL('',(#11303,#11343,#11396,#11420,#11466,#11483,
    #11495,#11512));
#11303 = ADVANCED_FACE('',(#11304),#11338,.F.);
#11304 = FACE_BOUND('',#11305,.F.);
#11305 = EDGE_LOOP('',(#11306,#11316,#11324,#11332));
#11306 = ORIENTED_EDGE('',*,*,#11307,.F.);
#11307 = EDGE_CURVE('',#11308,#11310,#11312,.T.);
#11308 = VERTEX_POINT('',#11309);
#11309 = CARTESIAN_POINT('',(74.5,343.,155.));
#11310 = VERTEX_POINT('',#11311);
#11311 = CARTESIAN_POINT('',(74.5,343.,173.));
#11312 = LINE('',#11313,#11314);
#11313 = CARTESIAN_POINT('',(74.5,343.,155.));
#11314 = VECTOR('',#11315,1.);
#11315 = DIRECTION('',(0.,0.,1.));
#11316 = ORIENTED_EDGE('',*,*,#11317,.T.);
#11317 = EDGE_CURVE('',#11308,#11318,#11320,.T.);
#11318 = VERTEX_POINT('',#11319);
#11319 = CARTESIAN_POINT('',(74.5,345.,155.));
#11320 = LINE('',#11321,#11322);
#11321 = CARTESIAN_POINT('',(74.5,343.,155.));
#11322 = VECTOR('',#11323,1.);
#11323 = DIRECTION('',(-0.,1.,0.));
#11324 = ORIENTED_EDGE('',*,*,#11325,.T.);
#11325 = EDGE_CURVE('',#11318,#11326,#11328,.T.);
#11326 = VERTEX_POINT('',#11327);
#11327 = CARTESIAN_POINT('',(74.5,345.,173.));
#11328 = LINE('',#11329,#11330);
#11329 = CARTESIAN_POINT('',(74.5,345.,155.));
#11330 = VECTOR('',#11331,1.);
#11331 = DIRECTION('',(0.,0.,1.));
#11332 = ORIENTED_EDGE('',*,*,#11333,.F.);
#11333 = EDGE_CURVE('',#11310,#11326,#11334,.T.);
#11334 = LINE('',#11335,#11336);
#11335 = CARTESIAN_POINT('',(74.5,343.,173.));
#11336 = VECTOR('',#11337,1.);
#11337 = DIRECTION('',(-0.,1.,0.));
#11338 = PLANE('',#11339);
#11339 = AXIS2_PLACEMENT_3D('',#11340,#11341,#11342);
#11340 = CARTESIAN_POINT('',(74.5,343.,155.));
#11341 = DIRECTION('',(1.,0.,-0.));
#11342 = DIRECTION('',(0.,0.,1.));
#11343 = ADVANCED_FACE('',(#11344,#11369,#11380),#11391,.F.);
#11344 = FACE_BOUND('',#11345,.F.);
#11345 = EDGE_LOOP('',(#11346,#11354,#11355,#11363));
#11346 = ORIENTED_EDGE('',*,*,#11347,.F.);
#11347 = EDGE_CURVE('',#11308,#11348,#11350,.T.);
#11348 = VERTEX_POINT('',#11349);
#11349 = CARTESIAN_POINT('',(125.5,343.,155.));
#11350 = LINE('',#11351,#11352);
#11351 = CARTESIAN_POINT('',(74.5,343.,155.));
#11352 = VECTOR('',#11353,1.);
#11353 = DIRECTION('',(1.,0.,-0.));
#11354 = ORIENTED_EDGE('',*,*,#11307,.T.);
#11355 = ORIENTED_EDGE('',*,*,#11356,.T.);
#11356 = EDGE_CURVE('',#11310,#11357,#11359,.T.);
#11357 = VERTEX_POINT('',#11358);
#11358 = CARTESIAN_POINT('',(125.5,343.,173.));
#11359 = LINE('',#11360,#11361);
#11360 = CARTESIAN_POINT('',(74.5,343.,173.));
#11361 = VECTOR('',#11362,1.);
#11362 = DIRECTION('',(1.,0.,-0.));
#11363 = ORIENTED_EDGE('',*,*,#11364,.F.);
#11364 = EDGE_CURVE('',#11348,#11357,#11365,.T.);
#11365 = LINE('',#11366,#11367);
#11366 = CARTESIAN_POINT('',(125.5,343.,155.));
#11367 = VECTOR('',#11368,1.);
#11368 = DIRECTION('',(0.,0.,1.));
#11369 = FACE_BOUND('',#11370,.F.);
#11370 = EDGE_LOOP('',(#11371));
#11371 = ORIENTED_EDGE('',*,*,#11372,.F.);
#11372 = EDGE_CURVE('',#11373,#11373,#11375,.T.);
#11373 = VERTEX_POINT('',#11374);
#11374 = CARTESIAN_POINT('',(83.,343.,166.75));
#11375 = CIRCLE('',#11376,2.75);
#11376 = AXIS2_PLACEMENT_3D('',#11377,#11378,#11379);
#11377 = CARTESIAN_POINT('',(83.,343.,164.));
#11378 = DIRECTION('',(0.,1.,0.));
#11379 = DIRECTION('',(0.,-0.,1.));
#11380 = FACE_BOUND('',#11381,.F.);
#11381 = EDGE_LOOP('',(#11382));
#11382 = ORIENTED_EDGE('',*,*,#11383,.F.);
#11383 = EDGE_CURVE('',#11384,#11384,#11386,.T.);
#11384 = VERTEX_POINT('',#11385);
#11385 = CARTESIAN_POINT('',(117.,343.,166.75));
#11386 = CIRCLE('',#11387,2.75);
#11387 = AXIS2_PLACEMENT_3D('',#11388,#11389,#11390);
#11388 = CARTESIAN_POINT('',(117.,343.,164.));
#11389 = DIRECTION('',(0.,1.,0.));
#11390 = DIRECTION('',(0.,-0.,1.));
#11391 = PLANE('',#11392);
#11392 = AXIS2_PLACEMENT_3D('',#11393,#11394,#11395);
#11393 = CARTESIAN_POINT('',(74.5,343.,155.));
#11394 = DIRECTION('',(-0.,1.,0.));
#11395 = DIRECTION('',(0.,0.,1.));
#11396 = ADVANCED_FACE('',(#11397),#11415,.T.);
#11397 = FACE_BOUND('',#11398,.T.);
#11398 = EDGE_LOOP('',(#11399,#11400,#11401,#11409));
#11399 = ORIENTED_EDGE('',*,*,#11333,.F.);
#11400 = ORIENTED_EDGE('',*,*,#11356,.T.);
#11401 = ORIENTED_EDGE('',*,*,#11402,.T.);
#11402 = EDGE_CURVE('',#11357,#11403,#11405,.T.);
#11403 = VERTEX_POINT('',#11404);
#11404 = CARTESIAN_POINT('',(125.5,345.,173.));
#11405 = LINE('',#11406,#11407);
#11406 = CARTESIAN_POINT('',(125.5,343.,173.));
#11407 = VECTOR('',#11408,1.);
#11408 = DIRECTION('',(-0.,1.,0.));
#11409 = ORIENTED_EDGE('',*,*,#11410,.F.);
#11410 = EDGE_CURVE('',#11326,#11403,#11411,.T.);
#11411 = LINE('',#11412,#11413);
#11412 = CARTESIAN_POINT('',(74.5,345.,173.));
#11413 = VECTOR('',#11414,1.);
#11414 = DIRECTION('',(1.,0.,-0.));
#11415 = PLANE('',#11416);
#11416 = AXIS2_PLACEMENT_3D('',#11417,#11418,#11419);
#11417 = CARTESIAN_POINT('',(74.5,343.,173.));
#11418 = DIRECTION('',(0.,0.,1.));
#11419 = DIRECTION('',(1.,0.,-0.));
#11420 = ADVANCED_FACE('',(#11421,#11439,#11450),#11461,.T.);
#11421 = FACE_BOUND('',#11422,.T.);
#11422 = EDGE_LOOP('',(#11423,#11431,#11432,#11433));
#11423 = ORIENTED_EDGE('',*,*,#11424,.F.);
#11424 = EDGE_CURVE('',#11318,#11425,#11427,.T.);
#11425 = VERTEX_POINT('',#11426);
#11426 = CARTESIAN_POINT('',(125.5,345.,155.));
#11427 = LINE('',#11428,#11429);
#11428 = CARTESIAN_POINT('',(74.5,345.,155.));
#11429 = VECTOR('',#11430,1.);
#11430 = DIRECTION('',(1.,0.,-0.));
#11431 = ORIENTED_EDGE('',*,*,#11325,.T.);
#11432 = ORIENTED_EDGE('',*,*,#11410,.T.);
#11433 = ORIENTED_EDGE('',*,*,#11434,.F.);
#11434 = EDGE_CURVE('',#11425,#11403,#11435,.T.);
#11435 = LINE('',#11436,#11437);
#11436 = CARTESIAN_POINT('',(125.5,345.,155.));
#11437 = VECTOR('',#11438,1.);
#11438 = DIRECTION('',(0.,0.,1.));
#11439 = FACE_BOUND('',#11440,.T.);
#11440 = EDGE_LOOP('',(#11441));
#11441 = ORIENTED_EDGE('',*,*,#11442,.F.);
#11442 = EDGE_CURVE('',#11443,#11443,#11445,.T.);
#11443 = VERTEX_POINT('',#11444);
#11444 = CARTESIAN_POINT('',(83.,345.,166.75));
#11445 = CIRCLE('',#11446,2.75);
#11446 = AXIS2_PLACEMENT_3D('',#11447,#11448,#11449);
#11447 = CARTESIAN_POINT('',(83.,345.,164.));
#11448 = DIRECTION('',(0.,1.,0.));
#11449 = DIRECTION('',(0.,-0.,1.));
#11450 = FACE_BOUND('',#11451,.T.);
#11451 = EDGE_LOOP('',(#11452));
#11452 = ORIENTED_EDGE('',*,*,#11453,.F.);
#11453 = EDGE_CURVE('',#11454,#11454,#11456,.T.);
#11454 = VERTEX_POINT('',#11455);
#11455 = CARTESIAN_POINT('',(117.,345.,166.75));
#11456 = CIRCLE('',#11457,2.75);
#11457 = AXIS2_PLACEMENT_3D('',#11458,#11459,#11460);
#11458 = CARTESIAN_POINT('',(117.,345.,164.));
#11459 = DIRECTION('',(0.,1.,0.));
#11460 = DIRECTION('',(0.,-0.,1.));
#11461 = PLANE('',#11462);
#11462 = AXIS2_PLACEMENT_3D('',#11463,#11464,#11465);
#11463 = CARTESIAN_POINT('',(74.5,345.,155.));
#11464 = DIRECTION('',(-0.,1.,0.));
#11465 = DIRECTION('',(0.,0.,1.));
#11466 = ADVANCED_FACE('',(#11467),#11478,.F.);
#11467 = FACE_BOUND('',#11468,.F.);
#11468 = EDGE_LOOP('',(#11469,#11470,#11471,#11477));
#11469 = ORIENTED_EDGE('',*,*,#11317,.F.);
#11470 = ORIENTED_EDGE('',*,*,#11347,.T.);
#11471 = ORIENTED_EDGE('',*,*,#11472,.T.);
#11472 = EDGE_CURVE('',#11348,#11425,#11473,.T.);
#11473 = LINE('',#11474,#11475);
#11474 = CARTESIAN_POINT('',(125.5,343.,155.));
#11475 = VECTOR('',#11476,1.);
#11476 = DIRECTION('',(-0.,1.,0.));
#11477 = ORIENTED_EDGE('',*,*,#11424,.F.);
#11478 = PLANE('',#11479);
#11479 = AXIS2_PLACEMENT_3D('',#11480,#11481,#11482);
#11480 = CARTESIAN_POINT('',(74.5,343.,155.));
#11481 = DIRECTION('',(0.,0.,1.));
#11482 = DIRECTION('',(1.,0.,-0.));
#11483 = ADVANCED_FACE('',(#11484),#11490,.T.);
#11484 = FACE_BOUND('',#11485,.T.);
#11485 = EDGE_LOOP('',(#11486,#11487,#11488,#11489));
#11486 = ORIENTED_EDGE('',*,*,#11364,.F.);
#11487 = ORIENTED_EDGE('',*,*,#11472,.T.);
#11488 = ORIENTED_EDGE('',*,*,#11434,.T.);
#11489 = ORIENTED_EDGE('',*,*,#11402,.F.);
#11490 = PLANE('',#11491);
#11491 = AXIS2_PLACEMENT_3D('',#11492,#11493,#11494);
#11492 = CARTESIAN_POINT('',(125.5,343.,155.));
#11493 = DIRECTION('',(1.,0.,-0.));
#11494 = DIRECTION('',(0.,0.,1.));
#11495 = ADVANCED_FACE('',(#11496),#11507,.F.);
#11496 = FACE_BOUND('',#11497,.F.);
#11497 = EDGE_LOOP('',(#11498,#11499,#11505,#11506));
#11498 = ORIENTED_EDGE('',*,*,#11442,.F.);
#11499 = ORIENTED_EDGE('',*,*,#11500,.F.);
#11500 = EDGE_CURVE('',#11373,#11443,#11501,.T.);
#11501 = LINE('',#11502,#11503);
#11502 = CARTESIAN_POINT('',(83.,342.,166.75));
#11503 = VECTOR('',#11504,1.);
#11504 = DIRECTION('',(0.,1.,0.));
#11505 = ORIENTED_EDGE('',*,*,#11372,.T.);
#11506 = ORIENTED_EDGE('',*,*,#11500,.T.);
#11507 = CYLINDRICAL_SURFACE('',#11508,2.75);
#11508 = AXIS2_PLACEMENT_3D('',#11509,#11510,#11511);
#11509 = CARTESIAN_POINT('',(83.,342.,164.));
#11510 = DIRECTION('',(0.,1.,0.));
#11511 = DIRECTION('',(0.,-0.,1.));
#11512 = ADVANCED_FACE('',(#11513),#11524,.F.);
#11513 = FACE_BOUND('',#11514,.F.);
#11514 = EDGE_LOOP('',(#11515,#11516,#11522,#11523));
#11515 = ORIENTED_EDGE('',*,*,#11453,.F.);
#11516 = ORIENTED_EDGE('',*,*,#11517,.F.);
#11517 = EDGE_CURVE('',#11384,#11454,#11518,.T.);
#11518 = LINE('',#11519,#11520);
#11519 = CARTESIAN_POINT('',(117.,342.,166.75));
#11520 = VECTOR('',#11521,1.);
#11521 = DIRECTION('',(0.,1.,0.));
#11522 = ORIENTED_EDGE('',*,*,#11383,.T.);
#11523 = ORIENTED_EDGE('',*,*,#11517,.T.);
#11524 = CYLINDRICAL_SURFACE('',#11525,2.75);
#11525 = AXIS2_PLACEMENT_3D('',#11526,#11527,#11528);
#11526 = CARTESIAN_POINT('',(117.,342.,164.));
#11527 = DIRECTION('',(0.,1.,0.));
#11528 = DIRECTION('',(0.,-0.,1.));
#11529 = ( GEOMETRIC_REPRESENTATION_CONTEXT(3) 
GLOBAL_UNCERTAINTY_ASSIGNED_CONTEXT((#11533)) 
GLOBAL_UNIT_ASSIGNED_CONTEXT((#11530,#11531,#11532)) 
REPRESENTATION_CONTEXT('Context #1',
  '3D Context with UNIT and UNCERTAINTY') );
#11530 = ( LENGTH_UNIT() NAMED_UNIT(*) SI_UNIT(.MILLI.,.METRE.) );
#11531 = ( NAMED_UNIT(*) PLANE_ANGLE_UNIT() SI_UNIT($,.RADIAN.) );
#11532 = ( NAMED_UNIT(*) SI_UNIT($,.STERADIAN.) SOLID_ANGLE_UNIT() );
#11533 = UNCERTAINTY_MEASURE_WITH_UNIT(LENGTH_MEASURE(1.E-07),#11530,
  'distance_accuracy_value','confusion accuracy');
#11534 = CONTEXT_DEPENDENT_SHAPE_REPRESENTATION(#11535,#11537);
#11535 = ( REPRESENTATION_RELATIONSHIP('','',#11300,#10) 
REPRESENTATION_RELATIONSHIP_WITH_TRANSFORMATION(#11536) 
SHAPE_REPRESENTATION_RELATIONSHIP() );
#11536 = ITEM_DEFINED_TRANSFORMATION('','',#11,#179);
#11537 = PRODUCT_DEFINITION_SHAPE('Placement','Placement of an item',
  #11538);
#11538 = NEXT_ASSEMBLY_USAGE_OCCURRENCE('42','亚克力内侧压板 1',
  '',#5,#11295,$);
#11539 = PRODUCT_RELATED_PRODUCT_CATEGORY('part',$,(#11297));
#11540 = SHAPE_DEFINITION_REPRESENTATION(#11541,#11547);
#11541 = PRODUCT_DEFINITION_SHAPE('','',#11542);
#11542 = PRODUCT_DEFINITION('design','',#11543,#11546);
#11543 = PRODUCT_DEFINITION_FORMATION('','',#11544);
#11544 = PRODUCT('定位合页固定叶 2','定位合页固定叶 2','',
  (#11545));
#11545 = PRODUCT_CONTEXT('',#2,'mechanical');
#11546 = PRODUCT_DEFINITION_CONTEXT('part definition',#2,'design');
#11547 = ADVANCED_BREP_SHAPE_REPRESENTATION('',(#11,#11548),#12018);
#11548 = MANIFOLD_SOLID_BREP('',#11549);
#11549 = CLOSED_SHELL('',(#11550,#11590,#11675,#11706,#11737,#11779,
    #11803,#11828,#11853,#11906,#11934,#11962,#11990,#12004));
#11550 = ADVANCED_FACE('',(#11551),#11585,.T.);
#11551 = FACE_BOUND('',#11552,.T.);
#11552 = EDGE_LOOP('',(#11553,#11563,#11571,#11579));
#11553 = ORIENTED_EDGE('',*,*,#11554,.F.);
#11554 = EDGE_CURVE('',#11555,#11557,#11559,.T.);
#11555 = VERTEX_POINT('',#11556);
#11556 = CARTESIAN_POINT('',(367.1,350.,147.));
#11557 = VERTEX_POINT('',#11558);
#11558 = CARTESIAN_POINT('',(367.1,350.7,147.));
#11559 = LINE('',#11560,#11561);
#11560 = CARTESIAN_POINT('',(367.1,350.,147.));
#11561 = VECTOR('',#11562,1.);
#11562 = DIRECTION('',(-0.,1.,0.));
#11563 = ORIENTED_EDGE('',*,*,#11564,.T.);
#11564 = EDGE_CURVE('',#11555,#11565,#11567,.T.);
#11565 = VERTEX_POINT('',#11566);
#11566 = CARTESIAN_POINT('',(375.5,350.,147.));
#11567 = LINE('',#11568,#11569);
#11568 = CARTESIAN_POINT('',(367.1,350.,147.));
#11569 = VECTOR('',#11570,1.);
#11570 = DIRECTION('',(1.,0.,-0.));
#11571 = ORIENTED_EDGE('',*,*,#11572,.T.);
#11572 = EDGE_CURVE('',#11565,#11573,#11575,.T.);
#11573 = VERTEX_POINT('',#11574);
#11574 = CARTESIAN_POINT('',(375.5,350.7,147.));
#11575 = LINE('',#11576,#11577);
#11576 = CARTESIAN_POINT('',(375.5,350.,147.));
#11577 = VECTOR('',#11578,1.);
#11578 = DIRECTION('',(-0.,1.,0.));
#11579 = ORIENTED_EDGE('',*,*,#11580,.F.);
#11580 = EDGE_CURVE('',#11557,#11573,#11581,.T.);
#11581 = LINE('',#11582,#11583);
#11582 = CARTESIAN_POINT('',(367.1,350.7,147.));
#11583 = VECTOR('',#11584,1.);
#11584 = DIRECTION('',(1.,0.,0.));
#11585 = PLANE('',#11586);
#11586 = AXIS2_PLACEMENT_3D('',#11587,#11588,#11589);
#11587 = CARTESIAN_POINT('',(367.1,350.,147.));
#11588 = DIRECTION('',(0.,0.,1.));
#11589 = DIRECTION('',(1.,0.,-0.));
#11590 = ADVANCED_FACE('',(#11591,#11648,#11659),#11670,.T.);
#11591 = FACE_BOUND('',#11592,.T.);
#11592 = EDGE_LOOP('',(#11593,#11601,#11602,#11610,#11618,#11626,#11634,
    #11642));
#11593 = ORIENTED_EDGE('',*,*,#11594,.T.);
#11594 = EDGE_CURVE('',#11595,#11565,#11597,.T.);
#11595 = VERTEX_POINT('',#11596);
#11596 = CARTESIAN_POINT('',(375.5,350.,118.5));
#11597 = LINE('',#11598,#11599);
#11598 = CARTESIAN_POINT('',(375.5,350.,118.5));
#11599 = VECTOR('',#11600,1.);
#11600 = DIRECTION('',(0.,0.,1.));
#11601 = ORIENTED_EDGE('',*,*,#11564,.F.);
#11602 = ORIENTED_EDGE('',*,*,#11603,.F.);
#11603 = EDGE_CURVE('',#11604,#11555,#11606,.T.);
#11604 = VERTEX_POINT('',#11605);
#11605 = CARTESIAN_POINT('',(367.1,350.,140.));
#11606 = LINE('',#11607,#11608);
#11607 = CARTESIAN_POINT('',(367.1,350.,139.));
#11608 = VECTOR('',#11609,1.);
#11609 = DIRECTION('',(0.,0.,1.));
#11610 = ORIENTED_EDGE('',*,*,#11611,.F.);
#11611 = EDGE_CURVE('',#11612,#11604,#11614,.T.);
#11612 = VERTEX_POINT('',#11613);
#11613 = CARTESIAN_POINT('',(332.9,350.,140.));
#11614 = LINE('',#11615,#11616);
#11615 = CARTESIAN_POINT('',(324.5,350.,140.));
#11616 = VECTOR('',#11617,1.);
#11617 = DIRECTION('',(1.,0.,-0.));
#11618 = ORIENTED_EDGE('',*,*,#11619,.T.);
#11619 = EDGE_CURVE('',#11612,#11620,#11622,.T.);
#11620 = VERTEX_POINT('',#11621);
#11621 = CARTESIAN_POINT('',(332.9,350.,147.));
#11622 = LINE('',#11623,#11624);
#11623 = CARTESIAN_POINT('',(332.9,350.,139.));
#11624 = VECTOR('',#11625,1.);
#11625 = DIRECTION('',(0.,0.,1.));
#11626 = ORIENTED_EDGE('',*,*,#11627,.F.);
#11627 = EDGE_CURVE('',#11628,#11620,#11630,.T.);
#11628 = VERTEX_POINT('',#11629);
#11629 = CARTESIAN_POINT('',(324.5,350.,147.));
#11630 = LINE('',#11631,#11632);
#11631 = CARTESIAN_POINT('',(324.5,350.,147.));
#11632 = VECTOR('',#11633,1.);
#11633 = DIRECTION('',(1.,0.,-0.));
#11634 = ORIENTED_EDGE('',*,*,#11635,.F.);
#11635 = EDGE_CURVE('',#11636,#11628,#11638,.T.);
#11636 = VERTEX_POINT('',#11637);
#11637 = CARTESIAN_POINT('',(324.5,350.,118.5));
#11638 = LINE('',#11639,#11640);
#11639 = CARTESIAN_POINT('',(324.5,350.,139.));
#11640 = VECTOR('',#11641,1.);
#11641 = DIRECTION('',(0.,0.,1.));
#11642 = ORIENTED_EDGE('',*,*,#11643,.T.);
#11643 = EDGE_CURVE('',#11636,#11595,#11644,.T.);
#11644 = LINE('',#11645,#11646);
#11645 = CARTESIAN_POINT('',(324.5,350.,118.5));
#11646 = VECTOR('',#11647,1.);
#11647 = DIRECTION('',(1.,0.,-0.));
#11648 = FACE_BOUND('',#11649,.T.);
#11649 = EDGE_LOOP('',(#11650));
#11650 = ORIENTED_EDGE('',*,*,#11651,.T.);
#11651 = EDGE_CURVE('',#11652,#11652,#11654,.T.);
#11652 = VERTEX_POINT('',#11653);
#11653 = CARTESIAN_POINT('',(333.,350.,132.6));
#11654 = CIRCLE('',#11655,2.6);
#11655 = AXIS2_PLACEMENT_3D('',#11656,#11657,#11658);
#11656 = CARTESIAN_POINT('',(333.,350.,130.));
#11657 = DIRECTION('',(0.,1.,0.));
#11658 = DIRECTION('',(0.,-0.,1.));
#11659 = FACE_BOUND('',#11660,.T.);
#11660 = EDGE_LOOP('',(#11661));
#11661 = ORIENTED_EDGE('',*,*,#11662,.T.);
#11662 = EDGE_CURVE('',#11663,#11663,#11665,.T.);
#11663 = VERTEX_POINT('',#11664);
#11664 = CARTESIAN_POINT('',(367.,350.,132.6));
#11665 = CIRCLE('',#11666,2.6);
#11666 = AXIS2_PLACEMENT_3D('',#11667,#11668,#11669);
#11667 = CARTESIAN_POINT('',(367.,350.,130.));
#11668 = DIRECTION('',(0.,1.,0.));
#11669 = DIRECTION('',(0.,-0.,1.));
#11670 = PLANE('',#11671);
#11671 = AXIS2_PLACEMENT_3D('',#11672,#11673,#11674);
#11672 = CARTESIAN_POINT('',(350.,350.,132.23612716763));
#11673 = DIRECTION('',(-0.,-1.,-0.));
#11674 = DIRECTION('',(0.,0.,-1.));
#11675 = ADVANCED_FACE('',(#11676),#11701,.T.);
#11676 = FACE_BOUND('',#11677,.T.);
#11677 = EDGE_LOOP('',(#11678,#11686,#11687,#11695));
#11678 = ORIENTED_EDGE('',*,*,#11679,.F.);
#11679 = EDGE_CURVE('',#11612,#11680,#11682,.T.);
#11680 = VERTEX_POINT('',#11681);
#11681 = CARTESIAN_POINT('',(332.9,354.5,140.));
#11682 = LINE('',#11683,#11684);
#11683 = CARTESIAN_POINT('',(332.9,350.,140.));
#11684 = VECTOR('',#11685,1.);
#11685 = DIRECTION('',(-0.,1.,0.));
#11686 = ORIENTED_EDGE('',*,*,#11611,.T.);
#11687 = ORIENTED_EDGE('',*,*,#11688,.T.);
#11688 = EDGE_CURVE('',#11604,#11689,#11691,.T.);
#11689 = VERTEX_POINT('',#11690);
#11690 = CARTESIAN_POINT('',(367.1,354.5,140.));
#11691 = LINE('',#11692,#11693);
#11692 = CARTESIAN_POINT('',(367.1,350.,140.));
#11693 = VECTOR('',#11694,1.);
#11694 = DIRECTION('',(-0.,1.,0.));
#11695 = ORIENTED_EDGE('',*,*,#11696,.F.);
#11696 = EDGE_CURVE('',#11680,#11689,#11697,.T.);
#11697 = LINE('',#11698,#11699);
#11698 = CARTESIAN_POINT('',(324.5,354.5,140.));
#11699 = VECTOR('',#11700,1.);
#11700 = DIRECTION('',(1.,0.,-0.));
#11701 = PLANE('',#11702);
#11702 = AXIS2_PLACEMENT_3D('',#11703,#11704,#11705);
#11703 = CARTESIAN_POINT('',(324.5,350.,140.));
#11704 = DIRECTION('',(0.,0.,1.));
#11705 = DIRECTION('',(1.,0.,-0.));
#11706 = ADVANCED_FACE('',(#11707),#11732,.T.);
#11707 = FACE_BOUND('',#11708,.T.);
#11708 = EDGE_LOOP('',(#11709,#11717,#11718,#11726));
#11709 = ORIENTED_EDGE('',*,*,#11710,.F.);
#11710 = EDGE_CURVE('',#11628,#11711,#11713,.T.);
#11711 = VERTEX_POINT('',#11712);
#11712 = CARTESIAN_POINT('',(324.5,350.7,147.));
#11713 = LINE('',#11714,#11715);
#11714 = CARTESIAN_POINT('',(324.5,350.,147.));
#11715 = VECTOR('',#11716,1.);
#11716 = DIRECTION('',(-0.,1.,0.));
#11717 = ORIENTED_EDGE('',*,*,#11627,.T.);
#11718 = ORIENTED_EDGE('',*,*,#11719,.T.);
#11719 = EDGE_CURVE('',#11620,#11720,#11722,.T.);
#11720 = VERTEX_POINT('',#11721);
#11721 = CARTESIAN_POINT('',(332.9,350.7,147.));
#11722 = LINE('',#11723,#11724);
#11723 = CARTESIAN_POINT('',(332.9,350.,147.));
#11724 = VECTOR('',#11725,1.);
#11725 = DIRECTION('',(-0.,1.,0.));
#11726 = ORIENTED_EDGE('',*,*,#11727,.F.);
#11727 = EDGE_CURVE('',#11711,#11720,#11728,.T.);
#11728 = LINE('',#11729,#11730);
#11729 = CARTESIAN_POINT('',(324.5,350.7,147.));
#11730 = VECTOR('',#11731,1.);
#11731 = DIRECTION('',(1.,0.,0.));
#11732 = PLANE('',#11733);
#11733 = AXIS2_PLACEMENT_3D('',#11734,#11735,#11736);
#11734 = CARTESIAN_POINT('',(324.5,350.,147.));
#11735 = DIRECTION('',(0.,0.,1.));
#11736 = DIRECTION('',(1.,0.,-0.));
#11737 = ADVANCED_FACE('',(#11738),#11774,.T.);
#11738 = FACE_BOUND('',#11739,.T.);
#11739 = EDGE_LOOP('',(#11740,#11741,#11742,#11751,#11760,#11768));
#11740 = ORIENTED_EDGE('',*,*,#11635,.T.);
#11741 = ORIENTED_EDGE('',*,*,#11710,.T.);
#11742 = ORIENTED_EDGE('',*,*,#11743,.F.);
#11743 = EDGE_CURVE('',#11744,#11711,#11746,.T.);
#11744 = VERTEX_POINT('',#11745);
#11745 = CARTESIAN_POINT('',(324.5,356.95,153.25));
#11746 = CIRCLE('',#11747,6.25);
#11747 = AXIS2_PLACEMENT_3D('',#11748,#11749,#11750);
#11748 = CARTESIAN_POINT('',(324.5,356.95,147.));
#11749 = DIRECTION('',(1.,0.,0.));
#11750 = DIRECTION('',(-0.,0.,1.));
#11751 = ORIENTED_EDGE('',*,*,#11752,.F.);
#11752 = EDGE_CURVE('',#11753,#11744,#11755,.T.);
#11753 = VERTEX_POINT('',#11754);
#11754 = CARTESIAN_POINT('',(324.5,354.5,141.25021739541));
#11755 = CIRCLE('',#11756,6.25);
#11756 = AXIS2_PLACEMENT_3D('',#11757,#11758,#11759);
#11757 = CARTESIAN_POINT('',(324.5,356.95,147.));
#11758 = DIRECTION('',(1.,0.,0.));
#11759 = DIRECTION('',(-0.,0.,1.));
#11760 = ORIENTED_EDGE('',*,*,#11761,.F.);
#11761 = EDGE_CURVE('',#11762,#11753,#11764,.T.);
#11762 = VERTEX_POINT('',#11763);
#11763 = CARTESIAN_POINT('',(324.5,354.5,118.5));
#11764 = LINE('',#11765,#11766);
#11765 = CARTESIAN_POINT('',(324.5,354.5,139.));
#11766 = VECTOR('',#11767,1.);
#11767 = DIRECTION('',(0.,0.,1.));
#11768 = ORIENTED_EDGE('',*,*,#11769,.F.);
#11769 = EDGE_CURVE('',#11636,#11762,#11770,.T.);
#11770 = LINE('',#11771,#11772);
#11771 = CARTESIAN_POINT('',(324.5,350.,118.5));
#11772 = VECTOR('',#11773,1.);
#11773 = DIRECTION('',(-0.,1.,0.));
#11774 = PLANE('',#11775);
#11775 = AXIS2_PLACEMENT_3D('',#11776,#11777,#11778);
#11776 = CARTESIAN_POINT('',(324.5,354.02009485514,136.67219333936));
#11777 = DIRECTION('',(-1.,-0.,-0.));
#11778 = DIRECTION('',(0.,0.,-1.));
#11779 = ADVANCED_FACE('',(#11780),#11798,.F.);
#11780 = FACE_BOUND('',#11781,.F.);
#11781 = EDGE_LOOP('',(#11782,#11783,#11784,#11792));
#11782 = ORIENTED_EDGE('',*,*,#11769,.F.);
#11783 = ORIENTED_EDGE('',*,*,#11643,.T.);
#11784 = ORIENTED_EDGE('',*,*,#11785,.T.);
#11785 = EDGE_CURVE('',#11595,#11786,#11788,.T.);
#11786 = VERTEX_POINT('',#11787);
#11787 = CARTESIAN_POINT('',(375.5,354.5,118.5));
#11788 = LINE('',#11789,#11790);
#11789 = CARTESIAN_POINT('',(375.5,350.,118.5));
#11790 = VECTOR('',#11791,1.);
#11791 = DIRECTION('',(-0.,1.,0.));
#11792 = ORIENTED_EDGE('',*,*,#11793,.F.);
#11793 = EDGE_CURVE('',#11762,#11786,#11794,.T.);
#11794 = LINE('',#11795,#11796);
#11795 = CARTESIAN_POINT('',(324.5,354.5,118.5));
#11796 = VECTOR('',#11797,1.);
#11797 = DIRECTION('',(1.,0.,-0.));
#11798 = PLANE('',#11799);
#11799 = AXIS2_PLACEMENT_3D('',#11800,#11801,#11802);
#11800 = CARTESIAN_POINT('',(324.5,350.,118.5));
#11801 = DIRECTION('',(0.,0.,1.));
#11802 = DIRECTION('',(1.,0.,-0.));
#11803 = ADVANCED_FACE('',(#11804),#11823,.F.);
#11804 = FACE_BOUND('',#11805,.F.);
#11805 = EDGE_LOOP('',(#11806,#11815,#11821,#11822));
#11806 = ORIENTED_EDGE('',*,*,#11807,.F.);
#11807 = EDGE_CURVE('',#11808,#11808,#11810,.T.);
#11808 = VERTEX_POINT('',#11809);
#11809 = CARTESIAN_POINT('',(333.,354.5,132.6));
#11810 = CIRCLE('',#11811,2.6);
#11811 = AXIS2_PLACEMENT_3D('',#11812,#11813,#11814);
#11812 = CARTESIAN_POINT('',(333.,354.5,130.));
#11813 = DIRECTION('',(0.,1.,0.));
#11814 = DIRECTION('',(0.,-0.,1.));
#11815 = ORIENTED_EDGE('',*,*,#11816,.F.);
#11816 = EDGE_CURVE('',#11652,#11808,#11817,.T.);
#11817 = LINE('',#11818,#11819);
#11818 = CARTESIAN_POINT('',(333.,349.,132.6));
#11819 = VECTOR('',#11820,1.);
#11820 = DIRECTION('',(0.,1.,0.));
#11821 = ORIENTED_EDGE('',*,*,#11651,.T.);
#11822 = ORIENTED_EDGE('',*,*,#11816,.T.);
#11823 = CYLINDRICAL_SURFACE('',#11824,2.6);
#11824 = AXIS2_PLACEMENT_3D('',#11825,#11826,#11827);
#11825 = CARTESIAN_POINT('',(333.,349.,130.));
#11826 = DIRECTION('',(0.,1.,0.));
#11827 = DIRECTION('',(0.,-0.,1.));
#11828 = ADVANCED_FACE('',(#11829),#11848,.F.);
#11829 = FACE_BOUND('',#11830,.F.);
#11830 = EDGE_LOOP('',(#11831,#11840,#11846,#11847));
#11831 = ORIENTED_EDGE('',*,*,#11832,.F.);
#11832 = EDGE_CURVE('',#11833,#11833,#11835,.T.);
#11833 = VERTEX_POINT('',#11834);
#11834 = CARTESIAN_POINT('',(367.,354.5,132.6));
#11835 = CIRCLE('',#11836,2.6);
#11836 = AXIS2_PLACEMENT_3D('',#11837,#11838,#11839);
#11837 = CARTESIAN_POINT('',(367.,354.5,130.));
#11838 = DIRECTION('',(0.,1.,0.));
#11839 = DIRECTION('',(0.,-0.,1.));
#11840 = ORIENTED_EDGE('',*,*,#11841,.F.);
#11841 = EDGE_CURVE('',#11663,#11833,#11842,.T.);
#11842 = LINE('',#11843,#11844);
#11843 = CARTESIAN_POINT('',(367.,349.,132.6));
#11844 = VECTOR('',#11845,1.);
#11845 = DIRECTION('',(0.,1.,0.));
#11846 = ORIENTED_EDGE('',*,*,#11662,.T.);
#11847 = ORIENTED_EDGE('',*,*,#11841,.T.);
#11848 = CYLINDRICAL_SURFACE('',#11849,2.6);
#11849 = AXIS2_PLACEMENT_3D('',#11850,#11851,#11852);
#11850 = CARTESIAN_POINT('',(367.,349.,130.));
#11851 = DIRECTION('',(0.,1.,0.));
#11852 = DIRECTION('',(0.,-0.,1.));
#11853 = ADVANCED_FACE('',(#11854,#11895,#11898),#11901,.T.);
#11854 = FACE_BOUND('',#11855,.T.);
#11855 = EDGE_LOOP('',(#11856,#11857,#11858,#11866,#11872,#11873,#11881,
    #11889));
#11856 = ORIENTED_EDGE('',*,*,#11793,.F.);
#11857 = ORIENTED_EDGE('',*,*,#11761,.T.);
#11858 = ORIENTED_EDGE('',*,*,#11859,.T.);
#11859 = EDGE_CURVE('',#11753,#11860,#11862,.T.);
#11860 = VERTEX_POINT('',#11861);
#11861 = CARTESIAN_POINT('',(332.9,354.5,141.25021739541));
#11862 = LINE('',#11863,#11864);
#11863 = CARTESIAN_POINT('',(324.5,354.5,141.25021739541));
#11864 = VECTOR('',#11865,1.);
#11865 = DIRECTION('',(1.,0.,0.));
#11866 = ORIENTED_EDGE('',*,*,#11867,.F.);
#11867 = EDGE_CURVE('',#11680,#11860,#11868,.T.);
#11868 = LINE('',#11869,#11870);
#11869 = CARTESIAN_POINT('',(332.9,354.5,139.));
#11870 = VECTOR('',#11871,1.);
#11871 = DIRECTION('',(0.,0.,1.));
#11872 = ORIENTED_EDGE('',*,*,#11696,.T.);
#11873 = ORIENTED_EDGE('',*,*,#11874,.T.);
#11874 = EDGE_CURVE('',#11689,#11875,#11877,.T.);
#11875 = VERTEX_POINT('',#11876);
#11876 = CARTESIAN_POINT('',(367.1,354.5,141.25021739541));
#11877 = LINE('',#11878,#11879);
#11878 = CARTESIAN_POINT('',(367.1,354.5,139.));
#11879 = VECTOR('',#11880,1.);
#11880 = DIRECTION('',(0.,0.,1.));
#11881 = ORIENTED_EDGE('',*,*,#11882,.T.);
#11882 = EDGE_CURVE('',#11875,#11883,#11885,.T.);
#11883 = VERTEX_POINT('',#11884);
#11884 = CARTESIAN_POINT('',(375.5,354.5,141.25021739541));
#11885 = LINE('',#11886,#11887);
#11886 = CARTESIAN_POINT('',(367.1,354.5,141.25021739541));
#11887 = VECTOR('',#11888,1.);
#11888 = DIRECTION('',(1.,0.,0.));
#11889 = ORIENTED_EDGE('',*,*,#11890,.F.);
#11890 = EDGE_CURVE('',#11786,#11883,#11891,.T.);
#11891 = LINE('',#11892,#11893);
#11892 = CARTESIAN_POINT('',(375.5,354.5,139.));
#11893 = VECTOR('',#11894,1.);
#11894 = DIRECTION('',(0.,0.,1.));
#11895 = FACE_BOUND('',#11896,.T.);
#11896 = EDGE_LOOP('',(#11897));
#11897 = ORIENTED_EDGE('',*,*,#11807,.F.);
#11898 = FACE_BOUND('',#11899,.T.);
#11899 = EDGE_LOOP('',(#11900));
#11900 = ORIENTED_EDGE('',*,*,#11832,.F.);
#11901 = PLANE('',#11902);
#11902 = AXIS2_PLACEMENT_3D('',#11903,#11904,#11905);
#11903 = CARTESIAN_POINT('',(350.,354.5,129.76925757187));
#11904 = DIRECTION('',(0.,1.,0.));
#11905 = DIRECTION('',(0.,-0.,1.));
#11906 = ADVANCED_FACE('',(#11907),#11929,.T.);
#11907 = FACE_BOUND('',#11908,.T.);
#11908 = EDGE_LOOP('',(#11909,#11910,#11911,#11912,#11921,#11928));
#11909 = ORIENTED_EDGE('',*,*,#11594,.F.);
#11910 = ORIENTED_EDGE('',*,*,#11785,.T.);
#11911 = ORIENTED_EDGE('',*,*,#11890,.T.);
#11912 = ORIENTED_EDGE('',*,*,#11913,.T.);
#11913 = EDGE_CURVE('',#11883,#11914,#11916,.T.);
#11914 = VERTEX_POINT('',#11915);
#11915 = CARTESIAN_POINT('',(375.5,356.95,153.25));
#11916 = CIRCLE('',#11917,6.25);
#11917 = AXIS2_PLACEMENT_3D('',#11918,#11919,#11920);
#11918 = CARTESIAN_POINT('',(375.5,356.95,147.));
#11919 = DIRECTION('',(1.,0.,0.));
#11920 = DIRECTION('',(-0.,0.,1.));
#11921 = ORIENTED_EDGE('',*,*,#11922,.T.);
#11922 = EDGE_CURVE('',#11914,#11573,#11923,.T.);
#11923 = CIRCLE('',#11924,6.25);
#11924 = AXIS2_PLACEMENT_3D('',#11925,#11926,#11927);
#11925 = CARTESIAN_POINT('',(375.5,356.95,147.));
#11926 = DIRECTION('',(1.,0.,0.));
#11927 = DIRECTION('',(-0.,0.,1.));
#11928 = ORIENTED_EDGE('',*,*,#11572,.F.);
#11929 = PLANE('',#11930);
#11930 = AXIS2_PLACEMENT_3D('',#11931,#11932,#11933);
#11931 = CARTESIAN_POINT('',(375.5,354.02009485514,136.67219333936));
#11932 = DIRECTION('',(1.,0.,0.));
#11933 = DIRECTION('',(-0.,0.,1.));
#11934 = ADVANCED_FACE('',(#11935),#11957,.T.);
#11935 = FACE_BOUND('',#11936,.T.);
#11936 = EDGE_LOOP('',(#11937,#11938,#11939,#11940,#11949,#11956));
#11937 = ORIENTED_EDGE('',*,*,#11619,.F.);
#11938 = ORIENTED_EDGE('',*,*,#11679,.T.);
#11939 = ORIENTED_EDGE('',*,*,#11867,.T.);
#11940 = ORIENTED_EDGE('',*,*,#11941,.T.);
#11941 = EDGE_CURVE('',#11860,#11942,#11944,.T.);
#11942 = VERTEX_POINT('',#11943);
#11943 = CARTESIAN_POINT('',(332.9,356.95,153.25));
#11944 = CIRCLE('',#11945,6.25);
#11945 = AXIS2_PLACEMENT_3D('',#11946,#11947,#11948);
#11946 = CARTESIAN_POINT('',(332.9,356.95,147.));
#11947 = DIRECTION('',(1.,0.,0.));
#11948 = DIRECTION('',(-0.,0.,1.));
#11949 = ORIENTED_EDGE('',*,*,#11950,.T.);
#11950 = EDGE_CURVE('',#11942,#11720,#11951,.T.);
#11951 = CIRCLE('',#11952,6.25);
#11952 = AXIS2_PLACEMENT_3D('',#11953,#11954,#11955);
#11953 = CARTESIAN_POINT('',(332.9,356.95,147.));
#11954 = DIRECTION('',(1.,0.,0.));
#11955 = DIRECTION('',(-0.,0.,1.));
#11956 = ORIENTED_EDGE('',*,*,#11719,.F.);
#11957 = PLANE('',#11958);
#11958 = AXIS2_PLACEMENT_3D('',#11959,#11960,#11961);
#11959 = CARTESIAN_POINT('',(332.9,355.74829881548,146.11548548025));
#11960 = DIRECTION('',(1.,0.,0.));
#11961 = DIRECTION('',(-0.,0.,1.));
#11962 = ADVANCED_FACE('',(#11963),#11985,.T.);
#11963 = FACE_BOUND('',#11964,.T.);
#11964 = EDGE_LOOP('',(#11965,#11966,#11967,#11976,#11983,#11984));
#11965 = ORIENTED_EDGE('',*,*,#11603,.T.);
#11966 = ORIENTED_EDGE('',*,*,#11554,.T.);
#11967 = ORIENTED_EDGE('',*,*,#11968,.F.);
#11968 = EDGE_CURVE('',#11969,#11557,#11971,.T.);
#11969 = VERTEX_POINT('',#11970);
#11970 = CARTESIAN_POINT('',(367.1,356.95,153.25));
#11971 = CIRCLE('',#11972,6.25);
#11972 = AXIS2_PLACEMENT_3D('',#11973,#11974,#11975);
#11973 = CARTESIAN_POINT('',(367.1,356.95,147.));
#11974 = DIRECTION('',(1.,0.,0.));
#11975 = DIRECTION('',(-0.,0.,1.));
#11976 = ORIENTED_EDGE('',*,*,#11977,.F.);
#11977 = EDGE_CURVE('',#11875,#11969,#11978,.T.);
#11978 = CIRCLE('',#11979,6.25);
#11979 = AXIS2_PLACEMENT_3D('',#11980,#11981,#11982);
#11980 = CARTESIAN_POINT('',(367.1,356.95,147.));
#11981 = DIRECTION('',(1.,0.,0.));
#11982 = DIRECTION('',(-0.,0.,1.));
#11983 = ORIENTED_EDGE('',*,*,#11874,.F.);
#11984 = ORIENTED_EDGE('',*,*,#11688,.F.);
#11985 = PLANE('',#11986);
#11986 = AXIS2_PLACEMENT_3D('',#11987,#11988,#11989);
#11987 = CARTESIAN_POINT('',(367.1,355.74829881548,146.11548548025));
#11988 = DIRECTION('',(-1.,-0.,-0.));
#11989 = DIRECTION('',(0.,0.,-1.));
#11990 = ADVANCED_FACE('',(#11991),#11999,.T.);
#11991 = FACE_BOUND('',#11992,.T.);
#11992 = EDGE_LOOP('',(#11993,#11994,#11995,#11996,#11997,#11998));
#11993 = ORIENTED_EDGE('',*,*,#11941,.F.);
#11994 = ORIENTED_EDGE('',*,*,#11859,.F.);
#11995 = ORIENTED_EDGE('',*,*,#11752,.T.);
#11996 = ORIENTED_EDGE('',*,*,#11743,.T.);
#11997 = ORIENTED_EDGE('',*,*,#11727,.T.);
#11998 = ORIENTED_EDGE('',*,*,#11950,.F.);
#11999 = CYLINDRICAL_SURFACE('',#12000,6.25);
#12000 = AXIS2_PLACEMENT_3D('',#12001,#12002,#12003);
#12001 = CARTESIAN_POINT('',(324.5,356.95,147.));
#12002 = DIRECTION('',(1.,0.,0.));
#12003 = DIRECTION('',(-0.,0.,1.));
#12004 = ADVANCED_FACE('',(#12005),#12013,.T.);
#12005 = FACE_BOUND('',#12006,.T.);
#12006 = EDGE_LOOP('',(#12007,#12008,#12009,#12010,#12011,#12012));
#12007 = ORIENTED_EDGE('',*,*,#11968,.T.);
#12008 = ORIENTED_EDGE('',*,*,#11580,.T.);
#12009 = ORIENTED_EDGE('',*,*,#11922,.F.);
#12010 = ORIENTED_EDGE('',*,*,#11913,.F.);
#12011 = ORIENTED_EDGE('',*,*,#11882,.F.);
#12012 = ORIENTED_EDGE('',*,*,#11977,.T.);
#12013 = CYLINDRICAL_SURFACE('',#12014,6.25);
#12014 = AXIS2_PLACEMENT_3D('',#12015,#12016,#12017);
#12015 = CARTESIAN_POINT('',(367.1,356.95,147.));
#12016 = DIRECTION('',(1.,0.,0.));
#12017 = DIRECTION('',(-0.,0.,1.));
#12018 = ( GEOMETRIC_REPRESENTATION_CONTEXT(3) 
GLOBAL_UNCERTAINTY_ASSIGNED_CONTEXT((#12022)) 
GLOBAL_UNIT_ASSIGNED_CONTEXT((#12019,#12020,#12021)) 
REPRESENTATION_CONTEXT('Context #1',
  '3D Context with UNIT and UNCERTAINTY') );
#12019 = ( LENGTH_UNIT() NAMED_UNIT(*) SI_UNIT(.MILLI.,.METRE.) );
#12020 = ( NAMED_UNIT(*) PLANE_ANGLE_UNIT() SI_UNIT($,.RADIAN.) );
#12021 = ( NAMED_UNIT(*) SI_UNIT($,.STERADIAN.) SOLID_ANGLE_UNIT() );
#12022 = UNCERTAINTY_MEASURE_WITH_UNIT(LENGTH_MEASURE(1.E-07),#12019,
  'distance_accuracy_value','confusion accuracy');
#12023 = CONTEXT_DEPENDENT_SHAPE_REPRESENTATION(#12024,#12026);
#12024 = ( REPRESENTATION_RELATIONSHIP('','',#11547,#10) 
REPRESENTATION_RELATIONSHIP_WITH_TRANSFORMATION(#12025) 
SHAPE_REPRESENTATION_RELATIONSHIP() );
#12025 = ITEM_DEFINED_TRANSFORMATION('','',#11,#183);
#12026 = PRODUCT_DEFINITION_SHAPE('Placement','Placement of an item',
  #12027);
#12027 = NEXT_ASSEMBLY_USAGE_OCCURRENCE('43','定位合页固定叶 2',
  '',#5,#11542,$);
#12028 = PRODUCT_RELATED_PRODUCT_CATEGORY('part',$,(#11544));
#12029 = SHAPE_DEFINITION_REPRESENTATION(#12030,#12036);
#12030 = PRODUCT_DEFINITION_SHAPE('','',#12031);
#12031 = PRODUCT_DEFINITION('design','',#12032,#12035);
#12032 = PRODUCT_DEFINITION_FORMATION('','',#12033);
#12033 = PRODUCT('定位合页活动叶及轴筒 2',
  '定位合页活动叶及轴筒 2','',(#12034));
#12034 = PRODUCT_CONTEXT('',#2,'mechanical');
#12035 = PRODUCT_DEFINITION_CONTEXT('part definition',#2,'design');
#12036 = ADVANCED_BREP_SHAPE_REPRESENTATION('',(#11,#12037),#12452);
#12037 = MANIFOLD_SOLID_BREP('',#12038);
#12038 = CLOSED_SHELL('',(#12039,#12079,#12110,#12141,#12172,#12203,
    #12260,#12291,#12316,#12341,#12382,#12410,#12438));
#12039 = ADVANCED_FACE('',(#12040),#12074,.F.);
#12040 = FACE_BOUND('',#12041,.F.);
#12041 = EDGE_LOOP('',(#12042,#12052,#12060,#12068));
#12042 = ORIENTED_EDGE('',*,*,#12043,.F.);
#12043 = EDGE_CURVE('',#12044,#12046,#12048,.T.);
#12044 = VERTEX_POINT('',#12045);
#12045 = CARTESIAN_POINT('',(324.5,350.,154.));
#12046 = VERTEX_POINT('',#12047);
#12047 = CARTESIAN_POINT('',(324.5,350.,175.5));
#12048 = LINE('',#12049,#12050);
#12049 = CARTESIAN_POINT('',(324.5,350.,154.));
#12050 = VECTOR('',#12051,1.);
#12051 = DIRECTION('',(0.,0.,1.));
#12052 = ORIENTED_EDGE('',*,*,#12053,.T.);
#12053 = EDGE_CURVE('',#12044,#12054,#12056,.T.);
#12054 = VERTEX_POINT('',#12055);
#12055 = CARTESIAN_POINT('',(324.5,354.5,154.));
#12056 = LINE('',#12057,#12058);
#12057 = CARTESIAN_POINT('',(324.5,350.,154.));
#12058 = VECTOR('',#12059,1.);
#12059 = DIRECTION('',(-0.,1.,0.));
#12060 = ORIENTED_EDGE('',*,*,#12061,.T.);
#12061 = EDGE_CURVE('',#12054,#12062,#12064,.T.);
#12062 = VERTEX_POINT('',#12063);
#12063 = CARTESIAN_POINT('',(324.5,354.5,175.5));
#12064 = LINE('',#12065,#12066);
#12065 = CARTESIAN_POINT('',(324.5,354.5,154.));
#12066 = VECTOR('',#12067,1.);
#12067 = DIRECTION('',(0.,0.,1.));
#12068 = ORIENTED_EDGE('',*,*,#12069,.F.);
#12069 = EDGE_CURVE('',#12046,#12062,#12070,.T.);
#12070 = LINE('',#12071,#12072);
#12071 = CARTESIAN_POINT('',(324.5,350.,175.5));
#12072 = VECTOR('',#12073,1.);
#12073 = DIRECTION('',(-0.,1.,0.));
#12074 = PLANE('',#12075);
#12075 = AXIS2_PLACEMENT_3D('',#12076,#12077,#12078);
#12076 = CARTESIAN_POINT('',(324.5,350.,154.));
#12077 = DIRECTION('',(1.,0.,-0.));
#12078 = DIRECTION('',(0.,0.,1.));
#12079 = ADVANCED_FACE('',(#12080),#12105,.T.);
#12080 = FACE_BOUND('',#12081,.T.);
#12081 = EDGE_LOOP('',(#12082,#12083,#12091,#12099));
#12082 = ORIENTED_EDGE('',*,*,#12069,.F.);
#12083 = ORIENTED_EDGE('',*,*,#12084,.T.);
#12084 = EDGE_CURVE('',#12046,#12085,#12087,.T.);
#12085 = VERTEX_POINT('',#12086);
#12086 = CARTESIAN_POINT('',(375.5,350.,175.5));
#12087 = LINE('',#12088,#12089);
#12088 = CARTESIAN_POINT('',(324.5,350.,175.5));
#12089 = VECTOR('',#12090,1.);
#12090 = DIRECTION('',(1.,0.,-0.));
#12091 = ORIENTED_EDGE('',*,*,#12092,.T.);
#12092 = EDGE_CURVE('',#12085,#12093,#12095,.T.);
#12093 = VERTEX_POINT('',#12094);
#12094 = CARTESIAN_POINT('',(375.5,354.5,175.5));
#12095 = LINE('',#12096,#12097);
#12096 = CARTESIAN_POINT('',(375.5,350.,175.5));
#12097 = VECTOR('',#12098,1.);
#12098 = DIRECTION('',(-0.,1.,0.));
#12099 = ORIENTED_EDGE('',*,*,#12100,.F.);
#12100 = EDGE_CURVE('',#12062,#12093,#12101,.T.);
#12101 = LINE('',#12102,#12103);
#12102 = CARTESIAN_POINT('',(324.5,354.5,175.5));
#12103 = VECTOR('',#12104,1.);
#12104 = DIRECTION('',(1.,0.,-0.));
#12105 = PLANE('',#12106);
#12106 = AXIS2_PLACEMENT_3D('',#12107,#12108,#12109);
#12107 = CARTESIAN_POINT('',(324.5,350.,175.5));
#12108 = DIRECTION('',(0.,0.,1.));
#12109 = DIRECTION('',(1.,0.,-0.));
#12110 = ADVANCED_FACE('',(#12111),#12136,.F.);
#12111 = FACE_BOUND('',#12112,.F.);
#12112 = EDGE_LOOP('',(#12113,#12121,#12122,#12130));
#12113 = ORIENTED_EDGE('',*,*,#12114,.F.);
#12114 = EDGE_CURVE('',#12054,#12115,#12117,.T.);
#12115 = VERTEX_POINT('',#12116);
#12116 = CARTESIAN_POINT('',(333.1,354.5,154.));
#12117 = LINE('',#12118,#12119);
#12118 = CARTESIAN_POINT('',(324.5,354.5,154.));
#12119 = VECTOR('',#12120,1.);
#12120 = DIRECTION('',(1.,0.,-0.));
#12121 = ORIENTED_EDGE('',*,*,#12053,.F.);
#12122 = ORIENTED_EDGE('',*,*,#12123,.T.);
#12123 = EDGE_CURVE('',#12044,#12124,#12126,.T.);
#12124 = VERTEX_POINT('',#12125);
#12125 = CARTESIAN_POINT('',(333.1,350.,154.));
#12126 = LINE('',#12127,#12128);
#12127 = CARTESIAN_POINT('',(324.5,350.,154.));
#12128 = VECTOR('',#12129,1.);
#12129 = DIRECTION('',(1.,0.,-0.));
#12130 = ORIENTED_EDGE('',*,*,#12131,.T.);
#12131 = EDGE_CURVE('',#12124,#12115,#12132,.T.);
#12132 = LINE('',#12133,#12134);
#12133 = CARTESIAN_POINT('',(333.1,350.,154.));
#12134 = VECTOR('',#12135,1.);
#12135 = DIRECTION('',(-0.,1.,0.));
#12136 = PLANE('',#12137);
#12137 = AXIS2_PLACEMENT_3D('',#12138,#12139,#12140);
#12138 = CARTESIAN_POINT('',(324.5,350.,154.));
#12139 = DIRECTION('',(0.,0.,1.));
#12140 = DIRECTION('',(1.,0.,-0.));
#12141 = ADVANCED_FACE('',(#12142),#12167,.T.);
#12142 = FACE_BOUND('',#12143,.T.);
#12143 = EDGE_LOOP('',(#12144,#12152,#12160,#12166));
#12144 = ORIENTED_EDGE('',*,*,#12145,.F.);
#12145 = EDGE_CURVE('',#12146,#12085,#12148,.T.);
#12146 = VERTEX_POINT('',#12147);
#12147 = CARTESIAN_POINT('',(375.5,350.,154.));
#12148 = LINE('',#12149,#12150);
#12149 = CARTESIAN_POINT('',(375.5,350.,154.));
#12150 = VECTOR('',#12151,1.);
#12151 = DIRECTION('',(0.,0.,1.));
#12152 = ORIENTED_EDGE('',*,*,#12153,.T.);
#12153 = EDGE_CURVE('',#12146,#12154,#12156,.T.);
#12154 = VERTEX_POINT('',#12155);
#12155 = CARTESIAN_POINT('',(375.5,354.5,154.));
#12156 = LINE('',#12157,#12158);
#12157 = CARTESIAN_POINT('',(375.5,350.,154.));
#12158 = VECTOR('',#12159,1.);
#12159 = DIRECTION('',(-0.,1.,0.));
#12160 = ORIENTED_EDGE('',*,*,#12161,.T.);
#12161 = EDGE_CURVE('',#12154,#12093,#12162,.T.);
#12162 = LINE('',#12163,#12164);
#12163 = CARTESIAN_POINT('',(375.5,354.5,154.));
#12164 = VECTOR('',#12165,1.);
#12165 = DIRECTION('',(0.,0.,1.));
#12166 = ORIENTED_EDGE('',*,*,#12092,.F.);
#12167 = PLANE('',#12168);
#12168 = AXIS2_PLACEMENT_3D('',#12169,#12170,#12171);
#12169 = CARTESIAN_POINT('',(375.5,350.,154.));
#12170 = DIRECTION('',(1.,0.,-0.));
#12171 = DIRECTION('',(0.,0.,1.));
#12172 = ADVANCED_FACE('',(#12173),#12198,.F.);
#12173 = FACE_BOUND('',#12174,.F.);
#12174 = EDGE_LOOP('',(#12175,#12183,#12191,#12197));
#12175 = ORIENTED_EDGE('',*,*,#12176,.F.);
#12176 = EDGE_CURVE('',#12177,#12154,#12179,.T.);
#12177 = VERTEX_POINT('',#12178);
#12178 = CARTESIAN_POINT('',(366.9,354.5,154.));
#12179 = LINE('',#12180,#12181);
#12180 = CARTESIAN_POINT('',(324.5,354.5,154.));
#12181 = VECTOR('',#12182,1.);
#12182 = DIRECTION('',(1.,0.,-0.));
#12183 = ORIENTED_EDGE('',*,*,#12184,.F.);
#12184 = EDGE_CURVE('',#12185,#12177,#12187,.T.);
#12185 = VERTEX_POINT('',#12186);
#12186 = CARTESIAN_POINT('',(366.9,350.,154.));
#12187 = LINE('',#12188,#12189);
#12188 = CARTESIAN_POINT('',(366.9,350.,154.));
#12189 = VECTOR('',#12190,1.);
#12190 = DIRECTION('',(-0.,1.,0.));
#12191 = ORIENTED_EDGE('',*,*,#12192,.T.);
#12192 = EDGE_CURVE('',#12185,#12146,#12193,.T.);
#12193 = LINE('',#12194,#12195);
#12194 = CARTESIAN_POINT('',(324.5,350.,154.));
#12195 = VECTOR('',#12196,1.);
#12196 = DIRECTION('',(1.,0.,-0.));
#12197 = ORIENTED_EDGE('',*,*,#12153,.T.);
#12198 = PLANE('',#12199);
#12199 = AXIS2_PLACEMENT_3D('',#12200,#12201,#12202);
#12200 = CARTESIAN_POINT('',(324.5,350.,154.));
#12201 = DIRECTION('',(0.,0.,1.));
#12202 = DIRECTION('',(1.,0.,-0.));
#12203 = ADVANCED_FACE('',(#12204,#12233,#12244),#12255,.T.);
#12204 = FACE_BOUND('',#12205,.T.);
#12205 = EDGE_LOOP('',(#12206,#12207,#12215,#12223,#12229,#12230,#12231,
    #12232));
#12206 = ORIENTED_EDGE('',*,*,#12123,.T.);
#12207 = ORIENTED_EDGE('',*,*,#12208,.F.);
#12208 = EDGE_CURVE('',#12209,#12124,#12211,.T.);
#12209 = VERTEX_POINT('',#12210);
#12210 = CARTESIAN_POINT('',(333.1,350.,147.));
#12211 = LINE('',#12212,#12213);
#12212 = CARTESIAN_POINT('',(333.1,350.,147.));
#12213 = VECTOR('',#12214,1.);
#12214 = DIRECTION('',(0.,0.,1.));
#12215 = ORIENTED_EDGE('',*,*,#12216,.T.);
#12216 = EDGE_CURVE('',#12209,#12217,#12219,.T.);
#12217 = VERTEX_POINT('',#12218);
#12218 = CARTESIAN_POINT('',(366.9,350.,147.));
#12219 = LINE('',#12220,#12221);
#12220 = CARTESIAN_POINT('',(333.1,350.,147.));
#12221 = VECTOR('',#12222,1.);
#12222 = DIRECTION('',(1.,0.,-0.));
#12223 = ORIENTED_EDGE('',*,*,#12224,.T.);
#12224 = EDGE_CURVE('',#12217,#12185,#12225,.T.);
#12225 = LINE('',#12226,#12227);
#12226 = CARTESIAN_POINT('',(366.9,350.,147.));
#12227 = VECTOR('',#12228,1.);
#12228 = DIRECTION('',(0.,0.,1.));
#12229 = ORIENTED_EDGE('',*,*,#12192,.T.);
#12230 = ORIENTED_EDGE('',*,*,#12145,.T.);
#12231 = ORIENTED_EDGE('',*,*,#12084,.F.);
#12232 = ORIENTED_EDGE('',*,*,#12043,.F.);
#12233 = FACE_BOUND('',#12234,.T.);
#12234 = EDGE_LOOP('',(#12235));
#12235 = ORIENTED_EDGE('',*,*,#12236,.T.);
#12236 = EDGE_CURVE('',#12237,#12237,#12239,.T.);
#12237 = VERTEX_POINT('',#12238);
#12238 = CARTESIAN_POINT('',(333.,350.,166.6));
#12239 = CIRCLE('',#12240,2.6);
#12240 = AXIS2_PLACEMENT_3D('',#12241,#12242,#12243);
#12241 = CARTESIAN_POINT('',(333.,350.,164.));
#12242 = DIRECTION('',(0.,1.,0.));
#12243 = DIRECTION('',(0.,-0.,1.));
#12244 = FACE_BOUND('',#12245,.T.);
#12245 = EDGE_LOOP('',(#12246));
#12246 = ORIENTED_EDGE('',*,*,#12247,.T.);
#12247 = EDGE_CURVE('',#12248,#12248,#12250,.T.);
#12248 = VERTEX_POINT('',#12249);
#12249 = CARTESIAN_POINT('',(367.,350.,166.6));
#12250 = CIRCLE('',#12251,2.6);
#12251 = AXIS2_PLACEMENT_3D('',#12252,#12253,#12254);
#12252 = CARTESIAN_POINT('',(367.,350.,164.));
#12253 = DIRECTION('',(0.,1.,0.));
#12254 = DIRECTION('',(0.,-0.,1.));
#12255 = PLANE('',#12256);
#12256 = AXIS2_PLACEMENT_3D('',#12257,#12258,#12259);
#12257 = CARTESIAN_POINT('',(350.,350.,162.0072327044));
#12258 = DIRECTION('',(-0.,-1.,-0.));
#12259 = DIRECTION('',(0.,0.,-1.));
#12260 = ADVANCED_FACE('',(#12261),#12286,.F.);
#12261 = FACE_BOUND('',#12262,.F.);
#12262 = EDGE_LOOP('',(#12263,#12271,#12272,#12280));
#12263 = ORIENTED_EDGE('',*,*,#12264,.F.);
#12264 = EDGE_CURVE('',#12209,#12265,#12267,.T.);
#12265 = VERTEX_POINT('',#12266);
#12266 = CARTESIAN_POINT('',(333.1,350.7,147.));
#12267 = LINE('',#12268,#12269);
#12268 = CARTESIAN_POINT('',(333.1,350.,147.));
#12269 = VECTOR('',#12270,1.);
#12270 = DIRECTION('',(-0.,1.,0.));
#12271 = ORIENTED_EDGE('',*,*,#12216,.T.);
#12272 = ORIENTED_EDGE('',*,*,#12273,.T.);
#12273 = EDGE_CURVE('',#12217,#12274,#12276,.T.);
#12274 = VERTEX_POINT('',#12275);
#12275 = CARTESIAN_POINT('',(366.9,350.7,147.));
#12276 = LINE('',#12277,#12278);
#12277 = CARTESIAN_POINT('',(366.9,350.,147.));
#12278 = VECTOR('',#12279,1.);
#12279 = DIRECTION('',(-0.,1.,0.));
#12280 = ORIENTED_EDGE('',*,*,#12281,.F.);
#12281 = EDGE_CURVE('',#12265,#12274,#12282,.T.);
#12282 = LINE('',#12283,#12284);
#12283 = CARTESIAN_POINT('',(333.1,350.7,147.));
#12284 = VECTOR('',#12285,1.);
#12285 = DIRECTION('',(1.,0.,0.));
#12286 = PLANE('',#12287);
#12287 = AXIS2_PLACEMENT_3D('',#12288,#12289,#12290);
#12288 = CARTESIAN_POINT('',(333.1,350.,147.));
#12289 = DIRECTION('',(0.,0.,1.));
#12290 = DIRECTION('',(1.,0.,-0.));
#12291 = ADVANCED_FACE('',(#12292),#12311,.F.);
#12292 = FACE_BOUND('',#12293,.F.);
#12293 = EDGE_LOOP('',(#12294,#12303,#12309,#12310));
#12294 = ORIENTED_EDGE('',*,*,#12295,.F.);
#12295 = EDGE_CURVE('',#12296,#12296,#12298,.T.);
#12296 = VERTEX_POINT('',#12297);
#12297 = CARTESIAN_POINT('',(333.,354.5,166.6));
#12298 = CIRCLE('',#12299,2.6);
#12299 = AXIS2_PLACEMENT_3D('',#12300,#12301,#12302);
#12300 = CARTESIAN_POINT('',(333.,354.5,164.));
#12301 = DIRECTION('',(0.,1.,0.));
#12302 = DIRECTION('',(0.,-0.,1.));
#12303 = ORIENTED_EDGE('',*,*,#12304,.F.);
#12304 = EDGE_CURVE('',#12237,#12296,#12305,.T.);
#12305 = LINE('',#12306,#12307);
#12306 = CARTESIAN_POINT('',(333.,349.,166.6));
#12307 = VECTOR('',#12308,1.);
#12308 = DIRECTION('',(0.,1.,0.));
#12309 = ORIENTED_EDGE('',*,*,#12236,.T.);
#12310 = ORIENTED_EDGE('',*,*,#12304,.T.);
#12311 = CYLINDRICAL_SURFACE('',#12312,2.6);
#12312 = AXIS2_PLACEMENT_3D('',#12313,#12314,#12315);
#12313 = CARTESIAN_POINT('',(333.,349.,164.));
#12314 = DIRECTION('',(0.,1.,0.));
#12315 = DIRECTION('',(0.,-0.,1.));
#12316 = ADVANCED_FACE('',(#12317),#12336,.F.);
#12317 = FACE_BOUND('',#12318,.F.);
#12318 = EDGE_LOOP('',(#12319,#12328,#12334,#12335));
#12319 = ORIENTED_EDGE('',*,*,#12320,.F.);
#12320 = EDGE_CURVE('',#12321,#12321,#12323,.T.);
#12321 = VERTEX_POINT('',#12322);
#12322 = CARTESIAN_POINT('',(367.,354.5,166.6));
#12323 = CIRCLE('',#12324,2.6);
#12324 = AXIS2_PLACEMENT_3D('',#12325,#12326,#12327);
#12325 = CARTESIAN_POINT('',(367.,354.5,164.));
#12326 = DIRECTION('',(0.,1.,0.));
#12327 = DIRECTION('',(0.,-0.,1.));
#12328 = ORIENTED_EDGE('',*,*,#12329,.F.);
#12329 = EDGE_CURVE('',#12248,#12321,#12330,.T.);
#12330 = LINE('',#12331,#12332);
#12331 = CARTESIAN_POINT('',(367.,349.,166.6));
#12332 = VECTOR('',#12333,1.);
#12333 = DIRECTION('',(0.,1.,0.));
#12334 = ORIENTED_EDGE('',*,*,#12247,.T.);
#12335 = ORIENTED_EDGE('',*,*,#12329,.T.);
#12336 = CYLINDRICAL_SURFACE('',#12337,2.6);
#12337 = AXIS2_PLACEMENT_3D('',#12338,#12339,#12340);
#12338 = CARTESIAN_POINT('',(367.,349.,164.));
#12339 = DIRECTION('',(0.,1.,0.));
#12340 = DIRECTION('',(0.,-0.,1.));
#12341 = ADVANCED_FACE('',(#12342,#12371,#12374),#12377,.T.);
#12342 = FACE_BOUND('',#12343,.T.);
#12343 = EDGE_LOOP('',(#12344,#12345,#12346,#12347,#12348,#12349,#12357,
    #12365));
#12344 = ORIENTED_EDGE('',*,*,#12114,.F.);
#12345 = ORIENTED_EDGE('',*,*,#12061,.T.);
#12346 = ORIENTED_EDGE('',*,*,#12100,.T.);
#12347 = ORIENTED_EDGE('',*,*,#12161,.F.);
#12348 = ORIENTED_EDGE('',*,*,#12176,.F.);
#12349 = ORIENTED_EDGE('',*,*,#12350,.F.);
#12350 = EDGE_CURVE('',#12351,#12177,#12353,.T.);
#12351 = VERTEX_POINT('',#12352);
#12352 = CARTESIAN_POINT('',(366.9,354.5,152.74978260458));
#12353 = LINE('',#12354,#12355);
#12354 = CARTESIAN_POINT('',(366.9,354.5,147.));
#12355 = VECTOR('',#12356,1.);
#12356 = DIRECTION('',(0.,0.,1.));
#12357 = ORIENTED_EDGE('',*,*,#12358,.F.);
#12358 = EDGE_CURVE('',#12359,#12351,#12361,.T.);
#12359 = VERTEX_POINT('',#12360);
#12360 = CARTESIAN_POINT('',(333.1,354.5,152.74978260458));
#12361 = LINE('',#12362,#12363);
#12362 = CARTESIAN_POINT('',(333.1,354.5,152.74978260458));
#12363 = VECTOR('',#12364,1.);
#12364 = DIRECTION('',(1.,0.,0.));
#12365 = ORIENTED_EDGE('',*,*,#12366,.T.);
#12366 = EDGE_CURVE('',#12359,#12115,#12367,.T.);
#12367 = LINE('',#12368,#12369);
#12368 = CARTESIAN_POINT('',(333.1,354.5,147.));
#12369 = VECTOR('',#12370,1.);
#12370 = DIRECTION('',(0.,0.,1.));
#12371 = FACE_BOUND('',#12372,.T.);
#12372 = EDGE_LOOP('',(#12373));
#12373 = ORIENTED_EDGE('',*,*,#12295,.F.);
#12374 = FACE_BOUND('',#12375,.T.);
#12375 = EDGE_LOOP('',(#12376));
#12376 = ORIENTED_EDGE('',*,*,#12320,.F.);
#12377 = PLANE('',#12378);
#12378 = AXIS2_PLACEMENT_3D('',#12379,#12380,#12381);
#12379 = CARTESIAN_POINT('',(350.,354.5,164.27067893493));
#12380 = DIRECTION('',(0.,1.,0.));
#12381 = DIRECTION('',(0.,-0.,1.));
#12382 = ADVANCED_FACE('',(#12383),#12405,.T.);
#12383 = FACE_BOUND('',#12384,.T.);
#12384 = EDGE_LOOP('',(#12385,#12386,#12387,#12388,#12397,#12404));
#12385 = ORIENTED_EDGE('',*,*,#12208,.T.);
#12386 = ORIENTED_EDGE('',*,*,#12131,.T.);
#12387 = ORIENTED_EDGE('',*,*,#12366,.F.);
#12388 = ORIENTED_EDGE('',*,*,#12389,.F.);
#12389 = EDGE_CURVE('',#12390,#12359,#12392,.T.);
#12390 = VERTEX_POINT('',#12391);
#12391 = CARTESIAN_POINT('',(333.1,356.95,153.25));
#12392 = CIRCLE('',#12393,6.25);
#12393 = AXIS2_PLACEMENT_3D('',#12394,#12395,#12396);
#12394 = CARTESIAN_POINT('',(333.1,356.95,147.));
#12395 = DIRECTION('',(1.,0.,0.));
#12396 = DIRECTION('',(-0.,0.,1.));
#12397 = ORIENTED_EDGE('',*,*,#12398,.F.);
#12398 = EDGE_CURVE('',#12265,#12390,#12399,.T.);
#12399 = CIRCLE('',#12400,6.25);
#12400 = AXIS2_PLACEMENT_3D('',#12401,#12402,#12403);
#12401 = CARTESIAN_POINT('',(333.1,356.95,147.));
#12402 = DIRECTION('',(1.,0.,0.));
#12403 = DIRECTION('',(-0.,0.,1.));
#12404 = ORIENTED_EDGE('',*,*,#12264,.F.);
#12405 = PLANE('',#12406);
#12406 = AXIS2_PLACEMENT_3D('',#12407,#12408,#12409);
#12407 = CARTESIAN_POINT('',(333.1,355.70287082665,148.21524906056));
#12408 = DIRECTION('',(-1.,-0.,-0.));
#12409 = DIRECTION('',(0.,0.,-1.));
#12410 = ADVANCED_FACE('',(#12411),#12433,.T.);
#12411 = FACE_BOUND('',#12412,.T.);
#12412 = EDGE_LOOP('',(#12413,#12414,#12415,#12424,#12431,#12432));
#12413 = ORIENTED_EDGE('',*,*,#12224,.F.);
#12414 = ORIENTED_EDGE('',*,*,#12273,.T.);
#12415 = ORIENTED_EDGE('',*,*,#12416,.T.);
#12416 = EDGE_CURVE('',#12274,#12417,#12419,.T.);
#12417 = VERTEX_POINT('',#12418);
#12418 = CARTESIAN_POINT('',(366.9,356.95,153.25));
#12419 = CIRCLE('',#12420,6.25);
#12420 = AXIS2_PLACEMENT_3D('',#12421,#12422,#12423);
#12421 = CARTESIAN_POINT('',(366.9,356.95,147.));
#12422 = DIRECTION('',(1.,0.,0.));
#12423 = DIRECTION('',(-0.,0.,1.));
#12424 = ORIENTED_EDGE('',*,*,#12425,.T.);
#12425 = EDGE_CURVE('',#12417,#12351,#12426,.T.);
#12426 = CIRCLE('',#12427,6.25);
#12427 = AXIS2_PLACEMENT_3D('',#12428,#12429,#12430);
#12428 = CARTESIAN_POINT('',(366.9,356.95,147.));
#12429 = DIRECTION('',(1.,0.,0.));
#12430 = DIRECTION('',(-0.,0.,1.));
#12431 = ORIENTED_EDGE('',*,*,#12350,.T.);
#12432 = ORIENTED_EDGE('',*,*,#12184,.F.);
#12433 = PLANE('',#12434);
#12434 = AXIS2_PLACEMENT_3D('',#12435,#12436,#12437);
#12435 = CARTESIAN_POINT('',(366.9,355.70287082665,148.21524906056));
#12436 = DIRECTION('',(1.,0.,0.));
#12437 = DIRECTION('',(-0.,0.,1.));
#12438 = ADVANCED_FACE('',(#12439),#12447,.T.);
#12439 = FACE_BOUND('',#12440,.T.);
#12440 = EDGE_LOOP('',(#12441,#12442,#12443,#12444,#12445,#12446));
#12441 = ORIENTED_EDGE('',*,*,#12416,.F.);
#12442 = ORIENTED_EDGE('',*,*,#12281,.F.);
#12443 = ORIENTED_EDGE('',*,*,#12398,.T.);
#12444 = ORIENTED_EDGE('',*,*,#12389,.T.);
#12445 = ORIENTED_EDGE('',*,*,#12358,.T.);
#12446 = ORIENTED_EDGE('',*,*,#12425,.F.);
#12447 = CYLINDRICAL_SURFACE('',#12448,6.25);
#12448 = AXIS2_PLACEMENT_3D('',#12449,#12450,#12451);
#12449 = CARTESIAN_POINT('',(333.1,356.95,147.));
#12450 = DIRECTION('',(1.,0.,0.));
#12451 = DIRECTION('',(-0.,0.,1.));
#12452 = ( GEOMETRIC_REPRESENTATION_CONTEXT(3) 
GLOBAL_UNCERTAINTY_ASSIGNED_CONTEXT((#12456)) 
GLOBAL_UNIT_ASSIGNED_CONTEXT((#12453,#12454,#12455)) 
REPRESENTATION_CONTEXT('Context #1',
  '3D Context with UNIT and UNCERTAINTY') );
#12453 = ( LENGTH_UNIT() NAMED_UNIT(*) SI_UNIT(.MILLI.,.METRE.) );
#12454 = ( NAMED_UNIT(*) PLANE_ANGLE_UNIT() SI_UNIT($,.RADIAN.) );
#12455 = ( NAMED_UNIT(*) SI_UNIT($,.STERADIAN.) SOLID_ANGLE_UNIT() );
#12456 = UNCERTAINTY_MEASURE_WITH_UNIT(LENGTH_MEASURE(1.E-07),#12453,
  'distance_accuracy_value','confusion accuracy');
#12457 = CONTEXT_DEPENDENT_SHAPE_REPRESENTATION(#12458,#12460);
#12458 = ( REPRESENTATION_RELATIONSHIP('','',#12036,#10) 
REPRESENTATION_RELATIONSHIP_WITH_TRANSFORMATION(#12459) 
SHAPE_REPRESENTATION_RELATIONSHIP() );
#12459 = ITEM_DEFINED_TRANSFORMATION('','',#11,#187);
#12460 = PRODUCT_DEFINITION_SHAPE('Placement','Placement of an item',
  #12461);
#12461 = NEXT_ASSEMBLY_USAGE_OCCURRENCE('44',
  '定位合页活动叶及轴筒 2','',#5,#12031,$);
#12462 = PRODUCT_RELATED_PRODUCT_CATEGORY('part',$,(#12033));
#12463 = SHAPE_DEFINITION_REPRESENTATION(#12464,#12470);
#12464 = PRODUCT_DEFINITION_SHAPE('','',#12465);
#12465 = PRODUCT_DEFINITION('design','',#12466,#12469);
#12466 = PRODUCT_DEFINITION_FORMATION('','',#12467);
#12467 = PRODUCT('合页上盖补偿垫片 2',
  '合页上盖补偿垫片 2','',(#12468));
#12468 = PRODUCT_CONTEXT('',#2,'mechanical');
#12469 = PRODUCT_DEFINITION_CONTEXT('part definition',#2,'design');
#12470 = ADVANCED_BREP_SHAPE_REPRESENTATION('',(#11,#12471),#12699);
#12471 = MANIFOLD_SOLID_BREP('',#12472);
#12472 = CLOSED_SHELL('',(#12473,#12513,#12566,#12590,#12636,#12653,
    #12665,#12682));
#12473 = ADVANCED_FACE('',(#12474),#12508,.F.);
#12474 = FACE_BOUND('',#12475,.F.);
#12475 = EDGE_LOOP('',(#12476,#12486,#12494,#12502));
#12476 = ORIENTED_EDGE('',*,*,#12477,.F.);
#12477 = EDGE_CURVE('',#12478,#12480,#12482,.T.);
#12478 = VERTEX_POINT('',#12479);
#12479 = CARTESIAN_POINT('',(324.5,348.,155.));
#12480 = VERTEX_POINT('',#12481);
#12481 = CARTESIAN_POINT('',(324.5,348.,173.));
#12482 = LINE('',#12483,#12484);
#12483 = CARTESIAN_POINT('',(324.5,348.,155.));
#12484 = VECTOR('',#12485,1.);
#12485 = DIRECTION('',(0.,0.,1.));
#12486 = ORIENTED_EDGE('',*,*,#12487,.T.);
#12487 = EDGE_CURVE('',#12478,#12488,#12490,.T.);
#12488 = VERTEX_POINT('',#12489);
#12489 = CARTESIAN_POINT('',(324.5,350.,155.));
#12490 = LINE('',#12491,#12492);
#12491 = CARTESIAN_POINT('',(324.5,348.,155.));
#12492 = VECTOR('',#12493,1.);
#12493 = DIRECTION('',(-0.,1.,0.));
#12494 = ORIENTED_EDGE('',*,*,#12495,.T.);
#12495 = EDGE_CURVE('',#12488,#12496,#12498,.T.);
#12496 = VERTEX_POINT('',#12497);
#12497 = CARTESIAN_POINT('',(324.5,350.,173.));
#12498 = LINE('',#12499,#12500);
#12499 = CARTESIAN_POINT('',(324.5,350.,155.));
#12500 = VECTOR('',#12501,1.);
#12501 = DIRECTION('',(0.,0.,1.));
#12502 = ORIENTED_EDGE('',*,*,#12503,.F.);
#12503 = EDGE_CURVE('',#12480,#12496,#12504,.T.);
#12504 = LINE('',#12505,#12506);
#12505 = CARTESIAN_POINT('',(324.5,348.,173.));
#12506 = VECTOR('',#12507,1.);
#12507 = DIRECTION('',(-0.,1.,0.));
#12508 = PLANE('',#12509);
#12509 = AXIS2_PLACEMENT_3D('',#12510,#12511,#12512);
#12510 = CARTESIAN_POINT('',(324.5,348.,155.));
#12511 = DIRECTION('',(1.,0.,-0.));
#12512 = DIRECTION('',(0.,0.,1.));
#12513 = ADVANCED_FACE('',(#12514,#12539,#12550),#12561,.F.);
#12514 = FACE_BOUND('',#12515,.F.);
#12515 = EDGE_LOOP('',(#12516,#12524,#12525,#12533));
#12516 = ORIENTED_EDGE('',*,*,#12517,.F.);
#12517 = EDGE_CURVE('',#12478,#12518,#12520,.T.);
#12518 = VERTEX_POINT('',#12519);
#12519 = CARTESIAN_POINT('',(375.5,348.,155.));
#12520 = LINE('',#12521,#12522);
#12521 = CARTESIAN_POINT('',(324.5,348.,155.));
#12522 = VECTOR('',#12523,1.);
#12523 = DIRECTION('',(1.,0.,-0.));
#12524 = ORIENTED_EDGE('',*,*,#12477,.T.);
#12525 = ORIENTED_EDGE('',*,*,#12526,.T.);
#12526 = EDGE_CURVE('',#12480,#12527,#12529,.T.);
#12527 = VERTEX_POINT('',#12528);
#12528 = CARTESIAN_POINT('',(375.5,348.,173.));
#12529 = LINE('',#12530,#12531);
#12530 = CARTESIAN_POINT('',(324.5,348.,173.));
#12531 = VECTOR('',#12532,1.);
#12532 = DIRECTION('',(1.,0.,-0.));
#12533 = ORIENTED_EDGE('',*,*,#12534,.F.);
#12534 = EDGE_CURVE('',#12518,#12527,#12535,.T.);
#12535 = LINE('',#12536,#12537);
#12536 = CARTESIAN_POINT('',(375.5,348.,155.));
#12537 = VECTOR('',#12538,1.);
#12538 = DIRECTION('',(0.,0.,1.));
#12539 = FACE_BOUND('',#12540,.F.);
#12540 = EDGE_LOOP('',(#12541));
#12541 = ORIENTED_EDGE('',*,*,#12542,.F.);
#12542 = EDGE_CURVE('',#12543,#12543,#12545,.T.);
#12543 = VERTEX_POINT('',#12544);
#12544 = CARTESIAN_POINT('',(333.,348.,166.75));
#12545 = CIRCLE('',#12546,2.75);
#12546 = AXIS2_PLACEMENT_3D('',#12547,#12548,#12549);
#12547 = CARTESIAN_POINT('',(333.,348.,164.));
#12548 = DIRECTION('',(0.,1.,0.));
#12549 = DIRECTION('',(0.,-0.,1.));
#12550 = FACE_BOUND('',#12551,.F.);
#12551 = EDGE_LOOP('',(#12552));
#12552 = ORIENTED_EDGE('',*,*,#12553,.F.);
#12553 = EDGE_CURVE('',#12554,#12554,#12556,.T.);
#12554 = VERTEX_POINT('',#12555);
#12555 = CARTESIAN_POINT('',(367.,348.,166.75));
#12556 = CIRCLE('',#12557,2.75);
#12557 = AXIS2_PLACEMENT_3D('',#12558,#12559,#12560);
#12558 = CARTESIAN_POINT('',(367.,348.,164.));
#12559 = DIRECTION('',(0.,1.,0.));
#12560 = DIRECTION('',(0.,-0.,1.));
#12561 = PLANE('',#12562);
#12562 = AXIS2_PLACEMENT_3D('',#12563,#12564,#12565);
#12563 = CARTESIAN_POINT('',(324.5,348.,155.));
#12564 = DIRECTION('',(-0.,1.,0.));
#12565 = DIRECTION('',(0.,0.,1.));
#12566 = ADVANCED_FACE('',(#12567),#12585,.T.);
#12567 = FACE_BOUND('',#12568,.T.);
#12568 = EDGE_LOOP('',(#12569,#12570,#12571,#12579));
#12569 = ORIENTED_EDGE('',*,*,#12503,.F.);
#12570 = ORIENTED_EDGE('',*,*,#12526,.T.);
#12571 = ORIENTED_EDGE('',*,*,#12572,.T.);
#12572 = EDGE_CURVE('',#12527,#12573,#12575,.T.);
#12573 = VERTEX_POINT('',#12574);
#12574 = CARTESIAN_POINT('',(375.5,350.,173.));
#12575 = LINE('',#12576,#12577);
#12576 = CARTESIAN_POINT('',(375.5,348.,173.));
#12577 = VECTOR('',#12578,1.);
#12578 = DIRECTION('',(-0.,1.,0.));
#12579 = ORIENTED_EDGE('',*,*,#12580,.F.);
#12580 = EDGE_CURVE('',#12496,#12573,#12581,.T.);
#12581 = LINE('',#12582,#12583);
#12582 = CARTESIAN_POINT('',(324.5,350.,173.));
#12583 = VECTOR('',#12584,1.);
#12584 = DIRECTION('',(1.,0.,-0.));
#12585 = PLANE('',#12586);
#12586 = AXIS2_PLACEMENT_3D('',#12587,#12588,#12589);
#12587 = CARTESIAN_POINT('',(324.5,348.,173.));
#12588 = DIRECTION('',(0.,0.,1.));
#12589 = DIRECTION('',(1.,0.,-0.));
#12590 = ADVANCED_FACE('',(#12591,#12609,#12620),#12631,.T.);
#12591 = FACE_BOUND('',#12592,.T.);
#12592 = EDGE_LOOP('',(#12593,#12601,#12602,#12603));
#12593 = ORIENTED_EDGE('',*,*,#12594,.F.);
#12594 = EDGE_CURVE('',#12488,#12595,#12597,.T.);
#12595 = VERTEX_POINT('',#12596);
#12596 = CARTESIAN_POINT('',(375.5,350.,155.));
#12597 = LINE('',#12598,#12599);
#12598 = CARTESIAN_POINT('',(324.5,350.,155.));
#12599 = VECTOR('',#12600,1.);
#12600 = DIRECTION('',(1.,0.,-0.));
#12601 = ORIENTED_EDGE('',*,*,#12495,.T.);
#12602 = ORIENTED_EDGE('',*,*,#12580,.T.);
#12603 = ORIENTED_EDGE('',*,*,#12604,.F.);
#12604 = EDGE_CURVE('',#12595,#12573,#12605,.T.);
#12605 = LINE('',#12606,#12607);
#12606 = CARTESIAN_POINT('',(375.5,350.,155.));
#12607 = VECTOR('',#12608,1.);
#12608 = DIRECTION('',(0.,0.,1.));
#12609 = FACE_BOUND('',#12610,.T.);
#12610 = EDGE_LOOP('',(#12611));
#12611 = ORIENTED_EDGE('',*,*,#12612,.F.);
#12612 = EDGE_CURVE('',#12613,#12613,#12615,.T.);
#12613 = VERTEX_POINT('',#12614);
#12614 = CARTESIAN_POINT('',(333.,350.,166.75));
#12615 = CIRCLE('',#12616,2.75);
#12616 = AXIS2_PLACEMENT_3D('',#12617,#12618,#12619);
#12617 = CARTESIAN_POINT('',(333.,350.,164.));
#12618 = DIRECTION('',(0.,1.,0.));
#12619 = DIRECTION('',(0.,-0.,1.));
#12620 = FACE_BOUND('',#12621,.T.);
#12621 = EDGE_LOOP('',(#12622));
#12622 = ORIENTED_EDGE('',*,*,#12623,.F.);
#12623 = EDGE_CURVE('',#12624,#12624,#12626,.T.);
#12624 = VERTEX_POINT('',#12625);
#12625 = CARTESIAN_POINT('',(367.,350.,166.75));
#12626 = CIRCLE('',#12627,2.75);
#12627 = AXIS2_PLACEMENT_3D('',#12628,#12629,#12630);
#12628 = CARTESIAN_POINT('',(367.,350.,164.));
#12629 = DIRECTION('',(0.,1.,0.));
#12630 = DIRECTION('',(0.,-0.,1.));
#12631 = PLANE('',#12632);
#12632 = AXIS2_PLACEMENT_3D('',#12633,#12634,#12635);
#12633 = CARTESIAN_POINT('',(324.5,350.,155.));
#12634 = DIRECTION('',(-0.,1.,0.));
#12635 = DIRECTION('',(0.,0.,1.));
#12636 = ADVANCED_FACE('',(#12637),#12648,.F.);
#12637 = FACE_BOUND('',#12638,.F.);
#12638 = EDGE_LOOP('',(#12639,#12640,#12641,#12647));
#12639 = ORIENTED_EDGE('',*,*,#12487,.F.);
#12640 = ORIENTED_EDGE('',*,*,#12517,.T.);
#12641 = ORIENTED_EDGE('',*,*,#12642,.T.);
#12642 = EDGE_CURVE('',#12518,#12595,#12643,.T.);
#12643 = LINE('',#12644,#12645);
#12644 = CARTESIAN_POINT('',(375.5,348.,155.));
#12645 = VECTOR('',#12646,1.);
#12646 = DIRECTION('',(-0.,1.,0.));
#12647 = ORIENTED_EDGE('',*,*,#12594,.F.);
#12648 = PLANE('',#12649);
#12649 = AXIS2_PLACEMENT_3D('',#12650,#12651,#12652);
#12650 = CARTESIAN_POINT('',(324.5,348.,155.));
#12651 = DIRECTION('',(0.,0.,1.));
#12652 = DIRECTION('',(1.,0.,-0.));
#12653 = ADVANCED_FACE('',(#12654),#12660,.T.);
#12654 = FACE_BOUND('',#12655,.T.);
#12655 = EDGE_LOOP('',(#12656,#12657,#12658,#12659));
#12656 = ORIENTED_EDGE('',*,*,#12534,.F.);
#12657 = ORIENTED_EDGE('',*,*,#12642,.T.);
#12658 = ORIENTED_EDGE('',*,*,#12604,.T.);
#12659 = ORIENTED_EDGE('',*,*,#12572,.F.);
#12660 = PLANE('',#12661);
#12661 = AXIS2_PLACEMENT_3D('',#12662,#12663,#12664);
#12662 = CARTESIAN_POINT('',(375.5,348.,155.));
#12663 = DIRECTION('',(1.,0.,-0.));
#12664 = DIRECTION('',(0.,0.,1.));
#12665 = ADVANCED_FACE('',(#12666),#12677,.F.);
#12666 = FACE_BOUND('',#12667,.F.);
#12667 = EDGE_LOOP('',(#12668,#12669,#12675,#12676));
#12668 = ORIENTED_EDGE('',*,*,#12612,.F.);
#12669 = ORIENTED_EDGE('',*,*,#12670,.F.);
#12670 = EDGE_CURVE('',#12543,#12613,#12671,.T.);
#12671 = LINE('',#12672,#12673);
#12672 = CARTESIAN_POINT('',(333.,342.,166.75));
#12673 = VECTOR('',#12674,1.);
#12674 = DIRECTION('',(0.,1.,0.));
#12675 = ORIENTED_EDGE('',*,*,#12542,.T.);
#12676 = ORIENTED_EDGE('',*,*,#12670,.T.);
#12677 = CYLINDRICAL_SURFACE('',#12678,2.75);
#12678 = AXIS2_PLACEMENT_3D('',#12679,#12680,#12681);
#12679 = CARTESIAN_POINT('',(333.,342.,164.));
#12680 = DIRECTION('',(0.,1.,0.));
#12681 = DIRECTION('',(0.,-0.,1.));
#12682 = ADVANCED_FACE('',(#12683),#12694,.F.);
#12683 = FACE_BOUND('',#12684,.F.);
#12684 = EDGE_LOOP('',(#12685,#12686,#12692,#12693));
#12685 = ORIENTED_EDGE('',*,*,#12623,.F.);
#12686 = ORIENTED_EDGE('',*,*,#12687,.F.);
#12687 = EDGE_CURVE('',#12554,#12624,#12688,.T.);
#12688 = LINE('',#12689,#12690);
#12689 = CARTESIAN_POINT('',(367.,342.,166.75));
#12690 = VECTOR('',#12691,1.);
#12691 = DIRECTION('',(0.,1.,0.));
#12692 = ORIENTED_EDGE('',*,*,#12553,.T.);
#12693 = ORIENTED_EDGE('',*,*,#12687,.T.);
#12694 = CYLINDRICAL_SURFACE('',#12695,2.75);
#12695 = AXIS2_PLACEMENT_3D('',#12696,#12697,#12698);
#12696 = CARTESIAN_POINT('',(367.,342.,164.));
#12697 = DIRECTION('',(0.,1.,0.));
#12698 = DIRECTION('',(0.,-0.,1.));
#12699 = ( GEOMETRIC_REPRESENTATION_CONTEXT(3) 
GLOBAL_UNCERTAINTY_ASSIGNED_CONTEXT((#12703)) 
GLOBAL_UNIT_ASSIGNED_CONTEXT((#12700,#12701,#12702)) 
REPRESENTATION_CONTEXT('Context #1',
  '3D Context with UNIT and UNCERTAINTY') );
#12700 = ( LENGTH_UNIT() NAMED_UNIT(*) SI_UNIT(.MILLI.,.METRE.) );
#12701 = ( NAMED_UNIT(*) PLANE_ANGLE_UNIT() SI_UNIT($,.RADIAN.) );
#12702 = ( NAMED_UNIT(*) SI_UNIT($,.STERADIAN.) SOLID_ANGLE_UNIT() );
#12703 = UNCERTAINTY_MEASURE_WITH_UNIT(LENGTH_MEASURE(1.E-07),#12700,
  'distance_accuracy_value','confusion accuracy');
#12704 = CONTEXT_DEPENDENT_SHAPE_REPRESENTATION(#12705,#12707);
#12705 = ( REPRESENTATION_RELATIONSHIP('','',#12470,#10) 
REPRESENTATION_RELATIONSHIP_WITH_TRANSFORMATION(#12706) 
SHAPE_REPRESENTATION_RELATIONSHIP() );
#12706 = ITEM_DEFINED_TRANSFORMATION('','',#11,#191);
#12707 = PRODUCT_DEFINITION_SHAPE('Placement','Placement of an item',
  #12708);
#12708 = NEXT_ASSEMBLY_USAGE_OCCURRENCE('45',
  '合页上盖补偿垫片 2','',#5,#12465,$);
#12709 = PRODUCT_RELATED_PRODUCT_CATEGORY('part',$,(#12467));
#12710 = SHAPE_DEFINITION_REPRESENTATION(#12711,#12717);
#12711 = PRODUCT_DEFINITION_SHAPE('','',#12712);
#12712 = PRODUCT_DEFINITION('design','',#12713,#12716);
#12713 = PRODUCT_DEFINITION_FORMATION('','',#12714);
#12714 = PRODUCT('亚克力内侧压板 2','亚克力内侧压板 2','',
  (#12715));
#12715 = PRODUCT_CONTEXT('',#2,'mechanical');
#12716 = PRODUCT_DEFINITION_CONTEXT('part definition',#2,'design');
#12717 = ADVANCED_BREP_SHAPE_REPRESENTATION('',(#11,#12718),#12946);
#12718 = MANIFOLD_SOLID_BREP('',#12719);
#12719 = CLOSED_SHELL('',(#12720,#12760,#12813,#12837,#12883,#12900,
    #12912,#12929));
#12720 = ADVANCED_FACE('',(#12721),#12755,.F.);
#12721 = FACE_BOUND('',#12722,.F.);
#12722 = EDGE_LOOP('',(#12723,#12733,#12741,#12749));
#12723 = ORIENTED_EDGE('',*,*,#12724,.F.);
#12724 = EDGE_CURVE('',#12725,#12727,#12729,.T.);
#12725 = VERTEX_POINT('',#12726);
#12726 = CARTESIAN_POINT('',(324.5,343.,155.));
#12727 = VERTEX_POINT('',#12728);
#12728 = CARTESIAN_POINT('',(324.5,343.,173.));
#12729 = LINE('',#12730,#12731);
#12730 = CARTESIAN_POINT('',(324.5,343.,155.));
#12731 = VECTOR('',#12732,1.);
#12732 = DIRECTION('',(0.,0.,1.));
#12733 = ORIENTED_EDGE('',*,*,#12734,.T.);
#12734 = EDGE_CURVE('',#12725,#12735,#12737,.T.);
#12735 = VERTEX_POINT('',#12736);
#12736 = CARTESIAN_POINT('',(324.5,345.,155.));
#12737 = LINE('',#12738,#12739);
#12738 = CARTESIAN_POINT('',(324.5,343.,155.));
#12739 = VECTOR('',#12740,1.);
#12740 = DIRECTION('',(-0.,1.,0.));
#12741 = ORIENTED_EDGE('',*,*,#12742,.T.);
#12742 = EDGE_CURVE('',#12735,#12743,#12745,.T.);
#12743 = VERTEX_POINT('',#12744);
#12744 = CARTESIAN_POINT('',(324.5,345.,173.));
#12745 = LINE('',#12746,#12747);
#12746 = CARTESIAN_POINT('',(324.5,345.,155.));
#12747 = VECTOR('',#12748,1.);
#12748 = DIRECTION('',(0.,0.,1.));
#12749 = ORIENTED_EDGE('',*,*,#12750,.F.);
#12750 = EDGE_CURVE('',#12727,#12743,#12751,.T.);
#12751 = LINE('',#12752,#12753);
#12752 = CARTESIAN_POINT('',(324.5,343.,173.));
#12753 = VECTOR('',#12754,1.);
#12754 = DIRECTION('',(-0.,1.,0.));
#12755 = PLANE('',#12756);
#12756 = AXIS2_PLACEMENT_3D('',#12757,#12758,#12759);
#12757 = CARTESIAN_POINT('',(324.5,343.,155.));
#12758 = DIRECTION('',(1.,0.,-0.));
#12759 = DIRECTION('',(0.,0.,1.));
#12760 = ADVANCED_FACE('',(#12761,#12786,#12797),#12808,.F.);
#12761 = FACE_BOUND('',#12762,.F.);
#12762 = EDGE_LOOP('',(#12763,#12771,#12772,#12780));
#12763 = ORIENTED_EDGE('',*,*,#12764,.F.);
#12764 = EDGE_CURVE('',#12725,#12765,#12767,.T.);
#12765 = VERTEX_POINT('',#12766);
#12766 = CARTESIAN_POINT('',(375.5,343.,155.));
#12767 = LINE('',#12768,#12769);
#12768 = CARTESIAN_POINT('',(324.5,343.,155.));
#12769 = VECTOR('',#12770,1.);
#12770 = DIRECTION('',(1.,0.,-0.));
#12771 = ORIENTED_EDGE('',*,*,#12724,.T.);
#12772 = ORIENTED_EDGE('',*,*,#12773,.T.);
#12773 = EDGE_CURVE('',#12727,#12774,#12776,.T.);
#12774 = VERTEX_POINT('',#12775);
#12775 = CARTESIAN_POINT('',(375.5,343.,173.));
#12776 = LINE('',#12777,#12778);
#12777 = CARTESIAN_POINT('',(324.5,343.,173.));
#12778 = VECTOR('',#12779,1.);
#12779 = DIRECTION('',(1.,0.,-0.));
#12780 = ORIENTED_EDGE('',*,*,#12781,.F.);
#12781 = EDGE_CURVE('',#12765,#12774,#12782,.T.);
#12782 = LINE('',#12783,#12784);
#12783 = CARTESIAN_POINT('',(375.5,343.,155.));
#12784 = VECTOR('',#12785,1.);
#12785 = DIRECTION('',(0.,0.,1.));
#12786 = FACE_BOUND('',#12787,.F.);
#12787 = EDGE_LOOP('',(#12788));
#12788 = ORIENTED_EDGE('',*,*,#12789,.F.);
#12789 = EDGE_CURVE('',#12790,#12790,#12792,.T.);
#12790 = VERTEX_POINT('',#12791);
#12791 = CARTESIAN_POINT('',(333.,343.,166.75));
#12792 = CIRCLE('',#12793,2.75);
#12793 = AXIS2_PLACEMENT_3D('',#12794,#12795,#12796);
#12794 = CARTESIAN_POINT('',(333.,343.,164.));
#12795 = DIRECTION('',(0.,1.,0.));
#12796 = DIRECTION('',(0.,-0.,1.));
#12797 = FACE_BOUND('',#12798,.F.);
#12798 = EDGE_LOOP('',(#12799));
#12799 = ORIENTED_EDGE('',*,*,#12800,.F.);
#12800 = EDGE_CURVE('',#12801,#12801,#12803,.T.);
#12801 = VERTEX_POINT('',#12802);
#12802 = CARTESIAN_POINT('',(367.,343.,166.75));
#12803 = CIRCLE('',#12804,2.75);
#12804 = AXIS2_PLACEMENT_3D('',#12805,#12806,#12807);
#12805 = CARTESIAN_POINT('',(367.,343.,164.));
#12806 = DIRECTION('',(0.,1.,0.));
#12807 = DIRECTION('',(0.,-0.,1.));
#12808 = PLANE('',#12809);
#12809 = AXIS2_PLACEMENT_3D('',#12810,#12811,#12812);
#12810 = CARTESIAN_POINT('',(324.5,343.,155.));
#12811 = DIRECTION('',(-0.,1.,0.));
#12812 = DIRECTION('',(0.,0.,1.));
#12813 = ADVANCED_FACE('',(#12814),#12832,.T.);
#12814 = FACE_BOUND('',#12815,.T.);
#12815 = EDGE_LOOP('',(#12816,#12817,#12818,#12826));
#12816 = ORIENTED_EDGE('',*,*,#12750,.F.);
#12817 = ORIENTED_EDGE('',*,*,#12773,.T.);
#12818 = ORIENTED_EDGE('',*,*,#12819,.T.);
#12819 = EDGE_CURVE('',#12774,#12820,#12822,.T.);
#12820 = VERTEX_POINT('',#12821);
#12821 = CARTESIAN_POINT('',(375.5,345.,173.));
#12822 = LINE('',#12823,#12824);
#12823 = CARTESIAN_POINT('',(375.5,343.,173.));
#12824 = VECTOR('',#12825,1.);
#12825 = DIRECTION('',(-0.,1.,0.));
#12826 = ORIENTED_EDGE('',*,*,#12827,.F.);
#12827 = EDGE_CURVE('',#12743,#12820,#12828,.T.);
#12828 = LINE('',#12829,#12830);
#12829 = CARTESIAN_POINT('',(324.5,345.,173.));
#12830 = VECTOR('',#12831,1.);
#12831 = DIRECTION('',(1.,0.,-0.));
#12832 = PLANE('',#12833);
#12833 = AXIS2_PLACEMENT_3D('',#12834,#12835,#12836);
#12834 = CARTESIAN_POINT('',(324.5,343.,173.));
#12835 = DIRECTION('',(0.,0.,1.));
#12836 = DIRECTION('',(1.,0.,-0.));
#12837 = ADVANCED_FACE('',(#12838,#12856,#12867),#12878,.T.);
#12838 = FACE_BOUND('',#12839,.T.);
#12839 = EDGE_LOOP('',(#12840,#12848,#12849,#12850));
#12840 = ORIENTED_EDGE('',*,*,#12841,.F.);
#12841 = EDGE_CURVE('',#12735,#12842,#12844,.T.);
#12842 = VERTEX_POINT('',#12843);
#12843 = CARTESIAN_POINT('',(375.5,345.,155.));
#12844 = LINE('',#12845,#12846);
#12845 = CARTESIAN_POINT('',(324.5,345.,155.));
#12846 = VECTOR('',#12847,1.);
#12847 = DIRECTION('',(1.,0.,-0.));
#12848 = ORIENTED_EDGE('',*,*,#12742,.T.);
#12849 = ORIENTED_EDGE('',*,*,#12827,.T.);
#12850 = ORIENTED_EDGE('',*,*,#12851,.F.);
#12851 = EDGE_CURVE('',#12842,#12820,#12852,.T.);
#12852 = LINE('',#12853,#12854);
#12853 = CARTESIAN_POINT('',(375.5,345.,155.));
#12854 = VECTOR('',#12855,1.);
#12855 = DIRECTION('',(0.,0.,1.));
#12856 = FACE_BOUND('',#12857,.T.);
#12857 = EDGE_LOOP('',(#12858));
#12858 = ORIENTED_EDGE('',*,*,#12859,.F.);
#12859 = EDGE_CURVE('',#12860,#12860,#12862,.T.);
#12860 = VERTEX_POINT('',#12861);
#12861 = CARTESIAN_POINT('',(333.,345.,166.75));
#12862 = CIRCLE('',#12863,2.75);
#12863 = AXIS2_PLACEMENT_3D('',#12864,#12865,#12866);
#12864 = CARTESIAN_POINT('',(333.,345.,164.));
#12865 = DIRECTION('',(0.,1.,0.));
#12866 = DIRECTION('',(0.,-0.,1.));
#12867 = FACE_BOUND('',#12868,.T.);
#12868 = EDGE_LOOP('',(#12869));
#12869 = ORIENTED_EDGE('',*,*,#12870,.F.);
#12870 = EDGE_CURVE('',#12871,#12871,#12873,.T.);
#12871 = VERTEX_POINT('',#12872);
#12872 = CARTESIAN_POINT('',(367.,345.,166.75));
#12873 = CIRCLE('',#12874,2.75);
#12874 = AXIS2_PLACEMENT_3D('',#12875,#12876,#12877);
#12875 = CARTESIAN_POINT('',(367.,345.,164.));
#12876 = DIRECTION('',(0.,1.,0.));
#12877 = DIRECTION('',(0.,-0.,1.));
#12878 = PLANE('',#12879);
#12879 = AXIS2_PLACEMENT_3D('',#12880,#12881,#12882);
#12880 = CARTESIAN_POINT('',(324.5,345.,155.));
#12881 = DIRECTION('',(-0.,1.,0.));
#12882 = DIRECTION('',(0.,0.,1.));
#12883 = ADVANCED_FACE('',(#12884),#12895,.F.);
#12884 = FACE_BOUND('',#12885,.F.);
#12885 = EDGE_LOOP('',(#12886,#12887,#12888,#12894));
#12886 = ORIENTED_EDGE('',*,*,#12734,.F.);
#12887 = ORIENTED_EDGE('',*,*,#12764,.T.);
#12888 = ORIENTED_EDGE('',*,*,#12889,.T.);
#12889 = EDGE_CURVE('',#12765,#12842,#12890,.T.);
#12890 = LINE('',#12891,#12892);
#12891 = CARTESIAN_POINT('',(375.5,343.,155.));
#12892 = VECTOR('',#12893,1.);
#12893 = DIRECTION('',(-0.,1.,0.));
#12894 = ORIENTED_EDGE('',*,*,#12841,.F.);
#12895 = PLANE('',#12896);
#12896 = AXIS2_PLACEMENT_3D('',#12897,#12898,#12899);
#12897 = CARTESIAN_POINT('',(324.5,343.,155.));
#12898 = DIRECTION('',(0.,0.,1.));
#12899 = DIRECTION('',(1.,0.,-0.));
#12900 = ADVANCED_FACE('',(#12901),#12907,.T.);
#12901 = FACE_BOUND('',#12902,.T.);
#12902 = EDGE_LOOP('',(#12903,#12904,#12905,#12906));
#12903 = ORIENTED_EDGE('',*,*,#12781,.F.);
#12904 = ORIENTED_EDGE('',*,*,#12889,.T.);
#12905 = ORIENTED_EDGE('',*,*,#12851,.T.);
#12906 = ORIENTED_EDGE('',*,*,#12819,.F.);
#12907 = PLANE('',#12908);
#12908 = AXIS2_PLACEMENT_3D('',#12909,#12910,#12911);
#12909 = CARTESIAN_POINT('',(375.5,343.,155.));
#12910 = DIRECTION('',(1.,0.,-0.));
#12911 = DIRECTION('',(0.,0.,1.));
#12912 = ADVANCED_FACE('',(#12913),#12924,.F.);
#12913 = FACE_BOUND('',#12914,.F.);
#12914 = EDGE_LOOP('',(#12915,#12916,#12922,#12923));
#12915 = ORIENTED_EDGE('',*,*,#12859,.F.);
#12916 = ORIENTED_EDGE('',*,*,#12917,.F.);
#12917 = EDGE_CURVE('',#12790,#12860,#12918,.T.);
#12918 = LINE('',#12919,#12920);
#12919 = CARTESIAN_POINT('',(333.,342.,166.75));
#12920 = VECTOR('',#12921,1.);
#12921 = DIRECTION('',(0.,1.,0.));
#12922 = ORIENTED_EDGE('',*,*,#12789,.T.);
#12923 = ORIENTED_EDGE('',*,*,#12917,.T.);
#12924 = CYLINDRICAL_SURFACE('',#12925,2.75);
#12925 = AXIS2_PLACEMENT_3D('',#12926,#12927,#12928);
#12926 = CARTESIAN_POINT('',(333.,342.,164.));
#12927 = DIRECTION('',(0.,1.,0.));
#12928 = DIRECTION('',(0.,-0.,1.));
#12929 = ADVANCED_FACE('',(#12930),#12941,.F.);
#12930 = FACE_BOUND('',#12931,.F.);
#12931 = EDGE_LOOP('',(#12932,#12933,#12939,#12940));
#12932 = ORIENTED_EDGE('',*,*,#12870,.F.);
#12933 = ORIENTED_EDGE('',*,*,#12934,.F.);
#12934 = EDGE_CURVE('',#12801,#12871,#12935,.T.);
#12935 = LINE('',#12936,#12937);
#12936 = CARTESIAN_POINT('',(367.,342.,166.75));
#12937 = VECTOR('',#12938,1.);
#12938 = DIRECTION('',(0.,1.,0.));
#12939 = ORIENTED_EDGE('',*,*,#12800,.T.);
#12940 = ORIENTED_EDGE('',*,*,#12934,.T.);
#12941 = CYLINDRICAL_SURFACE('',#12942,2.75);
#12942 = AXIS2_PLACEMENT_3D('',#12943,#12944,#12945);
#12943 = CARTESIAN_POINT('',(367.,342.,164.));
#12944 = DIRECTION('',(0.,1.,0.));
#12945 = DIRECTION('',(0.,-0.,1.));
#12946 = ( GEOMETRIC_REPRESENTATION_CONTEXT(3) 
GLOBAL_UNCERTAINTY_ASSIGNED_CONTEXT((#12950)) 
GLOBAL_UNIT_ASSIGNED_CONTEXT((#12947,#12948,#12949)) 
REPRESENTATION_CONTEXT('Context #1',
  '3D Context with UNIT and UNCERTAINTY') );
#12947 = ( LENGTH_UNIT() NAMED_UNIT(*) SI_UNIT(.MILLI.,.METRE.) );
#12948 = ( NAMED_UNIT(*) PLANE_ANGLE_UNIT() SI_UNIT($,.RADIAN.) );
#12949 = ( NAMED_UNIT(*) SI_UNIT($,.STERADIAN.) SOLID_ANGLE_UNIT() );
#12950 = UNCERTAINTY_MEASURE_WITH_UNIT(LENGTH_MEASURE(1.E-07),#12947,
  'distance_accuracy_value','confusion accuracy');
#12951 = CONTEXT_DEPENDENT_SHAPE_REPRESENTATION(#12952,#12954);
#12952 = ( REPRESENTATION_RELATIONSHIP('','',#12717,#10) 
REPRESENTATION_RELATIONSHIP_WITH_TRANSFORMATION(#12953) 
SHAPE_REPRESENTATION_RELATIONSHIP() );
#12953 = ITEM_DEFINED_TRANSFORMATION('','',#11,#195);
#12954 = PRODUCT_DEFINITION_SHAPE('Placement','Placement of an item',
  #12955);
#12955 = NEXT_ASSEMBLY_USAGE_OCCURRENCE('46','亚克力内侧压板 2',
  '',#5,#12712,$);
#12956 = PRODUCT_RELATED_PRODUCT_CATEGORY('part',$,(#12714));
#12957 = SHAPE_DEFINITION_REPRESENTATION(#12958,#12964);
#12958 = PRODUCT_DEFINITION_SHAPE('','',#12959);
#12959 = PRODUCT_DEFINITION('design','',#12960,#12963);
#12960 = PRODUCT_DEFINITION_FORMATION('','',#12961);
#12961 = PRODUCT('VE 橡胶脚垫与 M8 螺杆 1',
  'VE 橡胶脚垫与 M8 螺杆 1','',(#12962));
#12962 = PRODUCT_CONTEXT('',#2,'mechanical');
#12963 = PRODUCT_DEFINITION_CONTEXT('part definition',#2,'design');
#12964 = ADVANCED_BREP_SHAPE_REPRESENTATION('',(#11,#12965),#13063);
#12965 = MANIFOLD_SOLID_BREP('',#12966);
#12966 = CLOSED_SHELL('',(#12967,#13000,#13020,#13029,#13054));
#12967 = ADVANCED_FACE('',(#12968),#12995,.T.);
#12968 = FACE_BOUND('',#12969,.T.);
#12969 = EDGE_LOOP('',(#12970,#12979,#12987,#12994));
#12970 = ORIENTED_EDGE('',*,*,#12971,.F.);
#12971 = EDGE_CURVE('',#12972,#12972,#12974,.T.);
#12972 = VERTEX_POINT('',#12973);
#12973 = CARTESIAN_POINT('',(48.,40.,20.));
#12974 = CIRCLE('',#12975,15.);
#12975 = AXIS2_PLACEMENT_3D('',#12976,#12977,#12978);
#12976 = CARTESIAN_POINT('',(33.,40.,20.));
#12977 = DIRECTION('',(0.,0.,1.));
#12978 = DIRECTION('',(1.,0.,-0.));
#12979 = ORIENTED_EDGE('',*,*,#12980,.F.);
#12980 = EDGE_CURVE('',#12981,#12972,#12983,.T.);
#12981 = VERTEX_POINT('',#12982);
#12982 = CARTESIAN_POINT('',(48.,40.,0.));
#12983 = LINE('',#12984,#12985);
#12984 = CARTESIAN_POINT('',(48.,40.,0.));
#12985 = VECTOR('',#12986,1.);
#12986 = DIRECTION('',(0.,0.,1.));
#12987 = ORIENTED_EDGE('',*,*,#12988,.T.);
#12988 = EDGE_CURVE('',#12981,#12981,#12989,.T.);
#12989 = CIRCLE('',#12990,15.);
#12990 = AXIS2_PLACEMENT_3D('',#12991,#12992,#12993);
#12991 = CARTESIAN_POINT('',(33.,40.,0.));
#12992 = DIRECTION('',(0.,0.,1.));
#12993 = DIRECTION('',(1.,0.,-0.));
#12994 = ORIENTED_EDGE('',*,*,#12980,.T.);
#12995 = CYLINDRICAL_SURFACE('',#12996,15.);
#12996 = AXIS2_PLACEMENT_3D('',#12997,#12998,#12999);
#12997 = CARTESIAN_POINT('',(33.,40.,0.));
#12998 = DIRECTION('',(0.,0.,1.));
#12999 = DIRECTION('',(1.,0.,-0.));
#13000 = ADVANCED_FACE('',(#13001,#13004),#13015,.T.);
#13001 = FACE_BOUND('',#13002,.T.);
#13002 = EDGE_LOOP('',(#13003));
#13003 = ORIENTED_EDGE('',*,*,#12971,.T.);
#13004 = FACE_BOUND('',#13005,.T.);
#13005 = EDGE_LOOP('',(#13006));
#13006 = ORIENTED_EDGE('',*,*,#13007,.F.);
#13007 = EDGE_CURVE('',#13008,#13008,#13010,.T.);
#13008 = VERTEX_POINT('',#13009);
#13009 = CARTESIAN_POINT('',(37.,40.,20.));
#13010 = CIRCLE('',#13011,4.);
#13011 = AXIS2_PLACEMENT_3D('',#13012,#13013,#13014);
#13012 = CARTESIAN_POINT('',(33.,40.,20.));
#13013 = DIRECTION('',(0.,0.,1.));
#13014 = DIRECTION('',(1.,0.,-0.));
#13015 = PLANE('',#13016);
#13016 = AXIS2_PLACEMENT_3D('',#13017,#13018,#13019);
#13017 = CARTESIAN_POINT('',(33.,40.,20.));
#13018 = DIRECTION('',(0.,0.,1.));
#13019 = DIRECTION('',(1.,0.,-0.));
#13020 = ADVANCED_FACE('',(#13021),#13024,.F.);
#13021 = FACE_BOUND('',#13022,.T.);
#13022 = EDGE_LOOP('',(#13023));
#13023 = ORIENTED_EDGE('',*,*,#12988,.F.);
#13024 = PLANE('',#13025);
#13025 = AXIS2_PLACEMENT_3D('',#13026,#13027,#13028);
#13026 = CARTESIAN_POINT('',(33.,40.,0.));
#13027 = DIRECTION('',(0.,0.,1.));
#13028 = DIRECTION('',(1.,0.,-0.));
#13029 = ADVANCED_FACE('',(#13030),#13049,.T.);
#13030 = FACE_BOUND('',#13031,.T.);
#13031 = EDGE_LOOP('',(#13032,#13041,#13047,#13048));
#13032 = ORIENTED_EDGE('',*,*,#13033,.F.);
#13033 = EDGE_CURVE('',#13034,#13034,#13036,.T.);
#13034 = VERTEX_POINT('',#13035);
#13035 = CARTESIAN_POINT('',(37.,40.,43.));
#13036 = CIRCLE('',#13037,4.);
#13037 = AXIS2_PLACEMENT_3D('',#13038,#13039,#13040);
#13038 = CARTESIAN_POINT('',(33.,40.,43.));
#13039 = DIRECTION('',(0.,0.,1.));
#13040 = DIRECTION('',(1.,0.,-0.));
#13041 = ORIENTED_EDGE('',*,*,#13042,.F.);
#13042 = EDGE_CURVE('',#13008,#13034,#13043,.T.);
#13043 = LINE('',#13044,#13045);
#13044 = CARTESIAN_POINT('',(37.,40.,20.));
#13045 = VECTOR('',#13046,1.);
#13046 = DIRECTION('',(0.,0.,1.));
#13047 = ORIENTED_EDGE('',*,*,#13007,.T.);
#13048 = ORIENTED_EDGE('',*,*,#13042,.T.);
#13049 = CYLINDRICAL_SURFACE('',#13050,4.);
#13050 = AXIS2_PLACEMENT_3D('',#13051,#13052,#13053);
#13051 = CARTESIAN_POINT('',(33.,40.,20.));
#13052 = DIRECTION('',(0.,0.,1.));
#13053 = DIRECTION('',(1.,0.,-0.));
#13054 = ADVANCED_FACE('',(#13055),#13058,.T.);
#13055 = FACE_BOUND('',#13056,.T.);
#13056 = EDGE_LOOP('',(#13057));
#13057 = ORIENTED_EDGE('',*,*,#13033,.T.);
#13058 = PLANE('',#13059);
#13059 = AXIS2_PLACEMENT_3D('',#13060,#13061,#13062);
#13060 = CARTESIAN_POINT('',(33.,40.,43.));
#13061 = DIRECTION('',(0.,0.,1.));
#13062 = DIRECTION('',(1.,0.,-0.));
#13063 = ( GEOMETRIC_REPRESENTATION_CONTEXT(3) 
GLOBAL_UNCERTAINTY_ASSIGNED_CONTEXT((#13067)) 
GLOBAL_UNIT_ASSIGNED_CONTEXT((#13064,#13065,#13066)) 
REPRESENTATION_CONTEXT('Context #1',
  '3D Context with UNIT and UNCERTAINTY') );
#13064 = ( LENGTH_UNIT() NAMED_UNIT(*) SI_UNIT(.MILLI.,.METRE.) );
#13065 = ( NAMED_UNIT(*) PLANE_ANGLE_UNIT() SI_UNIT($,.RADIAN.) );
#13066 = ( NAMED_UNIT(*) SI_UNIT($,.STERADIAN.) SOLID_ANGLE_UNIT() );
#13067 = UNCERTAINTY_MEASURE_WITH_UNIT(LENGTH_MEASURE(1.E-07),#13064,
  'distance_accuracy_value','confusion accuracy');
#13068 = CONTEXT_DEPENDENT_SHAPE_REPRESENTATION(#13069,#13071);
#13069 = ( REPRESENTATION_RELATIONSHIP('','',#12964,#10) 
REPRESENTATION_RELATIONSHIP_WITH_TRANSFORMATION(#13070) 
SHAPE_REPRESENTATION_RELATIONSHIP() );
#13070 = ITEM_DEFINED_TRANSFORMATION('','',#11,#199);
#13071 = PRODUCT_DEFINITION_SHAPE('Placement','Placement of an item',
  #13072);
#13072 = NEXT_ASSEMBLY_USAGE_OCCURRENCE('47',
  'VE 橡胶脚垫与 M8 螺杆 1','',#5,#12959,$);
#13073 = PRODUCT_RELATED_PRODUCT_CATEGORY('part',$,(#12961));
#13074 = SHAPE_DEFINITION_REPRESENTATION(#13075,#13081);
#13075 = PRODUCT_DEFINITION_SHAPE('','',#13076);
#13076 = PRODUCT_DEFINITION('design','',#13077,#13080);
#13077 = PRODUCT_DEFINITION_FORMATION('','',#13078);
#13078 = PRODUCT('M8 脚垫固定座 1','M8 脚垫固定座 1','',(
    #13079));
#13079 = PRODUCT_CONTEXT('',#2,'mechanical');
#13080 = PRODUCT_DEFINITION_CONTEXT('part definition',#2,'design');
#13081 = ADVANCED_BREP_SHAPE_REPRESENTATION('',(#11,#13082),#13336);
#13082 = MANIFOLD_SOLID_BREP('',#13083);
#13083 = CLOSED_SHELL('',(#13084,#13117,#13170,#13223,#13240,#13265,
    #13282,#13299,#13324));
#13084 = ADVANCED_FACE('',(#13085),#13112,.T.);
#13085 = FACE_BOUND('',#13086,.T.);
#13086 = EDGE_LOOP('',(#13087,#13096,#13104,#13111));
#13087 = ORIENTED_EDGE('',*,*,#13088,.F.);
#13088 = EDGE_CURVE('',#13089,#13089,#13091,.T.);
#13089 = VERTEX_POINT('',#13090);
#13090 = CARTESIAN_POINT('',(51.5,40.,22.5));
#13091 = CIRCLE('',#13092,18.5);
#13092 = AXIS2_PLACEMENT_3D('',#13093,#13094,#13095);
#13093 = CARTESIAN_POINT('',(33.,40.,22.5));
#13094 = DIRECTION('',(0.,0.,1.));
#13095 = DIRECTION('',(1.,0.,-0.));
#13096 = ORIENTED_EDGE('',*,*,#13097,.F.);
#13097 = EDGE_CURVE('',#13098,#13089,#13100,.T.);
#13098 = VERTEX_POINT('',#13099);
#13099 = CARTESIAN_POINT('',(51.5,40.,20.));
#13100 = LINE('',#13101,#13102);
#13101 = CARTESIAN_POINT('',(51.5,40.,20.));
#13102 = VECTOR('',#13103,1.);
#13103 = DIRECTION('',(0.,0.,1.));
#13104 = ORIENTED_EDGE('',*,*,#13105,.T.);
#13105 = EDGE_CURVE('',#13098,#13098,#13106,.T.);
#13106 = CIRCLE('',#13107,18.5);
#13107 = AXIS2_PLACEMENT_3D('',#13108,#13109,#13110);
#13108 = CARTESIAN_POINT('',(33.,40.,20.));
#13109 = DIRECTION('',(0.,0.,1.));
#13110 = DIRECTION('',(1.,0.,-0.));
#13111 = ORIENTED_EDGE('',*,*,#13097,.T.);
#13112 = CYLINDRICAL_SURFACE('',#13113,18.5);
#13113 = AXIS2_PLACEMENT_3D('',#13114,#13115,#13116);
#13114 = CARTESIAN_POINT('',(33.,40.,20.));
#13115 = DIRECTION('',(0.,0.,1.));
#13116 = DIRECTION('',(1.,0.,-0.));
#13117 = ADVANCED_FACE('',(#13118,#13121,#13132,#13143,#13154),#13165,
  .T.);
#13118 = FACE_BOUND('',#13119,.T.);
#13119 = EDGE_LOOP('',(#13120));
#13120 = ORIENTED_EDGE('',*,*,#13088,.T.);
#13121 = FACE_BOUND('',#13122,.T.);
#13122 = EDGE_LOOP('',(#13123));
#13123 = ORIENTED_EDGE('',*,*,#13124,.F.);
#13124 = EDGE_CURVE('',#13125,#13125,#13127,.T.);
#13125 = VERTEX_POINT('',#13126);
#13126 = CARTESIAN_POINT('',(28.75,27.875644347018,22.5));
#13127 = CIRCLE('',#13128,2.75);
#13128 = AXIS2_PLACEMENT_3D('',#13129,#13130,#13131);
#13129 = CARTESIAN_POINT('',(26.,27.875644347018,22.5));
#13130 = DIRECTION('',(0.,0.,1.));
#13131 = DIRECTION('',(1.,0.,-0.));
#13132 = FACE_BOUND('',#13133,.T.);
#13133 = EDGE_LOOP('',(#13134));
#13134 = ORIENTED_EDGE('',*,*,#13135,.F.);
#13135 = EDGE_CURVE('',#13136,#13136,#13138,.T.);
#13136 = VERTEX_POINT('',#13137);
#13137 = CARTESIAN_POINT('',(39.,40.,22.5));
#13138 = CIRCLE('',#13139,6.);
#13139 = AXIS2_PLACEMENT_3D('',#13140,#13141,#13142);
#13140 = CARTESIAN_POINT('',(33.,40.,22.5));
#13141 = DIRECTION('',(0.,0.,1.));
#13142 = DIRECTION('',(1.,0.,-0.));
#13143 = FACE_BOUND('',#13144,.T.);
#13144 = EDGE_LOOP('',(#13145));
#13145 = ORIENTED_EDGE('',*,*,#13146,.F.);
#13146 = EDGE_CURVE('',#13147,#13147,#13149,.T.);
#13147 = VERTEX_POINT('',#13148);
#13148 = CARTESIAN_POINT('',(49.75,40.,22.5));
#13149 = CIRCLE('',#13150,2.75);
#13150 = AXIS2_PLACEMENT_3D('',#13151,#13152,#13153);
#13151 = CARTESIAN_POINT('',(47.,40.,22.5));
#13152 = DIRECTION('',(0.,0.,1.));
#13153 = DIRECTION('',(1.,0.,-0.));
#13154 = FACE_BOUND('',#13155,.T.);
#13155 = EDGE_LOOP('',(#13156));
#13156 = ORIENTED_EDGE('',*,*,#13157,.F.);
#13157 = EDGE_CURVE('',#13158,#13158,#13160,.T.);
#13158 = VERTEX_POINT('',#13159);
#13159 = CARTESIAN_POINT('',(28.75,52.124355652982,22.5));
#13160 = CIRCLE('',#13161,2.75);
#13161 = AXIS2_PLACEMENT_3D('',#13162,#13163,#13164);
#13162 = CARTESIAN_POINT('',(26.,52.124355652982,22.5));
#13163 = DIRECTION('',(0.,0.,1.));
#13164 = DIRECTION('',(1.,0.,-0.));
#13165 = PLANE('',#13166);
#13166 = AXIS2_PLACEMENT_3D('',#13167,#13168,#13169);
#13167 = CARTESIAN_POINT('',(33.,40.,22.5));
#13168 = DIRECTION('',(0.,0.,1.));
#13169 = DIRECTION('',(1.,0.,-0.));
#13170 = ADVANCED_FACE('',(#13171,#13174,#13185,#13196,#13207),#13218,
  .F.);
#13171 = FACE_BOUND('',#13172,.F.);
#13172 = EDGE_LOOP('',(#13173));
#13173 = ORIENTED_EDGE('',*,*,#13105,.T.);
#13174 = FACE_BOUND('',#13175,.F.);
#13175 = EDGE_LOOP('',(#13176));
#13176 = ORIENTED_EDGE('',*,*,#13177,.F.);
#13177 = EDGE_CURVE('',#13178,#13178,#13180,.T.);
#13178 = VERTEX_POINT('',#13179);
#13179 = CARTESIAN_POINT('',(28.75,27.875644347018,20.));
#13180 = CIRCLE('',#13181,2.75);
#13181 = AXIS2_PLACEMENT_3D('',#13182,#13183,#13184);
#13182 = CARTESIAN_POINT('',(26.,27.875644347018,20.));
#13183 = DIRECTION('',(0.,0.,1.));
#13184 = DIRECTION('',(1.,0.,-0.));
#13185 = FACE_BOUND('',#13186,.F.);
#13186 = EDGE_LOOP('',(#13187));
#13187 = ORIENTED_EDGE('',*,*,#13188,.F.);
#13188 = EDGE_CURVE('',#13189,#13189,#13191,.T.);
#13189 = VERTEX_POINT('',#13190);
#13190 = CARTESIAN_POINT('',(37.,40.,20.));
#13191 = CIRCLE('',#13192,4.);
#13192 = AXIS2_PLACEMENT_3D('',#13193,#13194,#13195);
#13193 = CARTESIAN_POINT('',(33.,40.,20.));
#13194 = DIRECTION('',(0.,0.,1.));
#13195 = DIRECTION('',(1.,0.,-0.));
#13196 = FACE_BOUND('',#13197,.F.);
#13197 = EDGE_LOOP('',(#13198));
#13198 = ORIENTED_EDGE('',*,*,#13199,.F.);
#13199 = EDGE_CURVE('',#13200,#13200,#13202,.T.);
#13200 = VERTEX_POINT('',#13201);
#13201 = CARTESIAN_POINT('',(49.75,40.,20.));
#13202 = CIRCLE('',#13203,2.75);
#13203 = AXIS2_PLACEMENT_3D('',#13204,#13205,#13206);
#13204 = CARTESIAN_POINT('',(47.,40.,20.));
#13205 = DIRECTION('',(0.,0.,1.));
#13206 = DIRECTION('',(1.,0.,-0.));
#13207 = FACE_BOUND('',#13208,.F.);
#13208 = EDGE_LOOP('',(#13209));
#13209 = ORIENTED_EDGE('',*,*,#13210,.F.);
#13210 = EDGE_CURVE('',#13211,#13211,#13213,.T.);
#13211 = VERTEX_POINT('',#13212);
#13212 = CARTESIAN_POINT('',(28.75,52.124355652982,20.));
#13213 = CIRCLE('',#13214,2.75);
#13214 = AXIS2_PLACEMENT_3D('',#13215,#13216,#13217);
#13215 = CARTESIAN_POINT('',(26.,52.124355652982,20.));
#13216 = DIRECTION('',(0.,0.,1.));
#13217 = DIRECTION('',(1.,0.,-0.));
#13218 = PLANE('',#13219);
#13219 = AXIS2_PLACEMENT_3D('',#13220,#13221,#13222);
#13220 = CARTESIAN_POINT('',(33.,40.,20.));
#13221 = DIRECTION('',(0.,0.,1.));
#13222 = DIRECTION('',(1.,0.,-0.));
#13223 = ADVANCED_FACE('',(#13224),#13235,.F.);
#13224 = FACE_BOUND('',#13225,.F.);
#13225 = EDGE_LOOP('',(#13226,#13227,#13233,#13234));
#13226 = ORIENTED_EDGE('',*,*,#13124,.F.);
#13227 = ORIENTED_EDGE('',*,*,#13228,.F.);
#13228 = EDGE_CURVE('',#13178,#13125,#13229,.T.);
#13229 = LINE('',#13230,#13231);
#13230 = CARTESIAN_POINT('',(28.75,27.875644347018,19.));
#13231 = VECTOR('',#13232,1.);
#13232 = DIRECTION('',(0.,0.,1.));
#13233 = ORIENTED_EDGE('',*,*,#13177,.T.);
#13234 = ORIENTED_EDGE('',*,*,#13228,.T.);
#13235 = CYLINDRICAL_SURFACE('',#13236,2.75);
#13236 = AXIS2_PLACEMENT_3D('',#13237,#13238,#13239);
#13237 = CARTESIAN_POINT('',(26.,27.875644347018,19.));
#13238 = DIRECTION('',(0.,0.,1.));
#13239 = DIRECTION('',(1.,0.,-0.));
#13240 = ADVANCED_FACE('',(#13241),#13260,.T.);
#13241 = FACE_BOUND('',#13242,.T.);
#13242 = EDGE_LOOP('',(#13243,#13252,#13258,#13259));
#13243 = ORIENTED_EDGE('',*,*,#13244,.F.);
#13244 = EDGE_CURVE('',#13245,#13245,#13247,.T.);
#13245 = VERTEX_POINT('',#13246);
#13246 = CARTESIAN_POINT('',(39.,40.,37.));
#13247 = CIRCLE('',#13248,6.);
#13248 = AXIS2_PLACEMENT_3D('',#13249,#13250,#13251);
#13249 = CARTESIAN_POINT('',(33.,40.,37.));
#13250 = DIRECTION('',(0.,0.,1.));
#13251 = DIRECTION('',(1.,0.,-0.));
#13252 = ORIENTED_EDGE('',*,*,#13253,.F.);
#13253 = EDGE_CURVE('',#13136,#13245,#13254,.T.);
#13254 = LINE('',#13255,#13256);
#13255 = CARTESIAN_POINT('',(39.,40.,22.5));
#13256 = VECTOR('',#13257,1.);
#13257 = DIRECTION('',(0.,0.,1.));
#13258 = ORIENTED_EDGE('',*,*,#13135,.T.);
#13259 = ORIENTED_EDGE('',*,*,#13253,.T.);
#13260 = CYLINDRICAL_SURFACE('',#13261,6.);
#13261 = AXIS2_PLACEMENT_3D('',#13262,#13263,#13264);
#13262 = CARTESIAN_POINT('',(33.,40.,22.5));
#13263 = DIRECTION('',(0.,0.,1.));
#13264 = DIRECTION('',(1.,0.,-0.));
#13265 = ADVANCED_FACE('',(#13266),#13277,.F.);
#13266 = FACE_BOUND('',#13267,.F.);
#13267 = EDGE_LOOP('',(#13268,#13269,#13275,#13276));
#13268 = ORIENTED_EDGE('',*,*,#13146,.F.);
#13269 = ORIENTED_EDGE('',*,*,#13270,.F.);
#13270 = EDGE_CURVE('',#13200,#13147,#13271,.T.);
#13271 = LINE('',#13272,#13273);
#13272 = CARTESIAN_POINT('',(49.75,40.,19.));
#13273 = VECTOR('',#13274,1.);
#13274 = DIRECTION('',(0.,0.,1.));
#13275 = ORIENTED_EDGE('',*,*,#13199,.T.);
#13276 = ORIENTED_EDGE('',*,*,#13270,.T.);
#13277 = CYLINDRICAL_SURFACE('',#13278,2.75);
#13278 = AXIS2_PLACEMENT_3D('',#13279,#13280,#13281);
#13279 = CARTESIAN_POINT('',(47.,40.,19.));
#13280 = DIRECTION('',(0.,0.,1.));
#13281 = DIRECTION('',(1.,0.,-0.));
#13282 = ADVANCED_FACE('',(#13283),#13294,.F.);
#13283 = FACE_BOUND('',#13284,.F.);
#13284 = EDGE_LOOP('',(#13285,#13286,#13292,#13293));
#13285 = ORIENTED_EDGE('',*,*,#13157,.F.);
#13286 = ORIENTED_EDGE('',*,*,#13287,.F.);
#13287 = EDGE_CURVE('',#13211,#13158,#13288,.T.);
#13288 = LINE('',#13289,#13290);
#13289 = CARTESIAN_POINT('',(28.75,52.124355652982,19.));
#13290 = VECTOR('',#13291,1.);
#13291 = DIRECTION('',(0.,0.,1.));
#13292 = ORIENTED_EDGE('',*,*,#13210,.T.);
#13293 = ORIENTED_EDGE('',*,*,#13287,.T.);
#13294 = CYLINDRICAL_SURFACE('',#13295,2.75);
#13295 = AXIS2_PLACEMENT_3D('',#13296,#13297,#13298);
#13296 = CARTESIAN_POINT('',(26.,52.124355652982,19.));
#13297 = DIRECTION('',(0.,0.,1.));
#13298 = DIRECTION('',(1.,0.,-0.));
#13299 = ADVANCED_FACE('',(#13300),#13319,.F.);
#13300 = FACE_BOUND('',#13301,.F.);
#13301 = EDGE_LOOP('',(#13302,#13311,#13317,#13318));
#13302 = ORIENTED_EDGE('',*,*,#13303,.F.);
#13303 = EDGE_CURVE('',#13304,#13304,#13306,.T.);
#13304 = VERTEX_POINT('',#13305);
#13305 = CARTESIAN_POINT('',(37.,40.,37.));
#13306 = CIRCLE('',#13307,4.);
#13307 = AXIS2_PLACEMENT_3D('',#13308,#13309,#13310);
#13308 = CARTESIAN_POINT('',(33.,40.,37.));
#13309 = DIRECTION('',(0.,0.,1.));
#13310 = DIRECTION('',(1.,0.,-0.));
#13311 = ORIENTED_EDGE('',*,*,#13312,.F.);
#13312 = EDGE_CURVE('',#13189,#13304,#13313,.T.);
#13313 = LINE('',#13314,#13315);
#13314 = CARTESIAN_POINT('',(37.,40.,19.));
#13315 = VECTOR('',#13316,1.);
#13316 = DIRECTION('',(0.,0.,1.));
#13317 = ORIENTED_EDGE('',*,*,#13188,.T.);
#13318 = ORIENTED_EDGE('',*,*,#13312,.T.);
#13319 = CYLINDRICAL_SURFACE('',#13320,4.);
#13320 = AXIS2_PLACEMENT_3D('',#13321,#13322,#13323);
#13321 = CARTESIAN_POINT('',(33.,40.,19.));
#13322 = DIRECTION('',(0.,0.,1.));
#13323 = DIRECTION('',(1.,0.,-0.));
#13324 = ADVANCED_FACE('',(#13325,#13328),#13331,.T.);
#13325 = FACE_BOUND('',#13326,.T.);
#13326 = EDGE_LOOP('',(#13327));
#13327 = ORIENTED_EDGE('',*,*,#13244,.T.);
#13328 = FACE_BOUND('',#13329,.T.);
#13329 = EDGE_LOOP('',(#13330));
#13330 = ORIENTED_EDGE('',*,*,#13303,.F.);
#13331 = PLANE('',#13332);
#13332 = AXIS2_PLACEMENT_3D('',#13333,#13334,#13335);
#13333 = CARTESIAN_POINT('',(33.,40.,37.));
#13334 = DIRECTION('',(0.,0.,1.));
#13335 = DIRECTION('',(1.,0.,-0.));
#13336 = ( GEOMETRIC_REPRESENTATION_CONTEXT(3) 
GLOBAL_UNCERTAINTY_ASSIGNED_CONTEXT((#13340)) 
GLOBAL_UNIT_ASSIGNED_CONTEXT((#13337,#13338,#13339)) 
REPRESENTATION_CONTEXT('Context #1',
  '3D Context with UNIT and UNCERTAINTY') );
#13337 = ( LENGTH_UNIT() NAMED_UNIT(*) SI_UNIT(.MILLI.,.METRE.) );
#13338 = ( NAMED_UNIT(*) PLANE_ANGLE_UNIT() SI_UNIT($,.RADIAN.) );
#13339 = ( NAMED_UNIT(*) SI_UNIT($,.STERADIAN.) SOLID_ANGLE_UNIT() );
#13340 = UNCERTAINTY_MEASURE_WITH_UNIT(LENGTH_MEASURE(1.E-07),#13337,
  'distance_accuracy_value','confusion accuracy');
#13341 = CONTEXT_DEPENDENT_SHAPE_REPRESENTATION(#13342,#13344);
#13342 = ( REPRESENTATION_RELATIONSHIP('','',#13081,#10) 
REPRESENTATION_RELATIONSHIP_WITH_TRANSFORMATION(#13343) 
SHAPE_REPRESENTATION_RELATIONSHIP() );
#13343 = ITEM_DEFINED_TRANSFORMATION('','',#11,#203);
#13344 = PRODUCT_DEFINITION_SHAPE('Placement','Placement of an item',
  #13345);
#13345 = NEXT_ASSEMBLY_USAGE_OCCURRENCE('48','M8 脚垫固定座 1','',
  #5,#13076,$);
#13346 = PRODUCT_RELATED_PRODUCT_CATEGORY('part',$,(#13078));
#13347 = SHAPE_DEFINITION_REPRESENTATION(#13348,#13354);
#13348 = PRODUCT_DEFINITION_SHAPE('','',#13349);
#13349 = PRODUCT_DEFINITION('design','',#13350,#13353);
#13350 = PRODUCT_DEFINITION_FORMATION('','',#13351);
#13351 = PRODUCT('VE 橡胶脚垫与 M8 螺杆 2',
  'VE 橡胶脚垫与 M8 螺杆 2','',(#13352));
#13352 = PRODUCT_CONTEXT('',#2,'mechanical');
#13353 = PRODUCT_DEFINITION_CONTEXT('part definition',#2,'design');
#13354 = ADVANCED_BREP_SHAPE_REPRESENTATION('',(#11,#13355),#13453);
#13355 = MANIFOLD_SOLID_BREP('',#13356);
#13356 = CLOSED_SHELL('',(#13357,#13390,#13410,#13419,#13444));
#13357 = ADVANCED_FACE('',(#13358),#13385,.T.);
#13358 = FACE_BOUND('',#13359,.T.);
#13359 = EDGE_LOOP('',(#13360,#13369,#13377,#13384));
#13360 = ORIENTED_EDGE('',*,*,#13361,.F.);
#13361 = EDGE_CURVE('',#13362,#13362,#13364,.T.);
#13362 = VERTEX_POINT('',#13363);
#13363 = CARTESIAN_POINT('',(432.,40.,20.));
#13364 = CIRCLE('',#13365,15.);
#13365 = AXIS2_PLACEMENT_3D('',#13366,#13367,#13368);
#13366 = CARTESIAN_POINT('',(417.,40.,20.));
#13367 = DIRECTION('',(0.,0.,1.));
#13368 = DIRECTION('',(1.,0.,-0.));
#13369 = ORIENTED_EDGE('',*,*,#13370,.F.);
#13370 = EDGE_CURVE('',#13371,#13362,#13373,.T.);
#13371 = VERTEX_POINT('',#13372);
#13372 = CARTESIAN_POINT('',(432.,40.,0.));
#13373 = LINE('',#13374,#13375);
#13374 = CARTESIAN_POINT('',(432.,40.,0.));
#13375 = VECTOR('',#13376,1.);
#13376 = DIRECTION('',(0.,0.,1.));
#13377 = ORIENTED_EDGE('',*,*,#13378,.T.);
#13378 = EDGE_CURVE('',#13371,#13371,#13379,.T.);
#13379 = CIRCLE('',#13380,15.);
#13380 = AXIS2_PLACEMENT_3D('',#13381,#13382,#13383);
#13381 = CARTESIAN_POINT('',(417.,40.,0.));
#13382 = DIRECTION('',(0.,0.,1.));
#13383 = DIRECTION('',(1.,0.,-0.));
#13384 = ORIENTED_EDGE('',*,*,#13370,.T.);
#13385 = CYLINDRICAL_SURFACE('',#13386,15.);
#13386 = AXIS2_PLACEMENT_3D('',#13387,#13388,#13389);
#13387 = CARTESIAN_POINT('',(417.,40.,0.));
#13388 = DIRECTION('',(0.,0.,1.));
#13389 = DIRECTION('',(1.,0.,-0.));
#13390 = ADVANCED_FACE('',(#13391,#13394),#13405,.T.);
#13391 = FACE_BOUND('',#13392,.T.);
#13392 = EDGE_LOOP('',(#13393));
#13393 = ORIENTED_EDGE('',*,*,#13361,.T.);
#13394 = FACE_BOUND('',#13395,.T.);
#13395 = EDGE_LOOP('',(#13396));
#13396 = ORIENTED_EDGE('',*,*,#13397,.F.);
#13397 = EDGE_CURVE('',#13398,#13398,#13400,.T.);
#13398 = VERTEX_POINT('',#13399);
#13399 = CARTESIAN_POINT('',(421.,40.,20.));
#13400 = CIRCLE('',#13401,4.);
#13401 = AXIS2_PLACEMENT_3D('',#13402,#13403,#13404);
#13402 = CARTESIAN_POINT('',(417.,40.,20.));
#13403 = DIRECTION('',(0.,0.,1.));
#13404 = DIRECTION('',(1.,0.,-0.));
#13405 = PLANE('',#13406);
#13406 = AXIS2_PLACEMENT_3D('',#13407,#13408,#13409);
#13407 = CARTESIAN_POINT('',(417.,40.,20.));
#13408 = DIRECTION('',(0.,0.,1.));
#13409 = DIRECTION('',(1.,0.,-0.));
#13410 = ADVANCED_FACE('',(#13411),#13414,.F.);
#13411 = FACE_BOUND('',#13412,.T.);
#13412 = EDGE_LOOP('',(#13413));
#13413 = ORIENTED_EDGE('',*,*,#13378,.F.);
#13414 = PLANE('',#13415);
#13415 = AXIS2_PLACEMENT_3D('',#13416,#13417,#13418);
#13416 = CARTESIAN_POINT('',(417.,40.,0.));
#13417 = DIRECTION('',(0.,0.,1.));
#13418 = DIRECTION('',(1.,0.,-0.));
#13419 = ADVANCED_FACE('',(#13420),#13439,.T.);
#13420 = FACE_BOUND('',#13421,.T.);
#13421 = EDGE_LOOP('',(#13422,#13431,#13437,#13438));
#13422 = ORIENTED_EDGE('',*,*,#13423,.F.);
#13423 = EDGE_CURVE('',#13424,#13424,#13426,.T.);
#13424 = VERTEX_POINT('',#13425);
#13425 = CARTESIAN_POINT('',(421.,40.,43.));
#13426 = CIRCLE('',#13427,4.);
#13427 = AXIS2_PLACEMENT_3D('',#13428,#13429,#13430);
#13428 = CARTESIAN_POINT('',(417.,40.,43.));
#13429 = DIRECTION('',(0.,0.,1.));
#13430 = DIRECTION('',(1.,0.,-0.));
#13431 = ORIENTED_EDGE('',*,*,#13432,.F.);
#13432 = EDGE_CURVE('',#13398,#13424,#13433,.T.);
#13433 = LINE('',#13434,#13435);
#13434 = CARTESIAN_POINT('',(421.,40.,20.));
#13435 = VECTOR('',#13436,1.);
#13436 = DIRECTION('',(0.,0.,1.));
#13437 = ORIENTED_EDGE('',*,*,#13397,.T.);
#13438 = ORIENTED_EDGE('',*,*,#13432,.T.);
#13439 = CYLINDRICAL_SURFACE('',#13440,4.);
#13440 = AXIS2_PLACEMENT_3D('',#13441,#13442,#13443);
#13441 = CARTESIAN_POINT('',(417.,40.,20.));
#13442 = DIRECTION('',(0.,0.,1.));
#13443 = DIRECTION('',(1.,0.,-0.));
#13444 = ADVANCED_FACE('',(#13445),#13448,.T.);
#13445 = FACE_BOUND('',#13446,.T.);
#13446 = EDGE_LOOP('',(#13447));
#13447 = ORIENTED_EDGE('',*,*,#13423,.T.);
#13448 = PLANE('',#13449);
#13449 = AXIS2_PLACEMENT_3D('',#13450,#13451,#13452);
#13450 = CARTESIAN_POINT('',(417.,40.,43.));
#13451 = DIRECTION('',(0.,0.,1.));
#13452 = DIRECTION('',(1.,0.,-0.));
#13453 = ( GEOMETRIC_REPRESENTATION_CONTEXT(3) 
GLOBAL_UNCERTAINTY_ASSIGNED_CONTEXT((#13457)) 
GLOBAL_UNIT_ASSIGNED_CONTEXT((#13454,#13455,#13456)) 
REPRESENTATION_CONTEXT('Context #1',
  '3D Context with UNIT and UNCERTAINTY') );
#13454 = ( LENGTH_UNIT() NAMED_UNIT(*) SI_UNIT(.MILLI.,.METRE.) );
#13455 = ( NAMED_UNIT(*) PLANE_ANGLE_UNIT() SI_UNIT($,.RADIAN.) );
#13456 = ( NAMED_UNIT(*) SI_UNIT($,.STERADIAN.) SOLID_ANGLE_UNIT() );
#13457 = UNCERTAINTY_MEASURE_WITH_UNIT(LENGTH_MEASURE(1.E-07),#13454,
  'distance_accuracy_value','confusion accuracy');
#13458 = CONTEXT_DEPENDENT_SHAPE_REPRESENTATION(#13459,#13461);
#13459 = ( REPRESENTATION_RELATIONSHIP('','',#13354,#10) 
REPRESENTATION_RELATIONSHIP_WITH_TRANSFORMATION(#13460) 
SHAPE_REPRESENTATION_RELATIONSHIP() );
#13460 = ITEM_DEFINED_TRANSFORMATION('','',#11,#207);
#13461 = PRODUCT_DEFINITION_SHAPE('Placement','Placement of an item',
  #13462);
#13462 = NEXT_ASSEMBLY_USAGE_OCCURRENCE('49',
  'VE 橡胶脚垫与 M8 螺杆 2','',#5,#13349,$);
#13463 = PRODUCT_RELATED_PRODUCT_CATEGORY('part',$,(#13351));
#13464 = SHAPE_DEFINITION_REPRESENTATION(#13465,#13471);
#13465 = PRODUCT_DEFINITION_SHAPE('','',#13466);
#13466 = PRODUCT_DEFINITION('design','',#13467,#13470);
#13467 = PRODUCT_DEFINITION_FORMATION('','',#13468);
#13468 = PRODUCT('M8 脚垫固定座 2','M8 脚垫固定座 2','',(
    #13469));
#13469 = PRODUCT_CONTEXT('',#2,'mechanical');
#13470 = PRODUCT_DEFINITION_CONTEXT('part definition',#2,'design');
#13471 = ADVANCED_BREP_SHAPE_REPRESENTATION('',(#11,#13472),#13726);
#13472 = MANIFOLD_SOLID_BREP('',#13473);
#13473 = CLOSED_SHELL('',(#13474,#13507,#13560,#13613,#13630,#13655,
    #13672,#13689,#13714));
#13474 = ADVANCED_FACE('',(#13475),#13502,.T.);
#13475 = FACE_BOUND('',#13476,.T.);
#13476 = EDGE_LOOP('',(#13477,#13486,#13494,#13501));
#13477 = ORIENTED_EDGE('',*,*,#13478,.F.);
#13478 = EDGE_CURVE('',#13479,#13479,#13481,.T.);
#13479 = VERTEX_POINT('',#13480);
#13480 = CARTESIAN_POINT('',(435.5,40.,22.5));
#13481 = CIRCLE('',#13482,18.5);
#13482 = AXIS2_PLACEMENT_3D('',#13483,#13484,#13485);
#13483 = CARTESIAN_POINT('',(417.,40.,22.5));
#13484 = DIRECTION('',(0.,0.,1.));
#13485 = DIRECTION('',(1.,0.,-0.));
#13486 = ORIENTED_EDGE('',*,*,#13487,.F.);
#13487 = EDGE_CURVE('',#13488,#13479,#13490,.T.);
#13488 = VERTEX_POINT('',#13489);
#13489 = CARTESIAN_POINT('',(435.5,40.,20.));
#13490 = LINE('',#13491,#13492);
#13491 = CARTESIAN_POINT('',(435.5,40.,20.));
#13492 = VECTOR('',#13493,1.);
#13493 = DIRECTION('',(0.,0.,1.));
#13494 = ORIENTED_EDGE('',*,*,#13495,.T.);
#13495 = EDGE_CURVE('',#13488,#13488,#13496,.T.);
#13496 = CIRCLE('',#13497,18.5);
#13497 = AXIS2_PLACEMENT_3D('',#13498,#13499,#13500);
#13498 = CARTESIAN_POINT('',(417.,40.,20.));
#13499 = DIRECTION('',(0.,0.,1.));
#13500 = DIRECTION('',(1.,0.,-0.));
#13501 = ORIENTED_EDGE('',*,*,#13487,.T.);
#13502 = CYLINDRICAL_SURFACE('',#13503,18.5);
#13503 = AXIS2_PLACEMENT_3D('',#13504,#13505,#13506);
#13504 = CARTESIAN_POINT('',(417.,40.,20.));
#13505 = DIRECTION('',(0.,0.,1.));
#13506 = DIRECTION('',(1.,0.,-0.));
#13507 = ADVANCED_FACE('',(#13508,#13511,#13522,#13533,#13544),#13555,
  .T.);
#13508 = FACE_BOUND('',#13509,.T.);
#13509 = EDGE_LOOP('',(#13510));
#13510 = ORIENTED_EDGE('',*,*,#13478,.T.);
#13511 = FACE_BOUND('',#13512,.T.);
#13512 = EDGE_LOOP('',(#13513));
#13513 = ORIENTED_EDGE('',*,*,#13514,.F.);
#13514 = EDGE_CURVE('',#13515,#13515,#13517,.T.);
#13515 = VERTEX_POINT('',#13516);
#13516 = CARTESIAN_POINT('',(412.75,27.875644347018,22.5));
#13517 = CIRCLE('',#13518,2.75);
#13518 = AXIS2_PLACEMENT_3D('',#13519,#13520,#13521);
#13519 = CARTESIAN_POINT('',(410.,27.875644347018,22.5));
#13520 = DIRECTION('',(0.,0.,1.));
#13521 = DIRECTION('',(1.,0.,-0.));
#13522 = FACE_BOUND('',#13523,.T.);
#13523 = EDGE_LOOP('',(#13524));
#13524 = ORIENTED_EDGE('',*,*,#13525,.F.);
#13525 = EDGE_CURVE('',#13526,#13526,#13528,.T.);
#13526 = VERTEX_POINT('',#13527);
#13527 = CARTESIAN_POINT('',(423.,40.,22.5));
#13528 = CIRCLE('',#13529,6.);
#13529 = AXIS2_PLACEMENT_3D('',#13530,#13531,#13532);
#13530 = CARTESIAN_POINT('',(417.,40.,22.5));
#13531 = DIRECTION('',(0.,0.,1.));
#13532 = DIRECTION('',(1.,0.,-0.));
#13533 = FACE_BOUND('',#13534,.T.);
#13534 = EDGE_LOOP('',(#13535));
#13535 = ORIENTED_EDGE('',*,*,#13536,.F.);
#13536 = EDGE_CURVE('',#13537,#13537,#13539,.T.);
#13537 = VERTEX_POINT('',#13538);
#13538 = CARTESIAN_POINT('',(433.75,40.,22.5));
#13539 = CIRCLE('',#13540,2.75);
#13540 = AXIS2_PLACEMENT_3D('',#13541,#13542,#13543);
#13541 = CARTESIAN_POINT('',(431.,40.,22.5));
#13542 = DIRECTION('',(0.,0.,1.));
#13543 = DIRECTION('',(1.,0.,-0.));
#13544 = FACE_BOUND('',#13545,.T.);
#13545 = EDGE_LOOP('',(#13546));
#13546 = ORIENTED_EDGE('',*,*,#13547,.F.);
#13547 = EDGE_CURVE('',#13548,#13548,#13550,.T.);
#13548 = VERTEX_POINT('',#13549);
#13549 = CARTESIAN_POINT('',(412.75,52.124355652982,22.5));
#13550 = CIRCLE('',#13551,2.75);
#13551 = AXIS2_PLACEMENT_3D('',#13552,#13553,#13554);
#13552 = CARTESIAN_POINT('',(410.,52.124355652982,22.5));
#13553 = DIRECTION('',(0.,0.,1.));
#13554 = DIRECTION('',(1.,0.,-0.));
#13555 = PLANE('',#13556);
#13556 = AXIS2_PLACEMENT_3D('',#13557,#13558,#13559);
#13557 = CARTESIAN_POINT('',(417.,40.,22.5));
#13558 = DIRECTION('',(0.,0.,1.));
#13559 = DIRECTION('',(1.,0.,-0.));
#13560 = ADVANCED_FACE('',(#13561,#13564,#13575,#13586,#13597),#13608,
  .F.);
#13561 = FACE_BOUND('',#13562,.F.);
#13562 = EDGE_LOOP('',(#13563));
#13563 = ORIENTED_EDGE('',*,*,#13495,.T.);
#13564 = FACE_BOUND('',#13565,.F.);
#13565 = EDGE_LOOP('',(#13566));
#13566 = ORIENTED_EDGE('',*,*,#13567,.F.);
#13567 = EDGE_CURVE('',#13568,#13568,#13570,.T.);
#13568 = VERTEX_POINT('',#13569);
#13569 = CARTESIAN_POINT('',(412.75,27.875644347018,20.));
#13570 = CIRCLE('',#13571,2.75);
#13571 = AXIS2_PLACEMENT_3D('',#13572,#13573,#13574);
#13572 = CARTESIAN_POINT('',(410.,27.875644347018,20.));
#13573 = DIRECTION('',(0.,0.,1.));
#13574 = DIRECTION('',(1.,0.,-0.));
#13575 = FACE_BOUND('',#13576,.F.);
#13576 = EDGE_LOOP('',(#13577));
#13577 = ORIENTED_EDGE('',*,*,#13578,.F.);
#13578 = EDGE_CURVE('',#13579,#13579,#13581,.T.);
#13579 = VERTEX_POINT('',#13580);
#13580 = CARTESIAN_POINT('',(421.,40.,20.));
#13581 = CIRCLE('',#13582,4.);
#13582 = AXIS2_PLACEMENT_3D('',#13583,#13584,#13585);
#13583 = CARTESIAN_POINT('',(417.,40.,20.));
#13584 = DIRECTION('',(0.,0.,1.));
#13585 = DIRECTION('',(1.,0.,-0.));
#13586 = FACE_BOUND('',#13587,.F.);
#13587 = EDGE_LOOP('',(#13588));
#13588 = ORIENTED_EDGE('',*,*,#13589,.F.);
#13589 = EDGE_CURVE('',#13590,#13590,#13592,.T.);
#13590 = VERTEX_POINT('',#13591);
#13591 = CARTESIAN_POINT('',(433.75,40.,20.));
#13592 = CIRCLE('',#13593,2.75);
#13593 = AXIS2_PLACEMENT_3D('',#13594,#13595,#13596);
#13594 = CARTESIAN_POINT('',(431.,40.,20.));
#13595 = DIRECTION('',(0.,0.,1.));
#13596 = DIRECTION('',(1.,0.,-0.));
#13597 = FACE_BOUND('',#13598,.F.);
#13598 = EDGE_LOOP('',(#13599));
#13599 = ORIENTED_EDGE('',*,*,#13600,.F.);
#13600 = EDGE_CURVE('',#13601,#13601,#13603,.T.);
#13601 = VERTEX_POINT('',#13602);
#13602 = CARTESIAN_POINT('',(412.75,52.124355652982,20.));
#13603 = CIRCLE('',#13604,2.75);
#13604 = AXIS2_PLACEMENT_3D('',#13605,#13606,#13607);
#13605 = CARTESIAN_POINT('',(410.,52.124355652982,20.));
#13606 = DIRECTION('',(0.,0.,1.));
#13607 = DIRECTION('',(1.,0.,-0.));
#13608 = PLANE('',#13609);
#13609 = AXIS2_PLACEMENT_3D('',#13610,#13611,#13612);
#13610 = CARTESIAN_POINT('',(417.,40.,20.));
#13611 = DIRECTION('',(0.,0.,1.));
#13612 = DIRECTION('',(1.,0.,-0.));
#13613 = ADVANCED_FACE('',(#13614),#13625,.F.);
#13614 = FACE_BOUND('',#13615,.F.);
#13615 = EDGE_LOOP('',(#13616,#13617,#13623,#13624));
#13616 = ORIENTED_EDGE('',*,*,#13514,.F.);
#13617 = ORIENTED_EDGE('',*,*,#13618,.F.);
#13618 = EDGE_CURVE('',#13568,#13515,#13619,.T.);
#13619 = LINE('',#13620,#13621);
#13620 = CARTESIAN_POINT('',(412.75,27.875644347018,19.));
#13621 = VECTOR('',#13622,1.);
#13622 = DIRECTION('',(0.,0.,1.));
#13623 = ORIENTED_EDGE('',*,*,#13567,.T.);
#13624 = ORIENTED_EDGE('',*,*,#13618,.T.);
#13625 = CYLINDRICAL_SURFACE('',#13626,2.75);
#13626 = AXIS2_PLACEMENT_3D('',#13627,#13628,#13629);
#13627 = CARTESIAN_POINT('',(410.,27.875644347018,19.));
#13628 = DIRECTION('',(0.,0.,1.));
#13629 = DIRECTION('',(1.,0.,-0.));
#13630 = ADVANCED_FACE('',(#13631),#13650,.T.);
#13631 = FACE_BOUND('',#13632,.T.);
#13632 = EDGE_LOOP('',(#13633,#13642,#13648,#13649));
#13633 = ORIENTED_EDGE('',*,*,#13634,.F.);
#13634 = EDGE_CURVE('',#13635,#13635,#13637,.T.);
#13635 = VERTEX_POINT('',#13636);
#13636 = CARTESIAN_POINT('',(423.,40.,37.));
#13637 = CIRCLE('',#13638,6.);
#13638 = AXIS2_PLACEMENT_3D('',#13639,#13640,#13641);
#13639 = CARTESIAN_POINT('',(417.,40.,37.));
#13640 = DIRECTION('',(0.,0.,1.));
#13641 = DIRECTION('',(1.,0.,-0.));
#13642 = ORIENTED_EDGE('',*,*,#13643,.F.);
#13643 = EDGE_CURVE('',#13526,#13635,#13644,.T.);
#13644 = LINE('',#13645,#13646);
#13645 = CARTESIAN_POINT('',(423.,40.,22.5));
#13646 = VECTOR('',#13647,1.);
#13647 = DIRECTION('',(0.,0.,1.));
#13648 = ORIENTED_EDGE('',*,*,#13525,.T.);
#13649 = ORIENTED_EDGE('',*,*,#13643,.T.);
#13650 = CYLINDRICAL_SURFACE('',#13651,6.);
#13651 = AXIS2_PLACEMENT_3D('',#13652,#13653,#13654);
#13652 = CARTESIAN_POINT('',(417.,40.,22.5));
#13653 = DIRECTION('',(0.,0.,1.));
#13654 = DIRECTION('',(1.,0.,-0.));
#13655 = ADVANCED_FACE('',(#13656),#13667,.F.);
#13656 = FACE_BOUND('',#13657,.F.);
#13657 = EDGE_LOOP('',(#13658,#13659,#13665,#13666));
#13658 = ORIENTED_EDGE('',*,*,#13536,.F.);
#13659 = ORIENTED_EDGE('',*,*,#13660,.F.);
#13660 = EDGE_CURVE('',#13590,#13537,#13661,.T.);
#13661 = LINE('',#13662,#13663);
#13662 = CARTESIAN_POINT('',(433.75,40.,19.));
#13663 = VECTOR('',#13664,1.);
#13664 = DIRECTION('',(0.,0.,1.));
#13665 = ORIENTED_EDGE('',*,*,#13589,.T.);
#13666 = ORIENTED_EDGE('',*,*,#13660,.T.);
#13667 = CYLINDRICAL_SURFACE('',#13668,2.75);
#13668 = AXIS2_PLACEMENT_3D('',#13669,#13670,#13671);
#13669 = CARTESIAN_POINT('',(431.,40.,19.));
#13670 = DIRECTION('',(0.,0.,1.));
#13671 = DIRECTION('',(1.,0.,-0.));
#13672 = ADVANCED_FACE('',(#13673),#13684,.F.);
#13673 = FACE_BOUND('',#13674,.F.);
#13674 = EDGE_LOOP('',(#13675,#13676,#13682,#13683));
#13675 = ORIENTED_EDGE('',*,*,#13547,.F.);
#13676 = ORIENTED_EDGE('',*,*,#13677,.F.);
#13677 = EDGE_CURVE('',#13601,#13548,#13678,.T.);
#13678 = LINE('',#13679,#13680);
#13679 = CARTESIAN_POINT('',(412.75,52.124355652982,19.));
#13680 = VECTOR('',#13681,1.);
#13681 = DIRECTION('',(0.,0.,1.));
#13682 = ORIENTED_EDGE('',*,*,#13600,.T.);
#13683 = ORIENTED_EDGE('',*,*,#13677,.T.);
#13684 = CYLINDRICAL_SURFACE('',#13685,2.75);
#13685 = AXIS2_PLACEMENT_3D('',#13686,#13687,#13688);
#13686 = CARTESIAN_POINT('',(410.,52.124355652982,19.));
#13687 = DIRECTION('',(0.,0.,1.));
#13688 = DIRECTION('',(1.,0.,-0.));
#13689 = ADVANCED_FACE('',(#13690),#13709,.F.);
#13690 = FACE_BOUND('',#13691,.F.);
#13691 = EDGE_LOOP('',(#13692,#13701,#13707,#13708));
#13692 = ORIENTED_EDGE('',*,*,#13693,.F.);
#13693 = EDGE_CURVE('',#13694,#13694,#13696,.T.);
#13694 = VERTEX_POINT('',#13695);
#13695 = CARTESIAN_POINT('',(421.,40.,37.));
#13696 = CIRCLE('',#13697,4.);
#13697 = AXIS2_PLACEMENT_3D('',#13698,#13699,#13700);
#13698 = CARTESIAN_POINT('',(417.,40.,37.));
#13699 = DIRECTION('',(0.,0.,1.));
#13700 = DIRECTION('',(1.,0.,-0.));
#13701 = ORIENTED_EDGE('',*,*,#13702,.F.);
#13702 = EDGE_CURVE('',#13579,#13694,#13703,.T.);
#13703 = LINE('',#13704,#13705);
#13704 = CARTESIAN_POINT('',(421.,40.,19.));
#13705 = VECTOR('',#13706,1.);
#13706 = DIRECTION('',(0.,0.,1.));
#13707 = ORIENTED_EDGE('',*,*,#13578,.T.);
#13708 = ORIENTED_EDGE('',*,*,#13702,.T.);
#13709 = CYLINDRICAL_SURFACE('',#13710,4.);
#13710 = AXIS2_PLACEMENT_3D('',#13711,#13712,#13713);
#13711 = CARTESIAN_POINT('',(417.,40.,19.));
#13712 = DIRECTION('',(0.,0.,1.));
#13713 = DIRECTION('',(1.,0.,-0.));
#13714 = ADVANCED_FACE('',(#13715,#13718),#13721,.T.);
#13715 = FACE_BOUND('',#13716,.T.);
#13716 = EDGE_LOOP('',(#13717));
#13717 = ORIENTED_EDGE('',*,*,#13634,.T.);
#13718 = FACE_BOUND('',#13719,.T.);
#13719 = EDGE_LOOP('',(#13720));
#13720 = ORIENTED_EDGE('',*,*,#13693,.F.);
#13721 = PLANE('',#13722);
#13722 = AXIS2_PLACEMENT_3D('',#13723,#13724,#13725);
#13723 = CARTESIAN_POINT('',(417.,40.,37.));
#13724 = DIRECTION('',(0.,0.,1.));
#13725 = DIRECTION('',(1.,0.,-0.));
#13726 = ( GEOMETRIC_REPRESENTATION_CONTEXT(3) 
GLOBAL_UNCERTAINTY_ASSIGNED_CONTEXT((#13730)) 
GLOBAL_UNIT_ASSIGNED_CONTEXT((#13727,#13728,#13729)) 
REPRESENTATION_CONTEXT('Context #1',
  '3D Context with UNIT and UNCERTAINTY') );
#13727 = ( LENGTH_UNIT() NAMED_UNIT(*) SI_UNIT(.MILLI.,.METRE.) );
#13728 = ( NAMED_UNIT(*) PLANE_ANGLE_UNIT() SI_UNIT($,.RADIAN.) );
#13729 = ( NAMED_UNIT(*) SI_UNIT($,.STERADIAN.) SOLID_ANGLE_UNIT() );
#13730 = UNCERTAINTY_MEASURE_WITH_UNIT(LENGTH_MEASURE(1.E-07),#13727,
  'distance_accuracy_value','confusion accuracy');
#13731 = CONTEXT_DEPENDENT_SHAPE_REPRESENTATION(#13732,#13734);
#13732 = ( REPRESENTATION_RELATIONSHIP('','',#13471,#10) 
REPRESENTATION_RELATIONSHIP_WITH_TRANSFORMATION(#13733) 
SHAPE_REPRESENTATION_RELATIONSHIP() );
#13733 = ITEM_DEFINED_TRANSFORMATION('','',#11,#211);
#13734 = PRODUCT_DEFINITION_SHAPE('Placement','Placement of an item',
  #13735);
#13735 = NEXT_ASSEMBLY_USAGE_OCCURRENCE('50','M8 脚垫固定座 2','',
  #5,#13466,$);
#13736 = PRODUCT_RELATED_PRODUCT_CATEGORY('part',$,(#13468));
#13737 = SHAPE_DEFINITION_REPRESENTATION(#13738,#13744);
#13738 = PRODUCT_DEFINITION_SHAPE('','',#13739);
#13739 = PRODUCT_DEFINITION('design','',#13740,#13743);
#13740 = PRODUCT_DEFINITION_FORMATION('','',#13741);
#13741 = PRODUCT('VE 橡胶脚垫与 M8 螺杆 3',
  'VE 橡胶脚垫与 M8 螺杆 3','',(#13742));
#13742 = PRODUCT_CONTEXT('',#2,'mechanical');
#13743 = PRODUCT_DEFINITION_CONTEXT('part definition',#2,'design');
#13744 = ADVANCED_BREP_SHAPE_REPRESENTATION('',(#11,#13745),#13843);
#13745 = MANIFOLD_SOLID_BREP('',#13746);
#13746 = CLOSED_SHELL('',(#13747,#13780,#13800,#13809,#13834));
#13747 = ADVANCED_FACE('',(#13748),#13775,.T.);
#13748 = FACE_BOUND('',#13749,.T.);
#13749 = EDGE_LOOP('',(#13750,#13759,#13767,#13774));
#13750 = ORIENTED_EDGE('',*,*,#13751,.F.);
#13751 = EDGE_CURVE('',#13752,#13752,#13754,.T.);
#13752 = VERTEX_POINT('',#13753);
#13753 = CARTESIAN_POINT('',(48.,320.,20.));
#13754 = CIRCLE('',#13755,15.);
#13755 = AXIS2_PLACEMENT_3D('',#13756,#13757,#13758);
#13756 = CARTESIAN_POINT('',(33.,320.,20.));
#13757 = DIRECTION('',(0.,0.,1.));
#13758 = DIRECTION('',(1.,0.,-0.));
#13759 = ORIENTED_EDGE('',*,*,#13760,.F.);
#13760 = EDGE_CURVE('',#13761,#13752,#13763,.T.);
#13761 = VERTEX_POINT('',#13762);
#13762 = CARTESIAN_POINT('',(48.,320.,0.));
#13763 = LINE('',#13764,#13765);
#13764 = CARTESIAN_POINT('',(48.,320.,0.));
#13765 = VECTOR('',#13766,1.);
#13766 = DIRECTION('',(0.,0.,1.));
#13767 = ORIENTED_EDGE('',*,*,#13768,.T.);
#13768 = EDGE_CURVE('',#13761,#13761,#13769,.T.);
#13769 = CIRCLE('',#13770,15.);
#13770 = AXIS2_PLACEMENT_3D('',#13771,#13772,#13773);
#13771 = CARTESIAN_POINT('',(33.,320.,0.));
#13772 = DIRECTION('',(0.,0.,1.));
#13773 = DIRECTION('',(1.,0.,-0.));
#13774 = ORIENTED_EDGE('',*,*,#13760,.T.);
#13775 = CYLINDRICAL_SURFACE('',#13776,15.);
#13776 = AXIS2_PLACEMENT_3D('',#13777,#13778,#13779);
#13777 = CARTESIAN_POINT('',(33.,320.,0.));
#13778 = DIRECTION('',(0.,0.,1.));
#13779 = DIRECTION('',(1.,0.,-0.));
#13780 = ADVANCED_FACE('',(#13781,#13784),#13795,.T.);
#13781 = FACE_BOUND('',#13782,.T.);
#13782 = EDGE_LOOP('',(#13783));
#13783 = ORIENTED_EDGE('',*,*,#13751,.T.);
#13784 = FACE_BOUND('',#13785,.T.);
#13785 = EDGE_LOOP('',(#13786));
#13786 = ORIENTED_EDGE('',*,*,#13787,.F.);
#13787 = EDGE_CURVE('',#13788,#13788,#13790,.T.);
#13788 = VERTEX_POINT('',#13789);
#13789 = CARTESIAN_POINT('',(37.,320.,20.));
#13790 = CIRCLE('',#13791,4.);
#13791 = AXIS2_PLACEMENT_3D('',#13792,#13793,#13794);
#13792 = CARTESIAN_POINT('',(33.,320.,20.));
#13793 = DIRECTION('',(0.,0.,1.));
#13794 = DIRECTION('',(1.,0.,-0.));
#13795 = PLANE('',#13796);
#13796 = AXIS2_PLACEMENT_3D('',#13797,#13798,#13799);
#13797 = CARTESIAN_POINT('',(33.,320.,20.));
#13798 = DIRECTION('',(0.,0.,1.));
#13799 = DIRECTION('',(1.,0.,-0.));
#13800 = ADVANCED_FACE('',(#13801),#13804,.F.);
#13801 = FACE_BOUND('',#13802,.T.);
#13802 = EDGE_LOOP('',(#13803));
#13803 = ORIENTED_EDGE('',*,*,#13768,.F.);
#13804 = PLANE('',#13805);
#13805 = AXIS2_PLACEMENT_3D('',#13806,#13807,#13808);
#13806 = CARTESIAN_POINT('',(33.,320.,0.));
#13807 = DIRECTION('',(0.,0.,1.));
#13808 = DIRECTION('',(1.,0.,-0.));
#13809 = ADVANCED_FACE('',(#13810),#13829,.T.);
#13810 = FACE_BOUND('',#13811,.T.);
#13811 = EDGE_LOOP('',(#13812,#13821,#13827,#13828));
#13812 = ORIENTED_EDGE('',*,*,#13813,.F.);
#13813 = EDGE_CURVE('',#13814,#13814,#13816,.T.);
#13814 = VERTEX_POINT('',#13815);
#13815 = CARTESIAN_POINT('',(37.,320.,43.));
#13816 = CIRCLE('',#13817,4.);
#13817 = AXIS2_PLACEMENT_3D('',#13818,#13819,#13820);
#13818 = CARTESIAN_POINT('',(33.,320.,43.));
#13819 = DIRECTION('',(0.,0.,1.));
#13820 = DIRECTION('',(1.,0.,-0.));
#13821 = ORIENTED_EDGE('',*,*,#13822,.F.);
#13822 = EDGE_CURVE('',#13788,#13814,#13823,.T.);
#13823 = LINE('',#13824,#13825);
#13824 = CARTESIAN_POINT('',(37.,320.,20.));
#13825 = VECTOR('',#13826,1.);
#13826 = DIRECTION('',(0.,0.,1.));
#13827 = ORIENTED_EDGE('',*,*,#13787,.T.);
#13828 = ORIENTED_EDGE('',*,*,#13822,.T.);
#13829 = CYLINDRICAL_SURFACE('',#13830,4.);
#13830 = AXIS2_PLACEMENT_3D('',#13831,#13832,#13833);
#13831 = CARTESIAN_POINT('',(33.,320.,20.));
#13832 = DIRECTION('',(0.,0.,1.));
#13833 = DIRECTION('',(1.,0.,-0.));
#13834 = ADVANCED_FACE('',(#13835),#13838,.T.);
#13835 = FACE_BOUND('',#13836,.T.);
#13836 = EDGE_LOOP('',(#13837));
#13837 = ORIENTED_EDGE('',*,*,#13813,.T.);
#13838 = PLANE('',#13839);
#13839 = AXIS2_PLACEMENT_3D('',#13840,#13841,#13842);
#13840 = CARTESIAN_POINT('',(33.,320.,43.));
#13841 = DIRECTION('',(0.,0.,1.));
#13842 = DIRECTION('',(1.,0.,-0.));
#13843 = ( GEOMETRIC_REPRESENTATION_CONTEXT(3) 
GLOBAL_UNCERTAINTY_ASSIGNED_CONTEXT((#13847)) 
GLOBAL_UNIT_ASSIGNED_CONTEXT((#13844,#13845,#13846)) 
REPRESENTATION_CONTEXT('Context #1',
  '3D Context with UNIT and UNCERTAINTY') );
#13844 = ( LENGTH_UNIT() NAMED_UNIT(*) SI_UNIT(.MILLI.,.METRE.) );
#13845 = ( NAMED_UNIT(*) PLANE_ANGLE_UNIT() SI_UNIT($,.RADIAN.) );
#13846 = ( NAMED_UNIT(*) SI_UNIT($,.STERADIAN.) SOLID_ANGLE_UNIT() );
#13847 = UNCERTAINTY_MEASURE_WITH_UNIT(LENGTH_MEASURE(1.E-07),#13844,
  'distance_accuracy_value','confusion accuracy');
#13848 = CONTEXT_DEPENDENT_SHAPE_REPRESENTATION(#13849,#13851);
#13849 = ( REPRESENTATION_RELATIONSHIP('','',#13744,#10) 
REPRESENTATION_RELATIONSHIP_WITH_TRANSFORMATION(#13850) 
SHAPE_REPRESENTATION_RELATIONSHIP() );
#13850 = ITEM_DEFINED_TRANSFORMATION('','',#11,#215);
#13851 = PRODUCT_DEFINITION_SHAPE('Placement','Placement of an item',
  #13852);
#13852 = NEXT_ASSEMBLY_USAGE_OCCURRENCE('51',
  'VE 橡胶脚垫与 M8 螺杆 3','',#5,#13739,$);
#13853 = PRODUCT_RELATED_PRODUCT_CATEGORY('part',$,(#13741));
#13854 = SHAPE_DEFINITION_REPRESENTATION(#13855,#13861);
#13855 = PRODUCT_DEFINITION_SHAPE('','',#13856);
#13856 = PRODUCT_DEFINITION('design','',#13857,#13860);
#13857 = PRODUCT_DEFINITION_FORMATION('','',#13858);
#13858 = PRODUCT('M8 脚垫固定座 3','M8 脚垫固定座 3','',(
    #13859));
#13859 = PRODUCT_CONTEXT('',#2,'mechanical');
#13860 = PRODUCT_DEFINITION_CONTEXT('part definition',#2,'design');
#13861 = ADVANCED_BREP_SHAPE_REPRESENTATION('',(#11,#13862),#14116);
#13862 = MANIFOLD_SOLID_BREP('',#13863);
#13863 = CLOSED_SHELL('',(#13864,#13897,#13950,#14003,#14020,#14045,
    #14062,#14079,#14104));
#13864 = ADVANCED_FACE('',(#13865),#13892,.T.);
#13865 = FACE_BOUND('',#13866,.T.);
#13866 = EDGE_LOOP('',(#13867,#13876,#13884,#13891));
#13867 = ORIENTED_EDGE('',*,*,#13868,.F.);
#13868 = EDGE_CURVE('',#13869,#13869,#13871,.T.);
#13869 = VERTEX_POINT('',#13870);
#13870 = CARTESIAN_POINT('',(51.5,320.,22.5));
#13871 = CIRCLE('',#13872,18.5);
#13872 = AXIS2_PLACEMENT_3D('',#13873,#13874,#13875);
#13873 = CARTESIAN_POINT('',(33.,320.,22.5));
#13874 = DIRECTION('',(0.,0.,1.));
#13875 = DIRECTION('',(1.,0.,-0.));
#13876 = ORIENTED_EDGE('',*,*,#13877,.F.);
#13877 = EDGE_CURVE('',#13878,#13869,#13880,.T.);
#13878 = VERTEX_POINT('',#13879);
#13879 = CARTESIAN_POINT('',(51.5,320.,20.));
#13880 = LINE('',#13881,#13882);
#13881 = CARTESIAN_POINT('',(51.5,320.,20.));
#13882 = VECTOR('',#13883,1.);
#13883 = DIRECTION('',(0.,0.,1.));
#13884 = ORIENTED_EDGE('',*,*,#13885,.T.);
#13885 = EDGE_CURVE('',#13878,#13878,#13886,.T.);
#13886 = CIRCLE('',#13887,18.5);
#13887 = AXIS2_PLACEMENT_3D('',#13888,#13889,#13890);
#13888 = CARTESIAN_POINT('',(33.,320.,20.));
#13889 = DIRECTION('',(0.,0.,1.));
#13890 = DIRECTION('',(1.,0.,-0.));
#13891 = ORIENTED_EDGE('',*,*,#13877,.T.);
#13892 = CYLINDRICAL_SURFACE('',#13893,18.5);
#13893 = AXIS2_PLACEMENT_3D('',#13894,#13895,#13896);
#13894 = CARTESIAN_POINT('',(33.,320.,20.));
#13895 = DIRECTION('',(0.,0.,1.));
#13896 = DIRECTION('',(1.,0.,-0.));
#13897 = ADVANCED_FACE('',(#13898,#13901,#13912,#13923,#13934),#13945,
  .T.);
#13898 = FACE_BOUND('',#13899,.T.);
#13899 = EDGE_LOOP('',(#13900));
#13900 = ORIENTED_EDGE('',*,*,#13868,.T.);
#13901 = FACE_BOUND('',#13902,.T.);
#13902 = EDGE_LOOP('',(#13903));
#13903 = ORIENTED_EDGE('',*,*,#13904,.F.);
#13904 = EDGE_CURVE('',#13905,#13905,#13907,.T.);
#13905 = VERTEX_POINT('',#13906);
#13906 = CARTESIAN_POINT('',(28.75,307.87564434701,22.5));
#13907 = CIRCLE('',#13908,2.75);
#13908 = AXIS2_PLACEMENT_3D('',#13909,#13910,#13911);
#13909 = CARTESIAN_POINT('',(26.,307.87564434701,22.5));
#13910 = DIRECTION('',(0.,0.,1.));
#13911 = DIRECTION('',(1.,0.,-0.));
#13912 = FACE_BOUND('',#13913,.T.);
#13913 = EDGE_LOOP('',(#13914));
#13914 = ORIENTED_EDGE('',*,*,#13915,.F.);
#13915 = EDGE_CURVE('',#13916,#13916,#13918,.T.);
#13916 = VERTEX_POINT('',#13917);
#13917 = CARTESIAN_POINT('',(39.,320.,22.5));
#13918 = CIRCLE('',#13919,6.);
#13919 = AXIS2_PLACEMENT_3D('',#13920,#13921,#13922);
#13920 = CARTESIAN_POINT('',(33.,320.,22.5));
#13921 = DIRECTION('',(0.,0.,1.));
#13922 = DIRECTION('',(1.,0.,-0.));
#13923 = FACE_BOUND('',#13924,.T.);
#13924 = EDGE_LOOP('',(#13925));
#13925 = ORIENTED_EDGE('',*,*,#13926,.F.);
#13926 = EDGE_CURVE('',#13927,#13927,#13929,.T.);
#13927 = VERTEX_POINT('',#13928);
#13928 = CARTESIAN_POINT('',(28.75,332.12435565298,22.5));
#13929 = CIRCLE('',#13930,2.75);
#13930 = AXIS2_PLACEMENT_3D('',#13931,#13932,#13933);
#13931 = CARTESIAN_POINT('',(26.,332.12435565298,22.5));
#13932 = DIRECTION('',(0.,0.,1.));
#13933 = DIRECTION('',(1.,0.,-0.));
#13934 = FACE_BOUND('',#13935,.T.);
#13935 = EDGE_LOOP('',(#13936));
#13936 = ORIENTED_EDGE('',*,*,#13937,.F.);
#13937 = EDGE_CURVE('',#13938,#13938,#13940,.T.);
#13938 = VERTEX_POINT('',#13939);
#13939 = CARTESIAN_POINT('',(49.75,320.,22.5));
#13940 = CIRCLE('',#13941,2.75);
#13941 = AXIS2_PLACEMENT_3D('',#13942,#13943,#13944);
#13942 = CARTESIAN_POINT('',(47.,320.,22.5));
#13943 = DIRECTION('',(0.,0.,1.));
#13944 = DIRECTION('',(1.,0.,-0.));
#13945 = PLANE('',#13946);
#13946 = AXIS2_PLACEMENT_3D('',#13947,#13948,#13949);
#13947 = CARTESIAN_POINT('',(33.,320.,22.5));
#13948 = DIRECTION('',(0.,0.,1.));
#13949 = DIRECTION('',(1.,0.,-0.));
#13950 = ADVANCED_FACE('',(#13951,#13954,#13965,#13976,#13987),#13998,
  .F.);
#13951 = FACE_BOUND('',#13952,.F.);
#13952 = EDGE_LOOP('',(#13953));
#13953 = ORIENTED_EDGE('',*,*,#13885,.T.);
#13954 = FACE_BOUND('',#13955,.F.);
#13955 = EDGE_LOOP('',(#13956));
#13956 = ORIENTED_EDGE('',*,*,#13957,.F.);
#13957 = EDGE_CURVE('',#13958,#13958,#13960,.T.);
#13958 = VERTEX_POINT('',#13959);
#13959 = CARTESIAN_POINT('',(28.75,307.87564434701,20.));
#13960 = CIRCLE('',#13961,2.75);
#13961 = AXIS2_PLACEMENT_3D('',#13962,#13963,#13964);
#13962 = CARTESIAN_POINT('',(26.,307.87564434701,20.));
#13963 = DIRECTION('',(0.,0.,1.));
#13964 = DIRECTION('',(1.,0.,-0.));
#13965 = FACE_BOUND('',#13966,.F.);
#13966 = EDGE_LOOP('',(#13967));
#13967 = ORIENTED_EDGE('',*,*,#13968,.F.);
#13968 = EDGE_CURVE('',#13969,#13969,#13971,.T.);
#13969 = VERTEX_POINT('',#13970);
#13970 = CARTESIAN_POINT('',(37.,320.,20.));
#13971 = CIRCLE('',#13972,4.);
#13972 = AXIS2_PLACEMENT_3D('',#13973,#13974,#13975);
#13973 = CARTESIAN_POINT('',(33.,320.,20.));
#13974 = DIRECTION('',(0.,0.,1.));
#13975 = DIRECTION('',(1.,0.,-0.));
#13976 = FACE_BOUND('',#13977,.F.);
#13977 = EDGE_LOOP('',(#13978));
#13978 = ORIENTED_EDGE('',*,*,#13979,.F.);
#13979 = EDGE_CURVE('',#13980,#13980,#13982,.T.);
#13980 = VERTEX_POINT('',#13981);
#13981 = CARTESIAN_POINT('',(28.75,332.12435565298,20.));
#13982 = CIRCLE('',#13983,2.75);
#13983 = AXIS2_PLACEMENT_3D('',#13984,#13985,#13986);
#13984 = CARTESIAN_POINT('',(26.,332.12435565298,20.));
#13985 = DIRECTION('',(0.,0.,1.));
#13986 = DIRECTION('',(1.,0.,-0.));
#13987 = FACE_BOUND('',#13988,.F.);
#13988 = EDGE_LOOP('',(#13989));
#13989 = ORIENTED_EDGE('',*,*,#13990,.F.);
#13990 = EDGE_CURVE('',#13991,#13991,#13993,.T.);
#13991 = VERTEX_POINT('',#13992);
#13992 = CARTESIAN_POINT('',(49.75,320.,20.));
#13993 = CIRCLE('',#13994,2.75);
#13994 = AXIS2_PLACEMENT_3D('',#13995,#13996,#13997);
#13995 = CARTESIAN_POINT('',(47.,320.,20.));
#13996 = DIRECTION('',(0.,0.,1.));
#13997 = DIRECTION('',(1.,0.,-0.));
#13998 = PLANE('',#13999);
#13999 = AXIS2_PLACEMENT_3D('',#14000,#14001,#14002);
#14000 = CARTESIAN_POINT('',(33.,320.,20.));
#14001 = DIRECTION('',(0.,0.,1.));
#14002 = DIRECTION('',(1.,0.,-0.));
#14003 = ADVANCED_FACE('',(#14004),#14015,.F.);
#14004 = FACE_BOUND('',#14005,.F.);
#14005 = EDGE_LOOP('',(#14006,#14007,#14013,#14014));
#14006 = ORIENTED_EDGE('',*,*,#13904,.F.);
#14007 = ORIENTED_EDGE('',*,*,#14008,.F.);
#14008 = EDGE_CURVE('',#13958,#13905,#14009,.T.);
#14009 = LINE('',#14010,#14011);
#14010 = CARTESIAN_POINT('',(28.75,307.87564434701,19.));
#14011 = VECTOR('',#14012,1.);
#14012 = DIRECTION('',(0.,0.,1.));
#14013 = ORIENTED_EDGE('',*,*,#13957,.T.);
#14014 = ORIENTED_EDGE('',*,*,#14008,.T.);
#14015 = CYLINDRICAL_SURFACE('',#14016,2.75);
#14016 = AXIS2_PLACEMENT_3D('',#14017,#14018,#14019);
#14017 = CARTESIAN_POINT('',(26.,307.87564434701,19.));
#14018 = DIRECTION('',(0.,0.,1.));
#14019 = DIRECTION('',(1.,0.,-0.));
#14020 = ADVANCED_FACE('',(#14021),#14040,.T.);
#14021 = FACE_BOUND('',#14022,.T.);
#14022 = EDGE_LOOP('',(#14023,#14032,#14038,#14039));
#14023 = ORIENTED_EDGE('',*,*,#14024,.F.);
#14024 = EDGE_CURVE('',#14025,#14025,#14027,.T.);
#14025 = VERTEX_POINT('',#14026);
#14026 = CARTESIAN_POINT('',(39.,320.,37.));
#14027 = CIRCLE('',#14028,6.);
#14028 = AXIS2_PLACEMENT_3D('',#14029,#14030,#14031);
#14029 = CARTESIAN_POINT('',(33.,320.,37.));
#14030 = DIRECTION('',(0.,0.,1.));
#14031 = DIRECTION('',(1.,0.,-0.));
#14032 = ORIENTED_EDGE('',*,*,#14033,.F.);
#14033 = EDGE_CURVE('',#13916,#14025,#14034,.T.);
#14034 = LINE('',#14035,#14036);
#14035 = CARTESIAN_POINT('',(39.,320.,22.5));
#14036 = VECTOR('',#14037,1.);
#14037 = DIRECTION('',(0.,0.,1.));
#14038 = ORIENTED_EDGE('',*,*,#13915,.T.);
#14039 = ORIENTED_EDGE('',*,*,#14033,.T.);
#14040 = CYLINDRICAL_SURFACE('',#14041,6.);
#14041 = AXIS2_PLACEMENT_3D('',#14042,#14043,#14044);
#14042 = CARTESIAN_POINT('',(33.,320.,22.5));
#14043 = DIRECTION('',(0.,0.,1.));
#14044 = DIRECTION('',(1.,0.,-0.));
#14045 = ADVANCED_FACE('',(#14046),#14057,.F.);
#14046 = FACE_BOUND('',#14047,.F.);
#14047 = EDGE_LOOP('',(#14048,#14049,#14055,#14056));
#14048 = ORIENTED_EDGE('',*,*,#13926,.F.);
#14049 = ORIENTED_EDGE('',*,*,#14050,.F.);
#14050 = EDGE_CURVE('',#13980,#13927,#14051,.T.);
#14051 = LINE('',#14052,#14053);
#14052 = CARTESIAN_POINT('',(28.75,332.12435565298,19.));
#14053 = VECTOR('',#14054,1.);
#14054 = DIRECTION('',(0.,0.,1.));
#14055 = ORIENTED_EDGE('',*,*,#13979,.T.);
#14056 = ORIENTED_EDGE('',*,*,#14050,.T.);
#14057 = CYLINDRICAL_SURFACE('',#14058,2.75);
#14058 = AXIS2_PLACEMENT_3D('',#14059,#14060,#14061);
#14059 = CARTESIAN_POINT('',(26.,332.12435565298,19.));
#14060 = DIRECTION('',(0.,0.,1.));
#14061 = DIRECTION('',(1.,0.,-0.));
#14062 = ADVANCED_FACE('',(#14063),#14074,.F.);
#14063 = FACE_BOUND('',#14064,.F.);
#14064 = EDGE_LOOP('',(#14065,#14066,#14072,#14073));
#14065 = ORIENTED_EDGE('',*,*,#13937,.F.);
#14066 = ORIENTED_EDGE('',*,*,#14067,.F.);
#14067 = EDGE_CURVE('',#13991,#13938,#14068,.T.);
#14068 = LINE('',#14069,#14070);
#14069 = CARTESIAN_POINT('',(49.75,320.,19.));
#14070 = VECTOR('',#14071,1.);
#14071 = DIRECTION('',(0.,0.,1.));
#14072 = ORIENTED_EDGE('',*,*,#13990,.T.);
#14073 = ORIENTED_EDGE('',*,*,#14067,.T.);
#14074 = CYLINDRICAL_SURFACE('',#14075,2.75);
#14075 = AXIS2_PLACEMENT_3D('',#14076,#14077,#14078);
#14076 = CARTESIAN_POINT('',(47.,320.,19.));
#14077 = DIRECTION('',(0.,0.,1.));
#14078 = DIRECTION('',(1.,0.,-0.));
#14079 = ADVANCED_FACE('',(#14080),#14099,.F.);
#14080 = FACE_BOUND('',#14081,.F.);
#14081 = EDGE_LOOP('',(#14082,#14091,#14097,#14098));
#14082 = ORIENTED_EDGE('',*,*,#14083,.F.);
#14083 = EDGE_CURVE('',#14084,#14084,#14086,.T.);
#14084 = VERTEX_POINT('',#14085);
#14085 = CARTESIAN_POINT('',(37.,320.,37.));
#14086 = CIRCLE('',#14087,4.);
#14087 = AXIS2_PLACEMENT_3D('',#14088,#14089,#14090);
#14088 = CARTESIAN_POINT('',(33.,320.,37.));
#14089 = DIRECTION('',(0.,0.,1.));
#14090 = DIRECTION('',(1.,0.,-0.));
#14091 = ORIENTED_EDGE('',*,*,#14092,.F.);
#14092 = EDGE_CURVE('',#13969,#14084,#14093,.T.);
#14093 = LINE('',#14094,#14095);
#14094 = CARTESIAN_POINT('',(37.,320.,19.));
#14095 = VECTOR('',#14096,1.);
#14096 = DIRECTION('',(0.,0.,1.));
#14097 = ORIENTED_EDGE('',*,*,#13968,.T.);
#14098 = ORIENTED_EDGE('',*,*,#14092,.T.);
#14099 = CYLINDRICAL_SURFACE('',#14100,4.);
#14100 = AXIS2_PLACEMENT_3D('',#14101,#14102,#14103);
#14101 = CARTESIAN_POINT('',(33.,320.,19.));
#14102 = DIRECTION('',(0.,0.,1.));
#14103 = DIRECTION('',(1.,0.,-0.));
#14104 = ADVANCED_FACE('',(#14105,#14108),#14111,.T.);
#14105 = FACE_BOUND('',#14106,.T.);
#14106 = EDGE_LOOP('',(#14107));
#14107 = ORIENTED_EDGE('',*,*,#14024,.T.);
#14108 = FACE_BOUND('',#14109,.T.);
#14109 = EDGE_LOOP('',(#14110));
#14110 = ORIENTED_EDGE('',*,*,#14083,.F.);
#14111 = PLANE('',#14112);
#14112 = AXIS2_PLACEMENT_3D('',#14113,#14114,#14115);
#14113 = CARTESIAN_POINT('',(33.,320.,37.));
#14114 = DIRECTION('',(0.,0.,1.));
#14115 = DIRECTION('',(1.,0.,-0.));
#14116 = ( GEOMETRIC_REPRESENTATION_CONTEXT(3) 
GLOBAL_UNCERTAINTY_ASSIGNED_CONTEXT((#14120)) 
GLOBAL_UNIT_ASSIGNED_CONTEXT((#14117,#14118,#14119)) 
REPRESENTATION_CONTEXT('Context #1',
  '3D Context with UNIT and UNCERTAINTY') );
#14117 = ( LENGTH_UNIT() NAMED_UNIT(*) SI_UNIT(.MILLI.,.METRE.) );
#14118 = ( NAMED_UNIT(*) PLANE_ANGLE_UNIT() SI_UNIT($,.RADIAN.) );
#14119 = ( NAMED_UNIT(*) SI_UNIT($,.STERADIAN.) SOLID_ANGLE_UNIT() );
#14120 = UNCERTAINTY_MEASURE_WITH_UNIT(LENGTH_MEASURE(1.E-07),#14117,
  'distance_accuracy_value','confusion accuracy');
#14121 = CONTEXT_DEPENDENT_SHAPE_REPRESENTATION(#14122,#14124);
#14122 = ( REPRESENTATION_RELATIONSHIP('','',#13861,#10) 
REPRESENTATION_RELATIONSHIP_WITH_TRANSFORMATION(#14123) 
SHAPE_REPRESENTATION_RELATIONSHIP() );
#14123 = ITEM_DEFINED_TRANSFORMATION('','',#11,#219);
#14124 = PRODUCT_DEFINITION_SHAPE('Placement','Placement of an item',
  #14125);
#14125 = NEXT_ASSEMBLY_USAGE_OCCURRENCE('52','M8 脚垫固定座 3','',
  #5,#13856,$);
#14126 = PRODUCT_RELATED_PRODUCT_CATEGORY('part',$,(#13858));
#14127 = SHAPE_DEFINITION_REPRESENTATION(#14128,#14134);
#14128 = PRODUCT_DEFINITION_SHAPE('','',#14129);
#14129 = PRODUCT_DEFINITION('design','',#14130,#14133);
#14130 = PRODUCT_DEFINITION_FORMATION('','',#14131);
#14131 = PRODUCT('VE 橡胶脚垫与 M8 螺杆 4',
  'VE 橡胶脚垫与 M8 螺杆 4','',(#14132));
#14132 = PRODUCT_CONTEXT('',#2,'mechanical');
#14133 = PRODUCT_DEFINITION_CONTEXT('part definition',#2,'design');
#14134 = ADVANCED_BREP_SHAPE_REPRESENTATION('',(#11,#14135),#14233);
#14135 = MANIFOLD_SOLID_BREP('',#14136);
#14136 = CLOSED_SHELL('',(#14137,#14170,#14190,#14199,#14224));
#14137 = ADVANCED_FACE('',(#14138),#14165,.T.);
#14138 = FACE_BOUND('',#14139,.T.);
#14139 = EDGE_LOOP('',(#14140,#14149,#14157,#14164));
#14140 = ORIENTED_EDGE('',*,*,#14141,.F.);
#14141 = EDGE_CURVE('',#14142,#14142,#14144,.T.);
#14142 = VERTEX_POINT('',#14143);
#14143 = CARTESIAN_POINT('',(432.,320.,20.));
#14144 = CIRCLE('',#14145,15.);
#14145 = AXIS2_PLACEMENT_3D('',#14146,#14147,#14148);
#14146 = CARTESIAN_POINT('',(417.,320.,20.));
#14147 = DIRECTION('',(0.,0.,1.));
#14148 = DIRECTION('',(1.,0.,-0.));
#14149 = ORIENTED_EDGE('',*,*,#14150,.F.);
#14150 = EDGE_CURVE('',#14151,#14142,#14153,.T.);
#14151 = VERTEX_POINT('',#14152);
#14152 = CARTESIAN_POINT('',(432.,320.,0.));
#14153 = LINE('',#14154,#14155);
#14154 = CARTESIAN_POINT('',(432.,320.,0.));
#14155 = VECTOR('',#14156,1.);
#14156 = DIRECTION('',(0.,0.,1.));
#14157 = ORIENTED_EDGE('',*,*,#14158,.T.);
#14158 = EDGE_CURVE('',#14151,#14151,#14159,.T.);
#14159 = CIRCLE('',#14160,15.);
#14160 = AXIS2_PLACEMENT_3D('',#14161,#14162,#14163);
#14161 = CARTESIAN_POINT('',(417.,320.,0.));
#14162 = DIRECTION('',(0.,0.,1.));
#14163 = DIRECTION('',(1.,0.,-0.));
#14164 = ORIENTED_EDGE('',*,*,#14150,.T.);
#14165 = CYLINDRICAL_SURFACE('',#14166,15.);
#14166 = AXIS2_PLACEMENT_3D('',#14167,#14168,#14169);
#14167 = CARTESIAN_POINT('',(417.,320.,0.));
#14168 = DIRECTION('',(0.,0.,1.));
#14169 = DIRECTION('',(1.,0.,-0.));
#14170 = ADVANCED_FACE('',(#14171,#14174),#14185,.T.);
#14171 = FACE_BOUND('',#14172,.T.);
#14172 = EDGE_LOOP('',(#14173));
#14173 = ORIENTED_EDGE('',*,*,#14141,.T.);
#14174 = FACE_BOUND('',#14175,.T.);
#14175 = EDGE_LOOP('',(#14176));
#14176 = ORIENTED_EDGE('',*,*,#14177,.F.);
#14177 = EDGE_CURVE('',#14178,#14178,#14180,.T.);
#14178 = VERTEX_POINT('',#14179);
#14179 = CARTESIAN_POINT('',(421.,320.,20.));
#14180 = CIRCLE('',#14181,4.);
#14181 = AXIS2_PLACEMENT_3D('',#14182,#14183,#14184);
#14182 = CARTESIAN_POINT('',(417.,320.,20.));
#14183 = DIRECTION('',(0.,0.,1.));
#14184 = DIRECTION('',(1.,0.,-0.));
#14185 = PLANE('',#14186);
#14186 = AXIS2_PLACEMENT_3D('',#14187,#14188,#14189);
#14187 = CARTESIAN_POINT('',(417.,320.,20.));
#14188 = DIRECTION('',(0.,0.,1.));
#14189 = DIRECTION('',(1.,0.,-0.));
#14190 = ADVANCED_FACE('',(#14191),#14194,.F.);
#14191 = FACE_BOUND('',#14192,.T.);
#14192 = EDGE_LOOP('',(#14193));
#14193 = ORIENTED_EDGE('',*,*,#14158,.F.);
#14194 = PLANE('',#14195);
#14195 = AXIS2_PLACEMENT_3D('',#14196,#14197,#14198);
#14196 = CARTESIAN_POINT('',(417.,320.,0.));
#14197 = DIRECTION('',(0.,0.,1.));
#14198 = DIRECTION('',(1.,0.,-0.));
#14199 = ADVANCED_FACE('',(#14200),#14219,.T.);
#14200 = FACE_BOUND('',#14201,.T.);
#14201 = EDGE_LOOP('',(#14202,#14211,#14217,#14218));
#14202 = ORIENTED_EDGE('',*,*,#14203,.F.);
#14203 = EDGE_CURVE('',#14204,#14204,#14206,.T.);
#14204 = VERTEX_POINT('',#14205);
#14205 = CARTESIAN_POINT('',(421.,320.,43.));
#14206 = CIRCLE('',#14207,4.);
#14207 = AXIS2_PLACEMENT_3D('',#14208,#14209,#14210);
#14208 = CARTESIAN_POINT('',(417.,320.,43.));
#14209 = DIRECTION('',(0.,0.,1.));
#14210 = DIRECTION('',(1.,0.,-0.));
#14211 = ORIENTED_EDGE('',*,*,#14212,.F.);
#14212 = EDGE_CURVE('',#14178,#14204,#14213,.T.);
#14213 = LINE('',#14214,#14215);
#14214 = CARTESIAN_POINT('',(421.,320.,20.));
#14215 = VECTOR('',#14216,1.);
#14216 = DIRECTION('',(0.,0.,1.));
#14217 = ORIENTED_EDGE('',*,*,#14177,.T.);
#14218 = ORIENTED_EDGE('',*,*,#14212,.T.);
#14219 = CYLINDRICAL_SURFACE('',#14220,4.);
#14220 = AXIS2_PLACEMENT_3D('',#14221,#14222,#14223);
#14221 = CARTESIAN_POINT('',(417.,320.,20.));
#14222 = DIRECTION('',(0.,0.,1.));
#14223 = DIRECTION('',(1.,0.,-0.));
#14224 = ADVANCED_FACE('',(#14225),#14228,.T.);
#14225 = FACE_BOUND('',#14226,.T.);
#14226 = EDGE_LOOP('',(#14227));
#14227 = ORIENTED_EDGE('',*,*,#14203,.T.);
#14228 = PLANE('',#14229);
#14229 = AXIS2_PLACEMENT_3D('',#14230,#14231,#14232);
#14230 = CARTESIAN_POINT('',(417.,320.,43.));
#14231 = DIRECTION('',(0.,0.,1.));
#14232 = DIRECTION('',(1.,0.,-0.));
#14233 = ( GEOMETRIC_REPRESENTATION_CONTEXT(3) 
GLOBAL_UNCERTAINTY_ASSIGNED_CONTEXT((#14237)) 
GLOBAL_UNIT_ASSIGNED_CONTEXT((#14234,#14235,#14236)) 
REPRESENTATION_CONTEXT('Context #1',
  '3D Context with UNIT and UNCERTAINTY') );
#14234 = ( LENGTH_UNIT() NAMED_UNIT(*) SI_UNIT(.MILLI.,.METRE.) );
#14235 = ( NAMED_UNIT(*) PLANE_ANGLE_UNIT() SI_UNIT($,.RADIAN.) );
#14236 = ( NAMED_UNIT(*) SI_UNIT($,.STERADIAN.) SOLID_ANGLE_UNIT() );
#14237 = UNCERTAINTY_MEASURE_WITH_UNIT(LENGTH_MEASURE(1.E-07),#14234,
  'distance_accuracy_value','confusion accuracy');
#14238 = CONTEXT_DEPENDENT_SHAPE_REPRESENTATION(#14239,#14241);
#14239 = ( REPRESENTATION_RELATIONSHIP('','',#14134,#10) 
REPRESENTATION_RELATIONSHIP_WITH_TRANSFORMATION(#14240) 
SHAPE_REPRESENTATION_RELATIONSHIP() );
#14240 = ITEM_DEFINED_TRANSFORMATION('','',#11,#223);
#14241 = PRODUCT_DEFINITION_SHAPE('Placement','Placement of an item',
  #14242);
#14242 = NEXT_ASSEMBLY_USAGE_OCCURRENCE('53',
  'VE 橡胶脚垫与 M8 螺杆 4','',#5,#14129,$);
#14243 = PRODUCT_RELATED_PRODUCT_CATEGORY('part',$,(#14131));
#14244 = SHAPE_DEFINITION_REPRESENTATION(#14245,#14251);
#14245 = PRODUCT_DEFINITION_SHAPE('','',#14246);
#14246 = PRODUCT_DEFINITION('design','',#14247,#14250);
#14247 = PRODUCT_DEFINITION_FORMATION('','',#14248);
#14248 = PRODUCT('M8 脚垫固定座 4','M8 脚垫固定座 4','',(
    #14249));
#14249 = PRODUCT_CONTEXT('',#2,'mechanical');
#14250 = PRODUCT_DEFINITION_CONTEXT('part definition',#2,'design');
#14251 = ADVANCED_BREP_SHAPE_REPRESENTATION('',(#11,#14252),#14506);
#14252 = MANIFOLD_SOLID_BREP('',#14253);
#14253 = CLOSED_SHELL('',(#14254,#14287,#14340,#14393,#14410,#14435,
    #14452,#14469,#14494));
#14254 = ADVANCED_FACE('',(#14255),#14282,.T.);
#14255 = FACE_BOUND('',#14256,.T.);
#14256 = EDGE_LOOP('',(#14257,#14266,#14274,#14281));
#14257 = ORIENTED_EDGE('',*,*,#14258,.F.);
#14258 = EDGE_CURVE('',#14259,#14259,#14261,.T.);
#14259 = VERTEX_POINT('',#14260);
#14260 = CARTESIAN_POINT('',(435.5,320.,22.5));
#14261 = CIRCLE('',#14262,18.5);
#14262 = AXIS2_PLACEMENT_3D('',#14263,#14264,#14265);
#14263 = CARTESIAN_POINT('',(417.,320.,22.5));
#14264 = DIRECTION('',(0.,0.,1.));
#14265 = DIRECTION('',(1.,0.,-0.));
#14266 = ORIENTED_EDGE('',*,*,#14267,.F.);
#14267 = EDGE_CURVE('',#14268,#14259,#14270,.T.);
#14268 = VERTEX_POINT('',#14269);
#14269 = CARTESIAN_POINT('',(435.5,320.,20.));
#14270 = LINE('',#14271,#14272);
#14271 = CARTESIAN_POINT('',(435.5,320.,20.));
#14272 = VECTOR('',#14273,1.);
#14273 = DIRECTION('',(0.,0.,1.));
#14274 = ORIENTED_EDGE('',*,*,#14275,.T.);
#14275 = EDGE_CURVE('',#14268,#14268,#14276,.T.);
#14276 = CIRCLE('',#14277,18.5);
#14277 = AXIS2_PLACEMENT_3D('',#14278,#14279,#14280);
#14278 = CARTESIAN_POINT('',(417.,320.,20.));
#14279 = DIRECTION('',(0.,0.,1.));
#14280 = DIRECTION('',(1.,0.,-0.));
#14281 = ORIENTED_EDGE('',*,*,#14267,.T.);
#14282 = CYLINDRICAL_SURFACE('',#14283,18.5);
#14283 = AXIS2_PLACEMENT_3D('',#14284,#14285,#14286);
#14284 = CARTESIAN_POINT('',(417.,320.,20.));
#14285 = DIRECTION('',(0.,0.,1.));
#14286 = DIRECTION('',(1.,0.,-0.));
#14287 = ADVANCED_FACE('',(#14288,#14291,#14302,#14313,#14324),#14335,
  .T.);
#14288 = FACE_BOUND('',#14289,.T.);
#14289 = EDGE_LOOP('',(#14290));
#14290 = ORIENTED_EDGE('',*,*,#14258,.T.);
#14291 = FACE_BOUND('',#14292,.T.);
#14292 = EDGE_LOOP('',(#14293));
#14293 = ORIENTED_EDGE('',*,*,#14294,.F.);
#14294 = EDGE_CURVE('',#14295,#14295,#14297,.T.);
#14295 = VERTEX_POINT('',#14296);
#14296 = CARTESIAN_POINT('',(412.75,307.87564434701,22.5));
#14297 = CIRCLE('',#14298,2.75);
#14298 = AXIS2_PLACEMENT_3D('',#14299,#14300,#14301);
#14299 = CARTESIAN_POINT('',(410.,307.87564434701,22.5));
#14300 = DIRECTION('',(0.,0.,1.));
#14301 = DIRECTION('',(1.,0.,-0.));
#14302 = FACE_BOUND('',#14303,.T.);
#14303 = EDGE_LOOP('',(#14304));
#14304 = ORIENTED_EDGE('',*,*,#14305,.F.);
#14305 = EDGE_CURVE('',#14306,#14306,#14308,.T.);
#14306 = VERTEX_POINT('',#14307);
#14307 = CARTESIAN_POINT('',(423.,320.,22.5));
#14308 = CIRCLE('',#14309,6.);
#14309 = AXIS2_PLACEMENT_3D('',#14310,#14311,#14312);
#14310 = CARTESIAN_POINT('',(417.,320.,22.5));
#14311 = DIRECTION('',(0.,0.,1.));
#14312 = DIRECTION('',(1.,0.,-0.));
#14313 = FACE_BOUND('',#14314,.T.);
#14314 = EDGE_LOOP('',(#14315));
#14315 = ORIENTED_EDGE('',*,*,#14316,.F.);
#14316 = EDGE_CURVE('',#14317,#14317,#14319,.T.);
#14317 = VERTEX_POINT('',#14318);
#14318 = CARTESIAN_POINT('',(412.75,332.12435565298,22.5));
#14319 = CIRCLE('',#14320,2.75);
#14320 = AXIS2_PLACEMENT_3D('',#14321,#14322,#14323);
#14321 = CARTESIAN_POINT('',(410.,332.12435565298,22.5));
#14322 = DIRECTION('',(0.,0.,1.));
#14323 = DIRECTION('',(1.,0.,-0.));
#14324 = FACE_BOUND('',#14325,.T.);
#14325 = EDGE_LOOP('',(#14326));
#14326 = ORIENTED_EDGE('',*,*,#14327,.F.);
#14327 = EDGE_CURVE('',#14328,#14328,#14330,.T.);
#14328 = VERTEX_POINT('',#14329);
#14329 = CARTESIAN_POINT('',(433.75,320.,22.5));
#14330 = CIRCLE('',#14331,2.75);
#14331 = AXIS2_PLACEMENT_3D('',#14332,#14333,#14334);
#14332 = CARTESIAN_POINT('',(431.,320.,22.5));
#14333 = DIRECTION('',(0.,0.,1.));
#14334 = DIRECTION('',(1.,0.,-0.));
#14335 = PLANE('',#14336);
#14336 = AXIS2_PLACEMENT_3D('',#14337,#14338,#14339);
#14337 = CARTESIAN_POINT('',(417.,320.,22.5));
#14338 = DIRECTION('',(0.,0.,1.));
#14339 = DIRECTION('',(1.,0.,-0.));
#14340 = ADVANCED_FACE('',(#14341,#14344,#14355,#14366,#14377),#14388,
  .F.);
#14341 = FACE_BOUND('',#14342,.F.);
#14342 = EDGE_LOOP('',(#14343));
#14343 = ORIENTED_EDGE('',*,*,#14275,.T.);
#14344 = FACE_BOUND('',#14345,.F.);
#14345 = EDGE_LOOP('',(#14346));
#14346 = ORIENTED_EDGE('',*,*,#14347,.F.);
#14347 = EDGE_CURVE('',#14348,#14348,#14350,.T.);
#14348 = VERTEX_POINT('',#14349);
#14349 = CARTESIAN_POINT('',(412.75,307.87564434701,20.));
#14350 = CIRCLE('',#14351,2.75);
#14351 = AXIS2_PLACEMENT_3D('',#14352,#14353,#14354);
#14352 = CARTESIAN_POINT('',(410.,307.87564434701,20.));
#14353 = DIRECTION('',(0.,0.,1.));
#14354 = DIRECTION('',(1.,0.,-0.));
#14355 = FACE_BOUND('',#14356,.F.);
#14356 = EDGE_LOOP('',(#14357));
#14357 = ORIENTED_EDGE('',*,*,#14358,.F.);
#14358 = EDGE_CURVE('',#14359,#14359,#14361,.T.);
#14359 = VERTEX_POINT('',#14360);
#14360 = CARTESIAN_POINT('',(421.,320.,20.));
#14361 = CIRCLE('',#14362,4.);
#14362 = AXIS2_PLACEMENT_3D('',#14363,#14364,#14365);
#14363 = CARTESIAN_POINT('',(417.,320.,20.));
#14364 = DIRECTION('',(0.,0.,1.));
#14365 = DIRECTION('',(1.,0.,-0.));
#14366 = FACE_BOUND('',#14367,.F.);
#14367 = EDGE_LOOP('',(#14368));
#14368 = ORIENTED_EDGE('',*,*,#14369,.F.);
#14369 = EDGE_CURVE('',#14370,#14370,#14372,.T.);
#14370 = VERTEX_POINT('',#14371);
#14371 = CARTESIAN_POINT('',(412.75,332.12435565298,20.));
#14372 = CIRCLE('',#14373,2.75);
#14373 = AXIS2_PLACEMENT_3D('',#14374,#14375,#14376);
#14374 = CARTESIAN_POINT('',(410.,332.12435565298,20.));
#14375 = DIRECTION('',(0.,0.,1.));
#14376 = DIRECTION('',(1.,0.,-0.));
#14377 = FACE_BOUND('',#14378,.F.);
#14378 = EDGE_LOOP('',(#14379));
#14379 = ORIENTED_EDGE('',*,*,#14380,.F.);
#14380 = EDGE_CURVE('',#14381,#14381,#14383,.T.);
#14381 = VERTEX_POINT('',#14382);
#14382 = CARTESIAN_POINT('',(433.75,320.,20.));
#14383 = CIRCLE('',#14384,2.75);
#14384 = AXIS2_PLACEMENT_3D('',#14385,#14386,#14387);
#14385 = CARTESIAN_POINT('',(431.,320.,20.));
#14386 = DIRECTION('',(0.,0.,1.));
#14387 = DIRECTION('',(1.,0.,-0.));
#14388 = PLANE('',#14389);
#14389 = AXIS2_PLACEMENT_3D('',#14390,#14391,#14392);
#14390 = CARTESIAN_POINT('',(417.,320.,20.));
#14391 = DIRECTION('',(0.,0.,1.));
#14392 = DIRECTION('',(1.,0.,-0.));
#14393 = ADVANCED_FACE('',(#14394),#14405,.F.);
#14394 = FACE_BOUND('',#14395,.F.);
#14395 = EDGE_LOOP('',(#14396,#14397,#14403,#14404));
#14396 = ORIENTED_EDGE('',*,*,#14294,.F.);
#14397 = ORIENTED_EDGE('',*,*,#14398,.F.);
#14398 = EDGE_CURVE('',#14348,#14295,#14399,.T.);
#14399 = LINE('',#14400,#14401);
#14400 = CARTESIAN_POINT('',(412.75,307.87564434701,19.));
#14401 = VECTOR('',#14402,1.);
#14402 = DIRECTION('',(0.,0.,1.));
#14403 = ORIENTED_EDGE('',*,*,#14347,.T.);
#14404 = ORIENTED_EDGE('',*,*,#14398,.T.);
#14405 = CYLINDRICAL_SURFACE('',#14406,2.75);
#14406 = AXIS2_PLACEMENT_3D('',#14407,#14408,#14409);
#14407 = CARTESIAN_POINT('',(410.,307.87564434701,19.));
#14408 = DIRECTION('',(0.,0.,1.));
#14409 = DIRECTION('',(1.,0.,-0.));
#14410 = ADVANCED_FACE('',(#14411),#14430,.T.);
#14411 = FACE_BOUND('',#14412,.T.);
#14412 = EDGE_LOOP('',(#14413,#14422,#14428,#14429));
#14413 = ORIENTED_EDGE('',*,*,#14414,.F.);
#14414 = EDGE_CURVE('',#14415,#14415,#14417,.T.);
#14415 = VERTEX_POINT('',#14416);
#14416 = CARTESIAN_POINT('',(423.,320.,37.));
#14417 = CIRCLE('',#14418,6.);
#14418 = AXIS2_PLACEMENT_3D('',#14419,#14420,#14421);
#14419 = CARTESIAN_POINT('',(417.,320.,37.));
#14420 = DIRECTION('',(0.,0.,1.));
#14421 = DIRECTION('',(1.,0.,-0.));
#14422 = ORIENTED_EDGE('',*,*,#14423,.F.);
#14423 = EDGE_CURVE('',#14306,#14415,#14424,.T.);
#14424 = LINE('',#14425,#14426);
#14425 = CARTESIAN_POINT('',(423.,320.,22.5));
#14426 = VECTOR('',#14427,1.);
#14427 = DIRECTION('',(0.,0.,1.));
#14428 = ORIENTED_EDGE('',*,*,#14305,.T.);
#14429 = ORIENTED_EDGE('',*,*,#14423,.T.);
#14430 = CYLINDRICAL_SURFACE('',#14431,6.);
#14431 = AXIS2_PLACEMENT_3D('',#14432,#14433,#14434);
#14432 = CARTESIAN_POINT('',(417.,320.,22.5));
#14433 = DIRECTION('',(0.,0.,1.));
#14434 = DIRECTION('',(1.,0.,-0.));
#14435 = ADVANCED_FACE('',(#14436),#14447,.F.);
#14436 = FACE_BOUND('',#14437,.F.);
#14437 = EDGE_LOOP('',(#14438,#14439,#14445,#14446));
#14438 = ORIENTED_EDGE('',*,*,#14316,.F.);
#14439 = ORIENTED_EDGE('',*,*,#14440,.F.);
#14440 = EDGE_CURVE('',#14370,#14317,#14441,.T.);
#14441 = LINE('',#14442,#14443);
#14442 = CARTESIAN_POINT('',(412.75,332.12435565298,19.));
#14443 = VECTOR('',#14444,1.);
#14444 = DIRECTION('',(0.,0.,1.));
#14445 = ORIENTED_EDGE('',*,*,#14369,.T.);
#14446 = ORIENTED_EDGE('',*,*,#14440,.T.);
#14447 = CYLINDRICAL_SURFACE('',#14448,2.75);
#14448 = AXIS2_PLACEMENT_3D('',#14449,#14450,#14451);
#14449 = CARTESIAN_POINT('',(410.,332.12435565298,19.));
#14450 = DIRECTION('',(0.,0.,1.));
#14451 = DIRECTION('',(1.,0.,-0.));
#14452 = ADVANCED_FACE('',(#14453),#14464,.F.);
#14453 = FACE_BOUND('',#14454,.F.);
#14454 = EDGE_LOOP('',(#14455,#14456,#14462,#14463));
#14455 = ORIENTED_EDGE('',*,*,#14327,.F.);
#14456 = ORIENTED_EDGE('',*,*,#14457,.F.);
#14457 = EDGE_CURVE('',#14381,#14328,#14458,.T.);
#14458 = LINE('',#14459,#14460);
#14459 = CARTESIAN_POINT('',(433.75,320.,19.));
#14460 = VECTOR('',#14461,1.);
#14461 = DIRECTION('',(0.,0.,1.));
#14462 = ORIENTED_EDGE('',*,*,#14380,.T.);
#14463 = ORIENTED_EDGE('',*,*,#14457,.T.);
#14464 = CYLINDRICAL_SURFACE('',#14465,2.75);
#14465 = AXIS2_PLACEMENT_3D('',#14466,#14467,#14468);
#14466 = CARTESIAN_POINT('',(431.,320.,19.));
#14467 = DIRECTION('',(0.,0.,1.));
#14468 = DIRECTION('',(1.,0.,-0.));
#14469 = ADVANCED_FACE('',(#14470),#14489,.F.);
#14470 = FACE_BOUND('',#14471,.F.);
#14471 = EDGE_LOOP('',(#14472,#14481,#14487,#14488));
#14472 = ORIENTED_EDGE('',*,*,#14473,.F.);
#14473 = EDGE_CURVE('',#14474,#14474,#14476,.T.);
#14474 = VERTEX_POINT('',#14475);
#14475 = CARTESIAN_POINT('',(421.,320.,37.));
#14476 = CIRCLE('',#14477,4.);
#14477 = AXIS2_PLACEMENT_3D('',#14478,#14479,#14480);
#14478 = CARTESIAN_POINT('',(417.,320.,37.));
#14479 = DIRECTION('',(0.,0.,1.));
#14480 = DIRECTION('',(1.,0.,-0.));
#14481 = ORIENTED_EDGE('',*,*,#14482,.F.);
#14482 = EDGE_CURVE('',#14359,#14474,#14483,.T.);
#14483 = LINE('',#14484,#14485);
#14484 = CARTESIAN_POINT('',(421.,320.,19.));
#14485 = VECTOR('',#14486,1.);
#14486 = DIRECTION('',(0.,0.,1.));
#14487 = ORIENTED_EDGE('',*,*,#14358,.T.);
#14488 = ORIENTED_EDGE('',*,*,#14482,.T.);
#14489 = CYLINDRICAL_SURFACE('',#14490,4.);
#14490 = AXIS2_PLACEMENT_3D('',#14491,#14492,#14493);
#14491 = CARTESIAN_POINT('',(417.,320.,19.));
#14492 = DIRECTION('',(0.,0.,1.));
#14493 = DIRECTION('',(1.,0.,-0.));
#14494 = ADVANCED_FACE('',(#14495,#14498),#14501,.T.);
#14495 = FACE_BOUND('',#14496,.T.);
#14496 = EDGE_LOOP('',(#14497));
#14497 = ORIENTED_EDGE('',*,*,#14414,.T.);
#14498 = FACE_BOUND('',#14499,.T.);
#14499 = EDGE_LOOP('',(#14500));
#14500 = ORIENTED_EDGE('',*,*,#14473,.F.);
#14501 = PLANE('',#14502);
#14502 = AXIS2_PLACEMENT_3D('',#14503,#14504,#14505);
#14503 = CARTESIAN_POINT('',(417.,320.,37.));
#14504 = DIRECTION('',(0.,0.,1.));
#14505 = DIRECTION('',(1.,0.,-0.));
#14506 = ( GEOMETRIC_REPRESENTATION_CONTEXT(3) 
GLOBAL_UNCERTAINTY_ASSIGNED_CONTEXT((#14510)) 
GLOBAL_UNIT_ASSIGNED_CONTEXT((#14507,#14508,#14509)) 
REPRESENTATION_CONTEXT('Context #1',
  '3D Context with UNIT and UNCERTAINTY') );
#14507 = ( LENGTH_UNIT() NAMED_UNIT(*) SI_UNIT(.MILLI.,.METRE.) );
#14508 = ( NAMED_UNIT(*) PLANE_ANGLE_UNIT() SI_UNIT($,.RADIAN.) );
#14509 = ( NAMED_UNIT(*) SI_UNIT($,.STERADIAN.) SOLID_ANGLE_UNIT() );
#14510 = UNCERTAINTY_MEASURE_WITH_UNIT(LENGTH_MEASURE(1.E-07),#14507,
  'distance_accuracy_value','confusion accuracy');
#14511 = CONTEXT_DEPENDENT_SHAPE_REPRESENTATION(#14512,#14514);
#14512 = ( REPRESENTATION_RELATIONSHIP('','',#14251,#10) 
REPRESENTATION_RELATIONSHIP_WITH_TRANSFORMATION(#14513) 
SHAPE_REPRESENTATION_RELATIONSHIP() );
#14513 = ITEM_DEFINED_TRANSFORMATION('','',#11,#227);
#14514 = PRODUCT_DEFINITION_SHAPE('Placement','Placement of an item',
  #14515);
#14515 = NEXT_ASSEMBLY_USAGE_OCCURRENCE('54','M8 脚垫固定座 4','',
  #5,#14246,$);
#14516 = PRODUCT_RELATED_PRODUCT_CATEGORY('part',$,(#14248));
#14517 = SHAPE_DEFINITION_REPRESENTATION(#14518,#14524);
#14518 = PRODUCT_DEFINITION_SHAPE('','',#14519);
#14519 = PRODUCT_DEFINITION('design','',#14520,#14523);
#14520 = PRODUCT_DEFINITION_FORMATION('','',#14521);
#14521 = PRODUCT(
  '机芯基座与三弹簧 · 平台实测／弹簧外径暂估',
  '机芯基座与三弹簧 · 平台实测／弹簧外径暂估','',(
    #14522));
#14522 = PRODUCT_CONTEXT('',#2,'mechanical');
#14523 = PRODUCT_DEFINITION_CONTEXT('part definition',#2,'design');
#14524 = SHAPE_REPRESENTATION('',(#11,#14525,#14743,#14835,#14927),
  #15019);
#14525 = MANIFOLD_SOLID_BREP('',#14526);
#14526 = CLOSED_SHELL('',(#14527,#14583,#14614,#14645,#14683,#14707,
    #14719,#14730));
#14527 = ADVANCED_FACE('',(#14528),#14578,.F.);
#14528 = FACE_BOUND('',#14529,.F.);
#14529 = EDGE_LOOP('',(#14530,#14540,#14548,#14556,#14564,#14572));
#14530 = ORIENTED_EDGE('',*,*,#14531,.F.);
#14531 = EDGE_CURVE('',#14532,#14534,#14536,.T.);
#14532 = VERTEX_POINT('',#14533);
#14533 = CARTESIAN_POINT('',(295.,154.,159.));
#14534 = VERTEX_POINT('',#14535);
#14535 = CARTESIAN_POINT('',(295.,154.,162.));
#14536 = LINE('',#14537,#14538);
#14537 = CARTESIAN_POINT('',(295.,154.,157.));
#14538 = VECTOR('',#14539,1.);
#14539 = DIRECTION('',(0.,0.,1.));
#14540 = ORIENTED_EDGE('',*,*,#14541,.T.);
#14541 = EDGE_CURVE('',#14532,#14542,#14544,.T.);
#14542 = VERTEX_POINT('',#14543);
#14543 = CARTESIAN_POINT('',(295.,262.28288874421,159.));
#14544 = LINE('',#14545,#14546);
#14545 = CARTESIAN_POINT('',(295.,163.,159.));
#14546 = VECTOR('',#14547,1.);
#14547 = DIRECTION('',(-0.,1.,0.));
#14548 = ORIENTED_EDGE('',*,*,#14549,.F.);
#14549 = EDGE_CURVE('',#14550,#14542,#14552,.T.);
#14550 = VERTEX_POINT('',#14551);
#14551 = CARTESIAN_POINT('',(295.,262.28288874421,157.));
#14552 = LINE('',#14553,#14554);
#14553 = CARTESIAN_POINT('',(295.,262.28288874421,157.));
#14554 = VECTOR('',#14555,1.);
#14555 = DIRECTION('',(0.,0.,1.));
#14556 = ORIENTED_EDGE('',*,*,#14557,.T.);
#14557 = EDGE_CURVE('',#14550,#14558,#14560,.T.);
#14558 = VERTEX_POINT('',#14559);
#14559 = CARTESIAN_POINT('',(295.,282.,157.));
#14560 = LINE('',#14561,#14562);
#14561 = CARTESIAN_POINT('',(295.,154.,157.));
#14562 = VECTOR('',#14563,1.);
#14563 = DIRECTION('',(-0.,1.,0.));
#14564 = ORIENTED_EDGE('',*,*,#14565,.T.);
#14565 = EDGE_CURVE('',#14558,#14566,#14568,.T.);
#14566 = VERTEX_POINT('',#14567);
#14567 = CARTESIAN_POINT('',(295.,282.,162.));
#14568 = LINE('',#14569,#14570);
#14569 = CARTESIAN_POINT('',(295.,282.,157.));
#14570 = VECTOR('',#14571,1.);
#14571 = DIRECTION('',(0.,0.,1.));
#14572 = ORIENTED_EDGE('',*,*,#14573,.F.);
#14573 = EDGE_CURVE('',#14534,#14566,#14574,.T.);
#14574 = LINE('',#14575,#14576);
#14575 = CARTESIAN_POINT('',(295.,154.,162.));
#14576 = VECTOR('',#14577,1.);
#14577 = DIRECTION('',(-0.,1.,0.));
#14578 = PLANE('',#14579);
#14579 = AXIS2_PLACEMENT_3D('',#14580,#14581,#14582);
#14580 = CARTESIAN_POINT('',(295.,154.,157.));
#14581 = DIRECTION('',(1.,0.,-0.));
#14582 = DIRECTION('',(0.,0.,1.));
#14583 = ADVANCED_FACE('',(#14584),#14609,.T.);
#14584 = FACE_BOUND('',#14585,.T.);
#14585 = EDGE_LOOP('',(#14586,#14594,#14595,#14603));
#14586 = ORIENTED_EDGE('',*,*,#14587,.F.);
#14587 = EDGE_CURVE('',#14558,#14588,#14590,.T.);
#14588 = VERTEX_POINT('',#14589);
#14589 = CARTESIAN_POINT('',(403.,282.,157.));
#14590 = LINE('',#14591,#14592);
#14591 = CARTESIAN_POINT('',(295.,282.,157.));
#14592 = VECTOR('',#14593,1.);
#14593 = DIRECTION('',(1.,0.,-0.));
#14594 = ORIENTED_EDGE('',*,*,#14565,.T.);
#14595 = ORIENTED_EDGE('',*,*,#14596,.T.);
#14596 = EDGE_CURVE('',#14566,#14597,#14599,.T.);
#14597 = VERTEX_POINT('',#14598);
#14598 = CARTESIAN_POINT('',(403.,282.,162.));
#14599 = LINE('',#14600,#14601);
#14600 = CARTESIAN_POINT('',(295.,282.,162.));
#14601 = VECTOR('',#14602,1.);
#14602 = DIRECTION('',(1.,0.,-0.));
#14603 = ORIENTED_EDGE('',*,*,#14604,.F.);
#14604 = EDGE_CURVE('',#14588,#14597,#14605,.T.);
#14605 = LINE('',#14606,#14607);
#14606 = CARTESIAN_POINT('',(403.,282.,157.));
#14607 = VECTOR('',#14608,1.);
#14608 = DIRECTION('',(0.,0.,1.));
#14609 = PLANE('',#14610);
#14610 = AXIS2_PLACEMENT_3D('',#14611,#14612,#14613);
#14611 = CARTESIAN_POINT('',(295.,282.,157.));
#14612 = DIRECTION('',(-0.,1.,0.));
#14613 = DIRECTION('',(0.,0.,1.));
#14614 = ADVANCED_FACE('',(#14615),#14640,.T.);
#14615 = FACE_BOUND('',#14616,.T.);
#14616 = EDGE_LOOP('',(#14617,#14627,#14633,#14634));
#14617 = ORIENTED_EDGE('',*,*,#14618,.F.);
#14618 = EDGE_CURVE('',#14619,#14621,#14623,.T.);
#14619 = VERTEX_POINT('',#14620);
#14620 = CARTESIAN_POINT('',(403.,154.,157.));
#14621 = VERTEX_POINT('',#14622);
#14622 = CARTESIAN_POINT('',(403.,154.,162.));
#14623 = LINE('',#14624,#14625);
#14624 = CARTESIAN_POINT('',(403.,154.,157.));
#14625 = VECTOR('',#14626,1.);
#14626 = DIRECTION('',(0.,0.,1.));
#14627 = ORIENTED_EDGE('',*,*,#14628,.T.);
#14628 = EDGE_CURVE('',#14619,#14588,#14629,.T.);
#14629 = LINE('',#14630,#14631);
#14630 = CARTESIAN_POINT('',(403.,154.,157.));
#14631 = VECTOR('',#14632,1.);
#14632 = DIRECTION('',(-0.,1.,0.));
#14633 = ORIENTED_EDGE('',*,*,#14604,.T.);
#14634 = ORIENTED_EDGE('',*,*,#14635,.F.);
#14635 = EDGE_CURVE('',#14621,#14597,#14636,.T.);
#14636 = LINE('',#14637,#14638);
#14637 = CARTESIAN_POINT('',(403.,154.,162.));
#14638 = VECTOR('',#14639,1.);
#14639 = DIRECTION('',(-0.,1.,0.));
#14640 = PLANE('',#14641);
#14641 = AXIS2_PLACEMENT_3D('',#14642,#14643,#14644);
#14642 = CARTESIAN_POINT('',(403.,154.,157.));
#14643 = DIRECTION('',(1.,0.,-0.));
#14644 = DIRECTION('',(0.,0.,1.));
#14645 = ADVANCED_FACE('',(#14646),#14678,.F.);
#14646 = FACE_BOUND('',#14647,.F.);
#14647 = EDGE_LOOP('',(#14648,#14656,#14664,#14670,#14671,#14677));
#14648 = ORIENTED_EDGE('',*,*,#14649,.F.);
#14649 = EDGE_CURVE('',#14650,#14619,#14652,.T.);
#14650 = VERTEX_POINT('',#14651);
#14651 = CARTESIAN_POINT('',(326.83803513447,154.,157.));
#14652 = LINE('',#14653,#14654);
#14653 = CARTESIAN_POINT('',(295.,154.,157.));
#14654 = VECTOR('',#14655,1.);
#14655 = DIRECTION('',(1.,0.,-0.));
#14656 = ORIENTED_EDGE('',*,*,#14657,.T.);
#14657 = EDGE_CURVE('',#14650,#14658,#14660,.T.);
#14658 = VERTEX_POINT('',#14659);
#14659 = CARTESIAN_POINT('',(326.83803513446,154.,159.));
#14660 = LINE('',#14661,#14662);
#14661 = CARTESIAN_POINT('',(326.83803513446,154.,157.));
#14662 = VECTOR('',#14663,1.);
#14663 = DIRECTION('',(0.,0.,1.));
#14664 = ORIENTED_EDGE('',*,*,#14665,.T.);
#14665 = EDGE_CURVE('',#14658,#14532,#14666,.T.);
#14666 = LINE('',#14667,#14668);
#14667 = CARTESIAN_POINT('',(241.5,154.,159.));
#14668 = VECTOR('',#14669,1.);
#14669 = DIRECTION('',(-1.,-0.,0.));
#14670 = ORIENTED_EDGE('',*,*,#14531,.T.);
#14671 = ORIENTED_EDGE('',*,*,#14672,.T.);
#14672 = EDGE_CURVE('',#14534,#14621,#14673,.T.);
#14673 = LINE('',#14674,#14675);
#14674 = CARTESIAN_POINT('',(295.,154.,162.));
#14675 = VECTOR('',#14676,1.);
#14676 = DIRECTION('',(1.,0.,-0.));
#14677 = ORIENTED_EDGE('',*,*,#14618,.F.);
#14678 = PLANE('',#14679);
#14679 = AXIS2_PLACEMENT_3D('',#14680,#14681,#14682);
#14680 = CARTESIAN_POINT('',(295.,154.,157.));
#14681 = DIRECTION('',(-0.,1.,0.));
#14682 = DIRECTION('',(0.,0.,1.));
#14683 = ADVANCED_FACE('',(#14684),#14702,.T.);
#14684 = FACE_BOUND('',#14685,.T.);
#14685 = EDGE_LOOP('',(#14686,#14693,#14694,#14701));
#14686 = ORIENTED_EDGE('',*,*,#14687,.F.);
#14687 = EDGE_CURVE('',#14542,#14658,#14688,.T.);
#14688 = CIRCLE('',#14689,140.);
#14689 = AXIS2_PLACEMENT_3D('',#14690,#14691,#14692);
#14690 = CARTESIAN_POINT('',(188.,172.,159.));
#14691 = DIRECTION('',(0.,0.,1.));
#14692 = DIRECTION('',(1.,0.,-0.));
#14693 = ORIENTED_EDGE('',*,*,#14549,.F.);
#14694 = ORIENTED_EDGE('',*,*,#14695,.T.);
#14695 = EDGE_CURVE('',#14550,#14650,#14696,.T.);
#14696 = CIRCLE('',#14697,140.);
#14697 = AXIS2_PLACEMENT_3D('',#14698,#14699,#14700);
#14698 = CARTESIAN_POINT('',(188.,172.,157.));
#14699 = DIRECTION('',(0.,0.,1.));
#14700 = DIRECTION('',(1.,0.,-0.));
#14701 = ORIENTED_EDGE('',*,*,#14657,.T.);
#14702 = CYLINDRICAL_SURFACE('',#14703,140.);
#14703 = AXIS2_PLACEMENT_3D('',#14704,#14705,#14706);
#14704 = CARTESIAN_POINT('',(188.,172.,157.));
#14705 = DIRECTION('',(0.,0.,1.));
#14706 = DIRECTION('',(1.,0.,-0.));
#14707 = ADVANCED_FACE('',(#14708),#14714,.T.);
#14708 = FACE_BOUND('',#14709,.T.);
#14709 = EDGE_LOOP('',(#14710,#14711,#14712,#14713));
#14710 = ORIENTED_EDGE('',*,*,#14573,.F.);
#14711 = ORIENTED_EDGE('',*,*,#14672,.T.);
#14712 = ORIENTED_EDGE('',*,*,#14635,.T.);
#14713 = ORIENTED_EDGE('',*,*,#14596,.F.);
#14714 = PLANE('',#14715);
#14715 = AXIS2_PLACEMENT_3D('',#14716,#14717,#14718);
#14716 = CARTESIAN_POINT('',(295.,154.,162.));
#14717 = DIRECTION('',(0.,0.,1.));
#14718 = DIRECTION('',(1.,0.,-0.));
#14719 = ADVANCED_FACE('',(#14720),#14725,.T.);
#14720 = FACE_BOUND('',#14721,.T.);
#14721 = EDGE_LOOP('',(#14722,#14723,#14724));
#14722 = ORIENTED_EDGE('',*,*,#14541,.T.);
#14723 = ORIENTED_EDGE('',*,*,#14687,.T.);
#14724 = ORIENTED_EDGE('',*,*,#14665,.T.);
#14725 = PLANE('',#14726);
#14726 = AXIS2_PLACEMENT_3D('',#14727,#14728,#14729);
#14727 = CARTESIAN_POINT('',(188.,172.,159.));
#14728 = DIRECTION('',(0.,0.,1.));
#14729 = DIRECTION('',(1.,0.,-0.));
#14730 = ADVANCED_FACE('',(#14731),#14738,.T.);
#14731 = FACE_BOUND('',#14732,.T.);
#14732 = EDGE_LOOP('',(#14733,#14734,#14735,#14736,#14737));
#14733 = ORIENTED_EDGE('',*,*,#14557,.T.);
#14734 = ORIENTED_EDGE('',*,*,#14587,.T.);
#14735 = ORIENTED_EDGE('',*,*,#14628,.F.);
#14736 = ORIENTED_EDGE('',*,*,#14649,.F.);
#14737 = ORIENTED_EDGE('',*,*,#14695,.F.);
#14738 = PLANE('',#14739);
#14739 = AXIS2_PLACEMENT_3D('',#14740,#14741,#14742);
#14740 = CARTESIAN_POINT('',(239.45823607189,187.71859128177,157.));
#14741 = DIRECTION('',(-0.,-0.,-1.));
#14742 = DIRECTION('',(-1.,0.,0.));
#14743 = MANIFOLD_SOLID_BREP('',#14744);
#14744 = CLOSED_SHELL('',(#14745,#14778,#14798,#14818));
#14745 = ADVANCED_FACE('',(#14746),#14773,.T.);
#14746 = FACE_BOUND('',#14747,.T.);
#14747 = EDGE_LOOP('',(#14748,#14757,#14765,#14772));
#14748 = ORIENTED_EDGE('',*,*,#14749,.F.);
#14749 = EDGE_CURVE('',#14750,#14750,#14752,.T.);
#14750 = VERTEX_POINT('',#14751);
#14751 = CARTESIAN_POINT('',(251.,267.26279441628,157.));
#14752 = CIRCLE('',#14753,8.);
#14753 = AXIS2_PLACEMENT_3D('',#14754,#14755,#14756);
#14754 = CARTESIAN_POINT('',(243.,267.26279441628,157.));
#14755 = DIRECTION('',(0.,0.,1.));
#14756 = DIRECTION('',(1.,0.,-0.));
#14757 = ORIENTED_EDGE('',*,*,#14758,.F.);
#14758 = EDGE_CURVE('',#14759,#14750,#14761,.T.);
#14759 = VERTEX_POINT('',#14760);
#14760 = CARTESIAN_POINT('',(251.,267.26279441628,146.5));
#14761 = LINE('',#14762,#14763);
#14762 = CARTESIAN_POINT('',(251.,267.26279441628,146.5));
#14763 = VECTOR('',#14764,1.);
#14764 = DIRECTION('',(0.,0.,1.));
#14765 = ORIENTED_EDGE('',*,*,#14766,.T.);
#14766 = EDGE_CURVE('',#14759,#14759,#14767,.T.);
#14767 = CIRCLE('',#14768,8.);
#14768 = AXIS2_PLACEMENT_3D('',#14769,#14770,#14771);
#14769 = CARTESIAN_POINT('',(243.,267.26279441628,146.5));
#14770 = DIRECTION('',(0.,0.,1.));
#14771 = DIRECTION('',(1.,0.,-0.));
#14772 = ORIENTED_EDGE('',*,*,#14758,.T.);
#14773 = CYLINDRICAL_SURFACE('',#14774,8.);
#14774 = AXIS2_PLACEMENT_3D('',#14775,#14776,#14777);
#14775 = CARTESIAN_POINT('',(243.,267.26279441628,146.5));
#14776 = DIRECTION('',(0.,0.,1.));
#14777 = DIRECTION('',(1.,0.,-0.));
#14778 = ADVANCED_FACE('',(#14779,#14782),#14793,.T.);
#14779 = FACE_BOUND('',#14780,.T.);
#14780 = EDGE_LOOP('',(#14781));
#14781 = ORIENTED_EDGE('',*,*,#14749,.T.);
#14782 = FACE_BOUND('',#14783,.T.);
#14783 = EDGE_LOOP('',(#14784));
#14784 = ORIENTED_EDGE('',*,*,#14785,.F.);
#14785 = EDGE_CURVE('',#14786,#14786,#14788,.T.);
#14786 = VERTEX_POINT('',#14787);
#14787 = CARTESIAN_POINT('',(249.5,267.26279441628,157.));
#14788 = CIRCLE('',#14789,6.5);
#14789 = AXIS2_PLACEMENT_3D('',#14790,#14791,#14792);
#14790 = CARTESIAN_POINT('',(243.,267.26279441628,157.));
#14791 = DIRECTION('',(0.,0.,1.));
#14792 = DIRECTION('',(1.,0.,-0.));
#14793 = PLANE('',#14794);
#14794 = AXIS2_PLACEMENT_3D('',#14795,#14796,#14797);
#14795 = CARTESIAN_POINT('',(243.,267.26279441628,157.));
#14796 = DIRECTION('',(0.,0.,1.));
#14797 = DIRECTION('',(1.,0.,-0.));
#14798 = ADVANCED_FACE('',(#14799,#14802),#14813,.F.);
#14799 = FACE_BOUND('',#14800,.F.);
#14800 = EDGE_LOOP('',(#14801));
#14801 = ORIENTED_EDGE('',*,*,#14766,.T.);
#14802 = FACE_BOUND('',#14803,.F.);
#14803 = EDGE_LOOP('',(#14804));
#14804 = ORIENTED_EDGE('',*,*,#14805,.F.);
#14805 = EDGE_CURVE('',#14806,#14806,#14808,.T.);
#14806 = VERTEX_POINT('',#14807);
#14807 = CARTESIAN_POINT('',(249.5,267.26279441628,146.5));
#14808 = CIRCLE('',#14809,6.5);
#14809 = AXIS2_PLACEMENT_3D('',#14810,#14811,#14812);
#14810 = CARTESIAN_POINT('',(243.,267.26279441628,146.5));
#14811 = DIRECTION('',(0.,0.,1.));
#14812 = DIRECTION('',(1.,0.,-0.));
#14813 = PLANE('',#14814);
#14814 = AXIS2_PLACEMENT_3D('',#14815,#14816,#14817);
#14815 = CARTESIAN_POINT('',(243.,267.26279441628,146.5));
#14816 = DIRECTION('',(0.,0.,1.));
#14817 = DIRECTION('',(1.,0.,-0.));
#14818 = ADVANCED_FACE('',(#14819),#14830,.F.);
#14819 = FACE_BOUND('',#14820,.F.);
#14820 = EDGE_LOOP('',(#14821,#14822,#14828,#14829));
#14821 = ORIENTED_EDGE('',*,*,#14785,.F.);
#14822 = ORIENTED_EDGE('',*,*,#14823,.F.);
#14823 = EDGE_CURVE('',#14806,#14786,#14824,.T.);
#14824 = LINE('',#14825,#14826);
#14825 = CARTESIAN_POINT('',(249.5,267.26279441628,146.5));
#14826 = VECTOR('',#14827,1.);
#14827 = DIRECTION('',(0.,0.,1.));
#14828 = ORIENTED_EDGE('',*,*,#14805,.T.);
#14829 = ORIENTED_EDGE('',*,*,#14823,.T.);
#14830 = CYLINDRICAL_SURFACE('',#14831,6.5);
#14831 = AXIS2_PLACEMENT_3D('',#14832,#14833,#14834);
#14832 = CARTESIAN_POINT('',(243.,267.26279441628,146.5));
#14833 = DIRECTION('',(0.,0.,1.));
#14834 = DIRECTION('',(1.,0.,-0.));
#14835 = MANIFOLD_SOLID_BREP('',#14836);
#14836 = CLOSED_SHELL('',(#14837,#14870,#14890,#14910));
#14837 = ADVANCED_FACE('',(#14838),#14865,.T.);
#14838 = FACE_BOUND('',#14839,.T.);
#14839 = EDGE_LOOP('',(#14840,#14849,#14857,#14864));
#14840 = ORIENTED_EDGE('',*,*,#14841,.F.);
#14841 = EDGE_CURVE('',#14842,#14842,#14844,.T.);
#14842 = VERTEX_POINT('',#14843);
#14843 = CARTESIAN_POINT('',(291.26279441628,117.,157.));
#14844 = CIRCLE('',#14845,8.);
#14845 = AXIS2_PLACEMENT_3D('',#14846,#14847,#14848);
#14846 = CARTESIAN_POINT('',(283.26279441628,117.,157.));
#14847 = DIRECTION('',(0.,0.,1.));
#14848 = DIRECTION('',(1.,0.,-0.));
#14849 = ORIENTED_EDGE('',*,*,#14850,.F.);
#14850 = EDGE_CURVE('',#14851,#14842,#14853,.T.);
#14851 = VERTEX_POINT('',#14852);
#14852 = CARTESIAN_POINT('',(291.26279441628,117.,146.5));
#14853 = LINE('',#14854,#14855);
#14854 = CARTESIAN_POINT('',(291.26279441628,117.,146.5));
#14855 = VECTOR('',#14856,1.);
#14856 = DIRECTION('',(0.,0.,1.));
#14857 = ORIENTED_EDGE('',*,*,#14858,.T.);
#14858 = EDGE_CURVE('',#14851,#14851,#14859,.T.);
#14859 = CIRCLE('',#14860,8.);
#14860 = AXIS2_PLACEMENT_3D('',#14861,#14862,#14863);
#14861 = CARTESIAN_POINT('',(283.26279441628,117.,146.5));
#14862 = DIRECTION('',(0.,0.,1.));
#14863 = DIRECTION('',(1.,0.,-0.));
#14864 = ORIENTED_EDGE('',*,*,#14850,.T.);
#14865 = CYLINDRICAL_SURFACE('',#14866,8.);
#14866 = AXIS2_PLACEMENT_3D('',#14867,#14868,#14869);
#14867 = CARTESIAN_POINT('',(283.26279441628,117.,146.5));
#14868 = DIRECTION('',(0.,0.,1.));
#14869 = DIRECTION('',(1.,0.,-0.));
#14870 = ADVANCED_FACE('',(#14871,#14874),#14885,.T.);
#14871 = FACE_BOUND('',#14872,.T.);
#14872 = EDGE_LOOP('',(#14873));
#14873 = ORIENTED_EDGE('',*,*,#14841,.T.);
#14874 = FACE_BOUND('',#14875,.T.);
#14875 = EDGE_LOOP('',(#14876));
#14876 = ORIENTED_EDGE('',*,*,#14877,.F.);
#14877 = EDGE_CURVE('',#14878,#14878,#14880,.T.);
#14878 = VERTEX_POINT('',#14879);
#14879 = CARTESIAN_POINT('',(289.76279441628,117.,157.));
#14880 = CIRCLE('',#14881,6.5);
#14881 = AXIS2_PLACEMENT_3D('',#14882,#14883,#14884);
#14882 = CARTESIAN_POINT('',(283.26279441628,117.,157.));
#14883 = DIRECTION('',(0.,0.,1.));
#14884 = DIRECTION('',(1.,0.,-0.));
#14885 = PLANE('',#14886);
#14886 = AXIS2_PLACEMENT_3D('',#14887,#14888,#14889);
#14887 = CARTESIAN_POINT('',(283.26279441628,117.,157.));
#14888 = DIRECTION('',(0.,0.,1.));
#14889 = DIRECTION('',(1.,0.,-0.));
#14890 = ADVANCED_FACE('',(#14891,#14894),#14905,.F.);
#14891 = FACE_BOUND('',#14892,.F.);
#14892 = EDGE_LOOP('',(#14893));
#14893 = ORIENTED_EDGE('',*,*,#14858,.T.);
#14894 = FACE_BOUND('',#14895,.F.);
#14895 = EDGE_LOOP('',(#14896));
#14896 = ORIENTED_EDGE('',*,*,#14897,.F.);
#14897 = EDGE_CURVE('',#14898,#14898,#14900,.T.);
#14898 = VERTEX_POINT('',#14899);
#14899 = CARTESIAN_POINT('',(289.76279441628,117.,146.5));
#14900 = CIRCLE('',#14901,6.5);
#14901 = AXIS2_PLACEMENT_3D('',#14902,#14903,#14904);
#14902 = CARTESIAN_POINT('',(283.26279441628,117.,146.5));
#14903 = DIRECTION('',(0.,0.,1.));
#14904 = DIRECTION('',(1.,0.,-0.));
#14905 = PLANE('',#14906);
#14906 = AXIS2_PLACEMENT_3D('',#14907,#14908,#14909);
#14907 = CARTESIAN_POINT('',(283.26279441628,117.,146.5));
#14908 = DIRECTION('',(0.,0.,1.));
#14909 = DIRECTION('',(1.,0.,-0.));
#14910 = ADVANCED_FACE('',(#14911),#14922,.F.);
#14911 = FACE_BOUND('',#14912,.F.);
#14912 = EDGE_LOOP('',(#14913,#14914,#14920,#14921));
#14913 = ORIENTED_EDGE('',*,*,#14877,.F.);
#14914 = ORIENTED_EDGE('',*,*,#14915,.F.);
#14915 = EDGE_CURVE('',#14898,#14878,#14916,.T.);
#14916 = LINE('',#14917,#14918);
#14917 = CARTESIAN_POINT('',(289.76279441628,117.,146.5));
#14918 = VECTOR('',#14919,1.);
#14919 = DIRECTION('',(0.,0.,1.));
#14920 = ORIENTED_EDGE('',*,*,#14897,.T.);
#14921 = ORIENTED_EDGE('',*,*,#14915,.T.);
#14922 = CYLINDRICAL_SURFACE('',#14923,6.5);
#14923 = AXIS2_PLACEMENT_3D('',#14924,#14925,#14926);
#14924 = CARTESIAN_POINT('',(283.26279441628,117.,146.5));
#14925 = DIRECTION('',(0.,0.,1.));
#14926 = DIRECTION('',(1.,0.,-0.));
#14927 = MANIFOLD_SOLID_BREP('',#14928);
#14928 = CLOSED_SHELL('',(#14929,#14962,#14982,#15002));
#14929 = ADVANCED_FACE('',(#14930),#14957,.T.);
#14930 = FACE_BOUND('',#14931,.T.);
#14931 = EDGE_LOOP('',(#14932,#14941,#14949,#14956));
#14932 = ORIENTED_EDGE('',*,*,#14933,.F.);
#14933 = EDGE_CURVE('',#14934,#14934,#14936,.T.);
#14934 = VERTEX_POINT('',#14935);
#14935 = CARTESIAN_POINT('',(100.73720558371,117.,157.));
#14936 = CIRCLE('',#14937,8.);
#14937 = AXIS2_PLACEMENT_3D('',#14938,#14939,#14940);
#14938 = CARTESIAN_POINT('',(92.737205583712,117.,157.));
#14939 = DIRECTION('',(0.,0.,1.));
#14940 = DIRECTION('',(1.,0.,-0.));
#14941 = ORIENTED_EDGE('',*,*,#14942,.F.);
#14942 = EDGE_CURVE('',#14943,#14934,#14945,.T.);
#14943 = VERTEX_POINT('',#14944);
#14944 = CARTESIAN_POINT('',(100.73720558371,117.,146.5));
#14945 = LINE('',#14946,#14947);
#14946 = CARTESIAN_POINT('',(100.73720558371,117.,146.5));
#14947 = VECTOR('',#14948,1.);
#14948 = DIRECTION('',(0.,0.,1.));
#14949 = ORIENTED_EDGE('',*,*,#14950,.T.);
#14950 = EDGE_CURVE('',#14943,#14943,#14951,.T.);
#14951 = CIRCLE('',#14952,8.);
#14952 = AXIS2_PLACEMENT_3D('',#14953,#14954,#14955);
#14953 = CARTESIAN_POINT('',(92.737205583712,117.,146.5));
#14954 = DIRECTION('',(0.,0.,1.));
#14955 = DIRECTION('',(1.,0.,-0.));
#14956 = ORIENTED_EDGE('',*,*,#14942,.T.);
#14957 = CYLINDRICAL_SURFACE('',#14958,8.);
#14958 = AXIS2_PLACEMENT_3D('',#14959,#14960,#14961);
#14959 = CARTESIAN_POINT('',(92.737205583712,117.,146.5));
#14960 = DIRECTION('',(0.,0.,1.));
#14961 = DIRECTION('',(1.,0.,-0.));
#14962 = ADVANCED_FACE('',(#14963,#14966),#14977,.T.);
#14963 = FACE_BOUND('',#14964,.T.);
#14964 = EDGE_LOOP('',(#14965));
#14965 = ORIENTED_EDGE('',*,*,#14933,.T.);
#14966 = FACE_BOUND('',#14967,.T.);
#14967 = EDGE_LOOP('',(#14968));
#14968 = ORIENTED_EDGE('',*,*,#14969,.F.);
#14969 = EDGE_CURVE('',#14970,#14970,#14972,.T.);
#14970 = VERTEX_POINT('',#14971);
#14971 = CARTESIAN_POINT('',(99.237205583712,117.,157.));
#14972 = CIRCLE('',#14973,6.5);
#14973 = AXIS2_PLACEMENT_3D('',#14974,#14975,#14976);
#14974 = CARTESIAN_POINT('',(92.737205583712,117.,157.));
#14975 = DIRECTION('',(0.,0.,1.));
#14976 = DIRECTION('',(1.,0.,-0.));
#14977 = PLANE('',#14978);
#14978 = AXIS2_PLACEMENT_3D('',#14979,#14980,#14981);
#14979 = CARTESIAN_POINT('',(92.737205583712,117.,157.));
#14980 = DIRECTION('',(0.,0.,1.));
#14981 = DIRECTION('',(1.,0.,-0.));
#14982 = ADVANCED_FACE('',(#14983,#14986),#14997,.F.);
#14983 = FACE_BOUND('',#14984,.F.);
#14984 = EDGE_LOOP('',(#14985));
#14985 = ORIENTED_EDGE('',*,*,#14950,.T.);
#14986 = FACE_BOUND('',#14987,.F.);
#14987 = EDGE_LOOP('',(#14988));
#14988 = ORIENTED_EDGE('',*,*,#14989,.F.);
#14989 = EDGE_CURVE('',#14990,#14990,#14992,.T.);
#14990 = VERTEX_POINT('',#14991);
#14991 = CARTESIAN_POINT('',(99.237205583712,117.,146.5));
#14992 = CIRCLE('',#14993,6.5);
#14993 = AXIS2_PLACEMENT_3D('',#14994,#14995,#14996);
#14994 = CARTESIAN_POINT('',(92.737205583712,117.,146.5));
#14995 = DIRECTION('',(0.,0.,1.));
#14996 = DIRECTION('',(1.,0.,-0.));
#14997 = PLANE('',#14998);
#14998 = AXIS2_PLACEMENT_3D('',#14999,#15000,#15001);
#14999 = CARTESIAN_POINT('',(92.737205583712,117.,146.5));
#15000 = DIRECTION('',(0.,0.,1.));
#15001 = DIRECTION('',(1.,0.,-0.));
#15002 = ADVANCED_FACE('',(#15003),#15014,.F.);
#15003 = FACE_BOUND('',#15004,.F.);
#15004 = EDGE_LOOP('',(#15005,#15006,#15012,#15013));
#15005 = ORIENTED_EDGE('',*,*,#14969,.F.);
#15006 = ORIENTED_EDGE('',*,*,#15007,.F.);
#15007 = EDGE_CURVE('',#14990,#14970,#15008,.T.);
#15008 = LINE('',#15009,#15010);
#15009 = CARTESIAN_POINT('',(99.237205583712,117.,146.5));
#15010 = VECTOR('',#15011,1.);
#15011 = DIRECTION('',(0.,0.,1.));
#15012 = ORIENTED_EDGE('',*,*,#14989,.T.);
#15013 = ORIENTED_EDGE('',*,*,#15007,.T.);
#15014 = CYLINDRICAL_SURFACE('',#15015,6.5);
#15015 = AXIS2_PLACEMENT_3D('',#15016,#15017,#15018);
#15016 = CARTESIAN_POINT('',(92.737205583712,117.,146.5));
#15017 = DIRECTION('',(0.,0.,1.));
#15018 = DIRECTION('',(1.,0.,-0.));
#15019 = ( GEOMETRIC_REPRESENTATION_CONTEXT(3) 
GLOBAL_UNCERTAINTY_ASSIGNED_CONTEXT((#15023)) 
GLOBAL_UNIT_ASSIGNED_CONTEXT((#15020,#15021,#15022)) 
REPRESENTATION_CONTEXT('Context #1',
  '3D Context with UNIT and UNCERTAINTY') );
#15020 = ( LENGTH_UNIT() NAMED_UNIT(*) SI_UNIT(.MILLI.,.METRE.) );
#15021 = ( NAMED_UNIT(*) PLANE_ANGLE_UNIT() SI_UNIT($,.RADIAN.) );
#15022 = ( NAMED_UNIT(*) SI_UNIT($,.STERADIAN.) SOLID_ANGLE_UNIT() );
#15023 = UNCERTAINTY_MEASURE_WITH_UNIT(LENGTH_MEASURE(1.E-07),#15020,
  'distance_accuracy_value','confusion accuracy');
#15024 = CONTEXT_DEPENDENT_SHAPE_REPRESENTATION(#15025,#15027);
#15025 = ( REPRESENTATION_RELATIONSHIP('','',#14524,#10) 
REPRESENTATION_RELATIONSHIP_WITH_TRANSFORMATION(#15026) 
SHAPE_REPRESENTATION_RELATIONSHIP() );
#15026 = ITEM_DEFINED_TRANSFORMATION('','',#11,#231);
#15027 = PRODUCT_DEFINITION_SHAPE('Placement','Placement of an item',
  #15028);
#15028 = NEXT_ASSEMBLY_USAGE_OCCURRENCE('55',
  '机芯基座与三弹簧 · 平台实测／弹簧外径暂估','',#5,
  #14519,$);
#15029 = PRODUCT_RELATED_PRODUCT_CATEGORY('part',$,(#14521));
#15030 = SHAPE_DEFINITION_REPRESENTATION(#15031,#15037);
#15031 = PRODUCT_DEFINITION_SHAPE('','',#15032);
#15032 = PRODUCT_DEFINITION('design','',#15033,#15036);
#15033 = PRODUCT_DEFINITION_FORMATION('','',#15034);
#15034 = PRODUCT('实测唱盘 Ø280 × 11 mm',
  '实测唱盘 Ø280 × 11 mm','',(#15035));
#15035 = PRODUCT_CONTEXT('',#2,'mechanical');
#15036 = PRODUCT_DEFINITION_CONTEXT('part definition',#2,'design');
#15037 = ADVANCED_BREP_SHAPE_REPRESENTATION('',(#11,#15038),#15091);
#15038 = MANIFOLD_SOLID_BREP('',#15039);
#15039 = CLOSED_SHELL('',(#15040,#15073,#15082));
#15040 = ADVANCED_FACE('',(#15041),#15068,.T.);
#15041 = FACE_BOUND('',#15042,.T.);
#15042 = EDGE_LOOP('',(#15043,#15052,#15060,#15067));
#15043 = ORIENTED_EDGE('',*,*,#15044,.F.);
#15044 = EDGE_CURVE('',#15045,#15045,#15047,.T.);
#15045 = VERTEX_POINT('',#15046);
#15046 = CARTESIAN_POINT('',(328.,172.,175.));
#15047 = CIRCLE('',#15048,140.);
#15048 = AXIS2_PLACEMENT_3D('',#15049,#15050,#15051);
#15049 = CARTESIAN_POINT('',(188.,172.,175.));
#15050 = DIRECTION('',(0.,0.,1.));
#15051 = DIRECTION('',(1.,0.,-0.));
#15052 = ORIENTED_EDGE('',*,*,#15053,.F.);
#15053 = EDGE_CURVE('',#15054,#15045,#15056,.T.);
#15054 = VERTEX_POINT('',#15055);
#15055 = CARTESIAN_POINT('',(328.,172.,164.));
#15056 = LINE('',#15057,#15058);
#15057 = CARTESIAN_POINT('',(328.,172.,164.));
#15058 = VECTOR('',#15059,1.);
#15059 = DIRECTION('',(0.,0.,1.));
#15060 = ORIENTED_EDGE('',*,*,#15061,.T.);
#15061 = EDGE_CURVE('',#15054,#15054,#15062,.T.);
#15062 = CIRCLE('',#15063,140.);
#15063 = AXIS2_PLACEMENT_3D('',#15064,#15065,#15066);
#15064 = CARTESIAN_POINT('',(188.,172.,164.));
#15065 = DIRECTION('',(0.,0.,1.));
#15066 = DIRECTION('',(1.,0.,-0.));
#15067 = ORIENTED_EDGE('',*,*,#15053,.T.);
#15068 = CYLINDRICAL_SURFACE('',#15069,140.);
#15069 = AXIS2_PLACEMENT_3D('',#15070,#15071,#15072);
#15070 = CARTESIAN_POINT('',(188.,172.,164.));
#15071 = DIRECTION('',(0.,0.,1.));
#15072 = DIRECTION('',(1.,0.,-0.));
#15073 = ADVANCED_FACE('',(#15074),#15077,.T.);
#15074 = FACE_BOUND('',#15075,.T.);
#15075 = EDGE_LOOP('',(#15076));
#15076 = ORIENTED_EDGE('',*,*,#15044,.T.);
#15077 = PLANE('',#15078);
#15078 = AXIS2_PLACEMENT_3D('',#15079,#15080,#15081);
#15079 = CARTESIAN_POINT('',(188.,172.,175.));
#15080 = DIRECTION('',(0.,0.,1.));
#15081 = DIRECTION('',(1.,0.,-0.));
#15082 = ADVANCED_FACE('',(#15083),#15086,.F.);
#15083 = FACE_BOUND('',#15084,.T.);
#15084 = EDGE_LOOP('',(#15085));
#15085 = ORIENTED_EDGE('',*,*,#15061,.F.);
#15086 = PLANE('',#15087);
#15087 = AXIS2_PLACEMENT_3D('',#15088,#15089,#15090);
#15088 = CARTESIAN_POINT('',(188.,172.,164.));
#15089 = DIRECTION('',(0.,0.,1.));
#15090 = DIRECTION('',(1.,0.,-0.));
#15091 = ( GEOMETRIC_REPRESENTATION_CONTEXT(3) 
GLOBAL_UNCERTAINTY_ASSIGNED_CONTEXT((#15095)) 
GLOBAL_UNIT_ASSIGNED_CONTEXT((#15092,#15093,#15094)) 
REPRESENTATION_CONTEXT('Context #1',
  '3D Context with UNIT and UNCERTAINTY') );
#15092 = ( LENGTH_UNIT() NAMED_UNIT(*) SI_UNIT(.MILLI.,.METRE.) );
#15093 = ( NAMED_UNIT(*) PLANE_ANGLE_UNIT() SI_UNIT($,.RADIAN.) );
#15094 = ( NAMED_UNIT(*) SI_UNIT($,.STERADIAN.) SOLID_ANGLE_UNIT() );
#15095 = UNCERTAINTY_MEASURE_WITH_UNIT(LENGTH_MEASURE(1.E-07),#15092,
  'distance_accuracy_value','confusion accuracy');
#15096 = CONTEXT_DEPENDENT_SHAPE_REPRESENTATION(#15097,#15099);
#15097 = ( REPRESENTATION_RELATIONSHIP('','',#15037,#10) 
REPRESENTATION_RELATIONSHIP_WITH_TRANSFORMATION(#15098) 
SHAPE_REPRESENTATION_RELATIONSHIP() );
#15098 = ITEM_DEFINED_TRANSFORMATION('','',#11,#235);
#15099 = PRODUCT_DEFINITION_SHAPE('Placement','Placement of an item',
  #15100);
#15100 = NEXT_ASSEMBLY_USAGE_OCCURRENCE('56',
  '实测唱盘 Ø280 × 11 mm','',#5,#15032,$);
#15101 = PRODUCT_RELATED_PRODUCT_CATEGORY('part',$,(#15034));
#15102 = SHAPE_DEFINITION_REPRESENTATION(#15103,#15109);
#15103 = PRODUCT_DEFINITION_SHAPE('','',#15104);
#15104 = PRODUCT_DEFINITION('design','',#15105,#15108);
#15105 = PRODUCT_DEFINITION_FORMATION('','',#15106);
#15106 = PRODUCT('唱盘表面环纹示意','唱盘表面环纹示意',
  '',(#15107));
#15107 = PRODUCT_CONTEXT('',#2,'mechanical');
#15108 = PRODUCT_DEFINITION_CONTEXT('part definition',#2,'design');
#15109 = SHAPE_REPRESENTATION('',(#11,#15110,#15202,#15294,#15386),
  #15478);
#15110 = MANIFOLD_SOLID_BREP('',#15111);
#15111 = CLOSED_SHELL('',(#15112,#15145,#15165,#15185));
#15112 = ADVANCED_FACE('',(#15113),#15140,.T.);
#15113 = FACE_BOUND('',#15114,.T.);
#15114 = EDGE_LOOP('',(#15115,#15124,#15132,#15139));
#15115 = ORIENTED_EDGE('',*,*,#15116,.F.);
#15116 = EDGE_CURVE('',#15117,#15117,#15119,.T.);
#15117 = VERTEX_POINT('',#15118);
#15118 = CARTESIAN_POINT('',(230.,172.,175.3));
#15119 = CIRCLE('',#15120,42.);
#15120 = AXIS2_PLACEMENT_3D('',#15121,#15122,#15123);
#15121 = CARTESIAN_POINT('',(188.,172.,175.3));
#15122 = DIRECTION('',(0.,0.,1.));
#15123 = DIRECTION('',(1.,0.,-0.));
#15124 = ORIENTED_EDGE('',*,*,#15125,.F.);
#15125 = EDGE_CURVE('',#15126,#15117,#15128,.T.);
#15126 = VERTEX_POINT('',#15127);
#15127 = CARTESIAN_POINT('',(230.,172.,175.));
#15128 = LINE('',#15129,#15130);
#15129 = CARTESIAN_POINT('',(230.,172.,175.));
#15130 = VECTOR('',#15131,1.);
#15131 = DIRECTION('',(0.,0.,1.));
#15132 = ORIENTED_EDGE('',*,*,#15133,.T.);
#15133 = EDGE_CURVE('',#15126,#15126,#15134,.T.);
#15134 = CIRCLE('',#15135,42.);
#15135 = AXIS2_PLACEMENT_3D('',#15136,#15137,#15138);
#15136 = CARTESIAN_POINT('',(188.,172.,175.));
#15137 = DIRECTION('',(0.,0.,1.));
#15138 = DIRECTION('',(1.,0.,-0.));
#15139 = ORIENTED_EDGE('',*,*,#15125,.T.);
#15140 = CYLINDRICAL_SURFACE('',#15141,42.);
#15141 = AXIS2_PLACEMENT_3D('',#15142,#15143,#15144);
#15142 = CARTESIAN_POINT('',(188.,172.,175.));
#15143 = DIRECTION('',(0.,0.,1.));
#15144 = DIRECTION('',(1.,0.,-0.));
#15145 = ADVANCED_FACE('',(#15146,#15149),#15160,.T.);
#15146 = FACE_BOUND('',#15147,.T.);
#15147 = EDGE_LOOP('',(#15148));
#15148 = ORIENTED_EDGE('',*,*,#15116,.T.);
#15149 = FACE_BOUND('',#15150,.T.);
#15150 = EDGE_LOOP('',(#15151));
#15151 = ORIENTED_EDGE('',*,*,#15152,.F.);
#15152 = EDGE_CURVE('',#15153,#15153,#15155,.T.);
#15153 = VERTEX_POINT('',#15154);
#15154 = CARTESIAN_POINT('',(229.5,172.,175.3));
#15155 = CIRCLE('',#15156,41.5);
#15156 = AXIS2_PLACEMENT_3D('',#15157,#15158,#15159);
#15157 = CARTESIAN_POINT('',(188.,172.,175.3));
#15158 = DIRECTION('',(0.,0.,1.));
#15159 = DIRECTION('',(1.,0.,-0.));
#15160 = PLANE('',#15161);
#15161 = AXIS2_PLACEMENT_3D('',#15162,#15163,#15164);
#15162 = CARTESIAN_POINT('',(188.,172.,175.3));
#15163 = DIRECTION('',(0.,0.,1.));
#15164 = DIRECTION('',(1.,0.,-0.));
#15165 = ADVANCED_FACE('',(#15166,#15169),#15180,.F.);
#15166 = FACE_BOUND('',#15167,.F.);
#15167 = EDGE_LOOP('',(#15168));
#15168 = ORIENTED_EDGE('',*,*,#15133,.T.);
#15169 = FACE_BOUND('',#15170,.F.);
#15170 = EDGE_LOOP('',(#15171));
#15171 = ORIENTED_EDGE('',*,*,#15172,.F.);
#15172 = EDGE_CURVE('',#15173,#15173,#15175,.T.);
#15173 = VERTEX_POINT('',#15174);
#15174 = CARTESIAN_POINT('',(229.5,172.,175.));
#15175 = CIRCLE('',#15176,41.5);
#15176 = AXIS2_PLACEMENT_3D('',#15177,#15178,#15179);
#15177 = CARTESIAN_POINT('',(188.,172.,175.));
#15178 = DIRECTION('',(0.,0.,1.));
#15179 = DIRECTION('',(1.,0.,-0.));
#15180 = PLANE('',#15181);
#15181 = AXIS2_PLACEMENT_3D('',#15182,#15183,#15184);
#15182 = CARTESIAN_POINT('',(188.,172.,175.));
#15183 = DIRECTION('',(0.,0.,1.));
#15184 = DIRECTION('',(1.,0.,-0.));
#15185 = ADVANCED_FACE('',(#15186),#15197,.F.);
#15186 = FACE_BOUND('',#15187,.F.);
#15187 = EDGE_LOOP('',(#15188,#15189,#15195,#15196));
#15188 = ORIENTED_EDGE('',*,*,#15152,.F.);
#15189 = ORIENTED_EDGE('',*,*,#15190,.F.);
#15190 = EDGE_CURVE('',#15173,#15153,#15191,.T.);
#15191 = LINE('',#15192,#15193);
#15192 = CARTESIAN_POINT('',(229.5,172.,175.));
#15193 = VECTOR('',#15194,1.);
#15194 = DIRECTION('',(0.,0.,1.));
#15195 = ORIENTED_EDGE('',*,*,#15172,.T.);
#15196 = ORIENTED_EDGE('',*,*,#15190,.T.);
#15197 = CYLINDRICAL_SURFACE('',#15198,41.5);
#15198 = AXIS2_PLACEMENT_3D('',#15199,#15200,#15201);
#15199 = CARTESIAN_POINT('',(188.,172.,175.));
#15200 = DIRECTION('',(0.,0.,1.));
#15201 = DIRECTION('',(1.,0.,-0.));
#15202 = MANIFOLD_SOLID_BREP('',#15203);
#15203 = CLOSED_SHELL('',(#15204,#15237,#15257,#15277));
#15204 = ADVANCED_FACE('',(#15205),#15232,.T.);
#15205 = FACE_BOUND('',#15206,.T.);
#15206 = EDGE_LOOP('',(#15207,#15216,#15224,#15231));
#15207 = ORIENTED_EDGE('',*,*,#15208,.F.);
#15208 = EDGE_CURVE('',#15209,#15209,#15211,.T.);
#15209 = VERTEX_POINT('',#15210);
#15210 = CARTESIAN_POINT('',(263.6,172.,175.3));
#15211 = CIRCLE('',#15212,75.6);
#15212 = AXIS2_PLACEMENT_3D('',#15213,#15214,#15215);
#15213 = CARTESIAN_POINT('',(188.,172.,175.3));
#15214 = DIRECTION('',(0.,0.,1.));
#15215 = DIRECTION('',(1.,0.,-0.));
#15216 = ORIENTED_EDGE('',*,*,#15217,.F.);
#15217 = EDGE_CURVE('',#15218,#15209,#15220,.T.);
#15218 = VERTEX_POINT('',#15219);
#15219 = CARTESIAN_POINT('',(263.6,172.,175.));
#15220 = LINE('',#15221,#15222);
#15221 = CARTESIAN_POINT('',(263.6,172.,175.));
#15222 = VECTOR('',#15223,1.);
#15223 = DIRECTION('',(0.,0.,1.));
#15224 = ORIENTED_EDGE('',*,*,#15225,.T.);
#15225 = EDGE_CURVE('',#15218,#15218,#15226,.T.);
#15226 = CIRCLE('',#15227,75.6);
#15227 = AXIS2_PLACEMENT_3D('',#15228,#15229,#15230);
#15228 = CARTESIAN_POINT('',(188.,172.,175.));
#15229 = DIRECTION('',(0.,0.,1.));
#15230 = DIRECTION('',(1.,0.,-0.));
#15231 = ORIENTED_EDGE('',*,*,#15217,.T.);
#15232 = CYLINDRICAL_SURFACE('',#15233,75.6);
#15233 = AXIS2_PLACEMENT_3D('',#15234,#15235,#15236);
#15234 = CARTESIAN_POINT('',(188.,172.,175.));
#15235 = DIRECTION('',(0.,0.,1.));
#15236 = DIRECTION('',(1.,0.,-0.));
#15237 = ADVANCED_FACE('',(#15238,#15241),#15252,.T.);
#15238 = FACE_BOUND('',#15239,.T.);
#15239 = EDGE_LOOP('',(#15240));
#15240 = ORIENTED_EDGE('',*,*,#15208,.T.);
#15241 = FACE_BOUND('',#15242,.T.);
#15242 = EDGE_LOOP('',(#15243));
#15243 = ORIENTED_EDGE('',*,*,#15244,.F.);
#15244 = EDGE_CURVE('',#15245,#15245,#15247,.T.);
#15245 = VERTEX_POINT('',#15246);
#15246 = CARTESIAN_POINT('',(263.1,172.,175.3));
#15247 = CIRCLE('',#15248,75.1);
#15248 = AXIS2_PLACEMENT_3D('',#15249,#15250,#15251);
#15249 = CARTESIAN_POINT('',(188.,172.,175.3));
#15250 = DIRECTION('',(0.,0.,1.));
#15251 = DIRECTION('',(1.,0.,-0.));
#15252 = PLANE('',#15253);
#15253 = AXIS2_PLACEMENT_3D('',#15254,#15255,#15256);
#15254 = CARTESIAN_POINT('',(188.,172.,175.3));
#15255 = DIRECTION('',(0.,0.,1.));
#15256 = DIRECTION('',(1.,0.,-0.));
#15257 = ADVANCED_FACE('',(#15258,#15261),#15272,.F.);
#15258 = FACE_BOUND('',#15259,.F.);
#15259 = EDGE_LOOP('',(#15260));
#15260 = ORIENTED_EDGE('',*,*,#15225,.T.);
#15261 = FACE_BOUND('',#15262,.F.);
#15262 = EDGE_LOOP('',(#15263));
#15263 = ORIENTED_EDGE('',*,*,#15264,.F.);
#15264 = EDGE_CURVE('',#15265,#15265,#15267,.T.);
#15265 = VERTEX_POINT('',#15266);
#15266 = CARTESIAN_POINT('',(263.1,172.,175.));
#15267 = CIRCLE('',#15268,75.1);
#15268 = AXIS2_PLACEMENT_3D('',#15269,#15270,#15271);
#15269 = CARTESIAN_POINT('',(188.,172.,175.));
#15270 = DIRECTION('',(0.,0.,1.));
#15271 = DIRECTION('',(1.,0.,-0.));
#15272 = PLANE('',#15273);
#15273 = AXIS2_PLACEMENT_3D('',#15274,#15275,#15276);
#15274 = CARTESIAN_POINT('',(188.,172.,175.));
#15275 = DIRECTION('',(0.,0.,1.));
#15276 = DIRECTION('',(1.,0.,-0.));
#15277 = ADVANCED_FACE('',(#15278),#15289,.F.);
#15278 = FACE_BOUND('',#15279,.F.);
#15279 = EDGE_LOOP('',(#15280,#15281,#15287,#15288));
#15280 = ORIENTED_EDGE('',*,*,#15244,.F.);
#15281 = ORIENTED_EDGE('',*,*,#15282,.F.);
#15282 = EDGE_CURVE('',#15265,#15245,#15283,.T.);
#15283 = LINE('',#15284,#15285);
#15284 = CARTESIAN_POINT('',(263.1,172.,175.));
#15285 = VECTOR('',#15286,1.);
#15286 = DIRECTION('',(0.,0.,1.));
#15287 = ORIENTED_EDGE('',*,*,#15264,.T.);
#15288 = ORIENTED_EDGE('',*,*,#15282,.T.);
#15289 = CYLINDRICAL_SURFACE('',#15290,75.1);
#15290 = AXIS2_PLACEMENT_3D('',#15291,#15292,#15293);
#15291 = CARTESIAN_POINT('',(188.,172.,175.));
#15292 = DIRECTION('',(0.,0.,1.));
#15293 = DIRECTION('',(1.,0.,-0.));
#15294 = MANIFOLD_SOLID_BREP('',#15295);
#15295 = CLOSED_SHELL('',(#15296,#15329,#15349,#15369));
#15296 = ADVANCED_FACE('',(#15297),#15324,.T.);
#15297 = FACE_BOUND('',#15298,.T.);
#15298 = EDGE_LOOP('',(#15299,#15308,#15316,#15323));
#15299 = ORIENTED_EDGE('',*,*,#15300,.F.);
#15300 = EDGE_CURVE('',#15301,#15301,#15303,.T.);
#15301 = VERTEX_POINT('',#15302);
#15302 = CARTESIAN_POINT('',(288.8,172.,175.3));
#15303 = CIRCLE('',#15304,100.8);
#15304 = AXIS2_PLACEMENT_3D('',#15305,#15306,#15307);
#15305 = CARTESIAN_POINT('',(188.,172.,175.3));
#15306 = DIRECTION('',(0.,0.,1.));
#15307 = DIRECTION('',(1.,0.,-0.));
#15308 = ORIENTED_EDGE('',*,*,#15309,.F.);
#15309 = EDGE_CURVE('',#15310,#15301,#15312,.T.);
#15310 = VERTEX_POINT('',#15311);
#15311 = CARTESIAN_POINT('',(288.8,172.,175.));
#15312 = LINE('',#15313,#15314);
#15313 = CARTESIAN_POINT('',(288.8,172.,175.));
#15314 = VECTOR('',#15315,1.);
#15315 = DIRECTION('',(0.,0.,1.));
#15316 = ORIENTED_EDGE('',*,*,#15317,.T.);
#15317 = EDGE_CURVE('',#15310,#15310,#15318,.T.);
#15318 = CIRCLE('',#15319,100.8);
#15319 = AXIS2_PLACEMENT_3D('',#15320,#15321,#15322);
#15320 = CARTESIAN_POINT('',(188.,172.,175.));
#15321 = DIRECTION('',(0.,0.,1.));
#15322 = DIRECTION('',(1.,0.,-0.));
#15323 = ORIENTED_EDGE('',*,*,#15309,.T.);
#15324 = CYLINDRICAL_SURFACE('',#15325,100.8);
#15325 = AXIS2_PLACEMENT_3D('',#15326,#15327,#15328);
#15326 = CARTESIAN_POINT('',(188.,172.,175.));
#15327 = DIRECTION('',(0.,0.,1.));
#15328 = DIRECTION('',(1.,0.,-0.));
#15329 = ADVANCED_FACE('',(#15330,#15333),#15344,.T.);
#15330 = FACE_BOUND('',#15331,.T.);
#15331 = EDGE_LOOP('',(#15332));
#15332 = ORIENTED_EDGE('',*,*,#15300,.T.);
#15333 = FACE_BOUND('',#15334,.T.);
#15334 = EDGE_LOOP('',(#15335));
#15335 = ORIENTED_EDGE('',*,*,#15336,.F.);
#15336 = EDGE_CURVE('',#15337,#15337,#15339,.T.);
#15337 = VERTEX_POINT('',#15338);
#15338 = CARTESIAN_POINT('',(288.3,172.,175.3));
#15339 = CIRCLE('',#15340,100.3);
#15340 = AXIS2_PLACEMENT_3D('',#15341,#15342,#15343);
#15341 = CARTESIAN_POINT('',(188.,172.,175.3));
#15342 = DIRECTION('',(0.,0.,1.));
#15343 = DIRECTION('',(1.,0.,-0.));
#15344 = PLANE('',#15345);
#15345 = AXIS2_PLACEMENT_3D('',#15346,#15347,#15348);
#15346 = CARTESIAN_POINT('',(188.,172.,175.3));
#15347 = DIRECTION('',(0.,0.,1.));
#15348 = DIRECTION('',(1.,0.,-0.));
#15349 = ADVANCED_FACE('',(#15350,#15353),#15364,.F.);
#15350 = FACE_BOUND('',#15351,.F.);
#15351 = EDGE_LOOP('',(#15352));
#15352 = ORIENTED_EDGE('',*,*,#15317,.T.);
#15353 = FACE_BOUND('',#15354,.F.);
#15354 = EDGE_LOOP('',(#15355));
#15355 = ORIENTED_EDGE('',*,*,#15356,.F.);
#15356 = EDGE_CURVE('',#15357,#15357,#15359,.T.);
#15357 = VERTEX_POINT('',#15358);
#15358 = CARTESIAN_POINT('',(288.3,172.,175.));
#15359 = CIRCLE('',#15360,100.3);
#15360 = AXIS2_PLACEMENT_3D('',#15361,#15362,#15363);
#15361 = CARTESIAN_POINT('',(188.,172.,175.));
#15362 = DIRECTION('',(0.,0.,1.));
#15363 = DIRECTION('',(1.,0.,-0.));
#15364 = PLANE('',#15365);
#15365 = AXIS2_PLACEMENT_3D('',#15366,#15367,#15368);
#15366 = CARTESIAN_POINT('',(188.,172.,175.));
#15367 = DIRECTION('',(0.,0.,1.));
#15368 = DIRECTION('',(1.,0.,-0.));
#15369 = ADVANCED_FACE('',(#15370),#15381,.F.);
#15370 = FACE_BOUND('',#15371,.F.);
#15371 = EDGE_LOOP('',(#15372,#15373,#15379,#15380));
#15372 = ORIENTED_EDGE('',*,*,#15336,.F.);
#15373 = ORIENTED_EDGE('',*,*,#15374,.F.);
#15374 = EDGE_CURVE('',#15357,#15337,#15375,.T.);
#15375 = LINE('',#15376,#15377);
#15376 = CARTESIAN_POINT('',(288.3,172.,175.));
#15377 = VECTOR('',#15378,1.);
#15378 = DIRECTION('',(0.,0.,1.));
#15379 = ORIENTED_EDGE('',*,*,#15356,.T.);
#15380 = ORIENTED_EDGE('',*,*,#15374,.T.);
#15381 = CYLINDRICAL_SURFACE('',#15382,100.3);
#15382 = AXIS2_PLACEMENT_3D('',#15383,#15384,#15385);
#15383 = CARTESIAN_POINT('',(188.,172.,175.));
#15384 = DIRECTION('',(0.,0.,1.));
#15385 = DIRECTION('',(1.,0.,-0.));
#15386 = MANIFOLD_SOLID_BREP('',#15387);
#15387 = CLOSED_SHELL('',(#15388,#15421,#15441,#15461));
#15388 = ADVANCED_FACE('',(#15389),#15416,.T.);
#15389 = FACE_BOUND('',#15390,.T.);
#15390 = EDGE_LOOP('',(#15391,#15400,#15408,#15415));
#15391 = ORIENTED_EDGE('',*,*,#15392,.F.);
#15392 = EDGE_CURVE('',#15393,#15393,#15395,.T.);
#15393 = VERTEX_POINT('',#15394);
#15394 = CARTESIAN_POINT('',(324.,172.,175.3));
#15395 = CIRCLE('',#15396,136.);
#15396 = AXIS2_PLACEMENT_3D('',#15397,#15398,#15399);
#15397 = CARTESIAN_POINT('',(188.,172.,175.3));
#15398 = DIRECTION('',(0.,0.,1.));
#15399 = DIRECTION('',(1.,0.,-0.));
#15400 = ORIENTED_EDGE('',*,*,#15401,.F.);
#15401 = EDGE_CURVE('',#15402,#15393,#15404,.T.);
#15402 = VERTEX_POINT('',#15403);
#15403 = CARTESIAN_POINT('',(324.,172.,175.));
#15404 = LINE('',#15405,#15406);
#15405 = CARTESIAN_POINT('',(324.,172.,175.));
#15406 = VECTOR('',#15407,1.);
#15407 = DIRECTION('',(0.,0.,1.));
#15408 = ORIENTED_EDGE('',*,*,#15409,.T.);
#15409 = EDGE_CURVE('',#15402,#15402,#15410,.T.);
#15410 = CIRCLE('',#15411,136.);
#15411 = AXIS2_PLACEMENT_3D('',#15412,#15413,#15414);
#15412 = CARTESIAN_POINT('',(188.,172.,175.));
#15413 = DIRECTION('',(0.,0.,1.));
#15414 = DIRECTION('',(1.,0.,-0.));
#15415 = ORIENTED_EDGE('',*,*,#15401,.T.);
#15416 = CYLINDRICAL_SURFACE('',#15417,136.);
#15417 = AXIS2_PLACEMENT_3D('',#15418,#15419,#15420);
#15418 = CARTESIAN_POINT('',(188.,172.,175.));
#15419 = DIRECTION('',(0.,0.,1.));
#15420 = DIRECTION('',(1.,0.,-0.));
#15421 = ADVANCED_FACE('',(#15422,#15425),#15436,.T.);
#15422 = FACE_BOUND('',#15423,.T.);
#15423 = EDGE_LOOP('',(#15424));
#15424 = ORIENTED_EDGE('',*,*,#15392,.T.);
#15425 = FACE_BOUND('',#15426,.T.);
#15426 = EDGE_LOOP('',(#15427));
#15427 = ORIENTED_EDGE('',*,*,#15428,.F.);
#15428 = EDGE_CURVE('',#15429,#15429,#15431,.T.);
#15429 = VERTEX_POINT('',#15430);
#15430 = CARTESIAN_POINT('',(323.5,172.,175.3));
#15431 = CIRCLE('',#15432,135.5);
#15432 = AXIS2_PLACEMENT_3D('',#15433,#15434,#15435);
#15433 = CARTESIAN_POINT('',(188.,172.,175.3));
#15434 = DIRECTION('',(0.,0.,1.));
#15435 = DIRECTION('',(1.,0.,-0.));
#15436 = PLANE('',#15437);
#15437 = AXIS2_PLACEMENT_3D('',#15438,#15439,#15440);
#15438 = CARTESIAN_POINT('',(188.,172.,175.3));
#15439 = DIRECTION('',(0.,0.,1.));
#15440 = DIRECTION('',(1.,0.,-0.));
#15441 = ADVANCED_FACE('',(#15442,#15445),#15456,.F.);
#15442 = FACE_BOUND('',#15443,.F.);
#15443 = EDGE_LOOP('',(#15444));
#15444 = ORIENTED_EDGE('',*,*,#15409,.T.);
#15445 = FACE_BOUND('',#15446,.F.);
#15446 = EDGE_LOOP('',(#15447));
#15447 = ORIENTED_EDGE('',*,*,#15448,.F.);
#15448 = EDGE_CURVE('',#15449,#15449,#15451,.T.);
#15449 = VERTEX_POINT('',#15450);
#15450 = CARTESIAN_POINT('',(323.5,172.,175.));
#15451 = CIRCLE('',#15452,135.5);
#15452 = AXIS2_PLACEMENT_3D('',#15453,#15454,#15455);
#15453 = CARTESIAN_POINT('',(188.,172.,175.));
#15454 = DIRECTION('',(0.,0.,1.));
#15455 = DIRECTION('',(1.,0.,-0.));
#15456 = PLANE('',#15457);
#15457 = AXIS2_PLACEMENT_3D('',#15458,#15459,#15460);
#15458 = CARTESIAN_POINT('',(188.,172.,175.));
#15459 = DIRECTION('',(0.,0.,1.));
#15460 = DIRECTION('',(1.,0.,-0.));
#15461 = ADVANCED_FACE('',(#15462),#15473,.F.);
#15462 = FACE_BOUND('',#15463,.F.);
#15463 = EDGE_LOOP('',(#15464,#15465,#15471,#15472));
#15464 = ORIENTED_EDGE('',*,*,#15428,.F.);
#15465 = ORIENTED_EDGE('',*,*,#15466,.F.);
#15466 = EDGE_CURVE('',#15449,#15429,#15467,.T.);
#15467 = LINE('',#15468,#15469);
#15468 = CARTESIAN_POINT('',(323.5,172.,175.));
#15469 = VECTOR('',#15470,1.);
#15470 = DIRECTION('',(0.,0.,1.));
#15471 = ORIENTED_EDGE('',*,*,#15448,.T.);
#15472 = ORIENTED_EDGE('',*,*,#15466,.T.);
#15473 = CYLINDRICAL_SURFACE('',#15474,135.5);
#15474 = AXIS2_PLACEMENT_3D('',#15475,#15476,#15477);
#15475 = CARTESIAN_POINT('',(188.,172.,175.));
#15476 = DIRECTION('',(0.,0.,1.));
#15477 = DIRECTION('',(1.,0.,-0.));
#15478 = ( GEOMETRIC_REPRESENTATION_CONTEXT(3) 
GLOBAL_UNCERTAINTY_ASSIGNED_CONTEXT((#15482)) 
GLOBAL_UNIT_ASSIGNED_CONTEXT((#15479,#15480,#15481)) 
REPRESENTATION_CONTEXT('Context #1',
  '3D Context with UNIT and UNCERTAINTY') );
#15479 = ( LENGTH_UNIT() NAMED_UNIT(*) SI_UNIT(.MILLI.,.METRE.) );
#15480 = ( NAMED_UNIT(*) PLANE_ANGLE_UNIT() SI_UNIT($,.RADIAN.) );
#15481 = ( NAMED_UNIT(*) SI_UNIT($,.STERADIAN.) SOLID_ANGLE_UNIT() );
#15482 = UNCERTAINTY_MEASURE_WITH_UNIT(LENGTH_MEASURE(1.E-07),#15479,
  'distance_accuracy_value','confusion accuracy');
#15483 = CONTEXT_DEPENDENT_SHAPE_REPRESENTATION(#15484,#15486);
#15484 = ( REPRESENTATION_RELATIONSHIP('','',#15109,#10) 
REPRESENTATION_RELATIONSHIP_WITH_TRANSFORMATION(#15485) 
SHAPE_REPRESENTATION_RELATIONSHIP() );
#15485 = ITEM_DEFINED_TRANSFORMATION('','',#11,#239);
#15486 = PRODUCT_DEFINITION_SHAPE('Placement','Placement of an item',
  #15487);
#15487 = NEXT_ASSEMBLY_USAGE_OCCURRENCE('57','唱盘表面环纹示意',
  '',#5,#15104,$);
#15488 = PRODUCT_RELATED_PRODUCT_CATEGORY('part',$,(#15106));
#15489 = SHAPE_DEFINITION_REPRESENTATION(#15490,#15496);
#15490 = PRODUCT_DEFINITION_SHAPE('','',#15491);
#15491 = PRODUCT_DEFINITION('design','',#15492,#15495);
#15492 = PRODUCT_DEFINITION_FORMATION('','',#15493);
#15493 = PRODUCT('机芯主轴示意','机芯主轴示意','',(#15494));
#15494 = PRODUCT_CONTEXT('',#2,'mechanical');
#15495 = PRODUCT_DEFINITION_CONTEXT('part definition',#2,'design');
#15496 = ADVANCED_BREP_SHAPE_REPRESENTATION('',(#11,#15497),#15550);
#15497 = MANIFOLD_SOLID_BREP('',#15498);
#15498 = CLOSED_SHELL('',(#15499,#15532,#15541));
#15499 = ADVANCED_FACE('',(#15500),#15527,.T.);
#15500 = FACE_BOUND('',#15501,.T.);
#15501 = EDGE_LOOP('',(#15502,#15511,#15519,#15526));
#15502 = ORIENTED_EDGE('',*,*,#15503,.F.);
#15503 = EDGE_CURVE('',#15504,#15504,#15506,.T.);
#15504 = VERTEX_POINT('',#15505);
#15505 = CARTESIAN_POINT('',(191.5,172.,185.));
#15506 = CIRCLE('',#15507,3.5);
#15507 = AXIS2_PLACEMENT_3D('',#15508,#15509,#15510);
#15508 = CARTESIAN_POINT('',(188.,172.,185.));
#15509 = DIRECTION('',(0.,0.,1.));
#15510 = DIRECTION('',(1.,0.,-0.));
#15511 = ORIENTED_EDGE('',*,*,#15512,.F.);
#15512 = EDGE_CURVE('',#15513,#15504,#15515,.T.);
#15513 = VERTEX_POINT('',#15514);
#15514 = CARTESIAN_POINT('',(191.5,172.,175.));
#15515 = LINE('',#15516,#15517);
#15516 = CARTESIAN_POINT('',(191.5,172.,175.));
#15517 = VECTOR('',#15518,1.);
#15518 = DIRECTION('',(0.,0.,1.));
#15519 = ORIENTED_EDGE('',*,*,#15520,.T.);
#15520 = EDGE_CURVE('',#15513,#15513,#15521,.T.);
#15521 = CIRCLE('',#15522,3.5);
#15522 = AXIS2_PLACEMENT_3D('',#15523,#15524,#15525);
#15523 = CARTESIAN_POINT('',(188.,172.,175.));
#15524 = DIRECTION('',(0.,0.,1.));
#15525 = DIRECTION('',(1.,0.,-0.));
#15526 = ORIENTED_EDGE('',*,*,#15512,.T.);
#15527 = CYLINDRICAL_SURFACE('',#15528,3.5);
#15528 = AXIS2_PLACEMENT_3D('',#15529,#15530,#15531);
#15529 = CARTESIAN_POINT('',(188.,172.,175.));
#15530 = DIRECTION('',(0.,0.,1.));
#15531 = DIRECTION('',(1.,0.,-0.));
#15532 = ADVANCED_FACE('',(#15533),#15536,.T.);
#15533 = FACE_BOUND('',#15534,.T.);
#15534 = EDGE_LOOP('',(#15535));
#15535 = ORIENTED_EDGE('',*,*,#15503,.T.);
#15536 = PLANE('',#15537);
#15537 = AXIS2_PLACEMENT_3D('',#15538,#15539,#15540);
#15538 = CARTESIAN_POINT('',(188.,172.,185.));
#15539 = DIRECTION('',(0.,0.,1.));
#15540 = DIRECTION('',(1.,0.,-0.));
#15541 = ADVANCED_FACE('',(#15542),#15545,.F.);
#15542 = FACE_BOUND('',#15543,.T.);
#15543 = EDGE_LOOP('',(#15544));
#15544 = ORIENTED_EDGE('',*,*,#15520,.F.);
#15545 = PLANE('',#15546);
#15546 = AXIS2_PLACEMENT_3D('',#15547,#15548,#15549);
#15547 = CARTESIAN_POINT('',(188.,172.,175.));
#15548 = DIRECTION('',(0.,0.,1.));
#15549 = DIRECTION('',(1.,0.,-0.));
#15550 = ( GEOMETRIC_REPRESENTATION_CONTEXT(3) 
GLOBAL_UNCERTAINTY_ASSIGNED_CONTEXT((#15554)) 
GLOBAL_UNIT_ASSIGNED_CONTEXT((#15551,#15552,#15553)) 
REPRESENTATION_CONTEXT('Context #1',
  '3D Context with UNIT and UNCERTAINTY') );
#15551 = ( LENGTH_UNIT() NAMED_UNIT(*) SI_UNIT(.MILLI.,.METRE.) );
#15552 = ( NAMED_UNIT(*) PLANE_ANGLE_UNIT() SI_UNIT($,.RADIAN.) );
#15553 = ( NAMED_UNIT(*) SI_UNIT($,.STERADIAN.) SOLID_ANGLE_UNIT() );
#15554 = UNCERTAINTY_MEASURE_WITH_UNIT(LENGTH_MEASURE(1.E-07),#15551,
  'distance_accuracy_value','confusion accuracy');
#15555 = CONTEXT_DEPENDENT_SHAPE_REPRESENTATION(#15556,#15558);
#15556 = ( REPRESENTATION_RELATIONSHIP('','',#15496,#10) 
REPRESENTATION_RELATIONSHIP_WITH_TRANSFORMATION(#15557) 
SHAPE_REPRESENTATION_RELATIONSHIP() );
#15557 = ITEM_DEFINED_TRANSFORMATION('','',#11,#243);
#15558 = PRODUCT_DEFINITION_SHAPE('Placement','Placement of an item',
  #15559);
#15559 = NEXT_ASSEMBLY_USAGE_OCCURRENCE('58','机芯主轴示意','',#5,
  #15491,$);
#15560 = PRODUCT_RELATED_PRODUCT_CATEGORY('part',$,(#15493));
#15561 = SHAPE_DEFINITION_REPRESENTATION(#15562,#15568);
#15562 = PRODUCT_DEFINITION_SHAPE('','',#15563);
#15563 = PRODUCT_DEFINITION('design','',#15564,#15567);
#15564 = PRODUCT_DEFINITION_FORMATION('','',#15565);
#15565 = PRODUCT('唱臂支座 · 高40实测／外形暂估',
  '唱臂支座 · 高40实测／外形暂估','',(#15566));
#15566 = PRODUCT_CONTEXT('',#2,'mechanical');
#15567 = PRODUCT_DEFINITION_CONTEXT('part definition',#2,'design');
#15568 = ADVANCED_BREP_SHAPE_REPRESENTATION('',(#11,#15569),#15719);
#15569 = MANIFOLD_SOLID_BREP('',#15570);
#15570 = CLOSED_SHELL('',(#15571,#15611,#15651,#15673,#15695,#15707));
#15571 = ADVANCED_FACE('',(#15572),#15606,.F.);
#15572 = FACE_BOUND('',#15573,.F.);
#15573 = EDGE_LOOP('',(#15574,#15584,#15592,#15600));
#15574 = ORIENTED_EDGE('',*,*,#15575,.F.);
#15575 = EDGE_CURVE('',#15576,#15578,#15580,.T.);
#15576 = VERTEX_POINT('',#15577);
#15577 = CARTESIAN_POINT('',(345.5,251.5,162.));
#15578 = VERTEX_POINT('',#15579);
#15579 = CARTESIAN_POINT('',(345.5,251.5,202.));
#15580 = LINE('',#15581,#15582);
#15581 = CARTESIAN_POINT('',(345.5,251.5,162.));
#15582 = VECTOR('',#15583,1.);
#15583 = DIRECTION('',(0.,0.,1.));
#15584 = ORIENTED_EDGE('',*,*,#15585,.T.);
#15585 = EDGE_CURVE('',#15576,#15586,#15588,.T.);
#15586 = VERTEX_POINT('',#15587);
#15587 = CARTESIAN_POINT('',(345.5,284.5,162.));
#15588 = LINE('',#15589,#15590);
#15589 = CARTESIAN_POINT('',(345.5,251.5,162.));
#15590 = VECTOR('',#15591,1.);
#15591 = DIRECTION('',(-0.,1.,0.));
#15592 = ORIENTED_EDGE('',*,*,#15593,.T.);
#15593 = EDGE_CURVE('',#15586,#15594,#15596,.T.);
#15594 = VERTEX_POINT('',#15595);
#15595 = CARTESIAN_POINT('',(345.5,284.5,202.));
#15596 = LINE('',#15597,#15598);
#15597 = CARTESIAN_POINT('',(345.5,284.5,162.));
#15598 = VECTOR('',#15599,1.);
#15599 = DIRECTION('',(0.,0.,1.));
#15600 = ORIENTED_EDGE('',*,*,#15601,.F.);
#15601 = EDGE_CURVE('',#15578,#15594,#15602,.T.);
#15602 = LINE('',#15603,#15604);
#15603 = CARTESIAN_POINT('',(345.5,251.5,202.));
#15604 = VECTOR('',#15605,1.);
#15605 = DIRECTION('',(-0.,1.,0.));
#15606 = PLANE('',#15607);
#15607 = AXIS2_PLACEMENT_3D('',#15608,#15609,#15610);
#15608 = CARTESIAN_POINT('',(345.5,251.5,162.));
#15609 = DIRECTION('',(1.,0.,-0.));
#15610 = DIRECTION('',(0.,0.,1.));
#15611 = ADVANCED_FACE('',(#15612),#15646,.T.);
#15612 = FACE_BOUND('',#15613,.T.);
#15613 = EDGE_LOOP('',(#15614,#15624,#15632,#15640));
#15614 = ORIENTED_EDGE('',*,*,#15615,.F.);
#15615 = EDGE_CURVE('',#15616,#15618,#15620,.T.);
#15616 = VERTEX_POINT('',#15617);
#15617 = CARTESIAN_POINT('',(370.5,251.5,162.));
#15618 = VERTEX_POINT('',#15619);
#15619 = CARTESIAN_POINT('',(370.5,251.5,202.));
#15620 = LINE('',#15621,#15622);
#15621 = CARTESIAN_POINT('',(370.5,251.5,162.));
#15622 = VECTOR('',#15623,1.);
#15623 = DIRECTION('',(0.,0.,1.));
#15624 = ORIENTED_EDGE('',*,*,#15625,.T.);
#15625 = EDGE_CURVE('',#15616,#15626,#15628,.T.);
#15626 = VERTEX_POINT('',#15627);
#15627 = CARTESIAN_POINT('',(370.5,284.5,162.));
#15628 = LINE('',#15629,#15630);
#15629 = CARTESIAN_POINT('',(370.5,251.5,162.));
#15630 = VECTOR('',#15631,1.);
#15631 = DIRECTION('',(-0.,1.,0.));
#15632 = ORIENTED_EDGE('',*,*,#15633,.T.);
#15633 = EDGE_CURVE('',#15626,#15634,#15636,.T.);
#15634 = VERTEX_POINT('',#15635);
#15635 = CARTESIAN_POINT('',(370.5,284.5,202.));
#15636 = LINE('',#15637,#15638);
#15637 = CARTESIAN_POINT('',(370.5,284.5,162.));
#15638 = VECTOR('',#15639,1.);
#15639 = DIRECTION('',(0.,0.,1.));
#15640 = ORIENTED_EDGE('',*,*,#15641,.F.);
#15641 = EDGE_CURVE('',#15618,#15634,#15642,.T.);
#15642 = LINE('',#15643,#15644);
#15643 = CARTESIAN_POINT('',(370.5,251.5,202.));
#15644 = VECTOR('',#15645,1.);
#15645 = DIRECTION('',(-0.,1.,0.));
#15646 = PLANE('',#15647);
#15647 = AXIS2_PLACEMENT_3D('',#15648,#15649,#15650);
#15648 = CARTESIAN_POINT('',(370.5,251.5,162.));
#15649 = DIRECTION('',(1.,0.,-0.));
#15650 = DIRECTION('',(0.,0.,1.));
#15651 = ADVANCED_FACE('',(#15652),#15668,.F.);
#15652 = FACE_BOUND('',#15653,.F.);
#15653 = EDGE_LOOP('',(#15654,#15660,#15661,#15667));
#15654 = ORIENTED_EDGE('',*,*,#15655,.F.);
#15655 = EDGE_CURVE('',#15576,#15616,#15656,.T.);
#15656 = LINE('',#15657,#15658);
#15657 = CARTESIAN_POINT('',(345.5,251.5,162.));
#15658 = VECTOR('',#15659,1.);
#15659 = DIRECTION('',(1.,0.,-0.));
#15660 = ORIENTED_EDGE('',*,*,#15575,.T.);
#15661 = ORIENTED_EDGE('',*,*,#15662,.T.);
#15662 = EDGE_CURVE('',#15578,#15618,#15663,.T.);
#15663 = LINE('',#15664,#15665);
#15664 = CARTESIAN_POINT('',(345.5,251.5,202.));
#15665 = VECTOR('',#15666,1.);
#15666 = DIRECTION('',(1.,0.,-0.));
#15667 = ORIENTED_EDGE('',*,*,#15615,.F.);
#15668 = PLANE('',#15669);
#15669 = AXIS2_PLACEMENT_3D('',#15670,#15671,#15672);
#15670 = CARTESIAN_POINT('',(345.5,251.5,162.));
#15671 = DIRECTION('',(-0.,1.,0.));
#15672 = DIRECTION('',(0.,0.,1.));
#15673 = ADVANCED_FACE('',(#15674),#15690,.T.);
#15674 = FACE_BOUND('',#15675,.T.);
#15675 = EDGE_LOOP('',(#15676,#15682,#15683,#15689));
#15676 = ORIENTED_EDGE('',*,*,#15677,.F.);
#15677 = EDGE_CURVE('',#15586,#15626,#15678,.T.);
#15678 = LINE('',#15679,#15680);
#15679 = CARTESIAN_POINT('',(345.5,284.5,162.));
#15680 = VECTOR('',#15681,1.);
#15681 = DIRECTION('',(1.,0.,-0.));
#15682 = ORIENTED_EDGE('',*,*,#15593,.T.);
#15683 = ORIENTED_EDGE('',*,*,#15684,.T.);
#15684 = EDGE_CURVE('',#15594,#15634,#15685,.T.);
#15685 = LINE('',#15686,#15687);
#15686 = CARTESIAN_POINT('',(345.5,284.5,202.));
#15687 = VECTOR('',#15688,1.);
#15688 = DIRECTION('',(1.,0.,-0.));
#15689 = ORIENTED_EDGE('',*,*,#15633,.F.);
#15690 = PLANE('',#15691);
#15691 = AXIS2_PLACEMENT_3D('',#15692,#15693,#15694);
#15692 = CARTESIAN_POINT('',(345.5,284.5,162.));
#15693 = DIRECTION('',(-0.,1.,0.));
#15694 = DIRECTION('',(0.,0.,1.));
#15695 = ADVANCED_FACE('',(#15696),#15702,.F.);
#15696 = FACE_BOUND('',#15697,.F.);
#15697 = EDGE_LOOP('',(#15698,#15699,#15700,#15701));
#15698 = ORIENTED_EDGE('',*,*,#15585,.F.);
#15699 = ORIENTED_EDGE('',*,*,#15655,.T.);
#15700 = ORIENTED_EDGE('',*,*,#15625,.T.);
#15701 = ORIENTED_EDGE('',*,*,#15677,.F.);
#15702 = PLANE('',#15703);
#15703 = AXIS2_PLACEMENT_3D('',#15704,#15705,#15706);
#15704 = CARTESIAN_POINT('',(345.5,251.5,162.));
#15705 = DIRECTION('',(0.,0.,1.));
#15706 = DIRECTION('',(1.,0.,-0.));
#15707 = ADVANCED_FACE('',(#15708),#15714,.T.);
#15708 = FACE_BOUND('',#15709,.T.);
#15709 = EDGE_LOOP('',(#15710,#15711,#15712,#15713));
#15710 = ORIENTED_EDGE('',*,*,#15601,.F.);
#15711 = ORIENTED_EDGE('',*,*,#15662,.T.);
#15712 = ORIENTED_EDGE('',*,*,#15641,.T.);
#15713 = ORIENTED_EDGE('',*,*,#15684,.F.);
#15714 = PLANE('',#15715);
#15715 = AXIS2_PLACEMENT_3D('',#15716,#15717,#15718);
#15716 = CARTESIAN_POINT('',(345.5,251.5,202.));
#15717 = DIRECTION('',(0.,0.,1.));
#15718 = DIRECTION('',(1.,0.,-0.));
#15719 = ( GEOMETRIC_REPRESENTATION_CONTEXT(3) 
GLOBAL_UNCERTAINTY_ASSIGNED_CONTEXT((#15723)) 
GLOBAL_UNIT_ASSIGNED_CONTEXT((#15720,#15721,#15722)) 
REPRESENTATION_CONTEXT('Context #1',
  '3D Context with UNIT and UNCERTAINTY') );
#15720 = ( LENGTH_UNIT() NAMED_UNIT(*) SI_UNIT(.MILLI.,.METRE.) );
#15721 = ( NAMED_UNIT(*) PLANE_ANGLE_UNIT() SI_UNIT($,.RADIAN.) );
#15722 = ( NAMED_UNIT(*) SI_UNIT($,.STERADIAN.) SOLID_ANGLE_UNIT() );
#15723 = UNCERTAINTY_MEASURE_WITH_UNIT(LENGTH_MEASURE(1.E-07),#15720,
  'distance_accuracy_value','confusion accuracy');
#15724 = CONTEXT_DEPENDENT_SHAPE_REPRESENTATION(#15725,#15727);
#15725 = ( REPRESENTATION_RELATIONSHIP('','',#15568,#10) 
REPRESENTATION_RELATIONSHIP_WITH_TRANSFORMATION(#15726) 
SHAPE_REPRESENTATION_RELATIONSHIP() );
#15726 = ITEM_DEFINED_TRANSFORMATION('','',#11,#247);
#15727 = PRODUCT_DEFINITION_SHAPE('Placement','Placement of an item',
  #15728);
#15728 = NEXT_ASSEMBLY_USAGE_OCCURRENCE('59',
  '唱臂支座 · 高40实测／外形暂估','',#5,#15563,$);
#15729 = PRODUCT_RELATED_PRODUCT_CATEGORY('part',$,(#15565));
#15730 = SHAPE_DEFINITION_REPRESENTATION(#15731,#15737);
#15731 = PRODUCT_DEFINITION_SHAPE('','',#15732);
#15732 = PRODUCT_DEFINITION('design','',#15733,#15736);
#15733 = PRODUCT_DEFINITION_FORMATION('','',#15734);
#15734 = PRODUCT('弯臂停放示意 · 总长250非有效臂长',
  '弯臂停放示意 · 总长250非有效臂长','',(#15735));
#15735 = PRODUCT_CONTEXT('',#2,'mechanical');
#15736 = PRODUCT_DEFINITION_CONTEXT('part definition',#2,'design');
#15737 = ADVANCED_BREP_SHAPE_REPRESENTATION('',(#11,#15738),#15868);
#15738 = MANIFOLD_SOLID_BREP('',#15739);
#15739 = CLOSED_SHELL('',(#15740,#15773,#15799,#15825,#15850,#15859));
#15740 = ADVANCED_FACE('',(#15741),#15768,.T.);
#15741 = FACE_BOUND('',#15742,.T.);
#15742 = EDGE_LOOP('',(#15743,#15753,#15760,#15761));
#15743 = ORIENTED_EDGE('',*,*,#15744,.T.);
#15744 = EDGE_CURVE('',#15745,#15747,#15749,.T.);
#15745 = VERTEX_POINT('',#15746);
#15746 = CARTESIAN_POINT('',(361.2,268.,192.));
#15747 = VERTEX_POINT('',#15748);
#15748 = CARTESIAN_POINT('',(361.2,190.1372271025,187.37521927951));
#15749 = LINE('',#15750,#15751);
#15750 = CARTESIAN_POINT('',(361.2,268.,192.));
#15751 = VECTOR('',#15752,1.);
#15752 = DIRECTION('',(0.,-0.998240678173,-5.929206051903E-02));
#15753 = ORIENTED_EDGE('',*,*,#15754,.F.);
#15754 = EDGE_CURVE('',#15747,#15747,#15755,.T.);
#15755 = CIRCLE('',#15756,3.2);
#15756 = AXIS2_PLACEMENT_3D('',#15757,#15758,#15759);
#15757 = CARTESIAN_POINT('',(358.,190.1372271025,187.37521927951));
#15758 = DIRECTION('',(0.,-0.998240678173,-5.929206051903E-02));
#15759 = DIRECTION('',(1.,0.,0.));
#15760 = ORIENTED_EDGE('',*,*,#15744,.F.);
#15761 = ORIENTED_EDGE('',*,*,#15762,.T.);
#15762 = EDGE_CURVE('',#15745,#15745,#15763,.T.);
#15763 = CIRCLE('',#15764,3.2);
#15764 = AXIS2_PLACEMENT_3D('',#15765,#15766,#15767);
#15765 = CARTESIAN_POINT('',(358.,268.,192.));
#15766 = DIRECTION('',(0.,-0.998240678173,-5.929206051903E-02));
#15767 = DIRECTION('',(1.,0.,0.));
#15768 = CYLINDRICAL_SURFACE('',#15769,3.2);
#15769 = AXIS2_PLACEMENT_3D('',#15770,#15771,#15772);
#15770 = CARTESIAN_POINT('',(358.,268.,192.));
#15771 = DIRECTION('',(0.,-0.998240678173,-5.929206051903E-02));
#15772 = DIRECTION('',(1.,0.,0.));
#15773 = ADVANCED_FACE('',(#15774),#15794,.T.);
#15774 = FACE_BOUND('',#15775,.T.);
#15775 = EDGE_LOOP('',(#15776,#15785,#15792,#15793));
#15776 = ORIENTED_EDGE('',*,*,#15777,.T.);
#15777 = EDGE_CURVE('',#15747,#15778,#15780,.T.);
#15778 = VERTEX_POINT('',#15779);
#15779 = CARTESIAN_POINT('',(373.,178.35798710005,186.67557296539));
#15780 = CIRCLE('',#15781,11.8);
#15781 = AXIS2_PLACEMENT_3D('',#15782,#15783,#15784);
#15782 = CARTESIAN_POINT('',(373.,190.1372271025,187.37521927951));
#15783 = DIRECTION('',(2.246908954136E-16,-5.929206051904E-02,
    0.998240678173));
#15784 = DIRECTION('',(-1.,-3.789561257387E-15,3.045533014676E-33));
#15785 = ORIENTED_EDGE('',*,*,#15786,.T.);
#15786 = EDGE_CURVE('',#15778,#15778,#15787,.T.);
#15787 = CIRCLE('',#15788,3.2);
#15788 = AXIS2_PLACEMENT_3D('',#15789,#15790,#15791);
#15789 = CARTESIAN_POINT('',(373.,175.1636169299,186.48583837173));
#15790 = DIRECTION('',(-1.,3.807797893349E-15,4.512569848133E-16));
#15791 = DIRECTION('',(-3.827854707856E-15,-0.998240678173,
    -5.929206051904E-02));
#15792 = ORIENTED_EDGE('',*,*,#15777,.F.);
#15793 = ORIENTED_EDGE('',*,*,#15754,.T.);
#15794 = TOROIDAL_SURFACE('',#15795,15.,3.2);
#15795 = AXIS2_PLACEMENT_3D('',#15796,#15797,#15798);
#15796 = CARTESIAN_POINT('',(373.,190.1372271025,187.37521927951));
#15797 = DIRECTION('',(2.246908954136E-16,-5.929206051904E-02,
    0.998240678173));
#15798 = DIRECTION('',(-1.,-3.789561257387E-15,3.045533014676E-33));
#15799 = ADVANCED_FACE('',(#15800),#15820,.T.);
#15800 = FACE_BOUND('',#15801,.T.);
#15801 = EDGE_LOOP('',(#15802,#15811,#15818,#15819));
#15802 = ORIENTED_EDGE('',*,*,#15803,.T.);
#15803 = EDGE_CURVE('',#15778,#15804,#15806,.T.);
#15804 = VERTEX_POINT('',#15805);
#15805 = CARTESIAN_POINT('',(391.2,160.19000675731,185.59645746394));
#15806 = CIRCLE('',#15807,18.2);
#15807 = AXIS2_PLACEMENT_3D('',#15808,#15809,#15810);
#15808 = CARTESIAN_POINT('',(373.,160.19000675731,185.59645746394));
#15809 = DIRECTION('',(-7.647972186583E-16,5.929206051903E-02,
    -0.998240678173));
#15810 = DIRECTION('',(3.789561257387E-15,0.998240678173,
    5.929206051903E-02));
#15811 = ORIENTED_EDGE('',*,*,#15812,.T.);
#15812 = EDGE_CURVE('',#15804,#15804,#15813,.T.);
#15813 = CIRCLE('',#15814,3.2);
#15814 = AXIS2_PLACEMENT_3D('',#15815,#15816,#15817);
#15815 = CARTESIAN_POINT('',(388.,160.19000675731,185.59645746394));
#15816 = DIRECTION('',(-3.821187650021E-15,0.998240678173,
    5.929206051903E-02));
#15817 = DIRECTION('',(1.,3.859811354157E-15,-5.368856048186E-16));
#15818 = ORIENTED_EDGE('',*,*,#15803,.F.);
#15819 = ORIENTED_EDGE('',*,*,#15786,.F.);
#15820 = TOROIDAL_SURFACE('',#15821,15.,3.2);
#15821 = AXIS2_PLACEMENT_3D('',#15822,#15823,#15824);
#15822 = CARTESIAN_POINT('',(373.,160.19000675731,185.59645746394));
#15823 = DIRECTION('',(-7.647972186583E-16,5.929206051903E-02,
    -0.998240678173));
#15824 = DIRECTION('',(3.789561257387E-15,0.998240678173,
    5.929206051903E-02));
#15825 = ADVANCED_FACE('',(#15826),#15845,.T.);
#15826 = FACE_BOUND('',#15827,.T.);
#15827 = EDGE_LOOP('',(#15828,#15836,#15843,#15844));
#15828 = ORIENTED_EDGE('',*,*,#15829,.T.);
#15829 = EDGE_CURVE('',#15804,#15830,#15832,.T.);
#15830 = VERTEX_POINT('',#15831);
#15831 = CARTESIAN_POINT('',(391.2,116.74264807923,183.01583389644));
#15832 = LINE('',#15833,#15834);
#15833 = CARTESIAN_POINT('',(391.2,160.19000675731,185.59645746394));
#15834 = VECTOR('',#15835,1.);
#15835 = DIRECTION('',(0.,-0.998240678173,-5.929206051903E-02));
#15836 = ORIENTED_EDGE('',*,*,#15837,.F.);
#15837 = EDGE_CURVE('',#15830,#15830,#15838,.T.);
#15838 = CIRCLE('',#15839,3.2);
#15839 = AXIS2_PLACEMENT_3D('',#15840,#15841,#15842);
#15840 = CARTESIAN_POINT('',(388.,116.74264807923,183.01583389644));
#15841 = DIRECTION('',(0.,-0.998240678173,-5.929206051903E-02));
#15842 = DIRECTION('',(1.,0.,0.));
#15843 = ORIENTED_EDGE('',*,*,#15829,.F.);
#15844 = ORIENTED_EDGE('',*,*,#15812,.F.);
#15845 = CYLINDRICAL_SURFACE('',#15846,3.2);
#15846 = AXIS2_PLACEMENT_3D('',#15847,#15848,#15849);
#15847 = CARTESIAN_POINT('',(388.,160.19000675731,185.59645746394));
#15848 = DIRECTION('',(0.,-0.998240678173,-5.929206051903E-02));
#15849 = DIRECTION('',(1.,0.,0.));
#15850 = ADVANCED_FACE('',(#15851),#15854,.F.);
#15851 = FACE_BOUND('',#15852,.F.);
#15852 = EDGE_LOOP('',(#15853));
#15853 = ORIENTED_EDGE('',*,*,#15762,.T.);
#15854 = PLANE('',#15855);
#15855 = AXIS2_PLACEMENT_3D('',#15856,#15857,#15858);
#15856 = CARTESIAN_POINT('',(358.,268.,192.));
#15857 = DIRECTION('',(-0.,-0.998240678173,-5.929206051904E-02));
#15858 = DIRECTION('',(0.,5.929206051904E-02,-0.998240678173));
#15859 = ADVANCED_FACE('',(#15860),#15863,.T.);
#15860 = FACE_BOUND('',#15861,.T.);
#15861 = EDGE_LOOP('',(#15862));
#15862 = ORIENTED_EDGE('',*,*,#15837,.T.);
#15863 = PLANE('',#15864);
#15864 = AXIS2_PLACEMENT_3D('',#15865,#15866,#15867);
#15865 = CARTESIAN_POINT('',(388.,116.74264807923,183.01583389644));
#15866 = DIRECTION('',(-0.,-0.998240678173,-5.929206051903E-02));
#15867 = DIRECTION('',(0.,5.929206051903E-02,-0.998240678173));
#15868 = ( GEOMETRIC_REPRESENTATION_CONTEXT(3) 
GLOBAL_UNCERTAINTY_ASSIGNED_CONTEXT((#15872)) 
GLOBAL_UNIT_ASSIGNED_CONTEXT((#15869,#15870,#15871)) 
REPRESENTATION_CONTEXT('Context #1',
  '3D Context with UNIT and UNCERTAINTY') );
#15869 = ( LENGTH_UNIT() NAMED_UNIT(*) SI_UNIT(.MILLI.,.METRE.) );
#15870 = ( NAMED_UNIT(*) PLANE_ANGLE_UNIT() SI_UNIT($,.RADIAN.) );
#15871 = ( NAMED_UNIT(*) SI_UNIT($,.STERADIAN.) SOLID_ANGLE_UNIT() );
#15872 = UNCERTAINTY_MEASURE_WITH_UNIT(LENGTH_MEASURE(1.E-07),#15869,
  'distance_accuracy_value','confusion accuracy');
#15873 = CONTEXT_DEPENDENT_SHAPE_REPRESENTATION(#15874,#15876);
#15874 = ( REPRESENTATION_RELATIONSHIP('','',#15737,#10) 
REPRESENTATION_RELATIONSHIP_WITH_TRANSFORMATION(#15875) 
SHAPE_REPRESENTATION_RELATIONSHIP() );
#15875 = ITEM_DEFINED_TRANSFORMATION('','',#11,#251);
#15876 = PRODUCT_DEFINITION_SHAPE('Placement','Placement of an item',
  #15877);
#15877 = NEXT_ASSEMBLY_USAGE_OCCURRENCE('60',
  '弯臂停放示意 · 总长250非有效臂长','',#5,#15732,$);
#15878 = PRODUCT_RELATED_PRODUCT_CATEGORY('part',$,(#15734));
#15879 = SHAPE_DEFINITION_REPRESENTATION(#15880,#15886);
#15880 = PRODUCT_DEFINITION_SHAPE('','',#15881);
#15881 = PRODUCT_DEFINITION('design','',#15882,#15885);
#15882 = PRODUCT_DEFINITION_FORMATION('','',#15883);
#15883 = PRODUCT('后部配重外观示意','后部配重外观示意',
  '',(#15884));
#15884 = PRODUCT_CONTEXT('',#2,'mechanical');
#15885 = PRODUCT_DEFINITION_CONTEXT('part definition',#2,'design');
#15886 = ADVANCED_BREP_SHAPE_REPRESENTATION('',(#11,#15887),#15940);
#15887 = MANIFOLD_SOLID_BREP('',#15888);
#15888 = CLOSED_SHELL('',(#15889,#15922,#15931));
#15889 = ADVANCED_FACE('',(#15890),#15917,.T.);
#15890 = FACE_BOUND('',#15891,.T.);
#15891 = EDGE_LOOP('',(#15892,#15901,#15909,#15916));
#15892 = ORIENTED_EDGE('',*,*,#15893,.F.);
#15893 = EDGE_CURVE('',#15894,#15894,#15896,.T.);
#15894 = VERTEX_POINT('',#15895);
#15895 = CARTESIAN_POINT('',(358.,301.,202.));
#15896 = CIRCLE('',#15897,10.);
#15897 = AXIS2_PLACEMENT_3D('',#15898,#15899,#15900);
#15898 = CARTESIAN_POINT('',(358.,301.,192.));
#15899 = DIRECTION('',(0.,1.,0.));
#15900 = DIRECTION('',(0.,-0.,1.));
#15901 = ORIENTED_EDGE('',*,*,#15902,.F.);
#15902 = EDGE_CURVE('',#15903,#15894,#15905,.T.);
#15903 = VERTEX_POINT('',#15904);
#15904 = CARTESIAN_POINT('',(358.,285.,202.));
#15905 = LINE('',#15906,#15907);
#15906 = CARTESIAN_POINT('',(358.,285.,202.));
#15907 = VECTOR('',#15908,1.);
#15908 = DIRECTION('',(0.,1.,0.));
#15909 = ORIENTED_EDGE('',*,*,#15910,.T.);
#15910 = EDGE_CURVE('',#15903,#15903,#15911,.T.);
#15911 = CIRCLE('',#15912,10.);
#15912 = AXIS2_PLACEMENT_3D('',#15913,#15914,#15915);
#15913 = CARTESIAN_POINT('',(358.,285.,192.));
#15914 = DIRECTION('',(0.,1.,0.));
#15915 = DIRECTION('',(0.,-0.,1.));
#15916 = ORIENTED_EDGE('',*,*,#15902,.T.);
#15917 = CYLINDRICAL_SURFACE('',#15918,10.);
#15918 = AXIS2_PLACEMENT_3D('',#15919,#15920,#15921);
#15919 = CARTESIAN_POINT('',(358.,285.,192.));
#15920 = DIRECTION('',(0.,1.,0.));
#15921 = DIRECTION('',(0.,-0.,1.));
#15922 = ADVANCED_FACE('',(#15923),#15926,.T.);
#15923 = FACE_BOUND('',#15924,.T.);
#15924 = EDGE_LOOP('',(#15925));
#15925 = ORIENTED_EDGE('',*,*,#15893,.T.);
#15926 = PLANE('',#15927);
#15927 = AXIS2_PLACEMENT_3D('',#15928,#15929,#15930);
#15928 = CARTESIAN_POINT('',(358.,301.,192.));
#15929 = DIRECTION('',(0.,1.,0.));
#15930 = DIRECTION('',(0.,-0.,1.));
#15931 = ADVANCED_FACE('',(#15932),#15935,.F.);
#15932 = FACE_BOUND('',#15933,.T.);
#15933 = EDGE_LOOP('',(#15934));
#15934 = ORIENTED_EDGE('',*,*,#15910,.F.);
#15935 = PLANE('',#15936);
#15936 = AXIS2_PLACEMENT_3D('',#15937,#15938,#15939);
#15937 = CARTESIAN_POINT('',(358.,285.,192.));
#15938 = DIRECTION('',(0.,1.,0.));
#15939 = DIRECTION('',(0.,-0.,1.));
#15940 = ( GEOMETRIC_REPRESENTATION_CONTEXT(3) 
GLOBAL_UNCERTAINTY_ASSIGNED_CONTEXT((#15944)) 
GLOBAL_UNIT_ASSIGNED_CONTEXT((#15941,#15942,#15943)) 
REPRESENTATION_CONTEXT('Context #1',
  '3D Context with UNIT and UNCERTAINTY') );
#15941 = ( LENGTH_UNIT() NAMED_UNIT(*) SI_UNIT(.MILLI.,.METRE.) );
#15942 = ( NAMED_UNIT(*) PLANE_ANGLE_UNIT() SI_UNIT($,.RADIAN.) );
#15943 = ( NAMED_UNIT(*) SI_UNIT($,.STERADIAN.) SOLID_ANGLE_UNIT() );
#15944 = UNCERTAINTY_MEASURE_WITH_UNIT(LENGTH_MEASURE(1.E-07),#15941,
  'distance_accuracy_value','confusion accuracy');
#15945 = CONTEXT_DEPENDENT_SHAPE_REPRESENTATION(#15946,#15948);
#15946 = ( REPRESENTATION_RELATIONSHIP('','',#15886,#10) 
REPRESENTATION_RELATIONSHIP_WITH_TRANSFORMATION(#15947) 
SHAPE_REPRESENTATION_RELATIONSHIP() );
#15947 = ITEM_DEFINED_TRANSFORMATION('','',#11,#255);
#15948 = PRODUCT_DEFINITION_SHAPE('Placement','Placement of an item',
  #15949);
#15949 = NEXT_ASSEMBLY_USAGE_OCCURRENCE('61','后部配重外观示意',
  '',#5,#15881,$);
#15950 = PRODUCT_RELATED_PRODUCT_CATEGORY('part',$,(#15883));
#15951 = SHAPE_DEFINITION_REPRESENTATION(#15952,#15958);
#15952 = PRODUCT_DEFINITION_SHAPE('','',#15953);
#15953 = PRODUCT_DEFINITION('design','',#15954,#15957);
#15954 = PRODUCT_DEFINITION_FORMATION('','',#15955);
#15955 = PRODUCT(
  '参考图弯臂连接套、开槽唱头壳与指托 · 外观估算',
  '参考图弯臂连接套、开槽唱头壳与指托 · 外观估算',
  '',(#15956));
#15956 = PRODUCT_CONTEXT('',#2,'mechanical');
#15957 = PRODUCT_DEFINITION_CONTEXT('part definition',#2,'design');
#15958 = ADVANCED_BREP_SHAPE_REPRESENTATION('',(#11,#15959),#16813);
#15959 = MANIFOLD_SOLID_BREP('',#15960);
#15960 = CLOSED_SHELL('',(#15961,#16002,#16125,#16191,#16387,#16404,
    #16421,#16438,#16463,#16480,#16492,#16514,#16531,#16548,#16560,
    #16582,#16599,#16616,#16628,#16637,#16648,#16691,#16702,#16727,
    #16752,#16777,#16786,#16795,#16804));
#15961 = ADVANCED_FACE('',(#15962),#15997,.T.);
#15962 = FACE_BOUND('',#15963,.T.);
#15963 = EDGE_LOOP('',(#15964,#15974,#15982,#15990));
#15964 = ORIENTED_EDGE('',*,*,#15965,.F.);
#15965 = EDGE_CURVE('',#15966,#15968,#15970,.T.);
#15966 = VERTEX_POINT('',#15967);
#15967 = CARTESIAN_POINT('',(-10.67325298903,2.661140851596,-6.5));
#15968 = VERTEX_POINT('',#15969);
#15969 = CARTESIAN_POINT('',(-9.464353323736E-16,4.574951894648E-16,-6.5
    ));
#15970 = LINE('',#15971,#15972);
#15971 = CARTESIAN_POINT('',(-10.67325298903,2.661140851596,-6.5));
#15972 = VECTOR('',#15973,1.);
#15973 = DIRECTION('',(0.970295726276,-0.2419218956,0.));
#15974 = ORIENTED_EDGE('',*,*,#15975,.T.);
#15975 = EDGE_CURVE('',#15966,#15976,#15978,.T.);
#15976 = VERTEX_POINT('',#15977);
#15977 = CARTESIAN_POINT('',(-10.67325298903,2.661140851596,-0.5));
#15978 = LINE('',#15979,#15980);
#15979 = CARTESIAN_POINT('',(-10.67325298903,2.661140851596,-6.5));
#15980 = VECTOR('',#15981,1.);
#15981 = DIRECTION('',(0.,0.,1.));
#15982 = ORIENTED_EDGE('',*,*,#15983,.T.);
#15983 = EDGE_CURVE('',#15976,#15984,#15986,.T.);
#15984 = VERTEX_POINT('',#15985);
#15985 = CARTESIAN_POINT('',(-6.288235002768,1.567833074649,-0.5));
#15986 = LINE('',#15987,#15988);
#15987 = CARTESIAN_POINT('',(-10.67325298903,2.661140851596,-0.5));
#15988 = VECTOR('',#15989,1.);
#15989 = DIRECTION('',(0.970295726276,-0.2419218956,0.));
#15990 = ORIENTED_EDGE('',*,*,#15991,.T.);
#15991 = EDGE_CURVE('',#15984,#15968,#15992,.T.);
#15992 = CIRCLE('',#15993,6.5);
#15993 = AXIS2_PLACEMENT_3D('',#15994,#15995,#15996);
#15994 = CARTESIAN_POINT('',(-1.665334536938E-16,-6.661338147751E-16,0.)
  );
#15995 = DIRECTION('',(-0.2419218956,-0.970295726276,0.));
#15996 = DIRECTION('',(-0.970295726276,0.2419218956,0.));
#15997 = PLANE('',#15998);
#15998 = AXIS2_PLACEMENT_3D('',#15999,#16000,#16001);
#15999 = CARTESIAN_POINT('',(-10.67325298903,2.661140851596,-6.5));
#16000 = DIRECTION('',(0.2419218956,0.970295726276,0.));
#16001 = DIRECTION('',(0.970295726276,-0.2419218956,0.));
#16002 = ADVANCED_FACE('',(#16003,#16052,#16086),#16120,.T.);
#16003 = FACE_BOUND('',#16004,.T.);
#16004 = EDGE_LOOP('',(#16005,#16006,#16014,#16022,#16030,#16038,#16046)
  );
#16005 = ORIENTED_EDGE('',*,*,#15965,.T.);
#16006 = ORIENTED_EDGE('',*,*,#16007,.T.);
#16007 = EDGE_CURVE('',#15968,#16008,#16010,.T.);
#16008 = VERTEX_POINT('',#16009);
#16009 = CARTESIAN_POINT('',(10.673252989036,-2.661140851596,-6.5));
#16010 = LINE('',#16011,#16012);
#16011 = CARTESIAN_POINT('',(-10.67325298903,2.661140851596,-6.5));
#16012 = VECTOR('',#16013,1.);
#16013 = DIRECTION('',(0.970295726276,-0.2419218956,0.));
#16014 = ORIENTED_EDGE('',*,*,#16015,.T.);
#16015 = EDGE_CURVE('',#16008,#16016,#16018,.T.);
#16016 = VERTEX_POINT('',#16017);
#16017 = CARTESIAN_POINT('',(-0.455154208549,-47.29474426029,-6.5));
#16018 = LINE('',#16019,#16020);
#16019 = CARTESIAN_POINT('',(10.673252989036,-2.661140851596,-6.5));
#16020 = VECTOR('',#16021,1.);
#16021 = DIRECTION('',(-0.2419218956,-0.970295726276,0.));
#16022 = ORIENTED_EDGE('',*,*,#16023,.T.);
#16023 = EDGE_CURVE('',#16016,#16024,#16026,.T.);
#16024 = VERTEX_POINT('',#16025);
#16025 = CARTESIAN_POINT('',(-5.7490566582,-52.15850791137,-6.5));
#16026 = LINE('',#16027,#16028);
#16027 = CARTESIAN_POINT('',(-0.455154208549,-47.29474426029,-6.5));
#16028 = VECTOR('',#16029,1.);
#16029 = DIRECTION('',(-0.736390130316,-0.676557149081,0.));
#16030 = ORIENTED_EDGE('',*,*,#16031,.T.);
#16031 = EDGE_CURVE('',#16024,#16032,#16034,.T.);
#16032 = VERTEX_POINT('',#16033);
#16033 = CARTESIAN_POINT('',(-19.41082048416,-48.75224762133,-6.5));
#16034 = LINE('',#16035,#16036);
#16035 = CARTESIAN_POINT('',(-5.7490566582,-52.15850791137,-6.5));
#16036 = VECTOR('',#16037,1.);
#16037 = DIRECTION('',(-0.970295726276,0.2419218956,0.));
#16038 = ORIENTED_EDGE('',*,*,#16039,.T.);
#16039 = EDGE_CURVE('',#16032,#16040,#16042,.T.);
#16040 = VERTEX_POINT('',#16041);
#16041 = CARTESIAN_POINT('',(-21.80166018662,-41.97246255709,-6.5));
#16042 = LINE('',#16043,#16044);
#16043 = CARTESIAN_POINT('',(-19.41082048416,-48.75224762133,-6.5));
#16044 = VECTOR('',#16045,1.);
#16045 = DIRECTION('',(-0.332569550875,0.943078731512,0.));
#16046 = ORIENTED_EDGE('',*,*,#16047,.T.);
#16047 = EDGE_CURVE('',#16040,#15966,#16048,.T.);
#16048 = LINE('',#16049,#16050);
#16049 = CARTESIAN_POINT('',(-21.80166018662,-41.97246255709,-6.5));
#16050 = VECTOR('',#16051,1.);
#16051 = DIRECTION('',(0.2419218956,0.970295726276,0.));
#16052 = FACE_BOUND('',#16053,.T.);
#16053 = EDGE_LOOP('',(#16054,#16064,#16072,#16080));
#16054 = ORIENTED_EDGE('',*,*,#16055,.F.);
#16055 = EDGE_CURVE('',#16056,#16058,#16060,.T.);
#16056 = VERTEX_POINT('',#16057);
#16057 = CARTESIAN_POINT('',(-3.600294015899,-28.99014113451,-6.5));
#16058 = VERTEX_POINT('',#16059);
#16059 = CARTESIAN_POINT('',(0.242077060154,-29.94815184108,-6.5));
#16060 = LINE('',#16061,#16062);
#16061 = CARTESIAN_POINT('',(-5.308014494145,-28.56435859825,-6.5));
#16062 = VECTOR('',#16063,1.);
#16063 = DIRECTION('',(0.970295726276,-0.2419218956,0.));
#16064 = ORIENTED_EDGE('',*,*,#16065,.T.);
#16065 = EDGE_CURVE('',#16056,#16066,#16068,.T.);
#16066 = VERTEX_POINT('',#16067);
#16067 = CARTESIAN_POINT('',(-7.471044345494,-44.51487275493,-6.5));
#16068 = LINE('',#16069,#16070);
#16069 = CARTESIAN_POINT('',(-5.04438014544,-34.78205424926,-6.5));
#16070 = VECTOR('',#16071,1.);
#16071 = DIRECTION('',(-0.2419218956,-0.970295726276,0.));
#16072 = ORIENTED_EDGE('',*,*,#16073,.T.);
#16073 = EDGE_CURVE('',#16066,#16074,#16076,.T.);
#16074 = VERTEX_POINT('',#16075);
#16075 = CARTESIAN_POINT('',(-3.628673269441,-45.4728834615,-6.5));
#16076 = LINE('',#16077,#16078);
#16077 = CARTESIAN_POINT('',(-9.178764823739,-44.08909021867,-6.5));
#16078 = VECTOR('',#16079,1.);
#16079 = DIRECTION('',(0.970295726276,-0.2419218956,0.));
#16080 = ORIENTED_EDGE('',*,*,#16081,.F.);
#16081 = EDGE_CURVE('',#16058,#16074,#16082,.T.);
#16082 = LINE('',#16083,#16084);
#16083 = CARTESIAN_POINT('',(-1.202009069387,-35.74006495583,-6.5));
#16084 = VECTOR('',#16085,1.);
#16085 = DIRECTION('',(-0.2419218956,-0.970295726276,0.));
#16086 = FACE_BOUND('',#16087,.T.);
#16087 = EDGE_LOOP('',(#16088,#16098,#16106,#16114));
#16088 = ORIENTED_EDGE('',*,*,#16089,.F.);
#16089 = EDGE_CURVE('',#16090,#16092,#16094,.T.);
#16090 = VERTEX_POINT('',#16091);
#16091 = CARTESIAN_POINT('',(-14.27354700493,-26.32900028291,-6.5));
#16092 = VERTEX_POINT('',#16093);
#16093 = CARTESIAN_POINT('',(-10.43117592888,-27.28701098949,-6.5));
#16094 = LINE('',#16095,#16096);
#16095 = CARTESIAN_POINT('',(-10.64464098866,-27.23378817246,-6.5));
#16096 = VECTOR('',#16097,1.);
#16097 = DIRECTION('',(0.970295726276,-0.2419218956,0.));
#16098 = ORIENTED_EDGE('',*,*,#16099,.T.);
#16099 = EDGE_CURVE('',#16090,#16100,#16102,.T.);
#16100 = VERTEX_POINT('',#16101);
#16101 = CARTESIAN_POINT('',(-18.14429733453,-41.85373190333,-6.5));
#16102 = LINE('',#16103,#16104);
#16103 = CARTESIAN_POINT('',(-15.71763313447,-32.12091339766,-6.5));
#16104 = VECTOR('',#16105,1.);
#16105 = DIRECTION('',(-0.2419218956,-0.970295726276,0.));
#16106 = ORIENTED_EDGE('',*,*,#16107,.T.);
#16107 = EDGE_CURVE('',#16100,#16108,#16110,.T.);
#16108 = VERTEX_POINT('',#16109);
#16109 = CARTESIAN_POINT('',(-14.30192625847,-42.8117426099,-6.5));
#16110 = LINE('',#16111,#16112);
#16111 = CARTESIAN_POINT('',(-14.51539131825,-42.75851979287,-6.5));
#16112 = VECTOR('',#16113,1.);
#16113 = DIRECTION('',(0.970295726276,-0.2419218956,0.));
#16114 = ORIENTED_EDGE('',*,*,#16115,.F.);
#16115 = EDGE_CURVE('',#16092,#16108,#16116,.T.);
#16116 = LINE('',#16117,#16118);
#16117 = CARTESIAN_POINT('',(-11.87526205842,-33.07892410423,-6.5));
#16118 = VECTOR('',#16119,1.);
#16119 = DIRECTION('',(-0.2419218956,-0.970295726276,0.));
#16120 = PLANE('',#16121);
#16121 = AXIS2_PLACEMENT_3D('',#16122,#16123,#16124);
#16122 = CARTESIAN_POINT('',(-6.033156901878,-24.19767067108,-6.5));
#16123 = DIRECTION('',(-0.,0.,-1.));
#16124 = DIRECTION('',(-0.970295726276,0.2419218956,0.));
#16125 = ADVANCED_FACE('',(#16126),#16186,.T.);
#16126 = FACE_BOUND('',#16127,.T.);
#16127 = EDGE_LOOP('',(#16128,#16138,#16147,#16155,#16162,#16163,#16171,
    #16178,#16179));
#16128 = ORIENTED_EDGE('',*,*,#16129,.T.);
#16129 = EDGE_CURVE('',#16130,#16132,#16134,.T.);
#16130 = VERTEX_POINT('',#16131);
#16131 = CARTESIAN_POINT('',(-2.920015682399,15.156632489262,
    1.592040838892E-15));
#16132 = VERTEX_POINT('',#16133);
#16133 = CARTESIAN_POINT('',(-7.274609803193,-2.308690583706,
    1.592040838892E-15));
#16134 = LINE('',#16135,#16136);
#16135 = CARTESIAN_POINT('',(-2.920015682399,15.156632489262,
    1.592040838892E-15));
#16136 = VECTOR('',#16137,1.);
#16137 = DIRECTION('',(-0.2419218956,-0.970295726276,-3.668416977192E-33
    ));
#16138 = ORIENTED_EDGE('',*,*,#16139,.F.);
#16139 = EDGE_CURVE('',#16140,#16132,#16142,.T.);
#16140 = VERTEX_POINT('',#16141);
#16141 = CARTESIAN_POINT('',(5.320547420369,-5.449015979753,-0.5));
#16142 = CIRCLE('',#16143,6.5);
#16143 = AXIS2_PLACEMENT_3D('',#16144,#16145,#16146);
#16144 = CARTESIAN_POINT('',(-0.967687582399,-3.881182905104,0.));
#16145 = DIRECTION('',(-0.2419218956,-0.970295726276,0.));
#16146 = DIRECTION('',(-0.970295726276,0.2419218956,0.));
#16147 = ORIENTED_EDGE('',*,*,#16148,.F.);
#16148 = EDGE_CURVE('',#16149,#16140,#16151,.T.);
#16149 = VERTEX_POINT('',#16150);
#16150 = CARTESIAN_POINT('',(6.288235002768,-1.567833074649,-0.5));
#16151 = LINE('',#16152,#16153);
#16152 = CARTESIAN_POINT('',(9.675141541163,12.016307093215,-0.5));
#16153 = VECTOR('',#16154,1.);
#16154 = DIRECTION('',(-0.2419218956,-0.970295726276,0.));
#16155 = ORIENTED_EDGE('',*,*,#16156,.F.);
#16156 = EDGE_CURVE('',#15968,#16149,#16157,.T.);
#16157 = CIRCLE('',#16158,6.5);
#16158 = AXIS2_PLACEMENT_3D('',#16159,#16160,#16161);
#16159 = CARTESIAN_POINT('',(-1.665334536938E-16,-6.661338147751E-16,0.)
  );
#16160 = DIRECTION('',(-0.2419218956,-0.970295726276,0.));
#16161 = DIRECTION('',(-0.970295726276,0.2419218956,0.));
#16162 = ORIENTED_EDGE('',*,*,#15991,.F.);
#16163 = ORIENTED_EDGE('',*,*,#16164,.T.);
#16164 = EDGE_CURVE('',#15984,#16165,#16167,.T.);
#16165 = VERTEX_POINT('',#16166);
#16166 = CARTESIAN_POINT('',(-7.255922585167,-2.313349830455,-0.5));
#16167 = LINE('',#16168,#16169);
#16168 = CARTESIAN_POINT('',(-2.901328464373,15.151973242513,-0.5));
#16169 = VECTOR('',#16170,1.);
#16170 = DIRECTION('',(-0.2419218956,-0.970295726276,0.));
#16171 = ORIENTED_EDGE('',*,*,#16172,.F.);
#16172 = EDGE_CURVE('',#16132,#16165,#16173,.T.);
#16173 = CIRCLE('',#16174,6.5);
#16174 = AXIS2_PLACEMENT_3D('',#16175,#16176,#16177);
#16175 = CARTESIAN_POINT('',(-0.967687582399,-3.881182905104,0.));
#16176 = DIRECTION('',(-0.2419218956,-0.970295726276,0.));
#16177 = DIRECTION('',(-0.970295726276,0.2419218956,0.));
#16178 = ORIENTED_EDGE('',*,*,#16129,.F.);
#16179 = ORIENTED_EDGE('',*,*,#16180,.T.);
#16180 = EDGE_CURVE('',#16130,#16130,#16181,.T.);
#16181 = CIRCLE('',#16182,6.5);
#16182 = AXIS2_PLACEMENT_3D('',#16183,#16184,#16185);
#16183 = CARTESIAN_POINT('',(3.386906538395,13.584140167864,0.));
#16184 = DIRECTION('',(-0.2419218956,-0.970295726276,0.));
#16185 = DIRECTION('',(-0.970295726276,0.2419218956,0.));
#16186 = CYLINDRICAL_SURFACE('',#16187,6.5);
#16187 = AXIS2_PLACEMENT_3D('',#16188,#16189,#16190);
#16188 = CARTESIAN_POINT('',(3.386906538395,13.584140167864,0.));
#16189 = DIRECTION('',(-0.2419218956,-0.970295726276,0.));
#16190 = DIRECTION('',(-0.970295726276,0.2419218956,0.));
#16191 = ADVANCED_FACE('',(#16192,#16281,#16315,#16326,#16360,#16371),
  #16382,.F.);
#16192 = FACE_BOUND('',#16193,.F.);
#16193 = EDGE_LOOP('',(#16194,#16204,#16210,#16211,#16212,#16218,#16219,
    #16227,#16235,#16243,#16251,#16259,#16267,#16275));
#16194 = ORIENTED_EDGE('',*,*,#16195,.T.);
#16195 = EDGE_CURVE('',#16196,#16198,#16200,.T.);
#16196 = VERTEX_POINT('',#16197);
#16197 = CARTESIAN_POINT('',(-19.41082048416,-48.75224762133,-0.5));
#16198 = VERTEX_POINT('',#16199);
#16199 = CARTESIAN_POINT('',(-21.80166018662,-41.97246255709,-0.5));
#16200 = LINE('',#16201,#16202);
#16201 = CARTESIAN_POINT('',(-19.41082048416,-48.75224762133,-0.5));
#16202 = VECTOR('',#16203,1.);
#16203 = DIRECTION('',(-0.332569550875,0.943078731512,0.));
#16204 = ORIENTED_EDGE('',*,*,#16205,.T.);
#16205 = EDGE_CURVE('',#16198,#15976,#16206,.T.);
#16206 = LINE('',#16207,#16208);
#16207 = CARTESIAN_POINT('',(-21.80166018662,-41.97246255709,-0.5));
#16208 = VECTOR('',#16209,1.);
#16209 = DIRECTION('',(0.2419218956,0.970295726276,0.));
#16210 = ORIENTED_EDGE('',*,*,#15983,.T.);
#16211 = ORIENTED_EDGE('',*,*,#16164,.T.);
#16212 = ORIENTED_EDGE('',*,*,#16213,.F.);
#16213 = EDGE_CURVE('',#16140,#16165,#16214,.T.);
#16214 = LINE('',#16215,#16216);
#16215 = CARTESIAN_POINT('',(-0.967687582399,-3.881182905104,-0.5));
#16216 = VECTOR('',#16217,1.);
#16217 = DIRECTION('',(-0.970295726276,0.2419218956,0.));
#16218 = ORIENTED_EDGE('',*,*,#16148,.F.);
#16219 = ORIENTED_EDGE('',*,*,#16220,.T.);
#16220 = EDGE_CURVE('',#16149,#16221,#16223,.T.);
#16221 = VERTEX_POINT('',#16222);
#16222 = CARTESIAN_POINT('',(10.673252989036,-2.661140851596,-0.5));
#16223 = LINE('',#16224,#16225);
#16224 = CARTESIAN_POINT('',(-10.67325298903,2.661140851596,-0.5));
#16225 = VECTOR('',#16226,1.);
#16226 = DIRECTION('',(0.970295726276,-0.2419218956,0.));
#16227 = ORIENTED_EDGE('',*,*,#16228,.T.);
#16228 = EDGE_CURVE('',#16221,#16229,#16231,.T.);
#16229 = VERTEX_POINT('',#16230);
#16230 = CARTESIAN_POINT('',(3.467419072118,-31.56216213579,-0.5));
#16231 = LINE('',#16232,#16233);
#16232 = CARTESIAN_POINT('',(10.673252989036,-2.661140851596,-0.5));
#16233 = VECTOR('',#16234,1.);
#16234 = DIRECTION('',(-0.2419218956,-0.970295726276,0.));
#16235 = ORIENTED_EDGE('',*,*,#16236,.F.);
#16236 = EDGE_CURVE('',#16237,#16229,#16239,.T.);
#16237 = VERTEX_POINT('',#16238);
#16238 = CARTESIAN_POINT('',(2.497123345842,-31.32024024019,-0.5));
#16239 = LINE('',#16240,#16241);
#16240 = CARTESIAN_POINT('',(2.497123345842,-31.32024024019,-0.5));
#16241 = VECTOR('',#16242,1.);
#16242 = DIRECTION('',(0.970295726276,-0.2419218956,0.));
#16243 = ORIENTED_EDGE('',*,*,#16244,.T.);
#16244 = EDGE_CURVE('',#16237,#16245,#16247,.T.);
#16245 = VERTEX_POINT('',#16246);
#16246 = CARTESIAN_POINT('',(1.812864894258,-34.06465099142,-0.5));
#16247 = LINE('',#16248,#16249);
#16248 = CARTESIAN_POINT('',(2.912397240466,-29.65466762144,-0.5));
#16249 = VECTOR('',#16250,1.);
#16250 = DIRECTION('',(-0.2419218956,-0.970295726276,0.));
#16251 = ORIENTED_EDGE('',*,*,#16252,.T.);
#16252 = EDGE_CURVE('',#16245,#16253,#16255,.T.);
#16253 = VERTEX_POINT('',#16254);
#16254 = CARTESIAN_POINT('',(2.783160620534,-34.30657288702,-0.5));
#16255 = LINE('',#16256,#16257);
#16256 = CARTESIAN_POINT('',(1.812864894258,-34.06465099142,-0.5));
#16257 = VECTOR('',#16258,1.);
#16258 = DIRECTION('',(0.970295726276,-0.2419218956,0.));
#16259 = ORIENTED_EDGE('',*,*,#16260,.T.);
#16260 = EDGE_CURVE('',#16253,#16261,#16263,.T.);
#16261 = VERTEX_POINT('',#16262);
#16262 = CARTESIAN_POINT('',(-0.455154208549,-47.29474426029,-0.5));
#16263 = LINE('',#16264,#16265);
#16264 = CARTESIAN_POINT('',(10.673252989036,-2.661140851596,-0.5));
#16265 = VECTOR('',#16266,1.);
#16266 = DIRECTION('',(-0.2419218956,-0.970295726276,0.));
#16267 = ORIENTED_EDGE('',*,*,#16268,.T.);
#16268 = EDGE_CURVE('',#16261,#16269,#16271,.T.);
#16269 = VERTEX_POINT('',#16270);
#16270 = CARTESIAN_POINT('',(-5.7490566582,-52.15850791137,-0.5));
#16271 = LINE('',#16272,#16273);
#16272 = CARTESIAN_POINT('',(-0.455154208549,-47.29474426029,-0.5));
#16273 = VECTOR('',#16274,1.);
#16274 = DIRECTION('',(-0.736390130316,-0.676557149081,0.));
#16275 = ORIENTED_EDGE('',*,*,#16276,.T.);
#16276 = EDGE_CURVE('',#16269,#16196,#16277,.T.);
#16277 = LINE('',#16278,#16279);
#16278 = CARTESIAN_POINT('',(-5.7490566582,-52.15850791137,-0.5));
#16279 = VECTOR('',#16280,1.);
#16280 = DIRECTION('',(-0.970295726276,0.2419218956,0.));
#16281 = FACE_BOUND('',#16282,.F.);
#16282 = EDGE_LOOP('',(#16283,#16293,#16301,#16309));
#16283 = ORIENTED_EDGE('',*,*,#16284,.F.);
#16284 = EDGE_CURVE('',#16285,#16287,#16289,.T.);
#16285 = VERTEX_POINT('',#16286);
#16286 = CARTESIAN_POINT('',(-3.600294015899,-28.99014113451,-0.5));
#16287 = VERTEX_POINT('',#16288);
#16288 = CARTESIAN_POINT('',(0.242077060154,-29.94815184108,-0.5));
#16289 = LINE('',#16290,#16291);
#16290 = CARTESIAN_POINT('',(-5.308014494145,-28.56435859825,-0.5));
#16291 = VECTOR('',#16292,1.);
#16292 = DIRECTION('',(0.970295726276,-0.2419218956,0.));
#16293 = ORIENTED_EDGE('',*,*,#16294,.T.);
#16294 = EDGE_CURVE('',#16285,#16295,#16297,.T.);
#16295 = VERTEX_POINT('',#16296);
#16296 = CARTESIAN_POINT('',(-7.471044345494,-44.51487275493,-0.5));
#16297 = LINE('',#16298,#16299);
#16298 = CARTESIAN_POINT('',(-5.04438014544,-34.78205424926,-0.5));
#16299 = VECTOR('',#16300,1.);
#16300 = DIRECTION('',(-0.2419218956,-0.970295726276,0.));
#16301 = ORIENTED_EDGE('',*,*,#16302,.T.);
#16302 = EDGE_CURVE('',#16295,#16303,#16305,.T.);
#16303 = VERTEX_POINT('',#16304);
#16304 = CARTESIAN_POINT('',(-3.628673269441,-45.4728834615,-0.5));
#16305 = LINE('',#16306,#16307);
#16306 = CARTESIAN_POINT('',(-9.178764823739,-44.08909021867,-0.5));
#16307 = VECTOR('',#16308,1.);
#16308 = DIRECTION('',(0.970295726276,-0.2419218956,0.));
#16309 = ORIENTED_EDGE('',*,*,#16310,.F.);
#16310 = EDGE_CURVE('',#16287,#16303,#16311,.T.);
#16311 = LINE('',#16312,#16313);
#16312 = CARTESIAN_POINT('',(-1.202009069387,-35.74006495583,-0.5));
#16313 = VECTOR('',#16314,1.);
#16314 = DIRECTION('',(-0.2419218956,-0.970295726276,0.));
#16315 = FACE_BOUND('',#16316,.F.);
#16316 = EDGE_LOOP('',(#16317));
#16317 = ORIENTED_EDGE('',*,*,#16318,.T.);
#16318 = EDGE_CURVE('',#16319,#16319,#16321,.T.);
#16319 = VERTEX_POINT('',#16320);
#16320 = CARTESIAN_POINT('',(-5.226582945982,-34.60344535893,-0.5));
#16321 = CIRCLE('',#16322,3.3);
#16322 = AXIS2_PLACEMENT_3D('',#16323,#16324,#16325);
#16323 = CARTESIAN_POINT('',(-8.428558842692,-33.80510310345,-0.5));
#16324 = DIRECTION('',(-0.,0.,1.));
#16325 = DIRECTION('',(0.970295726276,-0.2419218956,0.));
#16326 = FACE_BOUND('',#16327,.F.);
#16327 = EDGE_LOOP('',(#16328,#16338,#16346,#16354));
#16328 = ORIENTED_EDGE('',*,*,#16329,.F.);
#16329 = EDGE_CURVE('',#16330,#16332,#16334,.T.);
#16330 = VERTEX_POINT('',#16331);
#16331 = CARTESIAN_POINT('',(-14.27354700493,-26.32900028291,-0.5));
#16332 = VERTEX_POINT('',#16333);
#16333 = CARTESIAN_POINT('',(-10.43117592888,-27.28701098949,-0.5));
#16334 = LINE('',#16335,#16336);
#16335 = CARTESIAN_POINT('',(-10.64464098866,-27.23378817246,-0.5));
#16336 = VECTOR('',#16337,1.);
#16337 = DIRECTION('',(0.970295726276,-0.2419218956,0.));
#16338 = ORIENTED_EDGE('',*,*,#16339,.T.);
#16339 = EDGE_CURVE('',#16330,#16340,#16342,.T.);
#16340 = VERTEX_POINT('',#16341);
#16341 = CARTESIAN_POINT('',(-18.14429733453,-41.85373190333,-0.5));
#16342 = LINE('',#16343,#16344);
#16343 = CARTESIAN_POINT('',(-15.71763313447,-32.12091339766,-0.5));
#16344 = VECTOR('',#16345,1.);
#16345 = DIRECTION('',(-0.2419218956,-0.970295726276,0.));
#16346 = ORIENTED_EDGE('',*,*,#16347,.T.);
#16347 = EDGE_CURVE('',#16340,#16348,#16350,.T.);
#16348 = VERTEX_POINT('',#16349);
#16349 = CARTESIAN_POINT('',(-14.30192625847,-42.8117426099,-0.5));
#16350 = LINE('',#16351,#16352);
#16351 = CARTESIAN_POINT('',(-14.51539131825,-42.75851979287,-0.5));
#16352 = VECTOR('',#16353,1.);
#16353 = DIRECTION('',(0.970295726276,-0.2419218956,0.));
#16354 = ORIENTED_EDGE('',*,*,#16355,.F.);
#16355 = EDGE_CURVE('',#16332,#16348,#16356,.T.);
#16356 = LINE('',#16357,#16358);
#16357 = CARTESIAN_POINT('',(-11.87526205842,-33.07892410423,-0.5));
#16358 = VECTOR('',#16359,1.);
#16359 = DIRECTION('',(-0.2419218956,-0.970295726276,0.));
#16360 = FACE_BOUND('',#16361,.F.);
#16361 = EDGE_LOOP('',(#16362));
#16362 = ORIENTED_EDGE('',*,*,#16363,.T.);
#16363 = EDGE_CURVE('',#16364,#16364,#16366,.T.);
#16364 = VERTEX_POINT('',#16365);
#16365 = CARTESIAN_POINT('',(-2.584795846033,-24.007816028,-0.5));
#16366 = CIRCLE('',#16367,3.3);
#16367 = AXIS2_PLACEMENT_3D('',#16368,#16369,#16370);
#16368 = CARTESIAN_POINT('',(-5.786771742744,-23.20947377252,-0.5));
#16369 = DIRECTION('',(-0.,0.,1.));
#16370 = DIRECTION('',(0.970295726276,-0.2419218956,0.));
#16371 = FACE_BOUND('',#16372,.F.);
#16372 = EDGE_LOOP('',(#16373));
#16373 = ORIENTED_EDGE('',*,*,#16374,.T.);
#16374 = EDGE_CURVE('',#16375,#16375,#16377,.T.);
#16375 = VERTEX_POINT('',#16376);
#16376 = CARTESIAN_POINT('',(5.699125391511E-02,-13.41218669706,-0.5));
#16377 = CIRCLE('',#16378,3.3);
#16378 = AXIS2_PLACEMENT_3D('',#16379,#16380,#16381);
#16379 = CARTESIAN_POINT('',(-3.144984642796,-12.61384444158,-0.5));
#16380 = DIRECTION('',(-0.,0.,1.));
#16381 = DIRECTION('',(0.970295726276,-0.2419218956,0.));
#16382 = PLANE('',#16383);
#16383 = AXIS2_PLACEMENT_3D('',#16384,#16385,#16386);
#16384 = CARTESIAN_POINT('',(-6.033156901878,-24.19767067108,-0.5));
#16385 = DIRECTION('',(-0.,0.,-1.));
#16386 = DIRECTION('',(-0.970295726276,0.2419218956,0.));
#16387 = ADVANCED_FACE('',(#16388),#16399,.T.);
#16388 = FACE_BOUND('',#16389,.T.);
#16389 = EDGE_LOOP('',(#16390,#16396,#16397,#16398));
#16390 = ORIENTED_EDGE('',*,*,#16391,.T.);
#16391 = EDGE_CURVE('',#16040,#16198,#16392,.T.);
#16392 = LINE('',#16393,#16394);
#16393 = CARTESIAN_POINT('',(-21.80166018662,-41.97246255709,-6.5));
#16394 = VECTOR('',#16395,1.);
#16395 = DIRECTION('',(0.,0.,1.));
#16396 = ORIENTED_EDGE('',*,*,#16205,.T.);
#16397 = ORIENTED_EDGE('',*,*,#15975,.F.);
#16398 = ORIENTED_EDGE('',*,*,#16047,.F.);
#16399 = PLANE('',#16400);
#16400 = AXIS2_PLACEMENT_3D('',#16401,#16402,#16403);
#16401 = CARTESIAN_POINT('',(-21.80166018662,-41.97246255709,-6.5));
#16402 = DIRECTION('',(-0.970295726276,0.2419218956,0.));
#16403 = DIRECTION('',(0.2419218956,0.970295726276,0.));
#16404 = ADVANCED_FACE('',(#16405),#16416,.T.);
#16405 = FACE_BOUND('',#16406,.T.);
#16406 = EDGE_LOOP('',(#16407,#16408,#16409,#16410));
#16407 = ORIENTED_EDGE('',*,*,#16007,.F.);
#16408 = ORIENTED_EDGE('',*,*,#16156,.T.);
#16409 = ORIENTED_EDGE('',*,*,#16220,.T.);
#16410 = ORIENTED_EDGE('',*,*,#16411,.F.);
#16411 = EDGE_CURVE('',#16008,#16221,#16412,.T.);
#16412 = LINE('',#16413,#16414);
#16413 = CARTESIAN_POINT('',(10.673252989036,-2.661140851596,-6.5));
#16414 = VECTOR('',#16415,1.);
#16415 = DIRECTION('',(0.,0.,1.));
#16416 = PLANE('',#16417);
#16417 = AXIS2_PLACEMENT_3D('',#16418,#16419,#16420);
#16418 = CARTESIAN_POINT('',(-10.67325298903,2.661140851596,-6.5));
#16419 = DIRECTION('',(0.2419218956,0.970295726276,0.));
#16420 = DIRECTION('',(0.970295726276,-0.2419218956,0.));
#16421 = ADVANCED_FACE('',(#16422),#16433,.T.);
#16422 = FACE_BOUND('',#16423,.T.);
#16423 = EDGE_LOOP('',(#16424,#16430,#16431,#16432));
#16424 = ORIENTED_EDGE('',*,*,#16425,.T.);
#16425 = EDGE_CURVE('',#16032,#16196,#16426,.T.);
#16426 = LINE('',#16427,#16428);
#16427 = CARTESIAN_POINT('',(-19.41082048416,-48.75224762133,-6.5));
#16428 = VECTOR('',#16429,1.);
#16429 = DIRECTION('',(0.,0.,1.));
#16430 = ORIENTED_EDGE('',*,*,#16195,.T.);
#16431 = ORIENTED_EDGE('',*,*,#16391,.F.);
#16432 = ORIENTED_EDGE('',*,*,#16039,.F.);
#16433 = PLANE('',#16434);
#16434 = AXIS2_PLACEMENT_3D('',#16435,#16436,#16437);
#16435 = CARTESIAN_POINT('',(-19.41082048416,-48.75224762133,-6.5));
#16436 = DIRECTION('',(-0.943078731512,-0.332569550875,0.));
#16437 = DIRECTION('',(-0.332569550875,0.943078731512,0.));
#16438 = ADVANCED_FACE('',(#16439),#16458,.T.);
#16439 = FACE_BOUND('',#16440,.T.);
#16440 = EDGE_LOOP('',(#16441,#16442,#16443,#16444,#16451,#16452));
#16441 = ORIENTED_EDGE('',*,*,#16015,.F.);
#16442 = ORIENTED_EDGE('',*,*,#16411,.T.);
#16443 = ORIENTED_EDGE('',*,*,#16228,.T.);
#16444 = ORIENTED_EDGE('',*,*,#16445,.F.);
#16445 = EDGE_CURVE('',#16253,#16229,#16446,.T.);
#16446 = CIRCLE('',#16447,1.5);
#16447 = AXIS2_PLACEMENT_3D('',#16448,#16449,#16450);
#16448 = CARTESIAN_POINT('',(3.125289846326,-32.9343675114,0.));
#16449 = DIRECTION('',(0.970295726276,-0.2419218956,0.));
#16450 = DIRECTION('',(0.2419218956,0.970295726276,0.));
#16451 = ORIENTED_EDGE('',*,*,#16260,.T.);
#16452 = ORIENTED_EDGE('',*,*,#16453,.F.);
#16453 = EDGE_CURVE('',#16016,#16261,#16454,.T.);
#16454 = LINE('',#16455,#16456);
#16455 = CARTESIAN_POINT('',(-0.455154208549,-47.29474426029,-6.5));
#16456 = VECTOR('',#16457,1.);
#16457 = DIRECTION('',(0.,0.,1.));
#16458 = PLANE('',#16459);
#16459 = AXIS2_PLACEMENT_3D('',#16460,#16461,#16462);
#16460 = CARTESIAN_POINT('',(10.673252989036,-2.661140851596,-6.5));
#16461 = DIRECTION('',(0.970295726276,-0.2419218956,0.));
#16462 = DIRECTION('',(-0.2419218956,-0.970295726276,0.));
#16463 = ADVANCED_FACE('',(#16464),#16475,.T.);
#16464 = FACE_BOUND('',#16465,.T.);
#16465 = EDGE_LOOP('',(#16466,#16472,#16473,#16474));
#16466 = ORIENTED_EDGE('',*,*,#16467,.T.);
#16467 = EDGE_CURVE('',#16024,#16269,#16468,.T.);
#16468 = LINE('',#16469,#16470);
#16469 = CARTESIAN_POINT('',(-5.7490566582,-52.15850791137,-6.5));
#16470 = VECTOR('',#16471,1.);
#16471 = DIRECTION('',(0.,0.,1.));
#16472 = ORIENTED_EDGE('',*,*,#16276,.T.);
#16473 = ORIENTED_EDGE('',*,*,#16425,.F.);
#16474 = ORIENTED_EDGE('',*,*,#16031,.F.);
#16475 = PLANE('',#16476);
#16476 = AXIS2_PLACEMENT_3D('',#16477,#16478,#16479);
#16477 = CARTESIAN_POINT('',(-5.7490566582,-52.15850791137,-6.5));
#16478 = DIRECTION('',(-0.2419218956,-0.970295726276,0.));
#16479 = DIRECTION('',(-0.970295726276,0.2419218956,0.));
#16480 = ADVANCED_FACE('',(#16481),#16487,.T.);
#16481 = FACE_BOUND('',#16482,.T.);
#16482 = EDGE_LOOP('',(#16483,#16484,#16485,#16486));
#16483 = ORIENTED_EDGE('',*,*,#16453,.T.);
#16484 = ORIENTED_EDGE('',*,*,#16268,.T.);
#16485 = ORIENTED_EDGE('',*,*,#16467,.F.);
#16486 = ORIENTED_EDGE('',*,*,#16023,.F.);
#16487 = PLANE('',#16488);
#16488 = AXIS2_PLACEMENT_3D('',#16489,#16490,#16491);
#16489 = CARTESIAN_POINT('',(-0.455154208549,-47.29474426029,-6.5));
#16490 = DIRECTION('',(0.676557149081,-0.736390130316,0.));
#16491 = DIRECTION('',(-0.736390130316,-0.676557149081,0.));
#16492 = ADVANCED_FACE('',(#16493),#16509,.F.);
#16493 = FACE_BOUND('',#16494,.F.);
#16494 = EDGE_LOOP('',(#16495,#16501,#16502,#16508));
#16495 = ORIENTED_EDGE('',*,*,#16496,.F.);
#16496 = EDGE_CURVE('',#16058,#16287,#16497,.T.);
#16497 = LINE('',#16498,#16499);
#16498 = CARTESIAN_POINT('',(0.242077060154,-29.94815184108,-7.5));
#16499 = VECTOR('',#16500,1.);
#16500 = DIRECTION('',(0.,0.,1.));
#16501 = ORIENTED_EDGE('',*,*,#16055,.F.);
#16502 = ORIENTED_EDGE('',*,*,#16503,.T.);
#16503 = EDGE_CURVE('',#16056,#16285,#16504,.T.);
#16504 = LINE('',#16505,#16506);
#16505 = CARTESIAN_POINT('',(-3.600294015899,-28.99014113451,-7.5));
#16506 = VECTOR('',#16507,1.);
#16507 = DIRECTION('',(0.,0.,1.));
#16508 = ORIENTED_EDGE('',*,*,#16284,.T.);
#16509 = PLANE('',#16510);
#16510 = AXIS2_PLACEMENT_3D('',#16511,#16512,#16513);
#16511 = CARTESIAN_POINT('',(-3.600294015899,-28.99014113451,-7.5));
#16512 = DIRECTION('',(0.2419218956,0.970295726276,0.));
#16513 = DIRECTION('',(0.,0.,1.));
#16514 = ADVANCED_FACE('',(#16515),#16526,.T.);
#16515 = FACE_BOUND('',#16516,.T.);
#16516 = EDGE_LOOP('',(#16517,#16523,#16524,#16525));
#16517 = ORIENTED_EDGE('',*,*,#16518,.F.);
#16518 = EDGE_CURVE('',#16066,#16295,#16519,.T.);
#16519 = LINE('',#16520,#16521);
#16520 = CARTESIAN_POINT('',(-7.471044345494,-44.51487275493,-7.5));
#16521 = VECTOR('',#16522,1.);
#16522 = DIRECTION('',(0.,0.,1.));
#16523 = ORIENTED_EDGE('',*,*,#16065,.F.);
#16524 = ORIENTED_EDGE('',*,*,#16503,.T.);
#16525 = ORIENTED_EDGE('',*,*,#16294,.T.);
#16526 = PLANE('',#16527);
#16527 = AXIS2_PLACEMENT_3D('',#16528,#16529,#16530);
#16528 = CARTESIAN_POINT('',(-7.471044345494,-44.51487275493,-7.5));
#16529 = DIRECTION('',(0.970295726276,-0.2419218956,0.));
#16530 = DIRECTION('',(0.,0.,1.));
#16531 = ADVANCED_FACE('',(#16532),#16543,.F.);
#16532 = FACE_BOUND('',#16533,.F.);
#16533 = EDGE_LOOP('',(#16534,#16540,#16541,#16542));
#16534 = ORIENTED_EDGE('',*,*,#16535,.F.);
#16535 = EDGE_CURVE('',#16074,#16303,#16536,.T.);
#16536 = LINE('',#16537,#16538);
#16537 = CARTESIAN_POINT('',(-3.628673269441,-45.4728834615,-7.5));
#16538 = VECTOR('',#16539,1.);
#16539 = DIRECTION('',(0.,0.,1.));
#16540 = ORIENTED_EDGE('',*,*,#16081,.F.);
#16541 = ORIENTED_EDGE('',*,*,#16496,.T.);
#16542 = ORIENTED_EDGE('',*,*,#16310,.T.);
#16543 = PLANE('',#16544);
#16544 = AXIS2_PLACEMENT_3D('',#16545,#16546,#16547);
#16545 = CARTESIAN_POINT('',(-3.628673269441,-45.4728834615,-7.5));
#16546 = DIRECTION('',(0.970295726276,-0.2419218956,0.));
#16547 = DIRECTION('',(0.,0.,1.));
#16548 = ADVANCED_FACE('',(#16549),#16555,.T.);
#16549 = FACE_BOUND('',#16550,.T.);
#16550 = EDGE_LOOP('',(#16551,#16552,#16553,#16554));
#16551 = ORIENTED_EDGE('',*,*,#16535,.F.);
#16552 = ORIENTED_EDGE('',*,*,#16073,.F.);
#16553 = ORIENTED_EDGE('',*,*,#16518,.T.);
#16554 = ORIENTED_EDGE('',*,*,#16302,.T.);
#16555 = PLANE('',#16556);
#16556 = AXIS2_PLACEMENT_3D('',#16557,#16558,#16559);
#16557 = CARTESIAN_POINT('',(-7.471044345494,-44.51487275493,-7.5));
#16558 = DIRECTION('',(0.2419218956,0.970295726276,0.));
#16559 = DIRECTION('',(0.,0.,1.));
#16560 = ADVANCED_FACE('',(#16561),#16577,.F.);
#16561 = FACE_BOUND('',#16562,.F.);
#16562 = EDGE_LOOP('',(#16563,#16569,#16570,#16576));
#16563 = ORIENTED_EDGE('',*,*,#16564,.F.);
#16564 = EDGE_CURVE('',#16092,#16332,#16565,.T.);
#16565 = LINE('',#16566,#16567);
#16566 = CARTESIAN_POINT('',(-10.43117592888,-27.28701098949,-7.5));
#16567 = VECTOR('',#16568,1.);
#16568 = DIRECTION('',(0.,0.,1.));
#16569 = ORIENTED_EDGE('',*,*,#16089,.F.);
#16570 = ORIENTED_EDGE('',*,*,#16571,.T.);
#16571 = EDGE_CURVE('',#16090,#16330,#16572,.T.);
#16572 = LINE('',#16573,#16574);
#16573 = CARTESIAN_POINT('',(-14.27354700493,-26.32900028291,-7.5));
#16574 = VECTOR('',#16575,1.);
#16575 = DIRECTION('',(0.,0.,1.));
#16576 = ORIENTED_EDGE('',*,*,#16329,.T.);
#16577 = PLANE('',#16578);
#16578 = AXIS2_PLACEMENT_3D('',#16579,#16580,#16581);
#16579 = CARTESIAN_POINT('',(-14.27354700493,-26.32900028291,-7.5));
#16580 = DIRECTION('',(0.2419218956,0.970295726276,0.));
#16581 = DIRECTION('',(0.,0.,1.));
#16582 = ADVANCED_FACE('',(#16583),#16594,.T.);
#16583 = FACE_BOUND('',#16584,.T.);
#16584 = EDGE_LOOP('',(#16585,#16591,#16592,#16593));
#16585 = ORIENTED_EDGE('',*,*,#16586,.F.);
#16586 = EDGE_CURVE('',#16100,#16340,#16587,.T.);
#16587 = LINE('',#16588,#16589);
#16588 = CARTESIAN_POINT('',(-18.14429733453,-41.85373190333,-7.5));
#16589 = VECTOR('',#16590,1.);
#16590 = DIRECTION('',(0.,0.,1.));
#16591 = ORIENTED_EDGE('',*,*,#16099,.F.);
#16592 = ORIENTED_EDGE('',*,*,#16571,.T.);
#16593 = ORIENTED_EDGE('',*,*,#16339,.T.);
#16594 = PLANE('',#16595);
#16595 = AXIS2_PLACEMENT_3D('',#16596,#16597,#16598);
#16596 = CARTESIAN_POINT('',(-18.14429733453,-41.85373190333,-7.5));
#16597 = DIRECTION('',(0.970295726276,-0.2419218956,0.));
#16598 = DIRECTION('',(0.,0.,1.));
#16599 = ADVANCED_FACE('',(#16600),#16611,.F.);
#16600 = FACE_BOUND('',#16601,.F.);
#16601 = EDGE_LOOP('',(#16602,#16608,#16609,#16610));
#16602 = ORIENTED_EDGE('',*,*,#16603,.F.);
#16603 = EDGE_CURVE('',#16108,#16348,#16604,.T.);
#16604 = LINE('',#16605,#16606);
#16605 = CARTESIAN_POINT('',(-14.30192625847,-42.8117426099,-7.5));
#16606 = VECTOR('',#16607,1.);
#16607 = DIRECTION('',(0.,0.,1.));
#16608 = ORIENTED_EDGE('',*,*,#16115,.F.);
#16609 = ORIENTED_EDGE('',*,*,#16564,.T.);
#16610 = ORIENTED_EDGE('',*,*,#16355,.T.);
#16611 = PLANE('',#16612);
#16612 = AXIS2_PLACEMENT_3D('',#16613,#16614,#16615);
#16613 = CARTESIAN_POINT('',(-14.30192625847,-42.8117426099,-7.5));
#16614 = DIRECTION('',(0.970295726276,-0.2419218956,0.));
#16615 = DIRECTION('',(0.,0.,1.));
#16616 = ADVANCED_FACE('',(#16617),#16623,.T.);
#16617 = FACE_BOUND('',#16618,.T.);
#16618 = EDGE_LOOP('',(#16619,#16620,#16621,#16622));
#16619 = ORIENTED_EDGE('',*,*,#16603,.F.);
#16620 = ORIENTED_EDGE('',*,*,#16107,.F.);
#16621 = ORIENTED_EDGE('',*,*,#16586,.T.);
#16622 = ORIENTED_EDGE('',*,*,#16347,.T.);
#16623 = PLANE('',#16624);
#16624 = AXIS2_PLACEMENT_3D('',#16625,#16626,#16627);
#16625 = CARTESIAN_POINT('',(-18.14429733453,-41.85373190333,-7.5));
#16626 = DIRECTION('',(0.2419218956,0.970295726276,0.));
#16627 = DIRECTION('',(0.,0.,1.));
#16628 = ADVANCED_FACE('',(#16629),#16632,.F.);
#16629 = FACE_BOUND('',#16630,.T.);
#16630 = EDGE_LOOP('',(#16631));
#16631 = ORIENTED_EDGE('',*,*,#16180,.F.);
#16632 = PLANE('',#16633);
#16633 = AXIS2_PLACEMENT_3D('',#16634,#16635,#16636);
#16634 = CARTESIAN_POINT('',(3.386906538395,13.584140167864,0.));
#16635 = DIRECTION('',(-0.2419218956,-0.970295726276,0.));
#16636 = DIRECTION('',(-0.970295726276,0.2419218956,0.));
#16637 = ADVANCED_FACE('',(#16638),#16643,.T.);
#16638 = FACE_BOUND('',#16639,.T.);
#16639 = EDGE_LOOP('',(#16640,#16641,#16642));
#16640 = ORIENTED_EDGE('',*,*,#16139,.T.);
#16641 = ORIENTED_EDGE('',*,*,#16172,.T.);
#16642 = ORIENTED_EDGE('',*,*,#16213,.F.);
#16643 = PLANE('',#16644);
#16644 = AXIS2_PLACEMENT_3D('',#16645,#16646,#16647);
#16645 = CARTESIAN_POINT('',(-0.967687582399,-3.881182905104,0.));
#16646 = DIRECTION('',(-0.2419218956,-0.970295726276,0.));
#16647 = DIRECTION('',(-0.970295726276,0.2419218956,0.));
#16648 = ADVANCED_FACE('',(#16649),#16686,.T.);
#16649 = FACE_BOUND('',#16650,.T.);
#16650 = EDGE_LOOP('',(#16651,#16661,#16668,#16669,#16676,#16677,#16678,
    #16679));
#16651 = ORIENTED_EDGE('',*,*,#16652,.T.);
#16652 = EDGE_CURVE('',#16653,#16655,#16657,.T.);
#16653 = VERTEX_POINT('',#16654);
#16654 = CARTESIAN_POINT('',(2.51787696345,-31.23700202639,
    -3.673940397442E-16));
#16655 = VERTEX_POINT('',#16656);
#16656 = CARTESIAN_POINT('',(18.042608583866,-35.10775235598,
    -3.673940397442E-16));
#16657 = LINE('',#16658,#16659);
#16658 = CARTESIAN_POINT('',(2.51787696345,-31.23700202639,
    -3.673940397442E-16));
#16659 = VECTOR('',#16660,1.);
#16660 = DIRECTION('',(0.970295726276,-0.2419218956,-3.334982141114E-33)
  );
#16661 = ORIENTED_EDGE('',*,*,#16662,.F.);
#16662 = EDGE_CURVE('',#16655,#16655,#16663,.T.);
#16663 = CIRCLE('',#16664,1.5);
#16664 = AXIS2_PLACEMENT_3D('',#16665,#16666,#16667);
#16665 = CARTESIAN_POINT('',(17.679725740466,-36.5631959454,0.));
#16666 = DIRECTION('',(0.970295726276,-0.2419218956,0.));
#16667 = DIRECTION('',(0.2419218956,0.970295726276,0.));
#16668 = ORIENTED_EDGE('',*,*,#16652,.F.);
#16669 = ORIENTED_EDGE('',*,*,#16670,.T.);
#16670 = EDGE_CURVE('',#16653,#16245,#16671,.T.);
#16671 = CIRCLE('',#16672,1.5);
#16672 = AXIS2_PLACEMENT_3D('',#16673,#16674,#16675);
#16673 = CARTESIAN_POINT('',(2.15499412005,-32.6924456158,0.));
#16674 = DIRECTION('',(0.970295726276,-0.2419218956,0.));
#16675 = DIRECTION('',(0.2419218956,0.970295726276,0.));
#16676 = ORIENTED_EDGE('',*,*,#16252,.T.);
#16677 = ORIENTED_EDGE('',*,*,#16445,.T.);
#16678 = ORIENTED_EDGE('',*,*,#16236,.F.);
#16679 = ORIENTED_EDGE('',*,*,#16680,.T.);
#16680 = EDGE_CURVE('',#16237,#16653,#16681,.T.);
#16681 = CIRCLE('',#16682,1.5);
#16682 = AXIS2_PLACEMENT_3D('',#16683,#16684,#16685);
#16683 = CARTESIAN_POINT('',(2.15499412005,-32.6924456158,0.));
#16684 = DIRECTION('',(0.970295726276,-0.2419218956,0.));
#16685 = DIRECTION('',(0.2419218956,0.970295726276,0.));
#16686 = CYLINDRICAL_SURFACE('',#16687,1.5);
#16687 = AXIS2_PLACEMENT_3D('',#16688,#16689,#16690);
#16688 = CARTESIAN_POINT('',(2.15499412005,-32.6924456158,0.));
#16689 = DIRECTION('',(0.970295726276,-0.2419218956,0.));
#16690 = DIRECTION('',(0.2419218956,0.970295726276,0.));
#16691 = ADVANCED_FACE('',(#16692),#16697,.F.);
#16692 = FACE_BOUND('',#16693,.F.);
#16693 = EDGE_LOOP('',(#16694,#16695,#16696));
#16694 = ORIENTED_EDGE('',*,*,#16680,.T.);
#16695 = ORIENTED_EDGE('',*,*,#16670,.T.);
#16696 = ORIENTED_EDGE('',*,*,#16244,.F.);
#16697 = PLANE('',#16698);
#16698 = AXIS2_PLACEMENT_3D('',#16699,#16700,#16701);
#16699 = CARTESIAN_POINT('',(2.15499412005,-32.6924456158,0.));
#16700 = DIRECTION('',(0.970295726276,-0.2419218956,0.));
#16701 = DIRECTION('',(0.2419218956,0.970295726276,0.));
#16702 = ADVANCED_FACE('',(#16703),#16722,.T.);
#16703 = FACE_BOUND('',#16704,.T.);
#16704 = EDGE_LOOP('',(#16705,#16714,#16720,#16721));
#16705 = ORIENTED_EDGE('',*,*,#16706,.F.);
#16706 = EDGE_CURVE('',#16707,#16707,#16709,.T.);
#16707 = VERTEX_POINT('',#16708);
#16708 = CARTESIAN_POINT('',(-5.226582945982,-34.60344535893,0.3));
#16709 = CIRCLE('',#16710,3.3);
#16710 = AXIS2_PLACEMENT_3D('',#16711,#16712,#16713);
#16711 = CARTESIAN_POINT('',(-8.428558842692,-33.80510310345,0.3));
#16712 = DIRECTION('',(-0.,0.,1.));
#16713 = DIRECTION('',(0.970295726276,-0.2419218956,0.));
#16714 = ORIENTED_EDGE('',*,*,#16715,.F.);
#16715 = EDGE_CURVE('',#16319,#16707,#16716,.T.);
#16716 = LINE('',#16717,#16718);
#16717 = CARTESIAN_POINT('',(-5.226582945982,-34.60344535893,-0.5));
#16718 = VECTOR('',#16719,1.);
#16719 = DIRECTION('',(0.,0.,1.));
#16720 = ORIENTED_EDGE('',*,*,#16318,.T.);
#16721 = ORIENTED_EDGE('',*,*,#16715,.T.);
#16722 = CYLINDRICAL_SURFACE('',#16723,3.3);
#16723 = AXIS2_PLACEMENT_3D('',#16724,#16725,#16726);
#16724 = CARTESIAN_POINT('',(-8.428558842692,-33.80510310345,-0.5));
#16725 = DIRECTION('',(0.,0.,1.));
#16726 = DIRECTION('',(0.970295726276,-0.2419218956,0.));
#16727 = ADVANCED_FACE('',(#16728),#16747,.T.);
#16728 = FACE_BOUND('',#16729,.T.);
#16729 = EDGE_LOOP('',(#16730,#16739,#16745,#16746));
#16730 = ORIENTED_EDGE('',*,*,#16731,.F.);
#16731 = EDGE_CURVE('',#16732,#16732,#16734,.T.);
#16732 = VERTEX_POINT('',#16733);
#16733 = CARTESIAN_POINT('',(-2.584795846033,-24.007816028,0.3));
#16734 = CIRCLE('',#16735,3.3);
#16735 = AXIS2_PLACEMENT_3D('',#16736,#16737,#16738);
#16736 = CARTESIAN_POINT('',(-5.786771742744,-23.20947377252,0.3));
#16737 = DIRECTION('',(-0.,0.,1.));
#16738 = DIRECTION('',(0.970295726276,-0.2419218956,0.));
#16739 = ORIENTED_EDGE('',*,*,#16740,.F.);
#16740 = EDGE_CURVE('',#16364,#16732,#16741,.T.);
#16741 = LINE('',#16742,#16743);
#16742 = CARTESIAN_POINT('',(-2.584795846033,-24.007816028,-0.5));
#16743 = VECTOR('',#16744,1.);
#16744 = DIRECTION('',(0.,0.,1.));
#16745 = ORIENTED_EDGE('',*,*,#16363,.T.);
#16746 = ORIENTED_EDGE('',*,*,#16740,.T.);
#16747 = CYLINDRICAL_SURFACE('',#16748,3.3);
#16748 = AXIS2_PLACEMENT_3D('',#16749,#16750,#16751);
#16749 = CARTESIAN_POINT('',(-5.786771742744,-23.20947377252,-0.5));
#16750 = DIRECTION('',(0.,0.,1.));
#16751 = DIRECTION('',(0.970295726276,-0.2419218956,0.));
#16752 = ADVANCED_FACE('',(#16753),#16772,.T.);
#16753 = FACE_BOUND('',#16754,.T.);
#16754 = EDGE_LOOP('',(#16755,#16764,#16770,#16771));
#16755 = ORIENTED_EDGE('',*,*,#16756,.F.);
#16756 = EDGE_CURVE('',#16757,#16757,#16759,.T.);
#16757 = VERTEX_POINT('',#16758);
#16758 = CARTESIAN_POINT('',(5.699125391511E-02,-13.41218669706,0.3));
#16759 = CIRCLE('',#16760,3.3);
#16760 = AXIS2_PLACEMENT_3D('',#16761,#16762,#16763);
#16761 = CARTESIAN_POINT('',(-3.144984642796,-12.61384444158,0.3));
#16762 = DIRECTION('',(-0.,0.,1.));
#16763 = DIRECTION('',(0.970295726276,-0.2419218956,0.));
#16764 = ORIENTED_EDGE('',*,*,#16765,.F.);
#16765 = EDGE_CURVE('',#16375,#16757,#16766,.T.);
#16766 = LINE('',#16767,#16768);
#16767 = CARTESIAN_POINT('',(5.699125391511E-02,-13.41218669706,-0.5));
#16768 = VECTOR('',#16769,1.);
#16769 = DIRECTION('',(0.,0.,1.));
#16770 = ORIENTED_EDGE('',*,*,#16374,.T.);
#16771 = ORIENTED_EDGE('',*,*,#16765,.T.);
#16772 = CYLINDRICAL_SURFACE('',#16773,3.3);
#16773 = AXIS2_PLACEMENT_3D('',#16774,#16775,#16776);
#16774 = CARTESIAN_POINT('',(-3.144984642796,-12.61384444158,-0.5));
#16775 = DIRECTION('',(0.,0.,1.));
#16776 = DIRECTION('',(0.970295726276,-0.2419218956,0.));
#16777 = ADVANCED_FACE('',(#16778),#16781,.T.);
#16778 = FACE_BOUND('',#16779,.T.);
#16779 = EDGE_LOOP('',(#16780));
#16780 = ORIENTED_EDGE('',*,*,#16662,.T.);
#16781 = PLANE('',#16782);
#16782 = AXIS2_PLACEMENT_3D('',#16783,#16784,#16785);
#16783 = CARTESIAN_POINT('',(17.679725740466,-36.5631959454,0.));
#16784 = DIRECTION('',(0.970295726276,-0.2419218956,0.));
#16785 = DIRECTION('',(0.2419218956,0.970295726276,0.));
#16786 = ADVANCED_FACE('',(#16787),#16790,.T.);
#16787 = FACE_BOUND('',#16788,.T.);
#16788 = EDGE_LOOP('',(#16789));
#16789 = ORIENTED_EDGE('',*,*,#16706,.T.);
#16790 = PLANE('',#16791);
#16791 = AXIS2_PLACEMENT_3D('',#16792,#16793,#16794);
#16792 = CARTESIAN_POINT('',(-8.428558842692,-33.80510310345,0.3));
#16793 = DIRECTION('',(0.,0.,1.));
#16794 = DIRECTION('',(0.970295726276,-0.2419218956,0.));
#16795 = ADVANCED_FACE('',(#16796),#16799,.T.);
#16796 = FACE_BOUND('',#16797,.T.);
#16797 = EDGE_LOOP('',(#16798));
#16798 = ORIENTED_EDGE('',*,*,#16731,.T.);
#16799 = PLANE('',#16800);
#16800 = AXIS2_PLACEMENT_3D('',#16801,#16802,#16803);
#16801 = CARTESIAN_POINT('',(-5.786771742744,-23.20947377252,0.3));
#16802 = DIRECTION('',(0.,0.,1.));
#16803 = DIRECTION('',(0.970295726276,-0.2419218956,0.));
#16804 = ADVANCED_FACE('',(#16805),#16808,.T.);
#16805 = FACE_BOUND('',#16806,.T.);
#16806 = EDGE_LOOP('',(#16807));
#16807 = ORIENTED_EDGE('',*,*,#16756,.T.);
#16808 = PLANE('',#16809);
#16809 = AXIS2_PLACEMENT_3D('',#16810,#16811,#16812);
#16810 = CARTESIAN_POINT('',(-3.144984642796,-12.61384444158,0.3));
#16811 = DIRECTION('',(0.,0.,1.));
#16812 = DIRECTION('',(0.970295726276,-0.2419218956,0.));
#16813 = ( GEOMETRIC_REPRESENTATION_CONTEXT(3) 
GLOBAL_UNCERTAINTY_ASSIGNED_CONTEXT((#16817)) 
GLOBAL_UNIT_ASSIGNED_CONTEXT((#16814,#16815,#16816)) 
REPRESENTATION_CONTEXT('Context #1',
  '3D Context with UNIT and UNCERTAINTY') );
#16814 = ( LENGTH_UNIT() NAMED_UNIT(*) SI_UNIT(.MILLI.,.METRE.) );
#16815 = ( NAMED_UNIT(*) PLANE_ANGLE_UNIT() SI_UNIT($,.RADIAN.) );
#16816 = ( NAMED_UNIT(*) SI_UNIT($,.STERADIAN.) SOLID_ANGLE_UNIT() );
#16817 = UNCERTAINTY_MEASURE_WITH_UNIT(LENGTH_MEASURE(1.E-07),#16814,
  'distance_accuracy_value','confusion accuracy');
#16818 = CONTEXT_DEPENDENT_SHAPE_REPRESENTATION(#16819,#16821);
#16819 = ( REPRESENTATION_RELATIONSHIP('','',#15958,#10) 
REPRESENTATION_RELATIONSHIP_WITH_TRANSFORMATION(#16820) 
SHAPE_REPRESENTATION_RELATIONSHIP() );
#16820 = ITEM_DEFINED_TRANSFORMATION('','',#11,#259);
#16821 = PRODUCT_DEFINITION_SHAPE('Placement','Placement of an item',
  #16822);
#16822 = NEXT_ASSEMBLY_USAGE_OCCURRENCE('62',
  '参考图弯臂连接套、开槽唱头壳与指托 · 外观估算',
  '',#5,#15953,$);
#16823 = PRODUCT_RELATED_PRODUCT_CATEGORY('part',$,(#15955));
#16824 = SHAPE_DEFINITION_REPRESENTATION(#16825,#16831);
#16825 = PRODUCT_DEFINITION_SHAPE('','',#16826);
#16826 = PRODUCT_DEFINITION('design','',#16827,#16830);
#16827 = PRODUCT_DEFINITION_FORMATION('','',#16828);
#16828 = PRODUCT('随套装唱头占位（型号待核实）',
  '随套装唱头占位（型号待核实）','',(#16829));
#16829 = PRODUCT_CONTEXT('',#2,'mechanical');
#16830 = PRODUCT_DEFINITION_CONTEXT('part definition',#2,'design');
#16831 = ADVANCED_BREP_SHAPE_REPRESENTATION('',(#11,#16832),#16982);
#16832 = MANIFOLD_SOLID_BREP('',#16833);
#16833 = CLOSED_SHELL('',(#16834,#16874,#16914,#16936,#16958,#16970));
#16834 = ADVANCED_FACE('',(#16835),#16869,.F.);
#16835 = FACE_BOUND('',#16836,.F.);
#16836 = EDGE_LOOP('',(#16837,#16847,#16855,#16863));
#16837 = ORIENTED_EDGE('',*,*,#16838,.F.);
#16838 = EDGE_CURVE('',#16839,#16841,#16843,.T.);
#16839 = VERTEX_POINT('',#16840);
#16840 = CARTESIAN_POINT('',(-6.,-48.,-5.));
#16841 = VERTEX_POINT('',#16842);
#16842 = CARTESIAN_POINT('',(-6.,-48.,0.));
#16843 = LINE('',#16844,#16845);
#16844 = CARTESIAN_POINT('',(-6.,-48.,-5.));
#16845 = VECTOR('',#16846,1.);
#16846 = DIRECTION('',(0.,0.,1.));
#16847 = ORIENTED_EDGE('',*,*,#16848,.T.);
#16848 = EDGE_CURVE('',#16839,#16849,#16851,.T.);
#16849 = VERTEX_POINT('',#16850);
#16850 = CARTESIAN_POINT('',(-6.,-29.,-5.));
#16851 = LINE('',#16852,#16853);
#16852 = CARTESIAN_POINT('',(-6.,-48.,-5.));
#16853 = VECTOR('',#16854,1.);
#16854 = DIRECTION('',(-0.,1.,0.));
#16855 = ORIENTED_EDGE('',*,*,#16856,.T.);
#16856 = EDGE_CURVE('',#16849,#16857,#16859,.T.);
#16857 = VERTEX_POINT('',#16858);
#16858 = CARTESIAN_POINT('',(-6.,-29.,0.));
#16859 = LINE('',#16860,#16861);
#16860 = CARTESIAN_POINT('',(-6.,-29.,-5.));
#16861 = VECTOR('',#16862,1.);
#16862 = DIRECTION('',(0.,0.,1.));
#16863 = ORIENTED_EDGE('',*,*,#16864,.F.);
#16864 = EDGE_CURVE('',#16841,#16857,#16865,.T.);
#16865 = LINE('',#16866,#16867);
#16866 = CARTESIAN_POINT('',(-6.,-48.,0.));
#16867 = VECTOR('',#16868,1.);
#16868 = DIRECTION('',(-0.,1.,0.));
#16869 = PLANE('',#16870);
#16870 = AXIS2_PLACEMENT_3D('',#16871,#16872,#16873);
#16871 = CARTESIAN_POINT('',(-6.,-48.,-5.));
#16872 = DIRECTION('',(1.,0.,-0.));
#16873 = DIRECTION('',(0.,0.,1.));
#16874 = ADVANCED_FACE('',(#16875),#16909,.T.);
#16875 = FACE_BOUND('',#16876,.T.);
#16876 = EDGE_LOOP('',(#16877,#16887,#16895,#16903));
#16877 = ORIENTED_EDGE('',*,*,#16878,.F.);
#16878 = EDGE_CURVE('',#16879,#16881,#16883,.T.);
#16879 = VERTEX_POINT('',#16880);
#16880 = CARTESIAN_POINT('',(6.,-48.,-5.));
#16881 = VERTEX_POINT('',#16882);
#16882 = CARTESIAN_POINT('',(6.,-48.,0.));
#16883 = LINE('',#16884,#16885);
#16884 = CARTESIAN_POINT('',(6.,-48.,-5.));
#16885 = VECTOR('',#16886,1.);
#16886 = DIRECTION('',(0.,0.,1.));
#16887 = ORIENTED_EDGE('',*,*,#16888,.T.);
#16888 = EDGE_CURVE('',#16879,#16889,#16891,.T.);
#16889 = VERTEX_POINT('',#16890);
#16890 = CARTESIAN_POINT('',(6.,-29.,-5.));
#16891 = LINE('',#16892,#16893);
#16892 = CARTESIAN_POINT('',(6.,-48.,-5.));
#16893 = VECTOR('',#16894,1.);
#16894 = DIRECTION('',(-0.,1.,0.));
#16895 = ORIENTED_EDGE('',*,*,#16896,.T.);
#16896 = EDGE_CURVE('',#16889,#16897,#16899,.T.);
#16897 = VERTEX_POINT('',#16898);
#16898 = CARTESIAN_POINT('',(6.,-29.,0.));
#16899 = LINE('',#16900,#16901);
#16900 = CARTESIAN_POINT('',(6.,-29.,-5.));
#16901 = VECTOR('',#16902,1.);
#16902 = DIRECTION('',(0.,0.,1.));
#16903 = ORIENTED_EDGE('',*,*,#16904,.F.);
#16904 = EDGE_CURVE('',#16881,#16897,#16905,.T.);
#16905 = LINE('',#16906,#16907);
#16906 = CARTESIAN_POINT('',(6.,-48.,0.));
#16907 = VECTOR('',#16908,1.);
#16908 = DIRECTION('',(-0.,1.,0.));
#16909 = PLANE('',#16910);
#16910 = AXIS2_PLACEMENT_3D('',#16911,#16912,#16913);
#16911 = CARTESIAN_POINT('',(6.,-48.,-5.));
#16912 = DIRECTION('',(1.,0.,-0.));
#16913 = DIRECTION('',(0.,0.,1.));
#16914 = ADVANCED_FACE('',(#16915),#16931,.F.);
#16915 = FACE_BOUND('',#16916,.F.);
#16916 = EDGE_LOOP('',(#16917,#16923,#16924,#16930));
#16917 = ORIENTED_EDGE('',*,*,#16918,.F.);
#16918 = EDGE_CURVE('',#16839,#16879,#16919,.T.);
#16919 = LINE('',#16920,#16921);
#16920 = CARTESIAN_POINT('',(-6.,-48.,-5.));
#16921 = VECTOR('',#16922,1.);
#16922 = DIRECTION('',(1.,0.,-0.));
#16923 = ORIENTED_EDGE('',*,*,#16838,.T.);
#16924 = ORIENTED_EDGE('',*,*,#16925,.T.);
#16925 = EDGE_CURVE('',#16841,#16881,#16926,.T.);
#16926 = LINE('',#16927,#16928);
#16927 = CARTESIAN_POINT('',(-6.,-48.,0.));
#16928 = VECTOR('',#16929,1.);
#16929 = DIRECTION('',(1.,0.,-0.));
#16930 = ORIENTED_EDGE('',*,*,#16878,.F.);
#16931 = PLANE('',#16932);
#16932 = AXIS2_PLACEMENT_3D('',#16933,#16934,#16935);
#16933 = CARTESIAN_POINT('',(-6.,-48.,-5.));
#16934 = DIRECTION('',(-0.,1.,0.));
#16935 = DIRECTION('',(0.,0.,1.));
#16936 = ADVANCED_FACE('',(#16937),#16953,.T.);
#16937 = FACE_BOUND('',#16938,.T.);
#16938 = EDGE_LOOP('',(#16939,#16945,#16946,#16952));
#16939 = ORIENTED_EDGE('',*,*,#16940,.F.);
#16940 = EDGE_CURVE('',#16849,#16889,#16941,.T.);
#16941 = LINE('',#16942,#16943);
#16942 = CARTESIAN_POINT('',(-6.,-29.,-5.));
#16943 = VECTOR('',#16944,1.);
#16944 = DIRECTION('',(1.,0.,-0.));
#16945 = ORIENTED_EDGE('',*,*,#16856,.T.);
#16946 = ORIENTED_EDGE('',*,*,#16947,.T.);
#16947 = EDGE_CURVE('',#16857,#16897,#16948,.T.);
#16948 = LINE('',#16949,#16950);
#16949 = CARTESIAN_POINT('',(-6.,-29.,0.));
#16950 = VECTOR('',#16951,1.);
#16951 = DIRECTION('',(1.,0.,-0.));
#16952 = ORIENTED_EDGE('',*,*,#16896,.F.);
#16953 = PLANE('',#16954);
#16954 = AXIS2_PLACEMENT_3D('',#16955,#16956,#16957);
#16955 = CARTESIAN_POINT('',(-6.,-29.,-5.));
#16956 = DIRECTION('',(-0.,1.,0.));
#16957 = DIRECTION('',(0.,0.,1.));
#16958 = ADVANCED_FACE('',(#16959),#16965,.F.);
#16959 = FACE_BOUND('',#16960,.F.);
#16960 = EDGE_LOOP('',(#16961,#16962,#16963,#16964));
#16961 = ORIENTED_EDGE('',*,*,#16848,.F.);
#16962 = ORIENTED_EDGE('',*,*,#16918,.T.);
#16963 = ORIENTED_EDGE('',*,*,#16888,.T.);
#16964 = ORIENTED_EDGE('',*,*,#16940,.F.);
#16965 = PLANE('',#16966);
#16966 = AXIS2_PLACEMENT_3D('',#16967,#16968,#16969);
#16967 = CARTESIAN_POINT('',(-6.,-48.,-5.));
#16968 = DIRECTION('',(0.,0.,1.));
#16969 = DIRECTION('',(1.,0.,-0.));
#16970 = ADVANCED_FACE('',(#16971),#16977,.T.);
#16971 = FACE_BOUND('',#16972,.T.);
#16972 = EDGE_LOOP('',(#16973,#16974,#16975,#16976));
#16973 = ORIENTED_EDGE('',*,*,#16864,.F.);
#16974 = ORIENTED_EDGE('',*,*,#16925,.T.);
#16975 = ORIENTED_EDGE('',*,*,#16904,.T.);
#16976 = ORIENTED_EDGE('',*,*,#16947,.F.);
#16977 = PLANE('',#16978);
#16978 = AXIS2_PLACEMENT_3D('',#16979,#16980,#16981);
#16979 = CARTESIAN_POINT('',(-6.,-48.,0.));
#16980 = DIRECTION('',(0.,0.,1.));
#16981 = DIRECTION('',(1.,0.,-0.));
#16982 = ( GEOMETRIC_REPRESENTATION_CONTEXT(3) 
GLOBAL_UNCERTAINTY_ASSIGNED_CONTEXT((#16986)) 
GLOBAL_UNIT_ASSIGNED_CONTEXT((#16983,#16984,#16985)) 
REPRESENTATION_CONTEXT('Context #1',
  '3D Context with UNIT and UNCERTAINTY') );
#16983 = ( LENGTH_UNIT() NAMED_UNIT(*) SI_UNIT(.MILLI.,.METRE.) );
#16984 = ( NAMED_UNIT(*) PLANE_ANGLE_UNIT() SI_UNIT($,.RADIAN.) );
#16985 = ( NAMED_UNIT(*) SI_UNIT($,.STERADIAN.) SOLID_ANGLE_UNIT() );
#16986 = UNCERTAINTY_MEASURE_WITH_UNIT(LENGTH_MEASURE(1.E-07),#16983,
  'distance_accuracy_value','confusion accuracy');
#16987 = CONTEXT_DEPENDENT_SHAPE_REPRESENTATION(#16988,#16990);
#16988 = ( REPRESENTATION_RELATIONSHIP('','',#16831,#10) 
REPRESENTATION_RELATIONSHIP_WITH_TRANSFORMATION(#16989) 
SHAPE_REPRESENTATION_RELATIONSHIP() );
#16989 = ITEM_DEFINED_TRANSFORMATION('','',#11,#263);
#16990 = PRODUCT_DEFINITION_SHAPE('Placement','Placement of an item',
  #16991);
#16991 = NEXT_ASSEMBLY_USAGE_OCCURRENCE('63',
  '随套装唱头占位（型号待核实）','',#5,#16826,$);
#16992 = PRODUCT_RELATED_PRODUCT_CATEGORY('part',$,(#16828));
#16993 = SHAPE_DEFINITION_REPRESENTATION(#16994,#17000);
#16994 = PRODUCT_DEFINITION_SHAPE('','',#16995);
#16995 = PRODUCT_DEFINITION('design','',#16996,#16999);
#16996 = PRODUCT_DEFINITION_FORMATION('','',#16997);
#16997 = PRODUCT('停臂架与限位片示意',
  '停臂架与限位片示意','',(#16998));
#16998 = PRODUCT_CONTEXT('',#2,'mechanical');
#16999 = PRODUCT_DEFINITION_CONTEXT('part definition',#2,'design');
#17000 = ADVANCED_BREP_SHAPE_REPRESENTATION('',(#11,#17001),#17339);
#17001 = MANIFOLD_SOLID_BREP('',#17002);
#17002 = CLOSED_SHELL('',(#17003,#17113,#17145,#17176,#17200,#17224,
    #17256,#17265,#17282,#17291,#17308,#17325));
#17003 = ADVANCED_FACE('',(#17004),#17108,.T.);
#17004 = FACE_BOUND('',#17005,.T.);
#17005 = EDGE_LOOP('',(#17006,#17016,#17023,#17024,#17033,#17041,#17050,
    #17058,#17065,#17066,#17075,#17084,#17092,#17101));
#17006 = ORIENTED_EDGE('',*,*,#17007,.T.);
#17007 = EDGE_CURVE('',#17008,#17010,#17012,.T.);
#17008 = VERTEX_POINT('',#17009);
#17009 = CARTESIAN_POINT('',(364.,197.,187.));
#17010 = VERTEX_POINT('',#17011);
#17011 = CARTESIAN_POINT('',(364.,197.,189.));
#17012 = LINE('',#17013,#17014);
#17013 = CARTESIAN_POINT('',(364.,197.,162.));
#17014 = VECTOR('',#17015,1.);
#17015 = DIRECTION('',(0.,0.,1.));
#17016 = ORIENTED_EDGE('',*,*,#17017,.F.);
#17017 = EDGE_CURVE('',#17010,#17010,#17018,.T.);
#17018 = CIRCLE('',#17019,4.);
#17019 = AXIS2_PLACEMENT_3D('',#17020,#17021,#17022);
#17020 = CARTESIAN_POINT('',(360.,197.,189.));
#17021 = DIRECTION('',(0.,0.,1.));
#17022 = DIRECTION('',(1.,0.,-0.));
#17023 = ORIENTED_EDGE('',*,*,#17007,.F.);
#17024 = ORIENTED_EDGE('',*,*,#17025,.T.);
#17025 = EDGE_CURVE('',#17008,#17026,#17028,.T.);
#17026 = VERTEX_POINT('',#17027);
#17027 = CARTESIAN_POINT('',(363.8729833462,198.,187.));
#17028 = CIRCLE('',#17029,4.);
#17029 = AXIS2_PLACEMENT_3D('',#17030,#17031,#17032);
#17030 = CARTESIAN_POINT('',(360.,197.,187.));
#17031 = DIRECTION('',(0.,0.,1.));
#17032 = DIRECTION('',(1.,0.,-0.));
#17033 = ORIENTED_EDGE('',*,*,#17034,.F.);
#17034 = EDGE_CURVE('',#17035,#17026,#17037,.T.);
#17035 = VERTEX_POINT('',#17036);
#17036 = CARTESIAN_POINT('',(363.8729833462,198.,179.));
#17037 = LINE('',#17038,#17039);
#17038 = CARTESIAN_POINT('',(363.8729833462,198.,162.));
#17039 = VECTOR('',#17040,1.);
#17040 = DIRECTION('',(0.,0.,1.));
#17041 = ORIENTED_EDGE('',*,*,#17042,.F.);
#17042 = EDGE_CURVE('',#17043,#17035,#17045,.T.);
#17043 = VERTEX_POINT('',#17044);
#17044 = CARTESIAN_POINT('',(364.,197.,179.));
#17045 = CIRCLE('',#17046,4.);
#17046 = AXIS2_PLACEMENT_3D('',#17047,#17048,#17049);
#17047 = CARTESIAN_POINT('',(360.,197.,179.));
#17048 = DIRECTION('',(0.,0.,1.));
#17049 = DIRECTION('',(1.,0.,-0.));
#17050 = ORIENTED_EDGE('',*,*,#17051,.F.);
#17051 = EDGE_CURVE('',#17052,#17043,#17054,.T.);
#17052 = VERTEX_POINT('',#17053);
#17053 = CARTESIAN_POINT('',(364.,197.,162.));
#17054 = LINE('',#17055,#17056);
#17055 = CARTESIAN_POINT('',(364.,197.,162.));
#17056 = VECTOR('',#17057,1.);
#17057 = DIRECTION('',(0.,0.,1.));
#17058 = ORIENTED_EDGE('',*,*,#17059,.T.);
#17059 = EDGE_CURVE('',#17052,#17052,#17060,.T.);
#17060 = CIRCLE('',#17061,4.);
#17061 = AXIS2_PLACEMENT_3D('',#17062,#17063,#17064);
#17062 = CARTESIAN_POINT('',(360.,197.,162.));
#17063 = DIRECTION('',(0.,0.,1.));
#17064 = DIRECTION('',(1.,0.,-0.));
#17065 = ORIENTED_EDGE('',*,*,#17051,.T.);
#17066 = ORIENTED_EDGE('',*,*,#17067,.F.);
#17067 = EDGE_CURVE('',#17068,#17043,#17070,.T.);
#17068 = VERTEX_POINT('',#17069);
#17069 = CARTESIAN_POINT('',(360.,193.,179.));
#17070 = CIRCLE('',#17071,4.);
#17071 = AXIS2_PLACEMENT_3D('',#17072,#17073,#17074);
#17072 = CARTESIAN_POINT('',(360.,197.,179.));
#17073 = DIRECTION('',(0.,0.,1.));
#17074 = DIRECTION('',(1.,0.,-0.));
#17075 = ORIENTED_EDGE('',*,*,#17076,.F.);
#17076 = EDGE_CURVE('',#17077,#17068,#17079,.T.);
#17077 = VERTEX_POINT('',#17078);
#17078 = CARTESIAN_POINT('',(356.12701665379,198.,179.));
#17079 = CIRCLE('',#17080,4.);
#17080 = AXIS2_PLACEMENT_3D('',#17081,#17082,#17083);
#17081 = CARTESIAN_POINT('',(360.,197.,179.));
#17082 = DIRECTION('',(0.,0.,1.));
#17083 = DIRECTION('',(1.,0.,-0.));
#17084 = ORIENTED_EDGE('',*,*,#17085,.T.);
#17085 = EDGE_CURVE('',#17077,#17086,#17088,.T.);
#17086 = VERTEX_POINT('',#17087);
#17087 = CARTESIAN_POINT('',(356.12701665379,198.,187.));
#17088 = LINE('',#17089,#17090);
#17089 = CARTESIAN_POINT('',(356.12701665379,198.,162.));
#17090 = VECTOR('',#17091,1.);
#17091 = DIRECTION('',(0.,0.,1.));
#17092 = ORIENTED_EDGE('',*,*,#17093,.T.);
#17093 = EDGE_CURVE('',#17086,#17094,#17096,.T.);
#17094 = VERTEX_POINT('',#17095);
#17095 = CARTESIAN_POINT('',(360.,193.,187.));
#17096 = CIRCLE('',#17097,4.);
#17097 = AXIS2_PLACEMENT_3D('',#17098,#17099,#17100);
#17098 = CARTESIAN_POINT('',(360.,197.,187.));
#17099 = DIRECTION('',(0.,0.,1.));
#17100 = DIRECTION('',(1.,0.,-0.));
#17101 = ORIENTED_EDGE('',*,*,#17102,.T.);
#17102 = EDGE_CURVE('',#17094,#17008,#17103,.T.);
#17103 = CIRCLE('',#17104,4.);
#17104 = AXIS2_PLACEMENT_3D('',#17105,#17106,#17107);
#17105 = CARTESIAN_POINT('',(360.,197.,187.));
#17106 = DIRECTION('',(0.,0.,1.));
#17107 = DIRECTION('',(1.,0.,-0.));
#17108 = CYLINDRICAL_SURFACE('',#17109,4.);
#17109 = AXIS2_PLACEMENT_3D('',#17110,#17111,#17112);
#17110 = CARTESIAN_POINT('',(360.,197.,162.));
#17111 = DIRECTION('',(0.,0.,1.));
#17112 = DIRECTION('',(1.,0.,-0.));
#17113 = ADVANCED_FACE('',(#17114),#17140,.T.);
#17114 = FACE_BOUND('',#17115,.T.);
#17115 = EDGE_LOOP('',(#17116,#17117,#17125,#17133,#17139));
#17116 = ORIENTED_EDGE('',*,*,#17102,.F.);
#17117 = ORIENTED_EDGE('',*,*,#17118,.T.);
#17118 = EDGE_CURVE('',#17094,#17119,#17121,.T.);
#17119 = VERTEX_POINT('',#17120);
#17120 = CARTESIAN_POINT('',(365.5,193.,187.));
#17121 = LINE('',#17122,#17123);
#17122 = CARTESIAN_POINT('',(354.5,193.,187.));
#17123 = VECTOR('',#17124,1.);
#17124 = DIRECTION('',(1.,0.,-0.));
#17125 = ORIENTED_EDGE('',*,*,#17126,.T.);
#17126 = EDGE_CURVE('',#17119,#17127,#17129,.T.);
#17127 = VERTEX_POINT('',#17128);
#17128 = CARTESIAN_POINT('',(365.5,198.,187.));
#17129 = LINE('',#17130,#17131);
#17130 = CARTESIAN_POINT('',(365.5,193.,187.));
#17131 = VECTOR('',#17132,1.);
#17132 = DIRECTION('',(-0.,1.,0.));
#17133 = ORIENTED_EDGE('',*,*,#17134,.F.);
#17134 = EDGE_CURVE('',#17026,#17127,#17135,.T.);
#17135 = LINE('',#17136,#17137);
#17136 = CARTESIAN_POINT('',(354.5,198.,187.));
#17137 = VECTOR('',#17138,1.);
#17138 = DIRECTION('',(1.,0.,-0.));
#17139 = ORIENTED_EDGE('',*,*,#17025,.F.);
#17140 = PLANE('',#17141);
#17141 = AXIS2_PLACEMENT_3D('',#17142,#17143,#17144);
#17142 = CARTESIAN_POINT('',(354.5,193.,187.));
#17143 = DIRECTION('',(0.,0.,1.));
#17144 = DIRECTION('',(1.,0.,-0.));
#17145 = ADVANCED_FACE('',(#17146),#17171,.T.);
#17146 = FACE_BOUND('',#17147,.T.);
#17147 = EDGE_LOOP('',(#17148,#17156,#17164,#17170));
#17148 = ORIENTED_EDGE('',*,*,#17149,.F.);
#17149 = EDGE_CURVE('',#17150,#17086,#17152,.T.);
#17150 = VERTEX_POINT('',#17151);
#17151 = CARTESIAN_POINT('',(354.5,198.,187.));
#17152 = LINE('',#17153,#17154);
#17153 = CARTESIAN_POINT('',(354.5,198.,187.));
#17154 = VECTOR('',#17155,1.);
#17155 = DIRECTION('',(1.,0.,-0.));
#17156 = ORIENTED_EDGE('',*,*,#17157,.F.);
#17157 = EDGE_CURVE('',#17158,#17150,#17160,.T.);
#17158 = VERTEX_POINT('',#17159);
#17159 = CARTESIAN_POINT('',(354.5,193.,187.));
#17160 = LINE('',#17161,#17162);
#17161 = CARTESIAN_POINT('',(354.5,193.,187.));
#17162 = VECTOR('',#17163,1.);
#17163 = DIRECTION('',(-0.,1.,0.));
#17164 = ORIENTED_EDGE('',*,*,#17165,.T.);
#17165 = EDGE_CURVE('',#17158,#17094,#17166,.T.);
#17166 = LINE('',#17167,#17168);
#17167 = CARTESIAN_POINT('',(354.5,193.,187.));
#17168 = VECTOR('',#17169,1.);
#17169 = DIRECTION('',(1.,0.,-0.));
#17170 = ORIENTED_EDGE('',*,*,#17093,.F.);
#17171 = PLANE('',#17172);
#17172 = AXIS2_PLACEMENT_3D('',#17173,#17174,#17175);
#17173 = CARTESIAN_POINT('',(354.5,193.,187.));
#17174 = DIRECTION('',(0.,0.,1.));
#17175 = DIRECTION('',(1.,0.,-0.));
#17176 = ADVANCED_FACE('',(#17177),#17195,.T.);
#17177 = FACE_BOUND('',#17178,.T.);
#17178 = EDGE_LOOP('',(#17179,#17187,#17193,#17194));
#17179 = ORIENTED_EDGE('',*,*,#17180,.F.);
#17180 = EDGE_CURVE('',#17181,#17077,#17183,.T.);
#17181 = VERTEX_POINT('',#17182);
#17182 = CARTESIAN_POINT('',(354.5,198.,179.));
#17183 = LINE('',#17184,#17185);
#17184 = CARTESIAN_POINT('',(354.5,198.,179.));
#17185 = VECTOR('',#17186,1.);
#17186 = DIRECTION('',(1.,0.,-0.));
#17187 = ORIENTED_EDGE('',*,*,#17188,.T.);
#17188 = EDGE_CURVE('',#17181,#17150,#17189,.T.);
#17189 = LINE('',#17190,#17191);
#17190 = CARTESIAN_POINT('',(354.5,198.,179.));
#17191 = VECTOR('',#17192,1.);
#17192 = DIRECTION('',(0.,0.,1.));
#17193 = ORIENTED_EDGE('',*,*,#17149,.T.);
#17194 = ORIENTED_EDGE('',*,*,#17085,.F.);
#17195 = PLANE('',#17196);
#17196 = AXIS2_PLACEMENT_3D('',#17197,#17198,#17199);
#17197 = CARTESIAN_POINT('',(354.5,198.,179.));
#17198 = DIRECTION('',(-0.,1.,0.));
#17199 = DIRECTION('',(0.,0.,1.));
#17200 = ADVANCED_FACE('',(#17201),#17219,.F.);
#17201 = FACE_BOUND('',#17202,.F.);
#17202 = EDGE_LOOP('',(#17203,#17204,#17212,#17218));
#17203 = ORIENTED_EDGE('',*,*,#17180,.F.);
#17204 = ORIENTED_EDGE('',*,*,#17205,.F.);
#17205 = EDGE_CURVE('',#17206,#17181,#17208,.T.);
#17206 = VERTEX_POINT('',#17207);
#17207 = CARTESIAN_POINT('',(354.5,193.,179.));
#17208 = LINE('',#17209,#17210);
#17209 = CARTESIAN_POINT('',(354.5,193.,179.));
#17210 = VECTOR('',#17211,1.);
#17211 = DIRECTION('',(-0.,1.,0.));
#17212 = ORIENTED_EDGE('',*,*,#17213,.T.);
#17213 = EDGE_CURVE('',#17206,#17068,#17214,.T.);
#17214 = LINE('',#17215,#17216);
#17215 = CARTESIAN_POINT('',(354.5,193.,179.));
#17216 = VECTOR('',#17217,1.);
#17217 = DIRECTION('',(1.,0.,-0.));
#17218 = ORIENTED_EDGE('',*,*,#17076,.F.);
#17219 = PLANE('',#17220);
#17220 = AXIS2_PLACEMENT_3D('',#17221,#17222,#17223);
#17221 = CARTESIAN_POINT('',(354.5,193.,179.));
#17222 = DIRECTION('',(0.,0.,1.));
#17223 = DIRECTION('',(1.,0.,-0.));
#17224 = ADVANCED_FACE('',(#17225),#17251,.F.);
#17225 = FACE_BOUND('',#17226,.F.);
#17226 = EDGE_LOOP('',(#17227,#17228,#17236,#17244,#17250));
#17227 = ORIENTED_EDGE('',*,*,#17067,.F.);
#17228 = ORIENTED_EDGE('',*,*,#17229,.T.);
#17229 = EDGE_CURVE('',#17068,#17230,#17232,.T.);
#17230 = VERTEX_POINT('',#17231);
#17231 = CARTESIAN_POINT('',(365.5,193.,179.));
#17232 = LINE('',#17233,#17234);
#17233 = CARTESIAN_POINT('',(354.5,193.,179.));
#17234 = VECTOR('',#17235,1.);
#17235 = DIRECTION('',(1.,0.,-0.));
#17236 = ORIENTED_EDGE('',*,*,#17237,.T.);
#17237 = EDGE_CURVE('',#17230,#17238,#17240,.T.);
#17238 = VERTEX_POINT('',#17239);
#17239 = CARTESIAN_POINT('',(365.5,198.,179.));
#17240 = LINE('',#17241,#17242);
#17241 = CARTESIAN_POINT('',(365.5,193.,179.));
#17242 = VECTOR('',#17243,1.);
#17243 = DIRECTION('',(-0.,1.,0.));
#17244 = ORIENTED_EDGE('',*,*,#17245,.F.);
#17245 = EDGE_CURVE('',#17035,#17238,#17246,.T.);
#17246 = LINE('',#17247,#17248);
#17247 = CARTESIAN_POINT('',(354.5,198.,179.));
#17248 = VECTOR('',#17249,1.);
#17249 = DIRECTION('',(1.,0.,-0.));
#17250 = ORIENTED_EDGE('',*,*,#17042,.F.);
#17251 = PLANE('',#17252);
#17252 = AXIS2_PLACEMENT_3D('',#17253,#17254,#17255);
#17253 = CARTESIAN_POINT('',(354.5,193.,179.));
#17254 = DIRECTION('',(0.,0.,1.));
#17255 = DIRECTION('',(1.,0.,-0.));
#17256 = ADVANCED_FACE('',(#17257),#17260,.F.);
#17257 = FACE_BOUND('',#17258,.T.);
#17258 = EDGE_LOOP('',(#17259));
#17259 = ORIENTED_EDGE('',*,*,#17059,.F.);
#17260 = PLANE('',#17261);
#17261 = AXIS2_PLACEMENT_3D('',#17262,#17263,#17264);
#17262 = CARTESIAN_POINT('',(360.,197.,162.));
#17263 = DIRECTION('',(0.,0.,1.));
#17264 = DIRECTION('',(1.,0.,-0.));
#17265 = ADVANCED_FACE('',(#17266),#17277,.T.);
#17266 = FACE_BOUND('',#17267,.T.);
#17267 = EDGE_LOOP('',(#17268,#17269,#17270,#17271));
#17268 = ORIENTED_EDGE('',*,*,#17245,.F.);
#17269 = ORIENTED_EDGE('',*,*,#17034,.T.);
#17270 = ORIENTED_EDGE('',*,*,#17134,.T.);
#17271 = ORIENTED_EDGE('',*,*,#17272,.F.);
#17272 = EDGE_CURVE('',#17238,#17127,#17273,.T.);
#17273 = LINE('',#17274,#17275);
#17274 = CARTESIAN_POINT('',(365.5,198.,179.));
#17275 = VECTOR('',#17276,1.);
#17276 = DIRECTION('',(0.,0.,1.));
#17277 = PLANE('',#17278);
#17278 = AXIS2_PLACEMENT_3D('',#17279,#17280,#17281);
#17279 = CARTESIAN_POINT('',(354.5,198.,179.));
#17280 = DIRECTION('',(-0.,1.,0.));
#17281 = DIRECTION('',(0.,0.,1.));
#17282 = ADVANCED_FACE('',(#17283),#17286,.T.);
#17283 = FACE_BOUND('',#17284,.T.);
#17284 = EDGE_LOOP('',(#17285));
#17285 = ORIENTED_EDGE('',*,*,#17017,.T.);
#17286 = PLANE('',#17287);
#17287 = AXIS2_PLACEMENT_3D('',#17288,#17289,#17290);
#17288 = CARTESIAN_POINT('',(360.,197.,189.));
#17289 = DIRECTION('',(0.,0.,1.));
#17290 = DIRECTION('',(1.,0.,-0.));
#17291 = ADVANCED_FACE('',(#17292),#17303,.T.);
#17292 = FACE_BOUND('',#17293,.T.);
#17293 = EDGE_LOOP('',(#17294,#17300,#17301,#17302));
#17294 = ORIENTED_EDGE('',*,*,#17295,.F.);
#17295 = EDGE_CURVE('',#17230,#17119,#17296,.T.);
#17296 = LINE('',#17297,#17298);
#17297 = CARTESIAN_POINT('',(365.5,193.,179.));
#17298 = VECTOR('',#17299,1.);
#17299 = DIRECTION('',(0.,0.,1.));
#17300 = ORIENTED_EDGE('',*,*,#17237,.T.);
#17301 = ORIENTED_EDGE('',*,*,#17272,.T.);
#17302 = ORIENTED_EDGE('',*,*,#17126,.F.);
#17303 = PLANE('',#17304);
#17304 = AXIS2_PLACEMENT_3D('',#17305,#17306,#17307);
#17305 = CARTESIAN_POINT('',(365.5,193.,179.));
#17306 = DIRECTION('',(1.,0.,-0.));
#17307 = DIRECTION('',(0.,0.,1.));
#17308 = ADVANCED_FACE('',(#17309),#17320,.F.);
#17309 = FACE_BOUND('',#17310,.F.);
#17310 = EDGE_LOOP('',(#17311,#17317,#17318,#17319));
#17311 = ORIENTED_EDGE('',*,*,#17312,.F.);
#17312 = EDGE_CURVE('',#17206,#17158,#17313,.T.);
#17313 = LINE('',#17314,#17315);
#17314 = CARTESIAN_POINT('',(354.5,193.,179.));
#17315 = VECTOR('',#17316,1.);
#17316 = DIRECTION('',(0.,0.,1.));
#17317 = ORIENTED_EDGE('',*,*,#17205,.T.);
#17318 = ORIENTED_EDGE('',*,*,#17188,.T.);
#17319 = ORIENTED_EDGE('',*,*,#17157,.F.);
#17320 = PLANE('',#17321);
#17321 = AXIS2_PLACEMENT_3D('',#17322,#17323,#17324);
#17322 = CARTESIAN_POINT('',(354.5,193.,179.));
#17323 = DIRECTION('',(1.,0.,-0.));
#17324 = DIRECTION('',(0.,0.,1.));
#17325 = ADVANCED_FACE('',(#17326),#17334,.F.);
#17326 = FACE_BOUND('',#17327,.T.);
#17327 = EDGE_LOOP('',(#17328,#17329,#17330,#17331,#17332,#17333));
#17328 = ORIENTED_EDGE('',*,*,#17229,.T.);
#17329 = ORIENTED_EDGE('',*,*,#17295,.T.);
#17330 = ORIENTED_EDGE('',*,*,#17118,.F.);
#17331 = ORIENTED_EDGE('',*,*,#17165,.F.);
#17332 = ORIENTED_EDGE('',*,*,#17312,.F.);
#17333 = ORIENTED_EDGE('',*,*,#17213,.T.);
#17334 = PLANE('',#17335);
#17335 = AXIS2_PLACEMENT_3D('',#17336,#17337,#17338);
#17336 = CARTESIAN_POINT('',(354.5,193.,179.));
#17337 = DIRECTION('',(-0.,1.,0.));
#17338 = DIRECTION('',(0.,0.,1.));
#17339 = ( GEOMETRIC_REPRESENTATION_CONTEXT(3) 
GLOBAL_UNCERTAINTY_ASSIGNED_CONTEXT((#17343)) 
GLOBAL_UNIT_ASSIGNED_CONTEXT((#17340,#17341,#17342)) 
REPRESENTATION_CONTEXT('Context #1',
  '3D Context with UNIT and UNCERTAINTY') );
#17340 = ( LENGTH_UNIT() NAMED_UNIT(*) SI_UNIT(.MILLI.,.METRE.) );
#17341 = ( NAMED_UNIT(*) PLANE_ANGLE_UNIT() SI_UNIT($,.RADIAN.) );
#17342 = ( NAMED_UNIT(*) SI_UNIT($,.STERADIAN.) SOLID_ANGLE_UNIT() );
#17343 = UNCERTAINTY_MEASURE_WITH_UNIT(LENGTH_MEASURE(1.E-07),#17340,
  'distance_accuracy_value','confusion accuracy');
#17344 = CONTEXT_DEPENDENT_SHAPE_REPRESENTATION(#17345,#17347);
#17345 = ( REPRESENTATION_RELATIONSHIP('','',#17000,#10) 
REPRESENTATION_RELATIONSHIP_WITH_TRANSFORMATION(#17346) 
SHAPE_REPRESENTATION_RELATIONSHIP() );
#17346 = ITEM_DEFINED_TRANSFORMATION('','',#11,#267);
#17347 = PRODUCT_DEFINITION_SHAPE('Placement','Placement of an item',
  #17348);
#17348 = NEXT_ASSEMBLY_USAGE_OCCURRENCE('64',
  '停臂架与限位片示意','',#5,#16995,$);
#17349 = PRODUCT_RELATED_PRODUCT_CATEGORY('part',$,(#16997));
ENDSEC;
END-ISO-10303-21;
